"","seq","rep","time","method","crps","logs","pit"
"1",1,1,1,"BMA",1.65961823399914,2.93875663858046,0.534
"2",1,1,2,"BMA",1.47181809898812,2.66972975799568,0.3815
"3",1,1,3,"BMA",4.28695558617779,3.74542402390425,0.052
"4",1,1,4,"BMA",1.07770553636307,2.46649653609713,0.4375
"5",1,1,5,"BMA",1.92819188320791,2.6946545881374,0.79
"6",1,1,6,"BMA",1.0492793014258,2.40645201947918,0.604
"7",1,1,7,"BMA",1.2151703191595,2.45865447206059,0.6685
"8",1,1,8,"BMA",2.80994699295117,3.03621890265119,0.886
"9",1,1,9,"BMA",2.74166483677483,2.9855673034584,0.883
"10",1,1,10,"BMA",0.993266758911743,2.28797947658628,0.6145
"11",1,1,11,"BMA",2.5166325892423,2.83609024700426,0.8775
"12",1,1,12,"BMA",3.15910327287223,3.03351794509029,0.912
"13",1,1,13,"BMA",0.845911295046482,2.22128958720918,0.455
"14",1,1,14,"BMA",10.6963658768205,11.1261132853761,1
"15",1,1,15,"BMA",11.2374935042318,6.28464947380396,0.996
"16",1,1,16,"BMA",1.94042017766307,3.00969523883853,0.4865
"17",1,1,17,"BMA",2.86940958486309,3.0023553882911,0.8115
"18",1,1,18,"BMA",1.31883841625411,2.64169355969337,0.558
"19",1,1,19,"BMA",1.40552927111834,2.65181179292887,0.6385
"20",1,1,20,"BMA",1.41829480683293,2.63795520989669,0.3785
"21",1,1,21,"BMA",5.98319282017193,4.00707605451521,0.9615
"22",1,1,22,"BMA",8.5467227926327,4.68937107647507,0.021
"23",1,1,23,"BMA",2.94862600244923,3.00663927134362,0.1745
"24",1,1,24,"BMA",3.03133506828035,3.20320456321974,0.1815
"25",1,1,25,"BMA",2.8634936556112,2.98206086603348,0.195
"26",1,1,26,"BMA",8.97074431656838,4.97749562050779,0.018
"27",1,1,27,"BMA",9.6371120516909,4.85982347442258,0.02
"28",1,1,28,"BMA",1.51296353464512,2.83562888768786,0.561
"29",1,1,29,"BMA",1.9027738206117,2.74954912289966,0.339
"30",1,1,30,"BMA",1.45203151089183,2.6736526953381,0.4185
"31",1,1,31,"BMA",4.56282165421274,3.41081118703469,0.092
"32",1,1,32,"BMA",2.27170717103595,2.92254794977745,0.2475
"33",1,1,33,"BMA",1.87431922980276,2.82574781222523,0.2875
"34",1,1,34,"BMA",1.84831360003217,2.88016057699102,0.303
"35",1,1,35,"BMA",1.33996565489008,2.79786549291969,0.464
"36",1,1,36,"BMA",2.28950706560915,2.8704913017311,0.2335
"37",1,1,37,"BMA",2.72760435752167,3.08014524927612,0.221
"38",1,1,38,"BMA",1.32078286950913,2.67937661704475,0.581
"39",1,1,1,"AVS",1.65961823399914,2.89338673582386,0.5415
"40",1,1,2,"AVS",1.21993319248168,2.46767935397382,0.411
"41",1,1,3,"AVS",4.07711490326422,3.3739923924602,0.064
"42",1,1,4,"AVS",0.992719848171666,2.3503617706964,0.4955
"43",1,1,5,"AVS",2.21830458522751,2.79298029720987,0.8265
"44",1,1,6,"AVS",0.97347691352691,2.38588359658683,0.558
"45",1,1,7,"AVS",1.05834559962379,2.37048311259271,0.6425
"46",1,1,8,"AVS",2.5732701777035,2.74065840219672,0.8635
"47",1,1,9,"AVS",2.63125519111627,2.90140186705689,0.8595
"48",1,1,10,"AVS",0.929873966321665,2.2310247631186,0.5935
"49",1,1,11,"AVS",2.48571336155717,2.93330651461121,0.883
"50",1,1,12,"AVS",3.29808543479267,3.10901725011945,0.9195
"51",1,1,13,"AVS",0.826861784501974,2.22249679519452,0.508
"52",1,1,14,"AVS",10.9522723552141,8.23987647554591,1
"53",1,1,15,"AVS",10.9668944467036,6.84502722138805,0.998
"54",1,1,16,"AVS",2.28544605340096,2.99766209008534,0.365
"55",1,1,17,"AVS",2.88456276746056,2.98727793720728,0.8215
"56",1,1,18,"AVS",1.30098994711039,2.61739810244202,0.552
"57",1,1,19,"AVS",1.45922418212062,2.62035564744792,0.6545
"58",1,1,20,"AVS",1.35941239755762,2.62969253522056,0.404
"59",1,1,21,"AVS",6.26884704291138,4.09622641617339,0.9765
"60",1,1,22,"AVS",8.0775914024462,4.94671606399027,0.0145
"61",1,1,23,"AVS",2.89680898200755,2.95884720659445,0.1875
"62",1,1,24,"AVS",2.98817397808185,3.1000873067575,0.185
"63",1,1,25,"AVS",2.82485079982103,2.95652220459349,0.195
"64",1,1,26,"AVS",9.00372874720794,5.03912599651285,0.0145
"65",1,1,27,"AVS",9.645299471772,4.81033800038206,0.0265
"66",1,1,28,"AVS",1.51763681227061,2.85888808061616,0.555
"67",1,1,29,"AVS",2.01208980293559,2.84283758667305,0.32
"68",1,1,30,"AVS",1.56226496980802,2.75213071167217,0.3905
"69",1,1,31,"AVS",5.00287629478378,3.55399620447458,0.0925
"70",1,1,32,"AVS",2.16270255624096,2.84803784279593,0.2975
"71",1,1,33,"AVS",1.70264379062684,2.85294631472344,0.3425
"72",1,1,34,"AVS",1.65684776312539,2.80193731336615,0.3785
"73",1,1,35,"AVS",1.37560603254994,2.72859658493055,0.5165
"74",1,1,36,"AVS",1.99860455666538,2.76427029611779,0.2765
"75",1,1,37,"AVS",2.47192809602286,2.97548370011635,0.2225
"76",1,1,38,"AVS",1.30573620825894,2.68405890993184,0.5525
"77",1,1,1,"EQW",1.65961823399914,2.90974181300639,0.531
"78",1,1,2,"EQW",1.60578431014765,2.5883147206691,0.345
"79",1,1,3,"EQW",4.94267183478538,3.68292571559867,0.051
"80",1,1,4,"EQW",1.66306187754761,2.62602934703631,0.3355
"81",1,1,5,"EQW",1.56572447921701,2.62689623704521,0.674
"82",1,1,6,"EQW",1.15880808637992,2.50691412835888,0.5965
"83",1,1,7,"EQW",1.42677525878136,2.49619763595683,0.679
"84",1,1,8,"EQW",3.25263113643948,3.2242024655281,0.8915
"85",1,1,9,"EQW",3.6053775855073,3.22867008870702,0.8815
"86",1,1,10,"EQW",1.87773110834844,2.66265461165662,0.7155
"87",1,1,11,"EQW",3.23746603369164,3.09055889275245,0.854
"88",1,1,12,"EQW",3.91005228023494,3.26987244093024,0.8895
"89",1,1,13,"EQW",1.50629617446329,2.71481196960355,0.5985
"90",1,1,14,"EQW",10.6984744809249,5.81916695432203,0.99
"91",1,1,15,"EQW",13.2903058077922,6.09928384457636,0.9935
"92",1,1,16,"EQW",3.61797857101252,3.5537713889455,0.5785
"93",1,1,17,"EQW",4.09911311421387,3.22570028993257,0.8145
"94",1,1,18,"EQW",2.37824369991143,2.97869713876003,0.5995
"95",1,1,19,"EQW",2.24070486009579,2.93902885194709,0.6425
"96",1,1,20,"EQW",1.86379954551142,2.97104438612965,0.478
"97",1,1,21,"EQW",5.48414509233032,3.80802455249835,0.8885
"98",1,1,22,"EQW",5.67583876315999,3.89001129787631,0.158
"99",1,1,23,"EQW",4.24101184409334,3.36134028681128,0.1625
"100",1,1,24,"EQW",4.71184488715151,3.37770820598271,0.1555
"101",1,1,25,"EQW",4.63326957330573,3.40578537223931,0.1545
"102",1,1,26,"EQW",9.66606437890792,4.57580930633699,0.0345
"103",1,1,27,"EQW",11.324085346539,5.07892781687707,0.012
"104",1,1,28,"EQW",2.43353699739098,3.13331978936016,0.5045
"105",1,1,29,"EQW",2.457466720723,2.88807697735373,0.3175
"106",1,1,30,"EQW",1.84334271162262,2.84822889466237,0.3875
"107",1,1,31,"EQW",4.28024946877249,3.29248773483024,0.111
"108",1,1,32,"EQW",2.55246858494741,3.01233422406981,0.3045
"109",1,1,33,"EQW",2.19000500942351,2.94237041771189,0.2995
"110",1,1,34,"EQW",2.17460178574479,2.94824390218236,0.2825
"111",1,1,35,"EQW",1.55210936994576,2.74097865574926,0.4065
"112",1,1,36,"EQW",2.43952523693827,2.9171710852327,0.2255
"113",1,1,37,"EQW",3.53027468190983,3.19125498694432,0.179
"114",1,1,38,"EQW",1.73603451276484,2.94918219234759,0.39
"115",1,1,1,"SGP",1.65961823399914,2.9363823874118,0.534
"116",1,1,2,"SGP",1.2513451376164,2.54261433812218,0.3985
"117",1,1,3,"SGP",4.23205374916906,3.6025231552689,0.0495
"118",1,1,4,"SGP",0.999823669850033,2.33630554804953,0.4855
"119",1,1,5,"SGP",2.16178034182485,2.82565416675859,0.8295
"120",1,1,6,"SGP",0.949244132199119,2.31305535310923,0.579
"121",1,1,7,"SGP",1.06591410197732,2.27623139757642,0.6195
"122",1,1,8,"SGP",2.60164254652174,2.73319209758974,0.8745
"123",1,1,9,"SGP",2.54547361311027,2.83483874523352,0.8765
"124",1,1,10,"SGP",0.965769052162327,2.19037766831195,0.617
"125",1,1,11,"SGP",2.52436682937792,2.94683698157306,0.8795
"126",1,1,12,"SGP",3.23096074976769,3.0766128431112,0.92
"127",1,1,13,"SGP",0.848271623509765,2.20470547540793,0.4835
"128",1,1,14,"SGP",10.809171011118,7.62069167241343,1
"129",1,1,15,"SGP",10.8456632400756,6.70539535856715,0.9975
"130",1,1,16,"SGP",2.60772623420268,3.12118822158941,0.33
"131",1,1,17,"SGP",2.77481141335497,2.96592841529096,0.804
"132",1,1,18,"SGP",1.27509698554578,2.71330458409039,0.505
"133",1,1,19,"SGP",1.27395645231805,2.57824049384352,0.6085
"134",1,1,20,"SGP",1.6873544247948,2.69700449435252,0.3015
"135",1,1,21,"SGP",4.90890150604896,3.75484598836641,0.944
"136",1,1,22,"SGP",10.8442111027233,6.31984278636715,0.004
"137",1,1,23,"SGP",4.07464458291953,3.26468889879748,0.1195
"138",1,1,24,"SGP",3.78677923450617,3.25862223859411,0.1325
"139",1,1,25,"SGP",3.27418406010872,3.14702300169255,0.162
"140",1,1,26,"SGP",9.04393635077549,4.92001653192645,0.0155
"141",1,1,27,"SGP",9.67936335985143,4.86504209825648,0.0185
"142",1,1,28,"SGP",1.91283216492486,2.95126135277348,0.635
"143",1,1,29,"SGP",2.02554585802597,2.77683790255681,0.311
"144",1,1,30,"SGP",1.55075500361567,2.69254887884231,0.3735
"145",1,1,31,"SGP",4.75315827525489,3.57933581870855,0.0975
"146",1,1,32,"SGP",1.5770292509645,2.78573899144193,0.4415
"147",1,1,33,"SGP",1.45878967356472,2.78711849352972,0.557
"148",1,1,34,"SGP",1.36850941211323,2.66770895261693,0.5795
"149",1,1,35,"SGP",1.84318891598818,2.79915040908774,0.691
"150",1,1,36,"SGP",1.37850399919776,2.60606111699553,0.4195
"151",1,1,37,"SGP",1.58805314097753,2.8094554598903,0.3375
"152",1,1,38,"SGP",2.05689057587578,2.97711073105853,0.789
"153",1,1,1,"SGP50",1.65961823399914,2.96059068630544,0.5575
"154",1,1,2,"SGP50",1.59219315612004,2.65542461279559,0.3675
"155",1,1,3,"SGP50",4.88355285282159,3.63467610405003,0.0615
"156",1,1,4,"SGP50",1.5888167620874,2.56718987118257,0.3255
"157",1,1,5,"SGP50",1.59496572578199,2.67444284392614,0.682
"158",1,1,6,"SGP50",1.14647680855304,2.44127983667625,0.597
"159",1,1,7,"SGP50",1.40811191941642,2.4815354080427,0.6805
"160",1,1,8,"SGP50",3.2135591202829,3.1457422023546,0.891
"161",1,1,9,"SGP50",3.47620583343644,3.18884627254002,0.889
"162",1,1,10,"SGP50",1.73111618283528,2.63407850346327,0.6855
"163",1,1,11,"SGP50",3.11145550558007,3.03254557064543,0.8545
"164",1,1,12,"SGP50",3.68882406413337,3.15745171223195,0.8925
"165",1,1,13,"SGP50",1.32982563344457,2.52540882908527,0.562
"166",1,1,14,"SGP50",10.6062239000202,5.90335198463816,0.9875
"167",1,1,15,"SGP50",12.4851169364237,6.12278469882838,0.996
"168",1,1,16,"SGP50",2.96506065361231,3.426950444988,0.5355
"169",1,1,17,"SGP50",3.37413508148347,3.0536412690426,0.785
"170",1,1,18,"SGP50",1.85463315534403,2.88504257840503,0.5615
"171",1,1,19,"SGP50",1.78490158276685,2.78680844986041,0.6165
"172",1,1,20,"SGP50",1.68900907497266,2.89584201969115,0.414
"173",1,1,21,"SGP50",5.41760017479453,3.808538021032,0.9125
"174",1,1,22,"SGP50",6.88326700342467,4.20003888406961,0.1
"175",1,1,23,"SGP50",3.89728440255462,3.25878154281674,0.1495
"176",1,1,24,"SGP50",4.14004254553904,3.42332841161818,0.1525
"177",1,1,25,"SGP50",3.97843312750915,3.30223439863173,0.1595
"178",1,1,26,"SGP50",9.20143949269753,4.71374648198432,0.0205
"179",1,1,27,"SGP50",10.3325866922617,5.02159182301201,0.014
"180",1,1,28,"SGP50",2.26177927534766,3.14347089141205,0.622
"181",1,1,29,"SGP50",2.07501332256444,2.89925321521804,0.3135
"182",1,1,30,"SGP50",1.54953117719897,2.74251829353997,0.4075
"183",1,1,31,"SGP50",3.83362619197403,3.16183467674498,0.134
"184",1,1,32,"SGP50",1.88563646806224,2.94048227678278,0.3415
"185",1,1,33,"SGP50",1.66183051963298,2.8153260435533,0.392
"186",1,1,34,"SGP50",1.66000768453329,2.82543907575077,0.387
"187",1,1,35,"SGP50",1.40713193225731,2.77028457608147,0.49
"188",1,1,36,"SGP50",2.07125577577684,2.92049217964871,0.2575
"189",1,1,37,"SGP50",2.84592510531478,3.12207249895561,0.213
"190",1,1,38,"SGP50",1.50779630346915,2.89229792894559,0.498
"191",1,2,1,"BMA",2.19081520616128,3.14335518954256,0.6895
"192",1,2,2,"BMA",2.3083958653632,2.81092775481607,0.2475
"193",1,2,3,"BMA",1.56401732840944,2.67349367372044,0.7035
"194",1,2,4,"BMA",1.45788555026026,2.51174143096639,0.2865
"195",1,2,5,"BMA",1.26247223939723,2.47387712621117,0.6425
"196",1,2,6,"BMA",0.983027685423648,2.40528565788984,0.6125
"197",1,2,7,"BMA",4.9146036954951,4.1797303487849,0.979
"198",1,2,8,"BMA",1.79815621461518,2.71535964330778,0.2425
"199",1,2,9,"BMA",1.54582059103334,2.65016025010269,0.31
"200",1,2,10,"BMA",1.76572120169585,2.61302204749501,0.7595
"201",1,2,11,"BMA",2.86986067362299,2.92784036400136,0.13
"202",1,2,12,"BMA",1.68447428757429,2.62313839702207,0.7395
"203",1,2,13,"BMA",1.57924729218978,2.58140238891305,0.7435
"204",1,2,14,"BMA",6.49272644243423,4.74976420621253,0.9925
"205",1,2,15,"BMA",2.8223634976832,2.84994249391761,0.846
"206",1,2,16,"BMA",3.07274250629387,3.07496318601706,0.876
"207",1,2,17,"BMA",1.07481353583989,2.34949384467283,0.631
"208",1,2,18,"BMA",1.03412225695483,2.32937597902997,0.3795
"209",1,2,19,"BMA",4.77622047367459,3.97621056716402,0.961
"210",1,2,20,"BMA",3.08629165191827,3.0500275489601,0.8865
"211",1,2,21,"BMA",1.6801833770755,2.5950054942932,0.737
"212",1,2,22,"BMA",9.39921491601906,5.70759730904455,0.994
"213",1,2,23,"BMA",1.19607947175708,2.47561973179323,0.417
"214",1,2,24,"BMA",4.80635666912689,3.6537278389277,0.0605
"215",1,2,25,"BMA",1.72134175674981,2.60602144905131,0.705
"216",1,2,26,"BMA",3.95722053933776,3.43251289020624,0.084
"217",1,2,27,"BMA",1.8549743337015,2.69723383164935,0.2435
"218",1,2,28,"BMA",2.39847668090438,2.86992213168543,0.187
"219",1,2,29,"BMA",2.45109794875965,2.80728636284375,0.1875
"220",1,2,30,"BMA",10.3747193412813,6.44977780064741,0.0015
"221",1,2,31,"BMA",1.21041721654905,2.60528578284787,0.5735
"222",1,2,32,"BMA",5.52701498994566,3.81255338317969,0.0495
"223",1,2,33,"BMA",1.22338282000807,2.61508474628289,0.495
"224",1,2,34,"BMA",1.28321609979342,2.58310252873717,0.4065
"225",1,2,35,"BMA",6.30072254169172,4.02258053345317,0.027
"226",1,2,36,"BMA",6.19047664778195,3.88371497998623,0.0325
"227",1,2,37,"BMA",2.35633794757464,2.90483579504701,0.249
"228",1,2,38,"BMA",1.64254456576214,2.7324447070863,0.659
"229",1,2,1,"AVS",2.19081520616128,3.12282395684132,0.69
"230",1,2,2,"AVS",2.04727571120721,2.714171855137,0.263
"231",1,2,3,"AVS",1.66839190682922,2.64589158789378,0.7185
"232",1,2,4,"AVS",1.39163109117201,2.53192065180709,0.323
"233",1,2,5,"AVS",1.24264342717614,2.51238408666478,0.6675
"234",1,2,6,"AVS",1.01620413532772,2.39123483522049,0.6
"235",1,2,7,"AVS",5.02096828441644,3.89808524183981,0.967
"236",1,2,8,"AVS",1.65929224888399,2.69008220567254,0.296
"237",1,2,9,"AVS",1.61349456164463,2.70882173424949,0.313
"238",1,2,10,"AVS",1.76245134429131,2.660882799365,0.734
"239",1,2,11,"AVS",2.29093281749614,2.83562131238176,0.1845
"240",1,2,12,"AVS",1.61047718801758,2.60894021785699,0.6625
"241",1,2,13,"AVS",2.10184903957281,2.81142510968844,0.7875
"242",1,2,14,"AVS",7.83857869430066,5.06827281185486,0.994
"243",1,2,15,"AVS",3.03855254048093,2.97717044552208,0.8645
"244",1,2,16,"AVS",3.05409110742416,2.98407851650233,0.894
"245",1,2,17,"AVS",1.07633043924969,2.34145644885299,0.608
"246",1,2,18,"AVS",1.03235463292272,2.37565869591857,0.423
"247",1,2,19,"AVS",4.79246188138896,3.80791548284003,0.9575
"248",1,2,20,"AVS",3.08966684711526,3.08753233516549,0.8885
"249",1,2,21,"AVS",1.62579213005666,2.6045697788837,0.7545
"250",1,2,22,"AVS",9.1120721575708,6.31837248594445,0.9985
"251",1,2,23,"AVS",1.87904336397777,2.75209224734871,0.2635
"252",1,2,24,"AVS",5.16236666837295,3.85031495036542,0.0495
"253",1,2,25,"AVS",1.72800750647914,2.61164562849547,0.738
"254",1,2,26,"AVS",3.97027107209971,3.44555572591725,0.077
"255",1,2,27,"AVS",1.84056596662771,2.63336640544092,0.242
"256",1,2,28,"AVS",2.37938815709427,2.86779793327997,0.203
"257",1,2,29,"AVS",2.43431516577427,2.84532061919916,0.196
"258",1,2,30,"AVS",10.3595594732742,6.94218452906264,0.0015
"259",1,2,31,"AVS",1.20933067265785,2.59118403394821,0.562
"260",1,2,32,"AVS",5.52894878974041,3.83707108041255,0.0575
"261",1,2,33,"AVS",1.21787276634419,2.63902763550892,0.4725
"262",1,2,34,"AVS",1.28537496037225,2.56569789489532,0.428
"263",1,2,35,"AVS",6.32362941563023,3.96417661823493,0.0305
"264",1,2,36,"AVS",6.2376982148646,4.02717001256494,0.0455
"265",1,2,37,"AVS",2.44276452195707,2.8465817257008,0.2375
"266",1,2,38,"AVS",1.57131479578763,2.70736154134803,0.67
"267",1,2,1,"EQW",2.19081520616128,3.10108638395249,0.6715
"268",1,2,2,"EQW",2.39196434154602,2.82207007514824,0.2585
"269",1,2,3,"EQW",1.50513453674687,2.75194705763521,0.5885
"270",1,2,4,"EQW",1.81053794567592,2.62578659364773,0.286
"271",1,2,5,"EQW",1.2955365006642,2.5051970011618,0.61
"272",1,2,6,"EQW",1.18462698073078,2.51478183111891,0.6155
"273",1,2,7,"EQW",5.08053686070123,3.8946092317246,0.9515
"274",1,2,8,"EQW",1.35346076282298,2.65279003695997,0.3875
"275",1,2,9,"EQW",1.64672963991315,2.8681048521301,0.3625
"276",1,2,10,"EQW",2.15715885171032,2.77020605261428,0.7925
"277",1,2,11,"EQW",2.16196385088629,2.9969022178985,0.233
"278",1,2,12,"EQW",1.69230373267121,2.63749266124367,0.705
"279",1,2,13,"EQW",2.35301258270398,2.81262591649734,0.8115
"280",1,2,14,"EQW",7.59627525294317,4.90690806687892,0.991
"281",1,2,15,"EQW",6.03242323712847,3.68209211526151,0.937
"282",1,2,16,"EQW",6.14606048649687,3.53837152476577,0.926
"283",1,2,17,"EQW",3.60597214474117,3.03687247841305,0.744
"284",1,2,18,"EQW",2.19549524547354,2.86846750736023,0.5785
"285",1,2,19,"EQW",6.0729582986042,3.79123076073832,0.9395
"286",1,2,20,"EQW",5.06351959673131,3.35854784914477,0.89
"287",1,2,21,"EQW",3.79044096014802,3.02466776297725,0.8115
"288",1,2,22,"EQW",11.313235777594,5.25216152939808,0.9875
"289",1,2,23,"EQW",3.5659245092684,3.26522787096413,0.6155
"290",1,2,24,"EQW",3.05413757573396,3.61288854846321,0.3585
"291",1,2,25,"EQW",2.18334115947678,2.88627849623308,0.682
"292",1,2,26,"EQW",3.30554655877522,3.46751092399807,0.21
"293",1,2,27,"EQW",2.61693912810509,2.97515021581368,0.2675
"294",1,2,28,"EQW",3.29867778789125,3.16005507712329,0.204
"295",1,2,29,"EQW",3.66198848662586,3.30897537016724,0.172
"296",1,2,30,"EQW",11.0807094613088,5.34703872428756,0.017
"297",1,2,31,"EQW",2.00602597875212,2.93392471420606,0.435
"298",1,2,32,"EQW",5.48695695900309,3.56768439323297,0.1055
"299",1,2,33,"EQW",1.76693822366975,2.88928816869501,0.5085
"300",1,2,34,"EQW",1.64528184783751,2.85383179011224,0.5285
"301",1,2,35,"EQW",5.05618945543667,3.47900565811788,0.0785
"302",1,2,36,"EQW",7.37475308526887,4.27993748839117,0.0345
"303",1,2,37,"EQW",4.54049540391248,3.46593804341942,0.2065
"304",1,2,38,"EQW",2.51845305013981,3.3055137906499,0.429
"305",1,2,1,"SGP",2.19081520616128,3.0872685250396,0.673
"306",1,2,2,"SGP",1.85106801582616,2.67217631759936,0.265
"307",1,2,3,"SGP",1.66672826715057,2.62520593755962,0.7415
"308",1,2,4,"SGP",1.39260431517873,2.42439230846888,0.305
"309",1,2,5,"SGP",1.27465807247766,2.34566368439954,0.694
"310",1,2,6,"SGP",0.953628361387372,2.31516141984353,0.614
"311",1,2,7,"SGP",4.89079820223084,4.26073750573961,0.977
"312",1,2,8,"SGP",1.58192198415367,2.51359997385025,0.233
"313",1,2,9,"SGP",3.28626852603499,3.43775914034212,0.123
"314",1,2,10,"SGP",1.83016388280067,2.62976590775961,0.7845
"315",1,2,11,"SGP",3.30267889749107,3.26232770588862,0.07
"316",1,2,12,"SGP",1.06087676031107,2.33628135338081,0.6205
"317",1,2,13,"SGP",1.90137506671271,2.59497154642053,0.8225
"318",1,2,14,"SGP",6.08705873748602,5.12811495443665,0.995
"319",1,2,15,"SGP",3.92130316697266,3.41642967100245,0.9415
"320",1,2,16,"SGP",2.41729896014969,2.80722543321721,0.843
"321",1,2,17,"SGP",0.942455286836198,2.30544608643824,0.455
"322",1,2,18,"SGP",1.44561672234308,2.44559030382175,0.269
"323",1,2,19,"SGP",3.7653107066866,3.23711784739582,0.919
"324",1,2,20,"SGP",2.06943135186985,2.60262683439148,0.8105
"325",1,2,21,"SGP",1.04106450925866,2.34009917890252,0.605
"326",1,2,22,"SGP",7.97844288349081,5.86130009156181,0.9955
"327",1,2,23,"SGP",2.52293201108011,2.95322117334451,0.183
"328",1,2,24,"SGP",6.77422477609757,4.55497467245442,0.02
"329",1,2,25,"SGP",1.15391901158207,2.40808361544619,0.6295
"330",1,2,26,"SGP",5.46186689835731,3.95702580827926,0.033
"331",1,2,27,"SGP",2.74100218878396,2.84554773338419,0.1725
"332",1,2,28,"SGP",3.38313938707951,3.27580751511223,0.1105
"333",1,2,29,"SGP",3.5025763261752,3.33126039518455,0.1085
"334",1,2,30,"SGP",11.6536717445441,7.1231237459203,5e-04
"335",1,2,31,"SGP",1.26128238951982,2.56031531351859,0.59
"336",1,2,32,"SGP",5.32433804298841,3.84369869147449,0.047
"337",1,2,33,"SGP",2.27681727694209,2.88644548903487,0.7775
"338",1,2,34,"SGP",2.26706399503748,2.85799315563653,0.777
"339",1,2,35,"SGP",4.11853804197624,3.43890318905759,0.086
"340",1,2,36,"SGP",4.10435779029398,3.38077417532858,0.0975
"341",1,2,37,"SGP",1.32959492858838,2.63457781360826,0.6125
"342",1,2,38,"SGP",4.43353978606272,3.54954275681198,0.9125
"343",1,2,1,"SGP50",2.19081520616128,3.04066761659962,0.684
"344",1,2,2,"SGP50",2.35839198310098,2.872489078593,0.2465
"345",1,2,3,"SGP50",1.50139318011141,2.75233754946891,0.6095
"346",1,2,4,"SGP50",1.75068028904911,2.64073400198831,0.2985
"347",1,2,5,"SGP50",1.2884555494846,2.53544884240868,0.6205
"348",1,2,6,"SGP50",1.15098676915629,2.40370014193381,0.6075
"349",1,2,7,"SGP50",5.01378059415486,3.88282392597494,0.9455
"350",1,2,8,"SGP50",1.36158799885951,2.5832507340793,0.401
"351",1,2,9,"SGP50",1.7033026436931,2.8045068451226,0.3415
"352",1,2,10,"SGP50",2.06568351625592,2.77937108000429,0.7885
"353",1,2,11,"SGP50",2.31437879550353,2.97661219824129,0.2035
"354",1,2,12,"SGP50",1.59559941781918,2.58523989214562,0.7015
"355",1,2,13,"SGP50",2.18728896018784,2.68270947080569,0.7975
"356",1,2,14,"SGP50",7.26536122850669,4.98301648817049,0.9945
"357",1,2,15,"SGP50",5.40268909278049,3.53528994401541,0.936
"358",1,2,16,"SGP50",5.23670563034618,3.31452805847506,0.9115
"359",1,2,17,"SGP50",2.68662145739755,2.89943005597331,0.7085
"360",1,2,18,"SGP50",1.69238483479009,2.77107588058084,0.524
"361",1,2,19,"SGP50",5.39277973914468,3.62094246311958,0.941
"362",1,2,20,"SGP50",4.01659538333197,3.16557251249059,0.8785
"363",1,2,21,"SGP50",2.62683003449146,2.84237406407079,0.753
"364",1,2,22,"SGP50",10.0559792839219,5.73501004248443,0.995
"365",1,2,23,"SGP50",2.16841005639369,3.00465810927282,0.491
"366",1,2,24,"SGP50",3.91259392520917,3.63312363982165,0.206
"367",1,2,25,"SGP50",1.76745355812246,2.72895473059904,0.692
"368",1,2,26,"SGP50",3.85990066675521,3.58969192874323,0.1505
"369",1,2,27,"SGP50",2.40301917038928,2.89275857650297,0.2445
"370",1,2,28,"SGP50",3.03297762530639,3.11207753901091,0.169
"371",1,2,29,"SGP50",3.24024610070121,3.16701515082564,0.162
"372",1,2,30,"SGP50",10.9415812702873,5.67594180402086,0.0035
"373",1,2,31,"SGP50",1.44761375168709,2.72494811034576,0.5045
"374",1,2,32,"SGP50",5.30215065024557,3.71231160243363,0.0765
"375",1,2,33,"SGP50",1.56577462380384,2.80461227107782,0.566
"376",1,2,34,"SGP50",1.53963359888495,2.74764153346392,0.591
"377",1,2,35,"SGP50",4.88950830754762,3.70093053988182,0.066
"378",1,2,36,"SGP50",5.98077679830826,3.7902674648534,0.0575
"379",1,2,37,"SGP50",2.49967381582586,3.06410253165099,0.326
"380",1,2,38,"SGP50",2.16314246909024,3.16613594182796,0.6145
"381",1,3,1,"BMA",2.14955215117735,3.10678015899514,0.5975
"382",1,3,2,"BMA",3.19980401511573,3.3185850048681,0.7595
"383",1,3,3,"BMA",1.79732138219617,2.80640753497112,0.6395
"384",1,3,4,"BMA",10.1380812661142,5.28596167709377,0.9735
"385",1,3,5,"BMA",3.04212444949033,3.41612915529036,0.612
"386",1,3,6,"BMA",2.80458241848364,3.45618950611342,0.546
"387",1,3,7,"BMA",3.52576104902756,3.48313864096656,0.3305
"388",1,3,8,"BMA",3.72823541145709,3.46520268188396,0.295
"389",1,3,9,"BMA",5.09605049220426,3.59984931348307,0.8185
"390",1,3,10,"BMA",7.89283936001015,4.04862968444777,0.926
"391",1,3,11,"BMA",2.6759280992426,3.1994038463305,0.3655
"392",1,3,12,"BMA",1.90593024734872,3.01072149100139,0.5125
"393",1,3,13,"BMA",2.04225555033375,3.05072456694289,0.5825
"394",1,3,14,"BMA",2.3310154480497,3.05301387850998,0.322
"395",1,3,15,"BMA",1.74651501717782,2.86912660696436,0.403
"396",1,3,16,"BMA",6.24850661173547,3.82155581094182,0.9275
"397",1,3,17,"BMA",4.12545550983877,3.30905063855368,0.81
"398",1,3,18,"BMA",1.80207852805182,2.95642470828917,0.5495
"399",1,3,19,"BMA",2.63247526988759,3.05527408738921,0.2765
"400",1,3,20,"BMA",2.06475587362101,2.9306884220915,0.312
"401",1,3,21,"BMA",1.65220141134922,2.8139854491234,0.616
"402",1,3,22,"BMA",2.913527040803,3.01459558647151,0.793
"403",1,3,23,"BMA",2.21071877076548,2.95826175763889,0.6855
"404",1,3,24,"BMA",1.76127156675736,2.78793627841166,0.372
"405",1,3,25,"BMA",2.365165346693,2.99891996590889,0.743
"406",1,3,26,"BMA",1.81597198983507,2.82810545168154,0.671
"407",1,3,27,"BMA",1.3953170354295,2.7489518478038,0.495
"408",1,3,28,"BMA",8.27716239536576,4.62999941165979,0.023
"409",1,3,29,"BMA",1.88141777413313,2.85012798017951,0.3345
"410",1,3,30,"BMA",1.61822103563502,2.7214975378487,0.64
"411",1,3,31,"BMA",4.94761961007935,3.56875148647768,0.083
"412",1,3,32,"BMA",2.05297858440943,2.86734345660866,0.3155
"413",1,3,33,"BMA",6.18592014561158,3.92061566003756,0.0595
"414",1,3,34,"BMA",3.87910203836657,3.24789571979731,0.143
"415",1,3,35,"BMA",2.85352993053696,2.98068688602523,0.2135
"416",1,3,36,"BMA",2.46930667272657,2.88448885708458,0.2425
"417",1,3,37,"BMA",3.44366248176733,3.04913487963606,0.1725
"418",1,3,38,"BMA",2.35208560275213,2.92151470281117,0.2395
"419",1,3,1,"AVS",2.14955215117735,3.05624512068694,0.6135
"420",1,3,2,"AVS",3.80324856827205,3.42472743052429,0.841
"421",1,3,3,"AVS",1.77509913373543,2.8086560862589,0.617
"422",1,3,4,"AVS",10.0295985044941,4.94935486848915,0.9685
"423",1,3,5,"AVS",2.29379853122264,3.12093741282304,0.4955
"424",1,3,6,"AVS",2.21733833445816,3.10220765022705,0.382
"425",1,3,7,"AVS",4.78729931078797,3.66432666682539,0.0955
"426",1,3,8,"AVS",6.92843636531657,4.2902089348371,0.093
"427",1,3,9,"AVS",4.97012393513002,3.46776753994176,0.7855
"428",1,3,10,"AVS",1.7365017598112,2.71562035338696,0.6545
"429",1,3,11,"AVS",12.1180899250859,7.13707664918193,5e-04
"430",1,3,12,"AVS",1.94419939302918,3.00438782118304,0.369
"431",1,3,13,"AVS",1.79618870646573,2.8766392104066,0.522
"432",1,3,14,"AVS",2.35141153224102,3.03128276000416,0.2695
"433",1,3,15,"AVS",1.71545945566725,2.79709872586486,0.4175
"434",1,3,16,"AVS",6.47881715811378,3.99786498769427,0.935
"435",1,3,17,"AVS",4.97886216251019,3.54229810065322,0.87
"436",1,3,18,"AVS",1.75122252886136,2.92170849815851,0.4045
"437",1,3,19,"AVS",3.49256110254897,3.24292385827118,0.167
"438",1,3,20,"AVS",2.00430202272452,2.96337907176253,0.3065
"439",1,3,21,"AVS",1.7546484956261,2.86522737674005,0.6295
"440",1,3,22,"AVS",2.63128992198518,2.97533095347234,0.768
"441",1,3,23,"AVS",1.58028512096812,2.86668025869678,0.5895
"442",1,3,24,"AVS",2.35012920018273,2.94573625076006,0.242
"443",1,3,25,"AVS",2.08883784007757,2.8830833667373,0.6915
"444",1,3,26,"AVS",1.35544928272176,2.65950233615318,0.562
"445",1,3,27,"AVS",1.36763759788102,2.71362248273302,0.4315
"446",1,3,28,"AVS",9.0349392391235,4.93240181832021,0.0135
"447",1,3,29,"AVS",1.38092018664903,2.70805975382082,0.49
"448",1,3,30,"AVS",1.9987473209876,2.9168883736145,0.6995
"449",1,3,31,"AVS",5.24411955497296,3.81746125782376,0.0815
"450",1,3,32,"AVS",1.42334729431218,2.74611940308564,0.427
"451",1,3,33,"AVS",5.0934459626251,3.57610871466368,0.088
"452",1,3,34,"AVS",3.4365419212887,3.21838069435671,0.175
"453",1,3,35,"AVS",2.81269411074014,3.14450208094303,0.1935
"454",1,3,36,"AVS",2.29072555583819,2.79591569202995,0.2805
"455",1,3,37,"AVS",2.80598912144449,2.98587115823699,0.23
"456",1,3,38,"AVS",1.62238992220435,2.73291951284393,0.363
"457",1,3,1,"EQW",2.14955215117735,3.10299056828898,0.6165
"458",1,3,2,"EQW",2.91421103021064,3.24250704916506,0.7165
"459",1,3,3,"EQW",1.75436697798512,2.84348265749379,0.626
"460",1,3,4,"EQW",9.56551174842039,4.88479274146293,0.947
"461",1,3,5,"EQW",2.31562853182521,3.07535507529284,0.5885
"462",1,3,6,"EQW",2.3023348725936,3.10384020379888,0.5845
"463",1,3,7,"EQW",2.93097478268091,3.30183150336454,0.2935
"464",1,3,8,"EQW",4.2830719289897,3.59461074953352,0.2155
"465",1,3,9,"EQW",3.45000228871397,3.16873291017493,0.7545
"466",1,3,10,"EQW",4.72509616850337,3.33470185612195,0.8315
"467",1,3,11,"EQW",3.90369235860822,3.54597064304566,0.3015
"468",1,3,12,"EQW",2.03564423166315,3.10439532338003,0.4505
"469",1,3,13,"EQW",2.15275707212591,3.11129033427415,0.559
"470",1,3,14,"EQW",2.53530490723844,3.36174933925061,0.364
"471",1,3,15,"EQW",2.06688665109402,3.05525760092913,0.5645
"472",1,3,16,"EQW",8.0670136923743,4.04033642686757,0.9305
"473",1,3,17,"EQW",4.47753765699072,3.35401396212998,0.749
"474",1,3,18,"EQW",3.25172124912209,3.34224919759081,0.59
"475",1,3,19,"EQW",3.1174625217686,3.48577918314512,0.4055
"476",1,3,20,"EQW",2.44054410617969,3.23765250070878,0.4885
"477",1,3,21,"EQW",3.45263527369732,3.17051135780218,0.7295
"478",1,3,22,"EQW",5.11095678701993,3.29324402375189,0.8495
"479",1,3,23,"EQW",4.00614739111838,3.13885330761265,0.726
"480",1,3,24,"EQW",2.84058661145492,3.20092310010913,0.523
"481",1,3,25,"EQW",4.5477564361872,3.27588765812919,0.8195
"482",1,3,26,"EQW",3.92982509114501,3.11937446425309,0.742
"483",1,3,27,"EQW",3.24644661066922,3.01701108047035,0.6335
"484",1,3,28,"EQW",5.40855093816137,4.32441231500912,0.2525
"485",1,3,29,"EQW",2.49752829379707,3.07159690107282,0.556
"486",1,3,30,"EQW",3.38277211599038,3.08727585857352,0.729
"487",1,3,31,"EQW",3.60015733628979,3.57566783621273,0.2915
"488",1,3,32,"EQW",2.30415334517605,3.07983191474852,0.486
"489",1,3,33,"EQW",4.04079277405785,3.76795967967689,0.256
"490",1,3,34,"EQW",3.34127377410763,3.4277852897554,0.3075
"491",1,3,35,"EQW",3.15953177092075,3.32467353835138,0.34
"492",1,3,36,"EQW",2.96557483650106,3.25674172832048,0.3555
"493",1,3,37,"EQW",3.92400690294234,3.22769537710925,0.249
"494",1,3,38,"EQW",3.53157043919979,3.143237831653,0.257
"495",1,3,1,"SGP",2.14955215117735,3.06073999129123,0.613
"496",1,3,2,"SGP",3.91099516109137,3.47561792271866,0.8385
"497",1,3,3,"SGP",1.97773542436526,2.65440988802045,0.755
"498",1,3,4,"SGP",10.5085562353277,6.58801267886413,0.9905
"499",1,3,5,"SGP",1.32827801646047,2.59192732398398,0.4415
"500",1,3,6,"SGP",1.14695724326851,2.51965034894384,0.5085
"501",1,3,7,"SGP",4.62205196667449,3.72247441088239,0.059
"502",1,3,8,"SGP",7.75390223791144,4.53397626180601,0.032
"503",1,3,9,"SGP",1.4490717510366,2.78722708681679,0.593
"504",1,3,10,"SGP",1.4139971574192,2.57800618555492,0.602
"505",1,3,11,"SGP",11.7305849200218,5.96864398220145,0.0115
"506",1,3,12,"SGP",3.31429107332891,3.20173487999235,0.192
"507",1,3,13,"SGP",2.33472045530484,2.9531655264127,0.2925
"508",1,3,14,"SGP",5.10246330680752,3.62424055940487,0.095
"509",1,3,15,"SGP",1.5299340658717,2.79262565835873,0.4955
"510",1,3,16,"SGP",6.85110715093069,3.77812965259172,0.939
"511",1,3,17,"SGP",1.50433864314089,2.79767545139848,0.444
"512",1,3,18,"SGP",2.74758329473505,2.96955418786365,0.222
"513",1,3,19,"SGP",5.69779789861041,3.75661557502952,0.084
"514",1,3,20,"SGP",1.64543131729181,2.86602159494695,0.382
"515",1,3,21,"SGP",2.20689066767646,2.85550218723256,0.747
"516",1,3,22,"SGP",3.00697516072381,2.98063554209384,0.809
"517",1,3,23,"SGP",1.36506150530293,2.6679791911785,0.5285
"518",1,3,24,"SGP",2.61423894208793,2.9935932448141,0.227
"519",1,3,25,"SGP",2.18711811970662,2.94480089865331,0.7245
"520",1,3,26,"SGP",1.27907855734251,2.62186458630104,0.555
"521",1,3,27,"SGP",1.46936286231381,2.70162242483397,0.375
"522",1,3,28,"SGP",9.0117131473565,4.79683435810772,0.0115
"523",1,3,29,"SGP",1.58540030246879,2.73874431646829,0.645
"524",1,3,30,"SGP",2.85987695855187,3.03886836815679,0.804
"525",1,3,31,"SGP",4.2727923492045,3.38344642470965,0.1045
"526",1,3,32,"SGP",1.35297140837275,2.7322802398113,0.5575
"527",1,3,33,"SGP",3.92668847536329,3.30100260156103,0.1335
"528",1,3,34,"SGP",1.79803428024124,2.80930986811476,0.331
"529",1,3,35,"SGP",1.39482379341234,2.61797637571238,0.46
"530",1,3,36,"SGP",1.31321854165661,2.64913053093499,0.5075
"531",1,3,37,"SGP",1.54470612770912,2.73456341623818,0.358
"532",1,3,38,"SGP",1.42933394124928,2.67000305352354,0.3945
"533",1,3,1,"SGP50",2.14955215117735,3.07458937170866,0.6145
"534",1,3,2,"SGP50",2.94213049091592,3.21052246267363,0.7185
"535",1,3,3,"SGP50",1.7562420487284,2.75404020970047,0.621
"536",1,3,4,"SGP50",9.70578558039899,4.82936324369093,0.961
"537",1,3,5,"SGP50",2.25403286755281,3.02699460081346,0.609
"538",1,3,6,"SGP50",2.21576119615298,3.09309451217284,0.616
"539",1,3,7,"SGP50",2.97349331200923,3.29245709643235,0.2965
"540",1,3,8,"SGP50",4.4830755117057,3.53309462970511,0.2055
"541",1,3,9,"SGP50",3.154944391105,3.16887132605353,0.7235
"542",1,3,10,"SGP50",4.08918457354213,3.24753465055232,0.801
"543",1,3,11,"SGP50",4.78326124699838,3.66709740257265,0.259
"544",1,3,12,"SGP50",2.08000952399002,3.07938680562286,0.4275
"545",1,3,13,"SGP50",2.01911355635878,3.10625487555222,0.522
"546",1,3,14,"SGP50",2.75609200501783,3.22340087635047,0.347
"547",1,3,15,"SGP50",1.90543804370825,3.03929176442108,0.5295
"548",1,3,16,"SGP50",7.45566749711951,3.93961694876253,0.9335
"549",1,3,17,"SGP50",3.25973451254073,3.22615360209166,0.677
"550",1,3,18,"SGP50",2.38663135664161,3.12376251951219,0.492
"551",1,3,19,"SGP50",3.19019444251446,3.48425778099918,0.2995
"552",1,3,20,"SGP50",1.94818485316569,2.95652721692139,0.4105
"553",1,3,21,"SGP50",2.42742475489378,2.97281201911009,0.6965
"554",1,3,22,"SGP50",3.5652316703556,3.11796964141711,0.806
"555",1,3,23,"SGP50",2.24918406450129,2.94709796666911,0.6645
"556",1,3,24,"SGP50",2.01775530207963,3.01250570934652,0.3905
"557",1,3,25,"SGP50",2.76364649238884,3.03650532809252,0.7775
"558",1,3,26,"SGP50",1.97597453836822,2.89054182473823,0.676
"559",1,3,27,"SGP50",1.62420954595589,2.83159612599843,0.528
"560",1,3,28,"SGP50",7.28715978677346,4.41316370046195,0.0835
"561",1,3,29,"SGP50",1.62797937883682,2.88704664129547,0.5095
"562",1,3,30,"SGP50",2.21305474443427,2.83031442654272,0.702
"563",1,3,31,"SGP50",4.2713871387492,3.53457688156884,0.1405
"564",1,3,32,"SGP50",1.62095860568021,2.86733384783358,0.4325
"565",1,3,33,"SGP50",4.87636141028524,3.70433003964046,0.1225
"566",1,3,34,"SGP50",3.49327981915663,3.16006469045133,0.22
"567",1,3,35,"SGP50",2.96417105356806,3.13646527894706,0.284
"568",1,3,36,"SGP50",2.57450039769923,3.0982742345131,0.322
"569",1,3,37,"SGP50",3.37235740129488,3.155682879331,0.2115
"570",1,3,38,"SGP50",2.76133126668286,2.98795419548224,0.2645
"571",1,4,1,"BMA",4.535574011316,3.8302472922469,0.874
"572",1,4,2,"BMA",1.74915385028457,2.96358889243112,0.4665
"573",1,4,3,"BMA",2.01230278971884,2.86728015938616,0.3395
"574",1,4,4,"BMA",2.16947062221722,2.81040116917704,0.274
"575",1,4,5,"BMA",1.74154213675248,2.69958279693354,0.303
"576",1,4,6,"BMA",1.2373586441126,2.52404998715546,0.587
"577",1,4,7,"BMA",2.63641109711098,2.97633486639323,0.8175
"578",1,4,8,"BMA",1.78800092076821,2.85905407152117,0.304
"579",1,4,9,"BMA",1.53495304524544,2.62099475120233,0.695
"580",1,4,10,"BMA",5.97629432199898,4.24777491374802,0.979
"581",1,4,11,"BMA",1.41563001041046,2.66203166826181,0.5265
"582",1,4,12,"BMA",1.77516783247182,2.56358824311254,0.7385
"583",1,4,13,"BMA",7.45435246690197,4.89635882307158,0.9895
"584",1,4,14,"BMA",5.16067254378148,3.69379387550467,0.9625
"585",1,4,15,"BMA",1.55132224451452,2.54749860764715,0.264
"586",1,4,16,"BMA",1.04994516725435,2.45547545191574,0.5645
"587",1,4,17,"BMA",0.955625290829667,2.35175889841586,0.469
"588",1,4,18,"BMA",5.21119873284427,4.02674029569837,0.0295
"589",1,4,19,"BMA",2.41352225574495,2.74554319805497,0.8285
"590",1,4,20,"BMA",1.73627713557884,2.64141316761637,0.7485
"591",1,4,21,"BMA",1.89686021560054,2.7135059193469,0.2175
"592",1,4,22,"BMA",4.03092170654441,3.44050128745044,0.0695
"593",1,4,23,"BMA",1.31477543210591,2.5408217121232,0.699
"594",1,4,24,"BMA",1.04855280993962,2.39027426504106,0.4995
"595",1,4,25,"BMA",0.92059238403046,2.27282498706872,0.5125
"596",1,4,26,"BMA",3.26559930640413,3.09957006475327,0.1025
"597",1,4,27,"BMA",3.86256949868302,3.30192165426156,0.0725
"598",1,4,28,"BMA",1.32211863000358,2.42400795561053,0.3475
"599",1,4,29,"BMA",1.73655828423072,2.54059648505485,0.2325
"600",1,4,30,"BMA",1.3013261119757,2.42962885189811,0.683
"601",1,4,31,"BMA",2.34956996869361,2.79711626456099,0.162
"602",1,4,32,"BMA",1.28505074093546,2.4877078081232,0.303
"603",1,4,33,"BMA",1.00774983521033,2.36580972906203,0.396
"604",1,4,34,"BMA",2.3669429956172,2.78577863304869,0.146
"605",1,4,35,"BMA",2.39784331328473,3.00621382750959,0.1495
"606",1,4,36,"BMA",2.64955955747053,2.86636273556219,0.86
"607",1,4,37,"BMA",3.88108056474392,3.45872792610401,0.0725
"608",1,4,38,"BMA",1.04055287329749,2.31096226996545,0.6115
"609",1,4,1,"AVS",4.535574011316,3.93874885982,0.882
"610",1,4,2,"AVS",1.8005839080439,2.96568386718803,0.3525
"611",1,4,3,"AVS",2.31366179003332,2.91020294294221,0.267
"612",1,4,4,"AVS",2.39902372727202,2.86820569816424,0.2515
"613",1,4,5,"AVS",1.54563938977648,2.57006520620522,0.3675
"614",1,4,6,"AVS",1.19803566596207,2.43185663920715,0.672
"615",1,4,7,"AVS",2.66413999821556,2.98548443755851,0.8585
"616",1,4,8,"AVS",2.12982138251568,2.85319216254659,0.1975
"617",1,4,9,"AVS",1.51230877632991,2.56398417770292,0.738
"618",1,4,10,"AVS",5.76752488829447,4.23350491065791,0.975
"619",1,4,11,"AVS",1.18437173735903,2.36916029704938,0.3445
"620",1,4,12,"AVS",1.34609875659975,2.37276744979288,0.7315
"621",1,4,13,"AVS",7.16666666604608,4.97230429441775,0.991
"622",1,4,14,"AVS",4.71631875638594,3.81266056240744,0.9615
"623",1,4,15,"AVS",1.56213990358804,2.51941962727514,0.2865
"624",1,4,16,"AVS",1.08386637669737,2.41370221596785,0.5795
"625",1,4,17,"AVS",0.947375421100762,2.3636255424915,0.5065
"626",1,4,18,"AVS",4.95863424787392,3.86055073130813,0.0365
"627",1,4,19,"AVS",2.49051430569683,2.85206835179709,0.8445
"628",1,4,20,"AVS",1.80290733589869,2.60494546612599,0.7705
"629",1,4,21,"AVS",1.80455004609178,2.68899112490508,0.2245
"630",1,4,22,"AVS",3.92806240130767,3.44989479709741,0.0655
"631",1,4,23,"AVS",1.33785113535821,2.55909686121748,0.698
"632",1,4,24,"AVS",1.05757529922664,2.39318298786178,0.494
"633",1,4,25,"AVS",0.91682658947602,2.33356596714198,0.51
"634",1,4,26,"AVS",3.209465320354,3.11244464080506,0.103
"635",1,4,27,"AVS",3.85945937941611,3.51563822217221,0.0615
"636",1,4,28,"AVS",1.31452552543841,2.44951997904643,0.3285
"637",1,4,29,"AVS",1.77181409442503,2.63190389584077,0.194
"638",1,4,30,"AVS",1.26489336695436,2.41572446048648,0.6895
"639",1,4,31,"AVS",2.38597479595497,2.67413622938864,0.166
"640",1,4,32,"AVS",1.30983254975283,2.46417458391435,0.319
"641",1,4,33,"AVS",1.02766267446415,2.33233874035739,0.392
"642",1,4,34,"AVS",2.44200408357552,2.8398413245959,0.1445
"643",1,4,35,"AVS",2.50319164564717,2.92369086388179,0.1475
"644",1,4,36,"AVS",2.58058328033924,2.92954678790662,0.8505
"645",1,4,37,"AVS",3.99347997717101,3.41259557210452,0.065
"646",1,4,38,"AVS",1.04697576284775,2.35715900338747,0.623
"647",1,4,1,"EQW",4.535574011316,3.87767117288487,0.878
"648",1,4,2,"EQW",2.27883090441719,3.04184736487983,0.696
"649",1,4,3,"EQW",1.26400064330923,2.55037665976867,0.514
"650",1,4,4,"EQW",1.24578313100487,2.52464537164941,0.4225
"651",1,4,5,"EQW",1.20250469377933,2.46900136934665,0.393
"652",1,4,6,"EQW",1.1642877407314,2.50094483336527,0.619
"653",1,4,7,"EQW",2.09907600803175,2.70476214642016,0.812
"654",1,4,8,"EQW",2.21248291509669,2.97301664889901,0.2195
"655",1,4,9,"EQW",1.35182959586034,2.54157827224158,0.697
"656",1,4,10,"EQW",5.32936508618187,3.90709056661804,0.964
"657",1,4,11,"EQW",1.46262152908592,2.81088361220004,0.5185
"658",1,4,12,"EQW",1.90523639560276,2.6319709544475,0.7385
"659",1,4,13,"EQW",7.98565235105173,5.22234477250859,0.989
"660",1,4,14,"EQW",7.17025986716537,3.99001837604183,0.969
"661",1,4,15,"EQW",2.38546217186523,3.18100923751804,0.58
"662",1,4,16,"EQW",2.02924886818852,2.80024381566725,0.666
"663",1,4,17,"EQW",1.57349324993864,2.80459766384795,0.5825
"664",1,4,18,"EQW",3.91639809164951,3.55203552950639,0.1615
"665",1,4,19,"EQW",1.92338828569759,2.85436462305837,0.71
"666",1,4,20,"EQW",2.11561827254694,2.86140374569232,0.737
"667",1,4,21,"EQW",1.61104672853424,2.80781925695724,0.3965
"668",1,4,22,"EQW",3.46976805699851,3.28151587814738,0.1455
"669",1,4,23,"EQW",1.23954922629977,2.47694049449192,0.5855
"670",1,4,24,"EQW",1.20143207395158,2.59454478305115,0.5115
"671",1,4,25,"EQW",1.19458586451116,2.64139888126398,0.5545
"672",1,4,26,"EQW",2.46173169830038,2.95164694333743,0.229
"673",1,4,27,"EQW",3.77088176099185,3.28454331290543,0.0975
"674",1,4,28,"EQW",1.81254155139309,2.70333795056488,0.2465
"675",1,4,29,"EQW",1.77984727763066,2.60797416726341,0.2355
"676",1,4,30,"EQW",1.38014636894257,2.52903256847944,0.679
"677",1,4,31,"EQW",1.47734574350093,2.54188537025423,0.297
"678",1,4,32,"EQW",1.05885076951535,2.33200637528543,0.409
"679",1,4,33,"EQW",0.888207449644287,2.28852746632494,0.4825
"680",1,4,34,"EQW",1.67753216253312,2.40401337235775,0.2165
"681",1,4,35,"EQW",2.34546541702249,2.88370359019367,0.14
"682",1,4,36,"EQW",1.91616111216834,2.61963884829344,0.8115
"683",1,4,37,"EQW",2.63914771612902,2.83999147199201,0.1075
"684",1,4,38,"EQW",0.852454343348603,2.20647619370081,0.5875
"685",1,4,1,"SGP",4.535574011316,3.92953545186298,0.886
"686",1,4,2,"SGP",2.53352791130837,3.02967663374919,0.7285
"687",1,4,3,"SGP",1.12397524659394,2.46939279589541,0.5695
"688",1,4,4,"SGP",0.910532956331149,2.34261221536347,0.4915
"689",1,4,5,"SGP",0.847254985211559,2.27351993948506,0.444
"690",1,4,6,"SGP",1.20405002072155,2.34613964974494,0.722
"691",1,4,7,"SGP",2.31330991981527,2.77592142308622,0.88
"692",1,4,8,"SGP",2.85012493785699,3.08607735000757,0.1025
"693",1,4,9,"SGP",1.22156409640585,2.34349970547772,0.7355
"694",1,4,10,"SGP",4.9810646630987,4.16288018539265,0.974
"695",1,4,11,"SGP",1.45818439452439,2.40064178288243,0.262
"696",1,4,12,"SGP",1.19372594624975,2.34136827350425,0.6785
"697",1,4,13,"SGP",6.78067407209161,4.9128207189828,0.9885
"698",1,4,14,"SGP",3.99794592563194,3.39467044002877,0.94
"699",1,4,15,"SGP",2.33256843414137,2.74902833665482,0.174
"700",1,4,16,"SGP",0.963472570289934,2.26694894633179,0.432
"701",1,4,17,"SGP",1.17099890386487,2.35516832801702,0.337
"702",1,4,18,"SGP",6.39767622481758,4.76130398277226,0.012
"703",1,4,19,"SGP",1.66307675436015,2.44194005797041,0.7535
"704",1,4,20,"SGP",1.21955950585941,2.45567867053502,0.6615
"705",1,4,21,"SGP",2.7919325476691,3.02851788917351,0.114
"706",1,4,22,"SGP",5.1645452896641,3.8413976931251,0.033
"707",1,4,23,"SGP",1.04011203157538,2.3339168191342,0.6015
"708",1,4,24,"SGP",1.07378590183528,2.35751414678716,0.3895
"709",1,4,25,"SGP",1.05589722646062,2.40821004627055,0.3965
"710",1,4,26,"SGP",4.03700219173449,3.43161147404411,0.07
"711",1,4,27,"SGP",3.94396819085477,3.52032622840379,0.061
"712",1,4,28,"SGP",1.37565446145161,2.52359383860862,0.304
"713",1,4,29,"SGP",1.27813815339587,2.42802055419877,0.3565
"714",1,4,30,"SGP",2.05857436058952,2.74036780455889,0.8125
"715",1,4,31,"SGP",1.84776995145761,2.60597900704459,0.219
"716",1,4,32,"SGP",1.02001773987118,2.29082391762414,0.4255
"717",1,4,33,"SGP",0.911000777136827,2.28572664415678,0.519
"718",1,4,34,"SGP",1.66821069128088,2.56878138768279,0.2385
"719",1,4,35,"SGP",1.41513167040318,2.57095589581396,0.2885
"720",1,4,36,"SGP",4.07044615586365,3.50880567975396,0.932
"721",1,4,37,"SGP",3.22186143917167,3.11305628761976,0.099
"722",1,4,38,"SGP",1.63386911135941,2.53571649109905,0.742
"723",1,4,1,"SGP50",4.535574011316,4.07812935618482,0.8835
"724",1,4,2,"SGP50",2.28872777498896,3.03648964946226,0.6845
"725",1,4,3,"SGP50",1.25936400679971,2.55123935579451,0.5265
"726",1,4,4,"SGP50",1.22584995896257,2.47408309174242,0.4095
"727",1,4,5,"SGP50",1.17627461496613,2.4214136324478,0.4
"728",1,4,6,"SGP50",1.1626063571322,2.47685125214197,0.659
"729",1,4,7,"SGP50",2.07910916732086,2.71154068793383,0.8045
"730",1,4,8,"SGP50",2.29240803765299,2.99357804903138,0.2335
"731",1,4,9,"SGP50",1.33162193958167,2.54788331042763,0.681
"732",1,4,10,"SGP50",5.23348343867557,4.04091997172183,0.965
"733",1,4,11,"SGP50",1.4110470998283,2.79105350630961,0.4555
"734",1,4,12,"SGP50",1.75507752790223,2.53114919849927,0.72
"735",1,4,13,"SGP50",7.7144536282719,5.12417874946788,0.991
"736",1,4,14,"SGP50",6.50758540580245,3.89000774539383,0.969
"737",1,4,15,"SGP50",2.03043084684419,3.0192948268442,0.4985
"738",1,4,16,"SGP50",1.68739786750573,2.64197773212093,0.6185
"739",1,4,17,"SGP50",1.35993185793772,2.64525621708687,0.5255
"740",1,4,18,"SGP50",4.32311129136775,3.68526781240861,0.1305
"741",1,4,19,"SGP50",1.9273654545343,2.76761696205253,0.724
"742",1,4,20,"SGP50",1.90431922523658,2.73952671634083,0.749
"743",1,4,21,"SGP50",1.73597131492048,2.81355231269291,0.335
"744",1,4,22,"SGP50",3.77024081951318,3.38196009675335,0.1105
"745",1,4,23,"SGP50",1.20519480725919,2.48585194074879,0.6055
"746",1,4,24,"SGP50",1.12936108490731,2.50308513000837,0.4785
"747",1,4,25,"SGP50",1.1054733077214,2.48616841121689,0.518
"748",1,4,26,"SGP50",2.79292118076334,3.01427757081907,0.1625
"749",1,4,27,"SGP50",3.81192517094417,3.27631036228682,0.0855
"750",1,4,28,"SGP50",1.66014791406074,2.66814924512047,0.301
"751",1,4,29,"SGP50",1.66607394912967,2.53792801109836,0.256
"752",1,4,30,"SGP50",1.46278365721506,2.49254095619609,0.706
"753",1,4,31,"SGP50",1.61201238425948,2.58787634401127,0.255
"754",1,4,32,"SGP50",1.07174238798674,2.37853654673563,0.388
"755",1,4,33,"SGP50",0.895053321233188,2.26314091195185,0.4685
"756",1,4,34,"SGP50",1.74307813363321,2.59926136088811,0.2135
"757",1,4,35,"SGP50",2.20206012081779,2.68373222480515,0.1685
"758",1,4,36,"SGP50",2.21076371113226,2.74830021166088,0.8265
"759",1,4,37,"SGP50",2.83840108242296,2.93682754645934,0.099
"760",1,4,38,"SGP50",0.936199890275449,2.22222633721179,0.5735
"761",1,5,1,"BMA",2.37571485829343,3.16924683435952,0.7245
"762",1,5,2,"BMA",1.57902419393125,2.75968233911217,0.604
"763",1,5,3,"BMA",2.96560627858293,3.19582227952185,0.835
"764",1,5,4,"BMA",4.7869699575479,3.73288685315088,0.926
"765",1,5,5,"BMA",6.96338896229158,4.45809654010333,0.9465
"766",1,5,6,"BMA",4.96659599857162,3.64795969770219,0.8685
"767",1,5,7,"BMA",2.33868420081086,3.0019084935823,0.6805
"768",1,5,8,"BMA",5.31836429915492,3.8615374832677,0.909
"769",1,5,9,"BMA",4.46752955378767,3.83295747033767,0.22
"770",1,5,10,"BMA",1.83168150954243,2.96406389751483,0.4695
"771",1,5,11,"BMA",14.7843134207331,6.20966643385459,0.993
"772",1,5,12,"BMA",18.3770006371022,5.51704593701758,0.986
"773",1,5,13,"BMA",3.71580304002656,3.55751844963869,0.657
"774",1,5,14,"BMA",5.27590927932169,3.56722970429779,0.7865
"775",1,5,15,"BMA",3.11212774071862,3.37008243087202,0.6095
"776",1,5,16,"BMA",4.34326635381023,3.51075519116327,0.747
"777",1,5,17,"BMA",3.59019189173958,3.40186372466793,0.7145
"778",1,5,18,"BMA",5.00420802742566,3.46559328017574,0.834
"779",1,5,19,"BMA",3.72089224597101,3.23862277214505,0.8035
"780",1,5,20,"BMA",7.58934808845239,4.0896700831066,0.9365
"781",1,5,21,"BMA",2.35308704771912,3.0728008902053,0.324
"782",1,5,22,"BMA",1.85584746083374,3.00547813458926,0.4205
"783",1,5,23,"BMA",4.49083845124901,3.37482275285384,0.1465
"784",1,5,24,"BMA",5.21474914692021,3.64888629038633,0.109
"785",1,5,25,"BMA",1.77143755410833,2.8736732438359,0.494
"786",1,5,26,"BMA",4.9664225020448,3.54373865805213,0.1435
"787",1,5,27,"BMA",9.26566576750908,4.41805317032789,0.0295
"788",1,5,28,"BMA",5.68098970135523,3.73110334701189,0.107
"789",1,5,29,"BMA",3.67329314745819,3.31415291354267,0.221
"790",1,5,30,"BMA",8.2250614517389,4.30950335037856,0.0505
"791",1,5,31,"BMA",2.04058750783272,3.03331988194789,0.404
"792",1,5,32,"BMA",7.69005211071404,4.09226538127739,0.0695
"793",1,5,33,"BMA",1.9403036394812,3.11231341054894,0.507
"794",1,5,34,"BMA",3.2820399026672,3.2468340707569,0.2345
"795",1,5,35,"BMA",2.16624699117743,3.06949025645508,0.3355
"796",1,5,36,"BMA",5.77402061371229,3.71757867994171,0.103
"797",1,5,37,"BMA",2.8940286597212,3.0537786152574,0.2975
"798",1,5,38,"BMA",2.04398784772585,3.08737777014961,0.595
"799",1,5,1,"AVS",2.37571485829343,3.21320258487553,0.7365
"800",1,5,2,"AVS",1.59118068332892,2.79480831286456,0.6145
"801",1,5,3,"AVS",2.88131729139897,3.03714864043906,0.841
"802",1,5,4,"AVS",5.0035739516726,3.93108481490903,0.952
"803",1,5,5,"AVS",7.33888330831821,4.79491170716011,0.972
"804",1,5,6,"AVS",5.35463985027114,3.58355121058309,0.913
"805",1,5,7,"AVS",1.55747408942707,2.63980968697133,0.6655
"806",1,5,8,"AVS",4.88187299438022,3.79668379769284,0.953
"807",1,5,9,"AVS",7.10093747201252,4.80135473451781,0.049
"808",1,5,10,"AVS",2.31553004166819,3.1801097435409,0.42
"809",1,5,11,"AVS",15.1399239068104,5.9815518936486,0.9905
"810",1,5,12,"AVS",9.89050555218013,4.72748462137219,0.978
"811",1,5,13,"AVS",15.2780474882093,6.86905611993691,0.0035
"812",1,5,14,"AVS",4.21759801574311,3.43570082064528,0.817
"813",1,5,15,"AVS",1.82408000039976,3.01022925086333,0.434
"814",1,5,16,"AVS",2.52001672398529,3.04749535036334,0.6995
"815",1,5,17,"AVS",2.02845547876485,3.03900023225488,0.6245
"816",1,5,18,"AVS",3.53183782182035,3.21292030886835,0.7825
"817",1,5,19,"AVS",2.80708213014021,2.98831274582163,0.751
"818",1,5,20,"AVS",6.15454057715664,3.71761021201871,0.912
"819",1,5,21,"AVS",4.97509720376377,3.54011842823573,0.0965
"820",1,5,22,"AVS",2.32703668401719,3.00130045869543,0.3085
"821",1,5,23,"AVS",4.8186775608425,3.44008733833014,0.13
"822",1,5,24,"AVS",5.18399175732921,3.6540326935731,0.118
"823",1,5,25,"AVS",1.77106944319657,2.9309173401775,0.4965
"824",1,5,26,"AVS",4.95711136716321,3.59341526311338,0.125
"825",1,5,27,"AVS",9.27231898416353,4.37517778269555,0.031
"826",1,5,28,"AVS",5.69063983102321,3.67035200121808,0.1275
"827",1,5,29,"AVS",3.69226305322128,3.22251142448699,0.222
"828",1,5,30,"AVS",8.28786588439419,4.41381815846377,0.0485
"829",1,5,31,"AVS",2.02883881404932,3.07992627416251,0.5195
"830",1,5,32,"AVS",7.58669449862353,4.12574052318057,0.075
"831",1,5,33,"AVS",4.26838252906202,3.48258706084913,0.8325
"832",1,5,34,"AVS",3.06156528668219,3.22623243149284,0.2545
"833",1,5,35,"AVS",1.78366491048266,2.97093220823477,0.5095
"834",1,5,36,"AVS",4.04126428669594,3.36736791887313,0.1655
"835",1,5,37,"AVS",1.52148844596025,2.78717356457727,0.5495
"836",1,5,38,"AVS",3.83018177913912,3.30470260761425,0.871
"837",1,5,1,"EQW",2.37571485829343,3.23247692918524,0.7375
"838",1,5,2,"EQW",1.64865274478299,2.83899793816177,0.587
"839",1,5,3,"EQW",2.70538026719106,3.30290127998685,0.7555
"840",1,5,4,"EQW",4.26876784648954,3.70993939067983,0.8775
"841",1,5,5,"EQW",6.3671839821236,4.11999481614092,0.919
"842",1,5,6,"EQW",4.58856563040602,3.43160228579561,0.839
"843",1,5,7,"EQW",2.64024980567489,3.06613889266589,0.695
"844",1,5,8,"EQW",5.91039149850973,3.80493646010138,0.871
"845",1,5,9,"EQW",2.85092148058381,3.46747339633408,0.437
"846",1,5,10,"EQW",1.98333827984465,3.01293639086971,0.4425
"847",1,5,11,"EQW",14.0788033802384,5.73283077564261,0.9795
"848",1,5,12,"EQW",13.3156918009796,5.07125558153378,0.982
"849",1,5,13,"EQW",4.05147651970907,3.79684776483044,0.455
"850",1,5,14,"EQW",4.10871085257401,3.44655723086705,0.761
"851",1,5,15,"EQW",2.58613308533041,3.34552548000163,0.4735
"852",1,5,16,"EQW",2.9136383597523,3.25498194220403,0.617
"853",1,5,17,"EQW",2.73444839689523,3.24913775221662,0.6095
"854",1,5,18,"EQW",4.35621838759808,3.37749080892617,0.7865
"855",1,5,19,"EQW",4.53537126718946,3.29660736013211,0.776
"856",1,5,20,"EQW",9.82040964640542,4.09651959808548,0.94
"857",1,5,21,"EQW",3.90883912325668,3.65663392850179,0.58
"858",1,5,22,"EQW",3.25251351435385,3.5150715971546,0.594
"859",1,5,23,"EQW",3.22290030990194,3.52636672447901,0.382
"860",1,5,24,"EQW",4.28293698922104,3.60219173464721,0.215
"861",1,5,25,"EQW",2.03254696675367,3.14318468267073,0.441
"862",1,5,26,"EQW",4.62849442251454,3.54947302391668,0.1695
"863",1,5,27,"EQW",8.57363304801424,4.09374964894616,0.064
"864",1,5,28,"EQW",4.96730038747888,3.51743031345126,0.172
"865",1,5,29,"EQW",2.87861318090394,3.23226979986789,0.323
"866",1,5,30,"EQW",5.65629874406513,3.68593601844572,0.1185
"867",1,5,31,"EQW",2.16499949887789,3.16278477052664,0.4855
"868",1,5,32,"EQW",5.00073772824726,3.51909803743512,0.1315
"869",1,5,33,"EQW",2.28458112343429,3.1743877157923,0.5915
"870",1,5,34,"EQW",1.99293942262761,3.00929755575588,0.3985
"871",1,5,35,"EQW",1.73281362663857,2.88844271564206,0.5105
"872",1,5,36,"EQW",3.61447867140033,3.13191747480737,0.1895
"873",1,5,37,"EQW",2.78972782231538,3.09264482119967,0.262
"874",1,5,38,"EQW",1.69512056006663,2.94003307425359,0.5625
"875",1,5,1,"SGP",2.37571485829343,3.20685135620924,0.7345
"876",1,5,2,"SGP",1.58265887293068,2.63474911197048,0.685
"877",1,5,3,"SGP",3.4494026765409,3.10793387014806,0.888
"878",1,5,4,"SGP",4.85556979893272,3.78006625110196,0.9465
"879",1,5,5,"SGP",6.81717280563887,4.7420931972675,0.9735
"880",1,5,6,"SGP",3.68772406175161,3.26956997656888,0.8905
"881",1,5,7,"SGP",1.28795292761825,2.53877093616948,0.6135
"882",1,5,8,"SGP",4.90129751228716,3.6572793566638,0.946
"883",1,5,9,"SGP",7.06796507326744,4.77751297305734,0.047
"884",1,5,10,"SGP",1.97037292337292,2.80159664040028,0.2085
"885",1,5,11,"SGP",12.7818645845337,7.78161841105258,0.9995
"886",1,5,12,"SGP",8.13340052657454,4.50717134463983,0.9705
"887",1,5,13,"SGP",14.6294831393005,6.16136546499216,0.011
"888",1,5,14,"SGP",1.65692431895114,2.78395777828442,0.6125
"889",1,5,15,"SGP",3.82375474803218,3.31069044950488,0.1555
"890",1,5,16,"SGP",1.46823785586133,2.75588139779997,0.438
"891",1,5,17,"SGP",2.10567150508393,2.97092706348436,0.3215
"892",1,5,18,"SGP",1.41478792119477,2.78609113658787,0.589
"893",1,5,19,"SGP",1.27043902765883,2.65277315242096,0.5475
"894",1,5,20,"SGP",3.77851427990496,3.164037071374,0.86
"895",1,5,21,"SGP",5.11734456625434,3.56051099998408,0.086
"896",1,5,22,"SGP",3.37029567037375,3.1685434595835,0.1675
"897",1,5,23,"SGP",8.36121266757314,4.55279685961561,0.027
"898",1,5,24,"SGP",9.02560748624814,4.74364412566824,0.019
"899",1,5,25,"SGP",2.349744885243,2.93375586085741,0.2745
"900",1,5,26,"SGP",8.04353628852805,4.4070365300243,0.029
"901",1,5,27,"SGP",9.12995762391383,4.87255310372922,0.0255
"902",1,5,28,"SGP",1.73048178059098,2.89003199167373,0.4175
"903",1,5,29,"SGP",1.85454561676071,2.81042853355804,0.6425
"904",1,5,30,"SGP",2.67876999502302,3.0071098234289,0.2485
"905",1,5,31,"SGP",4.06067082960062,3.40032091164929,0.858
"906",1,5,32,"SGP",3.40831018188238,3.18368324072334,0.197
"907",1,5,33,"SGP",5.2378937657191,3.46212686281489,0.9
"908",1,5,34,"SGP",1.38746650391468,2.76738555987516,0.4825
"909",1,5,35,"SGP",1.95153286179267,2.91912074337881,0.656
"910",1,5,36,"SGP",3.10097499637364,3.05253182637317,0.2025
"911",1,5,37,"SGP",1.5156797438267,2.74584185349882,0.5295
"912",1,5,38,"SGP",3.79336728917153,3.33967884200874,0.851
"913",1,5,1,"SGP50",2.37571485829343,3.15986808945729,0.745
"914",1,5,2,"SGP50",1.63010344136993,2.82824627860812,0.587
"915",1,5,3,"SGP50",2.78108454750721,3.1400480446749,0.7625
"916",1,5,4,"SGP50",4.38983056676177,3.55117723578976,0.8925
"917",1,5,5,"SGP50",6.40792706439016,4.06779656214871,0.923
"918",1,5,6,"SGP50",4.41896348160103,3.40647910775581,0.855
"919",1,5,7,"SGP50",2.41808390130987,3.01593766915474,0.675
"920",1,5,8,"SGP50",5.73632596301365,3.908177574578,0.8835
"921",1,5,9,"SGP50",2.89806923546659,3.45869749831093,0.3975
"922",1,5,10,"SGP50",1.81800322461677,2.96275876698637,0.452
"923",1,5,11,"SGP50",14.0639937257478,5.89546464146257,0.9825
"924",1,5,12,"SGP50",12.019475655297,4.85316619975366,0.981
"925",1,5,13,"SGP50",4.60527161740144,3.82346005827688,0.3815
"926",1,5,14,"SGP50",3.51580192177795,3.24425287019969,0.7275
"927",1,5,15,"SGP50",2.44687731857409,3.21607598141539,0.429
"928",1,5,16,"SGP50",2.39318095292663,3.08577194893021,0.596
"929",1,5,17,"SGP50",2.21542177187725,3.12483256877122,0.529
"930",1,5,18,"SGP50",3.2453214000701,3.13703944384231,0.7325
"931",1,5,19,"SGP50",3.02337348723618,3.07270368191295,0.709
"932",1,5,20,"SGP50",7.19060273321971,3.70040380010729,0.9095
"933",1,5,21,"SGP50",3.00601207152492,3.44980771340765,0.3855
"934",1,5,22,"SGP50",2.38724781076903,3.30974681423077,0.439
"935",1,5,23,"SGP50",4.56370755336073,3.6546803720602,0.2175
"936",1,5,24,"SGP50",5.69054206052988,3.76634862416825,0.1535
"937",1,5,25,"SGP50",1.94366047759378,3.03757560112153,0.412
"938",1,5,26,"SGP50",5.61711638768091,3.72599916348376,0.129
"939",1,5,27,"SGP50",8.94660816184641,4.35186455162596,0.0435
"940",1,5,28,"SGP50",3.8538629398481,3.29930736112178,0.24
"941",1,5,29,"SGP50",2.36274911716481,3.0894287267241,0.3825
"942",1,5,30,"SGP50",5.05764446503421,3.44026133415104,0.142
"943",1,5,31,"SGP50",2.24708123598865,3.15588370930795,0.5815
"944",1,5,32,"SGP50",4.93611468621084,3.44344919503655,0.142
"945",1,5,33,"SGP50",2.72365144523316,3.20808394114489,0.6685
"946",1,5,34,"SGP50",1.93947507202601,2.89559537592195,0.3825
"947",1,5,35,"SGP50",1.75475018102057,2.91201664426934,0.54
"948",1,5,36,"SGP50",3.81958587774936,3.24214981353557,0.1785
"949",1,5,37,"SGP50",2.23195985450818,3.05379747877243,0.3495
"950",1,5,38,"SGP50",2.09733239150448,3.04685226434152,0.6665
"951",1,6,1,"BMA",3.70125294757588,3.60745161191301,0.634
"952",1,6,2,"BMA",3.14561536142544,3.31370682494007,0.6825
"953",1,6,3,"BMA",4.41697344807637,3.57369210682191,0.8465
"954",1,6,4,"BMA",5.43511567899507,4.31284081027729,0.145
"955",1,6,5,"BMA",9.4559939788553,4.42870045124077,0.9225
"956",1,6,6,"BMA",8.58443740349031,4.20159051873535,0.8765
"957",1,6,7,"BMA",2.98160600949681,3.5140237060113,0.5055
"958",1,6,8,"BMA",3.96695976629268,3.63052990229819,0.6475
"959",1,6,9,"BMA",5.2603084878159,3.63428032153525,0.6985
"960",1,6,10,"BMA",4.45995808894422,3.62125904326325,0.633
"961",1,6,11,"BMA",4.73197095807599,3.63101264286224,0.6155
"962",1,6,12,"BMA",4.21148270330344,3.50219226658331,0.652
"963",1,6,13,"BMA",9.55860682749946,4.46545138736533,0.1305
"964",1,6,14,"BMA",2.58252497395526,3.26147526891628,0.564
"965",1,6,15,"BMA",3.61897407229236,3.48889745223559,0.281
"966",1,6,16,"BMA",2.8510698668593,3.33350751686195,0.36
"967",1,6,17,"BMA",7.02328657239154,3.82958221983374,0.128
"968",1,6,18,"BMA",6.17772371697529,3.80958653653155,0.1455
"969",1,6,19,"BMA",4.95490123582419,3.5112059495602,0.179
"970",1,6,20,"BMA",3.55882384374454,3.41523250107649,0.7505
"971",1,6,21,"BMA",12.7450111979536,4.89563504452979,0.953
"972",1,6,22,"BMA",3.13280028631295,3.47820054288628,0.5505
"973",1,6,23,"BMA",7.84899964608964,4.04101051608607,0.0915
"974",1,6,24,"BMA",2.95318490821478,3.38372249757338,0.3525
"975",1,6,25,"BMA",4.43060610525036,3.46980612502685,0.2045
"976",1,6,26,"BMA",2.44242738331039,3.19102969401101,0.397
"977",1,6,27,"BMA",12.6071423268992,4.75083290390824,0.0345
"978",1,6,28,"BMA",4.02223533997396,3.35479303143065,0.232
"979",1,6,29,"BMA",2.19413381017566,3.13159013289678,0.5735
"980",1,6,30,"BMA",2.34535840296954,3.09311038568172,0.378
"981",1,6,31,"BMA",1.99681879856334,3.00627240151178,0.608
"982",1,6,32,"BMA",2.38896435432124,3.31649306482542,0.672
"983",1,6,33,"BMA",3.0284453367473,3.3230390723561,0.7175
"984",1,6,34,"BMA",2.78326106588402,3.08096662640872,0.2995
"985",1,6,35,"BMA",1.33568957531288,2.64150090624011,0.5105
"986",1,6,36,"BMA",2.03825930213994,2.71690128011346,0.26
"987",1,6,37,"BMA",2.48390799779233,2.73090066218798,0.171
"988",1,6,38,"BMA",4.27860278444937,3.70502279839656,0.0475
"989",1,6,1,"AVS",3.70125294757588,3.57252586928607,0.612
"990",1,6,2,"AVS",3.11138927101479,3.41142301572925,0.63
"991",1,6,3,"AVS",4.25047856355536,3.53540590478201,0.8275
"992",1,6,4,"AVS",7.08687999169122,4.4474927498576,0.058
"993",1,6,5,"AVS",7.80943665406672,4.69654096451039,0.959
"994",1,6,6,"AVS",7.27963914738273,4.03314677163728,0.825
"995",1,6,7,"AVS",2.98547383309666,3.55349720971608,0.4865
"996",1,6,8,"AVS",3.98481494218073,3.65085445779226,0.633
"997",1,6,9,"AVS",6.06350388055205,3.739626353228,0.708
"998",1,6,10,"AVS",3.39720917023628,3.50991900853017,0.4425
"999",1,6,11,"AVS",3.27317987502358,3.37422402441141,0.1805
"1000",1,6,12,"AVS",1.87781518107533,2.78631099991384,0.3025
"1001",1,6,13,"AVS",15.718137358758,7.71627451388796,0
"1002",1,6,14,"AVS",4.3850460735449,3.48285628960838,0.1605
"1003",1,6,15,"AVS",4.43235849722823,3.46747547314631,0.1725
"1004",1,6,16,"AVS",2.37387233348941,3.21152847178353,0.4145
"1005",1,6,17,"AVS",5.94066509636856,3.76951140031397,0.1285
"1006",1,6,18,"AVS",4.0752027595139,3.35108973635851,0.1725
"1007",1,6,19,"AVS",2.0790614000803,2.91159281708576,0.294
"1008",1,6,20,"AVS",9.07684581361503,4.57286144196076,0.976
"1009",1,6,21,"AVS",17.9925659939462,7.13860890574637,0.9995
"1010",1,6,22,"AVS",2.64216518159465,3.4294811126257,0.5
"1011",1,6,23,"AVS",8.11840426332571,4.08826523440423,0.0905
"1012",1,6,24,"AVS",3.07251293369715,3.39445792259318,0.343
"1013",1,6,25,"AVS",4.71867673365684,3.54992779001384,0.2045
"1014",1,6,26,"AVS",2.53586377039054,3.16945592609194,0.379
"1015",1,6,27,"AVS",13.4004263472203,4.93122344764945,0.0315
"1016",1,6,28,"AVS",2.65850688888192,3.30498098736228,0.4185
"1017",1,6,29,"AVS",4.61043087053472,3.62573631814672,0.7935
"1018",1,6,30,"AVS",2.33306120376803,3.15202407523418,0.4
"1019",1,6,31,"AVS",2.08664818416441,3.00066562762787,0.6865
"1020",1,6,32,"AVS",2.66142034301509,3.22982094391164,0.713
"1021",1,6,33,"AVS",2.59478627543683,3.19113474511353,0.6735
"1022",1,6,34,"AVS",5.09072078869761,3.55781123537638,0.171
"1023",1,6,35,"AVS",1.30096918074168,2.63389574115686,0.535
"1024",1,6,36,"AVS",1.88754787988375,2.72048913303348,0.271
"1025",1,6,37,"AVS",2.25316706251435,2.82980261356965,0.216
"1026",1,6,38,"AVS",3.41301000097332,3.41906158153889,0.123
"1027",1,6,1,"EQW",3.70125294757588,3.69180511697334,0.6075
"1028",1,6,2,"EQW",3.11776374843136,3.31675529894078,0.677
"1029",1,6,3,"EQW",5.08458483090743,3.61656060885319,0.8095
"1030",1,6,4,"EQW",3.85343540389674,3.77331502925435,0.343
"1031",1,6,5,"EQW",10.6834995555099,4.47458458763929,0.9045
"1032",1,6,6,"EQW",11.6624261412842,4.51976497030496,0.925
"1033",1,6,7,"EQW",4.17403464950279,3.67245109081129,0.571
"1034",1,6,8,"EQW",5.37714578090207,3.64085672525337,0.704
"1035",1,6,9,"EQW",5.67831095626467,3.66486103548764,0.678
"1036",1,6,10,"EQW",5.12223259205167,3.71438794530683,0.6085
"1037",1,6,11,"EQW",5.50991169341183,3.68905627349622,0.609
"1038",1,6,12,"EQW",6.6724132884176,3.77520007309412,0.7295
"1039",1,6,13,"EQW",5.36533007363242,4.1484348760444,0.4145
"1040",1,6,14,"EQW",3.9050240851784,3.59479777269692,0.5525
"1041",1,6,15,"EQW",3.77331103761137,3.67991235387545,0.3775
"1042",1,6,16,"EQW",3.17572735784105,3.42114288494597,0.5445
"1043",1,6,17,"EQW",4.74115702805386,3.88521121104729,0.298
"1044",1,6,18,"EQW",3.81607589905992,3.5535640495584,0.311
"1045",1,6,19,"EQW",3.24171381204008,3.40143262369654,0.3325
"1046",1,6,20,"EQW",5.07572106156906,3.79235641151694,0.8065
"1047",1,6,21,"EQW",14.6953330458881,4.91008679067569,0.949
"1048",1,6,22,"EQW",6.87797380164489,3.84349062735987,0.7115
"1049",1,6,23,"EQW",4.78325253662462,4.01139564185954,0.4765
"1050",1,6,24,"EQW",3.88684488007029,3.49749482484631,0.649
"1051",1,6,25,"EQW",3.22060311187225,3.42720981903616,0.5415
"1052",1,6,26,"EQW",3.78402584025848,3.37011657836529,0.686
"1053",1,6,27,"EQW",6.31392491719234,4.31751683957429,0.218
"1054",1,6,28,"EQW",2.75713698087556,3.40539447144717,0.478
"1055",1,6,29,"EQW",3.9417772112716,3.42944236309932,0.7355
"1056",1,6,30,"EQW",2.41825363528809,3.25144434146103,0.566
"1057",1,6,31,"EQW",2.93780549810347,3.25295962126434,0.6825
"1058",1,6,32,"EQW",3.12953687874518,3.31918167990523,0.632
"1059",1,6,33,"EQW",3.87502922623438,3.48319584907156,0.735
"1060",1,6,34,"EQW",2.60374029575505,3.30750910997942,0.418
"1061",1,6,35,"EQW",2.18443279484803,3.0512830463724,0.622
"1062",1,6,36,"EQW",2.03471882532967,3.07469094123432,0.441
"1063",1,6,37,"EQW",1.91976472182333,3.04984677323662,0.4345
"1064",1,6,38,"EQW",2.24845826754188,3.12953578249726,0.331
"1065",1,6,1,"SGP",3.70125294757588,3.60365618083315,0.6215
"1066",1,6,2,"SGP",3.82301379919644,3.19331519767684,0.8065
"1067",1,6,3,"SGP",3.91720366596512,3.51882018372083,0.921
"1068",1,6,4,"SGP",6.47839168405261,4.5612117085384,0.0335
"1069",1,6,5,"SGP",8.32833147196893,4.76573119877819,0.9845
"1070",1,6,6,"SGP",11.141359036874,6.71474024488956,0.997
"1071",1,6,7,"SGP",3.89733610153543,3.40565597513284,0.1545
"1072",1,6,8,"SGP",1.39628894171259,2.68505293844285,0.4295
"1073",1,6,9,"SGP",2.00850817316544,2.79854682970892,0.302
"1074",1,6,10,"SGP",4.20997118861706,3.3042784603985,0.13
"1075",1,6,11,"SGP",3.58508532437417,3.24788547077715,0.124
"1076",1,6,12,"SGP",1.86628996897471,2.79377232731905,0.3075
"1077",1,6,13,"SGP",15.533081950431,7.95116968814205,0.0025
"1078",1,6,14,"SGP",4.58638220048054,3.43712096120909,0.1445
"1079",1,6,15,"SGP",4.99746252686359,3.53538743083928,0.124
"1080",1,6,16,"SGP",1.57059967544431,2.82758164344632,0.477
"1081",1,6,17,"SGP",5.9270989810342,3.82345043660039,0.0895
"1082",1,6,18,"SGP",3.14495534297372,3.11754150480213,0.206
"1083",1,6,19,"SGP",2.00092822368231,2.93007708511235,0.31
"1084",1,6,20,"SGP",9.04037405441377,4.65175010668529,0.9805
"1085",1,6,21,"SGP",21.7155444761438,8.49133089206169,0.998
"1086",1,6,22,"SGP",1.8687265674213,3.01531032111048,0.4115
"1087",1,6,23,"SGP",8.83092140227278,4.27664792587857,0.0505
"1088",1,6,24,"SGP",1.74698951369185,2.97359317879428,0.5385
"1089",1,6,25,"SGP",2.11948589803884,3.03389533177574,0.343
"1090",1,6,26,"SGP",2.23454209832446,2.97147933283819,0.6835
"1091",1,6,27,"SGP",9.89493791038285,4.64630116939087,0.0285
"1092",1,6,28,"SGP",3.02618679304086,3.24395175344823,0.7395
"1093",1,6,29,"SGP",6.89390921716103,3.92220182628513,0.918
"1094",1,6,30,"SGP",1.70595571710159,2.98217168674164,0.5095
"1095",1,6,31,"SGP",1.90666602399719,2.96164609125151,0.56
"1096",1,6,32,"SGP",1.99349916834043,3.02325787270185,0.372
"1097",1,6,33,"SGP",1.76182127799483,2.94494922469603,0.576
"1098",1,6,34,"SGP",4.29849759480448,3.47143513975481,0.1435
"1099",1,6,35,"SGP",1.73844736976518,2.9367522389536,0.597
"1100",1,6,36,"SGP",1.89379528140276,2.95256814322109,0.392
"1101",1,6,37,"SGP",1.62364208261905,2.90295039773749,0.546
"1102",1,6,38,"SGP",1.59665094944691,2.90966203064829,0.4625
"1103",1,6,1,"SGP50",3.70125294757588,3.57247890538911,0.624
"1104",1,6,2,"SGP50",3.13762793123739,3.30193123940799,0.6875
"1105",1,6,3,"SGP50",5.09193695174656,3.68330684446953,0.8065
"1106",1,6,4,"SGP50",3.87946319770969,3.78187969085233,0.3295
"1107",1,6,5,"SGP50",10.4572048722983,4.50981496876488,0.9145
"1108",1,6,6,"SGP50",11.3015217619092,4.74316328090503,0.9375
"1109",1,6,7,"SGP50",3.46154237322568,3.5350150486149,0.4825
"1110",1,6,8,"SGP50",3.72456038400231,3.376622677429,0.642
"1111",1,6,9,"SGP50",3.51652781961782,3.35313058264407,0.5695
"1112",1,6,10,"SGP50",3.34779558570917,3.45986190669918,0.432
"1113",1,6,11,"SGP50",3.16044260030042,3.43259036447166,0.4535
"1114",1,6,12,"SGP50",2.94894955745886,3.23276127071714,0.528
"1115",1,6,13,"SGP50",8.51747622746834,4.45422321091263,0.1885
"1116",1,6,14,"SGP50",3.10222345860049,3.40631239121105,0.335
"1117",1,6,15,"SGP50",4.1577586518652,3.51085481829623,0.2365
"1118",1,6,16,"SGP50",2.10785059315966,3.09135836224711,0.447
"1119",1,6,17,"SGP50",5.84085522592964,3.83658826406469,0.143
"1120",1,6,18,"SGP50",3.94684200229954,3.30332073847968,0.218
"1121",1,6,19,"SGP50",2.96528543152566,3.19457527855991,0.266
"1122",1,6,20,"SGP50",6.04863630534538,3.93751186186518,0.8415
"1123",1,6,21,"SGP50",15.9430836033932,5.13409190847712,0.955
"1124",1,6,22,"SGP50",2.74996645870759,3.31310448384109,0.5395
"1125",1,6,23,"SGP50",6.25314836763692,4.05162835951235,0.199
"1126",1,6,24,"SGP50",2.16583892364632,3.20371657425066,0.5285
"1127",1,6,25,"SGP50",2.36161567071491,3.14592381904532,0.373
"1128",1,6,26,"SGP50",2.31379169747942,3.19506439776342,0.653
"1129",1,6,27,"SGP50",9.21508587912414,4.41371463633782,0.068
"1130",1,6,28,"SGP50",2.43823390131952,3.24439896244607,0.5525
"1131",1,6,29,"SGP50",4.69878868024158,3.58531100177973,0.811
"1132",1,6,30,"SGP50",1.92101379190376,3.08568285582404,0.4895
"1133",1,6,31,"SGP50",2.06918181784564,3.00370456592497,0.5465
"1134",1,6,32,"SGP50",2.02659079020027,3.0593321491482,0.472
"1135",1,6,33,"SGP50",2.26834129273053,3.10852495881628,0.614
"1136",1,6,34,"SGP50",3.43684862030062,3.29858509262136,0.2375
"1137",1,6,35,"SGP50",1.7305492325244,2.9232532003891,0.5595
"1138",1,6,36,"SGP50",2.04796501484424,2.97336773283831,0.3715
"1139",1,6,37,"SGP50",1.76100343225496,2.92275507341158,0.464
"1140",1,6,38,"SGP50",2.05551325481527,3.01232928768966,0.3835
"1141",1,7,1,"BMA",1.47057908082639,2.39732109963182,0.281
"1142",1,7,2,"BMA",0.720941915334449,2.03356737580325,0.5375
"1143",1,7,3,"BMA",0.653426909325797,1.93510968883119,0.596
"1144",1,7,4,"BMA",0.675901051338137,1.86425907472984,0.6405
"1145",1,7,5,"BMA",2.79394389950634,3.51876284441523,0.9755
"1146",1,7,6,"BMA",0.680073413151847,1.94822110423436,0.4115
"1147",1,7,7,"BMA",1.08107231804576,2.18262876774008,0.228
"1148",1,7,8,"BMA",1.54351578062801,2.40956658308886,0.8695
"1149",1,7,9,"BMA",0.979786407258447,2.0623288744347,0.26
"1150",1,7,10,"BMA",0.684221131298094,1.89783177812922,0.6685
"1151",1,7,11,"BMA",1.79109999086123,2.52930359561819,0.1035
"1152",1,7,12,"BMA",3.22710292779649,3.94890882549252,0.972
"1153",1,7,13,"BMA",2.50279752257348,2.74602202815751,0.0855
"1154",1,7,14,"BMA",0.82781204793173,2.02793247804381,0.3445
"1155",1,7,15,"BMA",0.809975984870972,2.07652741836439,0.6635
"1156",1,7,16,"BMA",0.614379406267417,1.857492110547,0.5415
"1157",1,7,17,"BMA",3.78326765308079,3.87829426047309,0.9685
"1158",1,7,18,"BMA",1.64266710980513,2.38106061828222,0.8125
"1159",1,7,19,"BMA",2.78735324584887,2.94489577978729,0.088
"1160",1,7,20,"BMA",0.673837623477999,2.03150961252847,0.5295
"1161",1,7,21,"BMA",1.17116422976888,2.14855526782977,0.7795
"1162",1,7,22,"BMA",0.788406668641117,2.07057959113863,0.6705
"1163",1,7,23,"BMA",0.610333882073462,1.89466471567456,0.4705
"1164",1,7,24,"BMA",0.600995066806002,1.90324928715878,0.5495
"1165",1,7,25,"BMA",0.883161572928507,1.97414968615785,0.7045
"1166",1,7,26,"BMA",0.743949870493,1.84275357806121,0.328
"1167",1,7,27,"BMA",1.35234034469579,2.29069454589383,0.1655
"1168",1,7,28,"BMA",1.30770120694419,2.21049628773521,0.1775
"1169",1,7,29,"BMA",2.32244539612462,2.87296804430119,0.0665
"1170",1,7,30,"BMA",0.688902346187225,1.80050572260387,0.639
"1171",1,7,31,"BMA",1.73368022316533,2.39171119618427,0.1175
"1172",1,7,32,"BMA",1.50866757370328,2.28783561100153,0.1565
"1173",1,7,33,"BMA",2.35326891956053,2.91731025511561,0.0645
"1174",1,7,34,"BMA",0.868140607611712,1.94744769786931,0.3205
"1175",1,7,35,"BMA",0.720532548279519,1.85657177051022,0.324
"1176",1,7,36,"BMA",0.601315079440935,1.78953310164716,0.395
"1177",1,7,37,"BMA",0.463837959361808,1.73893252997378,0.467
"1178",1,7,38,"BMA",0.632437564349165,0.90610059813951,0.3135
"1179",1,7,1,"AVS",1.47057908082639,2.43177340444517,0.2825
"1180",1,7,2,"AVS",0.707424351013436,1.9864624105481,0.6275
"1181",1,7,3,"AVS",0.678336749310442,1.84064640856219,0.6565
"1182",1,7,4,"AVS",0.68814418094518,1.80017189700382,0.684
"1183",1,7,5,"AVS",2.8684437927032,3.58267095364958,0.9765
"1184",1,7,6,"AVS",0.676494949076114,1.85947858734326,0.358
"1185",1,7,7,"AVS",1.09656412772608,2.07183852713783,0.2425
"1186",1,7,8,"AVS",1.52891846980223,2.37909819414132,0.8705
"1187",1,7,9,"AVS",0.964781119313984,1.98864461815308,0.2445
"1188",1,7,10,"AVS",0.682053116391493,1.82294757392601,0.6575
"1189",1,7,11,"AVS",1.76970120415369,2.44278698241433,0.104
"1190",1,7,12,"AVS",3.22742073370724,3.71309192455428,0.9755
"1191",1,7,13,"AVS",2.42358805182063,2.79603385816054,0.089
"1192",1,7,14,"AVS",0.817871090466298,2.0253788394919,0.342
"1193",1,7,15,"AVS",0.796615850569732,2.03911324927765,0.645
"1194",1,7,16,"AVS",0.617308397471186,1.89521611735689,0.564
"1195",1,7,17,"AVS",3.84298288876577,3.90038737330511,0.9815
"1196",1,7,18,"AVS",1.75237922146955,2.47859279256482,0.8335
"1197",1,7,19,"AVS",2.7972706876748,3.0104214941261,0.0635
"1198",1,7,20,"AVS",0.654811543047541,2.00339303726471,0.5295
"1199",1,7,21,"AVS",1.19276824685781,2.1515145043073,0.7595
"1200",1,7,22,"AVS",0.78424024478218,2.01822389076795,0.697
"1201",1,7,23,"AVS",0.598716936481253,1.85294713027601,0.491
"1202",1,7,24,"AVS",0.596872318578091,1.81526866501198,0.564
"1203",1,7,25,"AVS",0.88669592235943,1.99644132137351,0.6945
"1204",1,7,26,"AVS",0.739322639001214,1.88080044375984,0.3225
"1205",1,7,27,"AVS",1.36414338716829,2.31441876382924,0.1655
"1206",1,7,28,"AVS",1.32380027534148,2.24258944101082,0.1845
"1207",1,7,29,"AVS",2.3425230778096,2.92140599574597,0.056
"1208",1,7,30,"AVS",0.690598139768625,1.84797628640501,0.6545
"1209",1,7,31,"AVS",1.76136534508355,2.49538533678658,0.114
"1210",1,7,32,"AVS",1.52109988925959,2.39768007408628,0.1335
"1211",1,7,33,"AVS",2.24541485173891,2.67019873979641,0.0895
"1212",1,7,34,"AVS",0.697218954902026,1.78537294550512,0.374
"1213",1,7,35,"AVS",0.557652203584561,1.72762444508065,0.4415
"1214",1,7,36,"AVS",0.506990540554469,1.76610234771142,0.46
"1215",1,7,37,"AVS",0.486610710026407,1.68546912791965,0.493
"1216",1,7,38,"AVS",0.623767217657458,0.907678870013478,0.3315
"1217",1,7,1,"EQW",1.47057908082639,2.31252056125226,0.2875
"1218",1,7,2,"EQW",0.917090512779955,2.11261974662919,0.4415
"1219",1,7,3,"EQW",0.722790949572451,2.02944608411517,0.506
"1220",1,7,4,"EQW",0.707969822268657,1.98596183702436,0.557
"1221",1,7,5,"EQW",2.42919704084223,3.01836338793293,0.891
"1222",1,7,6,"EQW",0.785235469073399,2.17738962242468,0.5175
"1223",1,7,7,"EQW",1.01662625150902,2.22601538397918,0.3035
"1224",1,7,8,"EQW",1.41965333157067,2.47213874532525,0.773
"1225",1,7,9,"EQW",0.915079740674743,2.11598159485123,0.3205
"1226",1,7,10,"EQW",0.769327596946204,2.03111831283427,0.594
"1227",1,7,11,"EQW",1.6786543710469,2.41981864779462,0.169
"1228",1,7,12,"EQW",2.4632853130861,3.09323573497852,0.8795
"1229",1,7,13,"EQW",2.19851697403909,2.63746409995379,0.123
"1230",1,7,14,"EQW",0.873486697844001,2.07567726145813,0.3325
"1231",1,7,15,"EQW",0.843564811712125,2.10252560419892,0.646
"1232",1,7,16,"EQW",0.656427326728894,1.99764528274879,0.5365
"1233",1,7,17,"EQW",3.67925877544803,3.80284231020488,0.955
"1234",1,7,18,"EQW",1.72058072505446,2.49446128191315,0.7735
"1235",1,7,19,"EQW",2.13576962464326,2.66511971270694,0.163
"1236",1,7,20,"EQW",0.724740299215443,2.06630187252876,0.53
"1237",1,7,21,"EQW",1.12179097007628,2.27549654154423,0.7515
"1238",1,7,22,"EQW",0.846743587491997,2.14949250747667,0.636
"1239",1,7,23,"EQW",0.71382460794804,2.06144360035767,0.481
"1240",1,7,24,"EQW",0.662314269202292,1.89283282546339,0.523
"1241",1,7,25,"EQW",0.869419622882167,2.13682528308122,0.676
"1242",1,7,26,"EQW",0.863760199221214,2.05920324203814,0.3265
"1243",1,7,27,"EQW",1.45763984332462,2.33945819831793,0.159
"1244",1,7,28,"EQW",1.43973774391753,2.25799455237084,0.184
"1245",1,7,29,"EQW",2.39199310172773,2.85456365419123,0.0795
"1246",1,7,30,"EQW",0.724673441706257,2.00861475333804,0.575
"1247",1,7,31,"EQW",1.44540779346663,2.19461247918802,0.173
"1248",1,7,32,"EQW",1.46226332959285,2.20095758536792,0.1615
"1249",1,7,33,"EQW",2.47664205024144,2.90961595709252,0.07
"1250",1,7,34,"EQW",1.40313739365472,2.15892026157904,0.191
"1251",1,7,35,"EQW",1.10606984467242,1.8960686716525,0.223
"1252",1,7,36,"EQW",0.841604074116788,1.78488734495606,0.241
"1253",1,7,37,"EQW",0.562040016883789,1.53013746295472,0.3225
"1254",1,7,38,"EQW",0.961288456382526,1.39637623290874,0.1565
"1255",1,7,1,"SGP",1.47057908082639,2.38335863219829,0.2885
"1256",1,7,2,"SGP",0.705050573743345,2.05627823491923,0.552
"1257",1,7,3,"SGP",0.659878479721048,1.85770130847925,0.641
"1258",1,7,4,"SGP",0.679594661820519,1.86430184363473,0.664
"1259",1,7,5,"SGP",2.81409798359891,3.37515010276476,0.971
"1260",1,7,6,"SGP",0.674187257999035,1.94781198030968,0.3705
"1261",1,7,7,"SGP",1.08449439454542,2.14106489940535,0.216
"1262",1,7,8,"SGP",1.53106380608321,2.33576530628776,0.878
"1263",1,7,9,"SGP",0.995575688525419,2.01723670276007,0.2435
"1264",1,7,10,"SGP",0.679479837464072,1.79112609254617,0.6445
"1265",1,7,11,"SGP",1.79628167034054,2.46018059602978,0.0935
"1266",1,7,12,"SGP",3.28273250901476,3.55202207644013,0.97
"1267",1,7,13,"SGP",2.74727724343443,3.03548881997218,0.065
"1268",1,7,14,"SGP",0.697384558984669,1.98964680738259,0.375
"1269",1,7,15,"SGP",0.847529986866929,2.08588680925003,0.691
"1270",1,7,16,"SGP",0.578234866527795,1.82026478870235,0.555
"1271",1,7,17,"SGP",3.76797551133655,3.9664296827413,0.982
"1272",1,7,18,"SGP",1.29994436105525,2.20156456268117,0.765
"1273",1,7,19,"SGP",2.89253739439588,3.05172093088699,0.0605
"1274",1,7,20,"SGP",0.647532381513443,1.96909601664805,0.557
"1275",1,7,21,"SGP",1.19771218391358,2.1248340659438,0.7995
"1276",1,7,22,"SGP",0.739205634710501,1.97702795829218,0.6675
"1277",1,7,23,"SGP",0.584256608356107,1.86466073085633,0.4625
"1278",1,7,24,"SGP",0.59415851337432,1.84339278306263,0.542
"1279",1,7,25,"SGP",0.878276610595555,2.01235558957323,0.6885
"1280",1,7,26,"SGP",0.749494743066607,1.86931929478138,0.3205
"1281",1,7,27,"SGP",1.33108829678002,2.21210551696512,0.191
"1282",1,7,28,"SGP",1.26394581728211,2.20951509942357,0.185
"1283",1,7,29,"SGP",2.27795737469062,2.71568215976143,0.074
"1284",1,7,30,"SGP",0.642037234981347,1.79666364431322,0.6185
"1285",1,7,31,"SGP",1.73362425416267,2.42312348381176,0.1195
"1286",1,7,32,"SGP",1.54762516168182,2.30484259031399,0.157
"1287",1,7,33,"SGP",2.51576160949296,2.93773373704052,0.066
"1288",1,7,34,"SGP",1.24026092957405,2.03431716120206,0.207
"1289",1,7,35,"SGP",1.03734403770632,2.03907431905279,0.2215
"1290",1,7,36,"SGP",0.819004683124417,1.89685595825926,0.285
"1291",1,7,37,"SGP",0.451976927289099,1.69731767741447,0.494
"1292",1,7,38,"SGP",0.617248813814957,0.946595687660756,0.292
"1293",1,7,1,"SGP50",1.47057908082639,2.3631452709535,0.2865
"1294",1,7,2,"SGP50",0.905566289276384,2.12455497222842,0.4165
"1295",1,7,3,"SGP50",0.715332940548524,2.03847444913995,0.512
"1296",1,7,4,"SGP50",0.702893808496021,1.96856196407851,0.5665
"1297",1,7,5,"SGP50",2.45167743929029,3.14095426754402,0.895
"1298",1,7,6,"SGP50",0.771546742901881,2.15243138539405,0.497
"1299",1,7,7,"SGP50",1.01764743081734,2.17302218172065,0.3085
"1300",1,7,8,"SGP50",1.42766583428437,2.41562749723418,0.791
"1301",1,7,9,"SGP50",0.918245648603672,2.11202641484059,0.33
"1302",1,7,10,"SGP50",0.758772815597258,2.04970389092391,0.596
"1303",1,7,11,"SGP50",1.68741824778908,2.41083895402085,0.168
"1304",1,7,12,"SGP50",2.54912571889826,3.19247199683151,0.8915
"1305",1,7,13,"SGP50",2.25953414803389,2.66432209435815,0.1325
"1306",1,7,14,"SGP50",0.844756203183064,2.03261875003379,0.351
"1307",1,7,15,"SGP50",0.851245202821523,2.05004691346789,0.641
"1308",1,7,16,"SGP50",0.647471361994278,1.97579906408975,0.5405
"1309",1,7,17,"SGP50",3.68753452313743,3.78439057457897,0.957
"1310",1,7,18,"SGP50",1.62817908498885,2.53413806684837,0.7555
"1311",1,7,19,"SGP50",2.24506318370198,2.69078162450987,0.146
"1312",1,7,20,"SGP50",0.717268881326854,2.12639249510979,0.5085
"1313",1,7,21,"SGP50",1.13283375612677,2.23814205103618,0.747
"1314",1,7,22,"SGP50",0.834548974356789,2.08522324036152,0.619
"1315",1,7,23,"SGP50",0.705699084047498,2.05020676808803,0.4645
"1316",1,7,24,"SGP50",0.655432482796143,1.96591214282121,0.532
"1317",1,7,25,"SGP50",0.867459541310143,2.11862307128171,0.653
"1318",1,7,26,"SGP50",0.861829820671938,2.06762274742171,0.322
"1319",1,7,27,"SGP50",1.42768987258979,2.24830543358926,0.177
"1320",1,7,28,"SGP50",1.38581795421639,2.28751511214919,0.1775
"1321",1,7,29,"SGP50",2.31883016606663,2.67519953294688,0.0845
"1322",1,7,30,"SGP50",0.737974815278383,2.02081747356741,0.6145
"1323",1,7,31,"SGP50",1.46029213487239,2.33273599146628,0.158
"1324",1,7,32,"SGP50",1.43406133193064,2.24511967203258,0.172
"1325",1,7,33,"SGP50",2.41623869718268,2.91038398681166,0.0835
"1326",1,7,34,"SGP50",1.3291454166158,2.10762408570243,0.206
"1327",1,7,35,"SGP50",1.06021009621468,1.99744898073493,0.212
"1328",1,7,36,"SGP50",0.818897787195058,1.77742356092926,0.2445
"1329",1,7,37,"SGP50",0.542940582489388,1.58057462605167,0.352
"1330",1,7,38,"SGP50",0.913752157141492,1.27954429614699,0.192
"1331",1,8,1,"BMA",2.22356991060696,2.62730631914726,0.12
"1332",1,8,2,"BMA",0.596193748117944,1.76646453326914,0.58
"1333",1,8,3,"BMA",5.56590079523392,5.18291004539636,0.9755
"1334",1,8,4,"BMA",1.24522807870973,2.5599398841101,0.6255
"1335",1,8,5,"BMA",1.63911119222197,2.76519419083723,0.699
"1336",1,8,6,"BMA",1.0901226433582,2.43830181222226,0.443
"1337",1,8,7,"BMA",1.17088428494441,2.31804956453122,0.38
"1338",1,8,8,"BMA",1.8496125290297,2.44425147082279,0.19
"1339",1,8,9,"BMA",3.59002426348743,3.41258227024392,0.0375
"1340",1,8,10,"BMA",4.0884882047456,3.51677394989679,0.0395
"1341",1,8,11,"BMA",2.53951471775491,2.66210929247437,0.114
"1342",1,8,12,"BMA",0.884891075826244,1.96901600260761,0.306
"1343",1,8,13,"BMA",0.583835228827927,1.8490274753189,0.563
"1344",1,8,14,"BMA",1.61979718641684,2.35857600824104,0.0805
"1345",1,8,15,"BMA",0.83419042729116,1.67625044339857,0.25
"1346",1,8,16,"BMA",0.488604090270758,1.62210069597817,0.5815
"1347",1,8,17,"BMA",0.861957089846576,2.00267741090886,0.7755
"1348",1,8,18,"BMA",0.702419090436171,1.69507452273519,0.287
"1349",1,8,19,"BMA",0.580567678872952,1.69731623151072,0.322
"1350",1,8,20,"BMA",0.808623094510948,1.78911833912164,0.7875
"1351",1,8,21,"BMA",0.606259500884604,1.70661664431488,0.717
"1352",1,8,22,"BMA",1.5261347495129,2.52394499943372,0.0415
"1353",1,8,23,"BMA",1.23158222296088,1.93703598272947,0.086
"1354",1,8,24,"BMA",1.05998012158618,1.90427450827186,0.114
"1355",1,8,25,"BMA",2.65354308714015,4.24667267599976,0
"1356",1,8,26,"BMA",0.33510990000401,0.298921583821802,0
"1357",1,8,27,"BMA",0.157636280464457,-0.465167233681944,0
"1358",1,8,28,"BMA",0.0964879605656789,-0.977696462008937,0
"1359",1,8,29,"BMA",0.0675832008601063,-1.42929767461579,0
"1360",1,8,30,"BMA",0.0464224392305028,-1.84847462147755,0
"1361",1,8,31,"BMA",0.0354867741630238,-2.31072767868058,0
"1362",1,8,32,"BMA",0.0238175352240624,-2.98500499361911,0
"1363",1,8,33,"BMA",0.0170003096456857,-3.3513789113168,0
"1364",1,8,34,"BMA",0.0124848680275988,-4.21394652247754,0
"1365",1,8,35,"BMA",0.00581726961470783,-5.05025550852729,0
"1366",1,8,36,"BMA",0.00720932361989005,-5.49229591247352,0
"1367",1,8,37,"BMA",0.00438408088885797,-6.80272108819719,0
"1368",1,8,38,"BMA",0.00455167289519216,-7.18273707479238,0
"1369",1,8,1,"AVS",2.22356991060696,2.62239839123018,0.1105
"1370",1,8,2,"AVS",0.557076798982838,1.61868602401445,0.6865
"1371",1,8,3,"AVS",5.99522354845404,5.2192543814534,0.9925
"1372",1,8,4,"AVS",0.974483844648621,2.36132410647448,0.498
"1373",1,8,5,"AVS",1.49787695399886,2.48341479354086,0.748
"1374",1,8,6,"AVS",1.11183186610917,2.28283430474016,0.2905
"1375",1,8,7,"AVS",0.877944470617922,2.09566094730679,0.36
"1376",1,8,8,"AVS",1.3368634163158,2.23737195471875,0.2165
"1377",1,8,9,"AVS",2.11018977947133,2.70258772683459,0.107
"1378",1,8,10,"AVS",1.31508378985129,2.20782218434816,0.194
"1379",1,8,11,"AVS",0.729938357799848,1.84042498437033,0.3645
"1380",1,8,12,"AVS",0.572939930707712,1.84294452980441,0.529
"1381",1,8,13,"AVS",0.72224939427766,1.81673338515779,0.636
"1382",1,8,14,"AVS",1.96077827259265,2.67398783312693,0.0945
"1383",1,8,15,"AVS",0.573167079343927,1.95981197621227,0.505
"1384",1,8,16,"AVS",0.710898150982187,1.91601448455905,0.644
"1385",1,8,17,"AVS",0.720771865807168,1.84765379591989,0.6605
"1386",1,8,18,"AVS",1.1478047400176,2.11617934310547,0.213
"1387",1,8,19,"AVS",0.540543831953586,1.72882889875541,0.5235
"1388",1,8,20,"AVS",1.18840851779317,2.06510310326311,0.8255
"1389",1,8,21,"AVS",0.507881205952347,1.71636870656279,0.4975
"1390",1,8,22,"AVS",1.96389460315538,2.72650815847678,0.071
"1391",1,8,23,"AVS",0.477681379555638,1.75022173801524,0.506
"1392",1,8,24,"AVS",0.474915751793952,1.62168174316697,0.501
"1393",1,8,25,"AVS",1.22993622660485,1.55082016033783,0.15
"1394",1,8,26,"AVS",0.223609968892085,0.0513267608200146,0.508
"1395",1,8,27,"AVS",0.205445128688177,-0.0412781684223676,0.517
"1396",1,8,28,"AVS",0.22163847903128,-0.00367079597448784,0.4965
"1397",1,8,29,"AVS",0.217614791455649,-0.00233520523593995,0.5135
"1398",1,8,30,"AVS",0.241103972206289,0.0497908668350642,0.487
"1399",1,8,31,"AVS",0.23815616176671,-0.00373410100581186,0.5005
"1400",1,8,32,"AVS",0.224274695375062,0.0718267675932526,0.5105
"1401",1,8,33,"AVS",0.214865181748886,0.0493558529848216,0.5015
"1402",1,8,34,"AVS",0.227913473698426,0.119069025467403,0.4885
"1403",1,8,35,"AVS",0.21193843438566,-0.0970819757934913,0.496
"1404",1,8,36,"AVS",0.189906438261376,-0.21782488534393,0.5195
"1405",1,8,37,"AVS",0.204238875346249,-0.117774877925191,0.489
"1406",1,8,38,"AVS",0.194491238016757,-0.105136904863239,0.489
"1407",1,8,1,"EQW",2.22356991060696,2.5549924648144,0.124
"1408",1,8,2,"EQW",0.820514211360866,2.01808500343771,0.46
"1409",1,8,3,"EQW",4.00406054875996,3.74499909564064,0.8985
"1410",1,8,4,"EQW",1.04985422050076,2.44427889517635,0.569
"1411",1,8,5,"EQW",1.60720124853485,2.53613177078704,0.76
"1412",1,8,6,"EQW",0.984290030874298,2.35094315802083,0.449
"1413",1,8,7,"EQW",0.944055425919053,2.19724113924557,0.3975
"1414",1,8,8,"EQW",1.53031267214367,2.35011756461331,0.2165
"1415",1,8,9,"EQW",2.95416626358391,3.05126600452744,0.065
"1416",1,8,10,"EQW",2.64989002786821,2.83670091761052,0.097
"1417",1,8,11,"EQW",1.63203602549707,2.33365120103159,0.178
"1418",1,8,12,"EQW",0.755297403651275,1.96196442411275,0.3475
"1419",1,8,13,"EQW",0.661436501356199,1.87221210378246,0.63
"1420",1,8,14,"EQW",1.60987493741659,2.31183396050322,0.128
"1421",1,8,15,"EQW",0.605969065467817,1.71372019557723,0.3705
"1422",1,8,16,"EQW",0.589154720614581,1.77301630253485,0.6445
"1423",1,8,17,"EQW",0.82999095986053,1.95758369875853,0.729
"1424",1,8,18,"EQW",0.757285828303476,1.89402909708914,0.314
"1425",1,8,19,"EQW",0.490264085616509,1.76022564176204,0.4975
"1426",1,8,20,"EQW",1.24152313120702,2.18271745839078,0.839
"1427",1,8,21,"EQW",0.744962574054283,2.02738727931906,0.6785
"1428",1,8,22,"EQW",1.18297245437036,2.09108122975747,0.2015
"1429",1,8,23,"EQW",0.513121202030715,1.76562980963317,0.434
"1430",1,8,24,"EQW",0.488265128429569,1.70275114555457,0.4595
"1431",1,8,25,"EQW",1.35393435919135,1.82417004919538,0.0775
"1432",1,8,26,"EQW",0.367486956624495,0.37539064048101,0.2695
"1433",1,8,27,"EQW",0.243168004403967,-0.0163713913732607,0.2425
"1434",1,8,28,"EQW",0.199664497144003,-0.242754313253017,0.2445
"1435",1,8,29,"EQW",0.158107577215811,-0.349289782348738,0.2425
"1436",1,8,30,"EQW",0.141533398452626,-0.522737173737751,0.2525
"1437",1,8,31,"EQW",0.127053748793309,-0.692998960765918,0.2425
"1438",1,8,32,"EQW",0.112707289355231,-0.801079314417902,0.2475
"1439",1,8,33,"EQW",0.10486108071575,-0.973789843754056,0.254
"1440",1,8,34,"EQW",0.101443648449447,-0.976547318589684,0.2445
"1441",1,8,35,"EQW",0.0871355711663377,-1.07427707204013,0.2485
"1442",1,8,36,"EQW",0.0860753179447853,-1.10669757782437,0.263
"1443",1,8,37,"EQW",0.0847580656068336,-1.16939698224999,0.2595
"1444",1,8,38,"EQW",0.0789243506571525,-1.39622252277473,0.2595
"1445",1,8,1,"SGP",2.22356991060696,2.61447641873968,0.125
"1446",1,8,2,"SGP",0.560188530738716,1.66395541803641,0.623
"1447",1,8,3,"SGP",5.66589580903001,5.19555009680889,0.9835
"1448",1,8,4,"SGP",0.906992472700167,2.33957990768908,0.46
"1449",1,8,5,"SGP",1.53792335737778,2.39231287008957,0.785
"1450",1,8,6,"SGP",0.999536223019019,2.25647061166777,0.3355
"1451",1,8,7,"SGP",0.764012654066899,2.0567913672506,0.385
"1452",1,8,8,"SGP",1.18498995959107,2.17204555959077,0.2225
"1453",1,8,9,"SGP",2.03135014110584,2.67986641943381,0.107
"1454",1,8,10,"SGP",1.43815257618202,2.30535159214758,0.182
"1455",1,8,11,"SGP",0.823548586055543,1.97885915069948,0.3245
"1456",1,8,12,"SGP",0.579916042926007,1.85296741927946,0.506
"1457",1,8,13,"SGP",0.71574744913947,1.96182351478098,0.6435
"1458",1,8,14,"SGP",1.93308293145415,2.63673722799613,0.091
"1459",1,8,15,"SGP",0.574257419270773,1.87256042718844,0.5075
"1460",1,8,16,"SGP",0.700291355151574,1.91951648647727,0.672
"1461",1,8,17,"SGP",0.723714904046328,1.87055658642284,0.664
"1462",1,8,18,"SGP",1.12139314505145,2.12228284603346,0.217
"1463",1,8,19,"SGP",0.532366029823902,1.7443779764031,0.5195
"1464",1,8,20,"SGP",1.18228595273555,2.10173728178115,0.8335
"1465",1,8,21,"SGP",0.514363143034985,1.78156747155775,0.52
"1466",1,8,22,"SGP",1.90283475360927,2.63298879076187,0.0825
"1467",1,8,23,"SGP",0.487475327017285,1.83164434931275,0.4825
"1468",1,8,24,"SGP",0.478110878821143,1.59929892634925,0.5085
"1469",1,8,25,"SGP",1.24311765151574,1.54468578128687,0.151
"1470",1,8,26,"SGP",0.238309751796518,0.0259037082439766,0.4915
"1471",1,8,27,"SGP",0.212822820850871,-0.0401398195929785,0.4855
"1472",1,8,28,"SGP",0.223939407829621,0.0116947966955434,0.475
"1473",1,8,29,"SGP",0.212853769011285,-0.0153119274733934,0.4625
"1474",1,8,30,"SGP",0.22834207662514,0.00939256461389202,0.465
"1475",1,8,31,"SGP",0.22364324224352,-0.014494088566436,0.465
"1476",1,8,32,"SGP",0.209666626680106,-0.0557643006765253,0.482
"1477",1,8,33,"SGP",0.201384730818627,-0.11492885730704,0.4815
"1478",1,8,34,"SGP",0.212840642133932,0.0589493184512959,0.441
"1479",1,8,35,"SGP",0.191970479089765,-0.0448694399259058,0.4525
"1480",1,8,36,"SGP",0.177870984171349,-0.180741295397165,0.479
"1481",1,8,37,"SGP",0.186915797964043,-0.208161330815954,0.462
"1482",1,8,38,"SGP",0.177421071963883,-0.144209221616374,0.4565
"1483",1,8,1,"SGP50",2.22356991060696,2.49062909275948,0.1255
"1484",1,8,2,"SGP50",0.80400865190661,1.94654287937226,0.4625
"1485",1,8,3,"SGP50",4.08742199266564,3.70335594712738,0.915
"1486",1,8,4,"SGP50",1.0417519819722,2.41083292134048,0.557
"1487",1,8,5,"SGP50",1.62889211360598,2.54799336118742,0.7565
"1488",1,8,6,"SGP50",0.965808082993982,2.32104673512105,0.4275
"1489",1,8,7,"SGP50",0.908910474787191,2.25300619953545,0.3875
"1490",1,8,8,"SGP50",1.47539033570563,2.31046690547612,0.2075
"1491",1,8,9,"SGP50",2.88363431080192,3.01070511902632,0.0635
"1492",1,8,10,"SGP50",2.56772011245816,2.7733236527018,0.101
"1493",1,8,11,"SGP50",1.5744594179196,2.34315057322568,0.179
"1494",1,8,12,"SGP50",0.74052882427657,1.89800665274598,0.364
"1495",1,8,13,"SGP50",0.663423885825866,1.89697355149111,0.634
"1496",1,8,14,"SGP50",1.65642098668578,2.35135734992362,0.114
"1497",1,8,15,"SGP50",0.603549079398719,1.83849736806873,0.3825
"1498",1,8,16,"SGP50",0.593582060013777,1.73153354616029,0.6245
"1499",1,8,17,"SGP50",0.801678316229115,1.97062570932356,0.7175
"1500",1,8,18,"SGP50",0.804124910462544,1.87584234938921,0.3015
"1501",1,8,19,"SGP50",0.494859035376949,1.7203372749545,0.492
"1502",1,8,20,"SGP50",1.20853904701696,2.1054914083052,0.8315
"1503",1,8,21,"SGP50",0.695242644462396,1.90162862870082,0.6575
"1504",1,8,22,"SGP50",1.27285269827941,2.1785062995943,0.1715
"1505",1,8,23,"SGP50",0.521980575695857,1.77557705521845,0.4145
"1506",1,8,24,"SGP50",0.493142997470611,1.71519721729774,0.4465
"1507",1,8,25,"SGP50",1.36954861844224,1.69933727376661,0.094
"1508",1,8,26,"SGP50",0.361308000106585,0.342952624949965,0.2705
"1509",1,8,27,"SGP50",0.244500635135097,0.0151037454318284,0.283
"1510",1,8,28,"SGP50",0.204206546713298,-0.234284808542198,0.269
"1511",1,8,29,"SGP50",0.16329705752712,-0.334982415393981,0.266
"1512",1,8,30,"SGP50",0.148115699158724,-0.557615632513688,0.254
"1513",1,8,31,"SGP50",0.133559982566086,-0.589451032558468,0.252
"1514",1,8,32,"SGP50",0.118976070673035,-0.851438960780123,0.2835
"1515",1,8,33,"SGP50",0.111019137343402,-0.950918007544206,0.2835
"1516",1,8,34,"SGP50",0.107734178481183,-1.00303482918302,0.256
"1517",1,8,35,"SGP50",0.0923991289587512,-0.897600701033276,0.2605
"1518",1,8,36,"SGP50",0.0909349131355912,-1.00889394535551,0.2625
"1519",1,8,37,"SGP50",0.0894077647306441,-1.0980538811171,0.2435
"1520",1,8,38,"SGP50",0.0830493179286718,-1.31833772545568,0.2625
"1521",1,9,1,"BMA",4.42584890123906,3.64776370295342,0.705
"1522",1,9,2,"BMA",2.34131746261486,3.15343707817248,0.463
"1523",1,9,3,"BMA",9.6121103138827,4.87791736626371,0.9395
"1524",1,9,4,"BMA",4.5876032570609,3.70280577221425,0.639
"1525",1,9,5,"BMA",3.29243720078544,3.44249178356367,0.592
"1526",1,9,6,"BMA",2.46162984155416,3.13271683867525,0.587
"1527",1,9,7,"BMA",3.52185850132042,3.14258294310554,0.8275
"1528",1,9,8,"BMA",7.53676036287477,4.57895505649359,0.968
"1529",1,9,9,"BMA",19.7470367895972,11.318098747624,1
"1530",1,9,10,"BMA",32.0033782712663,6.99290594989674,0.991
"1531",1,9,11,"BMA",7.93895268109496,4.20970909560461,0.7475
"1532",1,9,12,"BMA",5.47165769099066,3.92329397361336,0.685
"1533",1,9,13,"BMA",9.57599835591181,4.28777568680295,0.167
"1534",1,9,14,"BMA",5.92391481567184,4.15419086624897,0.412
"1535",1,9,15,"BMA",6.07505574238479,4.02445806182798,0.498
"1536",1,9,16,"BMA",4.77744944718648,3.83466212906845,0.5505
"1537",1,9,17,"BMA",13.6888056200807,4.71471116651187,0.125
"1538",1,9,18,"BMA",6.53979833459874,4.08136847472331,0.301
"1539",1,9,19,"BMA",6.39966265466361,3.95822181915049,0.3175
"1540",1,9,20,"BMA",4.35552620968219,3.86794823123855,0.4655
"1541",1,9,21,"BMA",4.91044317208143,3.86637255303965,0.6805
"1542",1,9,22,"BMA",7.85203679205045,4.31400891319351,0.8215
"1543",1,9,23,"BMA",4.37766389932784,3.90409334251252,0.6025
"1544",1,9,24,"BMA",4.39602668167901,3.74819018954871,0.677
"1545",1,9,25,"BMA",3.27102145371206,3.35270923511979,0.379
"1546",1,9,26,"BMA",3.617690293551,3.38637122128248,0.756
"1547",1,9,27,"BMA",2.59551064699799,3.1113061491831,0.684
"1548",1,9,28,"BMA",2.40750180111878,3.11667470468662,0.6835
"1549",1,9,29,"BMA",1.58246778193915,2.77578570641431,0.48
"1550",1,9,30,"BMA",1.51978043311752,2.75707891660117,0.402
"1551",1,9,31,"BMA",2.89524328988836,3.01939342037473,0.16
"1552",1,9,32,"BMA",5.48897268634196,4.08188027851873,0.033
"1553",1,9,33,"BMA",2.22532157294571,2.77076453072433,0.204
"1554",1,9,34,"BMA",1.76204699652191,2.46308855492197,0.207
"1555",1,9,35,"BMA",0.934753300956799,2.35173778678415,0.3965
"1556",1,9,36,"BMA",0.808901091498729,2.20088813371565,0.531
"1557",1,9,37,"BMA",1.39124536721719,2.29639675320999,0.241
"1558",1,9,38,"BMA",0.748480916584529,2.10534441212697,0.448
"1559",1,9,1,"AVS",4.42584890123906,3.6296590067022,0.6985
"1560",1,9,2,"AVS",2.61034603797387,3.28661325972794,0.423
"1561",1,9,3,"AVS",10.6068740362235,4.5675283938658,0.929
"1562",1,9,4,"AVS",3.28303013679269,3.59694023132146,0.518
"1563",1,9,5,"AVS",2.19673587381529,3.09492346753487,0.4555
"1564",1,9,6,"AVS",1.41689497683844,2.68152420879393,0.564
"1565",1,9,7,"AVS",2.96272886637745,2.98665951855911,0.844
"1566",1,9,8,"AVS",7.0964862130289,4.75238937174925,0.986
"1567",1,9,9,"AVS",18.5455055344518,19.6626787669646,1
"1568",1,9,10,"AVS",2.72840503282781,3.20339711816257,0.3085
"1569",1,9,11,"AVS",21.4080383978187,9.06450287990463,5e-04
"1570",1,9,12,"AVS",2.88191922238683,3.31980929230682,0.678
"1571",1,9,13,"AVS",17.1485661455461,5.55134911039556,0.0105
"1572",1,9,14,"AVS",7.5500180125794,3.94446154069686,0.11
"1573",1,9,15,"AVS",5.3657560310938,3.5932037323667,0.181
"1574",1,9,16,"AVS",2.55881372931062,3.26920659599339,0.5505
"1575",1,9,17,"AVS",18.5110007966322,5.99234401350937,0.01
"1576",1,9,18,"AVS",2.97310904775183,3.33399283118568,0.6135
"1577",1,9,19,"AVS",5.1619178173166,3.7453398435638,0.2245
"1578",1,9,20,"AVS",2.44982137791947,3.43934193014888,0.577
"1579",1,9,21,"AVS",3.65425945154487,3.40417630710422,0.7245
"1580",1,9,22,"AVS",4.26567832186485,3.58162252359314,0.7425
"1581",1,9,23,"AVS",4.59574093030802,3.65560409264718,0.2485
"1582",1,9,24,"AVS",2.52829986386615,3.365484819614,0.609
"1583",1,9,25,"AVS",4.82778061796971,3.50351451786126,0.1925
"1584",1,9,26,"AVS",8.88999018824575,4.13725018809801,0.929
"1585",1,9,27,"AVS",2.41319483237109,3.22315844338561,0.5315
"1586",1,9,28,"AVS",2.47219030843792,3.28601076385861,0.4665
"1587",1,9,29,"AVS",2.48083343443818,3.17270198321032,0.4135
"1588",1,9,30,"AVS",2.75864565479992,3.32344161625967,0.6225
"1589",1,9,31,"AVS",2.31103904154389,3.21406722896865,0.4815
"1590",1,9,32,"AVS",2.21476075940631,3.17394596253603,0.5315
"1591",1,9,33,"AVS",4.22372914497326,3.39201480899093,0.7705
"1592",1,9,34,"AVS",2.17447476048354,3.2355856569216,0.557
"1593",1,9,35,"AVS",2.2524564077687,3.22430611378159,0.566
"1594",1,9,36,"AVS",2.08023177907212,3.14804273494307,0.5525
"1595",1,9,37,"AVS",2.41636322942034,3.18766116296335,0.373
"1596",1,9,38,"AVS",2.41615752740248,3.18706949877205,0.605
"1597",1,9,1,"EQW",4.42584890123906,3.67826060758622,0.701
"1598",1,9,2,"EQW",2.35992472965501,3.11012360911333,0.461
"1599",1,9,3,"EQW",8.67314813935149,4.30199779678222,0.884
"1600",1,9,4,"EQW",3.91050810730609,3.48816160411412,0.6655
"1601",1,9,5,"EQW",3.88832265842597,3.49931518163017,0.7005
"1602",1,9,6,"EQW",4.38861145476351,3.42693377316051,0.707
"1603",1,9,7,"EQW",7.548628279916,3.74278704092035,0.8675
"1604",1,9,8,"EQW",13.326801888995,4.68689545577953,0.966
"1605",1,9,9,"EQW",29.1687306545267,7.72552131472006,0.999
"1606",1,9,10,"EQW",20.6107413802421,4.67959999639498,0.8245
"1607",1,9,11,"EQW",9.81759652966221,4.61235247261091,0.605
"1608",1,9,12,"EQW",8.03070879511241,3.99191574802905,0.7775
"1609",1,9,13,"EQW",8.18967190620785,4.4717847476005,0.2865
"1610",1,9,14,"EQW",5.16839637857297,4.07983814877679,0.415
"1611",1,9,15,"EQW",4.77947593330753,3.89692724021702,0.473
"1612",1,9,16,"EQW",4.6080544937138,3.76503780281986,0.6015
"1613",1,9,17,"EQW",11.5343544912404,4.57811997383998,0.143
"1614",1,9,18,"EQW",4.85749686539661,3.7600307953271,0.38
"1615",1,9,19,"EQW",6.62143105116133,3.94505898365144,0.238
"1616",1,9,20,"EQW",4.77049900807831,3.83404256724647,0.374
"1617",1,9,21,"EQW",3.8870309023683,3.79789402938314,0.485
"1618",1,9,22,"EQW",4.13497119501628,3.79731016545977,0.618
"1619",1,9,23,"EQW",4.36790382111357,3.77896320378836,0.3685
"1620",1,9,24,"EQW",3.38934091860595,3.65497156289971,0.495
"1621",1,9,25,"EQW",6.42597495593098,3.8112239047362,0.205
"1622",1,9,26,"EQW",3.59838080732854,3.62312440078906,0.57
"1623",1,9,27,"EQW",3.09490895550647,3.40313452398709,0.4345
"1624",1,9,28,"EQW",3.00785314960289,3.3979135142446,0.4125
"1625",1,9,29,"EQW",3.74881607621851,3.40418566540376,0.301
"1626",1,9,30,"EQW",3.07296641470021,3.38825832056641,0.3695
"1627",1,9,31,"EQW",4.24342198176415,3.43171799640377,0.244
"1628",1,9,32,"EQW",5.03830142917779,3.69008005739333,0.2165
"1629",1,9,33,"EQW",2.94305679109531,3.43410834114733,0.389
"1630",1,9,34,"EQW",2.83580301195826,3.218746470642,0.302
"1631",1,9,35,"EQW",2.22120370541646,2.97957833126167,0.382
"1632",1,9,36,"EQW",1.9287865228307,2.89870319993834,0.44
"1633",1,9,37,"EQW",2.54057804993516,2.96468760161383,0.285
"1634",1,9,38,"EQW",1.73005474974756,2.82941324317413,0.4525
"1635",1,9,1,"SGP",4.42584890123906,3.61797150035996,0.702
"1636",1,9,2,"SGP",2.09613827263992,2.9561493285528,0.549
"1637",1,9,3,"SGP",9.66980646692393,5.91079963384115,0.985
"1638",1,9,4,"SGP",1.61552013446941,2.82613293049514,0.5945
"1639",1,9,5,"SGP",1.39595602544033,2.76286801338836,0.5815
"1640",1,9,6,"SGP",1.3192216022095,2.60856105131432,0.59
"1641",1,9,7,"SGP",3.00837169449,3.02361566906272,0.849
"1642",1,9,8,"SGP",7.15554048847218,4.55847836875234,0.9855
"1643",1,9,9,"SGP",18.6313924667879,15.6852050641211,1
"1644",1,9,10,"SGP",2.70748992116097,3.17096874704558,0.3235
"1645",1,9,11,"SGP",21.0723471089501,8.65229172669419,0.0075
"1646",1,9,12,"SGP",2.9030809514971,3.3266688516649,0.654
"1647",1,9,13,"SGP",17.0523841315443,5.73146427798147,0.0115
"1648",1,9,14,"SGP",7.50993430821048,3.92413733804791,0.14
"1649",1,9,15,"SGP",5.34255914563371,3.64752443720236,0.1715
"1650",1,9,16,"SGP",2.56691193402381,3.29049070601305,0.525
"1651",1,9,17,"SGP",18.4658789551614,5.61349850920636,0.013
"1652",1,9,18,"SGP",2.97368351929805,3.42314319198846,0.624
"1653",1,9,19,"SGP",5.17374632213607,3.63618236783901,0.237
"1654",1,9,20,"SGP",2.45678452290035,3.36394448386203,0.594
"1655",1,9,21,"SGP",3.64625167316355,3.50436298182413,0.6965
"1656",1,9,22,"SGP",4.26129042214983,3.45948506734953,0.7525
"1657",1,9,23,"SGP",4.59372244755363,3.5390172957666,0.2725
"1658",1,9,24,"SGP",2.53209986019769,3.25360159954937,0.6125
"1659",1,9,25,"SGP",4.83745017702088,3.49980001484621,0.208
"1660",1,9,26,"SGP",8.83412290343089,4.087087801254,0.9205
"1661",1,9,27,"SGP",2.41555513057358,3.29522224580775,0.5125
"1662",1,9,28,"SGP",2.47483760799089,3.37219907748215,0.464
"1663",1,9,29,"SGP",2.48523344533252,3.2723539370416,0.428
"1664",1,9,30,"SGP",2.75045099815076,3.35020660248932,0.6205
"1665",1,9,31,"SGP",2.31380393627227,3.17889038269505,0.485
"1666",1,9,32,"SGP",2.21870432812303,3.16902489281797,0.512
"1667",1,9,33,"SGP",4.19628697447031,3.46161416068137,0.7775
"1668",1,9,34,"SGP",2.17258424487553,3.19547024970795,0.5435
"1669",1,9,35,"SGP",2.24841989500474,3.20659904727642,0.5625
"1670",1,9,36,"SGP",2.07692988892938,3.22720914636719,0.544
"1671",1,9,37,"SGP",2.41508168604977,3.10328514047295,0.3665
"1672",1,9,38,"SGP",2.40724766923173,3.23004260372021,0.6245
"1673",1,9,1,"SGP50",4.42584890123906,3.65073530018044,0.7245
"1674",1,9,2,"SGP50",2.33019988447313,3.10332804165561,0.4865
"1675",1,9,3,"SGP50",8.91781141976054,4.47566021120338,0.906
"1676",1,9,4,"SGP50",3.84736650499599,3.45755450074005,0.6865
"1677",1,9,5,"SGP50",3.69534494799634,3.39239586229619,0.6775
"1678",1,9,6,"SGP50",3.9321782003624,3.35796143611769,0.6995
"1679",1,9,7,"SGP50",6.56152427255884,3.62171784510287,0.873
"1680",1,9,8,"SGP50",11.4798855313799,4.59327764043458,0.967
"1681",1,9,9,"SGP50",25.2137143523103,7.87140429332863,0.999
"1682",1,9,10,"SGP50",10.7652704420987,4.11949714794429,0.687
"1683",1,9,11,"SGP50",9.70542247745515,4.96262777374313,0.3425
"1684",1,9,12,"SGP50",4.61652136968647,3.60844378011573,0.7075
"1685",1,9,13,"SGP50",12.2719179625683,4.69155264335056,0.1325
"1686",1,9,14,"SGP50",5.78302591443348,3.90537909613263,0.267
"1687",1,9,15,"SGP50",4.51231563604272,3.73876367063998,0.3045
"1688",1,9,16,"SGP50",3.1122817104361,3.44259004809727,0.564
"1689",1,9,17,"SGP50",16.1220929835228,5.29297265727786,0.048
"1690",1,9,18,"SGP50",3.41214733553576,3.51507825813949,0.496
"1691",1,9,19,"SGP50",5.89422721323237,3.73496417107922,0.247
"1692",1,9,20,"SGP50",3.09777135772557,3.54211397224532,0.4895
"1693",1,9,21,"SGP50",3.43402210112616,3.54927033128797,0.6205
"1694",1,9,22,"SGP50",4.08910605283427,3.60166541225228,0.7115
"1695",1,9,23,"SGP50",4.57062338968489,3.62820599402817,0.311
"1696",1,9,24,"SGP50",2.78736641614013,3.3585598458999,0.5675
"1697",1,9,25,"SGP50",5.40638656050291,3.61296571280251,0.184
"1698",1,9,26,"SGP50",6.31196203603928,3.85968466369742,0.7955
"1699",1,9,27,"SGP50",2.58461220188521,3.30911677301104,0.477
"1700",1,9,28,"SGP50",2.630647037635,3.37332764979917,0.4515
"1701",1,9,29,"SGP50",2.78359468123308,3.27457102416843,0.372
"1702",1,9,30,"SGP50",2.50527942628497,3.38673265888946,0.5355
"1703",1,9,31,"SGP50",2.62819596885359,3.25938401069793,0.412
"1704",1,9,32,"SGP50",2.69068911222405,3.35592537504282,0.4285
"1705",1,9,33,"SGP50",3.10398414017208,3.45563506904,0.624
"1706",1,9,34,"SGP50",2.17077169795722,3.10091728949174,0.4795
"1707",1,9,35,"SGP50",2.08558261606805,3.15180099128163,0.518
"1708",1,9,36,"SGP50",1.92766333002357,3.03987590291679,0.525
"1709",1,9,37,"SGP50",2.36450206528856,3.08207210844866,0.34
"1710",1,9,38,"SGP50",1.99567395613779,3.07238160812914,0.5585
"1711",1,10,1,"BMA",1.42030052404363,2.17543821248438,0.236
"1712",1,10,2,"BMA",1.76702425200622,2.71574507679396,0.09
"1713",1,10,3,"BMA",0.671741829236807,1.89702456982017,0.363
"1714",1,10,4,"BMA",1.35713062191806,2.28334110053988,0.865
"1715",1,10,5,"BMA",8.9221117727227,7.4038876382251,0.999
"1716",1,10,6,"BMA",5.11044757212292,3.75456925148718,0.8395
"1717",1,10,7,"BMA",2.35622542769193,3.14236074714246,0.4035
"1718",1,10,8,"BMA",2.94191370727767,3.24740791819345,0.769
"1719",1,10,9,"BMA",8.79118527720517,4.43912039307073,0.9485
"1720",1,10,10,"BMA",5.4166996915243,3.75340226619812,0.821
"1721",1,10,11,"BMA",2.6760235435383,3.29149717334347,0.6425
"1722",1,10,12,"BMA",5.82932230375759,3.68209702604385,0.828
"1723",1,10,13,"BMA",6.41364800833011,3.69525476136763,0.8455
"1724",1,10,14,"BMA",7.41994564942025,3.85554013485178,0.889
"1725",1,10,15,"BMA",9.65585607964063,4.27704324157122,0.9195
"1726",1,10,16,"BMA",16.6232207358112,5.68894775556886,0.98
"1727",1,10,17,"BMA",12.1025929792741,4.4822391047836,0.9315
"1728",1,10,18,"BMA",2.9570732402828,3.36752155669201,0.535
"1729",1,10,19,"BMA",3.15635739378096,3.54186302033059,0.504
"1730",1,10,20,"BMA",3.39318227984804,3.54974341030289,0.599
"1731",1,10,21,"BMA",3.09168192262656,3.42288829577185,0.5965
"1732",1,10,22,"BMA",4.0571729319958,3.45873779884679,0.2835
"1733",1,10,23,"BMA",10.2766060492191,4.38583497650931,0.06
"1734",1,10,24,"BMA",2.45917713077102,3.26132677665401,0.4795
"1735",1,10,25,"BMA",2.33755669384692,3.18745156665642,0.5355
"1736",1,10,26,"BMA",2.62185546314441,3.23689213833977,0.6425
"1737",1,10,27,"BMA",2.84666122589673,3.21827849055412,0.2945
"1738",1,10,28,"BMA",5.30783394827148,3.47615483470606,0.1315
"1739",1,10,29,"BMA",1.84280588934866,2.9096328460837,0.3805
"1740",1,10,30,"BMA",1.54955096779705,2.79317767827744,0.445
"1741",1,10,31,"BMA",5.17469750996992,3.69275145296717,0.082
"1742",1,10,32,"BMA",6.5161011677258,4.12926652565637,0.039
"1743",1,10,33,"BMA",6.61832506498949,4.07747402141955,0.0425
"1744",1,10,34,"BMA",6.91280819755961,4.53375818006681,0.0215
"1745",1,10,35,"BMA",6.3485627710583,4.32908503434676,0.036
"1746",1,10,36,"BMA",2.67282755029875,3.05197937235122,0.222
"1747",1,10,37,"BMA",3.32386068581814,3.21787693857395,0.168
"1748",1,10,38,"BMA",1.36685781672216,2.75594740788742,0.4795
"1749",1,10,1,"AVS",1.42030052404363,2.17602227178122,0.2405
"1750",1,10,2,"AVS",1.69500128676712,2.67648826373913,0.097
"1751",1,10,3,"AVS",0.669681172348071,1.82197897962434,0.348
"1752",1,10,4,"AVS",1.32650482107764,2.25657244444297,0.8735
"1753",1,10,5,"AVS",9.02035168172141,8.40310679008432,0.998
"1754",1,10,6,"AVS",4.79888802556211,3.52516244388452,0.869
"1755",1,10,7,"AVS",1.04157424320777,2.26028162208837,0.3885
"1756",1,10,8,"AVS",3.30762748295495,3.09517341409992,0.921
"1757",1,10,9,"AVS",8.97973827439106,5.99801515666075,0.9965
"1758",1,10,10,"AVS",3.76279820324094,3.30168932311064,0.899
"1759",1,10,11,"AVS",1.4590613384168,2.60238367897059,0.6505
"1760",1,10,12,"AVS",5.57635772194914,3.84392574527691,0.9455
"1761",1,10,13,"AVS",3.85905861021395,3.34152739054124,0.9
"1762",1,10,14,"AVS",3.6904421827861,3.24857397781632,0.8915
"1763",1,10,15,"AVS",3.60355458004922,3.17378771930047,0.8575
"1764",1,10,16,"AVS",6.04945224491809,4.36859659685537,0.9785
"1765",1,10,17,"AVS",4.22478775607505,3.38612945613067,0.0665
"1766",1,10,18,"AVS",12.9901948350507,9.22299544029986,0
"1767",1,10,19,"AVS",1.36000266152321,2.68690284033025,0.558
"1768",1,10,20,"AVS",1.76404095379281,2.71794757994604,0.664
"1769",1,10,21,"AVS",1.06857068195009,2.47432111094468,0.4875
"1770",1,10,22,"AVS",7.61607320661439,4.97680836985577,0.0175
"1771",1,10,23,"AVS",9.28131793545006,4.92697100864093,0.015
"1772",1,10,24,"AVS",6.47635627831617,4.25269534904382,0.942
"1773",1,10,25,"AVS",1.83101047092135,2.85210039426253,0.3515
"1774",1,10,26,"AVS",1.3917314958753,2.76001967545222,0.5115
"1775",1,10,27,"AVS",5.9235004700571,3.7626748748218,0.069
"1776",1,10,28,"AVS",6.78485606434086,4.03611031602182,0.0555
"1777",1,10,29,"AVS",1.45193124976617,2.70214212687191,0.4445
"1778",1,10,30,"AVS",2.48301225676433,2.97364665015714,0.256
"1779",1,10,31,"AVS",7.76974411037755,4.32630244721608,0.0335
"1780",1,10,32,"AVS",4.99973773653439,3.51290875065686,0.099
"1781",1,10,33,"AVS",3.52717863414782,3.15398485187677,0.2015
"1782",1,10,34,"AVS",2.8935330044823,3.06308364205717,0.245
"1783",1,10,35,"AVS",1.56080397528341,2.88042152320919,0.4955
"1784",1,10,36,"AVS",3.30249884158233,3.18957625810237,0.8325
"1785",1,10,37,"AVS",1.81630033846508,2.79536464088734,0.344
"1786",1,10,38,"AVS",3.10377933730622,3.10657894484827,0.7945
"1787",1,10,1,"EQW",1.42030052404363,2.28089197448302,0.232
"1788",1,10,2,"EQW",2.11692912693673,2.57400207848492,0.105
"1789",1,10,3,"EQW",1.00296064683887,2.11275148431062,0.3355
"1790",1,10,4,"EQW",1.15049002280595,2.40223802426279,0.7275
"1791",1,10,5,"EQW",7.22875856364303,4.87476272110662,0.9625
"1792",1,10,6,"EQW",5.09762001697746,3.55168169808132,0.879
"1793",1,10,7,"EQW",1.37576102546552,2.61582966286737,0.455
"1794",1,10,8,"EQW",3.11072259444362,3.21634195876405,0.849
"1795",1,10,9,"EQW",8.72081916609766,5.01588995389748,0.9725
"1796",1,10,10,"EQW",3.33993265644578,3.37408958923201,0.684
"1797",1,10,11,"EQW",2.05738798325208,3.04303161699619,0.5545
"1798",1,10,12,"EQW",5.28612736929745,3.69666175898823,0.891
"1799",1,10,13,"EQW",3.68732656678404,3.17416996786848,0.7905
"1800",1,10,14,"EQW",3.67040320385899,3.14039427750023,0.774
"1801",1,10,15,"EQW",4.45528201476596,3.23300260677513,0.8215
"1802",1,10,16,"EQW",10.2877904127595,4.65082543325643,0.9695
"1803",1,10,17,"EQW",5.03467393206423,3.7155853786255,0.698
"1804",1,10,18,"EQW",4.14109244122658,3.70871310057703,0.292
"1805",1,10,19,"EQW",1.98484646111204,3.01744024937834,0.5785
"1806",1,10,20,"EQW",2.19032863010244,3.05869771561726,0.6035
"1807",1,10,21,"EQW",1.96151695773266,2.95905594554482,0.5865
"1808",1,10,22,"EQW",4.71416793054381,3.6620327072063,0.172
"1809",1,10,23,"EQW",8.79517262608133,4.41271089760617,0.036
"1810",1,10,24,"EQW",2.99331079916585,3.4945152421514,0.655
"1811",1,10,25,"EQW",3.14425117914715,3.38536092109775,0.336
"1812",1,10,26,"EQW",2.71156290310538,3.25421839037702,0.6765
"1813",1,10,27,"EQW",4.86549156048563,3.54655860319134,0.165
"1814",1,10,28,"EQW",4.93726889847894,3.46573637584525,0.1435
"1815",1,10,29,"EQW",1.62136686671059,2.84680597238693,0.434
"1816",1,10,30,"EQW",2.05395373286969,2.92302055934305,0.318
"1817",1,10,31,"EQW",4.34337847987959,3.33833680302485,0.1465
"1818",1,10,32,"EQW",4.24422190627476,3.29079923425167,0.156
"1819",1,10,33,"EQW",4.01732617333287,3.27751877276623,0.184
"1820",1,10,34,"EQW",3.8856291482577,3.45301027900368,0.2105
"1821",1,10,35,"EQW",3.69173067029761,3.39284562619193,0.219
"1822",1,10,36,"EQW",2.25387817008167,3.23671602915812,0.365
"1823",1,10,37,"EQW",2.86869764581578,3.13980119701317,0.215
"1824",1,10,38,"EQW",1.53431762081325,2.80933146772679,0.506
"1825",1,10,1,"SGP",1.42030052404363,2.23403377955983,0.223
"1826",1,10,2,"SGP",1.67026616381736,2.59193066782831,0.0975
"1827",1,10,3,"SGP",0.629987091532614,1.75849304921687,0.337
"1828",1,10,4,"SGP",1.33019623035031,2.23891334509674,0.8875
"1829",1,10,5,"SGP",9.26700437027158,7.22015669682555,0.9985
"1830",1,10,6,"SGP",8.63453486482896,4.43260179803167,0.9655
"1831",1,10,7,"SGP",1.01456421768012,2.28452990101741,0.4
"1832",1,10,8,"SGP",3.30011797807197,3.18077590249351,0.919
"1833",1,10,9,"SGP",8.97213692405948,6.04959405189524,0.9945
"1834",1,10,10,"SGP",3.28804994990392,3.1585632090341,0.821
"1835",1,10,11,"SGP",1.39275682662076,2.63707120336744,0.62
"1836",1,10,12,"SGP",5.47158877448068,3.85138240615109,0.952
"1837",1,10,13,"SGP",3.35229525381273,3.05463193831833,0.861
"1838",1,10,14,"SGP",1.28357787992744,2.46557374142534,0.624
"1839",1,10,15,"SGP",1.07431590075245,2.31377790475165,0.6015
"1840",1,10,16,"SGP",5.84794895720392,4.34464250461204,0.9785
"1841",1,10,17,"SGP",4.03719665859976,3.51976637353002,0.08
"1842",1,10,18,"SGP",12.7045809404462,7.33766238808307,0.007
"1843",1,10,19,"SGP",1.35079098552706,2.41303728028657,0.676
"1844",1,10,20,"SGP",0.994070716117522,2.32684363940601,0.4415
"1845",1,10,21,"SGP",0.930062656288785,2.31285179619855,0.4235
"1846",1,10,22,"SGP",8.4843951337347,6.133316314249,0.0055
"1847",1,10,23,"SGP",6.1625717252679,4.14518686957402,0.04
"1848",1,10,24,"SGP",7.58335722848321,4.96742757378306,0.983
"1849",1,10,25,"SGP",9.63138890312446,5.88218070055422,0.0065
"1850",1,10,26,"SGP",6.03613699610126,3.97824780617282,0.956
"1851",1,10,27,"SGP",8.55595127813502,4.64950979308823,0.0255
"1852",1,10,28,"SGP",6.6879203239133,3.86273465858891,0.0575
"1853",1,10,29,"SGP",1.35953056665035,2.64740147237306,0.602
"1854",1,10,30,"SGP",2.7012924677969,3.05025714857732,0.1975
"1855",1,10,31,"SGP",1.39869977933558,2.56511679941383,0.34
"1856",1,10,32,"SGP",1.20832966807595,2.56737696609835,0.438
"1857",1,10,33,"SGP",1.20425641326803,2.602755330604,0.4515
"1858",1,10,34,"SGP",1.53334756856083,2.66621619068484,0.653
"1859",1,10,35,"SGP",1.46428942392586,2.61162354956533,0.6615
"1860",1,10,36,"SGP",3.86267273134155,3.2525807904326,0.8785
"1861",1,10,37,"SGP",1.23588867972773,2.553902742768,0.553
"1862",1,10,38,"SGP",4.29693456451817,3.37923332326013,0.9085
"1863",1,10,1,"SGP50",1.42030052404363,2.25664893840749,0.234
"1864",1,10,2,"SGP50",2.07894695494958,2.61828196136401,0.1105
"1865",1,10,3,"SGP50",0.950087900502838,2.04626233774108,0.3455
"1866",1,10,4,"SGP50",1.16867132062603,2.4263356574733,0.7595
"1867",1,10,5,"SGP50",7.45229423045704,4.98996757614251,0.9705
"1868",1,10,6,"SGP50",5.18349183004382,3.56261198085812,0.886
"1869",1,10,7,"SGP50",1.34015051433824,2.53608926757605,0.4225
"1870",1,10,8,"SGP50",3.12420831117722,3.25490543955754,0.861
"1871",1,10,9,"SGP50",8.73869957861435,4.92060666558054,0.977
"1872",1,10,10,"SGP50",3.01983659516183,3.33759015756847,0.652
"1873",1,10,11,"SGP50",1.86574492237305,2.96162408172175,0.527
"1874",1,10,12,"SGP50",5.12711450188931,3.64114015636731,0.897
"1875",1,10,13,"SGP50",3.25382719102967,3.04228243335022,0.7765
"1876",1,10,14,"SGP50",3.16648737401915,3.01276394520808,0.768
"1877",1,10,15,"SGP50",3.76874293816422,3.13848469957635,0.8165
"1878",1,10,16,"SGP50",9.43204880209081,4.89022729618865,0.9785
"1879",1,10,17,"SGP50",3.68367864635797,3.56917298709675,0.615
"1880",1,10,18,"SGP50",5.23794548877173,3.79888669490864,0.211
"1881",1,10,19,"SGP50",1.66361164102754,2.84130835739147,0.554
"1882",1,10,20,"SGP50",1.79171710587156,2.76685988683783,0.602
"1883",1,10,21,"SGP50",1.52406908547491,2.75385391752211,0.545
"1884",1,10,22,"SGP50",5.59721695400917,3.9067351386325,0.1155
"1885",1,10,23,"SGP50",8.15716592585956,4.41561543090859,0.036
"1886",1,10,24,"SGP50",3.78622584223185,3.57272367255627,0.7755
"1887",1,10,25,"SGP50",3.80992568116768,3.49346731852396,0.267
"1888",1,10,26,"SGP50",2.77400842529097,3.25469809726018,0.696
"1889",1,10,27,"SGP50",6.06517279075809,3.83568466213927,0.114
"1890",1,10,28,"SGP50",4.85179046144362,3.5321629420403,0.121
"1891",1,10,29,"SGP50",1.46002790258512,2.72589549523574,0.4855
"1892",1,10,30,"SGP50",2.27751948348031,2.88350175393847,0.2795
"1893",1,10,31,"SGP50",3.99602852597716,3.23751727326857,0.187
"1894",1,10,32,"SGP50",3.27924256036133,3.09746486637771,0.2245
"1895",1,10,33,"SGP50",2.90789827827921,3.01579678349907,0.241
"1896",1,10,34,"SGP50",2.64721843505922,3.03531714351966,0.3225
"1897",1,10,35,"SGP50",2.44546420127208,3.16887660415969,0.3375
"1898",1,10,36,"SGP50",1.95074506837896,3.08783972450267,0.5225
"1899",1,10,37,"SGP50",2.11896563328957,2.94426757674132,0.317
"1900",1,10,38,"SGP50",1.90221600228749,2.91157356314698,0.6175
"1901",1,11,1,"BMA",2.62563172268125,3.54345613119941,0.861
"1902",1,11,2,"BMA",1.30187107654714,2.66571152655387,0.5695
"1903",1,11,3,"BMA",2.05275171570081,2.97840042425288,0.7435
"1904",1,11,4,"BMA",2.25903649493826,2.89144268733662,0.7315
"1905",1,11,5,"BMA",2.81605441905482,3.16684308456122,0.803
"1906",1,11,6,"BMA",3.24342773383314,3.17461980016586,0.812
"1907",1,11,7,"BMA",4.09352676466807,3.46723070157125,0.8285
"1908",1,11,8,"BMA",1.67258690280991,2.92151326314945,0.551
"1909",1,11,9,"BMA",1.99449740022513,2.88885209004081,0.6225
"1910",1,11,10,"BMA",1.85758093807953,2.83687308731263,0.4035
"1911",1,11,11,"BMA",3.97991286832622,3.38695006783365,0.822
"1912",1,11,12,"BMA",4.10640996264909,3.28224041509574,0.8215
"1913",1,11,13,"BMA",2.29781188789814,3.0107695889206,0.3175
"1914",1,11,14,"BMA",1.77342486860276,2.93558564909329,0.5995
"1915",1,11,15,"BMA",2.56922436133598,3.19796168540321,0.7
"1916",1,11,16,"BMA",2.51471868281392,3.05542464647273,0.7295
"1917",1,11,17,"BMA",1.55455989670447,2.81435088967826,0.526
"1918",1,11,18,"BMA",1.51588621977709,2.65461408527885,0.5055
"1919",1,11,19,"BMA",1.53161152613665,2.71209410442092,0.568
"1920",1,11,20,"BMA",5.2314235930142,3.69683337336978,0.917
"1921",1,11,21,"BMA",2.86659420927989,3.09431370544615,0.761
"1922",1,11,22,"BMA",5.41988180931552,3.602504658299,0.9505
"1923",1,11,23,"BMA",1.25819524879171,2.52406541999716,0.401
"1924",1,11,24,"BMA",4.21256334047726,3.45313520715404,0.939
"1925",1,11,25,"BMA",2.374332952724,2.92360773185984,0.16
"1926",1,11,26,"BMA",4.80403101108174,4.02629113332612,0.03
"1927",1,11,27,"BMA",1.29659419491331,2.43972254425468,0.338
"1928",1,11,28,"BMA",7.6613622715219,5.18590065519963,0.0045
"1929",1,11,29,"BMA",1.1753195097556,2.53605512530778,0.579
"1930",1,11,30,"BMA",3.03470678706437,3.00259700226915,0.139
"1931",1,11,31,"BMA",1.90842940681285,2.6183735365453,0.7565
"1932",1,11,32,"BMA",6.30870686647122,4.37820433295916,0.025
"1933",1,11,33,"BMA",2.37968630162028,2.84683125172887,0.2035
"1934",1,11,34,"BMA",1.03188595484871,2.400491319624,0.5005
"1935",1,11,35,"BMA",3.31815955042687,3.03892469821586,0.1125
"1936",1,11,36,"BMA",1.40719192492526,2.52122207836379,0.306
"1937",1,11,37,"BMA",3.99658848502625,3.36773437570458,0.9165
"1938",1,11,38,"BMA",1.512522454271,2.75167288413524,0.4145
"1939",1,11,1,"AVS",2.62563172268125,3.36359108057595,0.8695
"1940",1,11,2,"AVS",1.28494119873216,2.67994322502848,0.4805
"1941",1,11,3,"AVS",1.75411391472179,2.81100236236344,0.7105
"1942",1,11,4,"AVS",1.91276374771659,2.8738074930542,0.6955
"1943",1,11,5,"AVS",2.78725555200895,3.06873551663595,0.799
"1944",1,11,6,"AVS",3.40477597776837,3.36420266878461,0.8435
"1945",1,11,7,"AVS",4.44073517949821,3.41363511233197,0.85
"1946",1,11,8,"AVS",1.65958459888886,2.99421591468266,0.5295
"1947",1,11,9,"AVS",1.93089370443372,2.91668835395169,0.629
"1948",1,11,10,"AVS",1.91055564024326,2.8105184911302,0.383
"1949",1,11,11,"AVS",3.65967752085945,3.34684185804424,0.8125
"1950",1,11,12,"AVS",3.84443383112552,3.19708026982312,0.829
"1951",1,11,13,"AVS",3.1677818830229,3.22499191898901,0.259
"1952",1,11,14,"AVS",1.70605637127735,2.83307227681277,0.581
"1953",1,11,15,"AVS",2.54225314306255,3.12250815255762,0.6945
"1954",1,11,16,"AVS",2.53381642058073,3.00021766010502,0.711
"1955",1,11,17,"AVS",1.58787851002733,2.81280463617462,0.519
"1956",1,11,18,"AVS",1.58435782591313,2.7122600984793,0.501
"1957",1,11,19,"AVS",1.64652309524902,2.84915652780233,0.5865
"1958",1,11,20,"AVS",5.58991630275521,3.66939445514085,0.9115
"1959",1,11,21,"AVS",3.47759792628935,3.22967638395018,0.813
"1960",1,11,22,"AVS",3.82577280718037,3.23476503551618,0.9235
"1961",1,11,23,"AVS",1.45513213754069,2.48765934680659,0.258
"1962",1,11,24,"AVS",3.92504750438869,3.47577960630065,0.9335
"1963",1,11,25,"AVS",2.75476917328624,2.88382058562742,0.146
"1964",1,11,26,"AVS",4.89142160555647,3.84721884362447,0.034
"1965",1,11,27,"AVS",1.30373759738307,2.40983479731896,0.35
"1966",1,11,28,"AVS",7.69538687137588,4.8519918881984,0.0125
"1967",1,11,29,"AVS",1.17568370429952,2.45754166333573,0.5705
"1968",1,11,30,"AVS",3.10635281866991,3.07449777534974,0.104
"1969",1,11,31,"AVS",1.87436954073264,2.66379350930677,0.766
"1970",1,11,32,"AVS",6.65166165318462,4.87783797395075,0.013
"1971",1,11,33,"AVS",2.42945969416368,2.81506437286959,0.178
"1972",1,11,34,"AVS",1.04031497971766,2.42740597934646,0.4945
"1973",1,11,35,"AVS",3.96118767829748,3.22575093965825,0.085
"1974",1,11,36,"AVS",1.31049407726511,2.57914585556439,0.3095
"1975",1,11,37,"AVS",3.68002079360195,3.27166525322292,0.902
"1976",1,11,38,"AVS",2.3316972242728,2.95158080505215,0.1995
"1977",1,11,1,"EQW",2.62563172268125,3.53588974954178,0.857
"1978",1,11,2,"EQW",1.23768634200486,2.51942606998158,0.666
"1979",1,11,3,"EQW",3.08107809887608,3.33108791775368,0.8695
"1980",1,11,4,"EQW",2.71397216541614,3.07002490595276,0.86
"1981",1,11,5,"EQW",3.11278877684872,3.24059674998654,0.87
"1982",1,11,6,"EQW",2.01031184035493,2.6621007526412,0.755
"1983",1,11,7,"EQW",2.35718882158772,2.78982582541098,0.7935
"1984",1,11,8,"EQW",1.69669500474718,2.85853302545595,0.364
"1985",1,11,9,"EQW",1.45414187678263,2.51241813074794,0.629
"1986",1,11,10,"EQW",1.26479874466234,2.46829758587091,0.398
"1987",1,11,11,"EQW",5.47421120938434,4.05731957972108,0.9255
"1988",1,11,12,"EQW",3.51615982828262,3.07175756421418,0.861
"1989",1,11,13,"EQW",3.36224555002752,3.31095512951918,0.2535
"1990",1,11,14,"EQW",2.53635632547039,2.92271900414255,0.768
"1991",1,11,15,"EQW",2.23972093466723,2.82036456912158,0.74
"1992",1,11,16,"EQW",1.99299591829976,2.74584590692418,0.6995
"1993",1,11,17,"EQW",1.53769924794151,2.84244139964956,0.411
"1994",1,11,18,"EQW",1.31403728673958,2.68287638703555,0.4355
"1995",1,11,19,"EQW",1.23182828680769,2.58452312178496,0.5125
"1996",1,11,20,"EQW",4.30503051661406,3.55005568286346,0.9195
"1997",1,11,21,"EQW",1.78386287090298,2.87116724508837,0.568
"1998",1,11,22,"EQW",4.60741852089935,3.37552982840409,0.9155
"1999",1,11,23,"EQW",2.04263751954788,2.95872193462196,0.572
"2000",1,11,24,"EQW",5.85142814844524,3.64404055542947,0.948
"2001",1,11,25,"EQW",2.37929031369201,3.43080124766606,0.506
"2002",1,11,26,"EQW",2.64200296875317,3.29752283362947,0.3115
"2003",1,11,27,"EQW",1.4335983789952,2.69021739449128,0.3755
"2004",1,11,28,"EQW",6.98946517323978,4.30159458199898,0.0445
"2005",1,11,29,"EQW",1.79269392015621,3.02730987646305,0.514
"2006",1,11,30,"EQW",3.01181033201746,2.9802574657255,0.1775
"2007",1,11,31,"EQW",1.98197835714618,2.93940869746427,0.659
"2008",1,11,32,"EQW",4.28231313777909,3.32405547363018,0.098
"2009",1,11,33,"EQW",2.87531626552279,2.94116274278791,0.167
"2010",1,11,34,"EQW",1.25866337950592,2.64728352175248,0.5055
"2011",1,11,35,"EQW",2.66883696699189,2.8900897733069,0.1885
"2012",1,11,36,"EQW",1.3974134159537,2.57912853509582,0.3275
"2013",1,11,37,"EQW",4.56198734214755,3.51866772094802,0.9195
"2014",1,11,38,"EQW",1.24692417348796,2.57777995718154,0.531
"2015",1,11,1,"SGP",2.62563172268125,3.40551402836777,0.85
"2016",1,11,2,"SGP",1.37849626238119,2.42640243405993,0.734
"2017",1,11,3,"SGP",3.79799621859447,3.75844913335712,0.943
"2018",1,11,4,"SGP",2.71896901270408,2.93078175766757,0.9005
"2019",1,11,5,"SGP",3.36211377165728,3.3098567761204,0.937
"2020",1,11,6,"SGP",2.34832780573653,2.73576196910491,0.853
"2021",1,11,7,"SGP",1.4711866227845,2.24482963314251,0.7965
"2022",1,11,8,"SGP",3.59168761133862,4.20480993166203,0.0485
"2023",1,11,9,"SGP",0.62929850850019,1.96125460972141,0.443
"2024",1,11,10,"SGP",1.15753026008514,2.28972251575751,0.2225
"2025",1,11,11,"SGP",5.2046719623094,4.58738575298632,0.992
"2026",1,11,12,"SGP",1.47371441241749,2.41080035297633,0.762
"2027",1,11,13,"SGP",10.7117815606583,5.70809993268469,0.0115
"2028",1,11,14,"SGP",1.72663717804512,2.55614590074296,0.7815
"2029",1,11,15,"SGP",0.923491200280888,2.31983665967455,0.5545
"2030",1,11,16,"SGP",0.923562877805288,2.27212949675546,0.4405
"2031",1,11,17,"SGP",2.8124183013065,2.93739049097558,0.105
"2032",1,11,18,"SGP",1.90124792497694,2.6220248233605,0.1845
"2033",1,11,19,"SGP",1.29935994262832,2.37410149213976,0.277
"2034",1,11,20,"SGP",2.4462348695425,2.91789254575143,0.885
"2035",1,11,21,"SGP",1.83020165884587,2.66296233029277,0.182
"2036",1,11,22,"SGP",1.76611881461956,2.57316963645878,0.8215
"2037",1,11,23,"SGP",2.52364813625733,2.78264495333912,0.1225
"2038",1,11,24,"SGP",2.51713989304307,2.82193368538188,0.896
"2039",1,11,25,"SGP",4.24971190573834,3.7607772407898,0.0515
"2040",1,11,26,"SGP",6.88955841947456,5.09415775993264,0.0125
"2041",1,11,27,"SGP",2.17514247700478,2.78966296634938,0.176
"2042",1,11,28,"SGP",9.28227364489764,7.07795276818187,5e-04
"2043",1,11,29,"SGP",4.42647408082607,3.51049301520776,0.9295
"2044",1,11,30,"SGP",1.76345114059487,2.57454688279148,0.238
"2045",1,11,31,"SGP",3.93335279462781,3.29547642735866,0.921
"2046",1,11,32,"SGP",3.70889608416815,3.21679301689894,0.083
"2047",1,11,33,"SGP",2.08549949248859,2.65998418634058,0.208
"2048",1,11,34,"SGP",2.33788658199073,2.72267368829706,0.814
"2049",1,11,35,"SGP",1.48231361486803,2.49965114091523,0.3135
"2050",1,11,36,"SGP",0.940100826074337,2.41301374392169,0.5365
"2051",1,11,37,"SGP",7.47751027502389,5.06835541972695,0.9915
"2052",1,11,38,"SGP",1.02347165904464,2.3670679524944,0.414
"2053",1,11,1,"SGP50",2.62563172268125,3.4126053817902,0.859
"2054",1,11,2,"SGP50",1.24114826566493,2.50839653027857,0.6685
"2055",1,11,3,"SGP50",3.11669630390064,3.35842905114403,0.87
"2056",1,11,4,"SGP50",2.72421035653889,2.9990201697484,0.8525
"2057",1,11,5,"SGP50",3.12445948312302,3.30787211444929,0.8805
"2058",1,11,6,"SGP50",1.98792198113453,2.6846681452939,0.7585
"2059",1,11,7,"SGP50",2.31544421557445,2.74971360341605,0.7775
"2060",1,11,8,"SGP50",1.71232808861144,2.83390165593063,0.339
"2061",1,11,9,"SGP50",1.39831523412478,2.57519391052962,0.6225
"2062",1,11,10,"SGP50",1.22450998532827,2.48662596959684,0.3665
"2063",1,11,11,"SGP50",5.52932239934891,4.16099500364997,0.942
"2064",1,11,12,"SGP50",3.22958229464746,3.01342081806008,0.8535
"2065",1,11,13,"SGP50",3.83512364978254,3.39569890107785,0.221
"2066",1,11,14,"SGP50",2.45453998626763,2.8238498064664,0.7825
"2067",1,11,15,"SGP50",1.95966953209924,2.76448115605101,0.7145
"2068",1,11,16,"SGP50",1.68583399750103,2.6588191604374,0.658
"2069",1,11,17,"SGP50",1.57519485559438,2.77055166781641,0.359
"2070",1,11,18,"SGP50",1.29861941689047,2.60210935816438,0.4095
"2071",1,11,19,"SGP50",1.14687393685498,2.52669768573138,0.4965
"2072",1,11,20,"SGP50",3.9582546866857,3.36248007384406,0.919
"2073",1,11,21,"SGP50",1.47970543077865,2.73507489007246,0.503
"2074",1,11,22,"SGP50",3.83489313718872,3.11997400947501,0.8905
"2075",1,11,23,"SGP50",1.67748648287517,2.97366632026413,0.4505
"2076",1,11,24,"SGP50",4.79340900342274,3.46469922222371,0.9395
"2077",1,11,25,"SGP50",2.23896792557754,3.31047463218998,0.372
"2078",1,11,26,"SGP50",3.52408210431449,3.44047906472647,0.1955
"2079",1,11,27,"SGP50",1.48949284338278,2.70638172993297,0.3285
"2080",1,11,28,"SGP50",7.46511092451795,4.46820868086913,0.0305
"2081",1,11,29,"SGP50",1.80882575596256,2.96519454845585,0.5955
"2082",1,11,30,"SGP50",2.7209919471599,2.91503401577948,0.1745
"2083",1,11,31,"SGP50",2.22602871152651,2.927853810133,0.757
"2084",1,11,32,"SGP50",4.4731609561308,3.50238545724473,0.0795
"2085",1,11,33,"SGP50",2.5966542860458,2.84898918076977,0.1755
"2086",1,11,34,"SGP50",1.27079602126117,2.62930226363334,0.5675
"2087",1,11,35,"SGP50",2.57755440929509,2.91566026505008,0.18
"2088",1,11,36,"SGP50",1.25298780075999,2.53789638108359,0.3645
"2089",1,11,37,"SGP50",4.82627818044024,3.60315290958665,0.937
"2090",1,11,38,"SGP50",1.254508976256,2.59180910533809,0.481
"2091",1,12,1,"BMA",1.67572134166939,2.79054883375387,0.745
"2092",1,12,2,"BMA",1.70873199124105,2.71109890476366,0.7805
"2093",1,12,3,"BMA",3.53042323697671,3.85691607698114,0.888
"2094",1,12,4,"BMA",3.85387946716627,3.28048867428037,0.124
"2095",1,12,5,"BMA",5.91889544789419,3.86341310192543,0.048
"2096",1,12,6,"BMA",1.35216253869559,2.65850300837234,0.431
"2097",1,12,7,"BMA",3.23120931349312,3.27842606983245,0.8695
"2098",1,12,8,"BMA",2.78467547112055,3.08611966980872,0.2065
"2099",1,12,9,"BMA",1.63280862528031,2.71210142596761,0.66
"2100",1,12,10,"BMA",8.33793402236805,4.77488378737314,0.982
"2101",1,12,11,"BMA",5.47985894838977,3.64581781234499,0.9075
"2102",1,12,12,"BMA",1.5502789293303,2.89545743131566,0.4495
"2103",1,12,13,"BMA",1.39065455580676,2.64042530604925,0.6105
"2104",1,12,14,"BMA",1.2569640449531,2.58867956084468,0.3825
"2105",1,12,15,"BMA",3.30639385674553,3.11951523261037,0.875
"2106",1,12,16,"BMA",3.31678645546632,3.01237429570961,0.8635
"2107",1,12,17,"BMA",1.06024420816398,2.39220870482405,0.4915
"2108",1,12,18,"BMA",1.04513714929136,2.38997372458469,0.41
"2109",1,12,19,"BMA",1.05849890248591,2.35738217790086,0.613
"2110",1,12,20,"BMA",3.97861686140713,3.48064340004111,0.0485
"2111",1,12,21,"BMA",3.0534797172798,2.99175231626895,0.105
"2112",1,12,22,"BMA",4.03064299625454,3.43672789467752,0.057
"2113",1,12,23,"BMA",1.34657884165015,2.44722797604116,0.3325
"2114",1,12,24,"BMA",3.17070449535953,3.08847085637759,0.0915
"2115",1,12,25,"BMA",1.71943531708301,2.5987971248001,0.2665
"2116",1,12,26,"BMA",1.28469807777235,2.40623461656834,0.315
"2117",1,12,27,"BMA",1.03592771557025,2.29883829497699,0.5935
"2118",1,12,28,"BMA",0.944885462823452,2.29869933235235,0.596
"2119",1,12,29,"BMA",0.888795486029675,2.2767217838146,0.4985
"2120",1,12,30,"BMA",0.890809058432066,2.28957988364316,0.4125
"2121",1,12,31,"BMA",0.870587040651889,2.28186789800882,0.4965
"2122",1,12,32,"BMA",0.970517467924015,2.26340903060062,0.359
"2123",1,12,33,"BMA",1.37396554669561,2.38628720873087,0.2415
"2124",1,12,34,"BMA",1.02751661626433,2.11109243348742,0.651
"2125",1,12,35,"BMA",0.824890568428121,1.9629692176943,0.333
"2126",1,12,36,"BMA",0.959713203629241,2.06913316531201,0.223
"2127",1,12,37,"BMA",1.3094595502542,2.56260258407695,0.158
"2128",1,12,38,"BMA",0.888771577367213,2.18200087908293,0.3015
"2129",1,12,1,"AVS",1.67572134166939,2.79247667123838,0.7435
"2130",1,12,2,"AVS",1.69730230256696,2.75029655214831,0.7995
"2131",1,12,3,"AVS",3.37206026955632,3.82217233496406,0.888
"2132",1,12,4,"AVS",4.10495889475328,3.33698912805568,0.116
"2133",1,12,5,"AVS",5.90334144689291,3.8918321497977,0.044
"2134",1,12,6,"AVS",1.14339310308531,2.42205129716645,0.6775
"2135",1,12,7,"AVS",3.29753143499179,3.27992722618384,0.9205
"2136",1,12,8,"AVS",4.76716772343905,3.82003512942584,0.0485
"2137",1,12,9,"AVS",1.89588843547109,2.59769745246874,0.7395
"2138",1,12,10,"AVS",8.47137745600048,5.15075337280854,0.991
"2139",1,12,11,"AVS",2.29739611421796,2.781783100168,0.756
"2140",1,12,12,"AVS",2.4280342168028,2.84932726140393,0.1735
"2141",1,12,13,"AVS",1.01656641683484,2.32488727136051,0.5055
"2142",1,12,14,"AVS",1.42350922342096,2.59573169677383,0.2755
"2143",1,12,15,"AVS",3.09937998891802,3.00904474971491,0.8795
"2144",1,12,16,"AVS",2.36282035548565,2.80978149486249,0.8295
"2145",1,12,17,"AVS",1.02199598707138,2.37734369526415,0.4005
"2146",1,12,18,"AVS",1.05151380228825,2.44283856825376,0.4095
"2147",1,12,19,"AVS",1.03414713238413,2.4208110822989,0.605
"2148",1,12,20,"AVS",4.01632619026992,3.63299279198208,0.0485
"2149",1,12,21,"AVS",3.06545988531769,3.03298792512872,0.123
"2150",1,12,22,"AVS",3.97514419908318,3.3140908229526,0.066
"2151",1,12,23,"AVS",1.34041013186795,2.49232974344014,0.325
"2152",1,12,24,"AVS",3.15259108358242,3.0964744828034,0.107
"2153",1,12,25,"AVS",1.7156008088308,2.62434737173803,0.248
"2154",1,12,26,"AVS",1.34685969799877,2.40977084903003,0.305
"2155",1,12,27,"AVS",1.05066454022499,2.34669507950708,0.6015
"2156",1,12,28,"AVS",0.93713824922942,2.23600985938634,0.597
"2157",1,12,29,"AVS",0.896464012051791,2.29057615612735,0.504
"2158",1,12,30,"AVS",0.912827521534812,2.26828592548863,0.42
"2159",1,12,31,"AVS",0.904997854998622,2.32643942025959,0.4955
"2160",1,12,32,"AVS",1.03826710973035,2.38377301081138,0.361
"2161",1,12,33,"AVS",1.27560268414798,2.34747750490623,0.293
"2162",1,12,34,"AVS",1.30536179054071,2.43661670508846,0.7315
"2163",1,12,35,"AVS",0.973612633478992,2.30041208235932,0.3835
"2164",1,12,36,"AVS",0.912229409402235,2.17468566679831,0.3915
"2165",1,12,37,"AVS",0.873108331021209,2.08798753204112,0.406
"2166",1,12,38,"AVS",0.702153498967799,2.15242942732287,0.493
"2167",1,12,1,"EQW",1.67572134166939,2.84094513230287,0.7305
"2168",1,12,2,"EQW",1.70632226222162,2.78013518709973,0.7745
"2169",1,12,3,"EQW",3.21694955504429,3.9056046035371,0.8725
"2170",1,12,4,"EQW",4.08772236075971,3.60607118332014,0.089
"2171",1,12,5,"EQW",4.50077371249806,3.50019096208559,0.0555
"2172",1,12,6,"EQW",1.1832803155915,2.6046323306637,0.5295
"2173",1,12,7,"EQW",3.01207006088005,3.13140644721113,0.859
"2174",1,12,8,"EQW",3.30819055704904,3.17312369825517,0.156
"2175",1,12,9,"EQW",1.36305039695674,2.50283706455225,0.663
"2176",1,12,10,"EQW",7.51416097388492,4.72863136411794,0.984
"2177",1,12,11,"EQW",3.5389897937109,3.07964269973716,0.7985
"2178",1,12,12,"EQW",1.68900642681207,2.97533504287386,0.487
"2179",1,12,13,"EQW",1.49792204955986,2.62652776839303,0.631
"2180",1,12,14,"EQW",1.27551626773694,2.60373232165947,0.467
"2181",1,12,15,"EQW",3.59522082463053,3.29036685671026,0.883
"2182",1,12,16,"EQW",4.20265842612619,3.21398228661424,0.8895
"2183",1,12,17,"EQW",1.97254035183203,2.78549954830912,0.657
"2184",1,12,18,"EQW",1.54691170550779,2.71983420428085,0.6145
"2185",1,12,19,"EQW",1.84337449105354,2.72752578985868,0.723
"2186",1,12,20,"EQW",2.32958338075853,2.9737328191915,0.2475
"2187",1,12,21,"EQW",3.08635728185734,3.0864409330266,0.1325
"2188",1,12,22,"EQW",4.94209775327363,3.61066628340649,0.0625
"2189",1,12,23,"EQW",2.20862153643221,2.72235547012289,0.2055
"2190",1,12,24,"EQW",3.79068591240058,3.27229467926146,0.083
"2191",1,12,25,"EQW",2.67297383944176,2.85942431906756,0.135
"2192",1,12,26,"EQW",2.26115576009662,2.65226024635173,0.151
"2193",1,12,27,"EQW",0.905636106134454,2.24027226603404,0.4885
"2194",1,12,28,"EQW",0.818779815886481,2.17803109598836,0.541
"2195",1,12,29,"EQW",0.797230586437393,2.19022383945435,0.502
"2196",1,12,30,"EQW",0.759446495471026,2.117745143,0.4455
"2197",1,12,31,"EQW",0.718558555769747,2.05678056071611,0.537
"2198",1,12,32,"EQW",0.759409516710914,2.0370571375708,0.401
"2199",1,12,33,"EQW",1.22008175574341,2.21238140081093,0.238
"2200",1,12,34,"EQW",0.867359607118171,2.10486643445157,0.66
"2201",1,12,35,"EQW",0.712153496705404,1.96058890114561,0.444
"2202",1,12,36,"EQW",0.751368346436798,1.99178285893022,0.3805
"2203",1,12,37,"EQW",0.882298387041085,2.02266912206215,0.299
"2204",1,12,38,"EQW",0.677260910461752,1.89560827607617,0.379
"2205",1,12,1,"SGP",1.67572134166939,2.80578635153563,0.74
"2206",1,12,2,"SGP",1.95755826408094,2.72907921917173,0.8845
"2207",1,12,3,"SGP",4.08715777929275,4.80511203910044,0.9715
"2208",1,12,4,"SGP",4.54275987846921,3.85377494103976,0.039
"2209",1,12,5,"SGP",3.47016931665625,3.17041838823736,0.071
"2210",1,12,6,"SGP",1.21458736116377,2.4268323753551,0.708
"2211",1,12,7,"SGP",3.22819713087558,3.24657409751401,0.9115
"2212",1,12,8,"SGP",4.90074621955115,4.00567866778478,0.035
"2213",1,12,9,"SGP",1.28450523311881,2.42032030142601,0.687
"2214",1,12,10,"SGP",7.02797774952405,4.74109092565733,0.9885
"2215",1,12,11,"SGP",1.45296851582558,2.50131758245492,0.664
"2216",1,12,12,"SGP",2.34972644704291,2.89648692296631,0.183
"2217",1,12,13,"SGP",1.00342071774566,2.37340330343879,0.5035
"2218",1,12,14,"SGP",1.36179124619852,2.53734824037603,0.317
"2219",1,12,15,"SGP",3.07104550417533,2.96671401053896,0.881
"2220",1,12,16,"SGP",2.42917150392521,2.88496402047722,0.839
"2221",1,12,17,"SGP",1.03374370638609,2.41977648664734,0.414
"2222",1,12,18,"SGP",1.04839492015648,2.38075978115488,0.415
"2223",1,12,19,"SGP",1.04719364090675,2.44036400384042,0.606
"2224",1,12,20,"SGP",3.91976143718009,3.34386446424245,0.069
"2225",1,12,21,"SGP",3.13234678014977,3.03642937079568,0.102
"2226",1,12,22,"SGP",4.04097932066697,3.40374333953237,0.0695
"2227",1,12,23,"SGP",1.38204100988061,2.51916621061695,0.3385
"2228",1,12,24,"SGP",3.10648428676951,3.11467793322093,0.1035
"2229",1,12,25,"SGP",1.75708055747772,2.621902299549,0.226
"2230",1,12,26,"SGP",1.64936009961521,2.55625967128182,0.265
"2231",1,12,27,"SGP",1.10274103700595,2.32690412788918,0.6485
"2232",1,12,28,"SGP",0.888702544064982,2.2973908093332,0.5225
"2233",1,12,29,"SGP",0.923000376853263,2.309167661957,0.461
"2234",1,12,30,"SGP",0.979745521265703,2.31593413739155,0.371
"2235",1,12,31,"SGP",0.898924622696409,2.32847284874408,0.5065
"2236",1,12,32,"SGP",1.00341752119273,2.31853919782114,0.365
"2237",1,12,33,"SGP",1.26692282945297,2.40373498530253,0.2905
"2238",1,12,34,"SGP",1.23265193969885,2.44506819746278,0.702
"2239",1,12,35,"SGP",0.950367224601743,2.20779010687533,0.3905
"2240",1,12,36,"SGP",0.901401841539227,2.21983420576102,0.3895
"2241",1,12,37,"SGP",0.877216368993418,2.20832637679013,0.3935
"2242",1,12,38,"SGP",0.701880514017052,2.12766025251203,0.503
"2243",1,12,1,"SGP50",1.67572134166939,2.7193519802734,0.7355
"2244",1,12,2,"SGP50",1.7190825870249,2.8507162129397,0.785
"2245",1,12,3,"SGP50",3.26238530274703,3.70814259187391,0.868
"2246",1,12,4,"SGP50",4.10857568561901,3.53532838471442,0.0935
"2247",1,12,5,"SGP50",4.40523296352624,3.51898756286474,0.062
"2248",1,12,6,"SGP50",1.16619438674997,2.5519374942463,0.568
"2249",1,12,7,"SGP50",3.02079035610699,3.15766728688588,0.8635
"2250",1,12,8,"SGP50",3.47774748365835,3.40243470535035,0.1315
"2251",1,12,9,"SGP50",1.34687108932089,2.49477891959008,0.652
"2252",1,12,10,"SGP50",7.43222478181994,4.48940302077484,0.977
"2253",1,12,11,"SGP50",3.18473322319731,3.03965637166027,0.7975
"2254",1,12,12,"SGP50",1.68085442310311,3.00245308667765,0.4155
"2255",1,12,13,"SGP50",1.38865871920046,2.66499038757321,0.5875
"2256",1,12,14,"SGP50",1.26122605087131,2.59561897514863,0.438
"2257",1,12,15,"SGP50",3.48336731156268,3.09355447778146,0.8785
"2258",1,12,16,"SGP50",3.8184468772603,3.17487230837844,0.878
"2259",1,12,17,"SGP50",1.66129970516248,2.72795917957768,0.602
"2260",1,12,18,"SGP50",1.36159736991814,2.60583422128799,0.5665
"2261",1,12,19,"SGP50",1.6260621381099,2.60837700033774,0.6915
"2262",1,12,20,"SGP50",2.62075440561691,3.03007723944232,0.195
"2263",1,12,21,"SGP50",3.10547187524898,3.01837555217446,0.1225
"2264",1,12,22,"SGP50",4.74213210822678,3.66365982878853,0.0535
"2265",1,12,23,"SGP50",1.97057422116534,2.70939674825431,0.2295
"2266",1,12,24,"SGP50",3.58312048957177,3.24936738587042,0.084
"2267",1,12,25,"SGP50",2.38732407951901,2.74612911790997,0.1735
"2268",1,12,26,"SGP50",2.05062746567904,2.69130260640297,0.1935
"2269",1,12,27,"SGP50",0.907942400061279,2.26356071082328,0.5135
"2270",1,12,28,"SGP50",0.8302662301742,2.21636609734884,0.5275
"2271",1,12,29,"SGP50",0.817224228547419,2.17688209661747,0.4985
"2272",1,12,30,"SGP50",0.79935349441747,2.119933494757,0.4305
"2273",1,12,31,"SGP50",0.743024848915433,2.07867356463966,0.5215
"2274",1,12,32,"SGP50",0.802603706180762,2.09395445212561,0.401
"2275",1,12,33,"SGP50",1.25688610680312,2.26974927118781,0.2575
"2276",1,12,34,"SGP50",0.899283628798357,2.11532426581894,0.671
"2277",1,12,35,"SGP50",0.753311965778896,2.06419403811797,0.4175
"2278",1,12,36,"SGP50",0.792501180645836,2.05861433822565,0.356
"2279",1,12,37,"SGP50",0.913386558901612,2.08602780309038,0.322
"2280",1,12,38,"SGP50",0.700330130000385,1.98911750311025,0.3895
"2281",1,13,1,"BMA",7.50700979863651,4.1026328952446,0.806
"2282",1,13,2,"BMA",6.80567908435214,4.02171323702197,0.243
"2283",1,13,3,"BMA",10.2761141276673,4.36504253821075,0.8495
"2284",1,13,4,"BMA",4.03685300712169,3.78157806909088,0.5455
"2285",1,13,5,"BMA",7.79874313422263,4.11535929386234,0.7985
"2286",1,13,6,"BMA",12.4157114068454,4.54503319063505,0.882
"2287",1,13,7,"BMA",12.3566479563265,4.32537650542337,0.895
"2288",1,13,8,"BMA",6.71817919176562,3.6713103887804,0.829
"2289",1,13,9,"BMA",2.51879777163385,3.18345982463463,0.5885
"2290",1,13,10,"BMA",2.84565902604472,3.19447725565236,0.2665
"2291",1,13,11,"BMA",3.95530568371976,3.40472812494223,0.1725
"2292",1,13,12,"BMA",2.15845438556747,3.04318789336119,0.331
"2293",1,13,13,"BMA",10.1997616657331,4.97967954014532,0.0325
"2294",1,13,14,"BMA",2.42994398733207,3.11541516560416,0.609
"2295",1,13,15,"BMA",11.6958659618743,4.7807672141548,0.0435
"2296",1,13,16,"BMA",6.93853352186119,3.91982387272752,0.1525
"2297",1,13,17,"BMA",5.90590240292852,3.68962832953522,0.1775
"2298",1,13,18,"BMA",6.26754075815699,3.7040939884926,0.167
"2299",1,13,19,"BMA",6.67676870375327,3.6949399507143,0.131
"2300",1,13,20,"BMA",2.25716755851629,3.16176385024882,0.5635
"2301",1,13,21,"BMA",1.92252222259708,3.06700423022661,0.489
"2302",1,13,22,"BMA",1.96057776028694,3.0003588649582,0.6285
"2303",1,13,23,"BMA",6.64170547989855,3.9305517758704,0.9355
"2304",1,13,24,"BMA",4.54337164481331,3.42996365240073,0.15
"2305",1,13,25,"BMA",2.39755972054183,3.01299870639901,0.3205
"2306",1,13,26,"BMA",2.54113672028192,3.06288526385421,0.721
"2307",1,13,27,"BMA",1.66855574308308,2.88856561953822,0.5715
"2308",1,13,28,"BMA",1.55505417778267,2.88458304256769,0.4875
"2309",1,13,29,"BMA",1.61489136377823,2.83450123669758,0.608
"2310",1,13,30,"BMA",2.79642429803398,3.0628307609158,0.2165
"2311",1,13,31,"BMA",2.78857260691076,3.0589798901998,0.2195
"2312",1,13,32,"BMA",4.75397123170389,3.48079951305277,0.887
"2313",1,13,33,"BMA",5.14726552810851,3.4976011530106,0.888
"2314",1,13,34,"BMA",1.61804063374027,2.87832093604644,0.442
"2315",1,13,35,"BMA",4.19072140951052,3.31019737523481,0.1445
"2316",1,13,36,"BMA",1.33971088505867,2.70412232026789,0.505
"2317",1,13,37,"BMA",1.67842466497597,2.72533126541621,0.7005
"2318",1,13,38,"BMA",0.911657113319527,2.21015468880401,0.569
"2319",1,13,1,"AVS",7.50700979863651,4.15695339199067,0.7955
"2320",1,13,2,"AVS",7.29200791652164,3.89969548241757,0.229
"2321",1,13,3,"AVS",11.1641942376207,4.44868903076458,0.9145
"2322",1,13,4,"AVS",4.4881686238945,3.69404766244679,0.685
"2323",1,13,5,"AVS",10.2073394539458,4.262041314753,0.898
"2324",1,13,6,"AVS",18.1791025369868,5.88198980387461,0.983
"2325",1,13,7,"AVS",3.31991142301139,3.24163952415483,0.76
"2326",1,13,8,"AVS",2.17881075465466,2.96902774449447,0.6885
"2327",1,13,9,"AVS",1.65463273424054,2.80934423992129,0.444
"2328",1,13,10,"AVS",3.28476817747745,3.06936296198898,0.201
"2329",1,13,11,"AVS",4.51254732854989,3.40614382799672,0.105
"2330",1,13,12,"AVS",2.32630099905476,2.93386027376734,0.2955
"2331",1,13,13,"AVS",11.0131706511413,5.51157901319391,0.0095
"2332",1,13,14,"AVS",1.65054325505755,2.88980104281505,0.5015
"2333",1,13,15,"AVS",13.9704764273211,5.97500911882683,0.0075
"2334",1,13,16,"AVS",10.3408416149942,4.6837750297008,0.031
"2335",1,13,17,"AVS",3.30681570951919,3.34746489597968,0.3145
"2336",1,13,18,"AVS",2.14660300061735,3.14092857654538,0.3615
"2337",1,13,19,"AVS",3.27802034092437,3.30683843305731,0.2195
"2338",1,13,20,"AVS",2.27669992692959,2.96672634691957,0.6845
"2339",1,13,21,"AVS",1.72744438938777,2.92242456209753,0.5395
"2340",1,13,22,"AVS",1.97462295581407,3.01077661706176,0.643
"2341",1,13,23,"AVS",6.83217205012606,3.90662039181889,0.9345
"2342",1,13,24,"AVS",4.43156402838953,3.36987884375813,0.152
"2343",1,13,25,"AVS",2.35235318094123,2.9982004845999,0.313
"2344",1,13,26,"AVS",2.56859297507431,3.03257820041233,0.732
"2345",1,13,27,"AVS",1.66700385069237,2.95570950719854,0.561
"2346",1,13,28,"AVS",1.55208899802514,2.90110578359861,0.5105
"2347",1,13,29,"AVS",1.61634890780867,2.86995755311533,0.604
"2348",1,13,30,"AVS",2.80261369753102,2.98977992925218,0.2225
"2349",1,13,31,"AVS",2.76691002944805,3.04517572453536,0.2425
"2350",1,13,32,"AVS",4.77802210793403,3.57895599973551,0.8975
"2351",1,13,33,"AVS",5.19345100391564,3.73133168545893,0.89
"2352",1,13,34,"AVS",1.63380596370762,2.92755263163953,0.426
"2353",1,13,35,"AVS",4.31936220820364,3.43328809566836,0.134
"2354",1,13,36,"AVS",1.45178573579412,2.78959786680909,0.503
"2355",1,13,37,"AVS",2.11987639865187,2.98022159760955,0.694
"2356",1,13,38,"AVS",1.39349755213749,2.78864400489827,0.541
"2357",1,13,1,"EQW",7.50700979863651,4.14885600192135,0.79
"2358",1,13,2,"EQW",6.40518443774681,4.03028497706588,0.2655
"2359",1,13,3,"EQW",8.15614574228063,4.23213903562919,0.815
"2360",1,13,4,"EQW",4.33859147886665,3.79410326802547,0.359
"2361",1,13,5,"EQW",4.16760782848148,3.59450185222639,0.6275
"2362",1,13,6,"EQW",6.92353053013781,3.82340921366551,0.766
"2363",1,13,7,"EQW",11.418580404377,4.0896524696468,0.8895
"2364",1,13,8,"EQW",11.8235936207195,3.989875562022,0.8465
"2365",1,13,9,"EQW",9.76899747071616,3.93510445751373,0.764
"2366",1,13,10,"EQW",7.74230456971659,3.94254266067448,0.667
"2367",1,13,11,"EQW",7.00045081372196,3.9324660579846,0.6255
"2368",1,13,12,"EQW",8.02489769928475,3.90242055682496,0.708
"2369",1,13,13,"EQW",6.05374247336265,4.15530015522994,0.5035
"2370",1,13,14,"EQW",8.74901522841703,3.8059718929114,0.794
"2371",1,13,15,"EQW",5.99092014227402,4.23152619869246,0.4635
"2372",1,13,16,"EQW",5.30842885963972,4.09471297469488,0.351
"2373",1,13,17,"EQW",4.14898108892253,3.67466189809243,0.418
"2374",1,13,18,"EQW",4.65004291106003,3.7570960272273,0.354
"2375",1,13,19,"EQW",5.64248918085293,3.81519789136046,0.2495
"2376",1,13,20,"EQW",3.35834257098206,3.51620002418337,0.459
"2377",1,13,21,"EQW",3.48681850307237,3.49130880795893,0.385
"2378",1,13,22,"EQW",2.73335289009109,3.30820004300087,0.425
"2379",1,13,23,"EQW",3.93258262562544,3.57010204475781,0.711
"2380",1,13,24,"EQW",3.45920838124363,3.37941416662873,0.3195
"2381",1,13,25,"EQW",2.84812299194496,3.26967353796926,0.3205
"2382",1,13,26,"EQW",2.24058850175214,3.16545829990558,0.448
"2383",1,13,27,"EQW",2.40261347857928,3.1438506282627,0.3575
"2384",1,13,28,"EQW",2.75581505506315,3.08509446366005,0.2765
"2385",1,13,29,"EQW",1.86666900393547,2.9328036536569,0.422
"2386",1,13,30,"EQW",3.21401632904267,3.09070341534653,0.18
"2387",1,13,31,"EQW",5.33452663032646,3.76288869580389,0.1155
"2388",1,13,32,"EQW",2.24843973880758,3.10775019732752,0.401
"2389",1,13,33,"EQW",2.09143303030377,2.9913388148052,0.6805
"2390",1,13,34,"EQW",1.67377363757485,2.92677237126418,0.5795
"2391",1,13,35,"EQW",2.11937016482578,2.70113344878358,0.312
"2392",1,13,36,"EQW",1.37975034466804,2.5006167621136,0.3965
"2393",1,13,37,"EQW",1.23425591394376,2.55117466277847,0.5445
"2394",1,13,38,"EQW",1.10853479998097,2.40721430425577,0.4705
"2395",1,13,1,"SGP",7.50700979863651,4.06344139051935,0.777
"2396",1,13,2,"SGP",4.20669082067337,3.65669670855227,0.328
"2397",1,13,3,"SGP",10.7340310529944,4.39673969632501,0.905
"2398",1,13,4,"SGP",6.38944404140724,3.87798768619937,0.118
"2399",1,13,5,"SGP",1.93301191813888,3.05028275082088,0.421
"2400",1,13,6,"SGP",1.77140695255609,2.97678986595753,0.519
"2401",1,13,7,"SGP",2.8569930912564,3.11090676809799,0.7625
"2402",1,13,8,"SGP",2.24591071398287,2.84923408945005,0.672
"2403",1,13,9,"SGP",1.66757000752565,2.82426875566457,0.436
"2404",1,13,10,"SGP",3.2427054934929,3.09645376796368,0.2085
"2405",1,13,11,"SGP",4.45425196256463,3.40436186979307,0.123
"2406",1,13,12,"SGP",2.30976491582032,2.97074718016354,0.279
"2407",1,13,13,"SGP",10.9003347748957,5.1251704285059,0.0165
"2408",1,13,14,"SGP",1.66277433988264,2.79181140680002,0.502
"2409",1,13,15,"SGP",13.8533116281656,6.33383276473396,0.0095
"2410",1,13,16,"SGP",10.3215893722151,4.52759837234546,0.031
"2411",1,13,17,"SGP",2.01525879274943,3.04664560983516,0.406
"2412",1,13,18,"SGP",2.14591218985885,3.06881668412651,0.384
"2413",1,13,19,"SGP",3.2983803059694,3.24447066422817,0.2315
"2414",1,13,20,"SGP",2.27017258327773,2.98466778344268,0.69
"2415",1,13,21,"SGP",1.73288635697193,2.8868782628197,0.5565
"2416",1,13,22,"SGP",1.97326193321272,2.90461924202354,0.6445
"2417",1,13,23,"SGP",6.79628098269142,3.88898287438326,0.93
"2418",1,13,24,"SGP",4.43053722953075,3.39077250251769,0.1555
"2419",1,13,25,"SGP",2.35794165511152,3.03178724184288,0.288
"2420",1,13,26,"SGP",2.55668512112863,3.09038334793412,0.7325
"2421",1,13,27,"SGP",1.66732012194956,2.91962278061685,0.551
"2422",1,13,28,"SGP",1.55533596596591,2.87808530368979,0.495
"2423",1,13,29,"SGP",1.61603178307526,2.82640253247676,0.611
"2424",1,13,30,"SGP",2.80411201260619,3.06785431632675,0.231
"2425",1,13,31,"SGP",2.77820169068097,3.00637447724488,0.251
"2426",1,13,32,"SGP",4.74097128684174,3.53416631411258,0.8945
"2427",1,13,33,"SGP",5.16613835824414,3.46928768242971,0.9035
"2428",1,13,34,"SGP",1.63381259930497,2.90790544841662,0.4285
"2429",1,13,35,"SGP",4.30050786982831,3.34587439100243,0.148
"2430",1,13,36,"SGP",1.45097853084348,2.79333391131066,0.512
"2431",1,13,37,"SGP",2.11152769862857,2.990889029266,0.713
"2432",1,13,38,"SGP",1.39179393497745,2.80433296102232,0.5215
"2433",1,13,1,"SGP50",7.50700979863651,4.07289493746027,0.788
"2434",1,13,2,"SGP50",6.2931009087494,4.02616041439694,0.2565
"2435",1,13,3,"SGP50",8.45791389837374,4.33773311803331,0.853
"2436",1,13,4,"SGP50",4.19824179927372,3.81520120567955,0.3705
"2437",1,13,5,"SGP50",4.06621860624431,3.57934351583855,0.6285
"2438",1,13,6,"SGP50",6.28431008275591,3.67871562760347,0.74
"2439",1,13,7,"SGP50",9.80188585709421,3.93137903438184,0.883
"2440",1,13,8,"SGP50",8.89047096674063,3.79490516921131,0.8425
"2441",1,13,9,"SGP50",5.80478460600557,3.57084764605785,0.6955
"2442",1,13,10,"SGP50",3.93764772699881,3.54435338901589,0.477
"2443",1,13,11,"SGP50",3.67666662402643,3.57133538199995,0.4055
"2444",1,13,12,"SGP50",3.05592711155559,3.31198494487098,0.505
"2445",1,13,13,"SGP50",6.528566103611,4.37781191913733,0.227
"2446",1,13,14,"SGP50",3.18010710546036,3.21254825810025,0.658
"2447",1,13,15,"SGP50",8.79500176886186,4.61796315480762,0.158
"2448",1,13,16,"SGP50",7.68497893003444,4.15666895705799,0.1375
"2449",1,13,17,"SGP50",2.94456973984654,3.35538938869809,0.3525
"2450",1,13,18,"SGP50",3.31355949554588,3.27065055763255,0.318
"2451",1,13,19,"SGP50",4.63507515395371,3.451666318119,0.213
"2452",1,13,20,"SGP50",2.36847486073248,3.16897091623637,0.5255
"2453",1,13,21,"SGP50",2.34889495949586,3.18548459571413,0.446
"2454",1,13,22,"SGP50",2.1163565710712,3.131868539305,0.542
"2455",1,13,23,"SGP50",5.17528966947889,3.63703451117868,0.828
"2456",1,13,24,"SGP50",4.41089395040272,3.44263422866779,0.1795
"2457",1,13,25,"SGP50",2.67078544009362,3.16264813833898,0.303
"2458",1,13,26,"SGP50",2.18055415922563,3.17204342967637,0.627
"2459",1,13,27,"SGP50",1.81457666926156,2.92378047697685,0.501
"2460",1,13,28,"SGP50",1.83897718466098,2.94482876904445,0.4105
"2461",1,13,29,"SGP50",1.64754384085368,2.83427282899769,0.54
"2462",1,13,30,"SGP50",2.89763402826897,3.08666673404247,0.21
"2463",1,13,31,"SGP50",3.43636963975257,3.24134074143047,0.205
"2464",1,13,32,"SGP50",3.19837721536917,3.38592205688497,0.7435
"2465",1,13,33,"SGP50",3.88963614737911,3.23107089770866,0.8095
"2466",1,13,34,"SGP50",1.65419154418253,2.90667061703484,0.4825
"2467",1,13,35,"SGP50",3.3942567904558,3.13249542730648,0.2015
"2468",1,13,36,"SGP50",1.41868315558382,2.716871566947,0.4765
"2469",1,13,37,"SGP50",1.72356499572946,2.78457129702367,0.6585
"2470",1,13,38,"SGP50",1.30152925481556,2.59671430615834,0.517
"2471",1,14,1,"BMA",2.03120156682612,2.96230661222452,0.538
"2472",1,14,2,"BMA",1.90622004554396,2.90646064704931,0.672
"2473",1,14,3,"BMA",17.6149759049748,7.13853772039241,0.9925
"2474",1,14,4,"BMA",4.72913257866995,3.79914890207458,0.6795
"2475",1,14,5,"BMA",4.22842770598951,3.78355184106677,0.601
"2476",1,14,6,"BMA",7.49576031575977,3.9535169711012,0.8005
"2477",1,14,7,"BMA",6.7497346496126,3.88395906893347,0.771
"2478",1,14,8,"BMA",3.56396843588111,3.5897162056363,0.53
"2479",1,14,9,"BMA",3.96718363510552,3.5658420631926,0.6465
"2480",1,14,10,"BMA",3.21055519863766,3.45919934984932,0.514
"2481",1,14,11,"BMA",4.69421589993542,3.61503388528759,0.7265
"2482",1,14,12,"BMA",3.25040505764337,3.53009324857994,0.391
"2483",1,14,13,"BMA",4.59592267377648,3.50299874659939,0.7095
"2484",1,14,14,"BMA",3.03279677647157,3.2524599395178,0.6665
"2485",1,14,15,"BMA",2.1348057638304,3.24526969381062,0.4105
"2486",1,14,16,"BMA",2.34658092671453,3.22267130331376,0.4025
"2487",1,14,17,"BMA",2.96402682820949,3.23320171082975,0.718
"2488",1,14,18,"BMA",4.62907518910249,3.46609502716189,0.193
"2489",1,14,19,"BMA",2.30382495847508,3.1271682942795,0.592
"2490",1,14,20,"BMA",2.4804633263948,3.10942218624023,0.661
"2491",1,14,21,"BMA",2.4004886814321,3.03790779263357,0.3335
"2492",1,14,22,"BMA",1.77505358546439,2.96090192425017,0.5845
"2493",1,14,23,"BMA",4.41282723534588,3.37393409430044,0.124
"2494",1,14,24,"BMA",6.56577733302928,3.90464109514332,0.066
"2495",1,14,25,"BMA",5.35791154760287,3.764904172138,0.0815
"2496",1,14,26,"BMA",10.3075652993651,5.02968838907805,0.0175
"2497",1,14,27,"BMA",5.76056349549131,3.84302077310037,0.191
"2498",1,14,28,"BMA",4.97916189876961,3.75028616057457,0.801
"2499",1,14,29,"BMA",2.41824950967254,2.91599113790688,0.2515
"2500",1,14,30,"BMA",2.42645769865172,2.95238451275677,0.2595
"2501",1,14,31,"BMA",1.35868857385726,2.64080540121228,0.479
"2502",1,14,32,"BMA",4.89866799833782,3.74587043286851,0.0765
"2503",1,14,33,"BMA",1.84559201369808,2.8937090561523,0.5905
"2504",1,14,34,"BMA",1.13735475810032,2.46620412550829,0.5245
"2505",1,14,35,"BMA",1.19936351120136,2.37276897309903,0.3235
"2506",1,14,36,"BMA",0.860569161261374,2.15438342147982,0.4335
"2507",1,14,37,"BMA",1.35383464971553,2.29331745088751,0.236
"2508",1,14,38,"BMA",0.648528128018903,1.90355629870654,0.4145
"2509",1,14,1,"AVS",2.03120156682612,3.00074347953866,0.5505
"2510",1,14,2,"AVS",1.90751994166243,2.7930798833991,0.7025
"2511",1,14,3,"AVS",18.1904946425424,7.72537574872471,0.996
"2512",1,14,4,"AVS",4.18837652081336,3.72899610062385,0.6325
"2513",1,14,5,"AVS",3.44668971439323,3.47279149765023,0.678
"2514",1,14,6,"AVS",8.73194246588174,4.2093671818472,0.9305
"2515",1,14,7,"AVS",4.26739522461141,3.57425202239001,0.7495
"2516",1,14,8,"AVS",2.42784738515891,3.25939955297242,0.438
"2517",1,14,9,"AVS",2.57092627056583,3.1510197980235,0.652
"2518",1,14,10,"AVS",2.61853111136886,3.10735917739994,0.2765
"2519",1,14,11,"AVS",1.63055593286809,2.83401312313818,0.561
"2520",1,14,12,"AVS",8.75602398405836,4.56268662978873,0.027
"2521",1,14,13,"AVS",2.87910817106004,3.24577755458319,0.639
"2522",1,14,14,"AVS",2.80418359946925,3.13163465360905,0.258
"2523",1,14,15,"AVS",5.0003264872965,3.5092933965232,0.131
"2524",1,14,16,"AVS",2.34331746425302,3.10183433267727,0.3455
"2525",1,14,17,"AVS",2.69719590845837,3.03517398237339,0.7155
"2526",1,14,18,"AVS",6.86769527804988,3.85202566457523,0.0915
"2527",1,14,19,"AVS",2.3415178406861,3.18557647240222,0.6315
"2528",1,14,20,"AVS",2.42109913198301,3.06748480994523,0.647
"2529",1,14,21,"AVS",2.56600521596969,3.06148568716326,0.3235
"2530",1,14,22,"AVS",1.76930018859379,2.879292581673,0.6155
"2531",1,14,23,"AVS",4.48178361005695,3.37281577466955,0.1265
"2532",1,14,24,"AVS",6.58501566284424,3.81973748999306,0.0625
"2533",1,14,25,"AVS",5.41227221886081,3.66174045508993,0.0785
"2534",1,14,26,"AVS",10.1100670155577,5.29453829464635,0.0155
"2535",1,14,27,"AVS",2.52993719022464,3.16056308322215,0.3305
"2536",1,14,28,"AVS",7.39254891198553,4.16586933091604,0.9275
"2537",1,14,29,"AVS",3.56680920522671,3.23767442915096,0.1985
"2538",1,14,30,"AVS",2.86011038156127,3.06736437033556,0.251
"2539",1,14,31,"AVS",1.64749743922066,2.95067537481842,0.549
"2540",1,14,32,"AVS",5.20140622337829,3.4633024602661,0.1225
"2541",1,14,33,"AVS",3.10607873229608,3.23632831650186,0.777
"2542",1,14,34,"AVS",1.77763351563518,2.90575226794895,0.5755
"2543",1,14,35,"AVS",1.81490630530315,2.93632365332996,0.379
"2544",1,14,36,"AVS",1.4887127131494,2.80242888986429,0.519
"2545",1,14,37,"AVS",1.67054444345662,2.80150795607075,0.375
"2546",1,14,38,"AVS",1.37339291390743,2.7029310987192,0.538
"2547",1,14,1,"EQW",2.03120156682612,2.99517002565197,0.566
"2548",1,14,2,"EQW",2.0605885201848,2.93913669171247,0.5955
"2549",1,14,3,"EQW",14.2576613827303,5.10207416524355,0.923
"2550",1,14,4,"EQW",3.22226611400493,3.4110389553832,0.622
"2551",1,14,5,"EQW",3.09398379395889,3.41734370155162,0.639
"2552",1,14,6,"EQW",7.75752507439923,4.01532110045112,0.8705
"2553",1,14,7,"EQW",5.17103044399532,3.59117339503569,0.7825
"2554",1,14,8,"EQW",3.07048483350211,3.47916325542667,0.573
"2555",1,14,9,"EQW",4.39865834359738,3.53320251677683,0.733
"2556",1,14,10,"EQW",2.84319719070093,3.32053883167394,0.535
"2557",1,14,11,"EQW",4.15378837497013,3.37053132218063,0.733
"2558",1,14,12,"EQW",4.06027657789619,3.784541192507,0.3335
"2559",1,14,13,"EQW",3.51512689935485,3.29456619367218,0.69
"2560",1,14,14,"EQW",2.65459816131997,3.322016308094,0.5505
"2561",1,14,15,"EQW",2.907109557793,3.45853030223106,0.387
"2562",1,14,16,"EQW",2.53527521882211,3.33908335817729,0.428
"2563",1,14,17,"EQW",3.46715860208488,3.29043538907008,0.7155
"2564",1,14,18,"EQW",4.91943813011719,3.78424661114842,0.2525
"2565",1,14,19,"EQW",3.25226464708031,3.24972105422549,0.701
"2566",1,14,20,"EQW",2.91733128719104,3.27660660954802,0.61
"2567",1,14,21,"EQW",3.27200119821355,3.50673967977686,0.3655
"2568",1,14,22,"EQW",3.13757403143241,3.19024925561265,0.6805
"2569",1,14,23,"EQW",4.04535408073522,3.6722269340779,0.2635
"2570",1,14,24,"EQW",3.55905504598541,3.45306298816369,0.292
"2571",1,14,25,"EQW",2.32952359703373,3.23389131315187,0.387
"2572",1,14,26,"EQW",5.15114006220212,3.50996878216931,0.1525
"2573",1,14,27,"EQW",3.20630803929944,3.27159505106647,0.29
"2574",1,14,28,"EQW",2.75137476195015,3.16311620720143,0.6775
"2575",1,14,29,"EQW",2.05975935635729,3.01978029161401,0.3275
"2576",1,14,30,"EQW",1.9865597250691,2.95285408899745,0.3415
"2577",1,14,31,"EQW",1.44558791095468,2.73260002718231,0.5355
"2578",1,14,32,"EQW",4.20355691386025,3.29116809492273,0.1285
"2579",1,14,33,"EQW",1.45988802666039,2.7981466751024,0.5385
"2580",1,14,34,"EQW",1.25705699549236,2.53868368896763,0.5195
"2581",1,14,35,"EQW",1.29069558930721,2.51106788563346,0.38
"2582",1,14,36,"EQW",1.10063011092446,2.48538937121338,0.5065
"2583",1,14,37,"EQW",1.31451323679265,2.47580116321725,0.3495
"2584",1,14,38,"EQW",0.955134934941126,2.28530509746118,0.553
"2585",1,14,1,"SGP",2.03120156682612,3.01532380026461,0.582
"2586",1,14,2,"SGP",1.92337067593442,2.70934546026387,0.7005
"2587",1,14,3,"SGP",18.1577788901911,7.68042563735049,0.995
"2588",1,14,4,"SGP",2.33045766209334,3.20165233080141,0.5835
"2589",1,14,5,"SGP",2.65858476398151,3.19682845412859,0.671
"2590",1,14,6,"SGP",8.62484101915195,4.15931920671619,0.9385
"2591",1,14,7,"SGP",4.18959334085794,3.40206556234946,0.7855
"2592",1,14,8,"SGP",2.02100657476814,3.08768949572795,0.443
"2593",1,14,9,"SGP",2.21904871549094,2.99011224448997,0.664
"2594",1,14,10,"SGP",2.62525459144592,3.02891614827929,0.265
"2595",1,14,11,"SGP",1.53719373287312,2.77178955679672,0.5645
"2596",1,14,12,"SGP",8.50768187826667,4.44779024992349,0.038
"2597",1,14,13,"SGP",1.56887453955127,2.84144374818884,0.4965
"2598",1,14,14,"SGP",3.0066316340529,3.16479118207908,0.2275
"2599",1,14,15,"SGP",5.89167438723431,3.81252661102501,0.0785
"2600",1,14,16,"SGP",3.91184149092305,3.37009845501889,0.16
"2601",1,14,17,"SGP",1.59734131448899,2.73422531201997,0.511
"2602",1,14,18,"SGP",10.5726801262322,5.18206582726509,0.016
"2603",1,14,19,"SGP",1.763652876266,2.87929971387321,0.5535
"2604",1,14,20,"SGP",2.0999886885456,2.99277187391066,0.36
"2605",1,14,21,"SGP",6.57519936445506,3.85925796564108,0.0705
"2606",1,14,22,"SGP",2.06517667645849,3.00485207003,0.6395
"2607",1,14,23,"SGP",6.51413695605008,3.70340316711952,0.0755
"2608",1,14,24,"SGP",4.08092367364302,3.40305465229493,0.157
"2609",1,14,25,"SGP",1.60944105823956,2.87169300152204,0.462
"2610",1,14,26,"SGP",3.70173767905066,3.18123590803737,0.165
"2611",1,14,27,"SGP",1.7212851366247,2.82278526159501,0.583
"2612",1,14,28,"SGP",8.1920315293407,4.44886741520646,0.961
"2613",1,14,29,"SGP",1.68155410915306,2.85343718112756,0.3725
"2614",1,14,30,"SGP",1.57821780150565,2.7884808383472,0.456
"2615",1,14,31,"SGP",2.1835715768235,2.9158478472922,0.7115
"2616",1,14,32,"SGP",3.12092961052008,3.09586178585981,0.2015
"2617",1,14,33,"SGP",3.51659085294635,3.19772590819501,0.7925
"2618",1,14,34,"SGP",2.31225966249593,2.99702371829939,0.6985
"2619",1,14,35,"SGP",1.36073338484019,2.81491093985129,0.4975
"2620",1,14,36,"SGP",1.49854049158837,2.73012042546594,0.5915
"2621",1,14,37,"SGP",1.48596314249764,2.73728783977103,0.4255
"2622",1,14,38,"SGP",1.52854128704434,2.67077725190489,0.5975
"2623",1,14,1,"SGP50",2.03120156682612,3.00919203834873,0.542
"2624",1,14,2,"SGP50",2.01959745719182,3.00539469074831,0.6165
"2625",1,14,3,"SGP50",14.9656747885533,5.48974025421981,0.9505
"2626",1,14,4,"SGP50",3.12766958920039,3.41039730991503,0.6235
"2627",1,14,5,"SGP50",2.96940825340202,3.31256441619971,0.6215
"2628",1,14,6,"SGP50",7.71210537068775,4.06372871792614,0.8805
"2629",1,14,7,"SGP50",4.6491002799772,3.52731716806764,0.765
"2630",1,14,8,"SGP50",2.63049473853967,3.30405680097464,0.52
"2631",1,14,9,"SGP50",3.78854346126708,3.36004556575968,0.7245
"2632",1,14,10,"SGP50",2.41830212841344,3.2218044828431,0.4695
"2633",1,14,11,"SGP50",3.27008382815684,3.23007230391312,0.697
"2634",1,14,12,"SGP50",4.68263779485804,3.81426330274005,0.2415
"2635",1,14,13,"SGP50",2.73079895018446,3.20693046013756,0.6545
"2636",1,14,14,"SGP50",2.2554731907543,3.19439383587903,0.463
"2637",1,14,15,"SGP50",3.35191504275905,3.44110859206014,0.278
"2638",1,14,16,"SGP50",2.61683244023521,3.25444239736964,0.333
"2639",1,14,17,"SGP50",2.50808382268998,3.06865745013372,0.6605
"2640",1,14,18,"SGP50",6.71226751297642,4.08339139559148,0.142
"2641",1,14,19,"SGP50",2.504612863918,3.17233805688068,0.6775
"2642",1,14,20,"SGP50",2.02726728780798,3.02303692576431,0.513
"2643",1,14,21,"SGP50",4.00502660017598,3.54407746119715,0.2325
"2644",1,14,22,"SGP50",2.14587016957915,3.03575545285848,0.6125
"2645",1,14,23,"SGP50",5.47106726155469,3.71434322271972,0.138
"2646",1,14,24,"SGP50",4.3053965901247,3.48214529046658,0.169
"2647",1,14,25,"SGP50",2.36264246521462,3.13185824875511,0.345
"2648",1,14,26,"SGP50",5.67132699185866,3.68801401880463,0.1125
"2649",1,14,27,"SGP50",2.85041279081572,3.27634834047312,0.31
"2650",1,14,28,"SGP50",3.39966805758607,3.32777351987111,0.727
"2651",1,14,29,"SGP50",2.33030691573707,2.88169634808387,0.278
"2652",1,14,30,"SGP50",2.10882093632904,2.98996611385436,0.3095
"2653",1,14,31,"SGP50",1.5365017038796,2.80688407517086,0.5285
"2654",1,14,32,"SGP50",4.38227578115787,3.34309377131886,0.1285
"2655",1,14,33,"SGP50",1.75474740998162,2.86860307850348,0.5755
"2656",1,14,34,"SGP50",1.43017237727342,2.65731033921947,0.543
"2657",1,14,35,"SGP50",1.42101596843109,2.70110874855642,0.397
"2658",1,14,36,"SGP50",1.21480115588491,2.53557216302649,0.477
"2659",1,14,37,"SGP50",1.45549281121784,2.57251443777609,0.352
"2660",1,14,38,"SGP50",1.08822312765719,2.41738569496035,0.5135
"2661",1,15,1,"BMA",3.65248456422184,3.32030711248811,0.818
"2662",1,15,2,"BMA",1.57276719169607,2.85301577345114,0.4825
"2663",1,15,3,"BMA",13.5395261812247,5.59068616826217,0.9805
"2664",1,15,4,"BMA",14.9259518339749,5.02166816936002,0.944
"2665",1,15,5,"BMA",6.46506266081091,4.06680428432249,0.2955
"2666",1,15,6,"BMA",4.25793821382405,3.78667770057226,0.6145
"2667",1,15,7,"BMA",3.64858307836145,3.70575513139235,0.491
"2668",1,15,8,"BMA",5.72217741407685,3.79239608917463,0.7345
"2669",1,15,9,"BMA",10.7115296208906,4.34111455667628,0.8715
"2670",1,15,10,"BMA",10.9477957423847,4.21240989854199,0.883
"2671",1,15,11,"BMA",19.2655386773936,5.15215652780961,0.9695
"2672",1,15,12,"BMA",15.3001583088559,4.62207925874346,0.9175
"2673",1,15,13,"BMA",13.9058551624852,4.42325852247856,0.909
"2674",1,15,14,"BMA",10.8367364857745,4.10858367827167,0.8295
"2675",1,15,15,"BMA",6.17170501703401,3.87011062027199,0.5755
"2676",1,15,16,"BMA",6.03897220448145,3.82519966464245,0.7
"2677",1,15,17,"BMA",17.4758291280077,5.31995690334945,0.973
"2678",1,15,18,"BMA",5.84246196789327,3.68230587143651,0.784
"2679",1,15,19,"BMA",3.28929142016386,3.39438322241485,0.643
"2680",1,15,20,"BMA",5.5431440504577,3.66432587014859,0.2005
"2681",1,15,21,"BMA",23.4650011076524,6.20458736053679,0.0055
"2682",1,15,22,"BMA",9.3813986228359,4.02988390984679,0.138
"2683",1,15,23,"BMA",7.56753581358054,4.00042243563213,0.1455
"2684",1,15,24,"BMA",5.16033399817745,3.70853181569004,0.2035
"2685",1,15,25,"BMA",2.5608523948649,3.31179287600119,0.447
"2686",1,15,26,"BMA",4.93613838677359,3.71108119426203,0.7995
"2687",1,15,27,"BMA",8.25924456032401,4.10994534729715,0.906
"2688",1,15,28,"BMA",3.5885994888005,3.37844267332965,0.7645
"2689",1,15,29,"BMA",1.72935047291474,2.93027774131579,0.5495
"2690",1,15,30,"BMA",1.56681328163544,2.90442577887824,0.491
"2691",1,15,31,"BMA",1.45510278834795,2.78146744510759,0.521
"2692",1,15,32,"BMA",4.11861485390884,3.31603426037782,0.875
"2693",1,15,33,"BMA",2.27380724508387,2.80238757207334,0.249
"2694",1,15,34,"BMA",2.93913328911336,3.04564137497896,0.161
"2695",1,15,35,"BMA",4.08860638920394,3.39761950437431,0.0925
"2696",1,15,36,"BMA",3.689336142852,3.21365278781558,0.1025
"2697",1,15,37,"BMA",1.3320590908323,2.54721499656736,0.353
"2698",1,15,38,"BMA",2.12573213359474,2.63625595264185,0.1945
"2699",1,15,1,"AVS",3.65248456422184,3.31918794950724,0.8115
"2700",1,15,2,"AVS",2.03289455812141,2.8635978544543,0.332
"2701",1,15,3,"AVS",12.2086043524237,5.55237996307268,0.98
"2702",1,15,4,"AVS",18.3365759256227,5.98133658971805,0.9915
"2703",1,15,5,"AVS",9.26129228797223,4.09189396307822,0.173
"2704",1,15,6,"AVS",3.80786430815425,3.70244036488071,0.541
"2705",1,15,7,"AVS",3.86489337312595,3.675836690721,0.409
"2706",1,15,8,"AVS",5.48531008980116,3.81061813308513,0.7245
"2707",1,15,9,"AVS",10.6227673010732,4.20686099698412,0.867
"2708",1,15,10,"AVS",6.97485031745707,3.79444179545893,0.7705
"2709",1,15,11,"AVS",3.89870236479607,3.3506423537814,0.807
"2710",1,15,12,"AVS",2.37593940909743,3.05644872880102,0.33
"2711",1,15,13,"AVS",2.68019860225238,3.07917016794372,0.2705
"2712",1,15,14,"AVS",5.83636379307215,3.60148597527945,0.0925
"2713",1,15,15,"AVS",17.2500273401895,7.14857183198587,0.002
"2714",1,15,16,"AVS",5.1729259486944,3.63873428117229,0.144
"2715",1,15,17,"AVS",5.48458297642,3.61458680812599,0.8535
"2716",1,15,18,"AVS",11.2934415986192,4.97552247013835,0.0225
"2717",1,15,19,"AVS",8.66134223927698,4.01321175386625,0.0805
"2718",1,15,20,"AVS",15.3311945196259,5.41289028097971,0.021
"2719",1,15,21,"AVS",13.6567834268297,5.06788645655899,0.0305
"2720",1,15,22,"AVS",4.63878184831328,3.43148968723491,0.7665
"2721",1,15,23,"AVS",2.58722712435417,3.26208045387235,0.386
"2722",1,15,24,"AVS",2.39339703563997,3.18399092236511,0.574
"2723",1,15,25,"AVS",3.21627455508222,3.29625627262398,0.6955
"2724",1,15,26,"AVS",5.58685074641183,3.57142391126871,0.8445
"2725",1,15,27,"AVS",3.11930727210908,3.22733376137623,0.704
"2726",1,15,28,"AVS",3.56800381899532,3.34024958018289,0.2515
"2727",1,15,29,"AVS",2.76347226451009,3.19436493921425,0.336
"2728",1,15,30,"AVS",2.15951891414133,3.16590706013906,0.5775
"2729",1,15,31,"AVS",2.42215841982732,3.17230954953038,0.5985
"2730",1,15,32,"AVS",4.87814436149165,3.50069386375393,0.8135
"2731",1,15,33,"AVS",7.64129032895298,3.89517379545621,0.0905
"2732",1,15,34,"AVS",2.5673743266708,3.20233557689781,0.6605
"2733",1,15,35,"AVS",2.22796799524568,3.16927835521866,0.586
"2734",1,15,36,"AVS",2.41743157206151,3.11068413164936,0.623
"2735",1,15,37,"AVS",3.25803170096289,3.25425519139435,0.7195
"2736",1,15,38,"AVS",2.03388882976615,3.12990878857771,0.4205
"2737",1,15,1,"EQW",3.65248456422184,3.32967447675366,0.8325
"2738",1,15,2,"EQW",1.62980840157398,2.90210191852479,0.4975
"2739",1,15,3,"EQW",12.7793745228187,5.12908929807108,0.968
"2740",1,15,4,"EQW",13.1982269565614,5.01084619660667,0.9535
"2741",1,15,5,"EQW",5.11923592042173,3.98034846966418,0.3935
"2742",1,15,6,"EQW",6.50842437057564,4.01724580420591,0.7905
"2743",1,15,7,"EQW",3.32572192488384,3.53586924703251,0.5985
"2744",1,15,8,"EQW",5.38999441814132,3.6671887897366,0.783
"2745",1,15,9,"EQW",8.14425227505047,3.95005708019433,0.871
"2746",1,15,10,"EQW",6.35864884955947,3.80858506538265,0.781
"2747",1,15,11,"EQW",12.1683272759723,4.2404649962568,0.9305
"2748",1,15,12,"EQW",7.44028125809366,3.88348423136759,0.7465
"2749",1,15,13,"EQW",6.6431528891294,3.85591231184137,0.7385
"2750",1,15,14,"EQW",4.77496706451961,3.86447739719419,0.616
"2751",1,15,15,"EQW",5.7156690720298,3.99965403062512,0.324
"2752",1,15,16,"EQW",3.26281669871235,3.55692451825794,0.516
"2753",1,15,17,"EQW",12.4320780953233,4.42944273337402,0.9315
"2754",1,15,18,"EQW",4.68639655023188,4.00404778138464,0.5155
"2755",1,15,19,"EQW",3.95649334321982,3.81772517596549,0.505
"2756",1,15,20,"EQW",5.9592283382175,3.87251104385352,0.3025
"2757",1,15,21,"EQW",14.138671045276,4.62972393462188,0.062
"2758",1,15,22,"EQW",4.48852341134932,3.74641812888772,0.3045
"2759",1,15,23,"EQW",6.2853067053124,3.79936918745874,0.2015
"2760",1,15,24,"EQW",4.61136405190558,3.64851439547927,0.274
"2761",1,15,25,"EQW",3.04622924654928,3.43289143645844,0.419
"2762",1,15,26,"EQW",3.42096631880406,3.44638105845479,0.654
"2763",1,15,27,"EQW",4.15138488477781,3.55778714545745,0.7385
"2764",1,15,28,"EQW",2.89938422684376,3.45963122850724,0.5315
"2765",1,15,29,"EQW",2.48223125680796,3.27813311807728,0.4365
"2766",1,15,30,"EQW",2.14633858831762,3.10506743457901,0.4895
"2767",1,15,31,"EQW",2.09218118288493,3.13870028883854,0.501
"2768",1,15,32,"EQW",4.22721173305636,3.49929527294609,0.791
"2769",1,15,33,"EQW",4.08072453498002,3.23296626576431,0.2285
"2770",1,15,34,"EQW",2.18908392570247,3.06392025801205,0.386
"2771",1,15,35,"EQW",2.5464489681418,3.18433073643493,0.3195
"2772",1,15,36,"EQW",2.21762454564357,3.04650875720389,0.358
"2773",1,15,37,"EQW",1.69293401914884,2.86918344002892,0.5335
"2774",1,15,38,"EQW",2.0320558552535,2.87936583995933,0.331
"2775",1,15,1,"SGP",3.65248456422184,3.2923737166617,0.8145
"2776",1,15,2,"SGP",1.41698879050317,2.74255706686518,0.5695
"2777",1,15,3,"SGP",15.8087982650242,6.57380882561161,0.9945
"2778",1,15,4,"SGP",12.8388280653965,5.10664673351777,0.9815
"2779",1,15,5,"SGP",12.2833057727212,5.14490368230469,0.0745
"2780",1,15,6,"SGP",6.0086500481329,3.8148583404042,0.873
"2781",1,15,7,"SGP",2.1076964133234,2.99294804430887,0.488
"2782",1,15,8,"SGP",2.83591237168812,3.12177199783878,0.718
"2783",1,15,9,"SGP",3.95112854988567,3.30498246666916,0.811
"2784",1,15,10,"SGP",1.94098580742648,3.03891892233045,0.496
"2785",1,15,11,"SGP",4.01293424389208,3.33404952666923,0.824
"2786",1,15,12,"SGP",2.34954532500669,3.06169976264602,0.308
"2787",1,15,13,"SGP",2.64677621620648,3.03710176100533,0.285
"2788",1,15,14,"SGP",5.73835633362174,3.7443392465228,0.1045
"2789",1,15,15,"SGP",17.0401508711094,7.15145121035508,0.004
"2790",1,15,16,"SGP",5.11766923614321,3.60673943477337,0.148
"2791",1,15,17,"SGP",5.53478350112404,3.59416515521155,0.8675
"2792",1,15,18,"SGP",11.1532903176368,4.91472525187301,0.0275
"2793",1,15,19,"SGP",8.56814321412765,4.11698598480591,0.085
"2794",1,15,20,"SGP",15.2043659203244,5.62442623849502,0.0115
"2795",1,15,21,"SGP",13.3390747903842,4.90232998342904,0.035
"2796",1,15,22,"SGP",4.58612940598068,3.50181171283724,0.77
"2797",1,15,23,"SGP",2.61219432402764,3.29055961223793,0.3705
"2798",1,15,24,"SGP",2.39486623148033,3.28479339156769,0.5905
"2799",1,15,25,"SGP",3.19572743231927,3.38103910762033,0.713
"2800",1,15,26,"SGP",5.55370730422908,3.66809318673551,0.842
"2801",1,15,27,"SGP",3.12277120133547,3.37557239266208,0.699
"2802",1,15,28,"SGP",3.55733982112998,3.38424111750358,0.2425
"2803",1,15,29,"SGP",2.76386811701741,3.22568755633488,0.3475
"2804",1,15,30,"SGP",2.15845934225216,3.20400564991075,0.553
"2805",1,15,31,"SGP",2.4165810153236,3.20287717283224,0.6225
"2806",1,15,32,"SGP",4.86520601003796,3.55226210613808,0.817
"2807",1,15,33,"SGP",7.6077267824713,3.98603182556418,0.088
"2808",1,15,34,"SGP",2.5534182672606,3.20024464039943,0.6275
"2809",1,15,35,"SGP",2.2230557098403,3.19787638965821,0.5545
"2810",1,15,36,"SGP",2.40533352601197,3.12371798675674,0.636
"2811",1,15,37,"SGP",3.23374858210844,3.26927519137285,0.7405
"2812",1,15,38,"SGP",2.03501876649814,3.05917298666777,0.453
"2813",1,15,1,"SGP50",3.65248456422184,3.30646127246857,0.8295
"2814",1,15,2,"SGP50",1.61609048649954,2.88928366180493,0.5155
"2815",1,15,3,"SGP50",12.9432418883582,5.21624069293871,0.9705
"2816",1,15,4,"SGP50",13.3590729852767,4.92617698832332,0.958
"2817",1,15,5,"SGP50",5.17295509301367,4.02517902970036,0.38
"2818",1,15,6,"SGP50",6.71113949400526,4.08749812495486,0.8225
"2819",1,15,7,"SGP50",3.27793903706502,3.51269960260987,0.6045
"2820",1,15,8,"SGP50",5.23911327398276,3.68529987464338,0.7725
"2821",1,15,9,"SGP50",7.64351337772316,3.84669232239346,0.8705
"2822",1,15,10,"SGP50",5.44127357489466,3.65790779606652,0.72
"2823",1,15,11,"SGP50",10.3954181657807,4.11818908765371,0.9125
"2824",1,15,12,"SGP50",5.35642483735702,3.67308953350625,0.656
"2825",1,15,13,"SGP50",4.49295728844915,3.64958475012066,0.6355
"2826",1,15,14,"SGP50",3.77853600884113,3.76568598607007,0.4765
"2827",1,15,15,"SGP50",8.44602618355616,4.26033849891224,0.1975
"2828",1,15,16,"SGP50",3.23645528948745,3.57511930085897,0.3845
"2829",1,15,17,"SGP50",9.52770899243496,4.0857519372521,0.9185
"2830",1,15,18,"SGP50",5.69725991657939,4.15221787792047,0.317
"2831",1,15,19,"SGP50",4.76789559256085,3.84986441750605,0.3195
"2832",1,15,20,"SGP50",8.91192161689928,4.28897143782758,0.178
"2833",1,15,21,"SGP50",14.0895089831682,4.75948114104385,0.0485
"2834",1,15,22,"SGP50",3.44251130732587,3.59964890538477,0.4835
"2835",1,15,23,"SGP50",4.8887550032983,3.61584875567079,0.2455
"2836",1,15,24,"SGP50",3.48392478818344,3.5270652256463,0.3565
"2837",1,15,25,"SGP50",2.79880224271271,3.40764514100183,0.5065
"2838",1,15,26,"SGP50",3.85819327054466,3.53760095893486,0.7185
"2839",1,15,27,"SGP50",3.32789114929316,3.45567612731834,0.6725
"2840",1,15,28,"SGP50",3.08123544721729,3.44392693303798,0.3675
"2841",1,15,29,"SGP50",2.79196984890656,3.29350867679046,0.3595
"2842",1,15,30,"SGP50",2.18277073853764,3.19581016929132,0.5055
"2843",1,15,31,"SGP50",2.18904044953264,3.11160058986682,0.5195
"2844",1,15,32,"SGP50",4.15993664934911,3.4855919516303,0.7815
"2845",1,15,33,"SGP50",5.62069593921748,3.48562121275933,0.1485
"2846",1,15,34,"SGP50",2.16364921031469,3.1599004424157,0.4535
"2847",1,15,35,"SGP50",2.35847047141983,3.22023351001071,0.3965
"2848",1,15,36,"SGP50",2.14507419230507,3.1081249191257,0.418
"2849",1,15,37,"SGP50",1.98785714467079,3.04164813617443,0.582
"2850",1,15,38,"SGP50",2.12803689146121,2.99720048393334,0.332
"2851",1,16,1,"BMA",4.23947609285303,3.93533169611688,0.86
"2852",1,16,2,"BMA",1.90588390455651,3.00437584586945,0.607
"2853",1,16,3,"BMA",3.46591680308127,3.35589972685446,0.775
"2854",1,16,4,"BMA",1.86705144130214,2.95388454402726,0.553
"2855",1,16,5,"BMA",1.84839361444873,3.01706689573686,0.524
"2856",1,16,6,"BMA",2.97846427417262,3.18670033615543,0.734
"2857",1,16,7,"BMA",8.83855815682766,4.38675827395616,0.9415
"2858",1,16,8,"BMA",6.51326972351559,3.79390783181512,0.866
"2859",1,16,9,"BMA",14.9431026162845,5.46016594642759,0.9895
"2860",1,16,10,"BMA",13.8967826243278,5.09816274422247,0.973
"2861",1,16,11,"BMA",2.80013741749761,3.40965974021998,0.5015
"2862",1,16,12,"BMA",4.15246093081368,3.44620503571344,0.756
"2863",1,16,13,"BMA",7.14075770818298,3.89572244065924,0.8575
"2864",1,16,14,"BMA",3.35982044295878,3.3861124055243,0.322
"2865",1,16,15,"BMA",3.45520851475833,3.57185921227274,0.4725
"2866",1,16,16,"BMA",3.33694519990493,3.47804846738015,0.5575
"2867",1,16,17,"BMA",4.07762416796889,3.40072423165416,0.744
"2868",1,16,18,"BMA",3.50334177205149,3.25713370070665,0.7325
"2869",1,16,19,"BMA",7.65859179539433,4.05774335997312,0.9235
"2870",1,16,20,"BMA",2.28460407771641,3.11438964913397,0.34
"2871",1,16,21,"BMA",2.0491011851012,3.08272375716016,0.4305
"2872",1,16,22,"BMA",2.12833365153355,3.15364442561565,0.5175
"2873",1,16,23,"BMA",2.34892341423953,3.19895233579794,0.368
"2874",1,16,24,"BMA",3.11371427996059,3.21553697355215,0.2775
"2875",1,16,25,"BMA",5.9010853369327,3.75817312183685,0.1055
"2876",1,16,26,"BMA",1.71224605358294,2.93425956021591,0.4325
"2877",1,16,27,"BMA",4.9173510892718,3.56598782389503,0.1285
"2878",1,16,28,"BMA",4.48082443402163,3.40819214520499,0.152
"2879",1,16,29,"BMA",5.18516958488304,3.66079834392298,0.1
"2880",1,16,30,"BMA",6.9105543276449,4.008209403982,0.0445
"2881",1,16,31,"BMA",1.47940905880055,2.64649600622045,0.368
"2882",1,16,32,"BMA",2.26701501324852,2.76145828689771,0.203
"2883",1,16,33,"BMA",2.66179756449379,2.93639712933161,0.1575
"2884",1,16,34,"BMA",1.02638028007331,2.45430032971232,0.547
"2885",1,16,35,"BMA",1.85594577064055,2.68429047936912,0.778
"2886",1,16,36,"BMA",2.9069419335352,3.07162855034239,0.106
"2887",1,16,37,"BMA",2.3155682710767,2.7372439069034,0.1335
"2888",1,16,38,"BMA",5.75460532327627,4.61507466597793,0.011
"2889",1,16,1,"AVS",4.23947609285303,3.98287428164418,0.8655
"2890",1,16,2,"AVS",1.59188230362672,2.80419264642653,0.573
"2891",1,16,3,"AVS",3.32669796043198,3.35783439840377,0.7735
"2892",1,16,4,"AVS",1.8543769823444,2.95771418825993,0.56
"2893",1,16,5,"AVS",1.84715280361236,2.96946489494542,0.532
"2894",1,16,6,"AVS",3.01842434349523,3.2439324292699,0.7015
"2895",1,16,7,"AVS",8.96320270776843,4.24663268055789,0.936
"2896",1,16,8,"AVS",6.91356299138344,3.87205022594749,0.886
"2897",1,16,9,"AVS",15.6919269977934,5.34863432348231,0.99
"2898",1,16,10,"AVS",8.50968901307815,3.88447042185323,0.9085
"2899",1,16,11,"AVS",14.2594827490232,10.7890027104496,0.001
"2900",1,16,12,"AVS",3.64787419298652,3.4314746794676,0.7145
"2901",1,16,13,"AVS",6.97453809060496,3.84059883483826,0.8545
"2902",1,16,14,"AVS",10.6717859727748,4.81616529869273,0.0665
"2903",1,16,15,"AVS",3.97226326874185,3.58157148884455,0.5545
"2904",1,16,16,"AVS",4.00502636627803,3.46051004116251,0.638
"2905",1,16,17,"AVS",4.99449833844871,3.53784190465965,0.7995
"2906",1,16,18,"AVS",3.52530420274985,3.25782062390078,0.7575
"2907",1,16,19,"AVS",6.53488222270053,3.84811376427736,0.906
"2908",1,16,20,"AVS",9.77484877374102,4.34239763731822,0.058
"2909",1,16,21,"AVS",2.24621792454239,3.06894543033012,0.3215
"2910",1,16,22,"AVS",1.8911576968017,3.01128895723288,0.415
"2911",1,16,23,"AVS",2.54396960226497,3.12682608658024,0.308
"2912",1,16,24,"AVS",3.38603346921707,3.18929054463476,0.237
"2913",1,16,25,"AVS",6.40848396130839,3.71368426881343,0.0855
"2914",1,16,26,"AVS",1.69467004152921,2.83233254418829,0.382
"2915",1,16,27,"AVS",5.31377296992155,3.60001501988581,0.093
"2916",1,16,28,"AVS",5.08792650644619,3.64660919546393,0.098
"2917",1,16,29,"AVS",6.51688703251101,3.92938472813034,0.0465
"2918",1,16,30,"AVS",9.4924383381646,5.2252060562258,0.0095
"2919",1,16,31,"AVS",3.71679937234717,3.26980405451722,0.789
"2920",1,16,32,"AVS",2.16208496971411,2.87328376336858,0.2605
"2921",1,16,33,"AVS",1.9048439513382,2.77592860585766,0.277
"2922",1,16,34,"AVS",2.24037130253698,2.84074225670255,0.7225
"2923",1,16,35,"AVS",1.86381786450923,2.68442637113273,0.7745
"2924",1,16,36,"AVS",3.01814113534381,3.03539285934906,0.1025
"2925",1,16,37,"AVS",2.27065077187838,2.76374082328223,0.154
"2926",1,16,38,"AVS",5.62852252487824,4.64724728417616,0.018
"2927",1,16,1,"EQW",4.23947609285303,4.109043891083,0.8755
"2928",1,16,2,"EQW",3.03266251175162,3.28058226094089,0.8185
"2929",1,16,3,"EQW",4.88197443436911,3.99461902877619,0.9035
"2930",1,16,4,"EQW",2.1564087512958,3.10809055338996,0.378
"2931",1,16,5,"EQW",1.40350681728119,2.6860906506638,0.507
"2932",1,16,6,"EQW",2.71215533979181,3.14276845213306,0.7825
"2933",1,16,7,"EQW",7.91208158778955,4.42371355566758,0.953
"2934",1,16,8,"EQW",2.9275221989535,3.42117550301792,0.6235
"2935",1,16,9,"EQW",12.2472435272228,5.44194252608794,0.9865
"2936",1,16,10,"EQW",7.96428029370046,3.81565883816456,0.9125
"2937",1,16,11,"EQW",3.58193027377604,3.63603298662362,0.3905
"2938",1,16,12,"EQW",4.23058637521416,3.31175700079698,0.785
"2939",1,16,13,"EQW",5.5651981785267,3.57316049884369,0.847
"2940",1,16,14,"EQW",5.36147499611077,3.83768876961603,0.2035
"2941",1,16,15,"EQW",2.82551535840607,3.36160661678468,0.341
"2942",1,16,16,"EQW",2.588304677478,3.33561325707575,0.394
"2943",1,16,17,"EQW",2.49925435742224,3.10671218072526,0.642
"2944",1,16,18,"EQW",2.20381501704612,3.18128422237083,0.54
"2945",1,16,19,"EQW",4.59535689706808,3.40916033924986,0.8085
"2946",1,16,20,"EQW",5.25480371745775,3.69501593996254,0.2175
"2947",1,16,21,"EQW",2.06966389587636,3.0917956270705,0.4485
"2948",1,16,22,"EQW",2.18038293125247,3.12616035367247,0.5245
"2949",1,16,23,"EQW",2.59309214019888,3.36131223139315,0.405
"2950",1,16,24,"EQW",3.00695443079118,3.37724998641136,0.36
"2951",1,16,25,"EQW",3.42355901193492,3.43958717337595,0.282
"2952",1,16,26,"EQW",2.41221543992472,3.05790981458632,0.661
"2953",1,16,27,"EQW",3.69507752306142,3.48216464804339,0.2215
"2954",1,16,28,"EQW",2.51789608333766,3.08752103331229,0.304
"2955",1,16,29,"EQW",3.37551060178767,3.1592002585176,0.2215
"2956",1,16,30,"EQW",5.40636612220657,3.58684058012818,0.1035
"2957",1,16,31,"EQW",1.81398088848033,2.97808139486385,0.4565
"2958",1,16,32,"EQW",2.63404278891146,3.01625023764075,0.244
"2959",1,16,33,"EQW",2.45342644994715,2.98847537781516,0.2455
"2960",1,16,34,"EQW",1.46927874203027,2.74013898657607,0.586
"2961",1,16,35,"EQW",1.68937670891141,2.81506806655214,0.6805
"2962",1,16,36,"EQW",4.26384178123142,3.32898142776321,0.0905
"2963",1,16,37,"EQW",1.77354096518254,2.79973386075438,0.328
"2964",1,16,38,"EQW",3.99160171695933,3.43753745968012,0.137
"2965",1,16,1,"SGP",4.23947609285303,3.96259665698551,0.8615
"2966",1,16,2,"SGP",3.36226559119718,3.27946709543567,0.8965
"2967",1,16,3,"SGP",5.98025273160005,4.81318491523998,0.978
"2968",1,16,4,"SGP",2.68316475482455,3.24056547061219,0.2885
"2969",1,16,5,"SGP",1.01105665137224,2.3292528990181,0.563
"2970",1,16,6,"SGP",2.49001165651206,2.93841471500183,0.8955
"2971",1,16,7,"SGP",7.49681171505744,5.86716910465088,0.9925
"2972",1,16,8,"SGP",4.39618639264339,3.71500124075977,0.089
"2973",1,16,9,"SGP",9.76558378648364,6.8867557633018,0.9985
"2974",1,16,10,"SGP",2.11273628902197,2.80587185861513,0.748
"2975",1,16,11,"SGP",13.7156004731342,6.60133691662931,0.0125
"2976",1,16,12,"SGP",2.01944602304087,2.85910529458685,0.736
"2977",1,16,13,"SGP",2.24442352455039,2.82870680443699,0.7295
"2978",1,16,14,"SGP",13.2809934608718,6.05260391753975,0.003
"2979",1,16,15,"SGP",4.16443781047517,3.31233523170265,0.1575
"2980",1,16,16,"SGP",3.62410833280631,3.13802018017914,0.1765
"2981",1,16,17,"SGP",1.50469454302026,2.7999316710511,0.438
"2982",1,16,18,"SGP",3.17172754845807,3.15194638614683,0.197
"2983",1,16,19,"SGP",1.59430962221856,2.78819219748049,0.5985
"2984",1,16,20,"SGP",14.3932716015003,7.18382119541939,0.003
"2985",1,16,21,"SGP",3.09978228509876,3.07326182027319,0.23
"2986",1,16,22,"SGP",2.46149303215418,2.98916034090822,0.2765
"2987",1,16,23,"SGP",4.76418256844706,3.56426672627972,0.1135
"2988",1,16,24,"SGP",6.06359733080855,3.92311083691639,0.0835
"2989",1,16,25,"SGP",3.33148943139018,3.15640190461864,0.1875
"2990",1,16,26,"SGP",3.16853545356431,3.23387726873406,0.789
"2991",1,16,27,"SGP",4.68352172746793,3.4999331037467,0.1265
"2992",1,16,28,"SGP",1.55154974852622,2.80402056175648,0.4475
"2993",1,16,29,"SGP",2.01472841929159,2.90339015640536,0.3415
"2994",1,16,30,"SGP",2.48271935847671,2.86781813638464,0.2895
"2995",1,16,31,"SGP",4.67261611379961,3.47094913478755,0.89
"2996",1,16,32,"SGP",1.5230097920237,2.88687185373956,0.451
"2997",1,16,33,"SGP",1.45900190838028,2.70117079453723,0.5455
"2998",1,16,34,"SGP",3.55605116177578,3.15493225868461,0.829
"2999",1,16,35,"SGP",2.07180790676227,2.94358781792253,0.6945
"3000",1,16,36,"SGP",4.80685073491005,3.46292753665446,0.1225
"3001",1,16,37,"SGP",1.85834008489781,2.81623958601261,0.6625
"3002",1,16,38,"SGP",1.75342262121608,2.79855880512824,0.3325
"3003",1,16,1,"SGP50",4.23947609285303,4.01527913071748,0.86
"3004",1,16,2,"SGP50",3.05044275628525,3.30413547314696,0.8395
"3005",1,16,3,"SGP50",4.91443403218638,3.89579537052975,0.9105
"3006",1,16,4,"SGP50",2.15702409160184,3.10660961906938,0.393
"3007",1,16,5,"SGP50",1.37135762771185,2.66865226375813,0.5345
"3008",1,16,6,"SGP50",2.75367598737913,3.13908299988488,0.799
"3009",1,16,7,"SGP50",7.97155630785797,4.66181268092172,0.946
"3010",1,16,8,"SGP50",2.79419667718609,3.43789789482997,0.5955
"3011",1,16,9,"SGP50",12.1204929286743,5.69852705339049,0.9895
"3012",1,16,10,"SGP50",7.29032040731503,3.742710501984,0.904
"3013",1,16,11,"SGP50",4.02966075800776,3.59237193763332,0.372
"3014",1,16,12,"SGP50",4.13809417016875,3.37541785859968,0.7865
"3015",1,16,13,"SGP50",5.19224542603409,3.56450315166166,0.8435
"3016",1,16,14,"SGP50",6.04975682420777,3.78376112223052,0.184
"3017",1,16,15,"SGP50",2.81041286443455,3.34270249538644,0.336
"3018",1,16,16,"SGP50",2.57526568573332,3.21430883823177,0.364
"3019",1,16,17,"SGP50",2.22548994653626,3.12006391254702,0.5955
"3020",1,16,18,"SGP50",2.08420976500372,3.1256829295755,0.4755
"3021",1,16,19,"SGP50",3.75428907739512,3.37942327725891,0.776
"3022",1,16,20,"SGP50",6.98722780463006,3.96243158836342,0.151
"3023",1,16,21,"SGP50",2.11303029787309,3.04791251896907,0.415
"3024",1,16,22,"SGP50",2.06151614765255,3.0558522039736,0.4725
"3025",1,16,23,"SGP50",2.78532221617695,3.32549107737102,0.3235
"3026",1,16,24,"SGP50",3.44476013870964,3.49916582104308,0.283
"3027",1,16,25,"SGP50",3.70200026243101,3.43592569309977,0.247
"3028",1,16,26,"SGP50",2.33669284286814,3.16445766619175,0.6515
"3029",1,16,27,"SGP50",4.28948342814723,3.39553264781573,0.181
"3030",1,16,28,"SGP50",2.51036026381115,3.06406128092627,0.3215
"3031",1,16,29,"SGP50",3.31367131899221,3.22158967508447,0.225
"3032",1,16,30,"SGP50",4.89931024792562,3.49234266980091,0.1315
"3033",1,16,31,"SGP50",1.99833746705674,3.06356559558207,0.5485
"3034",1,16,32,"SGP50",2.49619522463965,3.09820384391151,0.2725
"3035",1,16,33,"SGP50",2.22415212185425,2.92770487032182,0.306
"3036",1,16,34,"SGP50",1.69854691247088,2.8196513749137,0.625
"3037",1,16,35,"SGP50",1.70447387498479,2.798925803014,0.6555
"3038",1,16,36,"SGP50",4.52210948762069,3.40752876711683,0.088
"3039",1,16,37,"SGP50",1.68020343498297,2.82770169433602,0.3745
"3040",1,16,38,"SGP50",3.63068783564973,3.37560882053474,0.1525
"3041",1,17,1,"BMA",7.56156480737647,4.47788965694661,0.8815
"3042",1,17,2,"BMA",2.74737718130328,3.36486011949966,0.558
"3043",1,17,3,"BMA",4.44951991270746,3.59606902982123,0.745
"3044",1,17,4,"BMA",3.91583984355822,3.57675660906056,0.683
"3045",1,17,5,"BMA",3.47333130965588,3.52044071285568,0.4015
"3046",1,17,6,"BMA",3.00474562572478,3.44625188139375,0.398
"3047",1,17,7,"BMA",3.61399365022412,3.40942942678115,0.6945
"3048",1,17,8,"BMA",9.54488950893434,4.26894793258774,0.928
"3049",1,17,9,"BMA",15.9464897593077,5.56412217314254,0.9905
"3050",1,17,10,"BMA",8.87506307164312,3.94569837358891,0.909
"3051",1,17,11,"BMA",1.92479901957704,3.11717163948979,0.4265
"3052",1,17,12,"BMA",14.6804659084185,5.79084470031637,0.0135
"3053",1,17,13,"BMA",3.78781057471006,3.37713108794215,0.7185
"3054",1,17,14,"BMA",3.54604028088861,3.23952105558882,0.76
"3055",1,17,15,"BMA",5.94321509649714,3.66430499163264,0.887
"3056",1,17,16,"BMA",5.90521247059008,3.79310151021365,0.1265
"3057",1,17,17,"BMA",2.86772495874656,3.20622485617881,0.298
"3058",1,17,18,"BMA",3.71222657547915,3.38175715968788,0.216
"3059",1,17,19,"BMA",3.16497162861065,3.1890405578112,0.231
"3060",1,17,20,"BMA",2.68735242933289,3.1971218805709,0.693
"3061",1,17,21,"BMA",4.88802991269077,3.45582907733907,0.1565
"3062",1,17,22,"BMA",8.66774929002364,4.32591258075653,0.048
"3063",1,17,23,"BMA",8.24533289621196,4.14465267426657,0.0635
"3064",1,17,24,"BMA",2.01032033443068,3.1082287322973,0.4205
"3065",1,17,25,"BMA",4.27163697006227,3.37455032129162,0.1855
"3066",1,17,26,"BMA",2.25841602219166,3.03087328456257,0.3635
"3067",1,17,27,"BMA",1.93210009183561,2.99483719401164,0.591
"3068",1,17,28,"BMA",1.91373989131837,3.02810043046186,0.5345
"3069",1,17,29,"BMA",2.70312811554346,3.07126763214635,0.3045
"3070",1,17,30,"BMA",3.01265648657949,3.18897199189969,0.7575
"3071",1,17,31,"BMA",1.83209347604057,3.01602930353148,0.5205
"3072",1,17,32,"BMA",2.21177850764324,3.00728530833694,0.387
"3073",1,17,33,"BMA",1.8043015341952,2.96849275350712,0.5095
"3074",1,17,34,"BMA",1.78601608044171,2.96991475334645,0.475
"3075",1,17,35,"BMA",1.69905410518666,2.85513057867812,0.4355
"3076",1,17,36,"BMA",2.90854838480625,3.12028139443034,0.232
"3077",1,17,37,"BMA",3.45711677648493,3.32043766861688,0.2075
"3078",1,17,38,"BMA",1.98579054020635,2.97239008876223,0.671
"3079",1,17,1,"AVS",7.56156480737647,4.37327494044984,0.875
"3080",1,17,2,"AVS",2.67724859959231,3.27710200196275,0.47
"3081",1,17,3,"AVS",4.3663715332243,3.57745769060932,0.7205
"3082",1,17,4,"AVS",4.59851604734117,3.76416436662265,0.7345
"3083",1,17,5,"AVS",2.89737021454255,3.46205138284371,0.526
"3084",1,17,6,"AVS",2.89804086056633,3.38499047546359,0.448
"3085",1,17,7,"AVS",3.94224218303832,3.52654632769755,0.727
"3086",1,17,8,"AVS",11.476982402837,4.67629666469807,0.945
"3087",1,17,9,"AVS",14.1489623494817,5.20252328203133,0.986
"3088",1,17,10,"AVS",5.40050980762742,3.56094461324791,0.878
"3089",1,17,11,"AVS",2.5179163982988,3.15678515799796,0.2775
"3090",1,17,12,"AVS",15.1473133845819,6.07061887570568,0.002
"3091",1,17,13,"AVS",3.05816255921961,3.27491441712546,0.735
"3092",1,17,14,"AVS",3.05501917270651,3.2536344690976,0.72
"3093",1,17,15,"AVS",5.51345237670912,3.59755003053405,0.867
"3094",1,17,16,"AVS",6.32507321959241,3.72706050546255,0.117
"3095",1,17,17,"AVS",2.94730621145914,3.22064897109475,0.295
"3096",1,17,18,"AVS",3.70111717558907,3.33308832397438,0.217
"3097",1,17,19,"AVS",3.03862460977656,3.13330398603427,0.252
"3098",1,17,20,"AVS",2.71748599840633,3.21264740696187,0.6975
"3099",1,17,21,"AVS",5.07156703775698,3.50619218342815,0.135
"3100",1,17,22,"AVS",8.68722040729927,4.32483500439782,0.046
"3101",1,17,23,"AVS",7.90628992632136,4.05553144268388,0.074
"3102",1,17,24,"AVS",1.9692484600496,3.07600862491027,0.4545
"3103",1,17,25,"AVS",4.28467229165399,3.38780630766239,0.1745
"3104",1,17,26,"AVS",2.27260468037947,3.07320749764958,0.3555
"3105",1,17,27,"AVS",1.93452102110382,3.05783224843747,0.5735
"3106",1,17,28,"AVS",1.87449730288471,2.97042195943466,0.5005
"3107",1,17,29,"AVS",3.03488025556383,3.19761404148006,0.231
"3108",1,17,30,"AVS",2.68712913158868,3.12231972662901,0.7165
"3109",1,17,31,"AVS",1.71950865643542,3.05375298516991,0.4845
"3110",1,17,32,"AVS",2.26314681129111,3.02160823130109,0.3755
"3111",1,17,33,"AVS",1.79586729115801,2.95148266896053,0.496
"3112",1,17,34,"AVS",1.79086041236295,3.00917742590898,0.451
"3113",1,17,35,"AVS",1.7075205441136,2.94934992509419,0.448
"3114",1,17,36,"AVS",2.94615760431998,3.08071673173143,0.2385
"3115",1,17,37,"AVS",3.4466322125223,3.35927446746847,0.2005
"3116",1,17,38,"AVS",2.04980386146565,2.97865469583646,0.67
"3117",1,17,1,"EQW",7.56156480737647,4.29593239550679,0.8795
"3118",1,17,2,"EQW",3.16526181245882,3.24016122506633,0.735
"3119",1,17,3,"EQW",4.9182485940832,3.77914609320599,0.824
"3120",1,17,4,"EQW",2.58647793668118,3.33137951532066,0.558
"3121",1,17,5,"EQW",4.75064625634467,3.67692346026285,0.261
"3122",1,17,6,"EQW",3.32531509300719,3.34468025834734,0.281
"3123",1,17,7,"EQW",2.20355934858503,3.00681241551288,0.5945
"3124",1,17,8,"EQW",5.59230320753755,3.44336412510191,0.8925
"3125",1,17,9,"EQW",12.3793167530577,5.07220598937842,0.987
"3126",1,17,10,"EQW",8.75458853128038,3.80182843247494,0.905
"3127",1,17,11,"EQW",3.85330001541756,3.63117048885363,0.541
"3128",1,17,12,"EQW",9.77458173551783,4.48239475862821,0.1825
"3129",1,17,13,"EQW",7.12808753982147,3.9423626022879,0.83
"3130",1,17,14,"EQW",4.87189368899869,3.4377612872734,0.756
"3131",1,17,15,"EQW",8.34903924153581,3.88452237629827,0.8925
"3132",1,17,16,"EQW",4.11024692337602,3.81380982536408,0.4075
"3133",1,17,17,"EQW",3.00388192518392,3.4209192804871,0.42
"3134",1,17,18,"EQW",3.35592438716724,3.53300207004236,0.3505
"3135",1,17,19,"EQW",2.90802620429059,3.41414348563102,0.3635
"3136",1,17,20,"EQW",3.87774729140502,3.38333834718243,0.7405
"3137",1,17,21,"EQW",3.25928849821755,3.54743812327484,0.399
"3138",1,17,22,"EQW",5.83114468934639,3.84832405266149,0.1825
"3139",1,17,23,"EQW",6.23374186615856,3.7933760110835,0.1235
"3140",1,17,24,"EQW",2.13831694717007,3.17807666793971,0.486
"3141",1,17,25,"EQW",2.95718651079807,3.19021849896082,0.249
"3142",1,17,26,"EQW",1.8311182985971,2.90380638966138,0.416
"3143",1,17,27,"EQW",2.43308978314559,3.07892011854532,0.7335
"3144",1,17,28,"EQW",2.39252847791878,3.13722608501309,0.67
"3145",1,17,29,"EQW",1.63575185504059,2.87191511094808,0.5195
"3146",1,17,30,"EQW",4.34373586229936,3.43710542976979,0.8455
"3147",1,17,31,"EQW",3.43437058608236,3.36799768407429,0.7365
"3148",1,17,32,"EQW",2.58845318919678,3.24983957191987,0.6675
"3149",1,17,33,"EQW",3.584758894151,3.33949676391174,0.7625
"3150",1,17,34,"EQW",2.83208042620547,3.2665330382031,0.688
"3151",1,17,35,"EQW",2.63758801920412,3.16703389236252,0.668
"3152",1,17,36,"EQW",1.94945142264965,3.09219828925821,0.4505
"3153",1,17,37,"EQW",2.21592040811704,3.09606912544041,0.3305
"3154",1,17,38,"EQW",2.43940916903083,2.96006904469872,0.7095
"3155",1,17,1,"SGP",7.56156480737647,4.35090246299561,0.8755
"3156",1,17,2,"SGP",3.51696799305938,3.31135129902176,0.804
"3157",1,17,3,"SGP",7.89683889327726,4.58504964002531,0.9635
"3158",1,17,4,"SGP",2.80982849515492,3.27057035896574,0.6535
"3159",1,17,5,"SGP",9.66597215728033,5.3095627690735,0.035
"3160",1,17,6,"SGP",4.12245518281221,3.45142085070246,0.1295
"3161",1,17,7,"SGP",1.32739373319641,2.62101035364658,0.397
"3162",1,17,8,"SGP",2.38171401681971,2.84512525685476,0.806
"3163",1,17,9,"SGP",7.04959209549573,4.45935270537453,0.9765
"3164",1,17,10,"SGP",2.41726824657965,2.94762324474559,0.776
"3165",1,17,11,"SGP",5.11814391716238,3.63804826936792,0.071
"3166",1,17,12,"SGP",20.8741077024893,9.33416386389149,0.003
"3167",1,17,13,"SGP",16.1709263328007,7.03181377411152,0.993
"3168",1,17,14,"SGP",1.86267634099311,2.99756026912102,0.5755
"3169",1,17,15,"SGP",3.43234657856851,3.21301815235971,0.7705
"3170",1,17,16,"SGP",10.0195257331537,4.67244274383428,0.0355
"3171",1,17,17,"SGP",4.99587829745849,3.5628915185158,0.1475
"3172",1,17,18,"SGP",5.33909646730991,3.6668788764009,0.134
"3173",1,17,19,"SGP",3.33208793166957,3.28804760952121,0.2395
"3174",1,17,20,"SGP",2.74297776910181,3.04887684500318,0.6955
"3175",1,17,21,"SGP",5.05316159443457,3.60671692788392,0.1635
"3176",1,17,22,"SGP",8.65001723039964,4.26588515716168,0.059
"3177",1,17,23,"SGP",4.33118248172667,3.46933245200022,0.1835
"3178",1,17,24,"SGP",3.69645388561362,3.34797172548296,0.776
"3179",1,17,25,"SGP",2.06162574787636,3.07742207912838,0.423
"3180",1,17,26,"SGP",2.14125902759185,3.03573704917913,0.6315
"3181",1,17,27,"SGP",4.0951302875801,3.42022188670489,0.812
"3182",1,17,28,"SGP",1.71207585414166,2.88891786075755,0.49
"3183",1,17,29,"SGP",1.89818372276561,2.88574763630487,0.3355
"3184",1,17,30,"SGP",2.76811070292097,3.04129483716847,0.768
"3185",1,17,31,"SGP",1.71620261964797,2.99601384859241,0.46
"3186",1,17,32,"SGP",1.84028210119021,2.95170210400213,0.3905
"3187",1,17,33,"SGP",2.49245431855431,2.91184679015411,0.7475
"3188",1,17,34,"SGP",1.58539712364711,2.8249126044283,0.4605
"3189",1,17,35,"SGP",1.61794081555412,2.89319006086537,0.4535
"3190",1,17,36,"SGP",2.29263000411358,2.969358481397,0.2735
"3191",1,17,37,"SGP",2.2331570040537,2.95061277251809,0.3065
"3192",1,17,38,"SGP",3.51654098497424,3.18732542573241,0.8235
"3193",1,17,1,"SGP50",7.56156480737647,4.45312529030777,0.8835
"3194",1,17,2,"SGP50",3.17872716612556,3.34580105913766,0.7325
"3195",1,17,3,"SGP50",4.99853255317544,3.78638164601669,0.8435
"3196",1,17,4,"SGP50",2.55696412742898,3.32006897948653,0.5545
"3197",1,17,5,"SGP50",4.81898303068442,3.69034979289899,0.2355
"3198",1,17,6,"SGP50",3.29009435340047,3.32078273878402,0.268
"3199",1,17,7,"SGP50",2.07639932896769,3.01135059296752,0.5575
"3200",1,17,8,"SGP50",5.16268859063716,3.45710299841858,0.862
"3201",1,17,9,"SGP50",11.355074958834,4.82384601864642,0.982
"3202",1,17,10,"SGP50",7.00696266207801,3.60199394659522,0.8795
"3203",1,17,11,"SGP50",3.11355894959985,3.45834590741043,0.435
"3204",1,17,12,"SGP50",12.5280991310069,4.95324293203911,0.1075
"3205",1,17,13,"SGP50",7.54322392210821,3.99614178787986,0.835
"3206",1,17,14,"SGP50",3.65640768891326,3.31906996558856,0.723
"3207",1,17,15,"SGP50",6.33345064651026,3.68026098259878,0.863
"3208",1,17,16,"SGP50",5.22299676441428,3.93414708084174,0.2475
"3209",1,17,17,"SGP50",3.18108505425709,3.43636756169038,0.312
"3210",1,17,18,"SGP50",3.81153966625407,3.47623068542752,0.2665
"3211",1,17,19,"SGP50",3.0910805307726,3.35994409431743,0.29
"3212",1,17,20,"SGP50",3.11281146980295,3.21865100728375,0.716
"3213",1,17,21,"SGP50",3.98207636813363,3.50161685311395,0.2695
"3214",1,17,22,"SGP50",7.46832054222315,4.11573872138733,0.1035
"3215",1,17,23,"SGP50",6.33501407026274,3.87808602338908,0.121
"3216",1,17,24,"SGP50",2.18515025928299,3.18829874255705,0.509
"3217",1,17,25,"SGP50",3.02483851424663,3.23592831956296,0.2875
"3218",1,17,26,"SGP50",1.87600366353069,3.00762751371812,0.4545
"3219",1,17,27,"SGP50",2.5660361741042,3.03038429663735,0.7045
"3220",1,17,28,"SGP50",2.02392486142318,3.03910201508063,0.613
"3221",1,17,29,"SGP50",1.83617132935855,2.92796188029128,0.4055
"3222",1,17,30,"SGP50",3.57533715175773,3.27503671582749,0.813
"3223",1,17,31,"SGP50",2.41900895840923,3.23938969260364,0.618
"3224",1,17,32,"SGP50",2.02945397273844,3.0701210396801,0.5315
"3225",1,17,33,"SGP50",2.69697130229588,3.13900140876724,0.6965
"3226",1,17,34,"SGP50",2.05220535112163,3.07030616008888,0.577
"3227",1,17,35,"SGP50",1.91390322104234,2.98357241275952,0.581
"3228",1,17,36,"SGP50",2.03423550577739,2.9365340919872,0.3495
"3229",1,17,37,"SGP50",2.59441647100003,3.14658455223298,0.252
"3230",1,17,38,"SGP50",2.32347216754072,2.90293436668263,0.702
"3231",1,18,1,"BMA",4.49592729324252,3.88209261420995,0.529
"3232",1,18,2,"BMA",3.63085847370689,3.43035459532508,0.615
"3233",1,18,3,"BMA",20.9618399522734,6.31624153494112,0.9795
"3234",1,18,4,"BMA",12.719087476908,4.38629973862771,0.8605
"3235",1,18,5,"BMA",6.1837393781418,4.04181060050156,0.3115
"3236",1,18,6,"BMA",10.7782811161035,4.37340601727355,0.179
"3237",1,18,7,"BMA",9.15858913184903,4.12132036159665,0.7745
"3238",1,18,8,"BMA",6.32541335687559,3.85741963352774,0.6645
"3239",1,18,9,"BMA",5.89943864661721,4.09598303746637,0.419
"3240",1,18,10,"BMA",9.39410634954551,4.10699675491981,0.6835
"3241",1,18,11,"BMA",5.53074886622905,3.85687677838169,0.597
"3242",1,18,12,"BMA",12.1623899796257,4.56796558795169,0.154
"3243",1,18,13,"BMA",4.79172047947843,3.88789989937619,0.495
"3244",1,18,14,"BMA",6.24024029661619,3.90660161135735,0.745
"3245",1,18,15,"BMA",4.44534560057675,3.63360018546528,0.6985
"3246",1,18,16,"BMA",2.93787143304952,3.41821713649456,0.598
"3247",1,18,17,"BMA",3.36565350285912,3.36736470793128,0.703
"3248",1,18,18,"BMA",6.41322012708739,3.74870177314149,0.861
"3249",1,18,19,"BMA",1.97478530821701,2.97777340738877,0.5785
"3250",1,18,20,"BMA",3.97167744661109,3.37697436674843,0.8215
"3251",1,18,21,"BMA",7.41909875140962,4.14475260787853,0.943
"3252",1,18,22,"BMA",3.67140464395645,3.23987597945648,0.84
"3253",1,18,23,"BMA",5.54187228998911,3.6603280833674,0.903
"3254",1,18,24,"BMA",6.04686535925158,3.92742723273113,0.944
"3255",1,18,25,"BMA",4.09166385045949,3.43287321705498,0.888
"3256",1,18,26,"BMA",1.49723395223566,2.72869691293045,0.643
"3257",1,18,27,"BMA",4.05542818893211,3.4612347008949,0.8725
"3258",1,18,28,"BMA",2.50565350491521,2.89119013611323,0.793
"3259",1,18,29,"BMA",3.39537213627259,3.21826861049049,0.875
"3260",1,18,30,"BMA",1.05256774072301,2.46658306127905,0.5285
"3261",1,18,31,"BMA",2.36999904444989,2.73625424284518,0.158
"3262",1,18,32,"BMA",4.01882374406976,3.4769142227636,0.0615
"3263",1,18,33,"BMA",4.67602211831486,3.67170453586994,0.0395
"3264",1,18,34,"BMA",2.92339322803288,2.95044508775642,0.0995
"3265",1,18,35,"BMA",5.24496869828998,4.15763776136143,0.019
"3266",1,18,36,"BMA",7.06408770948414,5.83945015212876,5e-04
"3267",1,18,37,"BMA",3.79203767030425,3.33074863817671,0.051
"3268",1,18,38,"BMA",3.24818610224273,3.00056718772893,0.05
"3269",1,18,1,"AVS",4.49592729324252,3.89875309972043,0.527
"3270",1,18,2,"AVS",4.05427106308687,3.37253027722505,0.6785
"3271",1,18,3,"AVS",21.0022180702577,22.4942180152927,0.999
"3272",1,18,4,"AVS",10.3885570700247,4.30846631811831,0.844
"3273",1,18,5,"AVS",6.31864506673189,4.07648418000032,0.2985
"3274",1,18,6,"AVS",11.0849497188822,4.39974798995387,0.153
"3275",1,18,7,"AVS",8.89001177546848,4.09354739454103,0.7565
"3276",1,18,8,"AVS",6.31319352928968,3.90352922679825,0.653
"3277",1,18,9,"AVS",5.91055474506142,4.08164312371893,0.409
"3278",1,18,10,"AVS",9.50753143693838,4.07691753361476,0.6775
"3279",1,18,11,"AVS",5.5950039646485,3.80570292200896,0.572
"3280",1,18,12,"AVS",12.0755424000061,4.54429510235654,0.176
"3281",1,18,13,"AVS",4.7735632,3.92644014859049,0.4945
"3282",1,18,14,"AVS",6.32536,3.92965578978695,0.7575
"3283",1,18,15,"AVS",4.494094,3.65916879617279,0.7205
"3284",1,18,16,"AVS",2.93973,3.29261268010477,0.5885
"3285",1,18,17,"AVS",3.3723892,3.40519229323017,0.707
"3286",1,18,18,"AVS",6.42426168,3.81050095111925,0.8755
"3287",1,18,19,"AVS",1.97343848,2.98306912839996,0.5655
"3288",1,18,20,"AVS",3.97281236,3.50992004806399,0.8285
"3289",1,18,21,"AVS",7.4211172,4.15748436369143,0.95
"3290",1,18,22,"AVS",3.67301148,3.29390868952173,0.845
"3291",1,18,23,"AVS",5.54325416,3.59234553452391,0.899
"3292",1,18,24,"AVS",6.04852024,3.97895717510253,0.9525
"3293",1,18,25,"AVS",4.09298719999993,3.40325245255955,0.873
"3294",1,18,26,"AVS",1.49713996,2.72397820138585,0.644
"3295",1,18,27,"AVS",4.05558988000003,3.39703540391381,0.885
"3296",1,18,28,"AVS",2.50576559999991,2.89531175425948,0.8195
"3297",1,18,29,"AVS",3.39545228000003,3.35926010200053,0.882
"3298",1,18,30,"AVS",1.05252940000001,2.48318910295684,0.5375
"3299",1,18,31,"AVS",2.36999512,2.63869243684046,0.167
"3300",1,18,32,"AVS",4.01883399999999,3.45163200539962,0.0535
"3301",1,18,33,"AVS",4.67603707999985,3.60858944928923,0.0475
"3302",1,18,34,"AVS",2.92340423999789,2.95431580448903,0.1015
"3303",1,18,35,"AVS",5.24498323999603,4.12040649704141,0.0235
"3304",1,18,36,"AVS",7.06415795976731,6.07473540087364,5e-04
"3305",1,18,37,"AVS",3.79352130568938,3.27594938724876,0.052
"3306",1,18,38,"AVS",3.25134525232153,3.04483918110159,0.058
"3307",1,18,1,"EQW",4.49592729324252,3.89285764730859,0.5235
"3308",1,18,2,"EQW",3.69389793796811,3.5788618833645,0.5855
"3309",1,18,3,"EQW",20.935730295877,5.45999551085756,0.9545
"3310",1,18,4,"EQW",20.4199207783272,5.00149037581583,0.9435
"3311",1,18,5,"EQW",8.74758341078392,4.53245922061634,0.48
"3312",1,18,6,"EQW",6.82779401640135,4.24198265965468,0.4755
"3313",1,18,7,"EQW",17.5172795901181,4.62457065885482,0.9085
"3314",1,18,8,"EQW",9.29676524883136,4.20306474306361,0.6675
"3315",1,18,9,"EQW",8.20807407830193,4.36979397057197,0.4265
"3316",1,18,10,"EQW",8.09794825230006,4.27337835396453,0.578
"3317",1,18,11,"EQW",7.12315228551899,4.32728692507891,0.4685
"3318",1,18,12,"EQW",13.0416887391709,4.80112107385177,0.246
"3319",1,18,13,"EQW",5.27523223874262,4.00725889126429,0.552
"3320",1,18,14,"EQW",4.99524557001313,3.87798708093598,0.5935
"3321",1,18,15,"EQW",4.49633372822511,3.83802850549011,0.479
"3322",1,18,16,"EQW",4.00013218349475,3.7022695632313,0.439
"3323",1,18,17,"EQW",3.59823912853797,3.61924357783736,0.531
"3324",1,18,18,"EQW",3.78580473621935,3.62536743289567,0.6145
"3325",1,18,19,"EQW",3.94409272509748,3.45213851274597,0.3345
"3326",1,18,20,"EQW",3.73518627403375,3.60043570365571,0.6655
"3327",1,18,21,"EQW",3.44642262536982,3.63183939900473,0.635
"3328",1,18,22,"EQW",2.94685265564646,3.41719364075148,0.5095
"3329",1,18,23,"EQW",3.50771609630335,3.57229240245914,0.717
"3330",1,18,24,"EQW",3.45361090785239,3.58530578537334,0.6735
"3331",1,18,25,"EQW",2.90963657219374,3.42575426957208,0.6275
"3332",1,18,26,"EQW",2.28825359668964,3.03935457884323,0.5055
"3333",1,18,27,"EQW",4.59442896971902,3.73007350096374,0.805
"3334",1,18,28,"EQW",2.88781514042723,3.4144902909707,0.606
"3335",1,18,29,"EQW",4.51336815012334,3.70502655498325,0.8125
"3336",1,18,30,"EQW",2.61151159022297,3.30826677873852,0.4865
"3337",1,18,31,"EQW",2.18238804630423,3.18271057556523,0.4925
"3338",1,18,32,"EQW",2.20993052923025,3.23758148245637,0.473
"3339",1,18,33,"EQW",2.19033515689003,3.19062053961454,0.48
"3340",1,18,34,"EQW",2.14509983918549,3.21572577166164,0.5505
"3341",1,18,35,"EQW",2.41530886593564,3.12430713115467,0.3645
"3342",1,18,36,"EQW",2.49738864527127,3.03611010835538,0.3375
"3343",1,18,37,"EQW",1.76625197783449,2.98759703038315,0.4945
"3344",1,18,38,"EQW",1.67517158327763,2.82197212386723,0.4085
"3345",1,18,1,"SGP",4.49592729324252,3.95020913155507,0.5125
"3346",1,18,2,"SGP",2.92030285907779,3.15219111149564,0.659
"3347",1,18,3,"SGP",20.906038042914,8.3735900734776,0.9985
"3348",1,18,4,"SGP",14.1267981342855,4.87218846598057,0.9725
"3349",1,18,5,"SGP",16.4151542198526,5.43933276824002,0.0345
"3350",1,18,6,"SGP",5.43925502950004,3.65043579504676,0.1865
"3351",1,18,7,"SGP",9.8199221006354,4.28166909911574,0.9245
"3352",1,18,8,"SGP",3.62778619395212,3.4885648802319,0.3195
"3353",1,18,9,"SGP",16.4605145072912,5.38205233181326,0.0235
"3354",1,18,10,"SGP",8.50495155848741,4.00929406711913,0.133
"3355",1,18,11,"SGP",15.5831860319801,5.05568110868614,0.034
"3356",1,18,12,"SGP",32.8869720383499,6.98601028322708,0.0015
"3357",1,18,13,"SGP",6.24908203174672,3.84970154319488,0.7715
"3358",1,18,14,"SGP",3.68873137681643,3.5924698221861,0.605
"3359",1,18,15,"SGP",4.22846046201963,3.6620880688164,0.3305
"3360",1,18,16,"SGP",3.13437180324614,3.55345725003038,0.4905
"3361",1,18,17,"SGP",3.58152401795234,3.6115425970746,0.663
"3362",1,18,18,"SGP",3.06033552265914,3.36711237077769,0.6845
"3363",1,18,19,"SGP",3.83489070293893,3.45726226351412,0.27
"3364",1,18,20,"SGP",8.74874737901718,4.03000007902907,0.9165
"3365",1,18,21,"SGP",2.34498502855316,3.32144404716273,0.4795
"3366",1,18,22,"SGP",4.07786980424948,3.49990592100764,0.2955
"3367",1,18,23,"SGP",3.68173449649576,3.53046071808209,0.6905
"3368",1,18,24,"SGP",2.50429011398357,3.29820309700099,0.4805
"3369",1,18,25,"SGP",2.5031119618851,3.33522639649548,0.4235
"3370",1,18,26,"SGP",2.78197237521041,3.34286413660257,0.384
"3371",1,18,27,"SGP",5.29929215312644,3.68063313644242,0.8115
"3372",1,18,28,"SGP",3.31072865672198,3.4373561286373,0.299
"3373",1,18,29,"SGP",4.62869302688262,3.60826590477568,0.8275
"3374",1,18,30,"SGP",4.84658045018831,3.64712027756543,0.1855
"3375",1,18,31,"SGP",1.99683694348668,3.11219215230503,0.516
"3376",1,18,32,"SGP",2.03908668221724,3.11453519263615,0.562
"3377",1,18,33,"SGP",2.12895521842893,3.09319004288231,0.581
"3378",1,18,34,"SGP",2.83347628473509,3.20047831462766,0.6795
"3379",1,18,35,"SGP",2.57116276553504,3.1696982710997,0.317
"3380",1,18,36,"SGP",1.89902058810412,3.0494032685453,0.4805
"3381",1,18,37,"SGP",2.40303365367357,3.19192024015965,0.6705
"3382",1,18,38,"SGP",1.82251464202486,2.98522545148818,0.4745
"3383",1,18,1,"SGP50",4.49592729324252,3.9054951945616,0.514
"3384",1,18,2,"SGP50",3.67244837809842,3.48534156197904,0.5735
"3385",1,18,3,"SGP50",21.2060688487912,5.75068135373884,0.9645
"3386",1,18,4,"SGP50",19.3688793799613,5.00628911345138,0.9445
"3387",1,18,5,"SGP50",8.11206222009268,4.55476189243342,0.408
"3388",1,18,6,"SGP50",5.57157385592954,3.98646706292083,0.394
"3389",1,18,7,"SGP50",13.0518887245997,4.45132360776767,0.889
"3390",1,18,8,"SGP50",4.67503162709354,3.77933027796895,0.5375
"3391",1,18,9,"SGP50",9.39087240237146,4.58399010923816,0.2285
"3392",1,18,10,"SGP50",5.77855202211311,4.06862918463155,0.363
"3393",1,18,11,"SGP50",9.17490052543324,4.50012584319696,0.2225
"3394",1,18,12,"SGP50",23.2293547020683,5.6559338862405,0.0695
"3395",1,18,13,"SGP50",4.970320195455,4.00268948762312,0.6165
"3396",1,18,14,"SGP50",4.11552003878033,3.77837310557507,0.5725
"3397",1,18,15,"SGP50",4.48155040825342,3.7395024152435,0.3855
"3398",1,18,16,"SGP50",3.65178568073361,3.62956319483195,0.4495
"3399",1,18,17,"SGP50",3.47339887545221,3.6304924148664,0.587
"3400",1,18,18,"SGP50",3.38081662961191,3.58734385098157,0.654
"3401",1,18,19,"SGP50",3.85848879569371,3.45957011544118,0.282
"3402",1,18,20,"SGP50",6.09209359442885,3.7999417247683,0.798
"3403",1,18,21,"SGP50",2.80438157359299,3.46540512604514,0.57
"3404",1,18,22,"SGP50",3.39299369197775,3.42146457750255,0.3985
"3405",1,18,23,"SGP50",3.69241871773211,3.58040493472963,0.687
"3406",1,18,24,"SGP50",2.88881896278145,3.45299395819886,0.5955
"3407",1,18,25,"SGP50",2.58710898505284,3.41019759466852,0.5315
"3408",1,18,26,"SGP50",2.43295931311475,3.22305628899364,0.446
"3409",1,18,27,"SGP50",4.71815639920333,3.66181734556228,0.801
"3410",1,18,28,"SGP50",2.5983127838201,3.33080313950248,0.4775
"3411",1,18,29,"SGP50",4.20075177660026,3.45347028148278,0.7945
"3412",1,18,30,"SGP50",2.96115807765936,3.23644345561645,0.3405
"3413",1,18,31,"SGP50",1.97215098269899,3.08492284717036,0.4445
"3414",1,18,32,"SGP50",2.21656709302486,3.21151778905509,0.4285
"3415",1,18,33,"SGP50",2.26545542283927,3.27303619734965,0.4075
"3416",1,18,34,"SGP50",2.08789501365706,3.10936372294939,0.4915
"3417",1,18,35,"SGP50",3.0256617568947,3.306550899196,0.261
"3418",1,18,36,"SGP50",2.92439521516777,3.27448148316829,0.2945
"3419",1,18,37,"SGP50",1.9673797821488,3.17907041686578,0.4475
"3420",1,18,38,"SGP50",1.93944538385086,3.03500635817954,0.369
"3421",1,19,1,"BMA",0.793032734093927,1.79211059231386,0.3395
"3422",1,19,2,"BMA",0.361802496119894,1.31087407714734,0.492
"3423",1,19,3,"BMA",1.33372449343241,2.48257679246509,0.0545
"3424",1,19,4,"BMA",2.15510078468361,3.24103600491325,0.029
"3425",1,19,5,"BMA",0.452342031971881,1.43254586123354,0.4215
"3426",1,19,6,"BMA",0.581301844000307,1.53491731173701,0.773
"3427",1,19,7,"BMA",0.578154579483752,1.59108774878101,0.797
"3428",1,19,8,"BMA",0.301185345714724,1.16781071991334,0.504
"3429",1,19,9,"BMA",0.281524043459121,1.06312153139905,0.505
"3430",1,19,10,"BMA",0.592197042038854,1.39948195944759,0.191
"3431",1,19,11,"BMA",0.586540255193753,1.36712569944903,0.203
"3432",1,19,12,"BMA",0.574453106189366,1.42265389994423,0.7935
"3433",1,19,13,"BMA",1.43400308731798,2.88630696566496,0.9655
"3434",1,19,14,"BMA",0.568738364358318,1.37738574002411,0.2155
"3435",1,19,15,"BMA",1.40275902349636,2.50968709639927,0.9565
"3436",1,19,16,"BMA",2.31547453841751,4.06435166586177,0.0095
"3437",1,19,17,"BMA",0.316004885516462,1.18709509641621,0.49
"3438",1,19,18,"BMA",1.41068932984928,2.3692374910635,0.06
"3439",1,19,19,"BMA",0.329475595619851,1.22052993499517,0.4875
"3440",1,19,20,"BMA",1.28224109912342,2.21344391891077,0.93
"3441",1,19,21,"BMA",0.601134163853293,1.47104121552008,0.2365
"3442",1,19,22,"BMA",1.32318611425107,2.32097441903126,0.926
"3443",1,19,23,"BMA",5.20109220252531,8.6731652881054,1
"3444",1,19,24,"BMA",0.949159766532273,2.24654251696993,0.2975
"3445",1,19,25,"BMA",0.460486564818439,1.52699804056077,0.5495
"3446",1,19,26,"BMA",2.97193774299131,3.68604283934495,0.016
"3447",1,19,27,"BMA",0.654939389267124,1.72548535915025,0.313
"3448",1,19,28,"BMA",0.686177397925354,1.66498914707415,0.2715
"3449",1,19,29,"BMA",1.37216799671451,2.22084967440119,0.1425
"3450",1,19,30,"BMA",0.695810000988275,1.76762256204004,0.2815
"3451",1,19,31,"BMA",3.03142858505846,3.78997657556948,0.986
"3452",1,19,32,"BMA",0.706628914883393,1.75583068755017,0.311
"3453",1,19,33,"BMA",0.667123952154129,1.6997238008027,0.301
"3454",1,19,34,"BMA",1.24416020037057,2.09093593120483,0.141
"3455",1,19,35,"BMA",0.45552838281525,1.54641457991328,0.4835
"3456",1,19,36,"BMA",1.21087100585219,2.05045303050445,0.8475
"3457",1,19,37,"BMA",0.635182054957753,1.72249571953694,0.2975
"3458",1,19,38,"BMA",0.414760797301066,1.46770526237964,0.5085
"3459",1,19,1,"AVS",0.793032734093927,1.72999517169907,0.3535
"3460",1,19,2,"AVS",0.356329262424942,1.30436510793649,0.508
"3461",1,19,3,"AVS",1.32239340053156,2.51735526557106,0.0585
"3462",1,19,4,"AVS",2.2099756493241,3.45761082226998,0.023
"3463",1,19,5,"AVS",0.582471927875277,1.59384558310665,0.3695
"3464",1,19,6,"AVS",0.589786104482351,1.54283046242522,0.777
"3465",1,19,7,"AVS",0.583063904557672,1.56559558700496,0.784
"3466",1,19,8,"AVS",0.300753286024517,1.12917692546049,0.5
"3467",1,19,9,"AVS",0.281244832390688,1.04309282890408,0.4765
"3468",1,19,10,"AVS",0.593356293751662,1.43044741224448,0.1975
"3469",1,19,11,"AVS",0.587038255822988,1.32874317068909,0.2085
"3470",1,19,12,"AVS",0.575267539084473,1.45202274717994,0.807
"3471",1,19,13,"AVS",1.43403039093659,2.78920320818858,0.963
"3472",1,19,14,"AVS",0.569347424514867,1.39515707672084,0.215
"3473",1,19,15,"AVS",1.39853169687549,2.47777149109701,0.956
"3474",1,19,16,"AVS",2.2909883061659,4.0776632826189,0.0075
"3475",1,19,17,"AVS",0.318997129608964,1.15572461605091,0.4895
"3476",1,19,18,"AVS",1.427609466646,2.54369431630079,0.05
"3477",1,19,19,"AVS",0.332031485843048,1.28116997340421,0.483
"3478",1,19,20,"AVS",1.28315602786711,2.27046148501556,0.9245
"3479",1,19,21,"AVS",0.600601006735975,1.53051496389179,0.244
"3480",1,19,22,"AVS",1.3229519916624,2.43567720843657,0.9405
"3481",1,19,23,"AVS",5.20735869400931,9.34322124854285,1
"3482",1,19,24,"AVS",1.10202359338149,2.02483390673809,0.1695
"3483",1,19,25,"AVS",0.44705804772991,1.56258922624101,0.561
"3484",1,19,26,"AVS",2.88452557635293,3.52062252566052,0.016
"3485",1,19,27,"AVS",0.673023029961236,1.66611822772722,0.309
"3486",1,19,28,"AVS",0.696714058685153,1.71924954640475,0.27
"3487",1,19,29,"AVS",1.40965215984721,2.19616743165526,0.1155
"3488",1,19,30,"AVS",0.773964948177823,1.85702634393298,0.242
"3489",1,19,31,"AVS",2.98961097907401,3.7063420364296,0.983
"3490",1,19,32,"AVS",0.792276975622672,1.84796106890458,0.2735
"3491",1,19,33,"AVS",0.666995436011135,1.74416468625576,0.288
"3492",1,19,34,"AVS",1.24859384246892,2.10713160602939,0.1395
"3493",1,19,35,"AVS",0.453976970576489,1.56465097324316,0.47
"3494",1,19,36,"AVS",1.21452387344352,2.13099264383027,0.8565
"3495",1,19,37,"AVS",0.635209435319107,1.69310756514816,0.2785
"3496",1,19,38,"AVS",0.414649168061611,1.49244472485465,0.5305
"3497",1,19,1,"EQW",0.793032734093927,1.83569009064055,0.335
"3498",1,19,2,"EQW",0.651476510340069,1.61596206977509,0.4155
"3499",1,19,3,"EQW",1.76206876896413,2.49086096329181,0.087
"3500",1,19,4,"EQW",2.57145788203236,3.13514895292408,0.0405
"3501",1,19,5,"EQW",1.55288869881032,2.22716345273437,0.195
"3502",1,19,6,"EQW",0.614454324527749,1.78949739709113,0.555
"3503",1,19,7,"EQW",0.619336403577067,1.76867474141735,0.6445
"3504",1,19,8,"EQW",0.488272762994009,1.61075395691998,0.5025
"3505",1,19,9,"EQW",0.467811617928127,1.63194681496751,0.5
"3506",1,19,10,"EQW",0.641835156416496,1.71361347214745,0.2995
"3507",1,19,11,"EQW",0.696016538091023,1.73854580424375,0.271
"3508",1,19,12,"EQW",0.607932127825012,1.72022580406344,0.6825
"3509",1,19,13,"EQW",1.43667381116735,2.45547534353482,0.8915
"3510",1,19,14,"EQW",0.545414616124868,1.71823930935626,0.437
"3511",1,19,15,"EQW",1.53437349391238,2.55468586616634,0.909
"3512",1,19,16,"EQW",1.20640404174297,2.45238652185928,0.22
"3513",1,19,17,"EQW",0.449090549962109,1.53313669053364,0.4295
"3514",1,19,18,"EQW",1.38746055040397,2.43422361661924,0.133
"3515",1,19,19,"EQW",0.564573982659657,1.59478544640535,0.3565
"3516",1,19,20,"EQW",0.992857384858064,2.08039722003458,0.798
"3517",1,19,21,"EQW",0.528898265072773,1.69488809095722,0.3835
"3518",1,19,22,"EQW",1.33001796699739,2.35720683906508,0.89
"3519",1,19,23,"EQW",5.75480306815953,7.21104273828963,0.9995
"3520",1,19,24,"EQW",1.24761262733062,2.24508596662067,0.643
"3521",1,19,25,"EQW",1.30736634615215,2.22408031115004,0.801
"3522",1,19,26,"EQW",1.25796910738054,2.42497975328426,0.249
"3523",1,19,27,"EQW",0.738510502190518,1.82180764715042,0.2995
"3524",1,19,28,"EQW",0.987767759454237,2.03238170051019,0.2215
"3525",1,19,29,"EQW",2.01672091443531,2.69145243566613,0.079
"3526",1,19,30,"EQW",1.79432863981242,2.38166804869025,0.109
"3527",1,19,31,"EQW",1.31447363904168,2.28459394183362,0.7825
"3528",1,19,32,"EQW",0.793546328735833,1.98477911226477,0.3155
"3529",1,19,33,"EQW",0.816470635468918,1.91460645748852,0.277
"3530",1,19,34,"EQW",1.73625205555666,2.43221173834693,0.103
"3531",1,19,35,"EQW",0.917745836295969,1.91747469737173,0.251
"3532",1,19,36,"EQW",0.821189315835526,1.92570196950069,0.6915
"3533",1,19,37,"EQW",0.627384969175474,1.78523148860924,0.3615
"3534",1,19,38,"EQW",0.476153938489888,1.62680977918144,0.4835
"3535",1,19,1,"SGP",0.793032734093927,1.78914312999818,0.321
"3536",1,19,2,"SGP",0.357432446066079,1.22548231788895,0.509
"3537",1,19,3,"SGP",1.36143164235013,2.54497707136124,0.0495
"3538",1,19,4,"SGP",2.08009451560902,3.09573963454843,0.0265
"3539",1,19,5,"SGP",0.844119289132388,1.77485256682726,0.2945
"3540",1,19,6,"SGP",0.570028546763177,1.56226104269259,0.7695
"3541",1,19,7,"SGP",0.583401792854802,1.52426658721055,0.775
"3542",1,19,8,"SGP",0.308817073103511,1.17428286976176,0.503
"3543",1,19,9,"SGP",0.287835907028988,1.14211745885948,0.5
"3544",1,19,10,"SGP",0.597762378756746,1.45436089679888,0.1915
"3545",1,19,11,"SGP",0.593950428944351,1.52097785598244,0.1785
"3546",1,19,12,"SGP",0.57357247462107,1.42278994506338,0.7935
"3547",1,19,13,"SGP",1.42686568489317,2.72876300130968,0.9575
"3548",1,19,14,"SGP",0.562982147185772,1.37001018826945,0.2155
"3549",1,19,15,"SGP",1.38053042395217,2.56406942604546,0.949
"3550",1,19,16,"SGP",2.15078041791363,3.64731445174296,0.0165
"3551",1,19,17,"SGP",0.330795410206472,1.22017330443796,0.4525
"3552",1,19,18,"SGP",1.49040738207783,2.63871923547675,0.053
"3553",1,19,19,"SGP",0.357458214624165,1.32799586923104,0.454
"3554",1,19,20,"SGP",1.27443230969827,2.19477507747821,0.9115
"3555",1,19,21,"SGP",0.594028910933449,1.56411056106365,0.2515
"3556",1,19,22,"SGP",1.33493500814833,2.35151225404719,0.9365
"3557",1,19,23,"SGP",5.22797122924849,9.25716055888335,1
"3558",1,19,24,"SGP",0.84625585605418,1.89361531625454,0.251
"3559",1,19,25,"SGP",0.513873871122021,1.59174787381543,0.586
"3560",1,19,26,"SGP",2.55263581093761,3.35993759956019,0.0275
"3561",1,19,27,"SGP",0.690492726334489,1.73819142300035,0.277
"3562",1,19,28,"SGP",0.749693195416469,1.76903038890814,0.2395
"3563",1,19,29,"SGP",1.56794690792141,2.39132295174065,0.0945
"3564",1,19,30,"SGP",1.11255072210769,2.06160443354812,0.1805
"3565",1,19,31,"SGP",2.48398063194916,3.11300467892904,0.9605
"3566",1,19,32,"SGP",1.05748510000151,2.00586062395369,0.203
"3567",1,19,33,"SGP",0.783300272626436,1.77333669885441,0.243
"3568",1,19,34,"SGP",1.55743876523168,2.48179035612958,0.09
"3569",1,19,35,"SGP",0.529054003250379,1.61687813848604,0.3835
"3570",1,19,36,"SGP",1.20716393168472,2.08403512417718,0.854
"3571",1,19,37,"SGP",0.650950073680792,1.72149685599415,0.3
"3572",1,19,38,"SGP",0.418421230004838,1.53847119106979,0.5145
"3573",1,19,1,"SGP50",0.793032734093927,1.81889917713748,0.334
"3574",1,19,2,"SGP50",0.631923162528916,1.53878951902867,0.427
"3575",1,19,3,"SGP50",1.71593552982109,2.47246235531499,0.077
"3576",1,19,4,"SGP50",2.50798129874589,3.04405834242648,0.0455
"3577",1,19,5,"SGP50",1.49214890064214,2.22913259527941,0.1775
"3578",1,19,6,"SGP50",0.588884701751657,1.78869421870154,0.5675
"3579",1,19,7,"SGP50",0.598941824066022,1.7375442346228,0.666
"3580",1,19,8,"SGP50",0.457816150173816,1.49078836387747,0.506
"3581",1,19,9,"SGP50",0.437254648568423,1.46508184419957,0.511
"3582",1,19,10,"SGP50",0.637754847129397,1.63572668243491,0.2705
"3583",1,19,11,"SGP50",0.689317220450965,1.65772618428059,0.2605
"3584",1,19,12,"SGP50",0.584589606247598,1.66867292979101,0.6685
"3585",1,19,13,"SGP50",1.40279152140941,2.51716436552186,0.875
"3586",1,19,14,"SGP50",0.522820713054943,1.66948645672183,0.396
"3587",1,19,15,"SGP50",1.47212095126274,2.53553950460601,0.9025
"3588",1,19,16,"SGP50",1.33565203753092,2.5813271935279,0.1695
"3589",1,19,17,"SGP50",0.424827269272313,1.50029442650426,0.4235
"3590",1,19,18,"SGP50",1.43295327430419,2.34472174682768,0.1125
"3591",1,19,19,"SGP50",0.539325475609118,1.57544135556435,0.3475
"3592",1,19,20,"SGP50",1.01745741914052,2.11569976654829,0.8275
"3593",1,19,21,"SGP50",0.536053763908455,1.62689220917971,0.3425
"3594",1,19,22,"SGP50",1.30770016273178,2.27477159896435,0.889
"3595",1,19,23,"SGP50",5.62127787199423,6.54326098988857,0.999
"3596",1,19,24,"SGP50",1.01527867288506,2.22710892825178,0.577
"3597",1,19,25,"SGP50",1.11377786151491,2.12682510502442,0.7625
"3598",1,19,26,"SGP50",1.43064678932015,2.48440355173772,0.217
"3599",1,19,27,"SGP50",0.724491315354613,1.71349790120993,0.2955
"3600",1,19,28,"SGP50",0.932202991271114,1.89003554652163,0.2295
"3601",1,19,29,"SGP50",1.92283875289785,2.58280102230937,0.085
"3602",1,19,30,"SGP50",1.67521677551631,2.3117424455386,0.125
"3603",1,19,31,"SGP50",1.4518169118765,2.43591519654225,0.828
"3604",1,19,32,"SGP50",0.85117583779846,2.01602709155676,0.2805
"3605",1,19,33,"SGP50",0.827369359054493,1.85232821761597,0.2775
"3606",1,19,34,"SGP50",1.74252830205106,2.42605693757234,0.102
"3607",1,19,35,"SGP50",0.85283087398644,1.90088210376305,0.311
"3608",1,19,36,"SGP50",0.873230532891253,2.07902452129755,0.7405
"3609",1,19,37,"SGP50",0.639806456553043,1.70775524718471,0.326
"3610",1,19,38,"SGP50",0.465344173483291,1.62114421249203,0.4815
"3611",1,20,1,"BMA",9.31393045854029,4.52796035779237,0.9395
"3612",1,20,2,"BMA",9.11215750234651,4.34478275788819,0.928
"3613",1,20,3,"BMA",4.59025967815294,3.6525919649159,0.762
"3614",1,20,4,"BMA",3.0930864416939,3.41037218157045,0.623
"3615",1,20,5,"BMA",2.57377276121549,3.38444119045886,0.54
"3616",1,20,6,"BMA",3.10300185517798,3.46863702572669,0.5915
"3617",1,20,7,"BMA",5.84254847347728,3.70037462249097,0.809
"3618",1,20,8,"BMA",9.2976711626724,4.32889276311669,0.8995
"3619",1,20,9,"BMA",13.1129875864054,4.59969012568961,0.948
"3620",1,20,10,"BMA",6.43662003992621,3.8550298450105,0.8325
"3621",1,20,11,"BMA",5.08960367004504,3.6526107727601,0.7805
"3622",1,20,12,"BMA",6.37091729858388,3.80605290691398,0.8215
"3623",1,20,13,"BMA",2.44453502740121,3.2415768561133,0.4935
"3624",1,20,14,"BMA",2.21949221327886,3.09245596962911,0.417
"3625",1,20,15,"BMA",2.38466534239062,3.21414627996016,0.6315
"3626",1,20,16,"BMA",2.42023031608192,3.14018378755604,0.655
"3627",1,20,17,"BMA",5.42251324557348,3.63085156711393,0.885
"3628",1,20,18,"BMA",5.83108835223351,3.78919571794542,0.89
"3629",1,20,19,"BMA",3.43991470305312,3.24609769730323,0.787
"3630",1,20,20,"BMA",1.57205661174494,2.88421039687355,0.437
"3631",1,20,21,"BMA",3.58427577047019,3.1791689142988,0.148
"3632",1,20,22,"BMA",3.05680109658222,3.02144323155054,0.1315
"3633",1,20,23,"BMA",1.19889284485398,2.56395294495888,0.621
"3634",1,20,24,"BMA",7.00991458196163,4.78455317830533,0.981
"3635",1,20,25,"BMA",8.44443504373754,5.16639714569672,0.9845
"3636",1,20,26,"BMA",10.3008209377745,4.61366898464627,0.9355
"3637",1,20,27,"BMA",2.73465656988126,3.27672159336289,0.2605
"3638",1,20,28,"BMA",2.06543400750098,2.93550492023103,0.6435
"3639",1,20,29,"BMA",2.9901201735416,3.16553278058879,0.2125
"3640",1,20,30,"BMA",1.80046770900963,2.91803000946162,0.606
"3641",1,20,31,"BMA",1.52928684609775,2.8739935033444,0.4885
"3642",1,20,32,"BMA",4.94732699421585,3.53872596437068,0.1205
"3643",1,20,33,"BMA",1.67338890183278,2.84566908883473,0.386
"3644",1,20,34,"BMA",2.98311022902927,3.08297241897407,0.2145
"3645",1,20,35,"BMA",2.05601467893757,2.91976956220808,0.3095
"3646",1,20,36,"BMA",2.87276820742969,2.99205500630364,0.219
"3647",1,20,37,"BMA",1.45293199084198,2.68624991556887,0.4405
"3648",1,20,38,"BMA",1.50408824971784,2.7010054176483,0.421
"3649",1,20,1,"AVS",9.31393045854029,4.51360675518169,0.9235
"3650",1,20,2,"AVS",8.73912039873422,4.31579569862732,0.916
"3651",1,20,3,"AVS",4.66502728870289,3.64766055312471,0.7645
"3652",1,20,4,"AVS",3.10499039226777,3.45587919219376,0.6255
"3653",1,20,5,"AVS",2.56332546606963,3.41491173404866,0.553
"3654",1,20,6,"AVS",3.10366571214468,3.43353492796264,0.592
"3655",1,20,7,"AVS",5.84471975057379,3.67329799181963,0.801
"3656",1,20,8,"AVS",9.32101399552981,4.1666052141801,0.898
"3657",1,20,9,"AVS",13.088707734751,4.77694845795858,0.9525
"3658",1,20,10,"AVS",5.70888387853205,4.38513219704923,0.092
"3659",1,20,11,"AVS",1.85528086395203,3.06879495751083,0.5545
"3660",1,20,12,"AVS",1.84199442840677,3.01522886499044,0.603
"3661",1,20,13,"AVS",7.46115560715941,4.06307884568535,0.055
"3662",1,20,14,"AVS",4.50509087371414,3.52610421027957,0.168
"3663",1,20,15,"AVS",2.2432209251831,3.04525165374014,0.335
"3664",1,20,16,"AVS",3.67286917329631,3.22063541529541,0.198
"3665",1,20,17,"AVS",1.76874521416362,2.94760174555763,0.4635
"3666",1,20,18,"AVS",2.47000351185991,3.03290701123925,0.2995
"3667",1,20,19,"AVS",5.00998081218017,3.61907807238743,0.121
"3668",1,20,20,"AVS",7.66830006660515,4.1363401547043,0.0515
"3669",1,20,21,"AVS",1.22591784922786,2.54760415343966,0.5575
"3670",1,20,22,"AVS",2.9554801597204,3.00358424346408,0.828
"3671",1,20,23,"AVS",4.43651045391034,3.42787851585172,0.918
"3672",1,20,24,"AVS",1.97189609610679,2.74861891644356,0.7135
"3673",1,20,25,"AVS",2.91286206715583,3.08227160984588,0.1495
"3674",1,20,26,"AVS",1.38870516492359,2.5178779874894,0.648
"3675",1,20,27,"AVS",4.97454161853764,3.55173527436053,0.06
"3676",1,20,28,"AVS",3.97545900561993,3.31044048340326,0.8885
"3677",1,20,29,"AVS",4.67044239486046,3.5764100696214,0.062
"3678",1,20,30,"AVS",3.07503213236939,3.11254514317049,0.8085
"3679",1,20,31,"AVS",1.45715457828562,2.85827568720745,0.459
"3680",1,20,32,"AVS",5.26616946154702,3.67933084683962,0.0895
"3681",1,20,33,"AVS",1.62838844155907,2.8041220779024,0.3725
"3682",1,20,34,"AVS",2.65253806239655,3.01294779952268,0.249
"3683",1,20,35,"AVS",1.48411340908609,2.74973625839267,0.478
"3684",1,20,36,"AVS",1.72984848721088,2.74783798659321,0.3175
"3685",1,20,37,"AVS",1.85257363204424,2.73594655930126,0.726
"3686",1,20,38,"AVS",1.22081614930663,2.53033606292845,0.5575
"3687",1,20,1,"EQW",9.31393045854029,4.50199235036429,0.9405
"3688",1,20,2,"EQW",14.1948577231561,5.38589210290838,0.9655
"3689",1,20,3,"EQW",3.19215504199829,3.57960127876295,0.4835
"3690",1,20,4,"EQW",2.53805231741204,3.21020309451581,0.5265
"3691",1,20,5,"EQW",2.32233990735823,3.16281628716195,0.5275
"3692",1,20,6,"EQW",2.37911323647379,3.18759841645439,0.582
"3693",1,20,7,"EQW",4.45239296173089,3.44142142003181,0.7995
"3694",1,20,8,"EQW",4.85463124637907,3.36916119138799,0.8105
"3695",1,20,9,"EQW",6.52023010249892,3.55015262051064,0.873
"3696",1,20,10,"EQW",3.15157696955231,3.63768571436332,0.4875
"3697",1,20,11,"EQW",2.5873411287001,3.29714646162514,0.544
"3698",1,20,12,"EQW",2.82723910453032,3.1499437715357,0.581
"3699",1,20,13,"EQW",5.15438529125887,3.75573815189077,0.2275
"3700",1,20,14,"EQW",2.51456553921899,3.12639953985401,0.3555
"3701",1,20,15,"EQW",2.06785762752287,3.09211936867018,0.5575
"3702",1,20,16,"EQW",2.13651700726074,3.05667535572885,0.4115
"3703",1,20,17,"EQW",2.9170237243109,3.1970814656439,0.732
"3704",1,20,18,"EQW",2.20385250682627,3.12921442765967,0.55
"3705",1,20,19,"EQW",2.12895933146616,3.15584004863829,0.4105
"3706",1,20,20,"EQW",3.29384995794447,3.2775456389491,0.214
"3707",1,20,21,"EQW",3.67784798979539,3.26448859913621,0.1975
"3708",1,20,22,"EQW",2.50273259914096,3.18189035417551,0.3135
"3709",1,20,23,"EQW",1.81319701060972,2.82858627457503,0.6745
"3710",1,20,24,"EQW",4.07036424338023,3.43775018471478,0.8495
"3711",1,20,25,"EQW",3.07166783592706,3.4309811541425,0.628
"3712",1,20,26,"EQW",4.89334018789401,3.47437516704427,0.8265
"3713",1,20,27,"EQW",3.1319012643057,3.65976972593962,0.54
"3714",1,20,28,"EQW",5.58861438795298,3.64165268666007,0.872
"3715",1,20,29,"EQW",2.91033164775963,3.55520703995672,0.5625
"3716",1,20,30,"EQW",5.07643690205095,3.55933400823006,0.8735
"3717",1,20,31,"EQW",3.6028130094876,3.29929637196468,0.702
"3718",1,20,32,"EQW",2.6913073611075,3.44882845964453,0.4505
"3719",1,20,33,"EQW",1.81529741489072,2.93808144662224,0.555
"3720",1,20,34,"EQW",1.8447600920194,2.989529978771,0.422
"3721",1,20,35,"EQW",1.69672589097787,2.95395319799695,0.4715
"3722",1,20,36,"EQW",2.25380719383993,2.87379292762494,0.3285
"3723",1,20,37,"EQW",1.58233663757236,2.83092237180848,0.4715
"3724",1,20,38,"EQW",1.48134434055581,2.65024827241149,0.4105
"3725",1,20,1,"SGP",9.31393045854029,4.74093195953592,0.95
"3726",1,20,2,"SGP",13.221271232723,5.63629783696221,0.978
"3727",1,20,3,"SGP",3.838015258798,3.47275980676334,0.747
"3728",1,20,4,"SGP",3.06900449733421,3.30872028177097,0.7145
"3729",1,20,5,"SGP",2.90643225722043,3.20094056085545,0.7045
"3730",1,20,6,"SGP",2.7118060793929,3.11194811511858,0.7095
"3731",1,20,7,"SGP",2.15292439645772,2.89436847166837,0.777
"3732",1,20,8,"SGP",1.13543823027812,2.42329416275611,0.643
"3733",1,20,9,"SGP",2.03169716632173,2.69991107822261,0.7955
"3734",1,20,10,"SGP",6.94485665453222,5.16869005001819,0.021
"3735",1,20,11,"SGP",2.84821891718174,3.0014896053187,0.159
"3736",1,20,12,"SGP",2.00967359845487,2.62761346824298,0.2255
"3737",1,20,13,"SGP",12.1318939534945,7.26650937182902,0.0065
"3738",1,20,14,"SGP",1.2791512417788,2.67067611445946,0.5415
"3739",1,20,15,"SGP",2.26391054365011,2.88170322425691,0.755
"3740",1,20,16,"SGP",2.17147532421004,2.78943560670965,0.233
"3741",1,20,17,"SGP",3.07381177403951,3.03283552193487,0.851
"3742",1,20,18,"SGP",1.86928123357015,2.75626655744698,0.285
"3743",1,20,19,"SGP",2.31588959662252,2.87399187517798,0.227
"3744",1,20,20,"SGP",2.36715496702546,2.88361894869257,0.248
"3745",1,20,21,"SGP",1.22082636029627,2.54663337563332,0.547
"3746",1,20,22,"SGP",2.89778780760815,2.99103800426581,0.8455
"3747",1,20,23,"SGP",4.37835489457203,3.50320677800934,0.9125
"3748",1,20,24,"SGP",1.98736657687277,2.73173861074256,0.711
"3749",1,20,25,"SGP",2.87132973729725,3.11400411051865,0.1635
"3750",1,20,26,"SGP",1.40873602401453,2.5191413741711,0.659
"3751",1,20,27,"SGP",4.90774130480229,3.60429961356726,0.0675
"3752",1,20,28,"SGP",3.99814501692998,3.28636642021376,0.887
"3753",1,20,29,"SGP",4.72720542585146,3.61231006496206,0.0705
"3754",1,20,30,"SGP",3.80073197645347,3.36208914908586,0.885
"3755",1,20,31,"SGP",1.47198709651476,2.60368056738408,0.347
"3756",1,20,32,"SGP",5.98370780703934,4.00528831172383,0.038
"3757",1,20,33,"SGP",1.28830441019833,2.59100818862486,0.3715
"3758",1,20,34,"SGP",1.52779713416085,2.71937371992111,0.3615
"3759",1,20,35,"SGP",1.34814261719073,2.51754333368819,0.6075
"3760",1,20,36,"SGP",1.37241239460978,2.61960830632276,0.3745
"3761",1,20,37,"SGP",1.9657103189172,2.71310905165706,0.774
"3762",1,20,38,"SGP",1.22024272641039,2.46537041420876,0.593
"3763",1,20,1,"SGP50",9.31393045854029,4.49428472594752,0.931
"3764",1,20,2,"SGP50",14.1812866149355,5.23647790121728,0.9675
"3765",1,20,3,"SGP50",3.18763919660895,3.57978741148224,0.4945
"3766",1,20,4,"SGP50",2.50951152670656,3.30883918632886,0.5145
"3767",1,20,5,"SGP50",2.27113941350999,3.15536962181967,0.5165
"3768",1,20,6,"SGP50",2.31227315622952,3.13365477133544,0.587
"3769",1,20,7,"SGP50",4.32622274601042,3.38938736161615,0.8045
"3770",1,20,8,"SGP50",4.4431185104658,3.23738116200065,0.7975
"3771",1,20,9,"SGP50",5.79602093260706,3.43061997222654,0.8775
"3772",1,20,10,"SGP50",3.09547015962938,3.67569800781987,0.4115
"3773",1,20,11,"SGP50",2.27703564094015,3.19538982651485,0.471
"3774",1,20,12,"SGP50",2.2154772947917,3.05891918071582,0.5315
"3775",1,20,13,"SGP50",6.5115975656276,4.2020908448837,0.169
"3776",1,20,14,"SGP50",2.27728240613836,3.03525928053586,0.3945
"3777",1,20,15,"SGP50",1.93819208644754,3.03460046462296,0.575
"3778",1,20,16,"SGP50",2.21636383319646,3.03128073737073,0.3595
"3779",1,20,17,"SGP50",2.64435831070063,3.12718068817688,0.735
"3780",1,20,18,"SGP50",1.94117463517629,2.96610444500442,0.435
"3781",1,20,19,"SGP50",2.33435419212472,3.19218964078412,0.322
"3782",1,20,20,"SGP50",3.39234079229738,3.21399608235645,0.1945
"3783",1,20,21,"SGP50",2.79958323425533,3.01249573352432,0.2935
"3784",1,20,22,"SGP50",2.06124038756683,3.17516016497292,0.434
"3785",1,20,23,"SGP50",2.28390524095809,2.95588590699371,0.7305
"3786",1,20,24,"SGP50",3.29973502632005,3.1360330942437,0.789
"3787",1,20,25,"SGP50",2.33411387245749,3.32090036367554,0.494
"3788",1,20,26,"SGP50",3.28678757970622,3.11503950350394,0.7565
"3789",1,20,27,"SGP50",2.92117760943868,3.63459507566461,0.3915
"3790",1,20,28,"SGP50",4.49954117321523,3.40571511380527,0.844
"3791",1,20,29,"SGP50",2.82755690033501,3.46030591723226,0.3495
"3792",1,20,30,"SGP50",4.07256206721069,3.32940335892777,0.837
"3793",1,20,31,"SGP50",2.09788701149898,2.99456930555164,0.5645
"3794",1,20,32,"SGP50",3.60000426770469,3.65449199477026,0.266
"3795",1,20,33,"SGP50",1.47577988335699,2.73377870405488,0.4775
"3796",1,20,34,"SGP50",1.81411983351666,2.90334699032919,0.3615
"3797",1,20,35,"SGP50",1.52773812677106,2.83567296261173,0.4735
"3798",1,20,36,"SGP50",1.9931621580696,2.87415182335293,0.311
"3799",1,20,37,"SGP50",1.49411666774736,2.80754652152464,0.5685
"3800",1,20,38,"SGP50",1.30670911984056,2.61715154307518,0.468
"3801",1,21,1,"BMA",9.66799968134865,4.39425938004698,0.899
"3802",1,21,2,"BMA",3.84311065192709,3.64088109869805,0.6785
"3803",1,21,3,"BMA",6.40126980494638,3.89666335505543,0.7875
"3804",1,21,4,"BMA",5.05818251607521,3.76865713479437,0.659
"3805",1,21,5,"BMA",6.05408155685672,3.87575357801283,0.768
"3806",1,21,6,"BMA",3.3472897422658,3.43901178445441,0.599
"3807",1,21,7,"BMA",7.99482129711849,3.98374642781694,0.9105
"3808",1,21,8,"BMA",11.8900794432262,4.44181736002165,0.1255
"3809",1,21,9,"BMA",4.67847961961859,3.69851821823193,0.667
"3810",1,21,10,"BMA",4.48821511448459,3.70684226900591,0.6675
"3811",1,21,11,"BMA",7.05602163351625,3.82230702778316,0.6365
"3812",1,21,12,"BMA",5.61605520153987,3.91207102458337,0.4085
"3813",1,21,13,"BMA",5.71684461754287,4.12611969980196,0.3505
"3814",1,21,14,"BMA",7.62461197848205,4.10390872540296,0.813
"3815",1,21,15,"BMA",3.49094686273733,3.47968647439233,0.6775
"3816",1,21,16,"BMA",7.7391793100189,4.02292236021985,0.893
"3817",1,21,17,"BMA",2.5463859925364,3.25964176993768,0.667
"3818",1,21,18,"BMA",5.68319124520465,3.68919478247622,0.881
"3819",1,21,19,"BMA",1.5916061410627,2.86420436586177,0.459
"3820",1,21,20,"BMA",6.95771448585374,3.94728976371837,0.9365
"3821",1,21,21,"BMA",5.19024906255777,3.58080202699004,0.911
"3822",1,21,22,"BMA",7.43488368312159,4.42771696844827,0.9685
"3823",1,21,23,"BMA",9.42467496644906,5.09958116631264,0.9875
"3824",1,21,24,"BMA",6.57085542261374,4.09656921488884,0.931
"3825",1,21,25,"BMA",3.13580656921422,3.13128308716166,0.8045
"3826",1,21,26,"BMA",1.36057362245471,2.58773744887878,0.5935
"3827",1,21,27,"BMA",2.23982075309374,2.71354602905324,0.2275
"3828",1,21,28,"BMA",2.4717904657112,2.84316011893243,0.1695
"3829",1,21,29,"BMA",1.36181939079379,2.3698413542862,0.3185
"3830",1,21,30,"BMA",2.49695345076584,2.85225959108636,0.1545
"3831",1,21,31,"BMA",2.9024389690086,2.87481673586363,0.112
"3832",1,21,32,"BMA",1.27732034541,2.24987509163674,0.277
"3833",1,21,33,"BMA",0.735075115603571,1.96547349858096,0.463
"3834",1,21,34,"BMA",0.992198006943579,2.00508731705289,0.251
"3835",1,21,35,"BMA",0.81538175020966,1.97511932534036,0.727
"3836",1,21,36,"BMA",0.560159511652455,1.66496372510198,0.417
"3837",1,21,37,"BMA",2.23099268076152,2.91726041674351,0.027
"3838",1,21,38,"BMA",1.19375520549728,2.05815935761095,0.1085
"3839",1,21,1,"AVS",9.66799968134865,4.30096985551452,0.894
"3840",1,21,2,"AVS",3.5572171917926,3.58789426420626,0.666
"3841",1,21,3,"AVS",8.42889351463699,4.03200902475568,0.8495
"3842",1,21,4,"AVS",9.74846965903759,4.19919939935243,0.853
"3843",1,21,5,"AVS",3.35230326898223,3.53933907735574,0.567
"3844",1,21,6,"AVS",3.2700574798117,3.49622018056829,0.5865
"3845",1,21,7,"AVS",9.79081403228853,4.2443286160908,0.8695
"3846",1,21,8,"AVS",9.15063284743546,4.09875556527803,0.212
"3847",1,21,9,"AVS",4.67240274857205,3.73039812089776,0.676
"3848",1,21,10,"AVS",4.54628643449334,3.68382973197331,0.6465
"3849",1,21,11,"AVS",7.21573003993689,3.80332266665256,0.6395
"3850",1,21,12,"AVS",5.60105168071518,3.90714860279935,0.3925
"3851",1,21,13,"AVS",5.69926040000004,4.1362190742022,0.35
"3852",1,21,14,"AVS",7.6762948,4.15905263035315,0.808
"3853",1,21,15,"AVS",3.5110604,3.52527886383653,0.693
"3854",1,21,16,"AVS",7.8056176,3.95990979200822,0.908
"3855",1,21,17,"AVS",2.5624152,3.20355799152458,0.7
"3856",1,21,18,"AVS",5.7488346,3.61694946518862,0.88
"3857",1,21,19,"AVS",1.57004832000001,2.87364390632283,0.4715
"3858",1,21,20,"AVS",7.06031588,3.95490163866794,0.9395
"3859",1,21,21,"AVS",5.34775559999999,3.63902030637569,0.9025
"3860",1,21,22,"AVS",7.64031715999944,4.31101595175048,0.964
"3861",1,21,23,"AVS",9.50430551971788,5.01580605130697,0.981
"3862",1,21,24,"AVS",6.63103537778494,4.01196972810527,0.9395
"3863",1,21,25,"AVS",3.26738351716977,3.12281068225475,0.822
"3864",1,21,26,"AVS",1.32228547354085,2.57631133022262,0.5915
"3865",1,21,27,"AVS",2.29838844948423,2.76687078735399,0.1965
"3866",1,21,28,"AVS",2.63803873190046,2.86490936273445,0.153
"3867",1,21,29,"AVS",1.47721955573936,2.37909531416451,0.296
"3868",1,21,30,"AVS",2.7810311647939,3.07403243735014,0.112
"3869",1,21,31,"AVS",3.57855003464465,3.31728762098326,0.066
"3870",1,21,32,"AVS",1.9670728158009,2.53347525352175,0.1575
"3871",1,21,33,"AVS",1.22439576308302,2.24418006547535,0.26
"3872",1,21,34,"AVS",1.93699155503321,2.46306809277268,0.1435
"3873",1,21,35,"AVS",0.673750862317348,1.96910644027876,0.405
"3874",1,21,36,"AVS",1.45756741349582,2.30021538609689,0.1475
"3875",1,21,37,"AVS",3.81251551502798,4.28893244605177,0.0045
"3876",1,21,38,"AVS",2.38691627391168,2.86436137878919,0.036
"3877",1,21,1,"EQW",9.66799968134865,4.47827926895028,0.8925
"3878",1,21,2,"EQW",4.64650759219988,3.65693532002837,0.7075
"3879",1,21,3,"EQW",6.17098682047836,3.9282449031367,0.831
"3880",1,21,4,"EQW",4.23454383558752,3.49885320922965,0.674
"3881",1,21,5,"EQW",7.82821539718825,4.04416156118233,0.833
"3882",1,21,6,"EQW",6.32094118107238,3.67812267357699,0.7325
"3883",1,21,7,"EQW",13.667823692195,4.42472619435053,0.9395
"3884",1,21,8,"EQW",6.07351426225777,4.18123062714259,0.4185
"3885",1,21,9,"EQW",6.89198041584382,3.77468950282661,0.7825
"3886",1,21,10,"EQW",4.57784196043112,3.80469062101765,0.5745
"3887",1,21,11,"EQW",4.48803576766253,3.9024757364157,0.452
"3888",1,21,12,"EQW",7.07697849777655,4.11320576811772,0.2575
"3889",1,21,13,"EQW",9.13514624601241,4.23216045504645,0.183
"3890",1,21,14,"EQW",3.69797618855962,3.5857184084422,0.595
"3891",1,21,15,"EQW",3.51455455850459,3.48227266554185,0.362
"3892",1,21,16,"EQW",3.34857934449777,3.58049841476261,0.642
"3893",1,21,17,"EQW",3.28469629085117,3.41587063559636,0.372
"3894",1,21,18,"EQW",3.00518709537416,3.36868931590021,0.647
"3895",1,21,19,"EQW",3.93034922584439,3.3430605776687,0.259
"3896",1,21,20,"EQW",4.39371274305322,3.58653576718318,0.768
"3897",1,21,21,"EQW",2.85736137409359,3.33943178168572,0.632
"3898",1,21,22,"EQW",3.56903489794418,3.66517432743262,0.71
"3899",1,21,23,"EQW",4.8495042327284,3.85665263687504,0.745
"3900",1,21,24,"EQW",3.48362484000045,3.69154721662587,0.6325
"3901",1,21,25,"EQW",2.65282478344641,3.48912117490443,0.56
"3902",1,21,26,"EQW",1.95858244061868,3.0833495230873,0.5055
"3903",1,21,27,"EQW",2.29881091916174,2.89809828275791,0.3085
"3904",1,21,28,"EQW",1.86246359332802,2.8108998618643,0.356
"3905",1,21,29,"EQW",1.43121842431441,2.71773053849382,0.469
"3906",1,21,30,"EQW",2.21565631017317,2.75620473813923,0.258
"3907",1,21,31,"EQW",2.11178361404588,2.95636796380632,0.2785
"3908",1,21,32,"EQW",1.44043499935438,2.65786073588939,0.4355
"3909",1,21,33,"EQW",1.23447775186186,2.47599680067644,0.469
"3910",1,21,34,"EQW",1.61078336159078,2.51268035163464,0.3105
"3911",1,21,35,"EQW",1.20530202073255,2.40454076639343,0.631
"3912",1,21,36,"EQW",1.2615285076576,2.36589822429362,0.363
"3913",1,21,37,"EQW",2.50617180939673,3.18406924513394,0.174
"3914",1,21,38,"EQW",1.31114548539696,2.63489967635731,0.3335
"3915",1,21,1,"SGP",9.66799968134865,4.4310457918508,0.892
"3916",1,21,2,"SGP",5.67374589922279,3.77370847152081,0.7945
"3917",1,21,3,"SGP",8.07963363397031,4.11161607733687,0.926
"3918",1,21,4,"SGP",2.17255613552947,2.92759145697735,0.6795
"3919",1,21,5,"SGP",5.91882809270532,3.76645768399876,0.9375
"3920",1,21,6,"SGP",1.6777333727924,2.89113489686262,0.433
"3921",1,21,7,"SGP",6.01346252566731,3.71718001043017,0.932
"3922",1,21,8,"SGP",21.7772745635576,7.92274978865732,0.0095
"3923",1,21,9,"SGP",2.53263501248968,3.08122166152992,0.686
"3924",1,21,10,"SGP",4.76425303230736,3.54329293358581,0.1505
"3925",1,21,11,"SGP",9.88242416715463,4.88352424256201,0.03
"3926",1,21,12,"SGP",20.2839485580177,7.55601454648314,0.003
"3927",1,21,13,"SGP",20.8748784895154,6.65070380682918,0.0085
"3928",1,21,14,"SGP",5.02823294221804,3.56004815050331,0.8245
"3929",1,21,15,"SGP",2.89794329825777,3.26848926879443,0.301
"3930",1,21,16,"SGP",2.92865214618532,3.25307751770425,0.712
"3931",1,21,17,"SGP",3.27164225654489,3.35258156335174,0.28
"3932",1,21,18,"SGP",2.84719443707536,3.31449185796988,0.706
"3933",1,21,19,"SGP",3.88583823589424,3.33751888759406,0.245
"3934",1,21,20,"SGP",7.14894755908533,3.91440435375541,0.915
"3935",1,21,21,"SGP",2.54933391764628,3.10142983722487,0.645
"3936",1,21,22,"SGP",2.04799652217191,3.10685845471337,0.52
"3937",1,21,23,"SGP",2.77706601073847,3.2204095530188,0.6805
"3938",1,21,24,"SGP",2.50729591009644,3.09120253829566,0.3325
"3939",1,21,25,"SGP",3.83230371658581,3.35045908942707,0.18
"3940",1,21,26,"SGP",2.41327648139161,3.03337648168425,0.289
"3941",1,21,27,"SGP",2.72355756932811,3.04446941375391,0.276
"3942",1,21,28,"SGP",1.70705453269377,2.92961590193034,0.4565
"3943",1,21,29,"SGP",1.7465253328273,2.89088913279189,0.5845
"3944",1,21,30,"SGP",2.94671810638975,3.14823054905128,0.2225
"3945",1,21,31,"SGP",1.77386306922178,2.98727546748459,0.4745
"3946",1,21,32,"SGP",2.4198917785085,3.0846538263306,0.6795
"3947",1,21,33,"SGP",1.89646698596502,2.93532589053119,0.602
"3948",1,21,34,"SGP",2.00808182422242,3.024138193377,0.357
"3949",1,21,35,"SGP",1.99800358716263,2.9110552851256,0.679
"3950",1,21,36,"SGP",1.72494379556157,2.89375646055248,0.4115
"3951",1,21,37,"SGP",2.28514561543741,2.98274164492482,0.2825
"3952",1,21,38,"SGP",1.63359587343392,2.86274384128766,0.6985
"3953",1,21,1,"SGP50",9.66799968134865,4.51006416074242,0.9015
"3954",1,21,2,"SGP50",4.68949507005151,3.70200849474898,0.725
"3955",1,21,3,"SGP50",6.31240870164329,3.86555282928522,0.8225
"3956",1,21,4,"SGP50",4.20855920095351,3.49503169610735,0.6895
"3957",1,21,5,"SGP50",7.76067797864309,4.02578940664469,0.858
"3958",1,21,6,"SGP50",5.55672171425729,3.60565875857683,0.7155
"3959",1,21,7,"SGP50",11.9760761503589,4.27086612224025,0.9325
"3960",1,21,8,"SGP50",7.64676470835347,4.35092287014952,0.332
"3961",1,21,9,"SGP50",5.50909587243545,3.64081736793195,0.7545
"3962",1,21,10,"SGP50",3.72072692168472,3.60436077738109,0.471
"3963",1,21,11,"SGP50",4.96780055511929,3.96958154278622,0.3535
"3964",1,21,12,"SGP50",10.4337578100814,4.3793987136839,0.163
"3965",1,21,13,"SGP50",12.4510263579666,4.59108214563521,0.1105
"3966",1,21,14,"SGP50",3.80310486157779,3.6037361403177,0.64
"3967",1,21,15,"SGP50",3.63832469917106,3.46098519306767,0.3325
"3968",1,21,16,"SGP50",3.12121753350675,3.44641960202915,0.6395
"3969",1,21,17,"SGP50",3.51086126484588,3.43951861218535,0.315
"3970",1,21,18,"SGP50",2.91942954730991,3.34833055226451,0.6535
"3971",1,21,19,"SGP50",4.0501589238989,3.3808765058896,0.24
"3972",1,21,20,"SGP50",5.19811562833993,3.69259496216458,0.825
"3973",1,21,21,"SGP50",2.71109867541206,3.26884693682959,0.6645
"3974",1,21,22,"SGP50",2.86142262532067,3.50742709300474,0.6255
"3975",1,21,23,"SGP50",4.04620437410124,3.61974887563721,0.7435
"3976",1,21,24,"SGP50",2.7819564615579,3.47346405676164,0.5265
"3977",1,21,25,"SGP50",2.65652883479904,3.36354937503929,0.417
"3978",1,21,26,"SGP50",1.98380651527878,3.03552431666755,0.4515
"3979",1,21,27,"SGP50",2.38434890418562,2.89585276107944,0.3225
"3980",1,21,28,"SGP50",1.71523499733712,2.77495776563311,0.383
"3981",1,21,29,"SGP50",1.44399941283864,2.67774081994184,0.5065
"3982",1,21,30,"SGP50",2.35688378987492,2.80486723208103,0.231
"3983",1,21,31,"SGP50",1.90884907884679,2.81544412501652,0.3355
"3984",1,21,32,"SGP50",1.46949408550244,2.67799439951536,0.484
"3985",1,21,33,"SGP50",1.23423500108854,2.46270074125149,0.522
"3986",1,21,34,"SGP50",1.56290675172809,2.54083499097318,0.306
"3987",1,21,35,"SGP50",1.20216907165489,2.3827668715803,0.6165
"3988",1,21,36,"SGP50",1.16725738797141,2.24536063746433,0.344
"3989",1,21,37,"SGP50",2.42357511701786,3.08639349869444,0.159
"3990",1,21,38,"SGP50",1.20384829456298,2.5617588745452,0.3365
"3991",1,22,1,"BMA",1.95037025619361,2.95385436750475,0.465
"3992",1,22,2,"BMA",1.82813401125308,2.74614346211966,0.6765
"3993",1,22,3,"BMA",4.36171478436657,3.54596143382611,0.9035
"3994",1,22,4,"BMA",6.58818313224493,4.26852767717002,0.961
"3995",1,22,5,"BMA",1.87123440940434,2.97453973603512,0.3585
"3996",1,22,6,"BMA",1.76971588756631,2.73865480186567,0.662
"3997",1,22,7,"BMA",1.56831854013451,2.66837318417069,0.347
"3998",1,22,8,"BMA",7.67979344630239,4.69634058164521,0.984
"3999",1,22,9,"BMA",3.76650104951294,3.55106900675656,0.194
"4000",1,22,10,"BMA",1.90308428366832,2.91031811276061,0.3985
"4001",1,22,11,"BMA",1.83554988880899,2.89759290215111,0.6195
"4002",1,22,12,"BMA",3.09616591286172,3.30249319849522,0.22
"4003",1,22,13,"BMA",4.51850190213185,3.55199986684685,0.14
"4004",1,22,14,"BMA",7.07321854252815,4.1932048899319,0.082
"4005",1,22,15,"BMA",2.94338413313584,3.15843009339839,0.2745
"4006",1,22,16,"BMA",2.22872024115192,3.09521572951122,0.707
"4007",1,22,17,"BMA",3.81730927517188,3.34777455593234,0.813
"4008",1,22,18,"BMA",9.90840456030389,4.47247406397661,0.9795
"4009",1,22,19,"BMA",2.38989495731831,3.01483207350578,0.3115
"4010",1,22,20,"BMA",2.43839414779582,2.95858785417845,0.2715
"4011",1,22,21,"BMA",4.09733776406138,3.37365517127746,0.136
"4012",1,22,22,"BMA",2.36628714951516,2.9542484119598,0.267
"4013",1,22,23,"BMA",3.57782595206487,3.29169862718926,0.1775
"4014",1,22,24,"BMA",1.60489124266788,2.7738065523877,0.3875
"4015",1,22,25,"BMA",1.62025603441195,2.77922282840313,0.6245
"4016",1,22,26,"BMA",1.38474023166936,2.6890452202541,0.516
"4017",1,22,27,"BMA",2.83867487824582,2.97013580649553,0.2075
"4018",1,22,28,"BMA",2.75528931036858,3.05993872402598,0.1935
"4019",1,22,29,"BMA",1.42980607188102,2.71423423832848,0.592
"4020",1,22,30,"BMA",1.32174125348122,2.64033337909297,0.5285
"4021",1,22,31,"BMA",1.519389582116,2.70053982947804,0.371
"4022",1,22,32,"BMA",1.49251335264314,2.64022183683613,0.363
"4023",1,22,33,"BMA",1.44566481199625,2.66448350635772,0.3565
"4024",1,22,34,"BMA",1.23301481716326,2.6250474311555,0.4315
"4025",1,22,35,"BMA",1.21075223192987,2.54367045434152,0.5775
"4026",1,22,36,"BMA",0.99636184771545,2.36272122864549,0.5035
"4027",1,22,37,"BMA",0.991691480843989,2.23423336120487,0.4225
"4028",1,22,38,"BMA",0.907459130956096,2.06778038583464,0.3325
"4029",1,22,1,"AVS",1.95037025619361,3.0128909758369,0.459
"4030",1,22,2,"AVS",1.89327121633626,2.7182093955509,0.7265
"4031",1,22,3,"AVS",4.60746342024422,3.60129269813563,0.93
"4032",1,22,4,"AVS",6.63080085970113,4.48689568087492,0.972
"4033",1,22,5,"AVS",2.42069836083189,2.87206024051497,0.1905
"4034",1,22,6,"AVS",1.32534575113744,2.55223613962323,0.6445
"4035",1,22,7,"AVS",1.84515193446741,2.70999052624199,0.2295
"4036",1,22,8,"AVS",7.2985246045464,5.07729071343512,0.99
"4037",1,22,9,"AVS",5.37907946617016,4.01574061108114,0.0695
"4038",1,22,10,"AVS",2.06639804986059,3.12582669007472,0.4025
"4039",1,22,11,"AVS",2.41033409544911,3.05053607455514,0.631
"4040",1,22,12,"AVS",2.9824547354896,3.29935822289762,0.2575
"4041",1,22,13,"AVS",3.22597046179325,3.43846190839459,0.2705
"4042",1,22,14,"AVS",5.58238001254176,3.69790867440376,0.177
"4043",1,22,15,"AVS",1.96894901734559,2.96791729439033,0.3945
"4044",1,22,16,"AVS",2.99663362537428,3.17855393849811,0.8055
"4045",1,22,17,"AVS",5.93507972212912,3.82454075270306,0.936
"4046",1,22,18,"AVS",15.2081212018852,6.02462132006069,0.9945
"4047",1,22,19,"AVS",2.44532996969142,3.01906939007079,0.2735
"4048",1,22,20,"AVS",2.45355781744612,3.03682634646926,0.2685
"4049",1,22,21,"AVS",4.09431938848736,3.30144768150107,0.149
"4050",1,22,22,"AVS",2.44905003591017,2.87464623987791,0.271
"4051",1,22,23,"AVS",3.69056063918042,3.22734852573484,0.172
"4052",1,22,24,"AVS",1.66530498035748,2.7638367333594,0.3545
"4053",1,22,25,"AVS",1.5869733405321,2.73182128046651,0.6105
"4054",1,22,26,"AVS",1.39244606837427,2.82136600989033,0.5125
"4055",1,22,27,"AVS",2.90141366961286,3.03842628622866,0.18
"4056",1,22,28,"AVS",3.00035355500922,3.02126934237982,0.19
"4057",1,22,29,"AVS",1.36447861441209,2.6908835255316,0.5605
"4058",1,22,30,"AVS",1.33965691500551,2.66767069095177,0.503
"4059",1,22,31,"AVS",1.58895586336564,2.67057617416435,0.359
"4060",1,22,32,"AVS",1.60500071288461,2.66809088748754,0.337
"4061",1,22,33,"AVS",1.45832636202185,2.56765127382065,0.367
"4062",1,22,34,"AVS",1.246758156257,2.59734781881401,0.4475
"4063",1,22,35,"AVS",1.30072467059983,2.67759842357683,0.5865
"4064",1,22,36,"AVS",1.14918099714529,2.56612874136365,0.5095
"4065",1,22,37,"AVS",1.3606744170047,2.64302169655234,0.414
"4066",1,22,38,"AVS",1.19499462397781,2.45738434656061,0.4115
"4067",1,22,1,"EQW",1.95037025619361,2.9899837290709,0.495
"4068",1,22,2,"EQW",1.89005743649607,2.94777067958383,0.601
"4069",1,22,3,"EQW",3.49795678836441,3.48156373379523,0.8085
"4070",1,22,4,"EQW",6.39944609624383,4.22402912487968,0.916
"4071",1,22,5,"EQW",1.90859404967508,3.01948141519839,0.4385
"4072",1,22,6,"EQW",2.18577594935208,2.96197504054421,0.6795
"4073",1,22,7,"EQW",1.7234949404246,2.94042494101787,0.4825
"4074",1,22,8,"EQW",8.44091721217685,4.63618772818641,0.955
"4075",1,22,9,"EQW",2.65773391829444,3.29333917802195,0.376
"4076",1,22,10,"EQW",1.95459693255298,3.05560278668769,0.4695
"4077",1,22,11,"EQW",2.36420870998264,2.97773038879725,0.662
"4078",1,22,12,"EQW",2.40739792467852,3.21832166213107,0.361
"4079",1,22,13,"EQW",3.65514634233301,3.56810613705417,0.229
"4080",1,22,14,"EQW",6.75343324592571,3.95123854615932,0.087
"4081",1,22,15,"EQW",3.01041876245524,3.14065054388906,0.2565
"4082",1,22,16,"EQW",1.83163040606995,2.90769137600038,0.6035
"4083",1,22,17,"EQW",2.972279503704,3.07450804360665,0.7585
"4084",1,22,18,"EQW",11.1422687794946,5.05723829367516,0.984
"4085",1,22,19,"EQW",3.64968227375859,3.59642762669425,0.6335
"4086",1,22,20,"EQW",2.71981945342163,3.32856126780018,0.586
"4087",1,22,21,"EQW",2.29117128758977,3.27578448918047,0.4085
"4088",1,22,22,"EQW",1.61431079035276,2.87903272232377,0.482
"4089",1,22,23,"EQW",2.17639385896453,2.90931323446974,0.3055
"4090",1,22,24,"EQW",1.45453308282057,2.76439804478766,0.474
"4091",1,22,25,"EQW",1.92716238245001,2.87658012078084,0.6755
"4092",1,22,26,"EQW",1.7805312644143,2.83537188219834,0.6225
"4093",1,22,27,"EQW",1.77675554146202,2.78876483436336,0.393
"4094",1,22,28,"EQW",1.99190904305104,2.81779825584043,0.299
"4095",1,22,29,"EQW",1.32660243813713,2.64763621001021,0.595
"4096",1,22,30,"EQW",1.3029246057838,2.6387115919178,0.593
"4097",1,22,31,"EQW",1.18643536041736,2.57436618772561,0.4695
"4098",1,22,32,"EQW",1.13247594755638,2.49495783833394,0.425
"4099",1,22,33,"EQW",1.17166183186909,2.45467716160579,0.369
"4100",1,22,34,"EQW",1.02761308289086,2.28917386371633,0.4145
"4101",1,22,35,"EQW",0.957137168955119,2.27866793733452,0.621
"4102",1,22,36,"EQW",0.934178770574501,2.27192593960867,0.6065
"4103",1,22,37,"EQW",0.859464501873318,2.24410765720249,0.4985
"4104",1,22,38,"EQW",0.786911220857402,2.16498244753563,0.499
"4105",1,22,1,"SGP",1.95037025619361,3.00154615064501,0.4815
"4106",1,22,2,"SGP",1.82281974412523,2.75456184845626,0.712
"4107",1,22,3,"SGP",4.52599441007309,3.53525833985574,0.9235
"4108",1,22,4,"SGP",6.52065443868052,4.39758248635613,0.9715
"4109",1,22,5,"SGP",2.21452862841125,2.87398001071907,0.228
"4110",1,22,6,"SGP",1.22718395578657,2.41187633917659,0.6435
"4111",1,22,7,"SGP",1.79042653466545,2.61487381336516,0.234
"4112",1,22,8,"SGP",7.30887528634727,4.9253014019353,0.9925
"4113",1,22,9,"SGP",5.68549806367793,3.97975185675495,0.0505
"4114",1,22,10,"SGP",2.33617443653303,2.8309068119227,0.227
"4115",1,22,11,"SGP",1.14042852749449,2.53039643893544,0.4635
"4116",1,22,12,"SGP",4.89927190047947,3.58839426201724,0.0635
"4117",1,22,13,"SGP",7.25339372109284,4.44330760829732,0.023
"4118",1,22,14,"SGP",10.5232371424359,5.65481530653372,0.008
"4119",1,22,15,"SGP",1.64219656488509,2.78762770574074,0.3925
"4120",1,22,16,"SGP",3.08551379667526,3.23326089328197,0.819
"4121",1,22,17,"SGP",3.46687110738588,3.23152627044763,0.8425
"4122",1,22,18,"SGP",9.4717581360967,4.93440998037183,0.9835
"4123",1,22,19,"SGP",2.43634239948183,2.88972388937484,0.2655
"4124",1,22,20,"SGP",2.4681454377073,2.99690336661062,0.252
"4125",1,22,21,"SGP",4.30425842110836,3.30617582748095,0.1285
"4126",1,22,22,"SGP",1.42142325056185,2.77703767796853,0.4485
"4127",1,22,23,"SGP",2.32921243673255,2.87565520085249,0.235
"4128",1,22,24,"SGP",1.39717210164963,2.71586816623865,0.553
"4129",1,22,25,"SGP",1.99226351307796,2.85330618363249,0.729
"4130",1,22,26,"SGP",1.28318146931723,2.64810843675328,0.5005
"4131",1,22,27,"SGP",2.64920113358917,2.92744840463463,0.2105
"4132",1,22,28,"SGP",1.60012712555027,2.73177569320426,0.3425
"4133",1,22,29,"SGP",2.01812207620382,2.80685014360643,0.7275
"4134",1,22,30,"SGP",1.5421385068781,2.72214052532161,0.645
"4135",1,22,31,"SGP",1.27192968419121,2.67057774278242,0.4605
"4136",1,22,32,"SGP",1.17314971543456,2.55781805394747,0.4975
"4137",1,22,33,"SGP",1.22636823737343,2.63707566049727,0.4565
"4138",1,22,34,"SGP",1.15640995700999,2.56768877145216,0.5725
"4139",1,22,35,"SGP",1.57550125653281,2.68796222131518,0.6875
"4140",1,22,36,"SGP",1.23898426891797,2.54447081869376,0.5815
"4141",1,22,37,"SGP",1.13062897238908,2.59458456702525,0.4695
"4142",1,22,38,"SGP",1.06823581764917,2.49306469570299,0.5035
"4143",1,22,1,"SGP50",1.95037025619361,2.95056227370316,0.476
"4144",1,22,2,"SGP50",1.87439881519439,2.87214133830416,0.602
"4145",1,22,3,"SGP50",3.59574514444998,3.43670634701277,0.822
"4146",1,22,4,"SGP50",6.41093546484462,4.27630898094475,0.925
"4147",1,22,5,"SGP50",1.87084508502105,2.9259075655726,0.4195
"4148",1,22,6,"SGP50",2.08368080443747,2.9021112259181,0.6825
"4149",1,22,7,"SGP50",1.64579554054096,2.87637391295764,0.4665
"4150",1,22,8,"SGP50",8.30066790862382,4.58570095212079,0.961
"4151",1,22,9,"SGP50",2.82293836607869,3.4105502716347,0.3065
"4152",1,22,10,"SGP50",1.87168954532701,2.94520183656509,0.4475
"4153",1,22,11,"SGP50",2.05475867968155,2.93940078281804,0.629
"4154",1,22,12,"SGP50",2.61837681260289,3.20659966059785,0.3065
"4155",1,22,13,"SGP50",4.19794018125441,3.63422907217435,0.177
"4156",1,22,14,"SGP50",7.40401602987104,4.15766728858897,0.08
"4157",1,22,15,"SGP50",2.92896536607937,3.09900725303013,0.2565
"4158",1,22,16,"SGP50",1.87221091654847,3.02685699457826,0.6025
"4159",1,22,17,"SGP50",2.83764193916256,3.09149518300515,0.7615
"4160",1,22,18,"SGP50",10.2651120013388,4.81929379310864,0.9805
"4161",1,22,19,"SGP50",2.77140672821177,3.38948317592159,0.526
"4162",1,22,20,"SGP50",2.24362363462221,3.23503741938336,0.491
"4163",1,22,21,"SGP50",2.65899460770931,3.3049693769109,0.3235
"4164",1,22,22,"SGP50",1.61371346945405,2.87009947751347,0.446
"4165",1,22,23,"SGP50",2.4358438536921,2.91856540334984,0.2675
"4166",1,22,24,"SGP50",1.45640856799747,2.75995624156694,0.4645
"4167",1,22,25,"SGP50",1.83441488240515,2.80165310068222,0.7
"4168",1,22,26,"SGP50",1.55088603164382,2.7498263613035,0.609
"4169",1,22,27,"SGP50",2.03016220414952,2.9275647789315,0.3115
"4170",1,22,28,"SGP50",2.10680149739124,2.85806559005735,0.262
"4171",1,22,29,"SGP50",1.38042951714052,2.67700191761593,0.5935
"4172",1,22,30,"SGP50",1.29226459977091,2.63943723492415,0.5825
"4173",1,22,31,"SGP50",1.24225198724872,2.61042468084379,0.4395
"4174",1,22,32,"SGP50",1.19671792472594,2.50541488463034,0.4335
"4175",1,22,33,"SGP50",1.2388353390075,2.53134444946432,0.386
"4176",1,22,34,"SGP50",1.07519133416867,2.4184093055039,0.416
"4177",1,22,35,"SGP50",1.02013707599399,2.35802542370759,0.589
"4178",1,22,36,"SGP50",0.959529590867845,2.32496494292773,0.586
"4179",1,22,37,"SGP50",0.909758726569095,2.30349574782758,0.5105
"4180",1,22,38,"SGP50",0.835943282206341,2.20338891082744,0.4745
"4181",1,23,1,"BMA",5.25954041786639,3.92642095451145,0.793
"4182",1,23,2,"BMA",2.23560603008596,3.02523716506137,0.479
"4183",1,23,3,"BMA",4.98854157964976,3.93616944714687,0.1435
"4184",1,23,4,"BMA",10.6441705438116,4.39966956850998,0.915
"4185",1,23,5,"BMA",3.27588180660738,3.50885579787405,0.5645
"4186",1,23,6,"BMA",2.79673143443976,3.40821625241658,0.493
"4187",1,23,7,"BMA",8.82755765750625,4.12294291458597,0.898
"4188",1,23,8,"BMA",3.34802694684911,3.35757743939422,0.6575
"4189",1,23,9,"BMA",9.09656706634054,4.1480453697128,0.907
"4190",1,23,10,"BMA",6.65023455059467,3.88342992048565,0.8515
"4191",1,23,11,"BMA",3.40694851433297,3.34976252319201,0.682
"4192",1,23,12,"BMA",3.66113818794857,3.62658234921735,0.351
"4193",1,23,13,"BMA",3.91067827360218,3.54982579986681,0.5585
"4194",1,23,14,"BMA",3.44281630604934,3.34236429757389,0.6075
"4195",1,23,15,"BMA",2.34244260454201,3.24019034945841,0.467
"4196",1,23,16,"BMA",2.93428821171179,3.22211720940535,0.692
"4197",1,23,17,"BMA",2.08155594445474,3.17676442543747,0.442
"4198",1,23,18,"BMA",2.19290454803554,3.09517635802195,0.4175
"4199",1,23,19,"BMA",3.13116526032636,3.23671616080417,0.2775
"4200",1,23,20,"BMA",4.39023668038048,3.42698440672016,0.157
"4201",1,23,21,"BMA",2.06901230133824,2.98612255290314,0.3765
"4202",1,23,22,"BMA",7.23202046782359,3.93782013742309,0.069
"4203",1,23,23,"BMA",2.21517427583141,2.92859144604612,0.3145
"4204",1,23,24,"BMA",1.46183594724374,2.77909958820433,0.3725
"4205",1,23,25,"BMA",1.60296847798272,2.7347008601394,0.6325
"4206",1,23,26,"BMA",1.21126984421548,2.50973332540322,0.4925
"4207",1,23,27,"BMA",2.46531872665576,2.89152758703683,0.8105
"4208",1,23,28,"BMA",1.20045262601845,2.39749100979264,0.3775
"4209",1,23,29,"BMA",0.936407952244565,2.32991418461451,0.4325
"4210",1,23,30,"BMA",4.91896689709024,4.00878997506388,0.019
"4211",1,23,31,"BMA",3.09069233574575,3.07389133766634,0.0825
"4212",1,23,32,"BMA",0.81838431756767,2.09351880915289,0.437
"4213",1,23,33,"BMA",1.98664375129682,2.56833652427873,0.8625
"4214",1,23,34,"BMA",2.45236778237579,2.91459346979306,0.896
"4215",1,23,35,"BMA",0.739564134949304,1.95472890899247,0.3925
"4216",1,23,36,"BMA",0.7437348988005,1.85754298850299,0.3725
"4217",1,23,37,"BMA",2.09933090662219,2.6914482927455,0.0685
"4218",1,23,38,"BMA",1.36757424095481,2.29778121897089,0.1455
"4219",1,23,1,"AVS",5.25954041786639,3.92512359753416,0.7955
"4220",1,23,2,"AVS",2.8787662561393,3.3399361741919,0.438
"4221",1,23,3,"AVS",3.93928520100209,3.47069771536656,0.2835
"4222",1,23,4,"AVS",12.1824644276598,4.82527339122263,0.9395
"4223",1,23,5,"AVS",3.12640799827658,3.48156209963929,0.5455
"4224",1,23,6,"AVS",2.65901808540594,3.24988053952945,0.369
"4225",1,23,7,"AVS",7.54725750382649,4.0091393093324,0.88
"4226",1,23,8,"AVS",3.15395292988831,3.27166489958281,0.6445
"4227",1,23,9,"AVS",9.01183629161964,4.25296496720513,0.9075
"4228",1,23,10,"AVS",6.41185458344284,3.83088555874795,0.8505
"4229",1,23,11,"AVS",1.3555805391179,2.62813139559925,0.454
"4230",1,23,12,"AVS",14.9294473661921,7.38107792614174,0.0085
"4231",1,23,13,"AVS",4.17832301245119,3.57367248207423,0.5835
"4232",1,23,14,"AVS",3.56726496748414,3.37258236698592,0.643
"4233",1,23,15,"AVS",2.37929354728988,3.20472058649844,0.4275
"4234",1,23,16,"AVS",2.75257433566657,3.22366802057276,0.6635
"4235",1,23,17,"AVS",2.21685683408836,3.13760855013427,0.378
"4236",1,23,18,"AVS",2.39338346296024,3.09944723832948,0.344
"4237",1,23,19,"AVS",3.21427676358493,3.2885005247911,0.262
"4238",1,23,20,"AVS",4.39632899261687,3.4293754375576,0.167
"4239",1,23,21,"AVS",1.99234031545489,2.99540615995611,0.397
"4240",1,23,22,"AVS",6.68006597456505,3.93657711070692,0.0615
"4241",1,23,23,"AVS",2.16133624647745,2.89113049801057,0.2895
"4242",1,23,24,"AVS",1.32482217212122,2.65091236916238,0.4335
"4243",1,23,25,"AVS",1.65189353227667,2.76762276214409,0.665
"4244",1,23,26,"AVS",1.15240818399468,2.47763227445746,0.4985
"4245",1,23,27,"AVS",2.53019112526845,2.84123129805941,0.8185
"4246",1,23,28,"AVS",1.14544233145396,2.4532176120346,0.3725
"4247",1,23,29,"AVS",0.928096131569374,2.31007298832629,0.4365
"4248",1,23,30,"AVS",4.91554214374231,3.922379591814,0.022
"4249",1,23,31,"AVS",3.09925587977241,3.12324829036791,0.0635
"4250",1,23,32,"AVS",0.815498926694266,2.08459212825509,0.4075
"4251",1,23,33,"AVS",1.98994304603678,2.68283185859823,0.8625
"4252",1,23,34,"AVS",2.45822090074857,2.88943920808546,0.907
"4253",1,23,35,"AVS",0.736876293299038,1.93310151342779,0.395
"4254",1,23,36,"AVS",0.743206907551561,1.90970334960841,0.3595
"4255",1,23,37,"AVS",2.09945421164727,2.64791342024132,0.0735
"4256",1,23,38,"AVS",1.36771442957798,2.26931168290152,0.131
"4257",1,23,1,"EQW",5.25954041786639,3.76720220578194,0.7975
"4258",1,23,2,"EQW",1.92514427180104,2.88664594026598,0.515
"4259",1,23,3,"EQW",4.38908162250037,3.61145540702252,0.212
"4260",1,23,4,"EQW",9.52876778363763,4.40622400786255,0.9185
"4261",1,23,5,"EQW",2.60895617096621,3.25814624948933,0.5115
"4262",1,23,6,"EQW",2.54471378756781,3.18387069852221,0.531
"4263",1,23,7,"EQW",10.3912340890395,4.54574470621975,0.958
"4264",1,23,8,"EQW",3.70480664679834,3.43289376246883,0.62
"4265",1,23,9,"EQW",11.34938216354,4.95245856515615,0.9615
"4266",1,23,10,"EQW",6.68889556089866,3.55656035738196,0.856
"4267",1,23,11,"EQW",3.61803881924511,3.24454608014491,0.662
"4268",1,23,12,"EQW",4.79727929266839,3.96786365641816,0.342
"4269",1,23,13,"EQW",3.23657958351024,3.42780517265151,0.526
"4270",1,23,14,"EQW",3.06880990041255,3.36405915798592,0.528
"4271",1,23,15,"EQW",2.96270971618423,3.47795294807063,0.426
"4272",1,23,16,"EQW",3.25763117165574,3.30993487867535,0.6355
"4273",1,23,17,"EQW",2.91285512121351,3.48664654225354,0.4505
"4274",1,23,18,"EQW",2.57398309627281,3.27461315721088,0.486
"4275",1,23,19,"EQW",2.70673222917351,3.34993201003341,0.4205
"4276",1,23,20,"EQW",3.08141949757927,3.40440157500789,0.338
"4277",1,23,21,"EQW",2.07752045787183,3.0538531401532,0.519
"4278",1,23,22,"EQW",5.16214937012225,3.66097185776972,0.1745
"4279",1,23,23,"EQW",1.83635574342688,3.01291653800097,0.503
"4280",1,23,24,"EQW",1.70409979108889,2.94469575865021,0.525
"4281",1,23,25,"EQW",2.21433008897716,2.98465871639906,0.6755
"4282",1,23,26,"EQW",1.66758455344899,2.8149237562928,0.422
"4283",1,23,27,"EQW",2.28151493261758,2.98556095907399,0.715
"4284",1,23,28,"EQW",1.99769805188204,2.73514812158954,0.317
"4285",1,23,29,"EQW",1.27456197773589,2.64043439023274,0.484
"4286",1,23,30,"EQW",4.15285445720602,3.3793281231795,0.0915
"4287",1,23,31,"EQW",1.84939675419557,2.92615142616159,0.329
"4288",1,23,32,"EQW",1.34406476480643,2.56087284433512,0.548
"4289",1,23,33,"EQW",2.17592887835226,2.93227388931348,0.789
"4290",1,23,34,"EQW",1.63653459589942,2.84793032742618,0.6695
"4291",1,23,35,"EQW",1.68409083292983,2.48551576949925,0.296
"4292",1,23,36,"EQW",1.02546108407517,2.31631086293551,0.395
"4293",1,23,37,"EQW",1.62437328615226,2.56633779874723,0.228
"4294",1,23,38,"EQW",1.14602719403904,2.44607885936201,0.3855
"4295",1,23,1,"SGP",5.25954041786639,3.85617807936892,0.8
"4296",1,23,2,"SGP",1.62790223912635,2.64209546021153,0.6215
"4297",1,23,3,"SGP",6.15879580021906,5.21556081835658,0.035
"4298",1,23,4,"SGP",10.51925119685,6.27923027320757,0.9905
"4299",1,23,5,"SGP",2.69324312436742,3.07361357411292,0.2045
"4300",1,23,6,"SGP",1.94760019949463,2.79786687433954,0.3265
"4301",1,23,7,"SGP",7.15670015539322,4.1979815539457,0.964
"4302",1,23,8,"SGP",2.31211051789105,2.97020418565459,0.265
"4303",1,23,9,"SGP",9.82840179260876,7.01988658981348,0.998
"4304",1,23,10,"SGP",2.62151092233036,2.9408030837036,0.851
"4305",1,23,11,"SGP",1.28607960546167,2.49172655711435,0.4005
"4306",1,23,12,"SGP",15.074865332555,7.34404156724394,0.006
"4307",1,23,13,"SGP",3.47942500557853,3.13086066391822,0.1885
"4308",1,23,14,"SGP",3.83128085084226,3.26520203897707,0.1665
"4309",1,23,15,"SGP",5.80584605846576,3.84500803961359,0.0755
"4310",1,23,16,"SGP",1.9641875321703,2.91617810319022,0.344
"4311",1,23,17,"SGP",5.4958834319526,3.63514900709513,0.083
"4312",1,23,18,"SGP",2.22741103085564,2.99386945425492,0.306
"4313",1,23,19,"SGP",2.71827168652097,3.08344986352866,0.248
"4314",1,23,20,"SGP",3.47122100894931,3.17125967528923,0.1855
"4315",1,23,21,"SGP",1.49596341643931,2.82638517106817,0.5735
"4316",1,23,22,"SGP",6.16637255203756,3.8759550572062,0.0635
"4317",1,23,23,"SGP",2.4022839043113,3.05270262240773,0.7025
"4318",1,23,24,"SGP",2.17098842983954,2.90062516200554,0.746
"4319",1,23,25,"SGP",4.00501756047729,3.36764932805061,0.8925
"4320",1,23,26,"SGP",1.86842996976878,2.84383650113982,0.316
"4321",1,23,27,"SGP",2.09285120514445,2.82729005006478,0.735
"4322",1,23,28,"SGP",2.56003247960106,2.92494350388656,0.2015
"4323",1,23,29,"SGP",1.34385762386855,2.72320696273519,0.5185
"4324",1,23,30,"SGP",3.10719233095996,3.02160887035501,0.187
"4325",1,23,31,"SGP",2.2866039101954,2.80694800027525,0.765
"4326",1,23,32,"SGP",4.23680352283849,3.42123574943354,0.89
"4327",1,23,33,"SGP",4.53611502312513,3.48266084656999,0.914
"4328",1,23,34,"SGP",1.31449557154844,2.6580650954419,0.46
"4329",1,23,35,"SGP",3.99543931003374,3.26038622432237,0.121
"4330",1,23,36,"SGP",1.36350129743569,2.67024985985764,0.381
"4331",1,23,37,"SGP",1.24658605434632,2.57305619515375,0.4425
"4332",1,23,38,"SGP",1.8852399364074,2.81628901184801,0.7065
"4333",1,23,1,"SGP50",5.25954041786639,3.86963531423123,0.8155
"4334",1,23,2,"SGP50",1.91119776909238,2.93633309033198,0.5235
"4335",1,23,3,"SGP50",4.37402717283499,3.59974001927347,0.1945
"4336",1,23,4,"SGP50",9.7150368270613,4.61477192733536,0.934
"4337",1,23,5,"SGP50",2.51571695698617,3.27619772271598,0.5055
"4338",1,23,6,"SGP50",2.37328821911442,3.20810103262187,0.5305
"4339",1,23,7,"SGP50",9.85370734011943,4.46181730866443,0.9615
"4340",1,23,8,"SGP50",3.008725442873,3.30055575435547,0.565
"4341",1,23,9,"SGP50",10.4642072023521,5.04054960345165,0.9585
"4342",1,23,10,"SGP50",5.01459543079864,3.37256135264339,0.8455
"4343",1,23,11,"SGP50",2.31001386190581,3.0312799870095,0.563
"4344",1,23,12,"SGP50",6.4249766044757,4.04495045355724,0.2245
"4345",1,23,13,"SGP50",2.67711306996945,3.24897086186746,0.424
"4346",1,23,14,"SGP50",2.59145143847552,3.30225753503777,0.403
"4347",1,23,15,"SGP50",3.38897545065485,3.50713543414255,0.3155
"4348",1,23,16,"SGP50",2.15515962233759,3.05847198907459,0.5395
"4349",1,23,17,"SGP50",3.16622101332613,3.46228720523198,0.29
"4350",1,23,18,"SGP50",2.26728972997502,3.14215790938513,0.3815
"4351",1,23,19,"SGP50",2.75330093323637,3.20235472036444,0.309
"4352",1,23,20,"SGP50",3.66616515867285,3.44990130079027,0.1995
"4353",1,23,21,"SGP50",1.75197333820964,2.90899640100928,0.4885
"4354",1,23,22,"SGP50",6.49656048687514,3.87779828961971,0.091
"4355",1,23,23,"SGP50",1.85863038368698,3.00872828679374,0.543
"4356",1,23,24,"SGP50",1.72375884229047,2.90860420311563,0.5325
"4357",1,23,25,"SGP50",2.3552697441413,3.12084113830977,0.6815
"4358",1,23,26,"SGP50",1.94255430621013,2.94788270344972,0.3315
"4359",1,23,27,"SGP50",2.00412022510746,2.86826375285363,0.6715
"4360",1,23,28,"SGP50",2.56877776642176,2.90478978096909,0.2665
"4361",1,23,29,"SGP50",1.36056994445087,2.67671233100219,0.438
"4362",1,23,30,"SGP50",4.03622176423594,3.40765364977639,0.119
"4363",1,23,31,"SGP50",1.63974229222653,2.98121972213979,0.4725
"4364",1,23,32,"SGP50",1.92363623009837,2.81163602851393,0.6675
"4365",1,23,33,"SGP50",2.67128784298614,3.04024881170809,0.8155
"4366",1,23,34,"SGP50",1.46347959097183,2.7481189403356,0.592
"4367",1,23,35,"SGP50",2.34525267071755,2.67568640030121,0.2245
"4368",1,23,36,"SGP50",1.17329714441693,2.44799116802388,0.396
"4369",1,23,37,"SGP50",1.53957208691771,2.6076548845084,0.2825
"4370",1,23,38,"SGP50",1.21517008236251,2.5237745135916,0.456
"4371",1,24,1,"BMA",4.07900425565757,3.65072628863001,0.6725
"4372",1,24,2,"BMA",4.8031605754848,3.80939127452417,0.8035
"4373",1,24,3,"BMA",6.54654230571675,3.98399410286579,0.818
"4374",1,24,4,"BMA",4.54061141647355,3.56758400286173,0.6605
"4375",1,24,5,"BMA",2.71480058220522,3.26104376630793,0.377
"4376",1,24,6,"BMA",1.86771330818993,2.85627380569107,0.4365
"4377",1,24,7,"BMA",12.3051651041255,6.03726248096818,0.974
"4378",1,24,8,"BMA",3.89231025798361,3.61422859089724,0.6565
"4379",1,24,9,"BMA",4.25153259304603,3.57765664113883,0.6795
"4380",1,24,10,"BMA",4.18461538329316,3.69683458245952,0.3625
"4381",1,24,11,"BMA",8.29972244308204,3.90440917258404,0.701
"4382",1,24,12,"BMA",9.44945212230371,3.88027623842316,0.8535
"4383",1,24,13,"BMA",4.02304994545333,3.50578367949333,0.2945
"4384",1,24,14,"BMA",4.39555630360385,3.76167893065058,0.325
"4385",1,24,15,"BMA",3.89933829241444,3.60838872165683,0.3335
"4386",1,24,16,"BMA",2.69079379686225,3.33960663025419,0.555
"4387",1,24,17,"BMA",4.62247775020456,3.47512625202946,0.216
"4388",1,24,18,"BMA",2.09749330517793,3.11023338756455,0.411
"4389",1,24,19,"BMA",4.00834159675231,3.49247360371953,0.8425
"4390",1,24,20,"BMA",1.54712817932971,2.76562005139654,0.415
"4391",1,24,21,"BMA",2.99165555141176,3.1010831234824,0.8135
"4392",1,24,22,"BMA",7.18674756139202,4.66895191364071,0.9665
"4393",1,24,23,"BMA",1.11344229402423,2.505895642322,0.5475
"4394",1,24,24,"BMA",1.17881008381922,2.34468923202318,0.3985
"4395",1,24,25,"BMA",1.07040035671533,2.40811928466104,0.64
"4396",1,24,26,"BMA",1.37656424525914,2.41244635489216,0.734
"4397",1,24,27,"BMA",1.95858004778831,2.47843409525943,0.1425
"4398",1,24,28,"BMA",1.76883052509879,2.42076260026326,0.1575
"4399",1,24,29,"BMA",0.620133474991767,1.89098404630063,0.455
"4400",1,24,30,"BMA",0.564616268748507,1.77709956601126,0.523
"4401",1,24,31,"BMA",0.713980602488088,1.81563461529066,0.303
"4402",1,24,32,"BMA",1.06181831797842,2.09505819066952,0.809
"4403",1,24,33,"BMA",1.00808712601326,2.0094690069752,0.8115
"4404",1,24,34,"BMA",0.795134458552988,1.86791086437336,0.7715
"4405",1,24,35,"BMA",0.648758929701838,1.80100430612406,0.7155
"4406",1,24,36,"BMA",0.442275263891863,1.54765644968631,0.6145
"4407",1,24,37,"BMA",1.34441153718514,2.18850623150449,0.0785
"4408",1,24,38,"BMA",2.51731382708647,4.18800074099199,0.0045
"4409",1,24,1,"AVS",4.07900425565757,3.65804981192082,0.67
"4410",1,24,2,"AVS",3.95486875226753,3.61923237677382,0.6995
"4411",1,24,3,"AVS",6.08466695677876,3.89572716085631,0.7785
"4412",1,24,4,"AVS",2.92399765671004,3.48812538051013,0.5455
"4413",1,24,5,"AVS",3.18500906081612,3.51121299738985,0.3965
"4414",1,24,6,"AVS",3.09684741713604,3.39741559603164,0.432
"4415",1,24,7,"AVS",11.4932323244141,4.78679738990645,0.922
"4416",1,24,8,"AVS",3.80292897200128,3.74976585984361,0.586
"4417",1,24,9,"AVS",4.2393656432065,3.56844106471416,0.6795
"4418",1,24,10,"AVS",4.18990861703355,3.71130846672038,0.354
"4419",1,24,11,"AVS",8.34827155349927,3.908743026473,0.679
"4420",1,24,12,"AVS",9.53341640692194,4.04688593598964,0.86
"4421",1,24,13,"AVS",3.97046971925171,3.56290547483174,0.296
"4422",1,24,14,"AVS",4.38454280000869,3.76806176088185,0.321
"4423",1,24,15,"AVS",3.876026,3.5484765871625,0.329
"4424",1,24,16,"AVS",2.68676599999999,3.33479620936887,0.554
"4425",1,24,17,"AVS",4.59459240000006,3.55294694206451,0.2
"4426",1,24,18,"AVS",2.09417039999999,3.05688942354699,0.4
"4427",1,24,19,"AVS",4.01100000000003,3.36530513876438,0.824
"4428",1,24,20,"AVS",1.54573036,2.78328240500968,0.413
"4429",1,24,21,"AVS",2.9922656,3.10625741578498,0.8235
"4430",1,24,22,"AVS",7.18849484,4.58504210972522,0.966
"4431",1,24,23,"AVS",1.11282012,2.49325312603576,0.542
"4432",1,24,24,"AVS",1.17799856,2.41954853445412,0.37
"4433",1,24,25,"AVS",1.07045388,2.40518812372129,0.6215
"4434",1,24,26,"AVS",1.37669852,2.38428390624549,0.746
"4435",1,24,27,"AVS",1.95838708,2.55591008013194,0.144
"4436",1,24,28,"AVS",1.76878064,2.50919240111294,0.157
"4437",1,24,29,"AVS",0.62012728,1.9090075480429,0.4595
"4438",1,24,30,"AVS",0.56461464,1.78566597483169,0.519
"4439",1,24,31,"AVS",0.713977964,1.76636244359355,0.337
"4440",1,24,32,"AVS",1.061819856,2.17724397704796,0.8075
"4441",1,24,33,"AVS",1.008088352,2.03304921056738,0.811
"4442",1,24,34,"AVS",0.795134668,1.79258595116521,0.742
"4443",1,24,35,"AVS",0.6487584,1.72285018775732,0.7175
"4444",1,24,36,"AVS",0.442274236,1.42471438550235,0.6125
"4445",1,24,37,"AVS",1.344414456,2.08914605317978,0.0835
"4446",1,24,38,"AVS",2.517324084,4.22796081235504,0.004
"4447",1,24,1,"EQW",4.07900425565757,3.70702700197819,0.6835
"4448",1,24,2,"EQW",4.71627737044977,3.82037254560111,0.8105
"4449",1,24,3,"EQW",6.57865411214793,3.94255335821039,0.8515
"4450",1,24,4,"EQW",5.16676467008615,3.47805624426072,0.7295
"4451",1,24,5,"EQW",4.21932340036845,3.59793236838806,0.5775
"4452",1,24,6,"EQW",4.10737265223587,3.4423312137729,0.6595
"4453",1,24,7,"EQW",16.60928809764,5.46472883423473,0.972
"4454",1,24,8,"EQW",6.2582353395506,4.3422239371825,0.5935
"4455",1,24,9,"EQW",5.62208547012405,3.74636171210135,0.692
"4456",1,24,10,"EQW",4.68506211648584,3.96463108928236,0.405
"4457",1,24,11,"EQW",4.58025685168658,3.77600477379146,0.5805
"4458",1,24,12,"EQW",5.26332396361169,3.85409328880806,0.6525
"4459",1,24,13,"EQW",6.6439440413529,4.04936038005224,0.288
"4460",1,24,14,"EQW",5.00167374184694,3.85621226261761,0.319
"4461",1,24,15,"EQW",3.16941491121102,3.4026046726367,0.3865
"4462",1,24,16,"EQW",2.62731951514228,3.28749656216633,0.4645
"4463",1,24,17,"EQW",6.99736796874511,3.78761919666998,0.124
"4464",1,24,18,"EQW",3.25687444369481,3.39186105999798,0.329
"4465",1,24,19,"EQW",2.91818895582516,3.38266850632753,0.619
"4466",1,24,20,"EQW",4.90258183058723,3.48124168156143,0.1905
"4467",1,24,21,"EQW",2.37237016207971,3.3194963619275,0.5835
"4468",1,24,22,"EQW",3.13116530007085,3.41818303175428,0.6765
"4469",1,24,23,"EQW",4.02482236303124,3.25988334844083,0.2125
"4470",1,24,24,"EQW",3.31304446801409,3.10188990601039,0.221
"4471",1,24,25,"EQW",1.75997490430107,2.92455696013873,0.407
"4472",1,24,26,"EQW",1.53564305150041,2.70525773076017,0.505
"4473",1,24,27,"EQW",4.06325492806739,3.24055657558861,0.117
"4474",1,24,28,"EQW",2.79891118528305,3.11775359669166,0.192
"4475",1,24,29,"EQW",1.49178194405369,2.64080640180828,0.377
"4476",1,24,30,"EQW",1.32970457794321,2.49060748342655,0.4195
"4477",1,24,31,"EQW",1.61135527534412,2.52514560565814,0.298
"4478",1,24,32,"EQW",1.15944514770552,2.434841761891,0.581
"4479",1,24,33,"EQW",1.1318671767683,2.42369271749669,0.5805
"4480",1,24,34,"EQW",1.05637044443825,2.33166309084982,0.5855
"4481",1,24,35,"EQW",1.03045082126182,2.30838030239076,0.595
"4482",1,24,36,"EQW",0.97485287785016,2.17763884761794,0.569
"4483",1,24,37,"EQW",1.2039293871348,2.27766109576306,0.3155
"4484",1,24,38,"EQW",1.44059565175481,2.7364209523156,0.273
"4485",1,24,1,"SGP",4.07900425565757,3.64560062231069,0.6755
"4486",1,24,2,"SGP",6.43612702193113,4.2106452317735,0.94
"4487",1,24,3,"SGP",5.76740319282991,4.55281146317887,0.969
"4488",1,24,4,"SGP",1.04123374026954,2.40278664614489,0.5065
"4489",1,24,5,"SGP",2.34128496129433,2.85750439327631,0.1815
"4490",1,24,6,"SGP",1.07558792091108,2.48766633148924,0.386
"4491",1,24,7,"SGP",12.9287287661787,9.47051149488307,0.998
"4492",1,24,8,"SGP",14.2016981767186,7.17654313053693,0.014
"4493",1,24,9,"SGP",2.33885197955466,2.86885967907457,0.267
"4494",1,24,10,"SGP",11.9079160923387,6.19401302689981,0.0105
"4495",1,24,11,"SGP",5.12943677874848,3.66896964626245,0.1115
"4496",1,24,12,"SGP",4.16321729270088,3.40229035042763,0.1675
"4497",1,24,13,"SGP",21.2559595695658,8.46068714423395,0.0035
"4498",1,24,14,"SGP",12.9768424668444,4.98926462415292,0.029
"4499",1,24,15,"SGP",1.97473368473813,2.95974283727753,0.4375
"4500",1,24,16,"SGP",1.81265635748046,3.00798004293868,0.5135
"4501",1,24,17,"SGP",6.57427585287578,3.80209127096961,0.0875
"4502",1,24,18,"SGP",2.31186495525119,3.0445826184726,0.6565
"4503",1,24,19,"SGP",6.8623045710919,4.07245759672721,0.9055
"4504",1,24,20,"SGP",5.06332887682262,3.51157458706463,0.154
"4505",1,24,21,"SGP",4.26751226813985,3.38615994442071,0.832
"4506",1,24,22,"SGP",4.7931391246824,3.51101274576484,0.8235
"4507",1,24,23,"SGP",6.53907004310174,3.83973981435671,0.093
"4508",1,24,24,"SGP",3.42732325130001,3.22067536761675,0.209
"4509",1,24,25,"SGP",1.53740706886059,2.83162264465901,0.509
"4510",1,24,26,"SGP",1.5790701118405,2.87915554250641,0.5975
"4511",1,24,27,"SGP",5.12493761172422,3.51407533987865,0.0915
"4512",1,24,28,"SGP",2.60860085263133,2.96633575022284,0.2525
"4513",1,24,29,"SGP",1.4339556655865,2.8086847575515,0.476
"4514",1,24,30,"SGP",1.58244574289581,2.80955157799781,0.566
"4515",1,24,31,"SGP",1.83415306370864,2.79943223412891,0.3425
"4516",1,24,32,"SGP",1.44675186459826,2.70773532085718,0.5235
"4517",1,24,33,"SGP",1.64371292497768,2.74643434370579,0.378
"4518",1,24,34,"SGP",1.38483805489798,2.64733234150302,0.489
"4519",1,24,35,"SGP",1.31097319797674,2.75352002343436,0.4905
"4520",1,24,36,"SGP",1.37851627577439,2.76090215529925,0.546
"4521",1,24,37,"SGP",1.52389811928973,2.69816083345884,0.4045
"4522",1,24,38,"SGP",1.15672424462245,2.56707302452392,0.467
"4523",1,24,1,"SGP50",4.07900425565757,3.59045355147872,0.691
"4524",1,24,2,"SGP50",4.77457659548657,3.91383739320542,0.807
"4525",1,24,3,"SGP50",6.63777670286104,4.01365779777716,0.864
"4526",1,24,4,"SGP50",4.84236703061437,3.41045634590854,0.7065
"4527",1,24,5,"SGP50",3.71713213579562,3.47148356104392,0.5355
"4528",1,24,6,"SGP50",3.3073649563716,3.22246334734526,0.612
"4529",1,24,7,"SGP50",15.2227051155476,5.52959731722674,0.9755
"4530",1,24,8,"SGP50",5.95109892401809,4.42021497602827,0.4505
"4531",1,24,9,"SGP50",3.641890288322,3.46368149529682,0.574
"4532",1,24,10,"SGP50",5.96802587433683,4.19616216999851,0.2695
"4533",1,24,11,"SGP50",3.69356071858085,3.64871359828511,0.42
"4534",1,24,12,"SGP50",3.4355235351127,3.5580866650618,0.463
"4535",1,24,13,"SGP50",11.9474865929078,4.52476097777104,0.1385
"4536",1,24,14,"SGP50",7.80137376838217,4.08322923363712,0.1995
"4537",1,24,15,"SGP50",2.89095492698798,3.27144473059588,0.3695
"4538",1,24,16,"SGP50",2.39381613965547,3.21034771915314,0.4565
"4539",1,24,17,"SGP50",7.16693603034195,3.8560112725796,0.0945
"4540",1,24,18,"SGP50",2.45431202289024,3.28050652063038,0.4785
"4541",1,24,19,"SGP50",4.22762589239308,3.65182061614165,0.758
"4542",1,24,20,"SGP50",4.93149329890916,3.46548550191261,0.1735
"4543",1,24,21,"SGP50",2.969709477305,3.36128768420583,0.687
"4544",1,24,22,"SGP50",3.88190315432122,3.47431483509887,0.765
"4545",1,24,23,"SGP50",4.84485707167262,3.42213015175422,0.1665
"4546",1,24,24,"SGP50",3.21385155713418,3.13324840872075,0.243
"4547",1,24,25,"SGP50",1.58185273349592,2.8547925069154,0.4645
"4548",1,24,26,"SGP50",1.48979526486472,2.71670993330899,0.557
"4549",1,24,27,"SGP50",4.2666881840544,3.29670300813545,0.1115
"4550",1,24,28,"SGP50",2.58059157704296,2.9778189886269,0.2295
"4551",1,24,29,"SGP50",1.35359395756904,2.59312273452153,0.408
"4552",1,24,30,"SGP50",1.27590724943459,2.47918634206589,0.481
"4553",1,24,31,"SGP50",1.53865163451814,2.56567493847683,0.3075
"4554",1,24,32,"SGP50",1.17867298113934,2.45964440052837,0.583
"4555",1,24,33,"SGP50",1.14023867292194,2.49273482157985,0.541
"4556",1,24,34,"SGP50",1.04742527318906,2.32898690121359,0.577
"4557",1,24,35,"SGP50",0.98074480218582,2.27195022512221,0.598
"4558",1,24,36,"SGP50",0.920210212309846,2.20581287694271,0.5725
"4559",1,24,37,"SGP50",1.19629164038886,2.29338054812509,0.314
"4560",1,24,38,"SGP50",1.41116107002803,2.62237744754426,0.258
"4561",1,25,1,"BMA",3.44346172083049,3.46703367505299,0.6585
"4562",1,25,2,"BMA",2.45774018454242,3.15594194541212,0.684
"4563",1,25,3,"BMA",16.973643323928,6.04960854642711,0.9825
"4564",1,25,4,"BMA",8.14455583357224,4.02639788058095,0.7755
"4565",1,25,5,"BMA",4.51639426152676,3.83334620573842,0.3625
"4566",1,25,6,"BMA",5.78936944829452,3.87280860336074,0.2905
"4567",1,25,7,"BMA",4.62803776536206,3.69171083000123,0.6505
"4568",1,25,8,"BMA",13.7299773772348,4.41863202051177,0.91
"4569",1,25,9,"BMA",7.27664937839763,3.91357795180929,0.7915
"4570",1,25,10,"BMA",9.55579670482448,4.19147418859659,0.8355
"4571",1,25,11,"BMA",9.69297047086963,4.16827212906125,0.865
"4572",1,25,12,"BMA",4.63895436856355,3.68986127776306,0.466
"4573",1,25,13,"BMA",8.53652465645168,4.01526630289361,0.6035
"4574",1,25,14,"BMA",4.40408003695818,3.7682754463919,0.525
"4575",1,25,15,"BMA",4.18630279230275,3.86553404554911,0.389
"4576",1,25,16,"BMA",5.35814864359804,3.80735599422259,0.6525
"4577",1,25,17,"BMA",4.08307121727909,3.72101944185282,0.6605
"4578",1,25,18,"BMA",3.81738180681419,3.59943485638993,0.65
"4579",1,25,19,"BMA",2.56856845243203,3.39784888856711,0.594
"4580",1,25,20,"BMA",3.36850508582411,3.3500842882395,0.2955
"4581",1,25,21,"BMA",5.23757517688373,3.58475054392015,0.1775
"4582",1,25,22,"BMA",1.79758554868747,2.96888489116386,0.493
"4583",1,25,23,"BMA",1.7246512803213,2.97162660407558,0.576
"4584",1,25,24,"BMA",3.78170130614754,3.30736107011878,0.8135
"4585",1,25,25,"BMA",1.71173766111959,2.80241464215857,0.6025
"4586",1,25,26,"BMA",3.49862084596957,3.27681403828035,0.8275
"4587",1,25,27,"BMA",3.32566941602083,3.21849690705584,0.8415
"4588",1,25,28,"BMA",1.79059862121062,2.76020463327902,0.6835
"4589",1,25,29,"BMA",1.1410686156105,2.53473526647924,0.498
"4590",1,25,30,"BMA",1.03442812085718,2.44109333371371,0.485
"4591",1,25,31,"BMA",0.953100942234385,2.28783525076637,0.524
"4592",1,25,32,"BMA",0.880462107441721,2.20325921700358,0.48
"4593",1,25,33,"BMA",0.819514323660043,2.17024289136112,0.478
"4594",1,25,34,"BMA",1.8642741229276,2.67569546966695,0.8205
"4595",1,25,35,"BMA",0.767566750049902,2.13747818334903,0.5735
"4596",1,25,36,"BMA",3.33154444126517,3.23985964859168,0.941
"4597",1,25,37,"BMA",4.65728941585957,4.23258055830125,0.979
"4598",1,25,38,"BMA",3.55812406660622,3.32273247472926,0.9485
"4599",1,25,1,"AVS",3.44346172083049,3.49371219816863,0.682
"4600",1,25,2,"AVS",2.3460580179486,3.14407016246407,0.61
"4601",1,25,3,"AVS",17.3143913616354,6.05760298985725,0.987
"4602",1,25,4,"AVS",4.33218309957155,3.63183171069598,0.675
"4603",1,25,5,"AVS",5.03771625590979,3.69922633026274,0.2825
"4604",1,25,6,"AVS",6.40030337723673,3.90659445033176,0.257
"4605",1,25,7,"AVS",3.89537983603601,3.64852902381299,0.662
"4606",1,25,8,"AVS",11.5094277570218,4.52624471622737,0.9365
"4607",1,25,9,"AVS",8.12600841084405,4.26995241155671,0.084
"4608",1,25,10,"AVS",3.4241067319624,3.34879469604699,0.698
"4609",1,25,11,"AVS",2.66548985111342,3.17188719924655,0.284
"4610",1,25,12,"AVS",15.846224134966,6.95342908426918,5e-04
"4611",1,25,13,"AVS",9.96030530041009,4.56275825507393,0.054
"4612",1,25,14,"AVS",7.11653785420244,4.06754572984075,0.1415
"4613",1,25,15,"AVS",3.94774182326863,3.63877369817885,0.373
"4614",1,25,16,"AVS",4.67783138686101,3.61176793027799,0.6955
"4615",1,25,17,"AVS",2.87609014923852,3.38927564137129,0.3865
"4616",1,25,18,"AVS",2.16526902284406,3.21713666028033,0.5185
"4617",1,25,19,"AVS",2.72223430263227,3.18407677625177,0.286
"4618",1,25,20,"AVS",3.75079323314716,3.34252800305144,0.23
"4619",1,25,21,"AVS",1.97912350261473,3.09891795587398,0.451
"4620",1,25,22,"AVS",7.27575575531402,3.88455348589898,0.9225
"4621",1,25,23,"AVS",1.89782908645297,3.06194824933548,0.444
"4622",1,25,24,"AVS",3.04955843110831,3.17728018963116,0.7345
"4623",1,25,25,"AVS",3.12485062016561,3.18224231707661,0.2845
"4624",1,25,26,"AVS",3.55830214327492,3.19315643240778,0.8165
"4625",1,25,27,"AVS",2.82613757364251,3.10897536197095,0.786
"4626",1,25,28,"AVS",1.61862762722086,2.91798296913465,0.5315
"4627",1,25,29,"AVS",1.37013496552857,2.74656221415288,0.475
"4628",1,25,30,"AVS",1.21937535282402,2.61909356101265,0.537
"4629",1,25,31,"AVS",1.04198007027797,2.3797571544485,0.521
"4630",1,25,32,"AVS",0.909513525586364,2.28240404903815,0.4815
"4631",1,25,33,"AVS",0.836080266209124,2.25837438750734,0.4735
"4632",1,25,34,"AVS",1.87772579546017,2.66809280369477,0.8225
"4633",1,25,35,"AVS",0.77248445733609,2.14832421535199,0.5835
"4634",1,25,36,"AVS",3.33932484739026,3.30798603162583,0.9415
"4635",1,25,37,"AVS",4.64478898644678,4.19223472296843,0.9795
"4636",1,25,38,"AVS",3.31410830427335,3.16103343456754,0.9215
"4637",1,25,1,"EQW",3.44346172083049,3.46733521687223,0.672
"4638",1,25,2,"EQW",2.45443313828933,3.03635616907406,0.6575
"4639",1,25,3,"EQW",16.1888333036546,5.41520045551436,0.9665
"4640",1,25,4,"EQW",8.75830005430305,4.10928327602391,0.8755
"4641",1,25,5,"EQW",4.33140620147948,3.85485276730866,0.5345
"4642",1,25,6,"EQW",3.81943321999051,3.65670399301737,0.585
"4643",1,25,7,"EQW",7.08282853280247,3.86655435123616,0.8165
"4644",1,25,8,"EQW",15.47369851389,4.90300410449425,0.961
"4645",1,25,9,"EQW",7.0081083929957,4.17797200428339,0.645
"4646",1,25,10,"EQW",9.36840107459521,3.99416438720635,0.8265
"4647",1,25,11,"EQW",7.45114288477241,3.97899241772973,0.74
"4648",1,25,12,"EQW",5.23675282450537,4.06689542167243,0.4095
"4649",1,25,13,"EQW",4.48933963592399,3.86612404221121,0.4515
"4650",1,25,14,"EQW",4.18679763284192,3.75577128719276,0.383
"4651",1,25,15,"EQW",3.57171785752118,3.46983528027396,0.3555
"4652",1,25,16,"EQW",3.99570835873014,3.65053867529371,0.6885
"4653",1,25,17,"EQW",3.31843961459298,3.60113451482642,0.51
"4654",1,25,18,"EQW",3.40858437210407,3.61442552620222,0.6095
"4655",1,25,19,"EQW",3.08125771089046,3.54174781939623,0.499
"4656",1,25,20,"EQW",3.79578372640415,3.53064098448076,0.3175
"4657",1,25,21,"EQW",4.10281362065238,3.37506345465791,0.27
"4658",1,25,22,"EQW",2.65396939018654,3.28798836143004,0.579
"4659",1,25,23,"EQW",2.23148865443659,3.13227935215329,0.4445
"4660",1,25,24,"EQW",2.61235239160229,3.28859885340651,0.6515
"4661",1,25,25,"EQW",2.63139187165365,3.15800735681179,0.364
"4662",1,25,26,"EQW",2.60552198919436,3.27600707106301,0.681
"4663",1,25,27,"EQW",2.07873023545418,3.1108605533412,0.592
"4664",1,25,28,"EQW",1.82807684936811,2.87981976800866,0.478
"4665",1,25,29,"EQW",1.88429756084401,2.85648602784881,0.368
"4666",1,25,30,"EQW",1.60023219561766,2.74997258661579,0.4205
"4667",1,25,31,"EQW",1.54840109962345,2.71281653958345,0.4225
"4668",1,25,32,"EQW",1.62199006869056,2.75752299392931,0.383
"4669",1,25,33,"EQW",1.44263048749333,2.68879046244182,0.394
"4670",1,25,34,"EQW",1.71136391556798,2.70149913372762,0.6665
"4671",1,25,35,"EQW",1.40252675659409,2.4868349785227,0.4005
"4672",1,25,36,"EQW",2.72409288357235,3.23991197453959,0.8165
"4673",1,25,37,"EQW",2.71552304760162,3.39584919495035,0.749
"4674",1,25,38,"EQW",2.28877318426835,3.31800934527366,0.672
"4675",1,25,1,"SGP",3.44346172083049,3.50842792589335,0.6855
"4676",1,25,2,"SGP",2.78803353069068,3.00738231111907,0.788
"4677",1,25,3,"SGP",17.8588113440801,7.12208883455067,0.9965
"4678",1,25,4,"SGP",5.78997086435123,3.51097844609604,0.8445
"4679",1,25,5,"SGP",4.4971559231726,3.52235583449504,0.202
"4680",1,25,6,"SGP",1.83524205957596,2.96612163187565,0.45
"4681",1,25,7,"SGP",3.70282956212298,3.27241445917466,0.8125
"4682",1,25,8,"SGP",9.65880866522961,4.49148203436197,0.969
"4683",1,25,9,"SGP",8.44223616587772,4.16662448340956,0.0785
"4684",1,25,10,"SGP",2.89419557911464,3.17555487443708,0.6605
"4685",1,25,11,"SGP",2.64042818145938,3.19649742948854,0.2965
"4686",1,25,12,"SGP",15.6305497997024,6.51504051300915,0.0085
"4687",1,25,13,"SGP",10.2771000942872,4.49673011243191,0.053
"4688",1,25,14,"SGP",8.37410416911713,4.09163759438005,0.0715
"4689",1,25,15,"SGP",3.07190305881145,3.17391322788272,0.274
"4690",1,25,16,"SGP",3.9888765478469,3.35868622653891,0.7735
"4691",1,25,17,"SGP",3.30895944377986,3.28496257658203,0.255
"4692",1,25,18,"SGP",2.00776044363678,3.16159066650074,0.497
"4693",1,25,19,"SGP",2.7570739758742,3.1845984579546,0.297
"4694",1,25,20,"SGP",3.76860310846372,3.31796626858769,0.2195
"4695",1,25,21,"SGP",1.91417335775447,3.08384558897553,0.4345
"4696",1,25,22,"SGP",7.22279417711608,3.83651157260003,0.9215
"4697",1,25,23,"SGP",2.2583075608738,3.04767786441782,0.37
"4698",1,25,24,"SGP",2.47768311337252,3.04779432548267,0.686
"4699",1,25,25,"SGP",4.12466515095341,3.4603719773565,0.177
"4700",1,25,26,"SGP",3.69033538595301,3.25495181439682,0.813
"4701",1,25,27,"SGP",1.74292283552438,3.01012219037476,0.4985
"4702",1,25,28,"SGP",1.94907131924435,3.01206838231937,0.3875
"4703",1,25,29,"SGP",1.735068113041,2.96752418161699,0.4395
"4704",1,25,30,"SGP",2.00276489065355,2.996860271171,0.635
"4705",1,25,31,"SGP",1.8970358971782,2.87024285195415,0.6205
"4706",1,25,32,"SGP",1.77720274443276,2.91009685238165,0.5465
"4707",1,25,33,"SGP",1.68363558348482,2.96957272595451,0.5605
"4708",1,25,34,"SGP",2.69512143648111,3.09369612383551,0.726
"4709",1,25,35,"SGP",2.2247078024561,3.00428797653555,0.287
"4710",1,25,36,"SGP",3.32125003203045,3.25201935705609,0.806
"4711",1,25,37,"SGP",1.52117950556051,2.79276780565291,0.518
"4712",1,25,38,"SGP",1.76004471933209,2.82366368183046,0.3955
"4713",1,25,1,"SGP50",3.44346172083049,3.49578488071104,0.677
"4714",1,25,2,"SGP50",2.45545230330821,3.08474655705869,0.6725
"4715",1,25,3,"SGP50",16.4335704682188,5.58414048732187,0.9695
"4716",1,25,4,"SGP50",8.69487662408126,4.06170468529315,0.856
"4717",1,25,5,"SGP50",4.18459541906711,3.80364590989779,0.503
"4718",1,25,6,"SGP50",3.51989529196252,3.52516529759209,0.5735
"4719",1,25,7,"SGP50",6.51346023627259,3.73674940964097,0.82
"4720",1,25,8,"SGP50",14.0862411754528,4.64113523206098,0.9615
"4721",1,25,9,"SGP50",5.59936191239065,4.11585383821521,0.531
"4722",1,25,10,"SGP50",7.00982996414829,3.81142894667637,0.7985
"4723",1,25,11,"SGP50",4.57579121322784,3.61401510384505,0.6
"4724",1,25,12,"SGP50",7.66565427147828,4.35449758014638,0.2425
"4725",1,25,13,"SGP50",5.55713583003216,4.01105487595134,0.3015
"4726",1,25,14,"SGP50",5.52018636255956,3.93880055881543,0.2265
"4727",1,25,15,"SGP50",3.46474767817691,3.41829294808311,0.3185
"4728",1,25,16,"SGP50",3.71005883964548,3.46878786699648,0.6975
"4729",1,25,17,"SGP50",3.06168488771446,3.40033366827844,0.3875
"4730",1,25,18,"SGP50",2.57097845031247,3.33355403199657,0.516
"4731",1,25,19,"SGP50",2.89507410761791,3.38772166148925,0.383
"4732",1,25,20,"SGP50",4.05551814605531,3.49975754687302,0.2535
"4733",1,25,21,"SGP50",2.96620941808428,3.22423201993279,0.3485
"4734",1,25,22,"SGP50",4.2473966967477,3.54787561392338,0.7295
"4735",1,25,23,"SGP50",2.30730995939308,3.05173923583428,0.4165
"4736",1,25,24,"SGP50",2.50219831183085,3.21777601465758,0.6395
"4737",1,25,25,"SGP50",3.34853893976077,3.24125681623803,0.274
"4738",1,25,26,"SGP50",3.03466933387565,3.2645641943301,0.7425
"4739",1,25,27,"SGP50",1.89983650731303,3.02603803801721,0.5495
"4740",1,25,28,"SGP50",1.86667461225512,2.92222204699614,0.4285
"4741",1,25,29,"SGP50",1.77373405034292,2.8602960088002,0.424
"4742",1,25,30,"SGP50",1.63055071289005,2.90846670779605,0.52
"4743",1,25,31,"SGP50",1.58416988095083,2.77576906531819,0.5135
"4744",1,25,32,"SGP50",1.58733790878569,2.73333380761022,0.455
"4745",1,25,33,"SGP50",1.44549992907251,2.72316254033036,0.474
"4746",1,25,34,"SGP50",2.03405355116624,2.78979783469345,0.688
"4747",1,25,35,"SGP50",1.61254907304675,2.69180021956938,0.364
"4748",1,25,36,"SGP50",2.93101581603037,3.23738049963463,0.8225
"4749",1,25,37,"SGP50",2.23982040827949,3.20972953634901,0.693
"4750",1,25,38,"SGP50",1.93089080355943,3.13373129116521,0.607
"4751",1,26,1,"BMA",2.99290983546858,3.54754011019483,0.042
"4752",1,26,2,"BMA",5.47545494253258,4.64837477979912,0.005
"4753",1,26,3,"BMA",4.05796206035919,3.04480991732652,0.0715
"4754",1,26,4,"BMA",0.927745397889062,1.95566104444161,0.348
"4755",1,26,5,"BMA",0.958645200553974,2.0854253283561,0.7795
"4756",1,26,6,"BMA",1.36424038175535,2.19986238777919,0.8485
"4757",1,26,7,"BMA",0.46736353190421,1.60791253951937,0.495
"4758",1,26,8,"BMA",2.96617314941556,3.573388811494,0.974
"4759",1,26,9,"BMA",1.24627318359573,2.1841806823694,0.162
"4760",1,26,10,"BMA",1.21296657208245,2.17080019243291,0.819
"4761",1,26,11,"BMA",1.21726471285171,2.10096400192522,0.1675
"4762",1,26,12,"BMA",1.98658503508401,2.59983509603279,0.9175
"4763",1,26,13,"BMA",0.749914655219308,1.96743399727073,0.6965
"4764",1,26,14,"BMA",3.8391701775027,4.28348003975533,0.0115
"4765",1,26,15,"BMA",0.737379872585338,1.93438803724451,0.3645
"4766",1,26,16,"BMA",1.18799907556461,2.17478983137739,0.7965
"4767",1,26,17,"BMA",0.716339329093248,1.82402377646289,0.6615
"4768",1,26,18,"BMA",0.57874460796565,1.82235903823094,0.529
"4769",1,26,19,"BMA",2.77687109273342,3.36370413247906,0.037
"4770",1,26,20,"BMA",1.26538259754315,2.14645965796812,0.185
"4771",1,26,21,"BMA",0.715486071844977,1.83567246036057,0.3455
"4772",1,26,22,"BMA",0.465848304107554,1.76275412570235,0.5025
"4773",1,26,23,"BMA",0.453660302940503,1.66555260704567,0.4605
"4774",1,26,24,"BMA",0.402284464568774,1.6089325366542,0.494
"4775",1,26,25,"BMA",0.428225748504666,1.63881168980164,0.4935
"4776",1,26,26,"BMA",0.424206811124863,1.55670683624032,0.517
"4777",1,26,27,"BMA",0.379022445914491,1.55389889045815,0.5015
"4778",1,26,28,"BMA",0.6004762486029,1.76316286121912,0.7025
"4779",1,26,29,"BMA",1.19991501692435,2.15784073909919,0.8375
"4780",1,26,30,"BMA",0.622625463880305,1.80543771703846,0.6725
"4781",1,26,31,"BMA",0.674778260838693,1.66423088085871,0.6915
"4782",1,26,32,"BMA",0.64517715808967,1.77289106010108,0.3
"4783",1,26,33,"BMA",1.15018389477328,1.98272158195426,0.175
"4784",1,26,34,"BMA",0.647269668117596,1.78685176051715,0.7025
"4785",1,26,35,"BMA",0.642860345356275,1.77138023205627,0.6965
"4786",1,26,36,"BMA",0.420028748955931,1.58178210401086,0.504
"4787",1,26,37,"BMA",0.647911761686546,1.69511783503155,0.7055
"4788",1,26,38,"BMA",2.01676566739642,2.96030067516945,0.957
"4789",1,26,1,"AVS",2.99290983546858,3.41563788782421,0.043
"4790",1,26,2,"AVS",3.68901890273546,4.32446369529675,0.0065
"4791",1,26,3,"AVS",1.26066724060429,2.2004318303246,0.179
"4792",1,26,4,"AVS",0.514780237170495,1.69865228702649,0.4115
"4793",1,26,5,"AVS",0.977691641287854,2.06134604442112,0.7875
"4794",1,26,6,"AVS",1.3489632906859,2.1000188628195,0.86
"4795",1,26,7,"AVS",0.462703859736519,1.6381629314751,0.508
"4796",1,26,8,"AVS",2.98243696896463,3.59190263092406,0.976
"4797",1,26,9,"AVS",1.26926316548773,2.21351261538563,0.1725
"4798",1,26,10,"AVS",1.21420099738485,2.13141908274695,0.8285
"4799",1,26,11,"AVS",1.22149858208318,2.01730269788256,0.185
"4800",1,26,12,"AVS",1.99094459907399,2.71298954269282,0.923
"4801",1,26,13,"AVS",0.746101776337601,1.91050243822449,0.6935
"4802",1,26,14,"AVS",3.84799991061818,4.1933286478449,0.007
"4803",1,26,15,"AVS",0.72655797930403,1.82483155929996,0.3385
"4804",1,26,16,"AVS",1.20012107038,2.14681926780087,0.7955
"4805",1,26,17,"AVS",0.71538786000082,1.84084279879646,0.6705
"4806",1,26,18,"AVS",0.576658346137069,1.85915293735684,0.507
"4807",1,26,19,"AVS",2.78145300149094,3.19910004470992,0.036
"4808",1,26,20,"AVS",1.25044774550782,2.18646384130897,0.188
"4809",1,26,21,"AVS",0.709332382047567,1.87679973351003,0.3525
"4810",1,26,22,"AVS",0.464982207811741,1.73892073851467,0.504
"4811",1,26,23,"AVS",0.453282121582011,1.65517156548834,0.475
"4812",1,26,24,"AVS",0.402006952961171,1.59376234640667,0.49
"4813",1,26,25,"AVS",0.428112980308437,1.71051510118366,0.481
"4814",1,26,26,"AVS",0.424201314054175,1.69436704092548,0.513
"4815",1,26,27,"AVS",0.379051380562454,1.57534381456315,0.505
"4816",1,26,28,"AVS",0.600800903350367,1.84586897659249,0.676
"4817",1,26,29,"AVS",1.19728910481414,2.19889596005974,0.8375
"4818",1,26,30,"AVS",0.619927027515758,1.73335456069679,0.68
"4819",1,26,31,"AVS",0.674108456849873,1.70343503536911,0.7145
"4820",1,26,32,"AVS",0.645279919187272,1.78782993123033,0.2845
"4821",1,26,33,"AVS",1.1502558124405,2.10750266772791,0.1585
"4822",1,26,34,"AVS",0.647285026418028,1.79456963591307,0.7055
"4823",1,26,35,"AVS",0.642848781054221,1.75968495912587,0.695
"4824",1,26,36,"AVS",0.420103718814665,1.54548016565901,0.4865
"4825",1,26,37,"AVS",0.647799468069642,1.69853908028963,0.687
"4826",1,26,38,"AVS",2.01692596581624,2.81458368671866,0.9495
"4827",1,26,1,"EQW",2.99290983546858,3.57468919568053,0.0485
"4828",1,26,2,"EQW",4.29153204442809,4.30465486008528,0.0085
"4829",1,26,3,"EQW",2.96442814766026,2.72002822594187,0.0995
"4830",1,26,4,"EQW",1.90520636404982,2.32614825019243,0.2635
"4831",1,26,5,"EQW",1.18586654230131,2.34217724169327,0.4655
"4832",1,26,6,"EQW",1.1336848088612,2.55072632404243,0.6115
"4833",1,26,7,"EQW",0.727254879815133,1.9857698249486,0.467
"4834",1,26,8,"EQW",2.19242319342083,3.21897191424833,0.8335
"4835",1,26,9,"EQW",1.63044540212098,2.63857202044793,0.289
"4836",1,26,10,"EQW",1.23208117487053,2.34090644896231,0.732
"4837",1,26,11,"EQW",1.0921615376229,2.28794972391837,0.3105
"4838",1,26,12,"EQW",1.735445368363,2.7935424198196,0.802
"4839",1,26,13,"EQW",1.16789707690383,2.28776817033535,0.692
"4840",1,26,14,"EQW",2.93356173177432,3.13251379412011,0.1485
"4841",1,26,15,"EQW",1.203731470727,2.17256479942956,0.2695
"4842",1,26,16,"EQW",0.863131642568822,2.26045416733314,0.6085
"4843",1,26,17,"EQW",0.788445382140016,2.11468316687675,0.617
"4844",1,26,18,"EQW",0.73286095913606,2.08315475217104,0.5275
"4845",1,26,19,"EQW",2.44182792028924,2.78076501167813,0.1035
"4846",1,26,20,"EQW",2.18905039041947,2.58169568259799,0.095
"4847",1,26,21,"EQW",1.59494918673894,2.15459628247186,0.1945
"4848",1,26,22,"EQW",1.07336091709439,1.86095153808629,0.2965
"4849",1,26,23,"EQW",0.841640334322556,1.73182654456513,0.297
"4850",1,26,24,"EQW",0.667754744935655,1.56857425577627,0.3415
"4851",1,26,25,"EQW",0.577418422845055,1.58236477671362,0.362
"4852",1,26,26,"EQW",0.471775472640491,1.45158626859564,0.4325
"4853",1,26,27,"EQW",0.431889974589534,1.4583700151165,0.436
"4854",1,26,28,"EQW",0.528385387590396,1.78061412718207,0.674
"4855",1,26,29,"EQW",1.3821880009732,2.47323852965671,0.8415
"4856",1,26,30,"EQW",1.28824572891865,2.21608175117632,0.808
"4857",1,26,31,"EQW",1.50997445441974,2.34273423013395,0.8235
"4858",1,26,32,"EQW",0.865221942600469,2.18472435713546,0.5755
"4859",1,26,33,"EQW",0.717911655527151,2.08376276469036,0.4085
"4860",1,26,34,"EQW",0.89121883345651,2.08108934708851,0.751
"4861",1,26,35,"EQW",1.10392401203115,2.13722638748192,0.7735
"4862",1,26,36,"EQW",0.837131058990495,2.04263683056773,0.657
"4863",1,26,37,"EQW",1.28447195781839,2.19671370411714,0.807
"4864",1,26,38,"EQW",3.00957966896063,3.18538840901327,0.9515
"4865",1,26,1,"SGP",2.99290983546858,3.62778206662507,0.0485
"4866",1,26,2,"SGP",3.48627744074789,4.38215637056396,0.0085
"4867",1,26,3,"SGP",1.440655808077,2.26554799469079,0.1555
"4868",1,26,4,"SGP",0.549558339655284,1.71267223708282,0.4085
"4869",1,26,5,"SGP",1.05385301827944,2.11965411576781,0.8025
"4870",1,26,6,"SGP",1.72474639736388,2.57877942983376,0.911
"4871",1,26,7,"SGP",0.472009589427903,1.69058365110521,0.4985
"4872",1,26,8,"SGP",2.96177311302433,3.69574050887993,0.9775
"4873",1,26,9,"SGP",2.4492242365833,2.85506570454203,0.09
"4874",1,26,10,"SGP",1.20967754482761,2.02377353458963,0.8195
"4875",1,26,11,"SGP",1.21620070969628,2.1076581213014,0.176
"4876",1,26,12,"SGP",1.97360429063308,2.66209834449127,0.9145
"4877",1,26,13,"SGP",0.739786076720534,1.89016756565054,0.6705
"4878",1,26,14,"SGP",4.1032499700008,4.28542013677582,0.0075
"4879",1,26,15,"SGP",0.756807280631693,1.93130304345652,0.332
"4880",1,26,16,"SGP",1.15246491086166,2.14052997956171,0.792
"4881",1,26,17,"SGP",0.709153751958489,1.8505445080394,0.636
"4882",1,26,18,"SGP",0.578136594489245,1.80537697147185,0.502
"4883",1,26,19,"SGP",2.77515112748524,3.12902165124387,0.0455
"4884",1,26,20,"SGP",1.31616952596536,2.24605253742081,0.1755
"4885",1,26,21,"SGP",0.716897471710192,1.81554455806409,0.3485
"4886",1,26,22,"SGP",0.475410957530539,1.70072566006372,0.494
"4887",1,26,23,"SGP",0.456388050582403,1.59021249103018,0.466
"4888",1,26,24,"SGP",0.411571808526394,1.57306240903032,0.4995
"4889",1,26,25,"SGP",0.430944376594507,1.56371841110181,0.514
"4890",1,26,26,"SGP",0.418785345554848,1.65688303752488,0.5015
"4891",1,26,27,"SGP",0.384799910175154,1.51889858225427,0.5115
"4892",1,26,28,"SGP",0.596102848210433,1.84538559774245,0.6805
"4893",1,26,29,"SGP",1.20485220698742,2.1591288134157,0.8405
"4894",1,26,30,"SGP",0.641048695181772,1.74959957534458,0.674
"4895",1,26,31,"SGP",0.686466619857219,1.77318832697871,0.719
"4896",1,26,32,"SGP",0.646763784584764,1.73116012103976,0.326
"4897",1,26,33,"SGP",1.13718980974749,2.06350199356147,0.164
"4898",1,26,34,"SGP",0.655557134240672,1.83585650927733,0.6925
"4899",1,26,35,"SGP",0.653442236279599,1.71957060877214,0.674
"4900",1,26,36,"SGP",0.43360879408629,1.64910034039683,0.4755
"4901",1,26,37,"SGP",0.651231742985414,1.69460848567077,0.6915
"4902",1,26,38,"SGP",2.04801998400904,2.80932491326828,0.9535
"4903",1,26,1,"SGP50",2.99290983546858,3.68510772261366,0.044
"4904",1,26,2,"SGP50",4.25050392259359,4.2091383374135,0.0095
"4905",1,26,3,"SGP50",2.84759289989966,2.65233043368833,0.1105
"4906",1,26,4,"SGP50",1.72474905913368,2.18692860044552,0.2745
"4907",1,26,5,"SGP50",1.08866041370731,2.33532663180955,0.5295
"4908",1,26,6,"SGP50",1.15162462968046,2.47030472839494,0.65
"4909",1,26,7,"SGP50",0.6696218399735,1.88760196977868,0.4595
"4910",1,26,8,"SGP50",2.30167905845527,3.39822574348451,0.8695
"4911",1,26,9,"SGP50",1.74194767813962,2.64841244189108,0.2625
"4912",1,26,10,"SGP50",1.21412544301516,2.28779951543393,0.754
"4913",1,26,11,"SGP50",1.10179207278492,2.30011970117093,0.273
"4914",1,26,12,"SGP50",1.76584068706221,2.60293655502501,0.8275
"4915",1,26,13,"SGP50",1.04566282334584,2.20592469473785,0.6935
"4916",1,26,14,"SGP50",3.26880069212263,3.34362934213051,0.1065
"4917",1,26,15,"SGP50",1.10535813396605,2.0538389852025,0.273
"4918",1,26,16,"SGP50",0.878626126960914,2.22445792366456,0.648
"4919",1,26,17,"SGP50",0.753351268029575,2.04607273518669,0.602
"4920",1,26,18,"SGP50",0.684305526751791,1.98207883401957,0.535
"4921",1,26,19,"SGP50",2.51748925356618,2.91644489592463,0.0805
"4922",1,26,20,"SGP50",1.9859006075478,2.62493798468185,0.099
"4923",1,26,21,"SGP50",1.31523439212458,2.03136174224081,0.219
"4924",1,26,22,"SGP50",0.860521801826825,1.75558192734722,0.356
"4925",1,26,23,"SGP50",0.703049906023735,1.64635025117267,0.3355
"4926",1,26,24,"SGP50",0.580650453687803,1.59014622032868,0.391
"4927",1,26,25,"SGP50",0.523844821377366,1.50901819253686,0.408
"4928",1,26,26,"SGP50",0.44996299320254,1.48836808590698,0.444
"4929",1,26,27,"SGP50",0.417432543398656,1.43417590542804,0.4675
"4930",1,26,28,"SGP50",0.542681686355481,1.76182648980348,0.651
"4931",1,26,29,"SGP50",1.33019672848008,2.35826110905137,0.8495
"4932",1,26,30,"SGP50",1.08449648908187,1.9916626294759,0.7495
"4933",1,26,31,"SGP50",1.22895459475971,2.08744280234433,0.793
"4934",1,26,32,"SGP50",0.725238304082747,2.01277880318275,0.5195
"4935",1,26,33,"SGP50",0.792810323635837,2.07475452662274,0.3625
"4936",1,26,34,"SGP50",0.818321584649965,1.96230742392203,0.7205
"4937",1,26,35,"SGP50",0.963006243964873,2.00305037625132,0.7655
"4938",1,26,36,"SGP50",0.693042199149317,1.92288724713055,0.63
"4939",1,26,37,"SGP50",1.07348246642058,1.98903161459869,0.756
"4940",1,26,38,"SGP50",2.69725947817499,3.01476120478868,0.9505
"4941",1,27,1,"BMA",1.25636630744497,2.4628607553398,0.465
"4942",1,27,2,"BMA",6.07698696845867,4.48359396607365,0.9425
"4943",1,27,3,"BMA",2.66472405053948,3.07965722207732,0.7485
"4944",1,27,4,"BMA",1.70518413865895,2.90842793160712,0.573
"4945",1,27,5,"BMA",1.70859014918526,2.791262052844,0.6315
"4946",1,27,6,"BMA",3.97811374116232,3.42782448719094,0.8635
"4947",1,27,7,"BMA",1.66092286586931,2.83431199587042,0.5045
"4948",1,27,8,"BMA",2.62433698517959,2.89170335864685,0.7825
"4949",1,27,9,"BMA",1.7012089075007,2.86403103421223,0.2795
"4950",1,27,10,"BMA",3.90686702420366,3.35201898129505,0.921
"4951",1,27,11,"BMA",1.05792336547142,2.36768987658109,0.4945
"4952",1,27,12,"BMA",3.95818294304293,3.677379475386,0.966
"4953",1,27,13,"BMA",2.60460977796658,2.92024430787119,0.8885
"4954",1,27,14,"BMA",0.923443773688963,2.18640671957288,0.3785
"4955",1,27,15,"BMA",7.29830603758617,6.03103311693515,0.0045
"4956",1,27,16,"BMA",16.3379813007138,9.43380256313622,0.0015
"4957",1,27,17,"BMA",12.5544800944619,4.48035231283863,0.96
"4958",1,27,18,"BMA",2.36586648214318,3.13457814632968,0.6265
"4959",1,27,19,"BMA",2.34053779268957,3.14970592078345,0.3685
"4960",1,27,20,"BMA",2.62509622211671,3.28847853789049,0.692
"4961",1,27,21,"BMA",3.47546710003628,3.25180545133225,0.7525
"4962",1,27,22,"BMA",3.35043620156265,3.29631778399953,0.748
"4963",1,27,23,"BMA",2.09194507011261,2.98266436414066,0.371
"4964",1,27,24,"BMA",3.27624041881611,3.15389081788804,0.2335
"4965",1,27,25,"BMA",1.7336856031347,2.94717022467053,0.5625
"4966",1,27,26,"BMA",3.70305410577453,3.20038397910819,0.178
"4967",1,27,27,"BMA",3.34364913459542,3.12903559500201,0.1935
"4968",1,27,28,"BMA",2.13781546055476,2.79056136862925,0.2985
"4969",1,27,29,"BMA",1.49270249391774,2.69121723801297,0.3725
"4970",1,27,30,"BMA",5.08084023894019,3.67033712010825,0.071
"4971",1,27,31,"BMA",5.92598325859123,3.99352349514578,0.0525
"4972",1,27,32,"BMA",4.70385785742989,3.65621904840264,0.0725
"4973",1,27,33,"BMA",1.38327238198637,2.58462488612441,0.386
"4974",1,27,34,"BMA",3.17710524465546,2.99112793483543,0.1345
"4975",1,27,35,"BMA",6.92794140336503,4.88973008363163,0.021
"4976",1,27,36,"BMA",4.68896415930389,3.63007771986326,0.116
"4977",1,27,37,"BMA",1.73847600868694,2.92384742389579,0.406
"4978",1,27,38,"BMA",1.69750577042775,2.78905903954223,0.377
"4979",1,27,1,"AVS",1.25636630744497,2.49580388318856,0.477
"4980",1,27,2,"AVS",7.08673760030655,5.77551439967227,0.9825
"4981",1,27,3,"AVS",2.48129124368813,3.05115781277825,0.7435
"4982",1,27,4,"AVS",1.65409241797112,2.82385406935005,0.6065
"4983",1,27,5,"AVS",1.6079239281879,2.69347048117741,0.649
"4984",1,27,6,"AVS",3.98096844660787,3.44834596414188,0.915
"4985",1,27,7,"AVS",1.37174124236637,2.54122532357164,0.301
"4986",1,27,8,"AVS",1.70868755643407,2.44933102702687,0.8005
"4987",1,27,9,"AVS",2.22171189717241,2.68746624687276,0.123
"4988",1,27,10,"AVS",3.29098214083746,3.2763350704792,0.9425
"4989",1,27,11,"AVS",0.7993988188281,2.19117597883154,0.403
"4990",1,27,12,"AVS",3.79114116309302,3.75077331614829,0.9675
"4991",1,27,13,"AVS",2.51762645157691,2.87635379239824,0.871
"4992",1,27,14,"AVS",0.924151868254371,2.25941086732222,0.3485
"4993",1,27,15,"AVS",7.30728332468905,5.75595591079828,0.0035
"4994",1,27,16,"AVS",16.5610510755506,37.893543815696,0
"4995",1,27,17,"AVS",8.32105714273562,4.9464821296851,0.9855
"4996",1,27,18,"AVS",7.00919350812811,4.06601092990198,0.0455
"4997",1,27,19,"AVS",7.57824051235092,4.31464773293915,0.043
"4998",1,27,20,"AVS",1.55259058920299,2.85545299860624,0.4225
"4999",1,27,21,"AVS",1.71921084604926,2.81380875662555,0.376
"5000",1,27,22,"AVS",1.60948425532387,2.80039724836021,0.376
"5001",1,27,23,"AVS",5.98643767101014,3.76391961782117,0.065
"5002",1,27,24,"AVS",5.76209376263189,3.68014053877197,0.071
"5003",1,27,25,"AVS",2.29066653933611,2.96968451866865,0.6905
"5004",1,27,26,"AVS",5.25137307259662,3.48933125255274,0.12
"5005",1,27,27,"AVS",2.08035530059425,2.93835239815824,0.34
"5006",1,27,28,"AVS",1.4902172623136,2.83316673350235,0.472
"5007",1,27,29,"AVS",1.51308978118351,2.87903499042698,0.514
"5008",1,27,30,"AVS",4.09760358150688,3.48539088385715,0.121
"5009",1,27,31,"AVS",1.82097771950685,2.84859674551492,0.3625
"5010",1,27,32,"AVS",1.4345674405297,2.80243416657239,0.524
"5011",1,27,33,"AVS",3.09036868087114,3.09371008935907,0.7965
"5012",1,27,34,"AVS",1.91943398096677,2.8744458078856,0.3155
"5013",1,27,35,"AVS",2.62338450202327,3.07961331534565,0.2385
"5014",1,27,36,"AVS",1.46785419402162,2.73268716598051,0.5235
"5015",1,27,37,"AVS",2.68758548220377,2.91997775961638,0.7855
"5016",1,27,38,"AVS",1.83041128206622,2.78553044367999,0.6465
"5017",1,27,1,"EQW",1.25636630744497,2.49486584088512,0.461
"5018",1,27,2,"EQW",4.87546583308048,3.74701418447695,0.8455
"5019",1,27,3,"EQW",2.95352908883011,3.1380534120801,0.8215
"5020",1,27,4,"EQW",1.45246827076162,2.66191183700126,0.582
"5021",1,27,5,"EQW",1.59089200045243,2.67533810820386,0.623
"5022",1,27,6,"EQW",3.98251847131187,3.48785449626127,0.8705
"5023",1,27,7,"EQW",1.48017545545945,2.77497001879979,0.479
"5024",1,27,8,"EQW",2.88948051710544,2.95852929803156,0.8155
"5025",1,27,9,"EQW",1.55304083865307,2.85531277257531,0.4555
"5026",1,27,10,"EQW",5.19791565916453,3.63417924903538,0.9205
"5027",1,27,11,"EQW",2.75763925831177,2.92124488629518,0.724
"5028",1,27,12,"EQW",7.26087951498117,4.06718666873459,0.972
"5029",1,27,13,"EQW",7.1920585073759,3.8831743138634,0.958
"5030",1,27,14,"EQW",3.80520624501342,3.17845891564895,0.7465
"5031",1,27,15,"EQW",2.57630591677093,3.38885270593528,0.3905
"5032",1,27,16,"EQW",9.54422268616796,4.71490555204001,0.085
"5033",1,27,17,"EQW",10.0028911673819,4.66750630109214,0.9695
"5034",1,27,18,"EQW",2.65069478829607,3.29110738203926,0.4125
"5035",1,27,19,"EQW",3.4099523948651,3.25620665326047,0.265
"5036",1,27,20,"EQW",2.07986349621001,3.01457869038347,0.5995
"5037",1,27,21,"EQW",2.40573592433973,3.11658624025758,0.657
"5038",1,27,22,"EQW",2.75509773442394,3.22217227151526,0.6625
"5039",1,27,23,"EQW",2.66576244020708,3.35408509335581,0.3735
"5040",1,27,24,"EQW",2.82953906486194,3.27359507309503,0.3315
"5041",1,27,25,"EQW",2.89890626865884,3.08638299925054,0.7175
"5042",1,27,26,"EQW",3.09964275005251,3.34410716739578,0.3095
"5043",1,27,27,"EQW",2.07155762214093,3.06875831463807,0.395
"5044",1,27,28,"EQW",1.69831756207318,2.99489602974925,0.4915
"5045",1,27,29,"EQW",1.67357304719109,2.87741307653286,0.5495
"5046",1,27,30,"EQW",3.56366876800826,3.28081941717665,0.191
"5047",1,27,31,"EQW",3.05143267055299,3.06144578026075,0.2195
"5048",1,27,32,"EQW",2.47226752764983,2.98155307306142,0.2585
"5049",1,27,33,"EQW",1.36891023436265,2.65979109983135,0.551
"5050",1,27,34,"EQW",2.60085138668212,2.84655626998466,0.1995
"5051",1,27,35,"EQW",5.25679066524036,3.83297103172228,0.099
"5052",1,27,36,"EQW",3.87440693935575,3.57811606838515,0.1815
"5053",1,27,37,"EQW",2.20503506520302,3.1910712648636,0.3125
"5054",1,27,38,"EQW",1.92115701777309,2.80796583762324,0.312
"5055",1,27,1,"SGP",1.25636630744497,2.53673091714625,0.479
"5056",1,27,2,"SGP",6.55102650868172,5.06914001440793,0.9605
"5057",1,27,3,"SGP",3.14338920880581,3.09371521326951,0.8985
"5058",1,27,4,"SGP",0.864047789735639,2.26784665445001,0.536
"5059",1,27,5,"SGP",0.908551534363725,2.14712070746856,0.6375
"5060",1,27,6,"SGP",3.60306140423934,3.49686914252793,0.9595
"5061",1,27,7,"SGP",1.45423873574832,2.43042362240743,0.22
"5062",1,27,8,"SGP",1.5802784310638,2.46452063840509,0.82
"5063",1,27,9,"SGP",2.17356631774873,2.64070651325855,0.1285
"5064",1,27,10,"SGP",3.30664028513437,3.27098495794756,0.9445
"5065",1,27,11,"SGP",0.807483135717617,2.10746551584004,0.403
"5066",1,27,12,"SGP",3.85665424810776,3.71889191974432,0.971
"5067",1,27,13,"SGP",2.58376203723956,2.8481322116522,0.889
"5068",1,27,14,"SGP",0.922704481772235,2.27872835976925,0.3815
"5069",1,27,15,"SGP",7.13805144970765,6.13343597856801,0.0125
"5070",1,27,16,"SGP",16.3776446091045,10.0920585586409,5e-04
"5071",1,27,17,"SGP",8.35468738599259,4.94307073368894,0.985
"5072",1,27,18,"SGP",6.88024932667904,4.15546150445195,0.052
"5073",1,27,19,"SGP",7.46676615822942,4.12574949577128,0.05
"5074",1,27,20,"SGP",1.55257214463624,2.75968742456641,0.437
"5075",1,27,21,"SGP",1.71172135572385,2.84837559164604,0.3975
"5076",1,27,22,"SGP",1.60456677061107,2.80831533585231,0.3845
"5077",1,27,23,"SGP",5.90069829098948,3.7515259882501,0.062
"5078",1,27,24,"SGP",5.7465049819916,3.78762751697479,0.069
"5079",1,27,25,"SGP",2.4334890904245,2.99590337790543,0.7165
"5080",1,27,26,"SGP",4.96164057862036,3.60295067638747,0.101
"5081",1,27,27,"SGP",1.92916549816993,2.93447797495409,0.3325
"5082",1,27,28,"SGP",1.47451365426212,2.7485200314076,0.5095
"5083",1,27,29,"SGP",1.5150193580942,2.81848658174702,0.533
"5084",1,27,30,"SGP",4.05882380205779,3.33606170492125,0.139
"5085",1,27,31,"SGP",1.84044292303251,2.91975049972737,0.367
"5086",1,27,32,"SGP",1.4381070370551,2.79490969173289,0.523
"5087",1,27,33,"SGP",3.03292205189665,2.99590459554763,0.793
"5088",1,27,34,"SGP",1.94015219655535,2.90305340984604,0.2955
"5089",1,27,35,"SGP",2.66779816769976,3.08040457781034,0.2235
"5090",1,27,36,"SGP",1.47442745186166,2.68405081454323,0.525
"5091",1,27,37,"SGP",2.63430721071522,2.95198753455626,0.7715
"5092",1,27,38,"SGP",1.80716713037471,2.78486134451606,0.675
"5093",1,27,1,"SGP50",1.25636630744497,2.50859541129288,0.469
"5094",1,27,2,"SGP50",4.93719310087265,3.9093355284953,0.88
"5095",1,27,3,"SGP50",2.96168009676154,3.06066291279857,0.814
"5096",1,27,4,"SGP50",1.43218913796041,2.61963106139238,0.622
"5097",1,27,5,"SGP50",1.56936973933531,2.63352495999953,0.615
"5098",1,27,6,"SGP50",4.01408893265815,3.54252530811572,0.8775
"5099",1,27,7,"SGP50",1.43933058800482,2.71774201596478,0.44
"5100",1,27,8,"SGP50",2.80372332820054,2.89892372129365,0.8245
"5101",1,27,9,"SGP50",1.52845230014077,2.7867333514712,0.4195
"5102",1,27,10,"SGP50",4.98065119047533,3.64268962181901,0.9325
"5103",1,27,11,"SGP50",2.32479287942955,2.81701782256539,0.6965
"5104",1,27,12,"SGP50",6.55233060502985,3.93857922608944,0.967
"5105",1,27,13,"SGP50",5.98206987703869,3.57420338723177,0.9395
"5106",1,27,14,"SGP50",2.671827808338,2.90280730894125,0.6635
"5107",1,27,15,"SGP50",3.16882063534531,3.55746567891212,0.2735
"5108",1,27,16,"SGP50",11.0135045772208,4.9174797023544,0.054
"5109",1,27,17,"SGP50",9.55660859487224,4.68117014359311,0.9675
"5110",1,27,18,"SGP50",3.37250846719161,3.42045902188465,0.3055
"5111",1,27,19,"SGP50",4.19710020741561,3.39111252524022,0.2125
"5112",1,27,20,"SGP50",1.87769297524252,2.91654470093009,0.572
"5113",1,27,21,"SGP50",2.02753366119182,3.00754936128671,0.585
"5114",1,27,22,"SGP50",2.1906064743543,3.0382266051837,0.5745
"5115",1,27,23,"SGP50",3.21408518005043,3.38996385035976,0.293
"5116",1,27,24,"SGP50",3.35524912504251,3.38922679464324,0.2645
"5117",1,27,25,"SGP50",2.66240370286942,3.13357318026784,0.7125
"5118",1,27,26,"SGP50",3.7531498039473,3.51335019354239,0.2305
"5119",1,27,27,"SGP50",2.11061310936501,3.007749472869,0.362
"5120",1,27,28,"SGP50",1.65668130026277,2.88574284164245,0.4565
"5121",1,27,29,"SGP50",1.62721769102746,2.89134877206002,0.5095
"5122",1,27,30,"SGP50",4.00022070248213,3.3895609210142,0.172
"5123",1,27,31,"SGP50",2.79959915273955,3.05489574736238,0.236
"5124",1,27,32,"SGP50",2.11210668315092,2.93198707527388,0.2995
"5125",1,27,33,"SGP50",1.58774988439764,2.79529063652972,0.593
"5126",1,27,34,"SGP50",2.60048000375749,2.91817194864551,0.205
"5127",1,27,35,"SGP50",4.64379615428932,3.53067205493364,0.119
"5128",1,27,36,"SGP50",2.9572600126543,3.2981029101582,0.244
"5129",1,27,37,"SGP50",1.8959318777254,3.08912258388421,0.4265
"5130",1,27,38,"SGP50",1.69086287589854,2.936232692048,0.3695
"5131",1,28,1,"BMA",1.79065952445997,2.87801836259168,0.519
"5132",1,28,2,"BMA",1.31154953248289,2.60845480757993,0.544
"5133",1,28,3,"BMA",2.94825980893401,3.15172172950006,0.872
"5134",1,28,4,"BMA",1.5538957598746,2.57420985794041,0.3065
"5135",1,28,5,"BMA",2.28502926232661,2.8180153492866,0.827
"5136",1,28,6,"BMA",3.1490632358034,3.07994865933736,0.889
"5137",1,28,7,"BMA",1.46961013024469,2.40587296383097,0.7175
"5138",1,28,8,"BMA",0.888169510131027,2.19738839620316,0.581
"5139",1,28,9,"BMA",0.743369487774702,2.09456626773899,0.4785
"5140",1,28,10,"BMA",7.81021895743143,8.08754095164998,0.997
"5141",1,28,11,"BMA",2.04446450500672,2.71795275538917,0.765
"5142",1,28,12,"BMA",0.976570466300299,2.25720040053955,0.578
"5143",1,28,13,"BMA",2.7980996205254,3.00671098262927,0.116
"5144",1,28,14,"BMA",5.86692893712593,4.20774268472344,0.0275
"5145",1,28,15,"BMA",1.64029955262841,2.59718201411017,0.6795
"5146",1,28,16,"BMA",2.2756575844764,2.85815508028572,0.193
"5147",1,28,17,"BMA",12.5942851837968,6.53619151356726,0.003
"5148",1,28,18,"BMA",2.2603745700645,3.05467216974661,0.3205
"5149",1,28,19,"BMA",1.53514301069967,2.81712929340536,0.4785
"5150",1,28,20,"BMA",1.66012751150374,2.95245881597535,0.386
"5151",1,28,21,"BMA",1.46521166367158,2.72449828249268,0.409
"5152",1,28,22,"BMA",4.53799662413584,3.53513769750134,0.1045
"5153",1,28,23,"BMA",1.5373121695163,2.66830472864252,0.341
"5154",1,28,24,"BMA",1.98110888105864,2.833307450177,0.7245
"5155",1,28,25,"BMA",2.84573504387024,3.03263572774652,0.192
"5156",1,28,26,"BMA",1.31020710572491,2.58782441496828,0.591
"5157",1,28,27,"BMA",1.39549157793494,2.64407679607729,0.6155
"5158",1,28,28,"BMA",4.92948840611538,3.5593633000888,0.0685
"5159",1,28,29,"BMA",6.72040166320268,4.4282707434128,0.0245
"5160",1,28,30,"BMA",2.30269051070003,2.87620452012603,0.252
"5161",1,28,31,"BMA",2.38885959664441,2.94302848442507,0.208
"5162",1,28,32,"BMA",1.50379045451666,2.65596390114754,0.6575
"5163",1,28,33,"BMA",2.39420994947965,2.91595561984566,0.22
"5164",1,28,34,"BMA",1.16567513874861,2.49380790330753,0.469
"5165",1,28,35,"BMA",1.40958368452738,2.5573861380221,0.336
"5166",1,28,36,"BMA",1.29860001141494,1.6254670918673,0.3385
"5167",1,28,37,"BMA",0.616582061296595,0.971635441589853,0.4935
"5168",1,28,38,"BMA",0.502889002911996,0.86376081289378,0.514
"5169",1,28,1,"AVS",1.79065952445997,2.93272411669711,0.505
"5170",1,28,2,"AVS",1.18033195020554,2.45715397131478,0.5965
"5171",1,28,3,"AVS",3.1485730987254,3.09300028320575,0.891
"5172",1,28,4,"AVS",1.475273563557,2.53633431101473,0.296
"5173",1,28,5,"AVS",2.34999991015019,2.80521653598374,0.8545
"5174",1,28,6,"AVS",3.4377896907315,3.23822554511357,0.8995
"5175",1,28,7,"AVS",1.54926298762907,2.4605472202196,0.733
"5176",1,28,8,"AVS",0.783963790131416,2.06566531301567,0.566
"5177",1,28,9,"AVS",0.715999870955462,2.08158764207149,0.4065
"5178",1,28,10,"AVS",7.64138653752229,7.12466590916672,0.9995
"5179",1,28,11,"AVS",1.16096796097727,2.24592295870399,0.686
"5180",1,28,12,"AVS",0.824227866813004,2.17570983108345,0.5225
"5181",1,28,13,"AVS",3.05195148987934,3.04383017525811,0.0795
"5182",1,28,14,"AVS",6.43408993357711,4.57808446914402,0.0095
"5183",1,28,15,"AVS",1.05701532572545,2.45456608916085,0.6175
"5184",1,28,16,"AVS",3.0904899495235,3.06730004782169,0.1075
"5185",1,28,17,"AVS",14.4766244919581,9.12633626754949,0
"5186",1,28,18,"AVS",2.90032480689029,3.01390040143803,0.1885
"5187",1,28,19,"AVS",1.58540619536405,2.69960048199723,0.344
"5188",1,28,20,"AVS",1.87856722538582,2.71997690993998,0.308
"5189",1,28,21,"AVS",1.38869451711408,2.57485041773225,0.409
"5190",1,28,22,"AVS",4.42999979998662,3.45631969629415,0.0965
"5191",1,28,23,"AVS",1.24064191095745,2.59920895218697,0.5405
"5192",1,28,24,"AVS",3.385622910146,3.22378019365133,0.8485
"5193",1,28,25,"AVS",3.19647492888956,3.09068243849104,0.1505
"5194",1,28,26,"AVS",1.66583892310643,2.73446335288965,0.6575
"5195",1,28,27,"AVS",1.35994011077925,2.62107426633396,0.617
"5196",1,28,28,"AVS",5.65631396569386,3.89300311177102,0.048
"5197",1,28,29,"AVS",3.47457631086736,3.2208017488594,0.134
"5198",1,28,30,"AVS",1.16393094852304,2.53479627608952,0.5275
"5199",1,28,31,"AVS",1.71069464784104,2.66433492039245,0.269
"5200",1,28,32,"AVS",2.23296605119764,2.79742339610963,0.798
"5201",1,28,33,"AVS",1.23535961629142,2.48909856465928,0.38
"5202",1,28,34,"AVS",1.29457153488037,2.52583328510982,0.688
"5203",1,28,35,"AVS",0.825850647590895,2.42122150352024,0.5355
"5204",1,28,36,"AVS",0.432167913157203,0.625419206675879,0.548
"5205",1,28,37,"AVS",0.150031246845582,-0.693472096185195,0.689
"5206",1,28,38,"AVS",0.23104133894431,-0.0969837442698567,0.6505
"5207",1,28,1,"EQW",1.79065952445997,2.93443219830528,0.5285
"5208",1,28,2,"EQW",1.69767008684841,2.79500999177614,0.4495
"5209",1,28,3,"EQW",2.31494821224565,3.13153392429142,0.726
"5210",1,28,4,"EQW",1.83368145335324,2.79438987637365,0.3175
"5211",1,28,5,"EQW",2.16676057816148,2.8665562790954,0.742
"5212",1,28,6,"EQW",3.50811398395297,3.23214839565709,0.868
"5213",1,28,7,"EQW",2.76751595295764,2.81769989804965,0.795
"5214",1,28,8,"EQW",2.21284095515622,2.69565862738524,0.697
"5215",1,28,9,"EQW",1.90623415808299,2.66354785073254,0.659
"5216",1,28,10,"EQW",9.48621319867375,5.3422135845937,0.982
"5217",1,28,11,"EQW",4.74078940888787,3.24487605121373,0.849
"5218",1,28,12,"EQW",3.59536451191212,3.00210927094057,0.7735
"5219",1,28,13,"EQW",2.0795903431571,3.04610210519329,0.493
"5220",1,28,14,"EQW",3.17461139431123,3.51278161746095,0.256
"5221",1,28,15,"EQW",2.46528494389526,2.88084559503981,0.7025
"5222",1,28,16,"EQW",1.8808177141495,2.96998357347303,0.4315
"5223",1,28,17,"EQW",8.89619697787214,4.33924858885852,0.0725
"5224",1,28,18,"EQW",2.76034170556339,3.23271052082916,0.279
"5225",1,28,19,"EQW",1.71245034626826,2.8852529273927,0.46
"5226",1,28,20,"EQW",1.69602478239768,2.92759030383894,0.4485
"5227",1,28,21,"EQW",1.63660125894868,2.8667466498755,0.5905
"5228",1,28,22,"EQW",2.49135007602504,2.98366310471337,0.2735
"5229",1,28,23,"EQW",1.28866097993377,2.65908147251827,0.456
"5230",1,28,24,"EQW",2.8130003151703,3.05042203087306,0.7925
"5231",1,28,25,"EQW",1.61607154594113,2.75911976619393,0.391
"5232",1,28,26,"EQW",1.80832257969395,2.75175001194857,0.7115
"5233",1,28,27,"EQW",2.08504446060136,2.77325692586687,0.735
"5234",1,28,28,"EQW",2.98698566161822,2.98327107845937,0.1685
"5235",1,28,29,"EQW",4.57648227847691,3.50367641348845,0.0715
"5236",1,28,30,"EQW",2.77883120120976,3.08280753450676,0.2195
"5237",1,28,31,"EQW",3.73938966242113,3.28367373679628,0.1355
"5238",1,28,32,"EQW",1.20816815905037,2.56482845824849,0.453
"5239",1,28,33,"EQW",2.4648881547255,2.95023811338057,0.1665
"5240",1,28,34,"EQW",1.47202027516612,2.6316005149527,0.3225
"5241",1,28,35,"EQW",1.88830154672536,2.85849845576676,0.2275
"5242",1,28,36,"EQW",2.05310661996941,1.96398139897728,0.2235
"5243",1,28,37,"EQW",0.869585394770847,1.27214533286037,0.3
"5244",1,28,38,"EQW",0.625298918926796,0.953915063035513,0.2805
"5245",1,28,1,"SGP",1.79065952445997,2.88281209302489,0.518
"5246",1,28,2,"SGP",1.19456931728935,2.55903894498111,0.5735
"5247",1,28,3,"SGP",3.06255202495492,3.13346246345837,0.8915
"5248",1,28,4,"SGP",1.50614162312078,2.49056676507676,0.2975
"5249",1,28,5,"SGP",2.36228782904572,2.79138051052488,0.8455
"5250",1,28,6,"SGP",2.96884429255867,3.01975069022037,0.9055
"5251",1,28,7,"SGP",1.19564475944478,2.32927035006931,0.7065
"5252",1,28,8,"SGP",0.78956089854906,2.13225542155669,0.5605
"5253",1,28,9,"SGP",0.727876806378488,2.07247405975014,0.4585
"5254",1,28,10,"SGP",7.71965182544789,7.31035119037888,0.996
"5255",1,28,11,"SGP",1.25427253049952,2.37650213956119,0.6725
"5256",1,28,12,"SGP",0.862593925719899,2.26665246480716,0.5365
"5257",1,28,13,"SGP",2.91371914600402,3.00731879745686,0.101
"5258",1,28,14,"SGP",6.25111614339825,4.70173641878415,0.0135
"5259",1,28,15,"SGP",1.07103078215038,2.48971183465068,0.602
"5260",1,28,16,"SGP",3.01411380584569,3.04029180088912,0.121
"5261",1,28,17,"SGP",14.4326276618672,9.01802392781366,0.001
"5262",1,28,18,"SGP",3.5016940694883,3.17244012691321,0.139
"5263",1,28,19,"SGP",1.55196606935513,2.66668594593257,0.355
"5264",1,28,20,"SGP",1.83946750808027,2.70118239518243,0.2925
"5265",1,28,21,"SGP",1.30720270046028,2.59845861235623,0.581
"5266",1,28,22,"SGP",3.06603406770368,3.0968446145307,0.1535
"5267",1,28,23,"SGP",1.31299208536012,2.59109029435718,0.609
"5268",1,28,24,"SGP",3.79073920761099,3.26310544782238,0.902
"5269",1,28,25,"SGP",2.32946533653175,2.86102756029273,0.2205
"5270",1,28,26,"SGP",1.99266901237919,2.80944385013548,0.7595
"5271",1,28,27,"SGP",1.61217157428406,2.59184597760945,0.6885
"5272",1,28,28,"SGP",4.91910907222459,3.62531547633395,0.061
"5273",1,28,29,"SGP",2.65332966410555,2.87891025854406,0.179
"5274",1,28,30,"SGP",1.17101609015828,2.49445927900494,0.5175
"5275",1,28,31,"SGP",1.74048815974329,2.69148362800121,0.291
"5276",1,28,32,"SGP",2.18955693407688,2.72526334559524,0.7895
"5277",1,28,33,"SGP",1.24894529309628,2.57204727473756,0.3855
"5278",1,28,34,"SGP",1.27872860279169,2.60705616762196,0.667
"5279",1,28,35,"SGP",0.83597644896252,2.46789766045556,0.539
"5280",1,28,36,"SGP",0.454560706172187,0.574259878188917,0.5515
"5281",1,28,37,"SGP",0.160228139672462,-0.567835857902437,0.6875
"5282",1,28,38,"SGP",0.238192571827093,0.0643371858057921,0.6425
"5283",1,28,1,"SGP50",1.79065952445997,2.89396141091469,0.517
"5284",1,28,2,"SGP50",1.65039637129153,2.77558846523841,0.5005
"5285",1,28,3,"SGP50",2.3663686304966,3.07788457850336,0.728
"5286",1,28,4,"SGP50",1.78516925688909,2.70883091231476,0.2955
"5287",1,28,5,"SGP50",2.14741833751333,2.8748724005628,0.741
"5288",1,28,6,"SGP50",3.35791051784476,3.15608355298037,0.8815
"5289",1,28,7,"SGP50",2.4426491911646,2.81602838109863,0.793
"5290",1,28,8,"SGP50",1.85870960788905,2.63474902657995,0.6985
"5291",1,28,9,"SGP50",1.54085088532677,2.53838772488125,0.6295
"5292",1,28,10,"SGP50",9.03793701215666,6.08528768686483,0.9905
"5293",1,28,11,"SGP50",3.68555713246899,2.98403396334529,0.8195
"5294",1,28,12,"SGP50",2.59079612851399,2.81163620041362,0.7475
"5295",1,28,13,"SGP50",1.77280166366684,2.93397016135257,0.3745
"5296",1,28,14,"SGP50",3.63657600669177,3.48940900185209,0.185
"5297",1,28,15,"SGP50",2.01918886996042,2.75955577012316,0.7
"5298",1,28,16,"SGP50",1.85909023887479,2.93375683938695,0.3185
"5299",1,28,17,"SGP50",10.4753262495765,4.79401508125991,0.0505
"5300",1,28,18,"SGP50",2.75808764085348,3.08301383440871,0.245
"5301",1,28,19,"SGP50",1.58546167209269,2.85452023897925,0.4305
"5302",1,28,20,"SGP50",1.67853179843545,2.92136090366689,0.395
"5303",1,28,21,"SGP50",1.45364969334488,2.75972751201562,0.5685
"5304",1,28,22,"SGP50",2.98146955409769,3.0869775615976,0.2055
"5305",1,28,23,"SGP50",1.27016011039813,2.6402760578463,0.4645
"5306",1,28,24,"SGP50",2.7142718904281,2.96351075366471,0.7985
"5307",1,28,25,"SGP50",2.00758677471117,2.81836301277293,0.312
"5308",1,28,26,"SGP50",1.67468659511204,2.71402636896305,0.684
"5309",1,28,27,"SGP50",1.72586799529588,2.73622570947277,0.693
"5310",1,28,28,"SGP50",3.89344278268489,3.36731910039852,0.114
"5311",1,28,29,"SGP50",4.36119743989634,3.41940565820578,0.096
"5312",1,28,30,"SGP50",2.17386179804529,2.91703237693461,0.305
"5313",1,28,31,"SGP50",3.05393814512394,3.10027243605537,0.165
"5314",1,28,32,"SGP50",1.30700378501371,2.61568648350574,0.552
"5315",1,28,33,"SGP50",2.13260589108468,2.8618363149278,0.224
"5316",1,28,34,"SGP50",1.25360568081326,2.67512528839389,0.4035
"5317",1,28,35,"SGP50",1.50833275540428,2.68410623639852,0.291
"5318",1,28,36,"SGP50",1.51112704676854,1.70750348835782,0.292
"5319",1,28,37,"SGP50",0.627977979017969,1.03353482037223,0.407
"5320",1,28,38,"SGP50",0.500865532675206,0.702115518544927,0.4135
"5321",1,29,1,"BMA",4.17510827020467,3.54809915535005,0.6685
"5322",1,29,2,"BMA",2.43051918460263,3.0246972973775,0.5065
"5323",1,29,3,"BMA",10.5926899086589,6.29077309668418,0.9715
"5324",1,29,4,"BMA",4.07177070645959,3.55143642748583,0.58
"5325",1,29,5,"BMA",12.3761471478513,5.00140614701448,0.0755
"5326",1,29,6,"BMA",8.55026727453723,4.09832039951708,0.768
"5327",1,29,7,"BMA",4.5094891226063,3.81603929068617,0.569
"5328",1,29,8,"BMA",6.99125273027195,3.85645077865854,0.5895
"5329",1,29,9,"BMA",7.58637272248345,3.9705421027077,0.492
"5330",1,29,10,"BMA",4.94914283659611,3.8928564197489,0.5435
"5331",1,29,11,"BMA",4.02813186087598,3.74739612132051,0.5375
"5332",1,29,12,"BMA",3.71880376518113,3.63321816604175,0.569
"5333",1,29,13,"BMA",5.87298976011392,3.82672528983647,0.772
"5334",1,29,14,"BMA",2.64543634046062,3.34659223913087,0.607
"5335",1,29,15,"BMA",2.70100688941246,3.26220548012744,0.658
"5336",1,29,16,"BMA",4.98304239189203,3.58767662743228,0.175
"5337",1,29,17,"BMA",6.03455572667623,3.64969326159329,0.111
"5338",1,29,18,"BMA",5.37253288128153,3.48644807007975,0.101
"5339",1,29,19,"BMA",1.49450778333865,2.78065770210279,0.483
"5340",1,29,20,"BMA",1.79266186207938,2.76511914528711,0.3345
"5341",1,29,21,"BMA",1.41154226437142,2.53315987589652,0.3665
"5342",1,29,22,"BMA",4.09152739385695,3.43064286910425,0.0795
"5343",1,29,23,"BMA",1.88305452437336,2.63895886724207,0.215
"5344",1,29,24,"BMA",1.80052243920522,2.49487868382526,0.1915
"5345",1,29,25,"BMA",2.72116364092162,2.89266619973709,0.088
"5346",1,29,26,"BMA",1.87878020206439,2.54800685645937,0.0965
"5347",1,29,27,"BMA",0.696538625684022,1.89917731376254,0.3535
"5348",1,29,28,"BMA",0.805424487771496,1.79218201958776,0.2685
"5349",1,29,29,"BMA",0.419339407343539,1.483260621708,0.52
"5350",1,29,30,"BMA",0.406145497131088,1.42452454324853,0.4535
"5351",1,29,31,"BMA",1.2682525847256,2.17650035284811,0.053
"5352",1,29,32,"BMA",1.99203748649378,4.26584168518488,5e-04
"5353",1,29,33,"BMA",0.883945831051985,1.66293699493303,0.071
"5354",1,29,34,"BMA",1.12208385774181,2.43782699496895,0.014
"5355",1,29,35,"BMA",0.553186629477762,1.0681816067177,0.098
"5356",1,29,36,"BMA",0.279917878393402,0.642834856113676,0.2475
"5357",1,29,37,"BMA",0.161749263678202,0.475729673490477,0.414
"5358",1,29,38,"BMA",0.692960452838486,2.80313402760813,0
"5359",1,29,1,"AVS",4.17510827020467,3.64878711045704,0.68
"5360",1,29,2,"AVS",1.40933415985046,2.57647624236017,0.4675
"5361",1,29,3,"AVS",10.8858536124301,7.15740312729549,0.9975
"5362",1,29,4,"AVS",1.83874438627798,2.95179825510849,0.4885
"5363",1,29,5,"AVS",15.5910040220914,7.40908154706187,0.003
"5364",1,29,6,"AVS",8.5212289054318,4.1124769598413,0.7715
"5365",1,29,7,"AVS",4.49403745829114,3.84486746589869,0.582
"5366",1,29,8,"AVS",7.01652224359942,3.92856772818174,0.6025
"5367",1,29,9,"AVS",7.61853174638272,4.0402514549489,0.5185
"5368",1,29,10,"AVS",4.95591892,3.87529369705173,0.4975
"5369",1,29,11,"AVS",4.025282,3.78244679728874,0.527
"5370",1,29,12,"AVS",3.7191428,3.64803041317288,0.5775
"5371",1,29,13,"AVS",5.893794,3.887413756356,0.7915
"5372",1,29,14,"AVS",2.6431508,3.3157064456417,0.6005
"5373",1,29,15,"AVS",2.7025716,3.29008281239191,0.622
"5374",1,29,16,"AVS",4.9747972,3.63088813309681,0.169
"5375",1,29,17,"AVS",6.0341536,3.76482409739122,0.108
"5376",1,29,18,"AVS",5.37419091999999,3.609658075725,0.0995
"5377",1,29,19,"AVS",1.49380468000001,2.76258640320226,0.4785
"5378",1,29,20,"AVS",1.79235496,2.71027846850728,0.335
"5379",1,29,21,"AVS",1.41134808,2.62272473461899,0.364
"5380",1,29,22,"AVS",4.09149884,3.50107772190389,0.0675
"5381",1,29,23,"AVS",1.88319108,2.57259111245586,0.2055
"5382",1,29,24,"AVS",1.80051708,2.445597597815,0.184
"5383",1,29,25,"AVS",2.72111748,2.94516423882701,0.0695
"5384",1,29,26,"AVS",1.87880232,2.36629968073153,0.105
"5385",1,29,27,"AVS",0.696509720000001,1.85877359323162,0.3515
"5386",1,29,28,"AVS",0.805421876,1.85469018062922,0.2495
"5387",1,29,29,"AVS",0.419335292,1.49830124999233,0.536
"5388",1,29,30,"AVS",0.406144592,1.44124506580792,0.4375
"5389",1,29,31,"AVS",1.268252908,2.14702046486661,0.055
"5390",1,29,32,"AVS",1.992038196,3.89107341087572,0.004
"5391",1,29,33,"AVS",0.883947671999999,1.71820380324131,0.071
"5392",1,29,34,"AVS",1.122084564,2.34010721203388,0.0115
"5393",1,29,35,"AVS",0.553187055999999,1.03315088835076,0.125
"5394",1,29,36,"AVS",0.2799177508,0.616557206759153,0.2595
"5395",1,29,37,"AVS",0.161749193200001,0.508553726821406,0.4195
"5396",1,29,38,"AVS",0.692960502479999,2.97558788002041,0
"5397",1,29,1,"EQW",4.17510827020467,3.64849575411837,0.67
"5398",1,29,2,"EQW",3.62973077849041,3.44831264224077,0.576
"5399",1,29,3,"EQW",11.9532990906295,4.77644535034237,0.8805
"5400",1,29,4,"EQW",8.99846923006309,3.95950467369876,0.7435
"5401",1,29,5,"EQW",6.71594348698847,4.54171713440248,0.4375
"5402",1,29,6,"EQW",16.1077745865922,4.91629890395092,0.922
"5403",1,29,7,"EQW",6.65628579824813,4.35581279895788,0.566
"5404",1,29,8,"EQW",5.41023949129388,4.08890652067518,0.507
"5405",1,29,9,"EQW",6.61436678550016,4.17538866286,0.363
"5406",1,29,10,"EQW",5.0396650503556,3.98180316908108,0.4275
"5407",1,29,11,"EQW",3.75437784490475,3.72330533300043,0.506
"5408",1,29,12,"EQW",3.83421498132478,3.73768377442176,0.5775
"5409",1,29,13,"EQW",5.6030706498538,3.91100054076445,0.724
"5410",1,29,14,"EQW",4.30184984461295,3.98978342234933,0.4965
"5411",1,29,15,"EQW",4.13644884747395,3.7748714821953,0.613
"5412",1,29,16,"EQW",5.28918033354369,3.78974508367532,0.3145
"5413",1,29,17,"EQW",3.87522298383664,3.49087025805139,0.3135
"5414",1,29,18,"EQW",3.64985212401512,3.37367565236525,0.3
"5415",1,29,19,"EQW",2.42205901853355,3.13418036833383,0.5505
"5416",1,29,20,"EQW",2.95339488958289,3.15714753408693,0.302
"5417",1,29,21,"EQW",2.69478599638326,2.96756909520674,0.305
"5418",1,29,22,"EQW",5.41063637580193,3.785663318335,0.118
"5419",1,29,23,"EQW",2.7306107425261,3.13759134478292,0.2735
"5420",1,29,24,"EQW",3.10115046082762,3.20920785529947,0.217
"5421",1,29,25,"EQW",4.20320911649379,3.46359422933427,0.149
"5422",1,29,26,"EQW",2.99835116858982,3.04707866509625,0.2025
"5423",1,29,27,"EQW",2.0504362968896,2.77689094742748,0.3095
"5424",1,29,28,"EQW",2.00201134312139,2.74280981893167,0.298
"5425",1,29,29,"EQW",1.46012317724107,2.54966360014023,0.426
"5426",1,29,30,"EQW",1.50000584357065,2.47193172327738,0.3795
"5427",1,29,31,"EQW",1.94563980199348,2.72790241636112,0.2415
"5428",1,29,32,"EQW",1.94716478199987,2.95322203935065,0.23
"5429",1,29,33,"EQW",1.2534745519254,2.34108412678669,0.303
"5430",1,29,34,"EQW",1.42270803462093,2.15116645398816,0.235
"5431",1,29,35,"EQW",1.0003896588884,1.81142574451807,0.3025
"5432",1,29,36,"EQW",0.860318620150354,1.65188999355969,0.3245
"5433",1,29,37,"EQW",0.741769510524904,1.53525541123441,0.3905
"5434",1,29,38,"EQW",1.00480108074822,1.43198214633919,0.2285
"5435",1,29,1,"SGP",4.17510827020467,3.632153293194,0.6665
"5436",1,29,2,"SGP",1.226374691962,2.51333809273414,0.4715
"5437",1,29,3,"SGP",10.8179508921522,6.36820140089489,0.9935
"5438",1,29,4,"SGP",1.46581596245671,2.81645091025618,0.453
"5439",1,29,5,"SGP",15.416805626353,7.7020443149133,0.0135
"5440",1,29,6,"SGP",13.8788700415503,5.42753042194475,0.9835
"5441",1,29,7,"SGP",15.1420046945159,5.45907508607685,0.021
"5442",1,29,8,"SGP",9.31183384517848,4.28835001504741,0.0755
"5443",1,29,9,"SGP",21.4356321183764,6.3396622181913,0.0105
"5444",1,29,10,"SGP",13.9923821168,4.70310582898422,0.063
"5445",1,29,11,"SGP",3.20017696141827,3.46745055112129,0.3725
"5446",1,29,12,"SGP",2.53700620524151,3.28190091957227,0.4965
"5447",1,29,13,"SGP",3.38740793254215,3.35732084578776,0.705
"5448",1,29,14,"SGP",5.51084633695361,3.70383721396387,0.1855
"5449",1,29,15,"SGP",2.63184263945243,3.31425046206389,0.601
"5450",1,29,16,"SGP",6.88445820013667,3.90940415040464,0.1145
"5451",1,29,17,"SGP",2.28983755299191,3.21494873120082,0.4585
"5452",1,29,18,"SGP",2.52758414534236,3.17923338153214,0.6285
"5453",1,29,19,"SGP",5.83524419541873,3.7829414870144,0.845
"5454",1,29,20,"SGP",2.37051874398843,3.18460714929895,0.3855
"5455",1,29,21,"SGP",2.72152170701743,3.07951899498041,0.2955
"5456",1,29,22,"SGP",4.23119061717121,3.36585396914793,0.1895
"5457",1,29,23,"SGP",1.8628472155241,2.96384273304574,0.506
"5458",1,29,24,"SGP",2.24154232562899,2.96764760530859,0.3565
"5459",1,29,25,"SGP",4.00092569300854,3.29596184156421,0.161
"5460",1,29,26,"SGP",2.12073471006489,2.96594191863141,0.373
"5461",1,29,27,"SGP",1.80547300534807,2.89436420882344,0.365
"5462",1,29,28,"SGP",1.87751361965342,3.01422615110233,0.471
"5463",1,29,29,"SGP",1.91316422421799,3.06936115065213,0.59
"5464",1,29,30,"SGP",1.85091527964211,2.98272903604754,0.4885
"5465",1,29,31,"SGP",1.70982241892589,2.93700159185879,0.4025
"5466",1,29,32,"SGP",1.18546451724999,2.53003136922053,0.5405
"5467",1,29,33,"SGP",1.01444617244387,2.72952558922087,0.6415
"5468",1,29,34,"SGP",1.09031953684396,1.90884615006751,0.486
"5469",1,29,35,"SGP",1.03859352929334,1.82527328667403,0.537
"5470",1,29,36,"SGP",1.01008216874912,1.85763742928886,0.4925
"5471",1,29,37,"SGP",1.0776123378789,1.90275865689579,0.504
"5472",1,29,38,"SGP",1.10176977883938,1.57749880897311,0.4495
"5473",1,29,1,"SGP50",4.17510827020467,3.6125049044472,0.693
"5474",1,29,2,"SGP50",3.51813744142384,3.41810403722113,0.568
"5475",1,29,3,"SGP50",11.9631652217165,4.96523731651606,0.9025
"5476",1,29,4,"SGP50",7.72057746006474,3.81015776139262,0.727
"5477",1,29,5,"SGP50",7.35841518019697,4.61716916337929,0.364
"5478",1,29,6,"SGP50",14.9747081603645,4.88995486987559,0.923
"5479",1,29,7,"SGP50",6.92556628576219,4.44816222822232,0.42
"5480",1,29,8,"SGP50",5.32732771315628,4.12085555843017,0.3845
"5481",1,29,9,"SGP50",10.1213266347648,4.53221543933433,0.2505
"5482",1,29,10,"SGP50",7.12618141776139,4.21275239764149,0.2955
"5483",1,29,11,"SGP50",3.43495214605518,3.54328474350157,0.46
"5484",1,29,12,"SGP50",3.26297355399431,3.59460434408401,0.5175
"5485",1,29,13,"SGP50",4.49573775227573,3.67240958206794,0.7015
"5486",1,29,14,"SGP50",4.35380939636619,3.80358736109432,0.3645
"5487",1,29,15,"SGP50",3.30157521495611,3.48452378032569,0.59
"5488",1,29,16,"SGP50",6.0395817330208,3.88329141190598,0.2165
"5489",1,29,17,"SGP50",2.9829225077798,3.3266413845497,0.395
"5490",1,29,18,"SGP50",2.61126838940265,3.37030780664977,0.457
"5491",1,29,19,"SGP50",3.47591204496333,3.41321753587289,0.691
"5492",1,29,20,"SGP50",2.53818465804186,3.192372279997,0.332
"5493",1,29,21,"SGP50",2.55976708094269,3.07087081855713,0.2735
"5494",1,29,22,"SGP50",4.73158712957303,3.5479288397814,0.1265
"5495",1,29,23,"SGP50",2.09896704708413,3.00218572677888,0.366
"5496",1,29,24,"SGP50",2.54136656108943,2.9937481649571,0.2695
"5497",1,29,25,"SGP50",3.98110476277224,3.32210129745391,0.1505
"5498",1,29,26,"SGP50",2.47292454382069,2.99035962418342,0.269
"5499",1,29,27,"SGP50",1.77007051992423,2.71126448514217,0.341
"5500",1,29,28,"SGP50",1.67841833095444,2.70614944750393,0.374
"5501",1,29,29,"SGP50",1.32987245387195,2.49791386822368,0.4885
"5502",1,29,30,"SGP50",1.32625448847428,2.42491163918507,0.402
"5503",1,29,31,"SGP50",1.65967198677627,2.69256003315149,0.28
"5504",1,29,32,"SGP50",1.57865545525721,2.72423285687359,0.287
"5505",1,29,33,"SGP50",0.965901725828048,2.27640880784115,0.3695
"5506",1,29,34,"SGP50",1.18917862963708,2.0268895465596,0.277
"5507",1,29,35,"SGP50",0.83820719209078,1.74726998705354,0.304
"5508",1,29,36,"SGP50",0.691764644920452,1.50431337240384,0.369
"5509",1,29,37,"SGP50",0.594543291959018,1.37666021207091,0.4255
"5510",1,29,38,"SGP50",0.859775874198944,1.15316540356676,0.211
"5511",1,30,1,"BMA",1.46300803264548,2.63382424979459,0.436
"5512",1,30,2,"BMA",5.27244195919316,4.1781794781753,0.924
"5513",1,30,3,"BMA",10.3949149840201,4.89897570732132,0.9685
"5514",1,30,4,"BMA",11.8379325271076,4.70933096677368,0.932
"5515",1,30,5,"BMA",12.2156169405615,4.51313561598261,0.8715
"5516",1,30,6,"BMA",7.20458988796116,3.98992046092622,0.736
"5517",1,30,7,"BMA",5.20233477683905,3.93996194608629,0.341
"5518",1,30,8,"BMA",5.53684405303705,4.00571152953917,0.37
"5519",1,30,9,"BMA",6.34615487343658,4.06513531936023,0.3565
"5520",1,30,10,"BMA",13.5477363024625,4.37613164066752,0.8675
"5521",1,30,11,"BMA",33.7114760420006,8.27257716065616,1
"5522",1,30,12,"BMA",19.4191860026994,5.20059203371479,0.93
"5523",1,30,13,"BMA",24.683734362858,5.68183755482983,0.968
"5524",1,30,14,"BMA",7.91684880777905,4.19033355590903,0.7035
"5525",1,30,15,"BMA",4.02376783990596,3.70634520282151,0.4655
"5526",1,30,16,"BMA",3.84250374856636,3.76297980717859,0.454
"5527",1,30,17,"BMA",4.43313774141479,3.80018141821354,0.384
"5528",1,30,18,"BMA",3.92729969156708,3.84192256169288,0.49
"5529",1,30,19,"BMA",4.73912489024036,3.77157317996607,0.639
"5530",1,30,20,"BMA",3.72680775502803,3.66428525009836,0.4705
"5531",1,30,21,"BMA",2.95952167068066,3.51050164590544,0.4735
"5532",1,30,22,"BMA",4.70893888155197,3.62932829484781,0.2875
"5533",1,30,23,"BMA",5.77528826416382,3.7305295611075,0.211
"5534",1,30,24,"BMA",9.6678797484078,4.13900848769255,0.11
"5535",1,30,25,"BMA",3.08243305371161,3.45412872098919,0.5525
"5536",1,30,26,"BMA",4.09847025411064,3.51717373053016,0.755
"5537",1,30,27,"BMA",5.54513017142049,3.54772997870206,0.8285
"5538",1,30,28,"BMA",2.11769363993451,3.12690066355583,0.43
"5539",1,30,29,"BMA",2.21186305155233,3.06255742112503,0.406
"5540",1,30,30,"BMA",3.84046395849016,3.31607437238983,0.7505
"5541",1,30,31,"BMA",2.40625499312445,3.22243244841566,0.368
"5542",1,30,32,"BMA",3.62810265182476,3.36936419913206,0.246
"5543",1,30,33,"BMA",2.23080585208329,3.12610860932137,0.4225
"5544",1,30,34,"BMA",7.69823814278064,3.95170162833259,0.915
"5545",1,30,35,"BMA",4.53368313055367,3.38670386346186,0.19
"5546",1,30,36,"BMA",2.10639282633113,3.13917663308416,0.545
"5547",1,30,37,"BMA",1.93844479455529,3.01912273682412,0.497
"5548",1,30,38,"BMA",1.98982644143043,2.97885066086485,0.565
"5549",1,30,1,"AVS",1.46300803264548,2.67786437675094,0.4225
"5550",1,30,2,"AVS",5.98717339682602,4.97940648409405,0.974
"5551",1,30,3,"AVS",10.8009303557972,5.46332190142697,0.975
"5552",1,30,4,"AVS",12.9167077260232,4.86386995995293,0.9455
"5553",1,30,5,"AVS",5.87545812982924,3.87811907072486,0.9485
"5554",1,30,6,"AVS",6.00496635904888,4.02520264208987,0.951
"5555",1,30,7,"AVS",5.85422087932839,3.91094857937952,0.0625
"5556",1,30,8,"AVS",2.44135199814078,2.91710044018974,0.259
"5557",1,30,9,"AVS",13.4640139496004,6.56109709876739,0.0025
"5558",1,30,10,"AVS",10.6080217848298,4.16483715723188,0.8745
"5559",1,30,11,"AVS",12.9058837151108,5.36185948172921,0.9875
"5560",1,30,12,"AVS",17.1790740069076,6.2192351550051,0.0055
"5561",1,30,13,"AVS",4.81822320315173,3.54353087573757,0.781
"5562",1,30,14,"AVS",17.4882586804835,5.73623908052366,0.0165
"5563",1,30,15,"AVS",4.08458310928988,3.59337341521773,0.276
"5564",1,30,16,"AVS",2.96817822857377,3.29713771167952,0.6275
"5565",1,30,17,"AVS",2.82594166531825,3.35858005403066,0.3605
"5566",1,30,18,"AVS",2.31563784195573,3.28208129581876,0.534
"5567",1,30,19,"AVS",3.0377248183351,3.30524179986718,0.6555
"5568",1,30,20,"AVS",5.33994866927275,3.57408920765368,0.165
"5569",1,30,21,"AVS",2.3388669178867,3.19890288890851,0.4195
"5570",1,30,22,"AVS",3.82348147797606,3.42387458661567,0.281
"5571",1,30,23,"AVS",2.5082838767945,3.27912003989336,0.426
"5572",1,30,24,"AVS",4.21649982565063,3.47048854256694,0.2235
"5573",1,30,25,"AVS",2.9568477566161,3.31470996872145,0.695
"5574",1,30,26,"AVS",4.3046809037412,3.43504206818008,0.779
"5575",1,30,27,"AVS",5.66733825552681,3.60366059117451,0.85
"5576",1,30,28,"AVS",2.12091396231817,3.06598332250906,0.405
"5577",1,30,29,"AVS",2.22632642322735,3.12305821970784,0.388
"5578",1,30,30,"AVS",3.80400573285222,3.3048169074788,0.77
"5579",1,30,31,"AVS",2.43265125189136,3.12208816520452,0.3635
"5580",1,30,32,"AVS",3.67730612388331,3.40047233318109,0.2375
"5581",1,30,33,"AVS",2.23321760438395,3.18719656232231,0.423
"5582",1,30,34,"AVS",7.93157020638531,4.0702382143371,0.93
"5583",1,30,35,"AVS",4.87127658736129,3.51074235388662,0.178
"5584",1,30,36,"AVS",2.3176936167756,3.16703972390454,0.584
"5585",1,30,37,"AVS",2.15801441914953,3.14010369508666,0.597
"5586",1,30,38,"AVS",2.53116777990581,3.18311782608213,0.6405
"5587",1,30,1,"EQW",1.46300803264548,2.5972508399076,0.448
"5588",1,30,2,"EQW",4.09716332060125,3.76734175251565,0.825
"5589",1,30,3,"EQW",10.7440724497227,5.26363193280967,0.9705
"5590",1,30,4,"EQW",10.0863566216545,4.86964132190385,0.9415
"5591",1,30,5,"EQW",11.4122640346965,4.34110558501182,0.928
"5592",1,30,6,"EQW",14.2262083170523,4.49020646763744,0.9245
"5593",1,30,7,"EQW",8.36113455416116,4.22845070248995,0.563
"5594",1,30,8,"EQW",7.07707760865691,3.99121940502319,0.631
"5595",1,30,9,"EQW",5.63859689112046,4.26154711681307,0.3925
"5596",1,30,10,"EQW",7.08807268416649,3.84309142328917,0.781
"5597",1,30,11,"EQW",19.337660316516,5.21476778320526,0.966
"5598",1,30,12,"EQW",7.58806244879437,4.49446304412581,0.5845
"5599",1,30,13,"EQW",11.4842170560519,4.26598000307617,0.8595
"5600",1,30,14,"EQW",5.86339402390434,4.20392876916477,0.4315
"5601",1,30,15,"EQW",4.56765607789125,3.781296179644,0.3725
"5602",1,30,16,"EQW",3.52328585617967,3.62559082878047,0.493
"5603",1,30,17,"EQW",3.68189328216673,3.62208848170837,0.388
"5604",1,30,18,"EQW",3.55432731961838,3.7129329714736,0.5485
"5605",1,30,19,"EQW",5.000204488774,3.76897131458636,0.693
"5606",1,30,20,"EQW",4.32372419495308,3.85232766549786,0.457
"5607",1,30,21,"EQW",3.79419892890876,3.71853842168706,0.5215
"5608",1,30,22,"EQW",4.32867592988073,3.83345508048549,0.4135
"5609",1,30,23,"EQW",4.36491889928242,3.69653150658187,0.3515
"5610",1,30,24,"EQW",8.57370047857592,4.03288806254577,0.1515
"5611",1,30,25,"EQW",7.5054257735527,4.02453623938522,0.2165
"5612",1,30,26,"EQW",5.56690806743927,3.90177293243126,0.2775
"5613",1,30,27,"EQW",2.94994210318085,3.38327972672992,0.4845
"5614",1,30,28,"EQW",2.47065409561048,3.30712638719611,0.4575
"5615",1,30,29,"EQW",2.43420412658565,3.25779425571405,0.479
"5616",1,30,30,"EQW",3.68502073579331,3.56332888882069,0.722
"5617",1,30,31,"EQW",3.22294227549138,3.56943457785165,0.636
"5618",1,30,32,"EQW",2.59631125980159,3.33554075838081,0.4795
"5619",1,30,33,"EQW",2.98136976480572,3.15749107699961,0.2965
"5620",1,30,34,"EQW",2.71036057768967,3.19100826117816,0.643
"5621",1,30,35,"EQW",2.92291959819533,3.0675009484141,0.279
"5622",1,30,36,"EQW",2.46900489824304,3.12740528466924,0.33
"5623",1,30,37,"EQW",2.45198468539154,3.16138388449662,0.3215
"5624",1,30,38,"EQW",1.87663155401955,2.92992074256775,0.412
"5625",1,30,1,"SGP",1.46300803264548,2.63408434241521,0.4525
"5626",1,30,2,"SGP",5.62365376762889,4.43513004023505,0.9455
"5627",1,30,3,"SGP",11.6889995391453,8.23648764378525,0.996
"5628",1,30,4,"SGP",8.45833529673584,4.61066845561712,0.9795
"5629",1,30,5,"SGP",6.10464758311874,3.97167356347927,0.9525
"5630",1,30,6,"SGP",6.18765410376891,4.04426433155745,0.9575
"5631",1,30,7,"SGP",5.73906359445632,3.87318529085973,0.068
"5632",1,30,8,"SGP",2.371442250981,2.93352897239795,0.2575
"5633",1,30,9,"SGP",13.2799420838654,6.65135819998819,0.009
"5634",1,30,10,"SGP",4.64293248573079,3.34507926221877,0.851
"5635",1,30,11,"SGP",12.9492273570864,5.57045312702903,0.9895
"5636",1,30,12,"SGP",16.9153648559044,6.08423971699745,0.0105
"5637",1,30,13,"SGP",4.85403664285379,3.67447901039194,0.805
"5638",1,30,14,"SGP",17.3265234637038,5.64889346418207,0.018
"5639",1,30,15,"SGP",4.08883297433118,3.55557347965388,0.28
"5640",1,30,16,"SGP",2.96632044790587,3.31152695566946,0.6475
"5641",1,30,17,"SGP",2.83211800387401,3.3720898990327,0.3785
"5642",1,30,18,"SGP",2.3226447435153,3.24394550442614,0.5215
"5643",1,30,19,"SGP",3.0461674876151,3.25920306416392,0.663
"5644",1,30,20,"SGP",5.32041271978208,3.64202306112526,0.1765
"5645",1,30,21,"SGP",2.34558001173482,3.20781775600864,0.408
"5646",1,30,22,"SGP",3.82734910578251,3.38183075567838,0.283
"5647",1,30,23,"SGP",2.51928468178717,3.2240053499937,0.411
"5648",1,30,24,"SGP",4.24227540174713,3.49492978067983,0.235
"5649",1,30,25,"SGP",2.94405926695718,3.27403326332333,0.68
"5650",1,30,26,"SGP",4.27397512164441,3.46813826275304,0.766
"5651",1,30,27,"SGP",5.63080251469862,3.53648901000215,0.8465
"5652",1,30,28,"SGP",2.12423102537448,3.09813864620491,0.418
"5653",1,30,29,"SGP",2.22842617876232,3.12098093173174,0.391
"5654",1,30,30,"SGP",3.80206195124824,3.38055984222313,0.7905
"5655",1,30,31,"SGP",2.43023659593084,3.17854599027957,0.3825
"5656",1,30,32,"SGP",3.66714857430125,3.44625720888118,0.242
"5657",1,30,33,"SGP",2.23782458168387,3.14637342617093,0.4255
"5658",1,30,34,"SGP",7.87966497507324,3.96575111011254,0.9305
"5659",1,30,35,"SGP",4.85529579071925,3.49272269087141,0.18
"5660",1,30,36,"SGP",2.3118593196788,3.17130596086556,0.59
"5661",1,30,37,"SGP",2.15344793915766,3.13389173314625,0.6005
"5662",1,30,38,"SGP",2.52070564856922,3.13058933575274,0.645
"5663",1,30,1,"SGP50",1.46300803264548,2.64028192693828,0.4565
"5664",1,30,2,"SGP50",4.17506635415628,3.90254268816851,0.851
"5665",1,30,3,"SGP50",10.8115364796808,5.6947488144178,0.978
"5666",1,30,4,"SGP50",10.0289640015686,4.66557210755352,0.9475
"5667",1,30,5,"SGP50",11.1835742320521,4.49512835733208,0.9315
"5668",1,30,6,"SGP50",13.301844913746,4.37104267100173,0.927
"5669",1,30,7,"SGP50",6.70944409496806,4.09889406365253,0.5085
"5670",1,30,8,"SGP50",4.7474694142876,3.64804922159856,0.518
"5671",1,30,9,"SGP50",6.86042716280267,4.44921015885181,0.2905
"5672",1,30,10,"SGP50",6.1722018421849,3.7678334379258,0.8175
"5673",1,30,11,"SGP50",16.3635836662135,5.37139916922715,0.9715
"5674",1,30,12,"SGP50",8.30887026473324,4.74442323150822,0.349
"5675",1,30,13,"SGP50",7.47950741397903,3.91175149482262,0.8195
"5676",1,30,14,"SGP50",10.1584443808448,4.6454900240099,0.2115
"5677",1,30,15,"SGP50",4.4154042156096,3.61970443113769,0.31
"5678",1,30,16,"SGP50",3.05111763591022,3.4483593495598,0.5575
"5679",1,30,17,"SGP50",3.22829280268113,3.5345273667787,0.3555
"5680",1,30,18,"SGP50",2.78811443927907,3.48434443565148,0.529
"5681",1,30,19,"SGP50",3.59614740022288,3.51123530351904,0.667
"5682",1,30,20,"SGP50",4.53469462921446,3.70598503921962,0.2765
"5683",1,30,21,"SGP50",2.79515927853196,3.3131100358572,0.43
"5684",1,30,22,"SGP50",4.10529808172176,3.60960868534364,0.2925
"5685",1,30,23,"SGP50",3.26834440065165,3.49184013618901,0.366
"5686",1,30,24,"SGP50",5.87372953766608,3.72048085613886,0.177
"5687",1,30,25,"SGP50",3.25585580162297,3.63023267281574,0.4965
"5688",1,30,26,"SGP50",3.44403052452877,3.58768308217471,0.593
"5689",1,30,27,"SGP50",4.0496008731373,3.61002379381073,0.7055
"5690",1,30,28,"SGP50",2.29509525941231,3.24993054283955,0.413
"5691",1,30,29,"SGP50",2.34090041620542,3.15091429460124,0.4135
"5692",1,30,30,"SGP50",3.71393855253185,3.42268938567133,0.752
"5693",1,30,31,"SGP50",2.45094764398773,3.30063982760573,0.4545
"5694",1,30,32,"SGP50",3.19108640515721,3.36948638907275,0.3375
"5695",1,30,33,"SGP50",2.5114883615814,3.19725675771093,0.374
"5696",1,30,34,"SGP50",5.41248317247355,3.56318663703715,0.8215
"5697",1,30,35,"SGP50",4.04476865494991,3.34249210850945,0.219
"5698",1,30,36,"SGP50",2.15098935332358,3.18467227976544,0.495
"5699",1,30,37,"SGP50",2.05223699872605,3.10331208786877,0.4995
"5700",1,30,38,"SGP50",2.08070246682547,3.04466050562624,0.5565
"5701",1,31,1,"BMA",0.484624504839226,1.42607388587792,0.503
"5702",1,31,2,"BMA",0.238977749968561,0.750063522015708,0.4535
"5703",1,31,3,"BMA",5.62004259599448,30.6325333590413,0
"5704",1,31,4,"BMA",3.04346241794823,2.92517909631936,0.0575
"5705",1,31,5,"BMA",2.42153484442401,2.6028182170856,0.086
"5706",1,31,6,"BMA",2.63872227407083,2.87406949623577,0.0735
"5707",1,31,7,"BMA",0.838513374491008,2.06200551108961,0.4605
"5708",1,31,8,"BMA",1.1327679953016,2.22360160710489,0.2975
"5709",1,31,9,"BMA",0.845442405179144,2.12570497099183,0.596
"5710",1,31,10,"BMA",0.827866729868628,2.23845475025226,0.594
"5711",1,31,11,"BMA",0.804944950868901,2.06502935900081,0.4145
"5712",1,31,12,"BMA",2.06060075429144,2.71316346970136,0.8245
"5713",1,31,13,"BMA",1.65862878439206,2.62999666823022,0.785
"5714",1,31,14,"BMA",3.42633082209594,3.44001579237033,0.9215
"5715",1,31,15,"BMA",5.6893643055378,4.06734551912619,0.953
"5716",1,31,16,"BMA",1.25241507751827,2.5608175533856,0.6175
"5717",1,31,17,"BMA",4.35014303607974,3.47895486483586,0.916
"5718",1,31,18,"BMA",2.91215341242849,3.11108182769977,0.8475
"5719",1,31,19,"BMA",5.50014004132846,4.04902932307628,0.958
"5720",1,31,20,"BMA",2.09284741181039,2.78990232055896,0.794
"5721",1,31,21,"BMA",4.51659121537105,3.81147300727709,0.9235
"5722",1,31,22,"BMA",2.14707968048325,2.95154122422758,0.7775
"5723",1,31,23,"BMA",1.00887623243867,2.26653915486094,0.4285
"5724",1,31,24,"BMA",0.98397814115038,2.37398992482781,0.4695
"5725",1,31,25,"BMA",4.1142224149222,3.43909167207244,0.059
"5726",1,31,26,"BMA",4.34638307446948,3.60049478103882,0.041
"5727",1,31,27,"BMA",1.69481087469503,2.47433049121237,0.227
"5728",1,31,28,"BMA",1.26422887176565,2.31947538757976,0.3095
"5729",1,31,29,"BMA",0.795773068086061,2.08915035769499,0.4375
"5730",1,31,30,"BMA",0.806483346426001,2.17191829218206,0.6355
"5731",1,31,31,"BMA",2.11589341754967,2.83856556604218,0.858
"5732",1,31,32,"BMA",1.37793388970387,2.42820714095846,0.7795
"5733",1,31,33,"BMA",1.33560988045037,2.37955269756391,0.7605
"5734",1,31,34,"BMA",0.739570220749773,2.02728293556892,0.57
"5735",1,31,35,"BMA",0.686325587859936,2.01666770945039,0.5685
"5736",1,31,36,"BMA",0.747873268027095,1.99997580036121,0.632
"5737",1,31,37,"BMA",0.742103389923984,2.09330592410757,0.6375
"5738",1,31,38,"BMA",1.29445806653755,2.28796852039086,0.7725
"5739",1,31,1,"AVS",0.484624504839226,1.43152049702153,0.5165
"5740",1,31,2,"AVS",0.282364717832642,0.899918310480702,0.456
"5741",1,31,3,"AVS",5.50363129420417,6.55670752967577,5e-04
"5742",1,31,4,"AVS",1.74920992539137,2.64743571027567,0.221
"5743",1,31,5,"AVS",0.563218627496969,1.873965908424,0.465
"5744",1,31,6,"AVS",0.714665236700835,1.85110490558145,0.3095
"5745",1,31,7,"AVS",1.98089243284513,2.6266521030683,0.9195
"5746",1,31,8,"AVS",0.727317883864725,1.91244200072223,0.3315
"5747",1,31,9,"AVS",1.22765661438729,2.10369045220936,0.8435
"5748",1,31,10,"AVS",0.493065592041896,1.67800710397008,0.491
"5749",1,31,11,"AVS",0.700547903533763,1.75866196381471,0.2815
"5750",1,31,12,"AVS",2.90829398219193,3.39986730882096,0.9765
"5751",1,31,13,"AVS",0.488738552631348,1.74807116231254,0.5065
"5752",1,31,14,"AVS",2.12899042672774,2.78080224168015,0.932
"5753",1,31,15,"AVS",2.92954910356617,3.20955123103823,0.9715
"5754",1,31,16,"AVS",2.83802927835786,3.28539439345446,0.04
"5755",1,31,17,"AVS",3.78349266363548,4.16126808490714,0.9825
"5756",1,31,18,"AVS",0.569469127921874,1.81109196467956,0.4815
"5757",1,31,19,"AVS",2.79089033883081,3.01085323136275,0.958
"5758",1,31,20,"AVS",1.81705882586432,2.52901605372723,0.1225
"5759",1,31,21,"AVS",2.62126787081508,2.96316806887948,0.9405
"5760",1,31,22,"AVS",1.14246006782137,2.12588417406859,0.2445
"5761",1,31,23,"AVS",2.77152896567974,3.00080003068338,0.06
"5762",1,31,24,"AVS",0.624290532302636,1.94811330201855,0.49
"5763",1,31,25,"AVS",4.42247377190491,4.58782475048879,0.0135
"5764",1,31,26,"AVS",1.22208054319906,2.22333657276485,0.219
"5765",1,31,27,"AVS",0.816360786913034,2.03685703532254,0.6575
"5766",1,31,28,"AVS",0.803631787958694,2.04444199798515,0.352
"5767",1,31,29,"AVS",0.61906758602142,2.01080106873328,0.514
"5768",1,31,30,"AVS",0.787679379399017,1.96961090243333,0.6815
"5769",1,31,31,"AVS",1.16206232763048,2.19811990167905,0.786
"5770",1,31,32,"AVS",0.76977522709033,2.01113733679988,0.345
"5771",1,31,33,"AVS",0.620818927487481,1.91654356331564,0.497
"5772",1,31,34,"AVS",1.17445631547486,2.16935859630566,0.2245
"5773",1,31,35,"AVS",0.616886093624374,1.99285385746567,0.5
"5774",1,31,36,"AVS",0.575818611966188,1.84587036963552,0.492
"5775",1,31,37,"AVS",0.631299307690183,1.92033034625137,0.481
"5776",1,31,38,"AVS",0.685002962764136,1.93322201161037,0.6485
"5777",1,31,1,"EQW",0.484624504839226,1.43927182837401,0.495
"5778",1,31,2,"EQW",0.446955777024195,1.22133572614044,0.402
"5779",1,31,3,"EQW",5.60637100902413,6.29433322638198,0
"5780",1,31,4,"EQW",1.95874925377217,2.70985095225754,0.2015
"5781",1,31,5,"EQW",1.13145914942773,2.11049285258607,0.302
"5782",1,31,6,"EQW",1.39329972730611,2.19335457932233,0.209
"5783",1,31,7,"EQW",1.12780381283155,2.36054972474086,0.704
"5784",1,31,8,"EQW",0.833526260554869,2.02623998793397,0.3275
"5785",1,31,9,"EQW",1.03422674180636,2.19728236876729,0.7495
"5786",1,31,10,"EQW",0.648696623411163,1.91705460670544,0.5495
"5787",1,31,11,"EQW",0.684187098325925,1.93314290830465,0.3685
"5788",1,31,12,"EQW",2.59844227105781,3.23904589517273,0.9175
"5789",1,31,13,"EQW",0.915116992505193,2.12607047266396,0.6665
"5790",1,31,14,"EQW",2.86638481473513,3.13254455357144,0.934
"5791",1,31,15,"EQW",4.34838066030446,3.94622070270395,0.966
"5792",1,31,16,"EQW",1.29180139382522,2.61967946700582,0.381
"5793",1,31,17,"EQW",4.19809931634905,3.93630270341792,0.95
"5794",1,31,18,"EQW",1.37059552806577,2.36932489020237,0.683
"5795",1,31,19,"EQW",3.77211272281064,3.3319063199933,0.9445
"5796",1,31,20,"EQW",1.34755684227513,2.75337969043842,0.432
"5797",1,31,21,"EQW",3.17880943910661,3.11311618206111,0.9095
"5798",1,31,22,"EQW",1.07684208829853,2.46404575404875,0.476
"5799",1,31,23,"EQW",2.0167394499725,2.83433141751507,0.2025
"5800",1,31,24,"EQW",0.882985400876704,2.19736569398517,0.4445
"5801",1,31,25,"EQW",4.59953564229404,3.80408372803025,0.035
"5802",1,31,26,"EQW",2.71227072460268,2.68106651231971,0.1315
"5803",1,31,27,"EQW",1.2273824723251,2.38472047659122,0.4155
"5804",1,31,28,"EQW",1.38711096015751,2.34776385626466,0.295
"5805",1,31,29,"EQW",0.952990551661812,2.09357181775336,0.398
"5806",1,31,30,"EQW",0.822363661112731,2.17494505268962,0.562
"5807",1,31,31,"EQW",1.31667770939113,2.4304929509326,0.753
"5808",1,31,32,"EQW",0.827838377865866,2.1704375771011,0.502
"5809",1,31,33,"EQW",0.84330926418096,2.17562401232353,0.6035
"5810",1,31,34,"EQW",0.992849702535282,2.23861228515452,0.3495
"5811",1,31,35,"EQW",0.710484791403373,2.01232790751255,0.5085
"5812",1,31,36,"EQW",0.678214499201673,2.06771416796868,0.5435
"5813",1,31,37,"EQW",0.706986027837778,1.99496491521157,0.539
"5814",1,31,38,"EQW",0.93788620822884,2.08020936888248,0.703
"5815",1,31,1,"SGP",0.484624504839226,1.46642837566358,0.503
"5816",1,31,2,"SGP",0.258080872234221,0.830966074103802,0.4685
"5817",1,31,3,"SGP",5.56467548907329,13.0403528174564,0
"5818",1,31,4,"SGP",1.59123137687865,2.54212945743646,0.2625
"5819",1,31,5,"SGP",0.583187015333893,1.82553453417634,0.4555
"5820",1,31,6,"SGP",0.74582287283213,1.87081250435596,0.2935
"5821",1,31,7,"SGP",1.88488354685664,2.58818297124109,0.902
"5822",1,31,8,"SGP",0.730541919488071,1.92123303695562,0.3175
"5823",1,31,9,"SGP",1.20106519729987,2.14279781705786,0.8385
"5824",1,31,10,"SGP",0.494134408321783,1.71393868603918,0.514
"5825",1,31,11,"SGP",0.694331312365459,1.71046493413096,0.2985
"5826",1,31,12,"SGP",2.90950646776097,3.42503154186276,0.973
"5827",1,31,13,"SGP",0.506759005094191,1.75126201502709,0.5045
"5828",1,31,14,"SGP",2.40232353650939,3.14162325261892,0.948
"5829",1,31,15,"SGP",3.34079186874108,3.57144040300808,0.9805
"5830",1,31,16,"SGP",2.42722076222131,2.95350738950321,0.082
"5831",1,31,17,"SGP",4.00650688911617,4.20107852719431,0.9785
"5832",1,31,18,"SGP",0.602039550387741,1.85660503808088,0.5185
"5833",1,31,19,"SGP",2.81419871951248,3.09570844113048,0.944
"5834",1,31,20,"SGP",1.90355391756488,2.51213534904767,0.114
"5835",1,31,21,"SGP",2.61750976494976,2.99044516416987,0.9345
"5836",1,31,22,"SGP",1.10026598603519,2.14022704032027,0.265
"5837",1,31,23,"SGP",2.86269624311158,3.20116344383187,0.0515
"5838",1,31,24,"SGP",0.635870968238569,1.95155506918581,0.5055
"5839",1,31,25,"SGP",4.42546841788867,4.24076355757461,0.0175
"5840",1,31,26,"SGP",1.24131654321307,2.26297686917443,0.199
"5841",1,31,27,"SGP",0.806993667400469,2.01297927447521,0.6235
"5842",1,31,28,"SGP",0.819398275209456,2.10471081571686,0.36
"5843",1,31,29,"SGP",0.629275428469565,1.95163276300056,0.5035
"5844",1,31,30,"SGP",0.784510727701711,1.94740166858035,0.654
"5845",1,31,31,"SGP",1.18293540822128,2.0709611669775,0.754
"5846",1,31,32,"SGP",0.773447212829042,1.98623192982469,0.3435
"5847",1,31,33,"SGP",0.638341639417202,2.00497443497277,0.527
"5848",1,31,34,"SGP",1.17563045360221,2.22859692804643,0.211
"5849",1,31,35,"SGP",0.618442066623437,1.92558927451034,0.4975
"5850",1,31,36,"SGP",0.576051529881883,1.89901929191111,0.494
"5851",1,31,37,"SGP",0.618937744810283,1.92179607016485,0.484
"5852",1,31,38,"SGP",0.70642648496331,1.94689134987584,0.644
"5853",1,31,1,"SGP50",0.484624504839226,1.43679546469688,0.5125
"5854",1,31,2,"SGP50",0.438632135236191,1.22974614343495,0.401
"5855",1,31,3,"SGP50",5.59413121797998,6.45456138239801,0
"5856",1,31,4,"SGP50",1.91700422690488,2.70572985920849,0.222
"5857",1,31,5,"SGP50",1.08300179539904,2.12121626433447,0.303
"5858",1,31,6,"SGP50",1.33519290095118,2.1877288272734,0.207
"5859",1,31,7,"SGP50",1.16787505790249,2.46170924820479,0.7315
"5860",1,31,8,"SGP50",0.82785246601666,1.93269739362948,0.34
"5861",1,31,9,"SGP50",1.04080874415026,2.15660341704298,0.769
"5862",1,31,10,"SGP50",0.629399780130686,1.95101400830823,0.5745
"5863",1,31,11,"SGP50",0.684931384655114,1.88201653735036,0.35
"5864",1,31,12,"SGP50",2.62095668334311,3.27644632252204,0.928
"5865",1,31,13,"SGP50",0.849908686228066,2.09888744587373,0.6315
"5866",1,31,14,"SGP50",2.80936150657748,3.18406943531964,0.941
"5867",1,31,15,"SGP50",4.21774324131481,3.9012757747083,0.972
"5868",1,31,16,"SGP50",1.35312992336289,2.63361959886663,0.3425
"5869",1,31,17,"SGP50",4.18478889355152,4.03915716153252,0.9585
"5870",1,31,18,"SGP50",1.20396026997954,2.22479800851605,0.6425
"5871",1,31,19,"SGP50",3.58181111458539,3.28523270709345,0.944
"5872",1,31,20,"SGP50",1.37157694120062,2.77809439205046,0.3975
"5873",1,31,21,"SGP50",3.06018109966093,3.21356526553747,0.9185
"5874",1,31,22,"SGP50",1.01117559745471,2.37326382129082,0.453
"5875",1,31,23,"SGP50",2.18339758348331,2.86503507655514,0.1815
"5876",1,31,24,"SGP50",0.813797059033079,2.18736430946817,0.447
"5877",1,31,25,"SGP50",4.52460016614297,3.92973397438013,0.028
"5878",1,31,26,"SGP50",2.26764368636274,2.53897816155493,0.1655
"5879",1,31,27,"SGP50",1.0088809533083,2.24564396232992,0.454
"5880",1,31,28,"SGP50",1.18252340523588,2.2290741636652,0.2905
"5881",1,31,29,"SGP50",0.8209291696624,2.10513828496698,0.418
"5882",1,31,30,"SGP50",0.791316164150276,2.13160564728573,0.59
"5883",1,31,31,"SGP50",1.31055372241822,2.39084046767586,0.7595
"5884",1,31,32,"SGP50",0.78523878069862,2.11143593296563,0.459
"5885",1,31,33,"SGP50",0.780805780846087,2.08517378439348,0.555
"5886",1,31,34,"SGP50",1.00922633192703,2.20706849321416,0.305
"5887",1,31,35,"SGP50",0.673172451840915,1.99806279414946,0.5065
"5888",1,31,36,"SGP50",0.64478033573807,1.98921850673491,0.5
"5889",1,31,37,"SGP50",0.672523886776785,2.00986473239743,0.534
"5890",1,31,38,"SGP50",0.878126413280899,2.01241440214752,0.675
"5891",1,32,1,"BMA",0.962206980211886,2.1172620274519,0.342
"5892",1,32,2,"BMA",0.809572291249877,1.95103189101031,0.3315
"5893",1,32,3,"BMA",0.673466433507315,1.97148490924006,0.358
"5894",1,32,4,"BMA",4.5578898841025,5.14657037571323,0.0065
"5895",1,32,5,"BMA",1.33484820904436,2.33393128341835,0.2735
"5896",1,32,6,"BMA",0.649405495411664,2.07509584575613,0.476
"5897",1,32,7,"BMA",0.769142195460111,1.89696064467893,0.336
"5898",1,32,8,"BMA",0.632792515220222,1.84914294823501,0.6375
"5899",1,32,9,"BMA",0.533384834016878,1.749449075664,0.5105
"5900",1,32,10,"BMA",0.499433282148858,1.78193550524966,0.4985
"5901",1,32,11,"BMA",0.684747603196489,1.74717816962815,0.3125
"5902",1,32,12,"BMA",0.393769832409016,1.57814910564101,0.4885
"5903",1,32,13,"BMA",0.380272325756588,1.48614650512076,0.471
"5904",1,32,14,"BMA",0.356074023665503,1.3736469186626,0.4845
"5905",1,32,15,"BMA",0.310444050324795,1.20259656198079,0.433
"5906",1,32,16,"BMA",0.28528699715596,1.01651442527088,0.4035
"5907",1,32,17,"BMA",0.902500063818707,1.58672234974617,0.076
"5908",1,32,18,"BMA",0.2184021559037,-0.0327343320511168,0.334
"5909",1,32,19,"BMA",0.127173817684946,-0.732234268888959,0.431
"5910",1,32,20,"BMA",0.0735679866491027,-1.22162073470126,0.475
"5911",1,32,21,"BMA",0.0499354638492842,-1.81314809836575,0.468
"5912",1,32,22,"BMA",0.0379120462002641,-2.45757006162453,0.382
"5913",1,32,23,"BMA",0.0252036560961346,-2.8765512266802,0.2225
"5914",1,32,24,"BMA",0.0124504820675424,-3.74076918275271,0.0475
"5915",1,32,25,"BMA",0.0100914736368649,-4.14313801625425,0.007
"5916",1,32,26,"BMA",0.00570210619299098,-4.85164319368695,5e-04
"5917",1,32,27,"BMA",0.00486770619291873,-5.10238812883598,0
"5918",1,32,28,"BMA",0.0024219294376293,-6.33481785525328,0
"5919",1,32,29,"BMA",0.0035010130773379,-6.27977303046265,0
"5920",1,32,30,"BMA",0.00174628957197007,-7.63382540359878,0
"5921",1,32,31,"BMA",0.00190423068699608,-8.03966998434574,0
"5922",1,32,32,"BMA",0.00104322198844944,-8.15951994585328,0
"5923",1,32,33,"BMA",0.000763281381495111,-10.1534197563794,0
"5924",1,32,34,"BMA",0.00112542704511252,-11.236885063201,0
"5925",1,32,35,"BMA",0.00108543961816037,-11.006758231391,0
"5926",1,32,36,"BMA",0.000479512017124761,-13.2094910568658,0
"5927",1,32,37,"BMA",0.000262199618679716,-13.2573598223727,0
"5928",1,32,38,"BMA",0.000481601692887836,-13.9521889851263,0
"5929",1,32,1,"AVS",0.962206980211886,2.13469269734431,0.342
"5930",1,32,2,"AVS",0.752428547159747,1.94458638313486,0.373
"5931",1,32,3,"AVS",0.63359197677988,1.89176803826187,0.381
"5932",1,32,4,"AVS",4.37930057514915,4.43265406677948,0.01
"5933",1,32,5,"AVS",1.07906100054729,2.20664831652288,0.32
"5934",1,32,6,"AVS",0.619379260817172,1.96819292840326,0.4965
"5935",1,32,7,"AVS",0.7406305826592,1.86114479743516,0.353
"5936",1,32,8,"AVS",0.637735062936771,1.96015013372583,0.6615
"5937",1,32,9,"AVS",0.531503875682718,1.85770750388773,0.516
"5938",1,32,10,"AVS",0.502099671157792,1.7514625687233,0.499
"5939",1,32,11,"AVS",0.693157937178311,1.82830750429193,0.3
"5940",1,32,12,"AVS",0.392224096626955,1.63722747511628,0.54
"5941",1,32,13,"AVS",0.391624283813265,1.59444314985574,0.5505
"5942",1,32,14,"AVS",0.392530105566522,1.58308067225729,0.5755
"5943",1,32,15,"AVS",0.371867064458804,1.59256911143793,0.567
"5944",1,32,16,"AVS",0.37103573779061,1.52723267717713,0.569
"5945",1,32,17,"AVS",0.449657687032176,0.527877340101518,0.372
"5946",1,32,18,"AVS",0.184883127198182,-0.255887631988995,0.522
"5947",1,32,19,"AVS",0.145751244201059,-0.430913222654144,0.5695
"5948",1,32,20,"AVS",0.131404970875976,-0.498361375447097,0.5685
"5949",1,32,21,"AVS",0.121085520982028,-0.524424796591373,0.5735
"5950",1,32,22,"AVS",0.0982660274764175,-0.803808815251997,0.606
"5951",1,32,23,"AVS",0.111435186371979,-0.717859693234775,0.588
"5952",1,32,24,"AVS",0.105649928381366,-0.933135664353966,0.605
"5953",1,32,25,"AVS",0.105794879931606,-0.817419650290483,0.601
"5954",1,32,26,"AVS",0.100139808798337,-0.841050462491456,0.59
"5955",1,32,27,"AVS",0.0924920914544999,-0.831613924021452,0.593
"5956",1,32,28,"AVS",0.0835729621440584,-0.947057683385001,0.5945
"5957",1,32,29,"AVS",0.0896252272575511,-0.873853457804758,0.594
"5958",1,32,30,"AVS",0.0924708291784611,-0.909866649753488,0.5965
"5959",1,32,31,"AVS",0.0781280846681152,-0.98821778060221,0.6
"5960",1,32,32,"AVS",0.0809441857043381,-1.00947953713514,0.625
"5961",1,32,33,"AVS",0.0701136499653213,-0.944993854341367,0.5895
"5962",1,32,34,"AVS",0.0742984762531601,-1.13902688103134,0.6265
"5963",1,32,35,"AVS",0.086151703347834,-0.996416381470801,0.5715
"5964",1,32,36,"AVS",0.0844609670465133,-0.853203264127495,0.559
"5965",1,32,37,"AVS",0.149863615161387,-0.402612348437847,0.487
"5966",1,32,38,"AVS",0.127088298758784,-0.531503352573757,0.524
"5967",1,32,1,"EQW",0.962206980211886,2.17797946253355,0.324
"5968",1,32,2,"EQW",0.8831590139764,1.99463915745044,0.337
"5969",1,32,3,"EQW",0.786090039190227,2.00704484246591,0.367
"5970",1,32,4,"EQW",4.64523275411283,4.76526904053639,0.005
"5971",1,32,5,"EQW",2.09276795278088,2.59015611528504,0.207
"5972",1,32,6,"EQW",1.41815887172471,2.33899982366588,0.27
"5973",1,32,7,"EQW",1.57178376443725,2.13637338116638,0.1925
"5974",1,32,8,"EQW",0.564374153543001,1.74948927033956,0.4875
"5975",1,32,9,"EQW",0.478963108315531,1.54792581678985,0.4625
"5976",1,32,10,"EQW",0.42464660044198,1.50017100905213,0.485
"5977",1,32,11,"EQW",0.636954281704086,1.50998642581938,0.258
"5978",1,32,12,"EQW",0.364891859837024,1.32358718481914,0.4055
"5979",1,32,13,"EQW",0.315961703377613,1.2200668020345,0.447
"5980",1,32,14,"EQW",0.298792009185501,1.15825549144243,0.4975
"5981",1,32,15,"EQW",0.287644468515003,1.1827924841548,0.532
"5982",1,32,16,"EQW",0.279293967591851,1.16117450326306,0.526
"5983",1,32,17,"EQW",0.507496346957872,0.669805408178106,0.194
"5984",1,32,18,"EQW",0.241567661286566,0.0366711331358334,0.2585
"5985",1,32,19,"EQW",0.158914019889372,-0.435028438479068,0.3005
"5986",1,32,20,"EQW",0.117460154259774,-0.748450332217249,0.2955
"5987",1,32,21,"EQW",0.0964082424019847,-0.941716310187383,0.287
"5988",1,32,22,"EQW",0.0795159956527953,-1.11269354723091,0.297
"5989",1,32,23,"EQW",0.075409710098491,-1.20685894042465,0.2875
"5990",1,32,24,"EQW",0.0699143376972737,-1.44530763679344,0.2845
"5991",1,32,25,"EQW",0.0662047367750601,-1.67712060624459,0.2975
"5992",1,32,26,"EQW",0.0608554851298513,-1.7008164550379,0.291
"5993",1,32,27,"EQW",0.0587677108009158,-1.61733660106212,0.293
"5994",1,32,28,"EQW",0.0543426457890396,-1.94227030873424,0.286
"5995",1,32,29,"EQW",0.0520135333193824,-1.7436958836954,0.296
"5996",1,32,30,"EQW",0.052372761702158,-1.79511162264874,0.289
"5997",1,32,31,"EQW",0.0463926087485182,-2.17053039864251,0.297
"5998",1,32,32,"EQW",0.0470578201238999,-2.00215867051002,0.301
"5999",1,32,33,"EQW",0.0449287479003676,-2.2092390295245,0.2825
"6000",1,32,34,"EQW",0.0451363597227371,-1.9856701806267,0.292
"6001",1,32,35,"EQW",0.0451934676998882,-2.03600289756521,0.2785
"6002",1,32,36,"EQW",0.045719954909699,-1.76717575333879,0.265
"6003",1,32,37,"EQW",0.0589056196247221,-1.76943253008248,0.2415
"6004",1,32,38,"EQW",0.0535321163088111,-1.82674371617146,0.263
"6005",1,32,1,"SGP",0.962206980211886,2.08573207713602,0.3565
"6006",1,32,2,"SGP",0.779407989928732,1.98821383068055,0.3465
"6007",1,32,3,"SGP",0.653894487187396,1.86256848140255,0.3735
"6008",1,32,4,"SGP",4.59444319601097,4.85618960653281,0.0065
"6009",1,32,5,"SGP",1.13585667782506,2.20738798899651,0.302
"6010",1,32,6,"SGP",0.665107981300058,2.04266662185104,0.454
"6011",1,32,7,"SGP",0.786939734347843,1.83482676831732,0.3245
"6012",1,32,8,"SGP",0.625972397834002,1.96204680405703,0.635
"6013",1,32,9,"SGP",0.510194697973924,1.83756783773128,0.4925
"6014",1,32,10,"SGP",0.49154947063424,1.67397254957504,0.5
"6015",1,32,11,"SGP",0.710390392773914,1.78466275914895,0.2945
"6016",1,32,12,"SGP",0.359503410228721,1.59396032046153,0.5455
"6017",1,32,13,"SGP",0.382433374821287,1.58908312077522,0.608
"6018",1,32,14,"SGP",0.382015188585605,1.59176247077235,0.6335
"6019",1,32,15,"SGP",0.378076373023031,1.47337751442361,0.6605
"6020",1,32,16,"SGP",0.360454257904369,1.40520204191344,0.67
"6021",1,32,17,"SGP",0.305378620555319,0.262224169777558,0.4205
"6022",1,32,18,"SGP",0.141016142191153,-0.481298720228102,0.532
"6023",1,32,19,"SGP",0.0746433487212709,-1.13386457188739,0.6295
"6024",1,32,20,"SGP",0.0798092500070632,-1.25491611087337,0.6255
"6025",1,32,21,"SGP",0.0650870441798767,-1.12863424153196,0.6155
"6026",1,32,22,"SGP",0.0587385089084886,-1.47273521995286,0.6285
"6027",1,32,23,"SGP",0.0700023595004863,-1.23560639058275,0.6105
"6028",1,32,24,"SGP",0.0762993964708052,-1.23367963561441,0.616
"6029",1,32,25,"SGP",0.0680567629740103,-1.37699824201203,0.606
"6030",1,32,26,"SGP",0.0739110584415954,-1.08981177137998,0.579
"6031",1,32,27,"SGP",0.063236679131251,-1.29485963215706,0.591
"6032",1,32,28,"SGP",0.0589962475353421,-1.74364705431584,0.621
"6033",1,32,29,"SGP",0.0662281114553504,-1.35502856774776,0.5945
"6034",1,32,30,"SGP",0.0686572787033701,-1.43780402625117,0.597
"6035",1,32,31,"SGP",0.0595888763860526,-1.48992139447712,0.597
"6036",1,32,32,"SGP",0.0612390080535554,-1.48782233895287,0.5905
"6037",1,32,33,"SGP",0.0538774315561259,-1.88439915178394,0.6025
"6038",1,32,34,"SGP",0.057374583001563,-1.27416770445558,0.5805
"6039",1,32,35,"SGP",0.0710581909838928,-1.31508320586644,0.557
"6040",1,32,36,"SGP",0.0702405782046913,-1.23006353680559,0.5425
"6041",1,32,37,"SGP",0.129173451148725,-0.669903347183025,0.476
"6042",1,32,38,"SGP",0.108179418001203,-0.783193780110782,0.501
"6043",1,32,1,"SGP50",0.962206980211886,2.15278334266869,0.342
"6044",1,32,2,"SGP50",0.87907552001634,2.08810034363486,0.3195
"6045",1,32,3,"SGP50",0.778438614930564,1.93535472248892,0.3695
"6046",1,32,4,"SGP50",4.63435893256307,4.72951116642538,0.0095
"6047",1,32,5,"SGP50",2.03949010927088,2.55291681314531,0.2015
"6048",1,32,6,"SGP50",1.36208789697324,2.31492300940043,0.275
"6049",1,32,7,"SGP50",1.50393649957489,2.11989568859639,0.194
"6050",1,32,8,"SGP50",0.556114554307355,1.75959112035029,0.5175
"6051",1,32,9,"SGP50",0.476317360537573,1.59732186964847,0.4805
"6052",1,32,10,"SGP50",0.425676592577388,1.53000373109515,0.474
"6053",1,32,11,"SGP50",0.640977208795447,1.57236470419329,0.2685
"6054",1,32,12,"SGP50",0.364075304032662,1.28354365545097,0.4395
"6055",1,32,13,"SGP50",0.318931901741145,1.26324194997465,0.48
"6056",1,32,14,"SGP50",0.303353498389781,1.24233089350213,0.521
"6057",1,32,15,"SGP50",0.291754042072999,1.26833223391654,0.5355
"6058",1,32,16,"SGP50",0.283361503021397,1.17573631993722,0.519
"6059",1,32,17,"SGP50",0.507108222129177,0.730534293541225,0.2005
"6060",1,32,18,"SGP50",0.240906233994453,0.0449395897349453,0.2815
"6061",1,32,19,"SGP50",0.158690947636737,-0.461017734715901,0.3085
"6062",1,32,20,"SGP50",0.118761099051312,-0.664986848633345,0.297
"6063",1,32,21,"SGP50",0.0978228145391069,-0.955253118099763,0.316
"6064",1,32,22,"SGP50",0.0809495584382267,-1.248449937596,0.3165
"6065",1,32,23,"SGP50",0.077568719256409,-1.26480237348919,0.2895
"6066",1,32,24,"SGP50",0.0720691119145173,-1.27399637092279,0.3055
"6067",1,32,25,"SGP50",0.0683217092477311,-1.44785548884686,0.3105
"6068",1,32,26,"SGP50",0.06300463646009,-1.44669571165634,0.3065
"6069",1,32,27,"SGP50",0.060692219491282,-1.54891529678108,0.2935
"6070",1,32,28,"SGP50",0.0559726931430904,-1.79579746774722,0.3275
"6071",1,32,29,"SGP50",0.053610371266323,-1.76442788882695,0.3005
"6072",1,32,30,"SGP50",0.0539528287319757,-1.83990059961452,0.283
"6073",1,32,31,"SGP50",0.0476420337758791,-2.19206712228929,0.2935
"6074",1,32,32,"SGP50",0.0482138706846367,-1.83318784775545,0.2905
"6075",1,32,33,"SGP50",0.045778159957144,-2.06923717097129,0.2945
"6076",1,32,34,"SGP50",0.0458810721437455,-2.06332687439747,0.3035
"6077",1,32,35,"SGP50",0.0460927035460431,-1.97271500182155,0.2845
"6078",1,32,36,"SGP50",0.0463913733813271,-1.9295139524993,0.289
"6079",1,32,37,"SGP50",0.0605818727839428,-1.47781660807215,0.242
"6080",1,32,38,"SGP50",0.0546276284883931,-1.6284227085591,0.2775
"6081",1,33,1,"BMA",3.44519820674639,3.52552642789536,0.439
"6082",1,33,2,"BMA",6.33858401011329,3.87420520162721,0.831
"6083",1,33,3,"BMA",3.76820490879579,3.4107559339135,0.7535
"6084",1,33,4,"BMA",3.42899109830403,3.14454439507053,0.7375
"6085",1,33,5,"BMA",11.0116491519166,4.92887008764721,0.0535
"6086",1,33,6,"BMA",4.68594535086693,3.5266281624002,0.757
"6087",1,33,7,"BMA",3.50381755406449,3.53663967482823,0.327
"6088",1,33,8,"BMA",5.31441096735233,3.61882459792696,0.1795
"6089",1,33,9,"BMA",7.77145760835275,3.95452075095313,0.9115
"6090",1,33,10,"BMA",6.57927427512224,3.8917478308571,0.877
"6091",1,33,11,"BMA",6.4260617195812,3.7301823248792,0.86
"6092",1,33,12,"BMA",2.40664322124179,3.17446325577834,0.6065
"6093",1,33,13,"BMA",8.2154286895511,4.13642682225556,0.08
"6094",1,33,14,"BMA",9.03063610884775,4.16490583056137,0.0745
"6095",1,33,15,"BMA",6.15917016660381,3.68650822758821,0.1275
"6096",1,33,16,"BMA",5.32932963799474,3.71733770959823,0.1545
"6097",1,33,17,"BMA",3.49151819459085,3.30765067401074,0.727
"6098",1,33,18,"BMA",4.2461017833333,3.43892941469361,0.203
"6099",1,33,19,"BMA",3.44373758377733,3.31424759621236,0.2735
"6100",1,33,20,"BMA",3.24692624996637,3.34281403541378,0.281
"6101",1,33,21,"BMA",3.8697825264175,3.42031702467576,0.2275
"6102",1,33,22,"BMA",2.94322303427066,3.25453652585458,0.298
"6103",1,33,23,"BMA",2.66595675642082,3.18629943068133,0.322
"6104",1,33,24,"BMA",5.20740354600285,3.58981837277371,0.136
"6105",1,33,25,"BMA",2.05845605040701,3.07969629308529,0.4795
"6106",1,33,26,"BMA",2.64400968133653,3.15358480386183,0.328
"6107",1,33,27,"BMA",2.19665087052322,3.04798969093368,0.6105
"6108",1,33,28,"BMA",2.10769319574678,3.08933515123948,0.404
"6109",1,33,29,"BMA",1.87027246487762,3.01940055586599,0.4985
"6110",1,33,30,"BMA",2.26320112537723,3.14907180485917,0.377
"6111",1,33,31,"BMA",1.89039754948102,3.01426479066089,0.5695
"6112",1,33,32,"BMA",2.46213297530967,2.99858103294086,0.344
"6113",1,33,33,"BMA",2.04942101315322,2.95426622874998,0.3855
"6114",1,33,34,"BMA",1.55943124717847,2.82273862630797,0.4265
"6115",1,33,35,"BMA",1.41531234987481,2.65023223874392,0.5735
"6116",1,33,36,"BMA",2.61694154711422,2.83302249764372,0.1985
"6117",1,33,37,"BMA",2.42179940676359,3.12455260995065,0.1565
"6118",1,33,38,"BMA",1.06439334345403,2.35925553003919,0.454
"6119",1,33,1,"AVS",3.44519820674639,3.49954931235128,0.4545
"6120",1,33,2,"AVS",7.85793132575852,4.02696234027301,0.924
"6121",1,33,3,"AVS",3.51415321291827,3.41605535525249,0.69
"6122",1,33,4,"AVS",2.12405503823502,2.8599337727493,0.6795
"6123",1,33,5,"AVS",12.8155918132044,6.59039408742016,0.0115
"6124",1,33,6,"AVS",2.91303515562527,3.30713869798813,0.6615
"6125",1,33,7,"AVS",6.15306512862536,3.99933474529461,0.1155
"6126",1,33,8,"AVS",5.35623932034869,3.80410293785283,0.218
"6127",1,33,9,"AVS",8.80270823848802,4.10650843787532,0.8915
"6128",1,33,10,"AVS",8.4703074441632,4.09548401736417,0.9155
"6129",1,33,11,"AVS",4.8470187809335,3.50439834567372,0.8205
"6130",1,33,12,"AVS",1.97206278742986,2.9947055507345,0.4205
"6131",1,33,13,"AVS",12.4514256821406,5.78427134509251,0.01
"6132",1,33,14,"AVS",9.26678767623666,4.28157502607714,0.063
"6133",1,33,15,"AVS",6.09836126841703,3.73796138597504,0.1355
"6134",1,33,16,"AVS",5.33159815782987,3.58391345914503,0.1795
"6135",1,33,17,"AVS",3.47850086747445,3.376352490775,0.726
"6136",1,33,18,"AVS",4.2436773790225,3.46296715196445,0.196
"6137",1,33,19,"AVS",3.47710145419349,3.35209652764687,0.2615
"6138",1,33,20,"AVS",3.29998576341705,3.414709525859,0.293
"6139",1,33,21,"AVS",3.93607119074508,3.41085850587621,0.214
"6140",1,33,22,"AVS",2.99837242655532,3.17439581221744,0.277
"6141",1,33,23,"AVS",2.66342046973523,3.11666453184164,0.3115
"6142",1,33,24,"AVS",5.13649498047347,3.5107006061764,0.1585
"6143",1,33,25,"AVS",2.05909473473093,3.12515306197077,0.5225
"6144",1,33,26,"AVS",2.5350833051709,3.10431781379017,0.3195
"6145",1,33,27,"AVS",2.33212313732596,3.06698231148342,0.638
"6146",1,33,28,"AVS",2.15732564654191,3.06881913737791,0.4035
"6147",1,33,29,"AVS",1.89099291108999,3.07640246504169,0.5365
"6148",1,33,30,"AVS",2.21088419924746,3.0852057230678,0.373
"6149",1,33,31,"AVS",1.99352749770659,3.08934183013557,0.5845
"6150",1,33,32,"AVS",2.51645626733308,3.1158529497554,0.3195
"6151",1,33,33,"AVS",2.04114184768844,2.99777611392887,0.413
"6152",1,33,34,"AVS",1.66483651518066,2.92543327903911,0.5015
"6153",1,33,35,"AVS",1.89469412928696,3.03892969661485,0.587
"6154",1,33,36,"AVS",2.70742792042142,3.10038911663408,0.2795
"6155",1,33,37,"AVS",1.57337149918558,2.94556822576672,0.461
"6156",1,33,38,"AVS",1.98133224089789,3.07153108291282,0.7085
"6157",1,33,1,"EQW",3.44519820674639,3.63332701165805,0.435
"6158",1,33,2,"EQW",5.22384031286214,3.81275208056499,0.7555
"6159",1,33,3,"EQW",3.93353314573914,3.49465450748049,0.725
"6160",1,33,4,"EQW",4.71425845685905,3.55771136355937,0.773
"6161",1,33,5,"EQW",6.3209362308826,4.03263729706586,0.2245
"6162",1,33,6,"EQW",4.45719032526166,3.58598526031738,0.7235
"6163",1,33,7,"EQW",3.58149756898913,3.67272412584649,0.398
"6164",1,33,8,"EQW",4.62536244638645,3.7737309830684,0.292
"6165",1,33,9,"EQW",8.85595655193642,4.07198357884599,0.911
"6166",1,33,10,"EQW",9.61492194307025,4.09602692054251,0.896
"6167",1,33,11,"EQW",12.1145218413837,4.12185921359915,0.8995
"6168",1,33,12,"EQW",8.51939055593405,3.86207903932799,0.7525
"6169",1,33,13,"EQW",5.73415119823686,4.16687499111959,0.4475
"6170",1,33,14,"EQW",5.88626531879669,4.14898552421872,0.304
"6171",1,33,15,"EQW",5.34694488874347,3.95654818753936,0.2615
"6172",1,33,16,"EQW",4.72438359570812,3.78039732595746,0.313
"6173",1,33,17,"EQW",5.08294240536156,3.6827784774277,0.7425
"6174",1,33,18,"EQW",3.52255382681693,3.58583184282374,0.4355
"6175",1,33,19,"EQW",2.88573858764358,3.36951403450779,0.466
"6176",1,33,20,"EQW",2.76660968730978,3.36660832985633,0.4985
"6177",1,33,21,"EQW",2.68506390827338,3.37534568049778,0.4355
"6178",1,33,22,"EQW",2.3154737202005,3.25113228545206,0.4965
"6179",1,33,23,"EQW",2.17468000147268,3.13046371927134,0.492
"6180",1,33,24,"EQW",3.4568236608358,3.38359186347335,0.2565
"6181",1,33,25,"EQW",1.89314712818283,3.0984645361054,0.54
"6182",1,33,26,"EQW",1.9208875875777,2.98453225327543,0.3935
"6183",1,33,27,"EQW",2.48321696245136,3.11263352274823,0.7055
"6184",1,33,28,"EQW",1.9275248094896,2.96814657234676,0.5855
"6185",1,33,29,"EQW",2.48547092776294,3.1960901325786,0.7095
"6186",1,33,30,"EQW",1.79054509388109,2.98494417497657,0.575
"6187",1,33,31,"EQW",2.68640970738188,3.1278908996535,0.743
"6188",1,33,32,"EQW",1.68854262623296,2.88563678643466,0.5195
"6189",1,33,33,"EQW",1.48046987708569,2.80493854903447,0.507
"6190",1,33,34,"EQW",1.38670451122292,2.78860033206811,0.5505
"6191",1,33,35,"EQW",1.75810274064256,2.83111992382193,0.677
"6192",1,33,36,"EQW",1.81924768562408,2.81272707861334,0.316
"6193",1,33,37,"EQW",1.44599333914118,2.65279749376551,0.3555
"6194",1,33,38,"EQW",1.26761786391861,2.61200148817492,0.6235
"6195",1,33,1,"SGP",3.44519820674639,3.53440667239105,0.4365
"6196",1,33,2,"SGP",7.46586566461957,4.06601805602765,0.9135
"6197",1,33,3,"SGP",3.47936738601354,3.24275547211391,0.751
"6198",1,33,4,"SGP",2.29464132561784,2.95469703303275,0.74
"6199",1,33,5,"SGP",12.3934459128425,5.9494429142886,0.016
"6200",1,33,6,"SGP",2.14908826145653,2.99695104797828,0.6725
"6201",1,33,7,"SGP",6.76601739181396,4.0716291979006,0.0805
"6202",1,33,8,"SGP",10.0002951060179,4.92198679393275,0.0275
"6203",1,33,9,"SGP",4.87539093689143,3.69030178003851,0.842
"6204",1,33,10,"SGP",3.19187120630435,3.24112234143598,0.746
"6205",1,33,11,"SGP",3.64386173971827,3.2695765790489,0.7845
"6206",1,33,12,"SGP",1.98456687371389,3.03517515714034,0.415
"6207",1,33,13,"SGP",12.3479910129834,5.68763077310153,0.014
"6208",1,33,14,"SGP",12.7771983305981,5.07063168937708,0.015
"6209",1,33,15,"SGP",8.65200249538969,4.18028389786053,0.071
"6210",1,33,16,"SGP",5.13863400304321,3.63536989370608,0.1965
"6211",1,33,17,"SGP",3.98857003187429,3.45924486048568,0.7535
"6212",1,33,18,"SGP",4.39657353760172,3.47855538089973,0.234
"6213",1,33,19,"SGP",2.29994150548992,3.13496244394994,0.4145
"6214",1,33,20,"SGP",2.07189077352725,3.1179692246816,0.4625
"6215",1,33,21,"SGP",2.42717426902489,3.10184555707057,0.403
"6216",1,33,22,"SGP",1.98709607277725,3.08181589150989,0.501
"6217",1,33,23,"SGP",2.00629500429234,3.03578008560774,0.4275
"6218",1,33,24,"SGP",4.18013587851871,3.38414535897246,0.182
"6219",1,33,25,"SGP",2.29646069912443,3.17654976866721,0.6205
"6220",1,33,26,"SGP",2.15277481274416,3.02072910220169,0.3695
"6221",1,33,27,"SGP",2.72780931406197,3.07466270429271,0.687
"6222",1,33,28,"SGP",2.10748511706182,3.06552463433073,0.3985
"6223",1,33,29,"SGP",2.16804869738751,3.02999618279076,0.654
"6224",1,33,30,"SGP",1.7894311522338,2.95076740323753,0.435
"6225",1,33,31,"SGP",2.32710488889703,3.03639366569774,0.681
"6226",1,33,32,"SGP",2.16703454035394,3.06966697438689,0.382
"6227",1,33,33,"SGP",1.67341445029216,2.80911970626805,0.442
"6228",1,33,34,"SGP",1.69069245199166,2.93703895239451,0.528
"6229",1,33,35,"SGP",2.04676135274001,3.05612678536701,0.634
"6230",1,33,36,"SGP",2.33467195231757,3.01391377271437,0.314
"6231",1,33,37,"SGP",1.43241422398394,2.85249447543848,0.5145
"6232",1,33,38,"SGP",2.08680501295853,3.1674564638771,0.7205
"6233",1,33,1,"SGP50",3.44519820674639,3.5561319403627,0.438
"6234",1,33,2,"SGP50",5.32747228032038,3.8890462315409,0.7685
"6235",1,33,3,"SGP50",3.90195199065091,3.42258512756248,0.7145
"6236",1,33,4,"SGP50",4.61935127251786,3.44977575055008,0.766
"6237",1,33,5,"SGP50",6.63827298800439,4.12308876347595,0.2205
"6238",1,33,6,"SGP50",4.17188239975947,3.46285597137576,0.737
"6239",1,33,7,"SGP50",3.67243897644555,3.6630363967549,0.348
"6240",1,33,8,"SGP50",5.23723734767936,3.78232691526541,0.2575
"6241",1,33,9,"SGP50",7.88962171406804,3.91522210380874,0.899
"6242",1,33,10,"SGP50",7.48637621896488,3.71308304978826,0.859
"6243",1,33,11,"SGP50",8.64613964990132,3.95083466144575,0.8835
"6244",1,33,12,"SGP50",4.57422569095371,3.52261352164315,0.6615
"6245",1,33,13,"SGP50",6.54247268335894,4.21581891723075,0.251
"6246",1,33,14,"SGP50",8.13086753956876,4.34578044402283,0.1535
"6247",1,33,15,"SGP50",6.50179315182981,3.97239733508854,0.167
"6248",1,33,16,"SGP50",5.13008394284063,3.68876863744616,0.211
"6249",1,33,17,"SGP50",4.1526282788682,3.54610957806801,0.73
"6250",1,33,18,"SGP50",3.77563494303941,3.55696339166729,0.294
"6251",1,33,19,"SGP50",2.73594253333832,3.2682860593152,0.387
"6252",1,33,20,"SGP50",2.51161093091815,3.29797770894878,0.4345
"6253",1,33,21,"SGP50",2.82029940712018,3.23297467754618,0.3655
"6254",1,33,22,"SGP50",2.25148592361307,3.15433024542465,0.432
"6255",1,33,23,"SGP50",2.20636416220761,3.0142768761555,0.397
"6256",1,33,24,"SGP50",4.19935715397296,3.45065180011866,0.188
"6257",1,33,25,"SGP50",1.96671795960213,3.08637275724207,0.5295
"6258",1,33,26,"SGP50",2.17360563928211,3.01950862734268,0.376
"6259",1,33,27,"SGP50",2.37954072888984,3.10346719711651,0.6735
"6260",1,33,28,"SGP50",1.91942165597565,3.00906793516057,0.483
"6261",1,33,29,"SGP50",2.1027169839786,3.05342490420215,0.635
"6262",1,33,30,"SGP50",1.75232284706523,2.9299929264897,0.4655
"6263",1,33,31,"SGP50",2.25094813963045,3.00592621857667,0.676
"6264",1,33,32,"SGP50",1.86676346015796,2.97074158802149,0.4165
"6265",1,33,33,"SGP50",1.64677246215525,2.76592308088453,0.4315
"6266",1,33,34,"SGP50",1.46326715836379,2.80226067596228,0.498
"6267",1,33,35,"SGP50",1.68482310335263,2.80149077815326,0.6335
"6268",1,33,36,"SGP50",2.25519024073416,2.92051896241134,0.2685
"6269",1,33,37,"SGP50",1.59822510022652,2.75053165566047,0.3855
"6270",1,33,38,"SGP50",1.41662364032962,2.6923060954325,0.6025
"6271",1,34,1,"BMA",6.18789936699211,3.92118774005105,0.781
"6272",1,34,2,"BMA",5.84039222162782,3.94394443940324,0.805
"6273",1,34,3,"BMA",3.42640849446405,3.60971253429927,0.5015
"6274",1,34,4,"BMA",10.1125215195004,4.45581680598818,0.872
"6275",1,34,5,"BMA",7.87407067158241,4.01711343280049,0.802
"6276",1,34,6,"BMA",5.96558090346108,3.81243666159627,0.7675
"6277",1,34,7,"BMA",6.17262146864005,3.7309218116286,0.768
"6278",1,34,8,"BMA",3.28533355858992,3.50978830103051,0.465
"6279",1,34,9,"BMA",11.041759529407,4.74147938679128,0.117
"6280",1,34,10,"BMA",5.07688372388048,3.65520034262551,0.5935
"6281",1,34,11,"BMA",7.24865410095211,3.86857831906378,0.595
"6282",1,34,12,"BMA",6.20970664153864,3.74397594964501,0.698
"6283",1,34,13,"BMA",3.29769563706523,3.4977707211178,0.532
"6284",1,34,14,"BMA",3.30634144178927,3.48788307115787,0.4055
"6285",1,34,15,"BMA",3.98521178235952,3.65811008503774,0.3365
"6286",1,34,16,"BMA",7.81230837309559,4.14948652429576,0.1285
"6287",1,34,17,"BMA",9.62289115040573,4.22272124308405,0.068
"6288",1,34,18,"BMA",2.24221175059919,3.16501176713408,0.577
"6289",1,34,19,"BMA",2.72639324008498,3.10629707764399,0.694
"6290",1,34,20,"BMA",9.45825346020508,4.4922852839232,0.956
"6291",1,34,21,"BMA",7.25827149736066,4.16743821083031,0.9125
"6292",1,34,22,"BMA",8.98859650759475,4.34103347430725,0.9185
"6293",1,34,23,"BMA",4.26253509753693,3.43035929224751,0.7415
"6294",1,34,24,"BMA",4.25029556839029,3.60341872483226,0.211
"6295",1,34,25,"BMA",2.6809154216417,3.11904782967377,0.708
"6296",1,34,26,"BMA",1.75351382295364,2.98345435494363,0.5005
"6297",1,34,27,"BMA",1.60332660763098,2.85080564817327,0.5495
"6298",1,34,28,"BMA",2.44180907198744,2.97933224128705,0.2865
"6299",1,34,29,"BMA",2.42946233698026,2.91933096103731,0.2605
"6300",1,34,30,"BMA",2.69799153887133,2.92012285683739,0.7655
"6301",1,34,31,"BMA",3.18647541132999,3.03450435156123,0.1865
"6302",1,34,32,"BMA",1.26218942149217,2.55081160081146,0.462
"6303",1,34,33,"BMA",3.10000393016944,3.07800487039416,0.868
"6304",1,34,34,"BMA",1.40504783083084,2.65225629826321,0.669
"6305",1,34,35,"BMA",1.19208419127124,2.50372135856457,0.675
"6306",1,34,36,"BMA",2.61433002180834,2.81211085367328,0.1235
"6307",1,34,37,"BMA",0.84362791953686,2.16941096894144,0.567
"6308",1,34,38,"BMA",0.787422547226444,2.04402200396218,0.3905
"6309",1,34,1,"AVS",6.18789936699211,3.90742459541462,0.7725
"6310",1,34,2,"AVS",6.04194156629666,3.83113934268674,0.814
"6311",1,34,3,"AVS",3.8138487561579,3.61635483198611,0.67
"6312",1,34,4,"AVS",15.6605833111758,5.11322593958128,0.957
"6313",1,34,5,"AVS",4.55843657324647,3.75395082778745,0.681
"6314",1,34,6,"AVS",5.29191629579831,3.72012050599428,0.713
"6315",1,34,7,"AVS",7.65657957056589,4.06535636757856,0.8
"6316",1,34,8,"AVS",3.14756806481166,3.48754928639024,0.3725
"6317",1,34,9,"AVS",14.1796500381599,5.53927770910317,0.048
"6318",1,34,10,"AVS",5.23165212971608,3.69813683995241,0.604
"6319",1,34,11,"AVS",7.68592146047522,3.85013902265463,0.62
"6320",1,34,12,"AVS",6.40773981919692,3.7496450694619,0.705
"6321",1,34,13,"AVS",3.3029573617812,3.51224058206231,0.5265
"6322",1,34,14,"AVS",3.30152439869244,3.51957201767887,0.3865
"6323",1,34,15,"AVS",3.98911239212746,3.62523896758212,0.313
"6324",1,34,16,"AVS",7.78398356637645,4.00884834128376,0.1455
"6325",1,34,17,"AVS",9.73784164878462,4.26655863070534,0.062
"6326",1,34,18,"AVS",2.13170651406328,3.15542828847419,0.545
"6327",1,34,19,"AVS",2.73614166856029,3.09138026242722,0.712
"6328",1,34,20,"AVS",9.58088768930411,4.46579849453519,0.9595
"6329",1,34,21,"AVS",7.96772676594581,4.28779343231307,0.9475
"6330",1,34,22,"AVS",10.99926364023,4.95791466113341,0.978
"6331",1,34,23,"AVS",1.85072915460732,2.9394714049037,0.5585
"6332",1,34,24,"AVS",4.89173946180313,3.54279613885885,0.135
"6333",1,34,25,"AVS",2.59024014441787,3.07761613055502,0.718
"6334",1,34,26,"AVS",1.77266833663642,3.00448464339952,0.493
"6335",1,34,27,"AVS",1.53766821732996,2.86262663647437,0.5425
"6336",1,34,28,"AVS",2.67470192174204,3.07827913538634,0.2365
"6337",1,34,29,"AVS",2.62237579862434,3.01409780765584,0.2505
"6338",1,34,30,"AVS",3.0532788907866,3.13656929980366,0.782
"6339",1,34,31,"AVS",4.62096707260104,3.41260739428217,0.1245
"6340",1,34,32,"AVS",1.68172386518476,2.94490036634644,0.5525
"6341",1,34,33,"AVS",4.65438973328857,3.40880136848191,0.875
"6342",1,34,34,"AVS",1.97926615263778,2.89550147108586,0.341
"6343",1,34,35,"AVS",1.43856496394285,2.71751516228252,0.467
"6344",1,34,36,"AVS",2.64801692697837,2.95773942760675,0.1975
"6345",1,34,37,"AVS",2.21836603825128,2.7252054409798,0.714
"6346",1,34,38,"AVS",0.797316722181115,2.1280951813235,0.405
"6347",1,34,1,"EQW",6.18789936699211,3.91535188469732,0.7605
"6348",1,34,2,"EQW",6.28932144078349,4.0053832625289,0.8355
"6349",1,34,3,"EQW",2.86399922456736,3.32230447238648,0.4885
"6350",1,34,4,"EQW",9.17343054960766,4.31310344476144,0.876
"6351",1,34,5,"EQW",8.87351623155813,3.9442092222119,0.8725
"6352",1,34,6,"EQW",9.82159445145095,4.14941289802053,0.881
"6353",1,34,7,"EQW",10.6617463108981,3.98033900136681,0.8405
"6354",1,34,8,"EQW",7.14011915168345,3.95448844789328,0.6685
"6355",1,34,9,"EQW",5.82794765578135,4.16721970231271,0.3955
"6356",1,34,10,"EQW",4.82215045300363,3.69951444004602,0.6495
"6357",1,34,11,"EQW",4.78958672744867,3.97200301420003,0.4725
"6358",1,34,12,"EQW",4.21226032743893,3.8394523968899,0.5235
"6359",1,34,13,"EQW",4.15802548534748,3.90432867237759,0.457
"6360",1,34,14,"EQW",3.2304564978963,3.56586083717797,0.4595
"6361",1,34,15,"EQW",3.18121685778798,3.4962964907124,0.4405
"6362",1,34,16,"EQW",6.47253276204783,3.85298801364311,0.1835
"6363",1,34,17,"EQW",8.04568711828792,3.92861354955132,0.117
"6364",1,34,18,"EQW",3.02789474132382,3.50701342801884,0.5005
"6365",1,34,19,"EQW",2.4346431939734,3.2229937847037,0.488
"6366",1,34,20,"EQW",4.29044006834982,3.65370117473217,0.7435
"6367",1,34,21,"EQW",3.10998458229582,3.51274847572423,0.606
"6368",1,34,22,"EQW",4.63516077708005,3.70067207310699,0.746
"6369",1,34,23,"EQW",4.70545871950982,3.70275916051989,0.7005
"6370",1,34,24,"EQW",3.00843137841191,3.50253107654326,0.4825
"6371",1,34,25,"EQW",3.04552810802392,3.43007988875504,0.697
"6372",1,34,26,"EQW",2.09831054601006,3.09997775298815,0.5495
"6373",1,34,27,"EQW",2.21635185177807,3.12020897555412,0.6275
"6374",1,34,28,"EQW",1.88621487021434,2.92452463495407,0.4435
"6375",1,34,29,"EQW",1.99485536854151,2.80853526159038,0.339
"6376",1,34,30,"EQW",2.37062512252612,3.04672888979284,0.741
"6377",1,34,31,"EQW",2.0711694871054,2.83118238771048,0.3505
"6378",1,34,32,"EQW",1.37339106264535,2.70178031826814,0.481
"6379",1,34,33,"EQW",3.54646535012636,3.42719981890574,0.8315
"6380",1,34,34,"EQW",1.96660876279437,3.13601704841175,0.5975
"6381",1,34,35,"EQW",1.89169038819659,2.9873567749049,0.616
"6382",1,34,36,"EQW",2.0061334460408,2.75517662241918,0.333
"6383",1,34,37,"EQW",2.15477172976833,2.91860129669415,0.7225
"6384",1,34,38,"EQW",1.43995341778006,2.70626201669155,0.587
"6385",1,34,1,"SGP",6.18789936699211,3.91003647127145,0.77
"6386",1,34,2,"SGP",7.63054440297843,4.27464260308432,0.9055
"6387",1,34,3,"SGP",2.02146755389513,2.80079105780662,0.2985
"6388",1,34,4,"SGP",8.30329597239817,4.6936489341842,0.98
"6389",1,34,5,"SGP",4.93354139989031,3.48045845567027,0.9005
"6390",1,34,6,"SGP",4.79006943596665,3.57183729541021,0.8955
"6391",1,34,7,"SGP",2.37841530032838,3.03804362364315,0.647
"6392",1,34,8,"SGP",4.04054074745841,3.276026405271,0.162
"6393",1,34,9,"SGP",16.6546404630287,6.34049969886061,0.0085
"6394",1,34,10,"SGP",2.5925623973647,3.09988110033663,0.3115
"6395",1,34,11,"SGP",11.4238125923225,4.78438964536564,0.028
"6396",1,34,12,"SGP",8.08570650316626,4.10989447596403,0.0665
"6397",1,34,13,"SGP",10.9142259181823,4.63437003606678,0.038
"6398",1,34,14,"SGP",2.92993735022016,3.12496921037422,0.2675
"6399",1,34,15,"SGP",2.3910183633044,3.07275402521984,0.3625
"6400",1,34,16,"SGP",7.26188287488666,3.94552013892675,0.075
"6401",1,34,17,"SGP",3.90751888601577,3.37020533115982,0.1815
"6402",1,34,18,"SGP",9.44770926408952,4.35801700907663,0.955
"6403",1,34,19,"SGP",2.27870874782874,3.05745292784863,0.6495
"6404",1,34,20,"SGP",4.30834596065592,3.45468791171387,0.811
"6405",1,34,21,"SGP",2.38633100703153,3.09527099374229,0.3335
"6406",1,34,22,"SGP",2.10404020843878,2.96873101576991,0.62
"6407",1,34,23,"SGP",1.79980051017994,2.97329602975834,0.557
"6408",1,34,24,"SGP",4.86159529545519,3.50639427580355,0.1295
"6409",1,34,25,"SGP",2.59211098708207,3.04875570627767,0.6935
"6410",1,34,26,"SGP",1.77513348006798,3.05266506870818,0.487
"6411",1,34,27,"SGP",1.54289747498076,2.84201774419889,0.5225
"6412",1,34,28,"SGP",2.66525789571787,3.05172560471897,0.2515
"6413",1,34,29,"SGP",2.61588543239158,2.98479451018734,0.272
"6414",1,34,30,"SGP",3.04509652126466,3.09407709814452,0.787
"6415",1,34,31,"SGP",4.59030380888856,3.43523445003706,0.1285
"6416",1,34,32,"SGP",1.68796954331572,2.92479938051959,0.5415
"6417",1,34,33,"SGP",4.69158641837533,3.4043647638176,0.8825
"6418",1,34,34,"SGP",2.28144733227744,2.97877105648595,0.293
"6419",1,34,35,"SGP",1.66073208904733,2.93645298654549,0.42
"6420",1,34,36,"SGP",2.73639538001089,3.0744457038329,0.2575
"6421",1,34,37,"SGP",4.16733574830013,3.46543906838604,0.8485
"6422",1,34,38,"SGP",1.67119455315685,2.85681913118585,0.5025
"6423",1,34,1,"SGP50",6.18789936699211,3.87901474322273,0.7715
"6424",1,34,2,"SGP50",6.37788135311431,4.01894355129192,0.841
"6425",1,34,3,"SGP50",2.79241585706368,3.33709182147883,0.48
"6426",1,34,4,"SGP50",9.35480269041621,4.30465029960008,0.888
"6427",1,34,5,"SGP50",8.59615029919376,3.97621784708781,0.8865
"6428",1,34,6,"SGP50",8.98946864424373,4.0256430665948,0.8835
"6429",1,34,7,"SGP50",8.43860839521924,3.81674277913336,0.813
"6430",1,34,8,"SGP50",4.95259368389164,3.81351164329543,0.5685
"6431",1,34,9,"SGP50",7.73275398216335,4.44822331862211,0.2575
"6432",1,34,10,"SGP50",3.39423603199213,3.48543493865384,0.5325
"6433",1,34,11,"SGP50",5.87360104308494,4.18401536934687,0.317
"6434",1,34,12,"SGP50",4.5858611416605,3.89093830908733,0.328
"6435",1,34,13,"SGP50",5.92196133471,4.06118987027443,0.2685
"6436",1,34,14,"SGP50",3.0647837595351,3.33370325249032,0.359
"6437",1,34,15,"SGP50",2.91705111521019,3.33973890174768,0.3465
"6438",1,34,16,"SGP50",7.30275166777629,3.90066628400305,0.119
"6439",1,34,17,"SGP50",6.12291617337427,3.65882331764893,0.1425
"6440",1,34,18,"SGP50",4.97734264714134,3.86978389355535,0.736
"6441",1,34,19,"SGP50",2.27956693827054,3.19734766214906,0.564
"6442",1,34,20,"SGP50",4.24647809128278,3.43650302437155,0.7655
"6443",1,34,21,"SGP50",2.49703133147443,3.34076316394678,0.4685
"6444",1,34,22,"SGP50",3.14443181272217,3.29892200939071,0.6735
"6445",1,34,23,"SGP50",2.84333492704452,3.26491376885566,0.6385
"6446",1,34,24,"SGP50",3.60557301709374,3.54568504655658,0.3155
"6447",1,34,25,"SGP50",2.74621464727519,3.24911477346967,0.707
"6448",1,34,26,"SGP50",1.91765873046892,3.06036840026848,0.498
"6449",1,34,27,"SGP50",1.84185411571746,2.95336991255386,0.5835
"6450",1,34,28,"SGP50",2.20320055059399,3.04931078327453,0.3425
"6451",1,34,29,"SGP50",2.27526902301716,2.87951278464093,0.2785
"6452",1,34,30,"SGP50",2.6553845075985,3.00727745222084,0.7485
"6453",1,34,31,"SGP50",3.05691800001338,3.09200121928868,0.2385
"6454",1,34,32,"SGP50",1.48590292618202,2.76200283875745,0.51
"6455",1,34,33,"SGP50",3.98866999822025,3.39693055363808,0.842
"6456",1,34,34,"SGP50",1.82049115873078,3.01169886795003,0.4755
"6457",1,34,35,"SGP50",1.64985801103098,2.95736904623359,0.5555
"6458",1,34,36,"SGP50",2.25663808881319,2.80043698785964,0.2895
"6459",1,34,37,"SGP50",2.70191020139945,3.03387463578021,0.7695
"6460",1,34,38,"SGP50",1.42977370093128,2.73523061585617,0.5255
"6461",1,35,1,"BMA",1.8276351493334,2.86666772524025,0.4775
"6462",1,35,2,"BMA",4.40115306157641,3.50810487539426,0.104
"6463",1,35,3,"BMA",4.09430020364613,3.4290351113727,0.87
"6464",1,35,4,"BMA",1.84736018841236,2.76285874203889,0.713
"6465",1,35,5,"BMA",5.99543729291107,4.0084482268279,0.9315
"6466",1,35,6,"BMA",6.06596332164203,3.802066451174,0.913
"6467",1,35,7,"BMA",1.60044144482596,2.90065558132982,0.4955
"6468",1,35,8,"BMA",2.60337258875633,3.03575696519407,0.7425
"6469",1,35,9,"BMA",2.22969598816469,2.90043675190317,0.2795
"6470",1,35,10,"BMA",1.57538851789799,2.71726148054668,0.622
"6471",1,35,11,"BMA",1.36032382195722,2.68015564178741,0.55
"6472",1,35,12,"BMA",1.45043099682941,2.61113576578856,0.3735
"6473",1,35,13,"BMA",4.46668589696407,3.4441366429803,0.091
"6474",1,35,14,"BMA",6.06375746443813,4.06709817491292,0.058
"6475",1,35,15,"BMA",3.26306658163728,3.13855137187717,0.1785
"6476",1,35,16,"BMA",5.2848980391699,3.55491011807403,0.9075
"6477",1,35,17,"BMA",2.33069701125672,2.89942155587868,0.261
"6478",1,35,18,"BMA",1.98673908345509,2.85301217405649,0.7045
"6479",1,35,19,"BMA",1.28760386143676,2.63563852733494,0.4995
"6480",1,35,20,"BMA",1.50623527270268,2.66892665465082,0.342
"6481",1,35,21,"BMA",1.79405844976336,2.656501099818,0.713
"6482",1,35,22,"BMA",2.85507296126472,2.98191332535643,0.829
"6483",1,35,23,"BMA",4.66625020226612,3.47548981483222,0.078
"6484",1,35,24,"BMA",3.56617257716016,3.12861114340356,0.8735
"6485",1,35,25,"BMA",1.30338242805064,2.65954363411686,0.582
"6486",1,35,26,"BMA",1.21767474130895,2.53421805228912,0.4415
"6487",1,35,27,"BMA",3.51398282695749,3.17305105887737,0.1395
"6488",1,35,28,"BMA",2.43432237333823,2.81975167785056,0.204
"6489",1,35,29,"BMA",3.76222095191043,3.21408971018092,0.127
"6490",1,35,30,"BMA",3.82616682475572,3.28179696337208,0.1045
"6491",1,35,31,"BMA",1.82907104772795,2.77488296491627,0.2735
"6492",1,35,32,"BMA",1.87464766849616,2.77331061157304,0.3
"6493",1,35,33,"BMA",3.82947074144209,3.22050659502656,0.1055
"6494",1,35,34,"BMA",1.23238067127342,2.57734299680893,0.4285
"6495",1,35,35,"BMA",1.23700706658204,2.52990043539944,0.423
"6496",1,35,36,"BMA",1.20428918089483,2.57117955097745,0.4235
"6497",1,35,37,"BMA",1.09360857923659,2.46039291179486,0.4705
"6498",1,35,38,"BMA",1.15535393678541,2.49194688422192,0.4205
"6499",1,35,1,"AVS",1.8276351493334,2.9344088702624,0.4845
"6500",1,35,2,"AVS",4.08991205347802,3.42186045026622,0.1135
"6501",1,35,3,"AVS",4.74242053461799,3.6398216590898,0.9485
"6502",1,35,4,"AVS",1.81960837191786,2.70537936686186,0.704
"6503",1,35,5,"AVS",5.93230174007424,4.08966659073973,0.9475
"6504",1,35,6,"AVS",5.74473449041308,3.85391605846918,0.906
"6505",1,35,7,"AVS",1.86764855111205,2.97591356859216,0.327
"6506",1,35,8,"AVS",1.83779176693503,2.73669318911667,0.656
"6507",1,35,9,"AVS",4.00189045120473,3.6030422573953,0.116
"6508",1,35,10,"AVS",1.67852080355968,2.79922560828305,0.5195
"6509",1,35,11,"AVS",1.44181395245532,2.73723210988305,0.488
"6510",1,35,12,"AVS",1.68358418496122,2.75923068768461,0.331
"6511",1,35,13,"AVS",4.33125575800791,3.58750222965463,0.1105
"6512",1,35,14,"AVS",5.38329029692663,3.75434839696603,0.119
"6513",1,35,15,"AVS",2.13016027262818,2.96407117051179,0.3495
"6514",1,35,16,"AVS",9.4595159496931,4.97050969253112,0.9755
"6515",1,35,17,"AVS",2.1645493182307,2.94639730700213,0.289
"6516",1,35,18,"AVS",1.98312589167639,2.76491537244654,0.7075
"6517",1,35,19,"AVS",1.28044601632213,2.62355311127236,0.4965
"6518",1,35,20,"AVS",1.50760873965581,2.61778102686422,0.339
"6519",1,35,21,"AVS",1.79169323239166,2.64360646736988,0.712
"6520",1,35,22,"AVS",2.85412103272439,2.98576936728809,0.823
"6521",1,35,23,"AVS",4.66660912987934,3.6046536044656,0.077
"6522",1,35,24,"AVS",3.56585607533559,3.18490629818088,0.871
"6523",1,35,25,"AVS",1.30332475991975,2.60510910660722,0.5615
"6524",1,35,26,"AVS",1.21762688484622,2.56902672413895,0.422
"6525",1,35,27,"AVS",3.51384836917211,3.2392498470418,0.1175
"6526",1,35,28,"AVS",2.43445420739391,2.81822116843852,0.2025
"6527",1,35,29,"AVS",3.76334131997859,3.12281231119772,0.116
"6528",1,35,30,"AVS",3.82925249447459,3.14253814599989,0.118
"6529",1,35,31,"AVS",1.82938226525512,2.75697394547113,0.281
"6530",1,35,32,"AVS",1.87607581407068,2.76032769896613,0.2915
"6531",1,35,33,"AVS",3.82997653198696,3.25082326970226,0.1025
"6532",1,35,34,"AVS",1.23301004110287,2.55447198309487,0.422
"6533",1,35,35,"AVS",1.23744286043376,2.60535175872335,0.421
"6534",1,35,36,"AVS",1.20472377801742,2.52679024633636,0.4245
"6535",1,35,37,"AVS",1.09348702421181,2.42170287066794,0.517
"6536",1,35,38,"AVS",1.15629642192671,2.51034540393077,0.403
"6537",1,35,1,"EQW",1.8276351493334,2.93504049906769,0.5035
"6538",1,35,2,"EQW",5.02680529473653,3.61086857708972,0.1235
"6539",1,35,3,"EQW",3.06966398787365,3.39269286194522,0.738
"6540",1,35,4,"EQW",1.96463290233964,2.89319257049311,0.666
"6541",1,35,5,"EQW",5.12509273372143,3.67646670789506,0.9055
"6542",1,35,6,"EQW",5.87076556926727,3.82736343082318,0.9195
"6543",1,35,7,"EQW",2.01655211228598,3.05892705980056,0.478
"6544",1,35,8,"EQW",2.71550607601872,3.06487980927194,0.722
"6545",1,35,9,"EQW",2.49734991842727,3.25878102470725,0.344
"6546",1,35,10,"EQW",1.87043344833346,2.90985940029811,0.5745
"6547",1,35,11,"EQW",1.82890580766155,2.8938574869059,0.546
"6548",1,35,12,"EQW",1.86754617129426,3.08160405158999,0.4225
"6549",1,35,13,"EQW",3.57564771319216,3.54010128875339,0.233
"6550",1,35,14,"EQW",5.15631898210912,3.71494639109126,0.144
"6551",1,35,15,"EQW",2.07225303560288,2.91699210077721,0.3355
"6552",1,35,16,"EQW",7.31808460504425,4.18437767873381,0.954
"6553",1,35,17,"EQW",2.08543879584231,3.11386335630015,0.545
"6554",1,35,18,"EQW",4.69291135058645,3.4942212761868,0.8635
"6555",1,35,19,"EQW",3.41661107601176,3.23366252701727,0.7485
"6556",1,35,20,"EQW",2.60722767332606,3.06106031871726,0.628
"6557",1,35,21,"EQW",4.86149176020353,3.28979054092493,0.835
"6558",1,35,22,"EQW",6.94345903547948,3.63390071023408,0.918
"6559",1,35,23,"EQW",3.16659767419922,3.58059431895749,0.4595
"6560",1,35,24,"EQW",6.66532152145143,3.65674482548971,0.9305
"6561",1,35,25,"EQW",4.45475175434355,3.24021651805665,0.77
"6562",1,35,26,"EQW",3.55162411024812,3.25185516486758,0.687
"6563",1,35,27,"EQW",2.71104378853343,3.24933424568128,0.423
"6564",1,35,28,"EQW",2.25716329414748,3.02684409366654,0.4155
"6565",1,35,29,"EQW",2.73395398091908,3.21418246225637,0.3115
"6566",1,35,30,"EQW",2.88497793675051,3.28210432914031,0.295
"6567",1,35,31,"EQW",2.36638414135236,3.06745246674691,0.3195
"6568",1,35,32,"EQW",2.31186848864536,3.02588298071653,0.3185
"6569",1,35,33,"EQW",4.1295249754386,3.33532678759467,0.159
"6570",1,35,34,"EQW",2.02180141021236,2.89917894395172,0.394
"6571",1,35,35,"EQW",1.8704423793823,2.76191695938687,0.3615
"6572",1,35,36,"EQW",1.65419470757399,2.70223738620097,0.3705
"6573",1,35,37,"EQW",1.40080576471659,2.6516334434661,0.4935
"6574",1,35,38,"EQW",1.29097735400281,2.59794364197007,0.4515
"6575",1,35,1,"SGP",1.8276351493334,2.9076347139479,0.4515
"6576",1,35,2,"SGP",4.19006669781977,3.58906345790137,0.0935
"6577",1,35,3,"SGP",4.58851690578613,3.65953678224187,0.9335
"6578",1,35,4,"SGP",1.80906439429249,2.66177936681773,0.7385
"6579",1,35,5,"SGP",5.11408001724634,3.77261265423647,0.957
"6580",1,35,6,"SGP",3.86809176469418,3.33574132881134,0.93
"6581",1,35,7,"SGP",2.33205456642928,2.87624164735128,0.187
"6582",1,35,8,"SGP",1.16874436038586,2.41668657162411,0.6155
"6583",1,35,9,"SGP",4.85529832185436,3.71423268400834,0.054
"6584",1,35,10,"SGP",1.12620268220534,2.39049419199473,0.3945
"6585",1,35,11,"SGP",1.46021861060426,2.51516931864443,0.279
"6586",1,35,12,"SGP",3.15384296885191,2.97707137973486,0.1145
"6587",1,35,13,"SGP",7.28167671511778,5.18056509459562,0.0115
"6588",1,35,14,"SGP",8.71055544614723,5.31864627225389,0.011
"6589",1,35,15,"SGP",1.19962626033178,2.59790007615838,0.5085
"6590",1,35,16,"SGP",10.4100331521892,5.91434699388744,0.995
"6591",1,35,17,"SGP",2.3134893046327,2.86533611361281,0.251
"6592",1,35,18,"SGP",2.93301570873246,3.00746241422044,0.8295
"6593",1,35,19,"SGP",1.27945318334319,2.66576266261249,0.5055
"6594",1,35,20,"SGP",1.44770581208013,2.65131746266593,0.356
"6595",1,35,21,"SGP",2.21472934716337,2.80078900730187,0.7445
"6596",1,35,22,"SGP",3.13465895439271,3.21889383588607,0.8465
"6597",1,35,23,"SGP",4.56115872362723,3.57033122547279,0.0835
"6598",1,35,24,"SGP",3.81010858271968,3.40602469640513,0.9115
"6599",1,35,25,"SGP",1.2913352915904,2.60308964612425,0.567
"6600",1,35,26,"SGP",1.25340928918826,2.61657031603523,0.4495
"6601",1,35,27,"SGP",3.65631848383172,3.21325138922034,0.124
"6602",1,35,28,"SGP",2.33982462932574,2.90272738349401,0.23
"6603",1,35,29,"SGP",2.7281188597937,2.81543404121805,0.181
"6604",1,35,30,"SGP",2.01493305859333,2.71434708545352,0.266
"6605",1,35,31,"SGP",1.74023215122524,2.64322123043683,0.2985
"6606",1,35,32,"SGP",1.43390674189006,2.62101589367818,0.3685
"6607",1,35,33,"SGP",3.57340024261024,3.06746248382882,0.1105
"6608",1,35,34,"SGP",1.28779272676702,2.57236560832637,0.613
"6609",1,35,35,"SGP",1.09436013595212,2.47723919520863,0.4625
"6610",1,35,36,"SGP",1.13345405805416,2.46511824194683,0.4665
"6611",1,35,37,"SGP",1.44960858951403,2.62045509281392,0.6905
"6612",1,35,38,"SGP",1.12070481926572,2.50336924138739,0.5585
"6613",1,35,1,"SGP50",1.8276351493334,2.89595542124722,0.4825
"6614",1,35,2,"SGP50",4.9689477825705,3.6494361441313,0.125
"6615",1,35,3,"SGP50",3.17536712245397,3.33112281944977,0.7665
"6616",1,35,4,"SGP50",1.93465764546452,2.91844169017633,0.683
"6617",1,35,5,"SGP50",5.06803553123041,3.70004099746258,0.9095
"6618",1,35,6,"SGP50",5.59527724650589,3.66715425567909,0.916
"6619",1,35,7,"SGP50",1.86205158905649,2.95508112309493,0.445
"6620",1,35,8,"SGP50",2.4169657081618,2.92074357823788,0.7075
"6621",1,35,9,"SGP50",2.62903579706047,3.24575044225729,0.2845
"6622",1,35,10,"SGP50",1.61563084349809,2.80843899147022,0.5515
"6623",1,35,11,"SGP50",1.56172498369483,2.73278156511112,0.4925
"6624",1,35,12,"SGP50",1.84339478002911,2.91568561541521,0.3615
"6625",1,35,13,"SGP50",4.23804130839782,3.64181821011992,0.177
"6626",1,35,14,"SGP50",5.90438579172034,3.96387761645794,0.1005
"6627",1,35,15,"SGP50",1.98389124863443,2.83151193577034,0.34
"6628",1,35,16,"SGP50",7.41351103839759,4.12061142805804,0.956
"6629",1,35,17,"SGP50",1.91837187874477,3.06697074376627,0.449
"6630",1,35,18,"SGP50",3.80141171064349,3.15481066672498,0.8365
"6631",1,35,19,"SGP50",2.34480253545835,3.01169669940192,0.6685
"6632",1,35,20,"SGP50",1.80981984698946,2.91854288838516,0.536
"6633",1,35,21,"SGP50",3.44462668827455,3.02289859111239,0.795
"6634",1,35,22,"SGP50",4.90132133008011,3.37486101668678,0.8835
"6635",1,35,23,"SGP50",3.0563080582766,3.48360913274739,0.3085
"6636",1,35,24,"SGP50",4.92843398933886,3.51412383760755,0.908
"6637",1,35,25,"SGP50",2.36899280507829,2.92185326118417,0.678
"6638",1,35,26,"SGP50",1.79833451930569,2.85977845053861,0.5635
"6639",1,35,27,"SGP50",2.7164629825569,3.17992149766173,0.2585
"6640",1,35,28,"SGP50",2.12240644992921,2.87856617670276,0.284
"6641",1,35,29,"SGP50",3.05539510591085,3.15045010419692,0.186
"6642",1,35,30,"SGP50",3.0231532633001,3.15817186305029,0.199
"6643",1,35,31,"SGP50",2.19951527009752,2.94617656750506,0.2675
"6644",1,35,32,"SGP50",2.04765230302074,2.82858406752123,0.301
"6645",1,35,33,"SGP50",4.15411044434616,3.35399156041016,0.1035
"6646",1,35,34,"SGP50",1.53205869263227,2.75300585801291,0.4315
"6647",1,35,35,"SGP50",1.4916529266994,2.59782742921634,0.39
"6648",1,35,36,"SGP50",1.39067673810669,2.59595797043469,0.392
"6649",1,35,37,"SGP50",1.25249598579929,2.58103719737299,0.513
"6650",1,35,38,"SGP50",1.18915034144646,2.53851735955943,0.463
"6651",1,36,1,"BMA",5.85836785555369,3.82759083734753,0.78
"6652",1,36,2,"BMA",7.64395885582212,4.0196542852966,0.8425
"6653",1,36,3,"BMA",3.57308393361147,3.61399603399655,0.577
"6654",1,36,4,"BMA",4.61023535880959,3.64857492366276,0.699
"6655",1,36,5,"BMA",21.5281850804065,6.03262290892995,0.9735
"6656",1,36,6,"BMA",4.21869733384048,3.80350538981126,0.5805
"6657",1,36,7,"BMA",7.51921541846735,4.02888385856148,0.7995
"6658",1,36,8,"BMA",4.51625358576568,3.68621059075072,0.649
"6659",1,36,9,"BMA",3.85317447003951,3.70349184506878,0.407
"6660",1,36,10,"BMA",4.18705869894305,3.74994090274282,0.552
"6661",1,36,11,"BMA",8.57684567238588,3.94080397411581,0.6335
"6662",1,36,12,"BMA",7.5926043189212,3.90835827767234,0.7185
"6663",1,36,13,"BMA",5.68577152841249,3.90322159983132,0.284
"6664",1,36,14,"BMA",4.33828562294797,3.8120403333968,0.568
"6665",1,36,15,"BMA",3.96554805196676,3.70070041615901,0.3545
"6666",1,36,16,"BMA",7.62585307573431,3.92685180487191,0.1545
"6667",1,36,17,"BMA",2.52517413510659,3.2697840717995,0.511
"6668",1,36,18,"BMA",9.67653681951155,4.47887093506043,0.9425
"6669",1,36,19,"BMA",10.576331715256,4.77932411930011,0.9625
"6670",1,36,20,"BMA",4.98347249582157,3.68828491323773,0.827
"6671",1,36,21,"BMA",11.5220975988812,5.22027420505575,0.9715
"6672",1,36,22,"BMA",9.54836210287485,4.56184883959983,0.947
"6673",1,36,23,"BMA",2.93889833871716,3.21145928578153,0.7285
"6674",1,36,24,"BMA",2.20050216795565,3.01213755962084,0.6635
"6675",1,36,25,"BMA",5.10809475310487,3.62285985234122,0.8825
"6676",1,36,26,"BMA",3.97329303200576,3.40681846686357,0.8515
"6677",1,36,27,"BMA",1.7714315588992,2.81078901376908,0.6875
"6678",1,36,28,"BMA",1.45824021733642,2.75919687073292,0.601
"6679",1,36,29,"BMA",1.8440024573863,2.76743976004461,0.6955
"6680",1,36,30,"BMA",1.77161751839181,2.72787446235007,0.268
"6681",1,36,31,"BMA",1.34735299314936,2.44785466924011,0.354
"6682",1,36,32,"BMA",1.13198250614035,2.37620021325012,0.3455
"6683",1,36,33,"BMA",1.58428015692985,2.50147095336166,0.2445
"6684",1,36,34,"BMA",1.18170155500578,2.23121903686829,0.3115
"6685",1,36,35,"BMA",5.00279636739763,4.35611256576783,0.016
"6686",1,36,36,"BMA",2.25761729738516,2.66866264599582,0.1155
"6687",1,36,37,"BMA",3.03631167926757,3.01051429612869,0.0435
"6688",1,36,38,"BMA",0.839909532331697,1.8879927577386,0.351
"6689",1,36,1,"AVS",5.85836785555369,3.82380820305786,0.792
"6690",1,36,2,"AVS",5.91369219680992,3.71800667504862,0.8265
"6691",1,36,3,"AVS",4.41688036870147,3.634936884211,0.6965
"6692",1,36,4,"AVS",7.61230745142547,4.01243957513871,0.8405
"6693",1,36,5,"AVS",29.8958493453202,6.8388205985475,0.9845
"6694",1,36,6,"AVS",3.69985011646911,3.72443216914811,0.5445
"6695",1,36,7,"AVS",7.26997020054367,3.97092370454079,0.792
"6696",1,36,8,"AVS",4.49852199970227,3.73047876278027,0.641
"6697",1,36,9,"AVS",3.8543064014098,3.66037202582571,0.38
"6698",1,36,10,"AVS",4.1854571599996,3.7668884100338,0.5735
"6699",1,36,11,"AVS",8.59306112399619,4.00322277277212,0.632
"6700",1,36,12,"AVS",7.61146903999761,3.81428978005513,0.7115
"6701",1,36,13,"AVS",5.67588200000118,3.94893522657465,0.2815
"6702",1,36,14,"AVS",4.3430788,3.72137460001842,0.5485
"6703",1,36,15,"AVS",3.953692,3.73067512141274,0.376
"6704",1,36,16,"AVS",7.611316,3.95726364982372,0.144
"6705",1,36,17,"AVS",2.5238148,3.27355620433264,0.496
"6706",1,36,18,"AVS",9.6943244,4.3456602322342,0.932
"6707",1,36,19,"AVS",10.62567,4.79088726553879,0.953
"6708",1,36,20,"AVS",5.03519528,3.64020396413214,0.8115
"6709",1,36,21,"AVS",11.6030706,5.119219107699,0.9725
"6710",1,36,22,"AVS",9.69693919999989,4.52868980134218,0.9505
"6711",1,36,23,"AVS",3.00413811994663,3.09502176278674,0.724
"6712",1,36,24,"AVS",2.20068127999897,3.01753322147411,0.669
"6713",1,36,25,"AVS",5.10484864000922,3.62966571390111,0.874
"6714",1,36,26,"AVS",3.98788115999066,3.33809667831197,0.8605
"6715",1,36,27,"AVS",1.76797039998973,2.79908901191421,0.6695
"6716",1,36,28,"AVS",1.45461355999589,2.63229506585621,0.63
"6717",1,36,29,"AVS",1.83928939999804,2.73327852328923,0.6905
"6718",1,36,30,"AVS",1.77452200000831,2.62915865490643,0.2785
"6719",1,36,31,"AVS",1.35044004000017,2.49344656379968,0.3425
"6720",1,36,32,"AVS",1.13474668000017,2.4029723326142,0.3535
"6721",1,36,33,"AVS",1.59124587999993,2.50132027494738,0.244
"6722",1,36,34,"AVS",1.18975103999999,2.22472071096083,0.298
"6723",1,36,35,"AVS",5.03675443999939,4.17098822520565,0.019
"6724",1,36,36,"AVS",2.3388588399888,2.78359222723986,0.0895
"6725",1,36,37,"AVS",3.20140809597789,3.24546422440812,0.0345
"6726",1,36,38,"AVS",0.950392867986318,2.03169249531393,0.2865
"6727",1,36,1,"EQW",5.85836785555369,3.88296119655779,0.791
"6728",1,36,2,"EQW",8.43733376972796,4.155221157454,0.8525
"6729",1,36,3,"EQW",3.10708001171879,3.44021642041383,0.575
"6730",1,36,4,"EQW",3.99664877239271,3.57496043905745,0.6925
"6731",1,36,5,"EQW",21.538274852333,5.92514758285498,0.9785
"6732",1,36,6,"EQW",6.66473351444164,4.33411533117412,0.596
"6733",1,36,7,"EQW",14.2494128069992,4.73327351883849,0.925
"6734",1,36,8,"EQW",6.99287773572401,3.9391483665042,0.6715
"6735",1,36,9,"EQW",5.16874517115151,4.05174056107404,0.4875
"6736",1,36,10,"EQW",4.42943355861127,3.80802193337761,0.5585
"6737",1,36,11,"EQW",4.64447878609133,3.95587973921844,0.488
"6738",1,36,12,"EQW",4.42008392768901,3.93616130913685,0.5335
"6739",1,36,13,"EQW",8.25284314415003,4.12515814202286,0.216
"6740",1,36,14,"EQW",3.91997956793031,3.69986842679692,0.639
"6741",1,36,15,"EQW",3.981393336206,3.55401935531355,0.347
"6742",1,36,16,"EQW",10.0030489945811,4.23973407840656,0.087
"6743",1,36,17,"EQW",3.22061307423193,3.54954404089843,0.4115
"6744",1,36,18,"EQW",5.48701832565197,3.86805118274293,0.7845
"6745",1,36,19,"EQW",4.07848195040629,3.74748418519938,0.6595
"6746",1,36,20,"EQW",3.1966313450874,3.51533473067703,0.4965
"6747",1,36,21,"EQW",6.53184753465944,4.16145569517898,0.814
"6748",1,36,22,"EQW",4.47527199765986,3.87655895372255,0.6675
"6749",1,36,23,"EQW",3.14073685373093,3.44393627374858,0.473
"6750",1,36,24,"EQW",2.37684253795273,3.20512088407594,0.5615
"6751",1,36,25,"EQW",4.80047719526819,3.88235030783014,0.7985
"6752",1,36,26,"EQW",2.95157262351357,3.51367532274817,0.6205
"6753",1,36,27,"EQW",2.22673347492217,3.15981520410499,0.5435
"6754",1,36,28,"EQW",2.07067064265637,3.19581484150323,0.499
"6755",1,36,29,"EQW",2.12155352732808,3.10466866471734,0.6055
"6756",1,36,30,"EQW",2.52541354457397,2.93055463804608,0.3145
"6757",1,36,31,"EQW",1.6457996254735,2.73645267305047,0.442
"6758",1,36,32,"EQW",1.52739717354095,2.70083730791454,0.4725
"6759",1,36,33,"EQW",1.55362913151928,2.66736153065952,0.421
"6760",1,36,34,"EQW",1.38335567933473,2.60637677350418,0.4685
"6761",1,36,35,"EQW",3.21093622620572,3.36115060822631,0.176
"6762",1,36,36,"EQW",1.51841587058009,2.6747901923291,0.406
"6763",1,36,37,"EQW",1.95848348401967,2.93342821485601,0.285
"6764",1,36,38,"EQW",1.1817988981837,2.43258799913707,0.4705
"6765",1,36,1,"SGP",5.85836785555369,3.76577712037639,0.7765
"6766",1,36,2,"SGP",10.4123291087042,4.33020731460833,0.905
"6767",1,36,3,"SGP",4.07380241533331,3.52659022000641,0.68
"6768",1,36,4,"SGP",2.42648115194949,2.98911090946046,0.71
"6769",1,36,5,"SGP",20.5513435621262,8.23316952018405,0.998
"6770",1,36,6,"SGP",14.4815736188868,5.47745226799484,0.054
"6771",1,36,7,"SGP",9.48090687931963,4.3014039986641,0.9375
"6772",1,36,8,"SGP",3.37228631208117,3.40328892533022,0.2985
"6773",1,36,9,"SGP",11.8095346797395,4.74818799348162,0.043
"6774",1,36,10,"SGP",4.14514957413818,3.51102336675376,0.2545
"6775",1,36,11,"SGP",8.73872410115919,4.33099151874974,0.071
"6776",1,36,12,"SGP",8.49630749544153,4.17177926998075,0.0715
"6777",1,36,13,"SGP",23.3184241476121,7.79545851664278,0.003
"6778",1,36,14,"SGP",5.54508244633728,3.67089339788134,0.815
"6779",1,36,15,"SGP",3.54504920122809,3.41631273663365,0.2765
"6780",1,36,16,"SGP",11.8228220048586,4.60572004376683,0.046
"6781",1,36,17,"SGP",4.34578078400634,3.50676140835375,0.773
"6782",1,36,18,"SGP",10.823902444924,4.39237406694104,0.9455
"6783",1,36,19,"SGP",2.56432055300402,3.28915448017876,0.5155
"6784",1,36,20,"SGP",3.79334406521769,3.51216144710809,0.2755
"6785",1,36,21,"SGP",5.96374018533177,3.71077502525848,0.827
"6786",1,36,22,"SGP",2.50391574221752,3.24302473731985,0.423
"6787",1,36,23,"SGP",4.88422306182499,3.61021659955837,0.2105
"6788",1,36,24,"SGP",2.27179576217078,3.18886499793648,0.548
"6789",1,36,25,"SGP",6.80263232985388,3.9086035458,0.8995
"6790",1,36,26,"SGP",2.29154708046122,3.16384635791539,0.4395
"6791",1,36,27,"SGP",2.43676723490512,3.21845291966221,0.3785
"6792",1,36,28,"SGP",3.69437606947326,3.34457529432408,0.202
"6793",1,36,29,"SGP",1.8048799184798,3.0606423425954,0.448
"6794",1,36,30,"SGP",4.8835514586997,3.56571846787894,0.1445
"6795",1,36,31,"SGP",2.26443148461398,2.9814534444002,0.331
"6796",1,36,32,"SGP",2.0367594548194,3.02882950896286,0.383
"6797",1,36,33,"SGP",1.93136348715015,3.06875231523694,0.4715
"6798",1,36,34,"SGP",1.88994520103201,3.00849283907653,0.5425
"6799",1,36,35,"SGP",2.36879483908648,2.82919637866875,0.07
"6800",1,36,36,"SGP",0.934951784414544,2.01624226918133,0.2885
"6801",1,36,37,"SGP",1.72931486285577,2.41371643252848,0.127
"6802",1,36,38,"SGP",0.553397464344027,1.87861511942168,0.493
"6803",1,36,1,"SGP50",5.85836785555369,3.74911230851826,0.769
"6804",1,36,2,"SGP50",8.58748609408665,4.20622098556913,0.858
"6805",1,36,3,"SGP50",3.11437111982733,3.48577528891061,0.598
"6806",1,36,4,"SGP50",4.05457948605561,3.48651181427738,0.717
"6807",1,36,5,"SGP50",21.8979805398509,5.84937209211436,0.9745
"6808",1,36,6,"SGP50",6.64593121855177,4.35135744071529,0.523
"6809",1,36,7,"SGP50",13.7254632119906,4.63691082082502,0.935
"6810",1,36,8,"SGP50",5.7209477302993,3.85791435199125,0.6355
"6811",1,36,9,"SGP50",5.34806274483834,4.17996700627809,0.399
"6812",1,36,10,"SGP50",3.81671897079583,3.75440387347954,0.5065
"6813",1,36,11,"SGP50",4.76789065168454,3.91254811659253,0.3955
"6814",1,36,12,"SGP50",4.56691822980103,3.95779961447541,0.3805
"6815",1,36,13,"SGP50",12.2047078961745,4.53041857950333,0.141
"6816",1,36,14,"SGP50",4.07323407612249,3.69089992390578,0.667
"6817",1,36,15,"SGP50",4.20003220596533,3.57912510842596,0.3015
"6818",1,36,16,"SGP50",10.9938808562246,4.386135945189,0.0605
"6819",1,36,17,"SGP50",3.11390038967894,3.52390899295005,0.518
"6820",1,36,18,"SGP50",6.67729927781312,3.91782675639982,0.7945
"6821",1,36,19,"SGP50",3.42490627551683,3.60046881864593,0.6025
"6822",1,36,20,"SGP50",3.26051298895055,3.52195976507889,0.4325
"6823",1,36,21,"SGP50",6.25926291183916,3.93014313468646,0.8095
"6824",1,36,22,"SGP50",3.49430602842671,3.63544020831624,0.577
"6825",1,36,23,"SGP50",3.50117703997717,3.52977683847993,0.371
"6826",1,36,24,"SGP50",2.32937034017202,3.19384690969818,0.553
"6827",1,36,25,"SGP50",5.43003485014243,3.81734006358444,0.821
"6828",1,36,26,"SGP50",2.61490764553357,3.40987377085841,0.569
"6829",1,36,27,"SGP50",2.17684052706578,3.15378168939631,0.511
"6830",1,36,28,"SGP50",2.24279246318538,3.06341654496595,0.4115
"6831",1,36,29,"SGP50",1.97619896323884,3.01353187977626,0.5825
"6832",1,36,30,"SGP50",2.82244789672532,3.09560429267025,0.285
"6833",1,36,31,"SGP50",1.6450625071989,2.77751580643397,0.4345
"6834",1,36,32,"SGP50",1.48455430694271,2.65340384019773,0.4515
"6835",1,36,33,"SGP50",1.4365111897393,2.65246710662449,0.4325
"6836",1,36,34,"SGP50",1.27002371020159,2.52769322587888,0.509
"6837",1,36,35,"SGP50",3.04718137936334,3.22678321549208,0.1655
"6838",1,36,36,"SGP50",1.37219120559836,2.53316752897966,0.371
"6839",1,36,37,"SGP50",1.82378505992049,2.80625778658913,0.2675
"6840",1,36,38,"SGP50",0.969646291207989,2.280507421971,0.4745
"6841",1,37,1,"BMA",9.50722300014977,4.36862838465594,0.8645
"6842",1,37,2,"BMA",3.43030445733229,3.51912862067139,0.5505
"6843",1,37,3,"BMA",9.45754942271661,4.3851508219221,0.8635
"6844",1,37,4,"BMA",8.72257740418164,4.13126377659065,0.8015
"6845",1,37,5,"BMA",4.25334144754457,3.70380481396291,0.567
"6846",1,37,6,"BMA",5.79363763445878,3.89119330830806,0.211
"6847",1,37,7,"BMA",9.14278836906094,4.30457202604351,0.127
"6848",1,37,8,"BMA",5.20831410917877,3.87536920979906,0.5145
"6849",1,37,9,"BMA",4.96490461037753,3.85933140946783,0.5385
"6850",1,37,10,"BMA",3.10340844866603,3.48557741372616,0.5115
"6851",1,37,11,"BMA",3.08912376398845,3.41547875122619,0.612
"6852",1,37,12,"BMA",4.12259873607323,3.50710041719663,0.2665
"6853",1,37,13,"BMA",5.24810490839361,3.67210598653354,0.2065
"6854",1,37,14,"BMA",2.48964990291141,3.27907886204445,0.6125
"6855",1,37,15,"BMA",3.28149840546367,3.34745406139431,0.266
"6856",1,37,16,"BMA",9.65179678797503,4.62669948124823,0.9415
"6857",1,37,17,"BMA",2.45504226381119,3.163564272697,0.626
"6858",1,37,18,"BMA",2.27023399728305,3.01475474813888,0.355
"6859",1,37,19,"BMA",1.61438015970423,2.83134320609345,0.499
"6860",1,37,20,"BMA",1.4228707218453,2.68637951260232,0.4445
"6861",1,37,21,"BMA",1.88111912813801,2.77813593344364,0.689
"6862",1,37,22,"BMA",1.11619665853402,2.507748187478,0.5025
"6863",1,37,23,"BMA",1.87710218649726,2.75392593278093,0.744
"6864",1,37,24,"BMA",1.01491413864107,2.36934278668762,0.4785
"6865",1,37,25,"BMA",2.24737845706437,2.77570268505346,0.8245
"6866",1,37,26,"BMA",3.26812674739825,3.1057176978672,0.8855
"6867",1,37,27,"BMA",0.836552110157704,2.15440228382237,0.478
"6868",1,37,28,"BMA",0.906377793659853,2.19263331923472,0.355
"6869",1,37,29,"BMA",1.86350734168742,2.52478549721641,0.147
"6870",1,37,30,"BMA",0.829200130527709,2.07597571893619,0.338
"6871",1,37,31,"BMA",1.11072428012525,2.13278649639432,0.265
"6872",1,37,32,"BMA",2.28958369478277,2.73329082628852,0.073
"6873",1,37,33,"BMA",3.06553998637092,3.30473052013393,0.0345
"6874",1,37,34,"BMA",2.85535484425145,3.35885621802803,0.026
"6875",1,37,35,"BMA",0.490464075541909,1.69245957711449,0.4925
"6876",1,37,36,"BMA",1.23502059479922,2.30292423371432,0.8315
"6877",1,37,37,"BMA",0.546130190352056,1.71346848166732,0.6205
"6878",1,37,38,"BMA",0.459341289805675,1.56511683198872,0.552
"6879",1,37,1,"AVS",9.50722300014977,4.38527219564631,0.867
"6880",1,37,2,"AVS",3.76476285006647,3.62428070202957,0.6035
"6881",1,37,3,"AVS",13.9668660190768,4.58179563647917,0.917
"6882",1,37,4,"AVS",4.42658131052408,3.77284456343913,0.6485
"6883",1,37,5,"AVS",3.83316012510431,3.77035801487534,0.5665
"6884",1,37,6,"AVS",5.71539098058319,3.83692920648061,0.284
"6885",1,37,7,"AVS",9.28514709294904,4.15010606017829,0.1655
"6886",1,37,8,"AVS",5.9486225008452,3.87973282945522,0.5795
"6887",1,37,9,"AVS",5.83424793438991,3.70031788417246,0.639
"6888",1,37,10,"AVS",3.28783013066882,3.47266777440937,0.553
"6889",1,37,11,"AVS",3.35538887918809,3.45482516687497,0.6075
"6890",1,37,12,"AVS",3.73205134389633,3.56178682092037,0.2835
"6891",1,37,13,"AVS",6.06325438384422,3.80994380878158,0.2015
"6892",1,37,14,"AVS",2.35759889151803,3.25780575726706,0.5115
"6893",1,37,15,"AVS",2.72377087744769,3.23993997445751,0.3205
"6894",1,37,16,"AVS",8.56960470379436,4.37217697098202,0.9345
"6895",1,37,17,"AVS",2.5132383801187,3.07528259286858,0.663
"6896",1,37,18,"AVS",2.20581212000744,2.94523535175595,0.338
"6897",1,37,19,"AVS",1.60518804000006,2.82380848745952,0.495
"6898",1,37,20,"AVS",1.41704500000001,2.72578539212198,0.435
"6899",1,37,21,"AVS",1.88016468000002,2.86040462502225,0.68
"6900",1,37,22,"AVS",1.11373664000002,2.46544403770918,0.489
"6901",1,37,23,"AVS",1.8767668,2.69356184466838,0.7515
"6902",1,37,24,"AVS",1.01379100000001,2.40676392563832,0.5
"6903",1,37,25,"AVS",2.24732088,2.77838735845291,0.836
"6904",1,37,26,"AVS",3.27008503999998,3.15274710179256,0.9125
"6905",1,37,27,"AVS",0.835541800000061,2.17660106171268,0.495
"6906",1,37,28,"AVS",0.90634244,2.13392063056559,0.3815
"6907",1,37,29,"AVS",1.86364648,2.51053458964761,0.1565
"6908",1,37,30,"AVS",0.82920888,2.00931897342752,0.3555
"6909",1,37,31,"AVS",1.11072756,2.17661137933689,0.2605
"6910",1,37,32,"AVS",2.2896186,2.7342929627796,0.0815
"6911",1,37,33,"AVS",3.06563899999999,3.37385705849806,0.0345
"6912",1,37,34,"AVS",2.85556051999989,3.41064247922372,0.027
"6913",1,37,35,"AVS",0.490406440000094,1.69866309491874,0.5055
"6914",1,37,36,"AVS",1.23503864399998,2.23830744073832,0.8415
"6915",1,37,37,"AVS",0.546126632000008,1.70522553830954,0.622
"6916",1,37,38,"AVS",0.459337444000008,1.55511384271944,0.5765
"6917",1,37,1,"EQW",9.50722300014977,4.309201525675,0.8485
"6918",1,37,2,"EQW",2.96889239481682,3.30340692476881,0.5605
"6919",1,37,3,"EQW",9.09403659653178,4.43502510788882,0.863
"6920",1,37,4,"EQW",10.0125523188354,4.26591639746303,0.8565
"6921",1,37,5,"EQW",7.41174394313156,3.87784969799438,0.717
"6922",1,37,6,"EQW",5.08896751800386,4.05459450916416,0.4805
"6923",1,37,7,"EQW",5.23693552228751,4.07297774275234,0.3755
"6924",1,37,8,"EQW",4.3576834286313,3.75638166741577,0.5285
"6925",1,37,9,"EQW",4.35433797553952,3.88267713625353,0.485
"6926",1,37,10,"EQW",3.1885427886842,3.54456745290633,0.5265
"6927",1,37,11,"EQW",4.01185111874045,3.59708052436045,0.6975
"6928",1,37,12,"EQW",4.00251527258431,3.75737653872924,0.388
"6929",1,37,13,"EQW",3.68109997990817,3.58649006352451,0.361
"6930",1,37,14,"EQW",3.57654859590279,3.59358533934737,0.644
"6931",1,37,15,"EQW",3.56901259222078,3.57605762816073,0.377
"6932",1,37,16,"EQW",9.79379533812318,4.3537650352956,0.888
"6933",1,37,17,"EQW",4.65428139208478,3.93581276519997,0.442
"6934",1,37,18,"EQW",3.64787856687479,3.55340923656216,0.3775
"6935",1,37,19,"EQW",3.03734053587411,3.39293429746909,0.622
"6936",1,37,20,"EQW",2.45110870839657,3.27645672812989,0.552
"6937",1,37,21,"EQW",3.10796010948011,3.34480362969117,0.696
"6938",1,37,22,"EQW",2.30452590443176,3.20122751491219,0.509
"6939",1,37,23,"EQW",2.93190020906454,3.22665145654173,0.714
"6940",1,37,24,"EQW",2.14008643281767,3.11834174220922,0.4585
"6941",1,37,25,"EQW",3.18685815508078,3.25707998232705,0.7495
"6942",1,37,26,"EQW",3.00898975117787,3.32064599985202,0.6995
"6943",1,37,27,"EQW",2.4215502695609,3.18977442585069,0.4255
"6944",1,37,28,"EQW",1.77111600110678,2.90433139116723,0.5525
"6945",1,37,29,"EQW",1.74260606674572,2.9454127770494,0.4615
"6946",1,37,30,"EQW",1.77221687568291,2.82202708003696,0.606
"6947",1,37,31,"EQW",1.52825873414889,2.79442258120141,0.493
"6948",1,37,32,"EQW",1.59589442873504,2.81351204817416,0.4025
"6949",1,37,33,"EQW",1.57892140351848,2.83753595419706,0.385
"6950",1,37,34,"EQW",1.44396002240602,2.6709768054146,0.389
"6951",1,37,35,"EQW",1.59981445761352,2.55151364553017,0.691
"6952",1,37,36,"EQW",1.84726210966567,2.86706747722935,0.7065
"6953",1,37,37,"EQW",1.34942702002531,2.56021364357983,0.585
"6954",1,37,38,"EQW",1.2815121833569,2.53078587124823,0.606
"6955",1,37,1,"SGP",9.50722300014977,4.32632552491343,0.86
"6956",1,37,2,"SGP",2.95271248241428,3.23649361118517,0.625
"6957",1,37,3,"SGP",8.87191777341284,5.22244516660068,0.979
"6958",1,37,4,"SGP",7.6003218251073,4.11949618585033,0.9565
"6959",1,37,5,"SGP",1.91036337854054,2.91421513288947,0.4115
"6960",1,37,6,"SGP",7.16928919604905,4.05490314934518,0.0665
"6961",1,37,7,"SGP",10.2106591620063,4.92192839532869,0.0235
"6962",1,37,8,"SGP",5.26195981274916,3.6205779677404,0.1315
"6963",1,37,9,"SGP",9.45045545300478,4.34766177713215,0.046
"6964",1,37,10,"SGP",2.47113583963747,3.11023950395122,0.3235
"6965",1,37,11,"SGP",2.25478595838485,3.02824944267492,0.6995
"6966",1,37,12,"SGP",5.82032671890381,3.88213269321248,0.0945
"6967",1,37,13,"SGP",2.21174471894579,3.02942172727602,0.321
"6968",1,37,14,"SGP",4.09616065125415,3.31281520825863,0.8415
"6969",1,37,15,"SGP",4.98848468620021,3.45570255729496,0.1075
"6970",1,37,16,"SGP",14.0299507996541,6.1091905604731,0.9955
"6971",1,37,17,"SGP",12.4839885856301,5.12093859472679,0.0235
"6972",1,37,18,"SGP",5.96730580916347,3.75933076463254,0.1135
"6973",1,37,19,"SGP",3.64717500892615,3.19026733573457,0.788
"6974",1,37,20,"SGP",1.89530592381646,2.99270084070188,0.5415
"6975",1,37,21,"SGP",2.82799909525447,3.21398980881036,0.719
"6976",1,37,22,"SGP",2.31856781202096,3.04590392571854,0.329
"6977",1,37,23,"SGP",2.46813234501416,3.02258248146827,0.7055
"6978",1,37,24,"SGP",2.85283544261508,3.07267213476589,0.232
"6979",1,37,25,"SGP",2.83769224558745,3.00867243170418,0.7355
"6980",1,37,26,"SGP",1.50255225647822,2.94661633776873,0.4585
"6981",1,37,27,"SGP",5.80612370908092,3.68685870025953,0.099
"6982",1,37,28,"SGP",1.61023595026393,2.81353548623863,0.546
"6983",1,37,29,"SGP",1.55836026878712,2.86856240861834,0.517
"6984",1,37,30,"SGP",2.29107408441492,2.91496040204824,0.6975
"6985",1,37,31,"SGP",1.56940928809541,2.879014821618,0.4995
"6986",1,37,32,"SGP",1.72744983163698,2.8568182455687,0.4195
"6987",1,37,33,"SGP",1.4774849400872,2.81500947220509,0.5335
"6988",1,37,34,"SGP",1.63427589015806,2.78432781754733,0.608
"6989",1,37,35,"SGP",2.71362583511295,3.14151430585794,0.759
"6990",1,37,36,"SGP",1.52201305850805,2.79748952087114,0.543
"6991",1,37,37,"SGP",2.14886770906619,2.84243110225468,0.295
"6992",1,37,38,"SGP",1.49577286695515,2.74598911416806,0.4915
"6993",1,37,1,"SGP50",9.50722300014977,4.27463958665114,0.8475
"6994",1,37,2,"SGP50",2.9575955619906,3.34452608932056,0.572
"6995",1,37,3,"SGP50",9.31145129440495,4.42541355659747,0.88
"6996",1,37,4,"SGP50",10.036187148798,4.32889119037278,0.8925
"6997",1,37,5,"SGP50",6.46063063039731,3.7863357664217,0.678
"6998",1,37,6,"SGP50",4.7709901794772,4.05580351917948,0.446
"6999",1,37,7,"SGP50",5.87542682325118,4.06880311430918,0.2915
"7000",1,37,8,"SGP50",3.88296690820186,3.69659503740093,0.457
"7001",1,37,9,"SGP50",4.70992570738347,3.93648351262924,0.379
"7002",1,37,10,"SGP50",2.75028841291253,3.41374800624564,0.4295
"7003",1,37,11,"SGP50",3.09151488535461,3.38415541424485,0.671
"7004",1,37,12,"SGP50",4.48816664463231,3.78073469566113,0.256
"7005",1,37,13,"SGP50",3.20802749468141,3.34746786955178,0.315
"7006",1,37,14,"SGP50",3.36761576957424,3.4426686545995,0.7095
"7007",1,37,15,"SGP50",4.17873911313057,3.57805286583364,0.2565
"7008",1,37,16,"SGP50",10.7618809103403,4.58479755458467,0.92
"7009",1,37,17,"SGP50",6.78175958249082,4.22376025264626,0.244
"7010",1,37,18,"SGP50",4.57815785221787,3.65889107853329,0.24
"7011",1,37,19,"SGP50",2.90604439693982,3.26979237418261,0.667
"7012",1,37,20,"SGP50",2.09879604707514,3.13516147582506,0.5085
"7013",1,37,21,"SGP50",2.71011973826659,3.23642309219382,0.6765
"7014",1,37,22,"SGP50",2.20656283800814,3.01261262060298,0.4055
"7015",1,37,23,"SGP50",2.4714266602933,3.11315458128699,0.684
"7016",1,37,24,"SGP50",2.24483379310869,3.04091968494581,0.3575
"7017",1,37,25,"SGP50",2.77193879757547,3.08546639317054,0.756
"7018",1,37,26,"SGP50",2.06226825730807,3.09790570386582,0.61
"7019",1,37,27,"SGP50",3.29832424090873,3.19320608507818,0.269
"7020",1,37,28,"SGP50",1.5292513522342,2.74573237386694,0.4925
"7021",1,37,29,"SGP50",1.61465563335768,2.84800043914785,0.4235
"7022",1,37,30,"SGP50",1.67584231363315,2.73802666853818,0.6195
"7023",1,37,31,"SGP50",1.42378049237324,2.74161474895448,0.4515
"7024",1,37,32,"SGP50",1.6989368089139,2.80374595773533,0.3565
"7025",1,37,33,"SGP50",1.60640588939798,2.86682108535731,0.3755
"7026",1,37,34,"SGP50",1.51600222550023,2.84011582693993,0.398
"7027",1,37,35,"SGP50",1.59706712095364,2.52454216534931,0.6805
"7028",1,37,36,"SGP50",1.49156062400873,2.69923326233548,0.665
"7029",1,37,37,"SGP50",1.21315046169316,2.42574857429195,0.4785
"7030",1,37,38,"SGP50",1.05895088291924,2.30839531053615,0.5525
"7031",1,38,1,"BMA",2.6864616725166,3.17752814925328,0.721
"7032",1,38,2,"BMA",9.5755810823811,4.77851966313082,0.9325
"7033",1,38,3,"BMA",2.99380470435892,3.43703934736769,0.646
"7034",1,38,4,"BMA",13.1763921164715,4.71911231171802,0.9445
"7035",1,38,5,"BMA",4.55845187273479,3.82588981207429,0.609
"7036",1,38,6,"BMA",5.98797791524306,3.95498221463299,0.7125
"7037",1,38,7,"BMA",13.0943958633224,4.53068419318313,0.9165
"7038",1,38,8,"BMA",7.12244707086066,3.94668830249839,0.803
"7039",1,38,9,"BMA",5.04977596378651,3.86731984602859,0.307
"7040",1,38,10,"BMA",6.26996728077349,3.81299936837567,0.757
"7041",1,38,11,"BMA",4.34274453382205,3.68023594016508,0.5385
"7042",1,38,12,"BMA",16.2498508215977,4.85600052661562,0.9485
"7043",1,38,13,"BMA",9.47622712889336,4.07046073555373,0.8845
"7044",1,38,14,"BMA",14.2127229888394,4.75899271080066,0.9575
"7045",1,38,15,"BMA",17.46035342483,5.24788554816543,0.9705
"7046",1,38,16,"BMA",4.97422659138579,4.09857325032545,0.5905
"7047",1,38,17,"BMA",4.4094405183937,3.64856132968637,0.3015
"7048",1,38,18,"BMA",3.16184264888201,3.3895685545284,0.6045
"7049",1,38,19,"BMA",3.39729006871483,3.46485461721215,0.3525
"7050",1,38,20,"BMA",14.2027714305279,4.92015234518946,0.0455
"7051",1,38,21,"BMA",3.14617962326493,3.51428155270586,0.4085
"7052",1,38,22,"BMA",2.84871396688346,3.49549449948344,0.6055
"7053",1,38,23,"BMA",3.8808054870587,3.45122281138242,0.287
"7054",1,38,24,"BMA",2.1206990812514,3.10156874318938,0.4365
"7055",1,38,25,"BMA",3.00157305351121,3.2659201541136,0.7525
"7056",1,38,26,"BMA",2.90247429004,3.18219630710756,0.267
"7057",1,38,27,"BMA",3.02190613239423,3.1754620144704,0.241
"7058",1,38,28,"BMA",4.11068712954463,3.45158702962965,0.8565
"7059",1,38,29,"BMA",1.66654020160781,2.8098618074742,0.6325
"7060",1,38,30,"BMA",3.43263546194538,3.29958893223366,0.8455
"7061",1,38,31,"BMA",5.53395735477857,3.9303220700603,0.942
"7062",1,38,32,"BMA",1.88305925460302,2.71273487526659,0.701
"7063",1,38,33,"BMA",2.40027546278579,2.99742597162636,0.816
"7064",1,38,34,"BMA",6.88907413572238,4.4506578745807,0.9735
"7065",1,38,35,"BMA",2.34147010295256,2.91880632131021,0.8085
"7066",1,38,36,"BMA",1.2257338476705,2.54190483198087,0.6335
"7067",1,38,37,"BMA",1.04490781248282,2.45567602612459,0.5215
"7068",1,38,38,"BMA",0.919499476986568,2.31544527942988,0.483
"7069",1,38,1,"AVS",2.6864616725166,3.1990566575418,0.7545
"7070",1,38,2,"AVS",9.4687684990202,4.79716243955416,0.9325
"7071",1,38,3,"AVS",3.02890507577099,3.33190767286097,0.657
"7072",1,38,4,"AVS",13.9630537666953,4.80736360621733,0.9425
"7073",1,38,5,"AVS",6.06064302623612,3.86335881163123,0.7795
"7074",1,38,6,"AVS",8.0114519566243,4.03437334143307,0.801
"7075",1,38,7,"AVS",9.66379927029755,4.56076555254865,0.9365
"7076",1,38,8,"AVS",4.43017826286553,3.64638533937375,0.73
"7077",1,38,9,"AVS",8.23521323355096,4.09760465732777,0.17
"7078",1,38,10,"AVS",5.83007064243706,3.78745722265031,0.742
"7079",1,38,11,"AVS",4.46453912263611,3.65766068932167,0.542
"7080",1,38,12,"AVS",16.7162274724083,4.96520824146461,0.953
"7081",1,38,13,"AVS",4.35621420411997,3.81840953008781,0.5455
"7082",1,38,14,"AVS",1.96036780297733,3.00868788768407,0.544
"7083",1,38,15,"AVS",1.89599248350757,2.97731996852894,0.577
"7084",1,38,16,"AVS",9.92456332079069,4.77964956440571,0.031
"7085",1,38,17,"AVS",16.9413735515687,6.13671601840581,0.0065
"7086",1,38,18,"AVS",2.61945543298701,3.23134252350584,0.3725
"7087",1,38,19,"AVS",9.34661238724502,4.19153566123286,0.0835
"7088",1,38,20,"AVS",14.657187722773,4.97547450675471,0.0295
"7089",1,38,21,"AVS",2.64319509692042,3.41562817235184,0.4755
"7090",1,38,22,"AVS",3.32231375661626,3.42044440082234,0.352
"7091",1,38,23,"AVS",10.4987563879417,4.41560771913763,0.0635
"7092",1,38,24,"AVS",4.17130693304997,3.52052840263017,0.2925
"7093",1,38,25,"AVS",2.71817434167885,3.34672647813008,0.4535
"7094",1,38,26,"AVS",9.18568322814949,4.19304906751153,0.079
"7095",1,38,27,"AVS",2.99583464506484,3.14544698641131,0.258
"7096",1,38,28,"AVS",4.77638897898389,3.48144323039701,0.8585
"7097",1,38,29,"AVS",1.86072371595729,2.95438195069209,0.652
"7098",1,38,30,"AVS",3.77517271921779,3.33440030591954,0.859
"7099",1,38,31,"AVS",5.65327400821986,3.99744822320545,0.923
"7100",1,38,32,"AVS",1.65101005448209,2.72476095524578,0.6045
"7101",1,38,33,"AVS",2.14707587406924,2.87434475057134,0.764
"7102",1,38,34,"AVS",6.16285076327488,4.24249053995552,0.9595
"7103",1,38,35,"AVS",1.75284366344017,2.90319008697722,0.619
"7104",1,38,36,"AVS",1.39941080780409,2.62586855207189,0.497
"7105",1,38,37,"AVS",1.14331687999669,2.50880483508237,0.468
"7106",1,38,38,"AVS",0.981470487514931,2.36727894326099,0.4525
"7107",1,38,1,"EQW",2.6864616725166,3.1440995402002,0.735
"7108",1,38,2,"EQW",9.36531228823486,4.74440044155454,0.925
"7109",1,38,3,"EQW",2.29051868279767,3.13933583671642,0.6265
"7110",1,38,4,"EQW",13.9136893803142,5.20930796301292,0.9595
"7111",1,38,5,"EQW",3.00619006656776,3.49434753075447,0.464
"7112",1,38,6,"EQW",4.51183406613287,3.61063610712494,0.7135
"7113",1,38,7,"EQW",12.4250829074561,4.71771994855656,0.945
"7114",1,38,8,"EQW",7.01313575001635,3.84277706368171,0.832
"7115",1,38,9,"EQW",5.21017058226427,3.92112951024097,0.3615
"7116",1,38,10,"EQW",6.46661549920132,3.7461767931557,0.817
"7117",1,38,11,"EQW",3.63861473465072,3.6446402450962,0.4225
"7118",1,38,12,"EQW",10.2405807214965,4.15625677004735,0.9025
"7119",1,38,13,"EQW",4.31870662593885,3.8230809411911,0.583
"7120",1,38,14,"EQW",7.36704605056947,3.84490407471151,0.799
"7121",1,38,15,"EQW",8.77032229383101,3.94421804727485,0.8315
"7122",1,38,16,"EQW",4.67825729868994,3.99107288760008,0.5305
"7123",1,38,17,"EQW",5.73197679751777,3.90276756109588,0.276
"7124",1,38,18,"EQW",3.36325120033393,3.53772198385941,0.614
"7125",1,38,19,"EQW",4.04024172398456,3.70761724680678,0.3635
"7126",1,38,20,"EQW",11.4130707807723,4.36130215586955,0.105
"7127",1,38,21,"EQW",2.88062704394193,3.39297486855263,0.611
"7128",1,38,22,"EQW",3.17678464321591,3.51408693700682,0.619
"7129",1,38,23,"EQW",4.32322133412907,3.5192581348102,0.259
"7130",1,38,24,"EQW",2.36619843092904,3.22888377828911,0.4335
"7131",1,38,25,"EQW",2.89833830753085,3.28749081896402,0.6695
"7132",1,38,26,"EQW",4.26207590035492,3.3542222419869,0.226
"7133",1,38,27,"EQW",3.36589244314004,3.26561828589715,0.2435
"7134",1,38,28,"EQW",4.25171269251963,3.4469211032525,0.794
"7135",1,38,29,"EQW",1.95541233753638,2.99228789412811,0.485
"7136",1,38,30,"EQW",2.63496582230477,3.21190497880334,0.696
"7137",1,38,31,"EQW",3.33226632747664,3.50382322901475,0.726
"7138",1,38,32,"EQW",2.12232651886673,3.06156724494526,0.472
"7139",1,38,33,"EQW",1.97860290948341,3.05659194958559,0.6195
"7140",1,38,34,"EQW",4.55682015945562,3.7391714278364,0.834
"7141",1,38,35,"EQW",2.0849211140983,3.10900097393454,0.572
"7142",1,38,36,"EQW",1.68362399576767,2.90365910632939,0.49
"7143",1,38,37,"EQW",1.54376493283351,2.74760477297298,0.487
"7144",1,38,38,"EQW",1.44620669460703,2.72475486415957,0.54
"7145",1,38,1,"SGP",2.6864616725166,3.25608611081309,0.7335
"7146",1,38,2,"SGP",11.6449368857106,5.89301807215622,0.9845
"7147",1,38,3,"SGP",1.85504520451369,2.92024114101925,0.6315
"7148",1,38,4,"SGP",15.0673769436863,6.73325187038237,0.9945
"7149",1,38,5,"SGP",2.54902065399838,3.15300432214177,0.3105
"7150",1,38,6,"SGP",3.03698060632772,3.15581866770736,0.732
"7151",1,38,7,"SGP",10.4602886949187,4.64835086283903,0.9705
"7152",1,38,8,"SGP",3.35002305298025,3.16921863264634,0.7575
"7153",1,38,9,"SGP",15.7864844703234,5.995169026814,0.017
"7154",1,38,10,"SGP",3.39547435817838,3.33685203539222,0.731
"7155",1,38,11,"SGP",7.89810507554243,4.2349959391258,0.069
"7156",1,38,12,"SGP",4.77707222568395,3.4365913528762,0.822
"7157",1,38,13,"SGP",5.00278217535012,3.55737361866488,0.151
"7158",1,38,14,"SGP",1.94551562391854,3.05705081388979,0.546
"7159",1,38,15,"SGP",1.92968535358656,2.99893447927228,0.5575
"7160",1,38,16,"SGP",9.76444160746604,4.55927179483766,0.045
"7161",1,38,17,"SGP",16.7358049687102,5.94554832003873,0.0095
"7162",1,38,18,"SGP",2.67005199783504,3.28700563174585,0.354
"7163",1,38,19,"SGP",9.69124328057987,4.28486737472931,0.0665
"7164",1,38,20,"SGP",20.6330493391837,7.17102314105135,0.0035
"7165",1,38,21,"SGP",4.05482951437364,3.43032380836757,0.7575
"7166",1,38,22,"SGP",4.88144969925654,3.58437317987545,0.8005
"7167",1,38,23,"SGP",4.01456119931532,3.37580522833541,0.223
"7168",1,38,24,"SGP",2.06286258571907,3.12693969460644,0.489
"7169",1,38,25,"SGP",3.852817794159,3.38538305502068,0.757
"7170",1,38,26,"SGP",4.17376427387874,3.46389285658144,0.215
"7171",1,38,27,"SGP",2.48714065210397,3.14355098648214,0.355
"7172",1,38,28,"SGP",8.48524221129205,4.11650567071645,0.924
"7173",1,38,29,"SGP",2.01456580174931,3.10534267581609,0.5755
"7174",1,38,30,"SGP",2.61589379648955,3.16431607551771,0.679
"7175",1,38,31,"SGP",2.40836603925904,3.20744196278872,0.6365
"7176",1,38,32,"SGP",3.35064272428029,3.27707968598209,0.2535
"7177",1,38,33,"SGP",1.92855521142483,3.07636449342658,0.4955
"7178",1,38,34,"SGP",3.66777883841343,3.3079874625046,0.8035
"7179",1,38,35,"SGP",2.29012690758674,3.20065186178589,0.406
"7180",1,38,36,"SGP",2.3155575601849,3.05492794599798,0.3445
"7181",1,38,37,"SGP",2.07211136650608,3.08500655110632,0.389
"7182",1,38,38,"SGP",2.47607760684007,3.066349930011,0.6625
"7183",1,38,1,"SGP50",2.6864616725166,3.22868597005023,0.742
"7184",1,38,2,"SGP50",9.48256928452095,4.61916111812731,0.9275
"7185",1,38,3,"SGP50",2.26575625750905,3.0692129713345,0.6345
"7186",1,38,4,"SGP50",14.065657901817,5.31567169699049,0.9705
"7187",1,38,5,"SGP50",2.94042104780345,3.45466046124348,0.4515
"7188",1,38,6,"SGP50",4.44853563672459,3.53919319975775,0.7075
"7189",1,38,7,"SGP50",12.2927779239049,4.61634757599546,0.949
"7190",1,38,8,"SGP50",6.435621584803,3.70723570245291,0.8275
"7191",1,38,9,"SGP50",6.04723603799966,4.02278877595822,0.3065
"7192",1,38,10,"SGP50",5.99460382026748,3.70842351129409,0.8135
"7193",1,38,11,"SGP50",3.95233611783128,3.70955298899624,0.3585
"7194",1,38,12,"SGP50",9.02432444099678,4.11368323779604,0.903
"7195",1,38,13,"SGP50",3.58809536958623,3.71263346662297,0.511
"7196",1,38,14,"SGP50",5.26138319796907,3.67698069029833,0.733
"7197",1,38,15,"SGP50",5.58583945541873,3.59497842146302,0.7615
"7198",1,38,16,"SGP50",4.95203365636201,4.10682950381615,0.345
"7199",1,38,17,"SGP50",8.80817549382795,4.30355709963767,0.152
"7200",1,38,18,"SGP50",2.80948936772031,3.40867722374559,0.5475
"7201",1,38,19,"SGP50",5.33980053304154,3.77390853286824,0.257
"7202",1,38,20,"SGP50",14.4027690487418,4.79286981811146,0.0665
"7203",1,38,21,"SGP50",2.93670011587522,3.43999538759832,0.6075
"7204",1,38,22,"SGP50",3.1866016882065,3.48586323271607,0.624
"7205",1,38,23,"SGP50",5.01402751239374,3.5702640539191,0.195
"7206",1,38,24,"SGP50",2.44923363904076,3.18858004900396,0.4355
"7207",1,38,25,"SGP50",2.93526705119305,3.3678604074013,0.665
"7208",1,38,26,"SGP50",4.84369532899631,3.46879022813882,0.217
"7209",1,38,27,"SGP50",3.29264284242693,3.33178343424366,0.2445
"7210",1,38,28,"SGP50",4.9569397360512,3.50397827752912,0.7915
"7211",1,38,29,"SGP50",2.07915452479439,3.09900707630902,0.4975
"7212",1,38,30,"SGP50",2.5659876660913,3.197013129325,0.655
"7213",1,38,31,"SGP50",2.98394384181098,3.3618150626659,0.6835
"7214",1,38,32,"SGP50",2.41540664498306,3.14914364369741,0.4315
"7215",1,38,33,"SGP50",1.9488228376793,3.04372091531019,0.6105
"7216",1,38,34,"SGP50",4.29484461176186,3.64317507922304,0.811
"7217",1,38,35,"SGP50",2.10959875698549,3.07870862745758,0.5375
"7218",1,38,36,"SGP50",1.76697942765318,2.87814576391338,0.482
"7219",1,38,37,"SGP50",1.60689815897819,2.78337860592969,0.475
"7220",1,38,38,"SGP50",1.52884667968404,2.79125492075531,0.542
"7221",1,39,1,"BMA",5.88093949992045,3.71390539804031,0.8695
"7222",1,39,2,"BMA",1.99361555624348,2.96653716951729,0.6185
"7223",1,39,3,"BMA",2.40124286620894,2.93050814102948,0.297
"7224",1,39,4,"BMA",1.53912403098006,2.78214334716653,0.586
"7225",1,39,5,"BMA",1.23250145869065,2.58283789495452,0.5375
"7226",1,39,6,"BMA",2.41441042415041,2.8986538511344,0.791
"7227",1,39,7,"BMA",2.2741220135221,2.71360222753048,0.7925
"7228",1,39,8,"BMA",3.65430843243882,3.22048496576097,0.9045
"7229",1,39,9,"BMA",4.64684330691835,3.55175028969561,0.951
"7230",1,39,10,"BMA",1.24354457044062,2.34663520226432,0.634
"7231",1,39,11,"BMA",3.28744680253534,3.1178277255597,0.936
"7232",1,39,12,"BMA",6.37437420451556,5.17101515497826,0.994
"7233",1,39,13,"BMA",1.27735349685662,2.53692350044923,0.3915
"7234",1,39,14,"BMA",9.48085134424459,5.8264184023279,0.0105
"7235",1,39,15,"BMA",1.30315814760369,2.69163131920445,0.5455
"7236",1,39,16,"BMA",12.2526541057963,6.05185519777915,0.005
"7237",1,39,17,"BMA",3.66881365169721,3.2458328569239,0.8255
"7238",1,39,18,"BMA",6.83179358638676,3.97790014380139,0.0665
"7239",1,39,19,"BMA",1.59776046856543,2.82448111274208,0.506
"7240",1,39,20,"BMA",4.10154737358936,3.34717318838369,0.8445
"7241",1,39,21,"BMA",3.0299714878526,3.0555889473043,0.216
"7242",1,39,22,"BMA",6.83555970416257,3.8901067450779,0.05
"7243",1,39,23,"BMA",2.53312802343709,3.09042618752231,0.707
"7244",1,39,24,"BMA",5.97492303828859,3.87653017941709,0.0755
"7245",1,39,25,"BMA",5.92731352099567,3.75292149848602,0.082
"7246",1,39,26,"BMA",4.81034454756641,3.56622123584584,0.0965
"7247",1,39,27,"BMA",3.52596746282683,3.15679529764066,0.2
"7248",1,39,28,"BMA",1.98107292586043,2.95212002309212,0.301
"7249",1,39,29,"BMA",1.62680558644144,2.84103210413031,0.428
"7250",1,39,30,"BMA",2.90334232682983,3.03002683601216,0.229
"7251",1,39,31,"BMA",4.03784481322495,3.27270042303657,0.1425
"7252",1,39,32,"BMA",3.50477594693389,3.10086839310055,0.1895
"7253",1,39,33,"BMA",2.08009675785934,2.93197653268572,0.676
"7254",1,39,34,"BMA",1.429866148123,2.72987115593563,0.486
"7255",1,39,35,"BMA",1.80985820469503,2.84390978217526,0.3555
"7256",1,39,36,"BMA",1.31843779933726,2.61926108594009,0.513
"7257",1,39,37,"BMA",1.23323962465948,2.57405567112612,0.456
"7258",1,39,38,"BMA",1.09035182250786,2.43683560953758,0.581
"7259",1,39,1,"AVS",5.88093949992045,3.7492773333592,0.873
"7260",1,39,2,"AVS",1.77887191240765,2.97793048410674,0.5505
"7261",1,39,3,"AVS",3.5167619588627,3.26588076648245,0.212
"7262",1,39,4,"AVS",1.54970539688878,2.71671320186868,0.6075
"7263",1,39,5,"AVS",1.19162942423474,2.62840144753479,0.552
"7264",1,39,6,"AVS",2.51162809704204,2.84579296953327,0.809
"7265",1,39,7,"AVS",2.33212017282941,2.81826434842844,0.8215
"7266",1,39,8,"AVS",3.98158074511153,3.35234503586071,0.9205
"7267",1,39,9,"AVS",5.43625960975092,3.88615052743535,0.9605
"7268",1,39,10,"AVS",1.33062795788965,2.47001649782476,0.6415
"7269",1,39,11,"AVS",3.08350061585967,3.0154206235191,0.933
"7270",1,39,12,"AVS",6.16187683054698,4.91264086012423,0.9915
"7271",1,39,13,"AVS",1.31694947661108,2.45692562317873,0.2925
"7272",1,39,14,"AVS",9.82823138800768,7.20061807374279,0
"7273",1,39,15,"AVS",1.20102064283677,2.3872733993071,0.3535
"7274",1,39,16,"AVS",14.993477522074,8.08678907179908,0
"7275",1,39,17,"AVS",2.73018230417967,3.04498315148126,0.747
"7276",1,39,18,"AVS",10.0255626422524,5.19798063789868,0.0145
"7277",1,39,19,"AVS",1.59964343281758,2.8851238573126,0.4655
"7278",1,39,20,"AVS",3.99411905969504,3.35450788538685,0.8565
"7279",1,39,21,"AVS",3.54114600782888,3.20679467468835,0.1925
"7280",1,39,22,"AVS",6.91385427886547,3.90295430473019,0.042
"7281",1,39,23,"AVS",2.53171192595835,3.04749004015042,0.7225
"7282",1,39,24,"AVS",5.99740836651692,3.83196947312503,0.074
"7283",1,39,25,"AVS",5.94984479278506,3.76086931104131,0.087
"7284",1,39,26,"AVS",4.78340593176951,3.41690634601632,0.129
"7285",1,39,27,"AVS",2.91743632776351,3.09222503634078,0.248
"7286",1,39,28,"AVS",1.58481789039168,2.87761506698128,0.5295
"7287",1,39,29,"AVS",1.95243821951938,2.95069463541975,0.639
"7288",1,39,30,"AVS",2.08668342687871,2.96312131488878,0.323
"7289",1,39,31,"AVS",2.27458915898652,2.95985504883902,0.297
"7290",1,39,32,"AVS",1.50172924824016,2.74701126217094,0.443
"7291",1,39,33,"AVS",5.13973924348883,3.5782274827941,0.907
"7292",1,39,34,"AVS",1.67424918094512,2.78904620995542,0.6135
"7293",1,39,35,"AVS",1.44607370943224,2.75765003743232,0.4305
"7294",1,39,36,"AVS",1.56121453321841,2.71142311432391,0.6045
"7295",1,39,37,"AVS",1.34403728451678,2.63632056907101,0.486
"7296",1,39,38,"AVS",1.37044256180248,2.72960626547726,0.5495
"7297",1,39,1,"EQW",5.88093949992045,3.69168167234596,0.87
"7298",1,39,2,"EQW",2.30674410518139,3.00336704697334,0.685
"7299",1,39,3,"EQW",2.34494137263363,2.98857578229697,0.3205
"7300",1,39,4,"EQW",1.65713889251243,2.88018634503474,0.514
"7301",1,39,5,"EQW",1.58363281422208,2.73658995923585,0.4245
"7302",1,39,6,"EQW",1.81958503332577,2.76575167701007,0.673
"7303",1,39,7,"EQW",2.30963517574597,2.80586337790342,0.7385
"7304",1,39,8,"EQW",4.00755715497625,3.19626465217875,0.882
"7305",1,39,9,"EQW",6.17731176985152,3.75122029971084,0.9425
"7306",1,39,10,"EQW",3.46887955415536,3.02593379793914,0.7905
"7307",1,39,11,"EQW",5.97882734211978,3.63823370719939,0.9445
"7308",1,39,12,"EQW",10.0409737764888,4.84957190683449,0.9795
"7309",1,39,13,"EQW",6.91857382771248,3.67356364117851,0.8035
"7310",1,39,14,"EQW",3.28341606052585,3.63528651022515,0.505
"7311",1,39,15,"EQW",2.43787638371701,2.96261942541251,0.623
"7312",1,39,16,"EQW",8.64473721886422,4.45551118656537,0.1165
"7313",1,39,17,"EQW",2.86066120962164,3.16108325636729,0.696
"7314",1,39,18,"EQW",5.80954338518428,3.96418257681691,0.149
"7315",1,39,19,"EQW",2.02023575408845,3.08618919289261,0.4565
"7316",1,39,20,"EQW",4.51760243502847,3.41084279498493,0.8525
"7317",1,39,21,"EQW",2.52277979755134,3.33554367438447,0.41
"7318",1,39,22,"EQW",5.12072801012388,3.60695846192382,0.167
"7319",1,39,23,"EQW",2.6567174354202,3.0987437100102,0.6905
"7320",1,39,24,"EQW",3.84252327171343,3.45465612532594,0.2665
"7321",1,39,25,"EQW",3.83419552198032,3.28918674907057,0.1945
"7322",1,39,26,"EQW",3.8364968211099,3.25394598086461,0.176
"7323",1,39,27,"EQW",3.02427759174347,3.16456827306681,0.234
"7324",1,39,28,"EQW",1.81770918246596,2.95209675474199,0.377
"7325",1,39,29,"EQW",1.51105485692841,2.84550171637524,0.5545
"7326",1,39,30,"EQW",1.58850204935497,2.7935118800487,0.388
"7327",1,39,31,"EQW",2.71998062218639,2.99284709726666,0.182
"7328",1,39,32,"EQW",3.12148170364171,3.16459656617385,0.1925
"7329",1,39,33,"EQW",1.79438148500707,2.67326467685074,0.686
"7330",1,39,34,"EQW",1.30712298354588,2.63753262720641,0.6035
"7331",1,39,35,"EQW",1.19468645268045,2.60526364390911,0.463
"7332",1,39,36,"EQW",1.22502552895739,2.53332404655487,0.589
"7333",1,39,37,"EQW",1.08635678911796,2.47605326517982,0.5235
"7334",1,39,38,"EQW",1.13900090973135,2.47455053481475,0.6045
"7335",1,39,1,"SGP",5.88093949992045,3.80154327187253,0.875
"7336",1,39,2,"SGP",2.20758469759461,2.98451403504256,0.6875
"7337",1,39,3,"SGP",1.51354117627106,2.72036498040797,0.385
"7338",1,39,4,"SGP",1.69626312588408,2.65693904544278,0.6925
"7339",1,39,5,"SGP",1.142118793382,2.53193532340585,0.555
"7340",1,39,6,"SGP",2.2805018266796,2.76585380724428,0.7845
"7341",1,39,7,"SGP",1.8995940927253,2.64573680453345,0.7615
"7342",1,39,8,"SGP",2.58100451649054,2.74777319402475,0.8725
"7343",1,39,9,"SGP",3.31907966358462,3.2329726624597,0.9285
"7344",1,39,10,"SGP",0.860500191278893,2.16721113398544,0.554
"7345",1,39,11,"SGP",2.85134947579198,3.02756429649038,0.923
"7346",1,39,12,"SGP",6.22093299260018,5.01621281526293,0.9915
"7347",1,39,13,"SGP",1.28698410088588,2.42594721919348,0.317
"7348",1,39,14,"SGP",9.48723961914215,6.03464157410702,0.0185
"7349",1,39,15,"SGP",1.19915886468171,2.34964943839008,0.365
"7350",1,39,16,"SGP",14.8798901347065,8.18812284768189,0.0015
"7351",1,39,17,"SGP",1.69222673737538,2.71032951847176,0.662
"7352",1,39,18,"SGP",10.6035648430074,5.71538137992519,0.005
"7353",1,39,19,"SGP",1.94195731626496,2.85590739262669,0.296
"7354",1,39,20,"SGP",2.59193719273673,2.9417705170592,0.7835
"7355",1,39,21,"SGP",5.13163667639766,3.68642202381558,0.0775
"7356",1,39,22,"SGP",9.35603339520767,4.78732250638524,0.011
"7357",1,39,23,"SGP",1.72700516640862,2.78534504381041,0.5955
"7358",1,39,24,"SGP",7.91698273273924,4.24589174343509,0.039
"7359",1,39,25,"SGP",3.65690602864034,3.30886221144071,0.163
"7360",1,39,26,"SGP",2.15165762713154,2.8222415845677,0.335
"7361",1,39,27,"SGP",1.53454806716844,2.82323467995228,0.479
"7362",1,39,28,"SGP",1.7745018287096,2.86158049979101,0.647
"7363",1,39,29,"SGP",2.40540171323866,2.92959031721822,0.742
"7364",1,39,30,"SGP",1.56925728229228,2.74620059447399,0.4615
"7365",1,39,31,"SGP",2.01042231266905,2.86072290041127,0.322
"7366",1,39,32,"SGP",1.49502039242024,2.78008198746146,0.4535
"7367",1,39,33,"SGP",5.06089027934541,3.56387549854441,0.8985
"7368",1,39,34,"SGP",1.7340786073002,2.84442902872903,0.625
"7369",1,39,35,"SGP",1.39427257296043,2.79209995469531,0.4625
"7370",1,39,36,"SGP",1.57435823932636,2.73837932100751,0.5945
"7371",1,39,37,"SGP",1.33221634591095,2.59103643137676,0.508
"7372",1,39,38,"SGP",1.36685979743632,2.73334772701225,0.569
"7373",1,39,1,"SGP50",5.88093949992045,3.71625275662932,0.8665
"7374",1,39,2,"SGP50",2.30498521994237,3.02895175272668,0.6705
"7375",1,39,3,"SGP50",2.308893797193,2.96000616469398,0.328
"7376",1,39,4,"SGP50",1.63259700038615,2.84528457828825,0.533
"7377",1,39,5,"SGP50",1.53112002951171,2.71223800425517,0.419
"7378",1,39,6,"SGP50",1.8065499443524,2.73615672693485,0.6705
"7379",1,39,7,"SGP50",2.21411453223077,2.77814903344829,0.733
"7380",1,39,8,"SGP50",3.82390745349797,3.13625898348306,0.8785
"7381",1,39,9,"SGP50",5.78608508725066,3.6716567912476,0.9445
"7382",1,39,10,"SGP50",2.91874268591739,2.87292323716946,0.758
"7383",1,39,11,"SGP50",5.33553466066019,3.6623909281999,0.9435
"7384",1,39,12,"SGP50",9.08017928445495,5.02941067915374,0.9855
"7385",1,39,13,"SGP50",4.97336547821719,3.44123846745756,0.7335
"7386",1,39,14,"SGP50",3.38854432452401,3.66162765156256,0.373
"7387",1,39,15,"SGP50",1.83029109569193,2.83248297162732,0.5765
"7388",1,39,16,"SGP50",10.0635579947635,4.85893828391603,0.0605
"7389",1,39,17,"SGP50",2.65170555803573,3.08436504170208,0.707
"7390",1,39,18,"SGP50",6.94742955840237,4.18483466902485,0.1065
"7391",1,39,19,"SGP50",1.85154543781598,3.01352988844158,0.43
"7392",1,39,20,"SGP50",3.88256532102177,3.35454899928687,0.833
"7393",1,39,21,"SGP50",2.99797176348304,3.36279386366785,0.276
"7394",1,39,22,"SGP50",6.35497873352644,3.88409290692989,0.1005
"7395",1,39,23,"SGP50",2.36704719471832,2.99545397973437,0.681
"7396",1,39,24,"SGP50",5.08717945252279,3.64453765425951,0.165
"7397",1,39,25,"SGP50",4.16820492544578,3.34668332131214,0.1495
"7398",1,39,26,"SGP50",3.54677932241552,3.22040108797213,0.195
"7399",1,39,27,"SGP50",2.56616283226349,3.05528610319601,0.3085
"7400",1,39,28,"SGP50",1.67024661582306,2.93522903357406,0.4315
"7401",1,39,29,"SGP50",1.62012375410279,2.87189157087136,0.5655
"7402",1,39,30,"SGP50",1.75914515056581,2.8068018565691,0.3675
"7403",1,39,31,"SGP50",2.73724110025204,3.04974740922146,0.2265
"7404",1,39,32,"SGP50",2.69203441265282,3.07221249194998,0.2395
"7405",1,39,33,"SGP50",2.33994312935405,2.91949831661292,0.7395
"7406",1,39,34,"SGP50",1.35843903003568,2.65521826839665,0.574
"7407",1,39,35,"SGP50",1.33841297358865,2.66344223092574,0.4445
"7408",1,39,36,"SGP50",1.29595610551037,2.64243160941176,0.588
"7409",1,39,37,"SGP50",1.18536469424091,2.48286667370046,0.531
"7410",1,39,38,"SGP50",1.2007626948309,2.55574319793759,0.561
"7411",1,40,1,"BMA",1.11248327994653,2.52089072522948,0.735
"7412",1,40,2,"BMA",3.45578625129359,3.7887738925282,0.888
"7413",1,40,3,"BMA",1.30648250579081,2.69663784246508,0.581
"7414",1,40,4,"BMA",1.68058515143771,2.83192135184118,0.73
"7415",1,40,5,"BMA",3.77715964579045,3.30659983353585,0.8695
"7416",1,40,6,"BMA",1.5456503160796,2.74882778343854,0.6075
"7417",1,40,7,"BMA",5.22156917378336,3.65404080125396,0.0815
"7418",1,40,8,"BMA",2.00361987139823,2.83226526883118,0.299
"7419",1,40,9,"BMA",1.48787811433513,2.73080174718233,0.381
"7420",1,40,10,"BMA",1.55310018293486,2.76458873901317,0.66
"7421",1,40,11,"BMA",7.59968088886643,4.654640112424,0.9735
"7422",1,40,12,"BMA",5.06893570315098,3.60845842419632,0.9095
"7423",1,40,13,"BMA",8.17465935726332,4.51399467394575,0.975
"7424",1,40,14,"BMA",9.3844011532891,4.64065162932915,0.982
"7425",1,40,15,"BMA",1.75091748494973,2.8862124651168,0.551
"7426",1,40,16,"BMA",1.1603465340895,2.53683863864558,0.5335
"7427",1,40,17,"BMA",1.45431817453711,2.52769510949852,0.691
"7428",1,40,18,"BMA",3.1263864467363,3.15029671677677,0.8825
"7429",1,40,19,"BMA",1.05324526441251,2.38550761715024,0.4475
"7430",1,40,20,"BMA",3.89951414240395,3.2403243094995,0.075
"7431",1,40,21,"BMA",1.4215775866754,2.45746038173887,0.3185
"7432",1,40,22,"BMA",2.39914776554596,2.75107266215468,0.8275
"7433",1,40,23,"BMA",1.80998114758275,2.6096554473178,0.7615
"7434",1,40,24,"BMA",3.0701625849115,3.04589954469135,0.1215
"7435",1,40,25,"BMA",1.1089021091726,2.40874505600104,0.6025
"7436",1,40,26,"BMA",1.38261595070573,2.53142454318387,0.697
"7437",1,40,27,"BMA",1.35541365482959,2.51707840376123,0.716
"7438",1,40,28,"BMA",0.93507653786964,2.3708907312848,0.499
"7439",1,40,29,"BMA",1.07224042640061,2.40866878642497,0.599
"7440",1,40,30,"BMA",4.91069173648059,3.89682738733084,0.9645
"7441",1,40,31,"BMA",0.976953874126458,2.24184160286994,0.4135
"7442",1,40,32,"BMA",7.86902902935981,5.059174970025,0.01
"7443",1,40,33,"BMA",3.21782460572115,3.01985687408056,0.8825
"7444",1,40,34,"BMA",2.53454218539045,2.8834466488508,0.1525
"7445",1,40,35,"BMA",1.04400922432664,2.4109608723509,0.4745
"7446",1,40,36,"BMA",1.38031751932967,2.45235683442158,0.696
"7447",1,40,37,"BMA",6.73212194139988,4.63073360328431,0.008
"7448",1,40,38,"BMA",1.10887495728475,2.473104755459,0.3925
"7449",1,40,1,"AVS",1.11248327994653,2.43990446474524,0.738
"7450",1,40,2,"AVS",3.67419261305555,4.03618996104484,0.9135
"7451",1,40,3,"AVS",1.14153799596298,2.46952265999399,0.516
"7452",1,40,4,"AVS",1.56405478308692,2.73750053615482,0.693
"7453",1,40,5,"AVS",3.68702174670849,3.37659650983816,0.8895
"7454",1,40,6,"AVS",1.57543862712496,2.7078639721158,0.624
"7455",1,40,7,"AVS",5.05025612473701,3.562042426635,0.0835
"7456",1,40,8,"AVS",2.00756759793735,2.77955898902285,0.307
"7457",1,40,9,"AVS",1.47417946173307,2.72149287247361,0.385
"7458",1,40,10,"AVS",1.51992300260753,2.69817234244142,0.6525
"7459",1,40,11,"AVS",7.46651952540363,4.70902211868683,0.981
"7460",1,40,12,"AVS",2.81878719604257,2.92723608633539,0.788
"7461",1,40,13,"AVS",5.00598742992178,3.98563019612432,0.9655
"7462",1,40,14,"AVS",5.48219284094834,4.21351623507648,0.975
"7463",1,40,15,"AVS",1.98077812747394,2.66471171235088,0.2185
"7464",1,40,16,"AVS",1.00731522552089,2.35680611561971,0.447
"7465",1,40,17,"AVS",1.22675955153401,2.43732923106266,0.6715
"7466",1,40,18,"AVS",2.66721817460128,2.86621137518067,0.8425
"7467",1,40,19,"AVS",1.50947049121205,2.509968271214,0.2755
"7468",1,40,20,"AVS",4.72242638527019,3.58988501348659,0.0565
"7469",1,40,21,"AVS",1.39852734533501,2.53032411890409,0.3025
"7470",1,40,22,"AVS",2.40739412576615,2.72741550537492,0.845
"7471",1,40,23,"AVS",1.72176433340361,2.63388484919864,0.767
"7472",1,40,24,"AVS",3.37505767617344,3.14424094172068,0.0975
"7473",1,40,25,"AVS",1.08496920818755,2.44257809048366,0.6115
"7474",1,40,26,"AVS",1.33118928770283,2.49176941180724,0.6725
"7475",1,40,27,"AVS",1.29370900989095,2.5075964222743,0.712
"7476",1,40,28,"AVS",0.936906242624076,2.39115934613175,0.479
"7477",1,40,29,"AVS",1.02218268393341,2.47299611983839,0.601
"7478",1,40,30,"AVS",4.75315644602151,3.9295885823163,0.966
"7479",1,40,31,"AVS",1.13869962873455,2.35981074175934,0.356
"7480",1,40,32,"AVS",8.161899109829,5.57740651877658,0.0035
"7481",1,40,33,"AVS",3.20283764811448,3.11958338346602,0.893
"7482",1,40,34,"AVS",2.5817329841324,3.03448114065305,0.1455
"7483",1,40,35,"AVS",1.04432536101411,2.35321053067055,0.4745
"7484",1,40,36,"AVS",1.36748746659228,2.50746839472336,0.6905
"7485",1,40,37,"AVS",6.78770783666349,4.28772502738032,0.011
"7486",1,40,38,"AVS",1.10739757944806,2.43240397152392,0.3905
"7487",1,40,1,"EQW",1.11248327994653,2.51505756773527,0.72
"7488",1,40,2,"EQW",3.52722631003105,3.72758942730015,0.888
"7489",1,40,3,"EQW",1.09500024460765,2.31585676605586,0.6365
"7490",1,40,4,"EQW",2.29817996055085,2.90308696823398,0.8325
"7491",1,40,5,"EQW",4.07840624639696,3.81329628693561,0.92
"7492",1,40,6,"EQW",1.07692709629377,2.39293727726387,0.498
"7493",1,40,7,"EQW",6.11422641011562,4.16098246086435,0.0475
"7494",1,40,8,"EQW",1.26970529498239,2.59495813532966,0.533
"7495",1,40,9,"EQW",1.08908634331339,2.44714319747924,0.4765
"7496",1,40,10,"EQW",1.43955769068732,2.49198623525633,0.69
"7497",1,40,11,"EQW",6.77161315201253,4.6502906673071,0.983
"7498",1,40,12,"EQW",2.28978813242644,2.75609113611206,0.702
"7499",1,40,13,"EQW",6.26248370856711,3.89221728462037,0.9615
"7500",1,40,14,"EQW",7.77101617870518,4.31090493827042,0.977
"7501",1,40,15,"EQW",2.22624688993649,3.03923058117864,0.5665
"7502",1,40,16,"EQW",1.63111396081614,2.70643429622458,0.5545
"7503",1,40,17,"EQW",1.76892041092261,2.68889595130501,0.6575
"7504",1,40,18,"EQW",3.4530835311343,3.1160854832913,0.85
"7505",1,40,19,"EQW",1.591822278411,2.78173035965645,0.5095
"7506",1,40,20,"EQW",3.23206426623645,3.3556655444425,0.195
"7507",1,40,21,"EQW",1.93225052537834,2.77494502623593,0.2935
"7508",1,40,22,"EQW",1.97265704922772,2.792410286197,0.7565
"7509",1,40,23,"EQW",2.19286998696332,2.76432567379022,0.7635
"7510",1,40,24,"EQW",2.22367569274496,3.0316229365296,0.2865
"7511",1,40,25,"EQW",1.2758350084788,2.58681732199144,0.6055
"7512",1,40,26,"EQW",1.81515106252712,2.68777301142121,0.719
"7513",1,40,27,"EQW",2.16140620646728,2.75561963285776,0.743
"7514",1,40,28,"EQW",1.71169436006638,2.74566863428024,0.6265
"7515",1,40,29,"EQW",2.04401787104963,2.76160620109414,0.71
"7516",1,40,30,"EQW",6.6092683894583,4.0995859553672,0.965
"7517",1,40,31,"EQW",2.78258305653452,3.03664077219171,0.6395
"7518",1,40,32,"EQW",3.52040045662337,3.43338448539248,0.286
"7519",1,40,33,"EQW",3.51924242904832,3.1574727548739,0.8545
"7520",1,40,34,"EQW",1.75109798060343,2.96536643529983,0.392
"7521",1,40,35,"EQW",1.39997392664621,2.64892371207124,0.574
"7522",1,40,36,"EQW",2.04012225479282,2.72739106257086,0.7225
"7523",1,40,37,"EQW",4.25997296950905,3.57798815900793,0.1505
"7524",1,40,38,"EQW",1.50224306922225,2.69928288601354,0.355
"7525",1,40,1,"SGP",1.11248327994653,2.45657985372661,0.735
"7526",1,40,2,"SGP",4.34517473695351,4.54557952888182,0.954
"7527",1,40,3,"SGP",0.879875065779811,2.04925888657139,0.643
"7528",1,40,4,"SGP",2.66498876063121,3.13330734373978,0.9265
"7529",1,40,5,"SGP",4.80636988181113,4.71788487635273,0.986
"7530",1,40,6,"SGP",0.803792488598693,2.07649705552435,0.471
"7531",1,40,7,"SGP",6.70641697455845,5.52753453335604,0.0075
"7532",1,40,8,"SGP",1.22471777043359,2.3993461528503,0.6775
"7533",1,40,9,"SGP",0.839284270724471,2.26220574315008,0.4955
"7534",1,40,10,"SGP",1.30436238628711,2.33128845489177,0.7135
"7535",1,40,11,"SGP",6.18998596260886,5.01256698561101,0.9945
"7536",1,40,12,"SGP",0.94075975331135,2.2690521842936,0.4935
"7537",1,40,13,"SGP",4.18145006978045,3.47827399066013,0.9565
"7538",1,40,14,"SGP",4.59357262979307,3.94411030811373,0.961
"7539",1,40,15,"SGP",2.37036452530778,2.86165672822526,0.1735
"7540",1,40,16,"SGP",1.26893863648501,2.40384236692472,0.32
"7541",1,40,17,"SGP",0.860946526306005,2.28772478835034,0.5065
"7542",1,40,18,"SGP",1.90417458960338,2.63569747040845,0.8025
"7543",1,40,19,"SGP",1.79447135232699,2.66310567405104,0.2085
"7544",1,40,20,"SGP",5.85673067695358,4.28494721362979,0.021
"7545",1,40,21,"SGP",2.08814375599174,2.70402523445764,0.181
"7546",1,40,22,"SGP",1.61152491788102,2.49213141676182,0.7655
"7547",1,40,23,"SGP",1.16910472092145,2.39770901852918,0.675
"7548",1,40,24,"SGP",4.59726437354006,3.83629204147855,0.037
"7549",1,40,25,"SGP",0.908715952822131,2.29993437406491,0.473
"7550",1,40,26,"SGP",0.960901027938287,2.36191547846941,0.5805
"7551",1,40,27,"SGP",0.945606125051161,2.28077445306905,0.5585
"7552",1,40,28,"SGP",1.06864793770722,2.35059186487081,0.363
"7553",1,40,29,"SGP",0.864387931373384,2.36513192998192,0.4615
"7554",1,40,30,"SGP",3.8552514098385,3.56058408710681,0.951
"7555",1,40,31,"SGP",1.56383293250684,2.50902447086922,0.235
"7556",1,40,32,"SGP",9.29429541448506,6.85373929471976,0.006
"7557",1,40,33,"SGP",2.96483243806765,3.15052833407789,0.8965
"7558",1,40,34,"SGP",3.25731012724841,3.18734096643466,0.1035
"7559",1,40,35,"SGP",1.07717176237665,2.41960883758918,0.415
"7560",1,40,36,"SGP",1.05389094435449,2.38183262237477,0.6045
"7561",1,40,37,"SGP",7.86533206152016,5.31067872818143,0.0095
"7562",1,40,38,"SGP",1.1022116881116,2.47170246506593,0.423
"7563",1,40,1,"SGP50",1.11248327994653,2.47253882094952,0.7275
"7564",1,40,2,"SGP50",3.56282767997675,3.7376833430145,0.8905
"7565",1,40,3,"SGP50",1.09117341345328,2.31734012786987,0.658
"7566",1,40,4,"SGP50",2.31847068535305,2.97150441766818,0.8315
"7567",1,40,5,"SGP50",4.10540495786787,3.97176272643453,0.929
"7568",1,40,6,"SGP50",1.05466290687966,2.34887355299378,0.506
"7569",1,40,7,"SGP50",6.1263764708443,4.3728173684876,0.0325
"7570",1,40,8,"SGP50",1.24498515847378,2.6385175042377,0.5395
"7571",1,40,9,"SGP50",1.05863345767365,2.46960820323608,0.478
"7572",1,40,10,"SGP50",1.42012206294853,2.54309282779805,0.7005
"7573",1,40,11,"SGP50",6.68746313441132,4.85483927135332,0.982
"7574",1,40,12,"SGP50",2.0129276343479,2.7475054165503,0.702
"7575",1,40,13,"SGP50",5.88371146129675,3.76957769538503,0.9565
"7576",1,40,14,"SGP50",7.12045101463922,4.22678042772819,0.974
"7577",1,40,15,"SGP50",1.916481457512,2.98163740256194,0.4975
"7578",1,40,16,"SGP50",1.40789087749743,2.63258847658637,0.5285
"7579",1,40,17,"SGP50",1.52283764812596,2.60546112368309,0.63
"7580",1,40,18,"SGP50",3.07954303656636,2.98887461700131,0.8595
"7581",1,40,19,"SGP50",1.41831163551005,2.69641005076189,0.4535
"7582",1,40,20,"SGP50",3.72111571550496,3.49212474108682,0.159
"7583",1,40,21,"SGP50",1.8663226675227,2.73301258976908,0.2875
"7584",1,40,22,"SGP50",1.92154278534756,2.70453104621729,0.7605
"7585",1,40,23,"SGP50",1.87798153682447,2.66979208369424,0.745
"7586",1,40,24,"SGP50",2.69054401402595,3.15779454217255,0.214
"7587",1,40,25,"SGP50",1.15227111123291,2.50583659977673,0.568
"7588",1,40,26,"SGP50",1.53448084140817,2.58404633027289,0.669
"7589",1,40,27,"SGP50",1.71208515305669,2.59637875200471,0.702
"7590",1,40,28,"SGP50",1.30751745617638,2.61998925476575,0.5595
"7591",1,40,29,"SGP50",1.49752066753151,2.57665508378212,0.6155
"7592",1,40,30,"SGP50",5.58135623554247,3.89995507689676,0.9595
"7593",1,40,31,"SGP50",1.72060397617029,2.76281517079603,0.517
"7594",1,40,32,"SGP50",5.24927500124851,3.8902858531617,0.1585
"7595",1,40,33,"SGP50",3.32041007491399,3.09339510452908,0.8695
"7596",1,40,34,"SGP50",2.06316987596504,2.96714267467959,0.274
"7597",1,40,35,"SGP50",1.20511061451664,2.56221346333002,0.5065
"7598",1,40,36,"SGP50",1.61754508075681,2.6301583018125,0.698
"7599",1,40,37,"SGP50",5.45304138074612,3.96060741514053,0.087
"7600",1,40,38,"SGP50",1.31527986496357,2.60560331299132,0.4035
"7601",1,41,1,"BMA",2.10962849817481,3.10662109374524,0.584
"7602",1,41,2,"BMA",1.81903486678797,2.9222180181323,0.6135
"7603",1,41,3,"BMA",1.70365896534582,2.76046533077014,0.6585
"7604",1,41,4,"BMA",1.80843549945981,2.70792974896716,0.734
"7605",1,41,5,"BMA",1.0933095410109,2.28682473618391,0.628
"7606",1,41,6,"BMA",1.13279268517075,2.19603115028913,0.7155
"7607",1,41,7,"BMA",4.63913217807017,4.27657940015783,0.9915
"7608",1,41,8,"BMA",2.41953869646498,2.73049312717077,0.8575
"7609",1,41,9,"BMA",9.76006093583062,7.02810171366259,0.004
"7610",1,41,10,"BMA",1.47357905517284,2.80281099898609,0.5305
"7611",1,41,11,"BMA",1.43118946807317,2.74462921498462,0.5455
"7612",1,41,12,"BMA",1.30672183509952,2.68054462554848,0.5545
"7613",1,41,13,"BMA",3.3684424513472,3.17111005767294,0.1605
"7614",1,41,14,"BMA",6.71701449430333,4.21276493154877,0.0405
"7615",1,41,15,"BMA",2.41395577945814,2.99586374384943,0.2495
"7616",1,41,16,"BMA",1.40040315568042,2.69841072273937,0.5845
"7617",1,41,17,"BMA",6.97292840564992,4.16584209041881,0.0385
"7618",1,41,18,"BMA",1.89182922772492,2.90359664891988,0.667
"7619",1,41,19,"BMA",5.28496086634779,3.76209540336921,0.0915
"7620",1,41,20,"BMA",1.3204590514164,2.58242129535752,0.47
"7621",1,41,21,"BMA",2.90035848222522,2.94419363733246,0.162
"7622",1,41,22,"BMA",1.23473147420149,2.49293883131264,0.6235
"7623",1,41,23,"BMA",1.03189353844425,2.49088292294426,0.5515
"7624",1,41,24,"BMA",6.54524674012449,4.46604894112241,0.9555
"7625",1,41,25,"BMA",1.79634055618656,2.99558211385225,0.4305
"7626",1,41,26,"BMA",3.91446889677001,3.3104225787677,0.8795
"7627",1,41,27,"BMA",1.72711897482108,2.83412134045469,0.357
"7628",1,41,28,"BMA",1.26623954774498,2.60049135003223,0.524
"7629",1,41,29,"BMA",1.90089361652333,2.77526412474235,0.307
"7630",1,41,30,"BMA",1.54141811727656,2.68635410512648,0.351
"7631",1,41,31,"BMA",1.87185206407486,2.73461822787812,0.2785
"7632",1,41,32,"BMA",1.24475497813668,2.52003277028124,0.5705
"7633",1,41,33,"BMA",1.14583691176357,2.51385457381599,0.5405
"7634",1,41,34,"BMA",2.28177973338804,2.77117681887551,0.2045
"7635",1,41,35,"BMA",4.11997043530995,3.44417015595752,0.0975
"7636",1,41,36,"BMA",2.28271312069873,2.82963020363373,0.2305
"7637",1,41,37,"BMA",1.31535564604944,2.64005618419539,0.4155
"7638",1,41,38,"BMA",1.29092314622016,2.58230227530999,0.371
"7639",1,41,1,"AVS",2.10962849817481,3.13167907936136,0.575
"7640",1,41,2,"AVS",1.84906751184935,2.78243758818713,0.6995
"7641",1,41,3,"AVS",1.79781071675282,2.75132706579411,0.724
"7642",1,41,4,"AVS",1.78757739207279,2.61380889860336,0.7635
"7643",1,41,5,"AVS",0.800897333032121,2.16604744358562,0.562
"7644",1,41,6,"AVS",0.901075002593558,2.08805592388613,0.6735
"7645",1,41,7,"AVS",4.50259705242537,4.16101868453319,0.992
"7646",1,41,8,"AVS",2.26264716746801,2.68711917704009,0.857
"7647",1,41,9,"AVS",10.0316610346693,7.77223855147238,0
"7648",1,41,10,"AVS",1.41611887271405,2.5665526900123,0.339
"7649",1,41,11,"AVS",1.32116919978578,2.51219788558787,0.377
"7650",1,41,12,"AVS",1.25642317907001,2.40285136953933,0.328
"7651",1,41,13,"AVS",5.13937959937504,3.85023280211298,0.0315
"7652",1,41,14,"AVS",9.42161743336917,5.31423752865681,0.006
"7653",1,41,15,"AVS",2.56727548984014,3.13977928363503,0.2735
"7654",1,41,16,"AVS",2.12022531645503,2.90379942983778,0.648
"7655",1,41,17,"AVS",6.56593690162935,4.03707658033805,0.0635
"7656",1,41,18,"AVS",3.14838931181146,3.19557265133295,0.8085
"7657",1,41,19,"AVS",1.8826441717288,2.79655996878178,0.304
"7658",1,41,20,"AVS",1.18554781928462,2.44623066239929,0.587
"7659",1,41,21,"AVS",1.65409227790667,2.50537097295217,0.254
"7660",1,41,22,"AVS",1.22322649344725,2.4209623415629,0.696
"7661",1,41,23,"AVS",0.977586347056177,2.32315865036755,0.608
"7662",1,41,24,"AVS",7.34627325571476,5.04747068674892,0.992
"7663",1,41,25,"AVS",2.6194786739548,2.96046137122463,0.874
"7664",1,41,26,"AVS",6.93780872316003,5.04429086426069,0.9875
"7665",1,41,27,"AVS",3.09499258988871,3.39716544010639,0.853
"7666",1,41,28,"AVS",1.86783672116193,2.90380432786005,0.67
"7667",1,41,29,"AVS",1.84559406513553,2.77085090295257,0.311
"7668",1,41,30,"AVS",1.4957010739893,2.65338287977093,0.37
"7669",1,41,31,"AVS",1.79642263547892,2.70940843872332,0.279
"7670",1,41,32,"AVS",1.1837795503853,2.53130593326968,0.5935
"7671",1,41,33,"AVS",1.07107229245759,2.41357230284031,0.5375
"7672",1,41,34,"AVS",2.20144298256843,2.73563201036072,0.1905
"7673",1,41,35,"AVS",4.88691498557175,3.71972078233571,0.0555
"7674",1,41,36,"AVS",2.2424667500897,2.83236859977886,0.23
"7675",1,41,37,"AVS",1.17164842370099,2.62510526714377,0.5195
"7676",1,41,38,"AVS",1.0682320641212,2.5285507417081,0.4685
"7677",1,41,1,"EQW",2.10962849817481,3.06209582669088,0.5475
"7678",1,41,2,"EQW",1.967524120401,3.02817252412201,0.5385
"7679",1,41,3,"EQW",1.74925244577208,2.95338886338645,0.573
"7680",1,41,4,"EQW",1.84541145933462,2.84535497956566,0.6615
"7681",1,41,5,"EQW",1.87321129425491,2.72020610859914,0.6715
"7682",1,41,6,"EQW",2.47642922156954,2.86776257397652,0.754
"7683",1,41,7,"EQW",6.68311761654681,4.06807978975001,0.955
"7684",1,41,8,"EQW",5.55658942578831,3.51726731423781,0.905
"7685",1,41,9,"EQW",4.04422430963298,3.64230573298071,0.279
"7686",1,41,10,"EQW",1.85988739013062,2.9055144876769,0.5385
"7687",1,41,11,"EQW",2.09821233135662,2.9616818800759,0.61
"7688",1,41,12,"EQW",2.29863698684822,2.92937084143469,0.6245
"7689",1,41,13,"EQW",2.25422105733902,3.16503463921691,0.376
"7690",1,41,14,"EQW",4.78689093623427,3.81129865602288,0.1715
"7691",1,41,15,"EQW",2.32073071538734,3.04762897753799,0.312
"7692",1,41,16,"EQW",1.94879960747453,2.85244603587865,0.629
"7693",1,41,17,"EQW",4.18760367872194,3.40290299730894,0.1825
"7694",1,41,18,"EQW",3.01723744660698,3.10343686652947,0.797
"7695",1,41,19,"EQW",2.60714035763277,2.97187202921386,0.2675
"7696",1,41,20,"EQW",1.31733009980855,2.63646888363557,0.5705
"7697",1,41,21,"EQW",2.06229866342987,2.72772097106192,0.2535
"7698",1,41,22,"EQW",1.5838652598424,2.68196834057989,0.697
"7699",1,41,23,"EQW",1.14363174089053,2.55358544378081,0.564
"7700",1,41,24,"EQW",5.73571196206712,3.88934670494347,0.9415
"7701",1,41,25,"EQW",2.02636751775282,3.20430843293394,0.5525
"7702",1,41,26,"EQW",5.11705393613731,3.51657331439014,0.8845
"7703",1,41,27,"EQW",2.51834608144164,3.17234043331768,0.6465
"7704",1,41,28,"EQW",2.92669874048613,3.13849907624225,0.734
"7705",1,41,29,"EQW",2.03872174913302,3.00979612513129,0.5945
"7706",1,41,30,"EQW",1.77260320096996,2.83315075210579,0.593
"7707",1,41,31,"EQW",1.58750185259932,2.85463118292202,0.4815
"7708",1,41,32,"EQW",2.0859100564937,2.77136265953926,0.715
"7709",1,41,33,"EQW",1.98550382032131,2.7335335615963,0.663
"7710",1,41,34,"EQW",1.74094615215591,2.87404141109665,0.397
"7711",1,41,35,"EQW",2.90408004813625,3.374729854042,0.2695
"7712",1,41,36,"EQW",2.335782627491,2.8220609470503,0.2925
"7713",1,41,37,"EQW",1.76086762475386,2.65266067315388,0.332
"7714",1,41,38,"EQW",1.86122435062384,2.65191393909789,0.291
"7715",1,41,1,"SGP",2.10962849817481,3.10450924632487,0.579
"7716",1,41,2,"SGP",1.82639092044593,2.81568644407284,0.6575
"7717",1,41,3,"SGP",1.76070694622922,2.75863722458596,0.715
"7718",1,41,4,"SGP",1.78593079767831,2.58026711853143,0.765
"7719",1,41,5,"SGP",0.901993589846775,2.23689910001848,0.5955
"7720",1,41,6,"SGP",1.00906719673759,2.17087658444648,0.6795
"7721",1,41,7,"SGP",4.61654782543667,4.12152592378765,0.987
"7722",1,41,8,"SGP",2.37305285296021,2.7604434568308,0.867
"7723",1,41,9,"SGP",9.64373352461583,6.44969502032741,0.0095
"7724",1,41,10,"SGP",1.39615830511425,2.5926061378011,0.3285
"7725",1,41,11,"SGP",1.30618765948119,2.51171393841169,0.3645
"7726",1,41,12,"SGP",1.24050339791621,2.42685303136706,0.3335
"7727",1,41,13,"SGP",5.00053767901454,3.8133768509693,0.053
"7728",1,41,14,"SGP",9.42820806244801,5.51374786513257,0.006
"7729",1,41,15,"SGP",3.89781957671504,3.28209788181406,0.109
"7730",1,41,16,"SGP",1.30440321997048,2.61440246025638,0.435
"7731",1,41,17,"SGP",9.05787742471165,5.05766536718161,0.014
"7732",1,41,18,"SGP",4.04692809784806,3.33444981446597,0.886
"7733",1,41,19,"SGP",4.06940411562058,3.25377063675525,0.1265
"7734",1,41,20,"SGP",1.57021735142427,2.7167396025481,0.6385
"7735",1,41,21,"SGP",2.20121513632102,2.80652469205106,0.243
"7736",1,41,22,"SGP",2.61139884815899,3.00280973513997,0.8135
"7737",1,41,23,"SGP",1.12148303538095,2.53036154976437,0.51
"7738",1,41,24,"SGP",3.88335774374468,3.37167462158576,0.8785
"7739",1,41,25,"SGP",3.30126968828017,3.09421367152032,0.1475
"7740",1,41,26,"SGP",2.5906733709509,2.89794357011465,0.7945
"7741",1,41,27,"SGP",1.72130278497284,2.73805651604622,0.331
"7742",1,41,28,"SGP",1.2644628766907,2.62339977816969,0.5245
"7743",1,41,29,"SGP",1.71364792553982,2.70444681079068,0.318
"7744",1,41,30,"SGP",1.40433827163041,2.67232213217703,0.3675
"7745",1,41,31,"SGP",1.78873566250152,2.74567881565672,0.3485
"7746",1,41,32,"SGP",1.73224386874107,2.67032478324694,0.733
"7747",1,41,33,"SGP",1.41564555632543,2.46816325054857,0.681
"7748",1,41,34,"SGP",1.85996892823248,2.71685085679292,0.2575
"7749",1,41,35,"SGP",3.23051592452699,3.15301097121648,0.1125
"7750",1,41,36,"SGP",1.25816223459633,2.52726362632757,0.369
"7751",1,41,37,"SGP",1.2267555772598,2.57891166804065,0.6465
"7752",1,41,38,"SGP",0.998163500761354,2.4272638196383,0.5745
"7753",1,41,1,"SGP50",2.10962849817481,3.08411340075332,0.5635
"7754",1,41,2,"SGP50",1.94984965696697,3.08331972063417,0.554
"7755",1,41,3,"SGP50",1.73360201156052,2.9637136721152,0.5655
"7756",1,41,4,"SGP50",1.82978573451217,2.78614635577571,0.6625
"7757",1,41,5,"SGP50",1.78096978988158,2.69685851083711,0.667
"7758",1,41,6,"SGP50",2.31290131558988,2.77844717432743,0.7555
"7759",1,41,7,"SGP50",6.38754993840844,4.08085843437233,0.945
"7760",1,41,8,"SGP50",4.96051030835718,3.41716293479409,0.9005
"7761",1,41,9,"SGP50",4.64339035977398,3.79022365839325,0.213
"7762",1,41,10,"SGP50",1.67000534670957,2.87303228986791,0.5105
"7763",1,41,11,"SGP50",1.7673363091845,2.8845035241985,0.565
"7764",1,41,12,"SGP50",1.81359726148573,2.8163009132644,0.5865
"7765",1,41,13,"SGP50",2.53022186229917,3.22031600600952,0.305
"7766",1,41,14,"SGP50",5.75259206038526,3.88622137716729,0.123
"7767",1,41,15,"SGP50",2.55752017769852,3.17248693427,0.2605
"7768",1,41,16,"SGP50",1.65370525245056,2.79971424508372,0.594
"7769",1,41,17,"SGP50",5.36137036513314,3.65760447151451,0.126
"7770",1,41,18,"SGP50",2.90799561772788,3.09229296418147,0.785
"7771",1,41,19,"SGP50",3.26399160415366,3.05885530291832,0.202
"7772",1,41,20,"SGP50",1.31551949445575,2.64073761016429,0.5665
"7773",1,41,21,"SGP50",2.34209311364779,2.87876140900647,0.238
"7774",1,41,22,"SGP50",1.64164179900917,2.69153555881767,0.6805
"7775",1,41,23,"SGP50",1.16504160670989,2.49648866431513,0.5145
"7776",1,41,24,"SGP50",5.1665615961565,3.6780446357765,0.9165
"7777",1,41,25,"SGP50",1.98775534308393,3.16776128779141,0.452
"7778",1,41,26,"SGP50",4.30972328456798,3.4382551593487,0.873
"7779",1,41,27,"SGP50",1.97804811155017,3.12291412341123,0.5715
"7780",1,41,28,"SGP50",2.18144540591681,2.99408156175913,0.6655
"7781",1,41,29,"SGP50",1.66737778234292,2.91586323797124,0.5135
"7782",1,41,30,"SGP50",1.44114446538291,2.7506569485092,0.515
"7783",1,41,31,"SGP50",1.49875265455238,2.70460217086157,0.3865
"7784",1,41,32,"SGP50",1.66365233327951,2.66663227231862,0.67
"7785",1,41,33,"SGP50",1.5034839369963,2.53591925423904,0.635
"7786",1,41,34,"SGP50",1.79296832743348,2.81380384004933,0.307
"7787",1,41,35,"SGP50",3.4667527749043,3.39748300369717,0.169
"7788",1,41,36,"SGP50",2.48017601703815,2.83626460742306,0.255
"7789",1,41,37,"SGP50",1.70429139934133,2.7227307087958,0.3975
"7790",1,41,38,"SGP50",1.70208134638067,2.66984368360676,0.326
"7791",1,42,1,"BMA",7.78509696141963,3.95514940686008,0.8885
"7792",1,42,2,"BMA",11.3805305058044,4.76477453998115,0.9425
"7793",1,42,3,"BMA",5.01818373671143,3.84422941558833,0.7175
"7794",1,42,4,"BMA",3.85730148025002,3.64795874613056,0.5905
"7795",1,42,5,"BMA",7.86170336365121,4.08211637008707,0.8225
"7796",1,42,6,"BMA",8.30314504902024,4.11367230129155,0.8245
"7797",1,42,7,"BMA",6.79690723188044,3.72759228195164,0.7765
"7798",1,42,8,"BMA",16.6941473723548,5.14807930669599,0.9655
"7799",1,42,9,"BMA",5.19581012155377,3.91570203824414,0.467
"7800",1,42,10,"BMA",8.00612860905567,3.98754535215834,0.81
"7801",1,42,11,"BMA",5.85300539327953,3.78023587678076,0.6195
"7802",1,42,12,"BMA",12.9436944724777,4.28654057877061,0.8605
"7803",1,42,13,"BMA",4.84949628488155,3.69003344315042,0.631
"7804",1,42,14,"BMA",8.95327102742566,3.97071140754153,0.86
"7805",1,42,15,"BMA",2.59919505507429,3.31816961290631,0.4775
"7806",1,42,16,"BMA",3.18719240462915,3.40786078904341,0.6425
"7807",1,42,17,"BMA",6.36597142778845,3.83247688688851,0.1765
"7808",1,42,18,"BMA",7.66476049324213,3.98969250902247,0.134
"7809",1,42,19,"BMA",8.71999221883211,4.01405631874986,0.1125
"7810",1,42,20,"BMA",13.4948970411879,4.91926984021493,0.028
"7811",1,42,21,"BMA",10.2331438760403,4.56022327905654,0.0395
"7812",1,42,22,"BMA",8.31103647742172,4.12185389439304,0.0735
"7813",1,42,23,"BMA",2.97208274068731,3.0843674114796,0.25
"7814",1,42,24,"BMA",1.65790577634803,2.87664315980051,0.569
"7815",1,42,25,"BMA",4.39143178542461,3.47246662010869,0.9045
"7816",1,42,26,"BMA",2.30903294033218,2.94257470901362,0.7815
"7817",1,42,27,"BMA",7.79658069640252,4.66965905664467,0.983
"7818",1,42,28,"BMA",7.13384509255625,4.48138181409464,0.94
"7819",1,42,29,"BMA",2.32846700794817,3.20947943979804,0.615
"7820",1,42,30,"BMA",1.33084186737836,2.61186481323019,0.516
"7821",1,42,31,"BMA",2.07738110131214,2.89220351246735,0.7915
"7822",1,42,32,"BMA",2.54738658810529,3.06592181144786,0.813
"7823",1,42,33,"BMA",1.19489802763063,2.53212648278899,0.5255
"7824",1,42,34,"BMA",0.960405657138167,2.33849840777089,0.562
"7825",1,42,35,"BMA",1.89906411331442,2.59421096632711,0.7965
"7826",1,42,36,"BMA",0.897679140246885,2.21113649155075,0.618
"7827",1,42,37,"BMA",0.730438383625953,2.03517563194563,0.528
"7828",1,42,38,"BMA",1.29656881581409,2.37882510102862,0.7755
"7829",1,42,1,"AVS",7.78509696141963,3.98169429221073,0.901
"7830",1,42,2,"AVS",10.0066332595112,4.72725224698804,0.9395
"7831",1,42,3,"AVS",6.75328253174617,3.83382437279804,0.8535
"7832",1,42,4,"AVS",4.52598127507736,3.62748877519356,0.7195
"7833",1,42,5,"AVS",9.70316048225534,4.25388031134149,0.9005
"7834",1,42,6,"AVS",10.5663139097424,4.39821522473408,0.902
"7835",1,42,7,"AVS",4.78941991992263,3.70076581940493,0.6875
"7836",1,42,8,"AVS",12.7515820454744,5.08757138686781,0.968
"7837",1,42,9,"AVS",21.9358928801258,8.10731647017171,0.001
"7838",1,42,10,"AVS",7.7338984761009,3.91421568847371,0.785
"7839",1,42,11,"AVS",6.0360346716803,3.79484469399664,0.622
"7840",1,42,12,"AVS",13.6523558200904,4.31599626672381,0.8595
"7841",1,42,13,"AVS",14.9185901008015,5.83547749538321,0.0135
"7842",1,42,14,"AVS",8.70444856846875,4.00567974243926,0.8755
"7843",1,42,15,"AVS",11.1255135226267,4.61822577232732,0.0995
"7844",1,42,16,"AVS",2.94135797681668,3.39195850350934,0.649
"7845",1,42,17,"AVS",6.43640603477228,3.86797559162969,0.1605
"7846",1,42,18,"AVS",7.86987677322913,3.80951354067398,0.1265
"7847",1,42,19,"AVS",9.03113373386388,4.03001565439121,0.093
"7848",1,42,20,"AVS",14.0606967915918,5.10342724911547,0.028
"7849",1,42,21,"AVS",10.1341098718077,4.25758275998053,0.0535
"7850",1,42,22,"AVS",2.44104194687583,3.23720659648823,0.617
"7851",1,42,23,"AVS",3.51762450464266,3.29676755231085,0.7775
"7852",1,42,24,"AVS",4.89682303968729,3.45838810345975,0.884
"7853",1,42,25,"AVS",4.04434405103987,3.32631798861932,0.8175
"7854",1,42,26,"AVS",2.17280539650408,3.04633808357705,0.329
"7855",1,42,27,"AVS",3.56691935985805,3.22317031444337,0.816
"7856",1,42,28,"AVS",2.14217149249255,3.0427356336454,0.6625
"7857",1,42,29,"AVS",3.95238944297279,3.34325847855052,0.179
"7858",1,42,30,"AVS",2.15139757093486,2.97596996179131,0.355
"7859",1,42,31,"AVS",1.8968731948501,2.8734771241688,0.6785
"7860",1,42,32,"AVS",1.55844939286215,2.83296572342462,0.59
"7861",1,42,33,"AVS",2.51266173376202,2.96528934143675,0.2775
"7862",1,42,34,"AVS",1.57528158222231,2.85684339032197,0.482
"7863",1,42,35,"AVS",3.16677615158129,3.05651085508602,0.7635
"7864",1,42,36,"AVS",1.62792192628887,2.86450851463154,0.4205
"7865",1,42,37,"AVS",1.78956406125657,2.81969868156334,0.3905
"7866",1,42,38,"AVS",2.25250886508953,2.9954576955392,0.712
"7867",1,42,1,"EQW",7.78509696141963,4.00282320814297,0.8955
"7868",1,42,2,"EQW",12.4687674707816,5.01535841429583,0.946
"7869",1,42,3,"EQW",3.76545096859415,3.71162917867763,0.5535
"7870",1,42,4,"EQW",3.25248445944549,3.55070709688215,0.5475
"7871",1,42,5,"EQW",6.73982661105984,3.92910628201447,0.8025
"7872",1,42,6,"EQW",5.45338389696276,3.7033797756908,0.701
"7873",1,42,7,"EQW",5.59795112720739,3.63972814526827,0.7395
"7874",1,42,8,"EQW",17.6068878411874,5.36024550625556,0.9815
"7875",1,42,9,"EQW",5.44843149057156,4.09771947114525,0.5085
"7876",1,42,10,"EQW",6.08310617252571,3.95499148738897,0.691
"7877",1,42,11,"EQW",3.58614761296282,3.66214343976484,0.5205
"7878",1,42,12,"EQW",5.56964649362626,3.77602472688615,0.6995
"7879",1,42,13,"EQW",4.59628612822368,3.85746309919098,0.401
"7880",1,42,14,"EQW",5.33310125261891,3.78108222430184,0.736
"7881",1,42,15,"EQW",4.64198312551036,3.93257304806943,0.392
"7882",1,42,16,"EQW",3.85420702209097,3.65330544703278,0.581
"7883",1,42,17,"EQW",6.77983893792132,4.08579227048676,0.2755
"7884",1,42,18,"EQW",4.54458708318651,3.70505407776646,0.305
"7885",1,42,19,"EQW",4.56877465146334,3.44998831079389,0.2705
"7886",1,42,20,"EQW",10.6115871833727,4.47102339153421,0.0555
"7887",1,42,21,"EQW",6.97236233562283,3.92108270103166,0.179
"7888",1,42,22,"EQW",6.83583756625442,3.98213044266541,0.2175
"7889",1,42,23,"EQW",4.47910935417245,3.59938730375771,0.297
"7890",1,42,24,"EQW",3.18196892921186,3.48973489347921,0.4285
"7891",1,42,25,"EQW",2.71840699437096,3.42942148617882,0.5765
"7892",1,42,26,"EQW",2.99415852772176,3.31164153620889,0.35
"7893",1,42,27,"EQW",3.08295321408976,3.41896787338243,0.6705
"7894",1,42,28,"EQW",2.74163402072374,3.31465143263236,0.64
"7895",1,42,29,"EQW",2.42068187488655,3.19782313879166,0.4225
"7896",1,42,30,"EQW",2.33589986556864,3.0105631403359,0.33
"7897",1,42,31,"EQW",1.71946831526001,2.8407124423394,0.5525
"7898",1,42,32,"EQW",1.81487428464068,2.92765012368307,0.6245
"7899",1,42,33,"EQW",1.67944241515107,2.72534209169102,0.3975
"7900",1,42,34,"EQW",1.41441462825019,2.67770590718636,0.4485
"7901",1,42,35,"EQW",1.86405228860083,2.73282962839907,0.701
"7902",1,42,36,"EQW",1.27531309299011,2.5058198417277,0.501
"7903",1,42,37,"EQW",1.2285794980883,2.43807234673417,0.492
"7904",1,42,38,"EQW",1.71538502991123,2.81537313329476,0.704
"7905",1,42,1,"SGP",7.78509696141963,3.91540886156169,0.892
"7906",1,42,2,"SGP",12.8155725961788,5.40745929203129,0.967
"7907",1,42,3,"SGP",6.33471032237518,3.8994212449844,0.807
"7908",1,42,4,"SGP",4.69948867809707,3.5623135399473,0.7385
"7909",1,42,5,"SGP",4.93318538056027,3.59916387225352,0.8845
"7910",1,42,6,"SGP",1.93559165801401,2.98290107487572,0.363
"7911",1,42,7,"SGP",1.50084507004378,2.81905469080382,0.442
"7912",1,42,8,"SGP",10.6210908633807,5.27515138693522,0.991
"7913",1,42,9,"SGP",21.3269480130221,7.45324003986626,0.0105
"7914",1,42,10,"SGP",5.21332171724319,3.64470077802753,0.155
"7915",1,42,11,"SGP",4.28717235049854,3.32033342665215,0.2075
"7916",1,42,12,"SGP",2.63982771871316,3.18113038195375,0.3155
"7917",1,42,13,"SGP",14.8648502657558,5.88846095851274,0.012
"7918",1,42,14,"SGP",2.57934953279405,3.22838698192386,0.374
"7919",1,42,15,"SGP",15.0241811498899,5.5549781125311,0.0155
"7920",1,42,16,"SGP",4.70694720201289,3.48827920344999,0.214
"7921",1,42,17,"SGP",18.058433458325,5.9307308765875,0.011
"7922",1,42,18,"SGP",5.85485073453519,3.65843913761612,0.12
"7923",1,42,19,"SGP",2.0041746800367,2.9251708175668,0.3645
"7924",1,42,20,"SGP",7.0030751262727,4.0180730709506,0.0705
"7925",1,42,21,"SGP",1.76131019396789,2.93343938567466,0.5535
"7926",1,42,22,"SGP",2.72149579626233,3.1082183529368,0.727
"7927",1,42,23,"SGP",3.49199282600752,3.22601680802842,0.774
"7928",1,42,24,"SGP",4.86484703261611,3.43330692472999,0.8645
"7929",1,42,25,"SGP",4.0091850967215,3.2812615920344,0.8275
"7930",1,42,26,"SGP",2.27685358034976,2.95478515469067,0.327
"7931",1,42,27,"SGP",3.40092856267319,3.24696414687103,0.815
"7932",1,42,28,"SGP",2.14545732961358,3.00270694288128,0.6615
"7933",1,42,29,"SGP",3.93349620668129,3.35565632108299,0.184
"7934",1,42,30,"SGP",2.15233145785154,2.95537112508165,0.3245
"7935",1,42,31,"SGP",1.8940782628405,2.84927704617953,0.658
"7936",1,42,32,"SGP",1.56073246691969,2.83461094622011,0.5715
"7937",1,42,33,"SGP",2.50275632598437,3.04011169618183,0.27
"7938",1,42,34,"SGP",1.57326428690868,2.8554586383305,0.4795
"7939",1,42,35,"SGP",3.15149276081146,3.21811720163869,0.7665
"7940",1,42,36,"SGP",1.62416284669053,2.8639436566676,0.4125
"7941",1,42,37,"SGP",1.78312414429205,2.89489081483314,0.377
"7942",1,42,38,"SGP",2.2479870396303,2.99542074134823,0.695
"7943",1,42,1,"SGP50",7.78509696141963,3.92776927578468,0.8875
"7944",1,42,2,"SGP50",12.4639344518983,4.9963130567833,0.955
"7945",1,42,3,"SGP50",3.82881315806341,3.72638481990212,0.558
"7946",1,42,4,"SGP50",3.25981833561272,3.5461666649931,0.559
"7947",1,42,5,"SGP50",6.94131311380974,3.95854505431965,0.827
"7948",1,42,6,"SGP50",5.28924887249418,3.68349721809582,0.6855
"7949",1,42,7,"SGP50",5.20998889599202,3.60949120746607,0.721
"7950",1,42,8,"SGP50",16.6680894952179,5.26479941433524,0.979
"7951",1,42,9,"SGP50",6.40483641933604,4.2622991798751,0.4405
"7952",1,42,10,"SGP50",5.33424159150936,3.89257451550289,0.619
"7953",1,42,11,"SGP50",3.37627910317705,3.59769787907848,0.465
"7954",1,42,12,"SGP50",4.31620483380227,3.62974258974364,0.6425
"7955",1,42,13,"SGP50",6.13704226684361,4.04741666076423,0.2875
"7956",1,42,14,"SGP50",4.10701977220372,3.56953923036514,0.63
"7957",1,42,15,"SGP50",6.4466230776054,4.12608828615805,0.295
"7958",1,42,16,"SGP50",3.56207262662299,3.6914818251044,0.5125
"7959",1,42,17,"SGP50",8.97355795109275,4.31325047373783,0.2165
"7960",1,42,18,"SGP50",4.74395122135849,3.70955230893747,0.251
"7961",1,42,19,"SGP50",3.90230799693097,3.36780196063365,0.292
"7962",1,42,20,"SGP50",9.48239545956403,4.16868585882393,0.055
"7963",1,42,21,"SGP50",4.36768517603029,3.48370671947684,0.29
"7964",1,42,22,"SGP50",4.02573378215622,3.62878332224265,0.399
"7965",1,42,23,"SGP50",3.08884140637952,3.41879049805367,0.501
"7966",1,42,24,"SGP50",3.10132153079272,3.52597737399874,0.612
"7967",1,42,25,"SGP50",2.98796135648163,3.45672758588839,0.6895
"7968",1,42,26,"SGP50",2.67832740867809,3.22321836717841,0.3155
"7969",1,42,27,"SGP50",3.18445717756383,3.38543266740315,0.71
"7970",1,42,28,"SGP50",2.44317236271225,3.20936967620276,0.6725
"7971",1,42,29,"SGP50",2.94901775319132,3.24833020254162,0.3115
"7972",1,42,30,"SGP50",2.24625687680842,3.01584756044787,0.335
"7973",1,42,31,"SGP50",1.73980508975409,2.87465844510828,0.6085
"7974",1,42,32,"SGP50",1.68885543684828,2.94863100280357,0.6235
"7975",1,42,33,"SGP50",1.93519112209801,2.81434965197098,0.339
"7976",1,42,34,"SGP50",1.43623601653422,2.73372389635808,0.469
"7977",1,42,35,"SGP50",2.24535216759641,2.89555672728575,0.747
"7978",1,42,36,"SGP50",1.33749727591914,2.55925229396406,0.5015
"7979",1,42,37,"SGP50",1.3049740424428,2.53879527795165,0.4535
"7980",1,42,38,"SGP50",1.81536490101892,2.80937408813614,0.7335
"7981",1,43,1,"BMA",1.20349414447465,2.27141571347594,0.3535
"7982",1,43,2,"BMA",0.78435881508843,2.0576618289175,0.6765
"7983",1,43,3,"BMA",1.04634845765896,2.10492567870166,0.776
"7984",1,43,4,"BMA",2.04416993352321,2.69225157916362,0.885
"7985",1,43,5,"BMA",3.80336494394777,4.17176136537922,0.9725
"7986",1,43,6,"BMA",0.830846109758529,2.10825665085022,0.5355
"7987",1,43,7,"BMA",3.5002957149155,3.53791241310869,0.9365
"7988",1,43,8,"BMA",5.00735638577439,4.33149199242405,0.972
"7989",1,43,9,"BMA",8.85271889773559,4.88437707434422,0.973
"7990",1,43,10,"BMA",9.62500567927333,4.42806048078784,0.9405
"7991",1,43,11,"BMA",2.83897869557306,3.34775360183472,0.5845
"7992",1,43,12,"BMA",4.59343167612896,3.47987495179405,0.8035
"7993",1,43,13,"BMA",3.11411782017391,3.17779482637998,0.656
"7994",1,43,14,"BMA",5.95202851958856,4.22720270804684,0.1795
"7995",1,43,15,"BMA",4.33902921614541,3.47382787660263,0.697
"7996",1,43,16,"BMA",6.57307475407942,3.6481959949783,0.8815
"7997",1,43,17,"BMA",2.92604228017921,3.21610772598366,0.6515
"7998",1,43,18,"BMA",1.95870184106075,2.76864686481481,0.623
"7999",1,43,19,"BMA",1.45145350793153,2.66185999493879,0.3775
"8000",1,43,20,"BMA",4.11371913380565,3.340682734735,0.8955
"8001",1,43,21,"BMA",4.68376677997539,3.31802922023368,0.9015
"8002",1,43,22,"BMA",5.84409463883853,4.50388502610348,0.0795
"8003",1,43,23,"BMA",7.20217356764249,4.38002102190779,0.041
"8004",1,43,24,"BMA",4.26113944239062,3.23290191585412,0.168
"8005",1,43,25,"BMA",5.07169293328466,3.67084439654334,0.0375
"8006",1,43,26,"BMA",4.80505379351036,3.39041906082023,0.079
"8007",1,43,27,"BMA",15.1416094778471,8.89477912184586,1
"8008",1,43,28,"BMA",1.34202764996281,2.73415714128996,0.521
"8009",1,43,29,"BMA",3.80160769024182,3.23340144394997,0.117
"8010",1,43,30,"BMA",1.29820089352433,2.63521593858806,0.472
"8011",1,43,31,"BMA",1.44093628468053,2.69582156710909,0.569
"8012",1,43,32,"BMA",2.46397656548921,2.87119858635618,0.2235
"8013",1,43,33,"BMA",1.35501518593146,2.69820615872983,0.4615
"8014",1,43,34,"BMA",1.40475545580824,2.67962044254915,0.4285
"8015",1,43,35,"BMA",1.86928951298903,2.79640062092023,0.73
"8016",1,43,36,"BMA",2.49842103229665,2.9993593074653,0.782
"8017",1,43,37,"BMA",1.29864666445369,2.58556367366442,0.4
"8018",1,43,38,"BMA",1.54497361247293,2.66061195856166,0.643
"8019",1,43,1,"AVS",1.20349414447465,2.16288534795836,0.3785
"8020",1,43,2,"AVS",0.789936853671523,1.97103442078224,0.7035
"8021",1,43,3,"AVS",1.03943739046393,2.09854116383608,0.7825
"8022",1,43,4,"AVS",1.87955335306548,2.62069437951052,0.8665
"8023",1,43,5,"AVS",3.88221037744777,4.06809872297468,0.962
"8024",1,43,6,"AVS",0.75765442593974,2.01602735960651,0.5245
"8025",1,43,7,"AVS",3.56914961341426,3.77782198656452,0.969
"8026",1,43,8,"AVS",5.08928283205166,4.34746643851658,0.9785
"8027",1,43,9,"AVS",8.99842562418583,6.17044466237273,0.992
"8028",1,43,10,"AVS",4.34337473213337,3.18060393629148,0.893
"8029",1,43,11,"AVS",3.26063878343664,3.09828180575208,0.082
"8030",1,43,12,"AVS",3.22881558377251,3.13823752223215,0.891
"8031",1,43,13,"AVS",1.33776272788136,2.45811719604823,0.3025
"8032",1,43,14,"AVS",9.98433882054012,6.90657890636575,0.0015
"8033",1,43,15,"AVS",1.13182273452764,2.52037505138906,0.4975
"8034",1,43,16,"AVS",1.81619974379906,2.67806485202248,0.745
"8035",1,43,17,"AVS",2.40104749342846,2.83604786239244,0.175
"8036",1,43,18,"AVS",1.18045735707094,2.37383160173738,0.4185
"8037",1,43,19,"AVS",1.81566649034074,2.60926788248941,0.2345
"8038",1,43,20,"AVS",4.24490449479514,3.64306806319456,0.9415
"8039",1,43,21,"AVS",3.01177657864659,2.97763811371289,0.887
"8040",1,43,22,"AVS",6.55195634928718,4.48698823656766,0.016
"8041",1,43,23,"AVS",8.08859659905308,5.09190458915503,0.007
"8042",1,43,24,"AVS",1.46425992742858,2.58106989388211,0.321
"8043",1,43,25,"AVS",4.71633306099724,3.72346724085486,0.053
"8044",1,43,26,"AVS",4.78245420846647,3.69562656791584,0.0535
"8045",1,43,27,"AVS",15.1486261505574,10.6063718198592,1
"8046",1,43,28,"AVS",1.2953062682422,2.69527890046351,0.502
"8047",1,43,29,"AVS",3.94810365605479,3.23019271868868,0.119
"8048",1,43,30,"AVS",1.25458358894451,2.6563650662031,0.516
"8049",1,43,31,"AVS",1.44251290858376,2.64861326724988,0.5675
"8050",1,43,32,"AVS",2.43432551559488,2.8881192488296,0.228
"8051",1,43,33,"AVS",1.3198962192239,2.73096393735992,0.495
"8052",1,43,34,"AVS",1.36163365605923,2.6078835209044,0.4425
"8053",1,43,35,"AVS",1.88119175728181,2.6868958532936,0.742
"8054",1,43,36,"AVS",2.50618493373333,2.90254195437448,0.783
"8055",1,43,37,"AVS",1.29637962093693,2.62268651632849,0.4185
"8056",1,43,38,"AVS",1.54620272634794,2.66931140152072,0.669
"8057",1,43,1,"EQW",1.20349414447465,2.30524999446103,0.3275
"8058",1,43,2,"EQW",0.980060527357307,2.2681241667848,0.539
"8059",1,43,3,"EQW",0.994996095556303,2.2530797088023,0.621
"8060",1,43,4,"EQW",1.4989463185592,2.73317181696236,0.725
"8061",1,43,5,"EQW",3.22353974273094,3.62923848454155,0.8685
"8062",1,43,6,"EQW",0.987808686879819,2.23805004896264,0.566
"8063",1,43,7,"EQW",3.22966459548367,3.41037608777757,0.879
"8064",1,43,8,"EQW",4.90248776930678,3.95820325646543,0.9435
"8065",1,43,9,"EQW",9.23580319052426,5.15695564373841,0.977
"8066",1,43,10,"EQW",9.27993940889905,3.97632526926663,0.942
"8067",1,43,11,"EQW",5.16740599195902,3.7010074375043,0.6815
"8068",1,43,12,"EQW",8.56153645520915,3.9526859282027,0.9225
"8069",1,43,13,"EQW",6.7628470706105,3.58884971453743,0.7625
"8070",1,43,14,"EQW",4.06323777659078,3.75549292674396,0.478
"8071",1,43,15,"EQW",3.06135336922428,3.19455128509146,0.6425
"8072",1,43,16,"EQW",3.84266816114049,3.31124932072166,0.7685
"8073",1,43,17,"EQW",2.36406404800846,3.17459628526222,0.519
"8074",1,43,18,"EQW",2.08289122942477,2.99655871696448,0.523
"8075",1,43,19,"EQW",2.174034105212,3.01037526205938,0.377
"8076",1,43,20,"EQW",3.08033654854167,3.35395310327245,0.725
"8077",1,43,21,"EQW",5.21217257882147,3.65137982196342,0.8565
"8078",1,43,22,"EQW",2.87540814915688,3.58616843306067,0.4985
"8079",1,43,23,"EQW",5.14571500770215,3.65102906390619,0.176
"8080",1,43,24,"EQW",5.48579128203563,3.52097060244629,0.147
"8081",1,43,25,"EQW",7.76996736046125,3.97911696443135,0.082
"8082",1,43,26,"EQW",10.6103080318891,4.42609942352105,0.031
"8083",1,43,27,"EQW",3.51841555584503,3.62407371003577,0.546
"8084",1,43,28,"EQW",2.04889594594877,2.97342681752746,0.5825
"8085",1,43,29,"EQW",2.29645768456942,3.25945132523168,0.4095
"8086",1,43,30,"EQW",1.8505490030186,3.00752998660472,0.4565
"8087",1,43,31,"EQW",1.8219306779974,2.91293742226367,0.5515
"8088",1,43,32,"EQW",2.49119658111579,3.03345601687263,0.334
"8089",1,43,33,"EQW",2.58675166888192,3.14633719786639,0.3075
"8090",1,43,34,"EQW",3.74754211316634,3.26212724318112,0.221
"8091",1,43,35,"EQW",3.1254591080834,3.26977847298242,0.3085
"8092",1,43,36,"EQW",2.16635790994489,3.14098763806245,0.4005
"8093",1,43,37,"EQW",2.14670951872788,2.9078651872813,0.3085
"8094",1,43,38,"EQW",1.51827171640748,2.88602554035494,0.45
"8095",1,43,1,"SGP",1.20349414447465,2.26380867979932,0.362
"8096",1,43,2,"SGP",0.775252916463903,1.95181225357854,0.6625
"8097",1,43,3,"SGP",1.0817240344599,2.14395087017621,0.802
"8098",1,43,4,"SGP",2.3097090513832,3.12529425310673,0.9285
"8099",1,43,5,"SGP",3.73834113756088,4.29880707098415,0.978
"8100",1,43,6,"SGP",0.650941790566677,1.96130586643752,0.5145
"8101",1,43,7,"SGP",3.54610879578,3.90140638751808,0.967
"8102",1,43,8,"SGP",4.43562511905611,4.34527073369165,0.986
"8103",1,43,9,"SGP",8.51151937713243,6.17080692720877,0.999
"8104",1,43,10,"SGP",3.06133316407601,2.96704110773056,0.868
"8105",1,43,11,"SGP",3.01550358826707,3.06574519937148,0.1295
"8106",1,43,12,"SGP",3.31055347989275,3.03098667366699,0.894
"8107",1,43,13,"SGP",1.319613807119,2.50685004252414,0.3185
"8108",1,43,14,"SGP",9.72065930042429,6.48662520770921,0.0145
"8109",1,43,15,"SGP",1.14358958329788,2.54148631869629,0.492
"8110",1,43,16,"SGP",1.83765357775045,2.65885933615548,0.737
"8111",1,43,17,"SGP",2.36860485240498,2.81931325905696,0.21
"8112",1,43,18,"SGP",1.1850365165992,2.44922013598845,0.4075
"8113",1,43,19,"SGP",1.81072080333432,2.6326678328964,0.2305
"8114",1,43,20,"SGP",4.22091718965809,3.48749941935972,0.935
"8115",1,43,21,"SGP",3.03640606072936,2.91147042384109,0.8725
"8116",1,43,22,"SGP",6.44057025791244,4.40745557149509,0.027
"8117",1,43,23,"SGP",8.0486962261068,4.64868668815509,0.0115
"8118",1,43,24,"SGP",1.49290614359894,2.50750492239992,0.3085
"8119",1,43,25,"SGP",4.74118200211063,3.64672466833466,0.05
"8120",1,43,26,"SGP",4.8216781114795,3.58650872363702,0.0675
"8121",1,43,27,"SGP",14.9183712746236,7.26129758678459,0.996
"8122",1,43,28,"SGP",1.30064542930837,2.7517213377209,0.485
"8123",1,43,29,"SGP",3.92161412982105,3.34405713460714,0.1095
"8124",1,43,30,"SGP",1.26011498714953,2.61599633896257,0.499
"8125",1,43,31,"SGP",1.44343503523701,2.69808774741953,0.5855
"8126",1,43,32,"SGP",2.43887055292593,2.88416629426355,0.2405
"8127",1,43,33,"SGP",1.32730331789599,2.65409214093423,0.4625
"8128",1,43,34,"SGP",1.37520215587473,2.65000680480485,0.422
"8129",1,43,35,"SGP",1.86592642526611,2.77165030933718,0.733
"8130",1,43,36,"SGP",2.48280009851939,2.92247435762389,0.7825
"8131",1,43,37,"SGP",1.30351880517937,2.60564662224105,0.398
"8132",1,43,38,"SGP",1.54068521628228,2.67343737481555,0.6485
"8133",1,43,1,"SGP50",1.20349414447465,2.22151777117542,0.3535
"8134",1,43,2,"SGP50",0.954161133108712,2.17372881371079,0.57
"8135",1,43,3,"SGP50",0.97190318624276,2.26068060554502,0.621
"8136",1,43,4,"SGP50",1.54009063353289,2.64910764970999,0.755
"8137",1,43,5,"SGP50",3.33789148736562,3.79521106240554,0.889
"8138",1,43,6,"SGP50",0.943878992817358,2.22814032161264,0.5565
"8139",1,43,7,"SGP50",3.26716836508043,3.51974711487475,0.8975
"8140",1,43,8,"SGP50",4.83434573645291,4.05563899004091,0.9495
"8141",1,43,9,"SGP50",9.08661960933786,5.16743575146606,0.976
"8142",1,43,10,"SGP50",8.42883489189487,3.79886913085233,0.938
"8143",1,43,11,"SGP50",4.17589585366378,3.6010104811207,0.623
"8144",1,43,12,"SGP50",7.23966298974342,3.763865947647,0.902
"8145",1,43,13,"SGP50",4.73288343674335,3.39739067504269,0.6925
"8146",1,43,14,"SGP50",3.90777532792782,3.73246976322207,0.3815
"8147",1,43,15,"SGP50",2.23539984444658,2.93611936027499,0.5875
"8148",1,43,16,"SGP50",3.15777959827704,3.1049723011215,0.7905
"8149",1,43,17,"SGP50",1.93980962726517,3.07541373540417,0.4655
"8150",1,43,18,"SGP50",1.64403415283681,2.81073742848497,0.517
"8151",1,43,19,"SGP50",1.81566195780814,2.84423581883411,0.359
"8152",1,43,20,"SGP50",3.34200182567789,3.25440090548436,0.8125
"8153",1,43,21,"SGP50",4.49492482818635,3.39546054831944,0.8875
"8154",1,43,22,"SGP50",3.12356891455838,3.56020992621035,0.334
"8155",1,43,23,"SGP50",6.34123291764245,3.99590828802764,0.092
"8156",1,43,24,"SGP50",3.90114433268172,3.14382506852228,0.177
"8157",1,43,25,"SGP50",6.42948767357343,3.92266602203235,0.054
"8158",1,43,26,"SGP50",7.85539827529861,4.05963406699151,0.0445
"8159",1,43,27,"SGP50",6.21682143983307,3.99331800023191,0.744
"8160",1,43,28,"SGP50",1.66091282602578,2.85176984279575,0.5375
"8161",1,43,29,"SGP50",2.79734291604415,3.21683539734807,0.285
"8162",1,43,30,"SGP50",1.62370085763736,2.81326347065906,0.436
"8163",1,43,31,"SGP50",1.58935564911153,2.91326005632797,0.5145
"8164",1,43,32,"SGP50",2.71817343752859,3.01388909947043,0.266
"8165",1,43,33,"SGP50",2.08796593246525,2.98071074161328,0.361
"8166",1,43,34,"SGP50",2.67806841364043,3.00773714473524,0.295
"8167",1,43,35,"SGP50",2.03647644847611,3.03386406239981,0.4585
"8168",1,43,36,"SGP50",1.85906407213887,3.07535951598704,0.5525
"8169",1,43,37,"SGP50",1.78348638341486,2.80862226418555,0.35
"8170",1,43,38,"SGP50",1.42169640253446,2.76256700739347,0.529
"8171",1,44,1,"BMA",1.9899098226749,3.05853731355225,0.465
"8172",1,44,2,"BMA",5.03775994681087,3.81027333730515,0.873
"8173",1,44,3,"BMA",1.60229213031536,2.84596792367301,0.5355
"8174",1,44,4,"BMA",2.94700339447946,3.00335048573171,0.8065
"8175",1,44,5,"BMA",9.90463065320438,4.80171436660387,0.039
"8176",1,44,6,"BMA",2.00664608735236,3.03099101129721,0.6045
"8177",1,44,7,"BMA",3.58546882968552,3.33597749503023,0.822
"8178",1,44,8,"BMA",1.88842316001116,3.03124711425485,0.4825
"8179",1,44,9,"BMA",4.84278875561524,3.37956203907434,0.862
"8180",1,44,10,"BMA",1.99998631725323,3.02217951801269,0.371
"8181",1,44,11,"BMA",3.39200416124803,3.14573832823725,0.8245
"8182",1,44,12,"BMA",1.34830564287407,2.63754055987356,0.5625
"8183",1,44,13,"BMA",1.71747448038591,2.73715798687021,0.646
"8184",1,44,14,"BMA",1.97001188903231,2.78107582761171,0.703
"8185",1,44,15,"BMA",1.81263613415476,2.70849150720063,0.32
"8186",1,44,16,"BMA",1.97486353539393,2.70079148672767,0.2855
"8187",1,44,17,"BMA",7.95918753229806,4.64157618066968,0.0105
"8188",1,44,18,"BMA",1.75426687297487,2.78923463845659,0.691
"8189",1,44,19,"BMA",7.04376166188492,4.16536032949278,0.969
"8190",1,44,20,"BMA",3.53645387127453,3.12493951216092,0.15
"8191",1,44,21,"BMA",1.39685425486788,2.71526340030629,0.5655
"8192",1,44,22,"BMA",6.77000063315218,4.02081392834289,0.05
"8193",1,44,23,"BMA",1.66090261922114,2.85958098206806,0.4105
"8194",1,44,24,"BMA",1.38616639832856,2.65319971215152,0.556
"8195",1,44,25,"BMA",1.64230702021138,2.72061470307562,0.329
"8196",1,44,26,"BMA",1.89924084925826,2.69737401233227,0.302
"8197",1,44,27,"BMA",1.9093306186481,2.74791130598785,0.7025
"8198",1,44,28,"BMA",1.36710759197851,2.65409278288197,0.5895
"8199",1,44,29,"BMA",1.24539841146202,2.61998480921503,0.437
"8200",1,44,30,"BMA",1.66909929288432,2.70096800176004,0.6955
"8201",1,44,31,"BMA",2.72286772556543,2.90248877280239,0.18
"8202",1,44,32,"BMA",6.15521367684682,3.9127225191524,0.04
"8203",1,44,33,"BMA",2.3155020066897,2.93344467865617,0.231
"8204",1,44,34,"BMA",3.92719334538254,3.32509851064691,0.119
"8205",1,44,35,"BMA",1.93540554108306,2.8574666132218,0.691
"8206",1,44,36,"BMA",1.44066799670221,2.60194005760236,0.3855
"8207",1,44,37,"BMA",2.41645535456338,2.94709783524475,0.202
"8208",1,44,38,"BMA",1.59488415779273,2.67592104164107,0.6865
"8209",1,44,1,"AVS",1.9899098226749,3.01848830267803,0.4835
"8210",1,44,2,"AVS",6.13429826705759,3.94208930657773,0.9535
"8211",1,44,3,"AVS",1.54138869105045,2.80445185939769,0.5325
"8212",1,44,4,"AVS",2.73160542388939,2.99310029913795,0.8065
"8213",1,44,5,"AVS",11.3626047093855,5.4238583885693,0.0195
"8214",1,44,6,"AVS",2.01592132678674,3.00950167887724,0.6235
"8215",1,44,7,"AVS",4.84086118773385,3.5893737989743,0.8525
"8216",1,44,8,"AVS",2.10151366707813,3.12687850357037,0.6095
"8217",1,44,9,"AVS",6.21535024064587,3.7946946891321,0.9025
"8218",1,44,10,"AVS",2.39052055191167,2.9318139508938,0.276
"8219",1,44,11,"AVS",3.03801598452721,3.07949368275732,0.8075
"8220",1,44,12,"AVS",1.25315631857363,2.65490565269543,0.4985
"8221",1,44,13,"AVS",1.60514131263364,2.7589809686825,0.658
"8222",1,44,14,"AVS",1.86755536259296,2.75247013016887,0.7105
"8223",1,44,15,"AVS",1.85935659815701,2.74317878724852,0.293
"8224",1,44,16,"AVS",1.99919992361143,2.69628910284704,0.281
"8225",1,44,17,"AVS",7.97946669860934,4.8106368885411,0.0115
"8226",1,44,18,"AVS",1.79248886625699,2.75833617212482,0.697
"8227",1,44,19,"AVS",7.12629621795519,4.1972767743556,0.9685
"8228",1,44,20,"AVS",3.78522705933131,3.24974222393747,0.1255
"8229",1,44,21,"AVS",1.37986153758958,2.75997869409298,0.585
"8230",1,44,22,"AVS",6.88623955539177,4.27242990903869,0.0395
"8231",1,44,23,"AVS",1.46493150785402,2.75010421090488,0.446
"8232",1,44,24,"AVS",1.40676960400911,2.67741356944524,0.5915
"8233",1,44,25,"AVS",1.62067431902839,2.76664048897122,0.3485
"8234",1,44,26,"AVS",1.86055335209905,2.73455997339794,0.2965
"8235",1,44,27,"AVS",1.97978037831569,2.72419585595533,0.727
"8236",1,44,28,"AVS",1.33456984845175,2.55679783985482,0.57
"8237",1,44,29,"AVS",1.27297157188434,2.63732533301501,0.4265
"8238",1,44,30,"AVS",1.58383092458041,2.65762877537835,0.6575
"8239",1,44,31,"AVS",2.94679138336044,3.04005889259818,0.1765
"8240",1,44,32,"AVS",6.20260305735659,3.84200131213706,0.038
"8241",1,44,33,"AVS",2.00063264887002,2.84722476886331,0.2585
"8242",1,44,34,"AVS",3.83035763245468,3.1807935494565,0.136
"8243",1,44,35,"AVS",1.93697471327398,2.84031351921024,0.718
"8244",1,44,36,"AVS",1.43992324394304,2.69179833593185,0.3655
"8245",1,44,37,"AVS",2.41621832667869,2.78208579853755,0.2255
"8246",1,44,38,"AVS",1.59455890482945,2.73797031166546,0.6695
"8247",1,44,1,"EQW",1.9899098226749,3.08734157827707,0.4765
"8248",1,44,2,"EQW",4.22609627976071,3.58551508808974,0.791
"8249",1,44,3,"EQW",1.65257100008722,2.78122271335427,0.5265
"8250",1,44,4,"EQW",2.93886031433414,3.19826333997412,0.7695
"8251",1,44,5,"EQW",8.48758413868046,4.33552558074234,0.062
"8252",1,44,6,"EQW",2.00437053256023,3.11423943621172,0.5595
"8253",1,44,7,"EQW",2.58496439546281,3.06774203878067,0.7145
"8254",1,44,8,"EQW",2.21892534783052,3.24099245793514,0.395
"8255",1,44,9,"EQW",4.20796660900676,3.27249441107262,0.8375
"8256",1,44,10,"EQW",2.11888328415783,3.16343003032409,0.4795
"8257",1,44,11,"EQW",4.48572870323332,3.37028237411976,0.858
"8258",1,44,12,"EQW",2.58854390177072,3.05959728614601,0.6655
"8259",1,44,13,"EQW",3.25005963402399,3.10662070629057,0.739
"8260",1,44,14,"EQW",4.03407134839478,3.24937257701357,0.803
"8261",1,44,15,"EQW",2.38653962604698,3.21229772211664,0.53
"8262",1,44,16,"EQW",1.97989439820276,2.97766651756333,0.5015
"8263",1,44,17,"EQW",5.60562175843498,3.93428407159169,0.156
"8264",1,44,18,"EQW",2.60676357147351,3.21790679135783,0.6765
"8265",1,44,19,"EQW",7.71870689737396,4.20687084134194,0.9475
"8266",1,44,20,"EQW",2.37165342367603,3.20844538288805,0.4405
"8267",1,44,21,"EQW",2.45172740458599,2.96484779270657,0.6665
"8268",1,44,22,"EQW",4.33365607659375,3.87106244132297,0.227
"8269",1,44,23,"EQW",1.89317754137686,3.00360385314448,0.4435
"8270",1,44,24,"EQW",1.96015053649483,2.99668448257839,0.6095
"8271",1,44,25,"EQW",1.72432227848315,2.93389192243614,0.4985
"8272",1,44,26,"EQW",1.76114912273483,2.92387100889922,0.4425
"8273",1,44,27,"EQW",2.7343490558118,2.96397018618921,0.77
"8274",1,44,28,"EQW",2.56971337956391,2.97361060524876,0.7125
"8275",1,44,29,"EQW",2.07210705084826,2.8581389752735,0.6395
"8276",1,44,30,"EQW",3.23594817153553,3.105033871283,0.78
"8277",1,44,31,"EQW",1.97799407294703,2.9659265771855,0.4455
"8278",1,44,32,"EQW",4.06586117257681,3.62784538129016,0.2075
"8279",1,44,33,"EQW",2.26966883808028,3.05117009491181,0.3125
"8280",1,44,34,"EQW",4.04658797721921,3.27276589014923,0.154
"8281",1,44,35,"EQW",1.54115255441652,2.85548708768231,0.526
"8282",1,44,36,"EQW",1.52095188050384,2.77151715487089,0.3675
"8283",1,44,37,"EQW",2.41956485333597,2.88097605361088,0.231
"8284",1,44,38,"EQW",1.33856888097093,2.64748904247547,0.5545
"8285",1,44,1,"SGP",1.9899098226749,3.04579748868614,0.4885
"8286",1,44,2,"SGP",5.65629557954456,3.84738698682532,0.922
"8287",1,44,3,"SGP",1.37445688711595,2.72327282294206,0.565
"8288",1,44,4,"SGP",2.48811063597457,2.77142197960481,0.824
"8289",1,44,5,"SGP",11.8489653199228,6.56618575775984,0.0055
"8290",1,44,6,"SGP",2.08910049857899,3.00147554912391,0.671
"8291",1,44,7,"SGP",2.08208148306283,2.89016959513364,0.676
"8292",1,44,8,"SGP",4.13343339935468,3.34352368352328,0.1425
"8293",1,44,9,"SGP",3.01514105469468,3.14558326895932,0.803
"8294",1,44,10,"SGP",3.84175047116692,3.2626265660554,0.127
"8295",1,44,11,"SGP",2.91629149891652,3.1113532338612,0.7845
"8296",1,44,12,"SGP",1.60796484693112,2.74371185752898,0.3555
"8297",1,44,13,"SGP",1.29936056316665,2.70751622728731,0.511
"8298",1,44,14,"SGP",1.33830937727983,2.61889416836012,0.5715
"8299",1,44,15,"SGP",2.96719188875742,2.97166027728352,0.1845
"8300",1,44,16,"SGP",2.9027971483567,3.09209518012753,0.175
"8301",1,44,17,"SGP",9.69745569960258,5.60928587208021,0.006
"8302",1,44,18,"SGP",4.53851734218904,3.51316087096088,0.8845
"8303",1,44,19,"SGP",7.31535348754654,4.25618617095586,0.9655
"8304",1,44,20,"SGP",3.66051084069419,3.10124622519768,0.1445
"8305",1,44,21,"SGP",1.40361428389018,2.73824178072273,0.5475
"8306",1,44,22,"SGP",6.93744886488125,4.19598003463771,0.0465
"8307",1,44,23,"SGP",1.4341138376864,2.73010557622718,0.4845
"8308",1,44,24,"SGP",1.49752062757872,2.70841146984266,0.6005
"8309",1,44,25,"SGP",1.5731468549798,2.68771422707129,0.3745
"8310",1,44,26,"SGP",1.8084050589312,2.73127198368515,0.31
"8311",1,44,27,"SGP",2.04532706271107,2.7501452132819,0.7175
"8312",1,44,28,"SGP",1.34085537024939,2.59434749185091,0.577
"8313",1,44,29,"SGP",1.27681963010457,2.59191815308348,0.428
"8314",1,44,30,"SGP",1.60344368782267,2.66614527409012,0.663
"8315",1,44,31,"SGP",2.90032100152165,3.05657654721541,0.1615
"8316",1,44,32,"SGP",6.20239317484744,3.89834789420411,0.0445
"8317",1,44,33,"SGP",2.01478723116259,2.83877966109998,0.271
"8318",1,44,34,"SGP",3.82606921228067,3.18213341778053,0.15
"8319",1,44,35,"SGP",1.92122304913983,2.82542232142985,0.697
"8320",1,44,36,"SGP",1.43456881036295,2.73593534949356,0.3825
"8321",1,44,37,"SGP",2.29114105919038,2.89962532217421,0.2315
"8322",1,44,38,"SGP",1.67907906511386,2.71085420579404,0.6705
"8323",1,44,1,"SGP50",1.9899098226749,2.9722168584942,0.4815
"8324",1,44,2,"SGP50",4.27699128083848,3.62441776536565,0.7955
"8325",1,44,3,"SGP50",1.63086996184471,2.81718394786318,0.542
"8326",1,44,4,"SGP50",2.95949658137364,3.14884682619551,0.7755
"8327",1,44,5,"SGP50",8.5656603638792,4.35606244049981,0.056
"8328",1,44,6,"SGP50",2.00084426593842,3.04376094799079,0.605
"8329",1,44,7,"SGP50",2.53829375057349,3.04470376704642,0.7085
"8330",1,44,8,"SGP50",2.29254709421118,3.10921827865395,0.376
"8331",1,44,9,"SGP50",4.07354997463088,3.31006864526124,0.8345
"8332",1,44,10,"SGP50",2.17278698583441,3.10053359665924,0.4085
"8333",1,44,11,"SGP50",4.23753552148368,3.32281211754164,0.847
"8334",1,44,12,"SGP50",2.2246242983804,3.00129638783912,0.632
"8335",1,44,13,"SGP50",2.70026662796962,2.99210534467893,0.701
"8336",1,44,14,"SGP50",3.21883744502688,3.12086518085618,0.7555
"8337",1,44,15,"SGP50",2.04858851557904,3.11419904719316,0.459
"8338",1,44,16,"SGP50",1.87849647978796,3.00589816674356,0.378
"8339",1,44,17,"SGP50",6.72375695633271,4.03010382160974,0.0985
"8340",1,44,18,"SGP50",2.59336039215733,3.17729802475503,0.7105
"8341",1,44,19,"SGP50",7.2932111622152,4.09057747108501,0.9525
"8342",1,44,20,"SGP50",2.44653458168896,3.14073676531253,0.323
"8343",1,44,21,"SGP50",1.86210271043528,2.89750475890582,0.6235
"8344",1,44,22,"SGP50",5.3917541077614,3.98690116639733,0.1385
"8345",1,44,23,"SGP50",1.76509057259165,2.9545980648302,0.4285
"8346",1,44,24,"SGP50",1.67774321106433,2.89599023168991,0.56
"8347",1,44,25,"SGP50",1.59560996055472,2.82681153136135,0.423
"8348",1,44,26,"SGP50",1.75695585560022,2.85960758038495,0.358
"8349",1,44,27,"SGP50",2.2712242611699,2.85522435447645,0.7375
"8350",1,44,28,"SGP50",1.85079936296326,2.78186058589596,0.6665
"8351",1,44,29,"SGP50",1.488436823993,2.70865033824238,0.5835
"8352",1,44,30,"SGP50",2.29013824579487,2.88010130949064,0.736
"8353",1,44,31,"SGP50",2.0075685386446,2.90512285431496,0.3185
"8354",1,44,32,"SGP50",5.284351758491,3.95831773829575,0.0965
"8355",1,44,33,"SGP50",2.47138900588755,3.02235516542676,0.261
"8356",1,44,34,"SGP50",4.39925275728594,3.33844734071264,0.124
"8357",1,44,35,"SGP50",1.5901873109656,2.8042038042266,0.574
"8358",1,44,36,"SGP50",1.58173728089496,2.69161663052127,0.3675
"8359",1,44,37,"SGP50",2.49315678547656,2.96802302734809,0.211
"8360",1,44,38,"SGP50",1.44733025281084,2.66233608439901,0.5955
"8361",1,45,1,"BMA",4.16617093354695,3.54900355035921,0.7615
"8362",1,45,2,"BMA",2.06400824800032,2.97991376784125,0.5255
"8363",1,45,3,"BMA",2.39559089300125,3.07132121680343,0.278
"8364",1,45,4,"BMA",3.58688569192216,3.1966361969826,0.857
"8365",1,45,5,"BMA",1.22297073566235,2.39480567073019,0.5485
"8366",1,45,6,"BMA",1.00396097232946,2.31697897558724,0.6155
"8367",1,45,7,"BMA",1.34629689940804,2.33366454288376,0.2545
"8368",1,45,8,"BMA",9.20050710971495,10.0589864188078,0.9995
"8369",1,45,9,"BMA",8.20874123090311,4.61776374279259,0.9775
"8370",1,45,10,"BMA",9.95016441371523,5.07027102066234,0.991
"8371",1,45,11,"BMA",3.27866283862871,3.5975760895925,0.278
"8372",1,45,12,"BMA",2.48103789513871,3.08257280216176,0.261
"8373",1,45,13,"BMA",4.66084935360594,3.42305429583416,0.9095
"8374",1,45,14,"BMA",12.2458022298792,5.97412344829371,0.016
"8375",1,45,15,"BMA",5.43213430541187,3.48708450676884,0.8555
"8376",1,45,16,"BMA",2.91346747085419,3.33052872700675,0.2835
"8377",1,45,17,"BMA",14.9423855644019,5.25999887446491,0.0395
"8378",1,45,18,"BMA",4.68388051769405,3.57589358059498,0.244
"8379",1,45,19,"BMA",2.45084859839196,3.23241161204019,0.4925
"8380",1,45,20,"BMA",3.30462454110615,3.33810305720493,0.3115
"8381",1,45,21,"BMA",4.68576482945251,3.47656328434,0.214
"8382",1,45,22,"BMA",5.79130024951086,3.7472024042962,0.1625
"8383",1,45,23,"BMA",5.1308830030027,3.6544185842067,0.1975
"8384",1,45,24,"BMA",4.49499447176357,3.52886894794127,0.225
"8385",1,45,25,"BMA",6.09926702132895,3.79925401462146,0.154
"8386",1,45,26,"BMA",7.23358139753636,3.89444981555371,0.121
"8387",1,45,27,"BMA",3.32780837080075,3.35048148463695,0.3045
"8388",1,45,28,"BMA",2.3552873645738,3.30046823340475,0.5085
"8389",1,45,29,"BMA",2.44664567355124,3.32744480509841,0.501
"8390",1,45,30,"BMA",2.64082448291522,3.33520885512821,0.6415
"8391",1,45,31,"BMA",2.38520959538909,3.33802137794062,0.5385
"8392",1,45,32,"BMA",2.13713682405932,3.15341790196136,0.531
"8393",1,45,33,"BMA",2.79972807460283,3.24353910253122,0.7035
"8394",1,45,34,"BMA",2.0290619542689,3.10560470261605,0.466
"8395",1,45,35,"BMA",2.59690948603792,2.96962485096332,0.301
"8396",1,45,36,"BMA",2.49159895902617,2.90503792780303,0.2765
"8397",1,45,37,"BMA",1.87746935365001,3.00790734323797,0.599
"8398",1,45,38,"BMA",1.60576822704209,2.75012505443132,0.609
"8399",1,45,1,"AVS",4.16617093354695,3.55727850473343,0.745
"8400",1,45,2,"AVS",2.51404566936137,3.1617218192966,0.432
"8401",1,45,3,"AVS",2.59826827229714,3.18816407847465,0.236
"8402",1,45,4,"AVS",3.81572876235982,3.31058249774212,0.8625
"8403",1,45,5,"AVS",0.856423305482665,2.23591985128534,0.4905
"8404",1,45,6,"AVS",0.852137086615884,2.22175671053077,0.599
"8405",1,45,7,"AVS",1.37878594488583,2.38061983133614,0.237
"8406",1,45,8,"AVS",9.17768788696963,9.30400757915021,1
"8407",1,45,9,"AVS",6.63700444836497,4.5611639509959,0.984
"8408",1,45,10,"AVS",8.41758734916997,5.00364123622519,0.9935
"8409",1,45,11,"AVS",4.40721493319997,3.56813521745039,0.084
"8410",1,45,12,"AVS",2.85615178061401,3.07978414749718,0.185
"8411",1,45,13,"AVS",4.41388652558375,3.43818779259739,0.9065
"8412",1,45,14,"AVS",12.968545207835,7.20781940520591,0
"8413",1,45,15,"AVS",2.74945913374594,2.93772575185775,0.787
"8414",1,45,16,"AVS",4.0288476880831,3.31696330078678,0.1165
"8415",1,45,17,"AVS",19.1138416373479,20.0826159105986,0
"8416",1,45,18,"AVS",11.2808013142264,4.96112267249324,0.019
"8417",1,45,19,"AVS",2.82471834176111,3.20765745896125,0.7285
"8418",1,45,20,"AVS",4.86300375672547,3.47208437861726,0.137
"8419",1,45,21,"AVS",2.91770183168308,3.13323515944047,0.2585
"8420",1,45,22,"AVS",2.57973451088904,3.08018669691375,0.3
"8421",1,45,23,"AVS",1.70888648309167,2.81381903886781,0.437
"8422",1,45,24,"AVS",1.59589925492138,2.79095603904223,0.5255
"8423",1,45,25,"AVS",2.05854872066182,2.86755038121697,0.356
"8424",1,45,26,"AVS",2.09756714293551,2.85051748830757,0.306
"8425",1,45,27,"AVS",2.19401187668506,2.94186803456457,0.716
"8426",1,45,28,"AVS",3.28961896049059,3.09957858437704,0.8005
"8427",1,45,29,"AVS",1.56698816162884,2.8653866009819,0.487
"8428",1,45,30,"AVS",1.97537505595469,2.90176511329999,0.689
"8429",1,45,31,"AVS",1.50111690974615,2.75001880249754,0.4705
"8430",1,45,32,"AVS",1.42775744558255,2.76332447278412,0.492
"8431",1,45,33,"AVS",2.43568526274447,2.95174374236243,0.7525
"8432",1,45,34,"AVS",1.74682517334366,2.80016561684499,0.386
"8433",1,45,35,"AVS",2.5467641100887,2.86902005292583,0.264
"8434",1,45,36,"AVS",1.57462328440058,2.71155264924067,0.4125
"8435",1,45,37,"AVS",3.07301653801383,3.00262854044837,0.827
"8436",1,45,38,"AVS",2.64956715040603,2.95096649228798,0.769
"8437",1,45,1,"EQW",4.16617093354695,3.49110583188626,0.7525
"8438",1,45,2,"EQW",2.09314718140033,3.03005817605359,0.517
"8439",1,45,3,"EQW",2.71263214693874,3.13919903551198,0.307
"8440",1,45,4,"EQW",3.61182489460046,3.37904924677815,0.7765
"8441",1,45,5,"EQW",2.57577690711411,3.01622840735947,0.636
"8442",1,45,6,"EQW",3.38600813559301,3.08920949862844,0.7325
"8443",1,45,7,"EQW",2.78572937858685,3.0760501602293,0.619
"8444",1,45,8,"EQW",12.9157937658451,5.41571662759499,0.9785
"8445",1,45,9,"EQW",13.0492190999502,4.70166143890963,0.9765
"8446",1,45,10,"EQW",16.2011502476655,5.15383450205738,0.985
"8447",1,45,11,"EQW",8.98221353729837,4.14589791532422,0.7255
"8448",1,45,12,"EQW",6.08766084372668,3.68458898303728,0.6695
"8449",1,45,13,"EQW",9.99253925951787,4.03079005284633,0.914
"8450",1,45,14,"EQW",4.77093559365689,3.96609258372,0.452
"8451",1,45,15,"EQW",7.96409895601612,3.73523542953743,0.8595
"8452",1,45,16,"EQW",4.40178925263481,3.66460161169834,0.5875
"8453",1,45,17,"EQW",7.458886887372,4.34481069565546,0.2695
"8454",1,45,18,"EQW",5.30722950009948,4.03715579383324,0.318
"8455",1,45,19,"EQW",3.50460619690817,3.51713222850429,0.6235
"8456",1,45,20,"EQW",3.29893152236525,3.47678932408078,0.44
"8457",1,45,21,"EQW",3.02528005699817,3.4643728836814,0.431
"8458",1,45,22,"EQW",2.98610941875387,3.38713986308493,0.3725
"8459",1,45,23,"EQW",2.63259701940682,3.34937365552231,0.4195
"8460",1,45,24,"EQW",2.40448564070969,3.25749825234009,0.4575
"8461",1,45,25,"EQW",2.7358626200059,3.2952443749091,0.3825
"8462",1,45,26,"EQW",3.55720905958169,3.26659073637362,0.265
"8463",1,45,27,"EQW",2.29981107020346,3.2082170576467,0.438
"8464",1,45,28,"EQW",2.30505965274025,3.19969341250432,0.6105
"8465",1,45,29,"EQW",2.04701523146036,3.13604442236771,0.5065
"8466",1,45,30,"EQW",2.28702356755859,3.18007023635059,0.624
"8467",1,45,31,"EQW",2.04523813456215,3.14345869903858,0.566
"8468",1,45,32,"EQW",1.90441572028318,3.00390181938615,0.543
"8469",1,45,33,"EQW",2.76316579598847,3.12759728156443,0.7175
"8470",1,45,34,"EQW",1.94382915410254,3.05050292197961,0.5445
"8471",1,45,35,"EQW",2.14352580562735,2.9310439038546,0.331
"8472",1,45,36,"EQW",3.15280176495795,3.13304999533231,0.1985
"8473",1,45,37,"EQW",1.88862437224316,2.96864837722803,0.3925
"8474",1,45,38,"EQW",1.44756128738798,2.76349069265704,0.495
"8475",1,45,1,"SGP",4.16617093354695,3.51956715147744,0.7555
"8476",1,45,2,"SGP",1.75271212076421,2.77873811019103,0.5915
"8477",1,45,3,"SGP",2.56925936195407,3.03645462707548,0.156
"8478",1,45,4,"SGP",2.71887824308635,2.90279604903796,0.8765
"8479",1,45,5,"SGP",0.863030665951344,2.22659968143632,0.4855
"8480",1,45,6,"SGP",0.908198079983219,2.26605747605227,0.5955
"8481",1,45,7,"SGP",1.34474438359342,2.2896128472462,0.2595
"8482",1,45,8,"SGP",9.22287394691824,8.79542367011445,0.9995
"8483",1,45,9,"SGP",6.71079464690616,4.56233536392715,0.979
"8484",1,45,10,"SGP",8.49114176737188,4.98182000566371,0.9925
"8485",1,45,11,"SGP",4.28566412676347,3.35955479016421,0.1235
"8486",1,45,12,"SGP",2.8105776788934,3.01764436754206,0.211
"8487",1,45,13,"SGP",4.44583645933663,3.47402349036833,0.904
"8488",1,45,14,"SGP",12.7826747079156,6.46991226194243,0.007
"8489",1,45,15,"SGP",2.77731941259113,2.99812623120475,0.772
"8490",1,45,16,"SGP",3.98541021933521,3.37537091879059,0.1205
"8491",1,45,17,"SGP",18.9672494406338,9.72525813545647,0.0035
"8492",1,45,18,"SGP",11.1990081769528,4.58925853714697,0.0195
"8493",1,45,19,"SGP",2.82205679072446,3.22697652363942,0.732
"8494",1,45,20,"SGP",4.83925495432058,3.50193634253145,0.1215
"8495",1,45,21,"SGP",2.91847484961411,3.13646070056554,0.262
"8496",1,45,22,"SGP",2.58651146072727,3.04775295698206,0.2915
"8497",1,45,23,"SGP",1.71609572162032,2.87892850697413,0.433
"8498",1,45,24,"SGP",1.60108731762639,2.81518468994268,0.5165
"8499",1,45,25,"SGP",2.06822581838624,2.90107779070117,0.319
"8500",1,45,26,"SGP",2.11203435489019,2.8280379200892,0.316
"8501",1,45,27,"SGP",2.18389134981628,2.86748143533876,0.724
"8502",1,45,28,"SGP",3.27301802476241,3.12606789805645,0.806
"8503",1,45,29,"SGP",1.57128325277009,2.84430948757144,0.4805
"8504",1,45,30,"SGP",1.97591914566722,2.87673944796836,0.6805
"8505",1,45,31,"SGP",1.50524729897412,2.77050017321254,0.466
"8506",1,45,32,"SGP",1.43180688643442,2.73204140942592,0.502
"8507",1,45,33,"SGP",2.43492651601241,2.94167359344628,0.746
"8508",1,45,34,"SGP",1.74651095441204,2.83631180717849,0.384
"8509",1,45,35,"SGP",2.54644410724656,2.9038626687763,0.258
"8510",1,45,36,"SGP",1.58464707140748,2.74561914017999,0.417
"8511",1,45,37,"SGP",3.0458274290198,2.99595026613645,0.8255
"8512",1,45,38,"SGP",2.63250085015467,2.97771726719516,0.7695
"8513",1,45,1,"SGP50",4.16617093354695,3.48542785376896,0.7495
"8514",1,45,2,"SGP50",2.07019660275052,3.06085869473464,0.5325
"8515",1,45,3,"SGP50",2.62730809061123,3.14857984930733,0.319
"8516",1,45,4,"SGP50",3.62990721354834,3.22036464152955,0.7695
"8517",1,45,5,"SGP50",2.39767414630641,2.94071860630502,0.6445
"8518",1,45,6,"SGP50",3.01268434181498,3.00824598677704,0.73
"8519",1,45,7,"SGP50",2.30303564076899,2.9188943362297,0.535
"8520",1,45,8,"SGP50",11.9334712842845,5.64066885687812,0.9835
"8521",1,45,9,"SGP50",10.9314258630814,4.62044223392554,0.9805
"8522",1,45,10,"SGP50",13.1127162454685,5.03517199783328,0.9905
"8523",1,45,11,"SGP50",5.01452424565104,3.81747580067709,0.57
"8524",1,45,12,"SGP50",3.18091406361773,3.37874655506602,0.529
"8525",1,45,13,"SGP50",6.83940847101829,3.82818957473008,0.9115
"8526",1,45,14,"SGP50",6.20024668536059,4.10906406585365,0.267
"8527",1,45,15,"SGP50",4.92708711319126,3.36346174003413,0.8235
"8528",1,45,16,"SGP50",2.87211181244654,3.44018495593378,0.381
"8529",1,45,17,"SGP50",12.4946326694382,4.9359360633194,0.0945
"8530",1,45,18,"SGP50",7.57844454776219,4.31366694949163,0.1565
"8531",1,45,19,"SGP50",2.79215118351501,3.22211286905191,0.658
"8532",1,45,20,"SGP50",3.81981311674385,3.41667069856408,0.2595
"8533",1,45,21,"SGP50",3.10962184764572,3.27168834028076,0.3
"8534",1,45,22,"SGP50",3.02541287013424,3.21605581275315,0.289
"8535",1,45,23,"SGP50",2.22587342737281,3.03227427205801,0.4105
"8536",1,45,24,"SGP50",1.99336357581323,3.03772965600812,0.4465
"8537",1,45,25,"SGP50",2.62381986194268,3.1289182366224,0.3065
"8538",1,45,26,"SGP50",2.98225441114313,3.1005989468102,0.2565
"8539",1,45,27,"SGP50",1.99285748156042,3.04664997219409,0.587
"8540",1,45,28,"SGP50",2.63471832447224,3.18638221937917,0.683
"8541",1,45,29,"SGP50",1.8277482719893,3.02805540081857,0.476
"8542",1,45,30,"SGP50",2.04357610484044,3.03574568696966,0.632
"8543",1,45,31,"SGP50",1.74203471788765,2.94055245821054,0.4455
"8544",1,45,32,"SGP50",1.66210047865458,2.89743991300298,0.49
"8545",1,45,33,"SGP50",2.43295492441623,3.04693422485025,0.701
"8546",1,45,34,"SGP50",1.79044600318652,3.00249692876905,0.424
"8547",1,45,35,"SGP50",2.53955074342802,2.95605953089863,0.268
"8548",1,45,36,"SGP50",2.21078316342082,2.98039736889616,0.319
"8549",1,45,37,"SGP50",2.08771944787065,3.02350410211317,0.665
"8550",1,45,38,"SGP50",1.93996089003916,2.84935970578275,0.6475
"8551",1,46,1,"BMA",0.715252101429429,1.87547241348907,0.4145
"8552",1,46,2,"BMA",0.6935481745501,1.81432935418079,0.7065
"8553",1,46,3,"BMA",5.28928559502024,4.95865782505964,0.979
"8554",1,46,4,"BMA",1.56569244034512,2.82219415021766,0.67
"8555",1,46,5,"BMA",2.14553507136046,2.97261600571424,0.756
"8556",1,46,6,"BMA",1.35838409299985,2.63689620587115,0.591
"8557",1,46,7,"BMA",1.66359748627981,2.60862203095935,0.293
"8558",1,46,8,"BMA",2.38778246051945,2.92167634283737,0.7945
"8559",1,46,9,"BMA",1.97065643091243,2.74885506643849,0.2705
"8560",1,46,10,"BMA",1.83926790655615,2.80998844572493,0.6995
"8561",1,46,11,"BMA",2.80116958749873,3.0429668164815,0.821
"8562",1,46,12,"BMA",2.42772004973937,2.88795678684125,0.777
"8563",1,46,13,"BMA",1.62088170315032,2.61539552356308,0.3665
"8564",1,46,14,"BMA",2.82975243678676,3.00631982862481,0.18
"8565",1,46,15,"BMA",4.79540021011049,3.63353887005856,0.0625
"8566",1,46,16,"BMA",2.19768965212533,2.87011224465763,0.2195
"8567",1,46,17,"BMA",1.70409928701476,2.53614342972579,0.2505
"8568",1,46,18,"BMA",1.02014110712499,2.38340509369548,0.5715
"8569",1,46,19,"BMA",1.40674286597333,2.46478107533494,0.7375
"8570",1,46,20,"BMA",3.19084194282552,3.04912562247988,0.908
"8571",1,46,21,"BMA",1.31090292091416,2.58134771480377,0.32
"8572",1,46,22,"BMA",1.42734878801375,2.48397878425412,0.248
"8573",1,46,23,"BMA",0.838465572267222,2.19504892446541,0.4235
"8574",1,46,24,"BMA",1.55002854150505,2.400695873541,0.217
"8575",1,46,25,"BMA",0.88810135518683,2.17071728572181,0.6215
"8576",1,46,26,"BMA",0.788248469005667,2.19542558442577,0.557
"8577",1,46,27,"BMA",2.92924436924815,3.07942744580523,0.084
"8578",1,46,28,"BMA",0.79456786103578,2.1166196877424,0.613
"8579",1,46,29,"BMA",2.93323549329235,3.06415172935968,0.9295
"8580",1,46,30,"BMA",1.62805805950939,2.49189979725463,0.7885
"8581",1,46,31,"BMA",1.73420679752773,2.60662208219228,0.18
"8582",1,46,32,"BMA",0.855885169092774,2.1474996892289,0.657
"8583",1,46,33,"BMA",0.700873569995671,2.04449257481966,0.5185
"8584",1,46,34,"BMA",1.23440234349248,2.3222818104734,0.2575
"8585",1,46,35,"BMA",0.824560029328482,2.0497618099003,0.6465
"8586",1,46,36,"BMA",0.849357459057977,2.09467075448032,0.6435
"8587",1,46,37,"BMA",0.781197466313664,2.02188154511827,0.6415
"8588",1,46,38,"BMA",0.641048807769657,1.98762447349043,0.49
"8589",1,46,1,"AVS",0.715252101429429,1.86920740374096,0.4085
"8590",1,46,2,"AVS",0.707160304700175,1.80003511665286,0.7055
"8591",1,46,3,"AVS",5.32053239494495,5.23765883567595,0.9855
"8592",1,46,4,"AVS",1.33473638540552,2.59742844960473,0.649
"8593",1,46,5,"AVS",2.21111823607764,2.95790871127208,0.825
"8594",1,46,6,"AVS",1.17669723842123,2.43798890400551,0.5985
"8595",1,46,7,"AVS",1.39382518937207,2.37754344964618,0.2785
"8596",1,46,8,"AVS",3.12379885583628,3.29436787529558,0.873
"8597",1,46,9,"AVS",2.04615319457092,2.76397753020423,0.267
"8598",1,46,10,"AVS",1.7379203305724,2.88251043484852,0.6805
"8599",1,46,11,"AVS",2.61736731014417,2.99861618598991,0.795
"8600",1,46,12,"AVS",2.33681996190417,2.98841771015273,0.761
"8601",1,46,13,"AVS",1.64090284861536,2.77950100113202,0.34
"8602",1,46,14,"AVS",3.00435171830693,3.02962865094455,0.173
"8603",1,46,15,"AVS",5.07057945345105,3.58676516512743,0.0595
"8604",1,46,16,"AVS",2.00925371530358,2.67505959362174,0.2255
"8605",1,46,17,"AVS",1.39563507417858,2.3935628897149,0.2505
"8606",1,46,18,"AVS",0.881297760504084,2.29087967839846,0.6345
"8607",1,46,19,"AVS",0.941672737415404,2.24722643805275,0.6335
"8608",1,46,20,"AVS",1.9191477011274,2.54541812780029,0.8485
"8609",1,46,21,"AVS",1.73508617356057,2.48222387282408,0.177
"8610",1,46,22,"AVS",1.75333271311011,2.52169205685672,0.1785
"8611",1,46,23,"AVS",0.861281433700032,2.17049174588796,0.349
"8612",1,46,24,"AVS",1.80618573732081,2.41499080576382,0.1695
"8613",1,46,25,"AVS",0.805144852384478,2.08286259130916,0.622
"8614",1,46,26,"AVS",0.717203086477476,2.11714239724817,0.5015
"8615",1,46,27,"AVS",3.32479075495786,3.46831775370066,0.0495
"8616",1,46,28,"AVS",0.805481866851993,2.09505941636943,0.625
"8617",1,46,29,"AVS",2.47357891148571,2.75157923422952,0.898
"8618",1,46,30,"AVS",1.23391732694116,2.29891393080924,0.763
"8619",1,46,31,"AVS",1.83517029419537,2.62101670906463,0.1675
"8620",1,46,32,"AVS",0.819998389010536,2.06321796814913,0.633
"8621",1,46,33,"AVS",0.689919438758962,2.07335465364806,0.5045
"8622",1,46,34,"AVS",1.26347792142798,2.30038732295975,0.266
"8623",1,46,35,"AVS",0.81779220082123,2.10203044482529,0.634
"8624",1,46,36,"AVS",0.833877659534039,2.08027561611047,0.6015
"8625",1,46,37,"AVS",0.76507630256021,2.00742469082198,0.6105
"8626",1,46,38,"AVS",0.639218751960155,2.01373025654138,0.5055
"8627",1,46,1,"EQW",0.715252101429429,1.82572313133157,0.417
"8628",1,46,2,"EQW",0.725312191605277,2.00438620377199,0.6155
"8629",1,46,3,"EQW",4.173671695243,3.71285920111072,0.914
"8630",1,46,4,"EQW",1.77264341369598,2.67726589277193,0.7065
"8631",1,46,5,"EQW",2.49033211968789,3.01515921800936,0.8435
"8632",1,46,6,"EQW",1.05180201452203,2.3017466555286,0.6255
"8633",1,46,7,"EQW",1.43052805501065,2.46955666375943,0.2525
"8634",1,46,8,"EQW",3.27892538663457,3.40516164434273,0.8745
"8635",1,46,9,"EQW",2.10692614768374,2.8714183072463,0.209
"8636",1,46,10,"EQW",2.70288476318163,3.1479625152631,0.863
"8637",1,46,11,"EQW",3.14969692453283,3.1177373100554,0.895
"8638",1,46,12,"EQW",2.01616446168604,2.66693352709229,0.778
"8639",1,46,13,"EQW",1.98612675372958,2.92574919921976,0.243
"8640",1,46,14,"EQW",1.89893318779745,2.68930737368234,0.229
"8641",1,46,15,"EQW",3.55649315780722,3.2406610555488,0.094
"8642",1,46,16,"EQW",1.27746912819186,2.53452942579574,0.3605
"8643",1,46,17,"EQW",1.340223964099,2.46961637091218,0.305
"8644",1,46,18,"EQW",1.0852351273311,2.3839161618916,0.648
"8645",1,46,19,"EQW",1.40006506209903,2.4253506963356,0.7295
"8646",1,46,20,"EQW",3.08038354181628,2.94363503830262,0.9025
"8647",1,46,21,"EQW",1.18276603311391,2.61170548254181,0.4865
"8648",1,46,22,"EQW",1.10354007669716,2.45010319926009,0.369
"8649",1,46,23,"EQW",0.842928615062656,2.22479198775707,0.4575
"8650",1,46,24,"EQW",1.28961553540806,2.32612612230746,0.268
"8651",1,46,25,"EQW",0.859632982880318,2.19005076303015,0.647
"8652",1,46,26,"EQW",0.889471091451956,2.16172039869246,0.6205
"8653",1,46,27,"EQW",2.24980208799795,2.69632041145065,0.1435
"8654",1,46,28,"EQW",0.736730237209479,2.06244622243885,0.544
"8655",1,46,29,"EQW",2.71558496506622,2.93222027957675,0.911
"8656",1,46,30,"EQW",2.62650628075604,2.85137099901603,0.8645
"8657",1,46,31,"EQW",1.23799052729224,2.71774479319571,0.514
"8658",1,46,32,"EQW",1.69371125221614,2.49128536612977,0.772
"8659",1,46,33,"EQW",1.46757159405944,2.46750428512185,0.6955
"8660",1,46,34,"EQW",1.03993420073483,2.42365834536723,0.526
"8661",1,46,35,"EQW",1.41622639192591,2.39808594745267,0.7515
"8662",1,46,36,"EQW",1.70651676287186,2.55513863802717,0.7545
"8663",1,46,37,"EQW",1.89052731583853,2.58535167581034,0.7905
"8664",1,46,38,"EQW",1.65984562724928,2.46136474656978,0.7275
"8665",1,46,1,"SGP",0.715252101429429,1.84246068807351,0.405
"8666",1,46,2,"SGP",0.694023315624796,1.80338277769729,0.71
"8667",1,46,3,"SGP",5.35818059221905,5.29681009097648,0.9805
"8668",1,46,4,"SGP",1.97991682590325,2.7075398955749,0.7575
"8669",1,46,5,"SGP",2.72869513491859,3.1832546369003,0.9325
"8670",1,46,6,"SGP",0.850103767788716,2.03248555276069,0.6575
"8671",1,46,7,"SGP",1.18390579009922,2.16817394684254,0.2515
"8672",1,46,8,"SGP",4.35399958394801,4.17964188101416,0.9775
"8673",1,46,9,"SGP",2.56820533605714,2.98009335436389,0.1055
"8674",1,46,10,"SGP",3.35569441986892,3.1873346213551,0.944
"8675",1,46,11,"SGP",2.68468488917661,2.93191516266252,0.912
"8676",1,46,12,"SGP",1.35047838369753,2.41628610141445,0.736
"8677",1,46,13,"SGP",2.61907138853645,2.91163504202569,0.115
"8678",1,46,14,"SGP",1.76157726348326,2.47435664547407,0.184
"8679",1,46,15,"SGP",3.42470584065195,3.31850209261991,0.06
"8680",1,46,16,"SGP",0.948174335225981,2.20008414055906,0.378
"8681",1,46,17,"SGP",1.26238887065314,2.31768399635147,0.278
"8682",1,46,18,"SGP",0.870374917388723,2.15710103078257,0.649
"8683",1,46,19,"SGP",0.8940413782646,2.19846626551178,0.638
"8684",1,46,20,"SGP",1.86368537785903,2.52178617380808,0.8285
"8685",1,46,21,"SGP",1.70886814097503,2.53478938563392,0.1785
"8686",1,46,22,"SGP",1.70290920759572,2.48582195371737,0.181
"8687",1,46,23,"SGP",0.850396277493566,2.14356001110212,0.3645
"8688",1,46,24,"SGP",1.77819552877004,2.48603429146873,0.164
"8689",1,46,25,"SGP",0.804157836218389,2.08942602008948,0.6045
"8690",1,46,26,"SGP",0.732932131944076,2.08779593070337,0.5225
"8691",1,46,27,"SGP",3.29943667538996,3.21703190937068,0.0585
"8692",1,46,28,"SGP",0.790826385699291,2.08940772928246,0.5915
"8693",1,46,29,"SGP",2.39437827331152,2.7223487598191,0.895
"8694",1,46,30,"SGP",1.22886603850142,2.32781497724014,0.7415
"8695",1,46,31,"SGP",1.78122811301161,2.5931904125271,0.1685
"8696",1,46,32,"SGP",0.849403162224756,2.10975352480239,0.628
"8697",1,46,33,"SGP",0.713666370471914,2.07867199503557,0.4865
"8698",1,46,34,"SGP",1.26485063003219,2.28710992452395,0.246
"8699",1,46,35,"SGP",0.806178479597654,2.07730747017717,0.6315
"8700",1,46,36,"SGP",0.82756884457974,2.1122896021651,0.601
"8701",1,46,37,"SGP",0.770862407921035,2.00147754225871,0.6145
"8702",1,46,38,"SGP",0.66622864079423,1.95979138773958,0.4975
"8703",1,46,1,"SGP50",0.715252101429429,1.90001406677956,0.4085
"8704",1,46,2,"SGP50",0.721292495967527,1.91104524667946,0.626
"8705",1,46,3,"SGP50",4.24552668408624,3.98595398830947,0.928
"8706",1,46,4,"SGP50",1.79293619784467,2.67275539714461,0.7305
"8707",1,46,5,"SGP50",2.51082211329619,3.06141808035503,0.8605
"8708",1,46,6,"SGP50",1.03704648957909,2.28129664231057,0.6185
"8709",1,46,7,"SGP50",1.40953675709979,2.42762401056676,0.2385
"8710",1,46,8,"SGP50",3.36942248951238,3.3299361916663,0.8715
"8711",1,46,9,"SGP50",2.14005278337276,2.802909584176,0.2075
"8712",1,46,10,"SGP50",2.76758947122405,3.0345176249934,0.8585
"8713",1,46,11,"SGP50",3.13072767101937,3.05078901618563,0.894
"8714",1,46,12,"SGP50",1.92492966744784,2.61689131183914,0.794
"8715",1,46,13,"SGP50",2.08432847588008,2.8976441593134,0.2325
"8716",1,46,14,"SGP50",1.87563123375619,2.66275397784639,0.2355
"8717",1,46,15,"SGP50",3.52045297342788,3.26401867593555,0.085
"8718",1,46,16,"SGP50",1.21656856445783,2.4701042888033,0.3725
"8719",1,46,17,"SGP50",1.320253266582,2.4541975189367,0.318
"8720",1,46,18,"SGP50",1.05453974585694,2.31427745212588,0.6475
"8721",1,46,19,"SGP50",1.29696972506608,2.41805755411679,0.6915
"8722",1,46,20,"SGP50",2.83541117953771,2.90267937191602,0.894
"8723",1,46,21,"SGP50",1.19022240993542,2.59483503844006,0.4315
"8724",1,46,22,"SGP50",1.17501891825061,2.45705157944398,0.318
"8725",1,46,23,"SGP50",0.838826974187759,2.22738532314067,0.452
"8726",1,46,24,"SGP50",1.3697380590747,2.3592665180963,0.2575
"8727",1,46,25,"SGP50",0.845243868219458,2.1138434726512,0.632
"8728",1,46,26,"SGP50",0.848437581752039,2.14656172247331,0.6155
"8729",1,46,27,"SGP50",2.42965227530916,2.89370473013701,0.118
"8730",1,46,28,"SGP50",0.73973556773823,2.0561855536965,0.533
"8731",1,46,29,"SGP50",2.640179855516,2.89081721222132,0.906
"8732",1,46,30,"SGP50",2.32357168024447,2.76785227848773,0.8395
"8733",1,46,31,"SGP50",1.208426451043,2.6017677458224,0.447
"8734",1,46,32,"SGP50",1.48274166628059,2.40798742935849,0.7485
"8735",1,46,33,"SGP50",1.24154849322506,2.38202777991405,0.6755
"8736",1,46,34,"SGP50",0.989769024443304,2.39815855301222,0.443
"8737",1,46,35,"SGP50",1.22569964842612,2.33971991493335,0.725
"8738",1,46,36,"SGP50",1.43106966003292,2.43500004423013,0.742
"8739",1,46,37,"SGP50",1.53647564598594,2.3307704003267,0.7575
"8740",1,46,38,"SGP50",1.29103445279092,2.3482823810282,0.661
"8741",1,47,1,"BMA",4.80559390047441,3.84870305328417,0.6535
"8742",1,47,2,"BMA",14.9764858790475,5.21140898716779,0.9375
"8743",1,47,3,"BMA",10.743049020794,4.2900991290076,0.8235
"8744",1,47,4,"BMA",10.3558061713428,4.44512137893648,0.24
"8745",1,47,5,"BMA",10.1382313398171,4.23704658539675,0.7885
"8746",1,47,6,"BMA",7.52753027801502,4.07452910869077,0.2625
"8747",1,47,7,"BMA",4.97964478583283,3.94586746570762,0.6025
"8748",1,47,8,"BMA",10.3628132406377,4.29558741409538,0.7935
"8749",1,47,9,"BMA",7.73451159321172,4.25824203477838,0.315
"8750",1,47,10,"BMA",15.9370455105286,4.41604168270682,0.8575
"8751",1,47,11,"BMA",8.05079024454507,4.05960268877943,0.8085
"8752",1,47,12,"BMA",3.002216343817,3.40050477724818,0.5715
"8753",1,47,13,"BMA",11.9325556716703,4.56158894158596,0.084
"8754",1,47,14,"BMA",5.69282187574176,3.89852155140484,0.2545
"8755",1,47,15,"BMA",4.04355067665059,3.69213092576876,0.642
"8756",1,47,16,"BMA",3.81114155774555,3.60395468969409,0.6545
"8757",1,47,17,"BMA",4.24661370726777,3.53983358400991,0.732
"8758",1,47,18,"BMA",2.48769496612041,3.25725126862122,0.5615
"8759",1,47,19,"BMA",11.519342521515,4.69232256257783,0.0255
"8760",1,47,20,"BMA",3.32763788163202,3.2687563716742,0.2565
"8761",1,47,21,"BMA",3.65926580512835,3.26942109356583,0.218
"8762",1,47,22,"BMA",1.62145537189906,2.9501825313432,0.477
"8763",1,47,23,"BMA",1.60805684375104,2.8420762938432,0.5785
"8764",1,47,24,"BMA",1.38156809717392,2.69972029349122,0.434
"8765",1,47,25,"BMA",2.00508268232757,2.68787057817138,0.2435
"8766",1,47,26,"BMA",2.74731816177568,2.86023704904798,0.17
"8767",1,47,27,"BMA",2.48329027259737,2.94081753214932,0.8105
"8768",1,47,28,"BMA",6.38066886994163,4.21216857050772,0.9715
"8769",1,47,29,"BMA",3.06284770539701,3.07623822865293,0.8825
"8770",1,47,30,"BMA",0.831336510758837,2.23259461737964,0.5455
"8771",1,47,31,"BMA",0.975971884754043,2.19802416366256,0.374
"8772",1,47,32,"BMA",3.10663196581205,3.04274688577258,0.056
"8773",1,47,33,"BMA",2.52972414468757,2.76187427941904,0.0845
"8774",1,47,34,"BMA",2.20918885264065,2.5914267000543,0.06
"8775",1,47,35,"BMA",2.42919438461613,2.78336184363964,0.0615
"8776",1,47,36,"BMA",1.78076143437855,2.45286598898515,0.0775
"8777",1,47,37,"BMA",1.58846389734564,2.21916572043968,0.0805
"8778",1,47,38,"BMA",0.833251435069633,1.7008312488928,0.195
"8779",1,47,1,"AVS",4.80559390047441,3.83940883088343,0.6845
"8780",1,47,2,"AVS",13.7892543014516,4.77351457016191,0.9295
"8781",1,47,3,"AVS",5.5602356707094,3.90406071301744,0.7095
"8782",1,47,4,"AVS",13.1205694034858,4.62187821837702,0.1275
"8783",1,47,5,"AVS",6.84274494388227,4.00078487613684,0.7465
"8784",1,47,6,"AVS",7.72399673993484,4.01045381832132,0.249
"8785",1,47,7,"AVS",4.89497856589868,3.93710785365058,0.5995
"8786",1,47,8,"AVS",10.3913872224684,4.20983993889739,0.801
"8787",1,47,9,"AVS",7.65215568902358,4.20178030188452,0.3135
"8788",1,47,10,"AVS",15.9949717148751,4.44240573317315,0.874
"8789",1,47,11,"AVS",8.09775907717526,4.04401503995089,0.8045
"8790",1,47,12,"AVS",2.99477643292657,3.51457147560293,0.552
"8791",1,47,13,"AVS",11.9208796141506,4.6155190749527,0.0895
"8792",1,47,14,"AVS",5.6901036,3.85668013223845,0.2895
"8793",1,47,15,"AVS",4.05122040000003,3.68143127671327,0.6475
"8794",1,47,16,"AVS",3.82401919999998,3.55587844453278,0.6695
"8795",1,47,17,"AVS",4.26491879999999,3.58429606249638,0.7185
"8796",1,47,18,"AVS",2.4848016,3.29524459963086,0.564
"8797",1,47,19,"AVS",11.5069032,4.41791466491053,0.037
"8798",1,47,20,"AVS",3.32656608,3.28547386191577,0.2535
"8799",1,47,21,"AVS",3.65715832,3.23970092544435,0.226
"8800",1,47,22,"AVS",1.6207548,2.88743193657687,0.471
"8801",1,47,23,"AVS",1.60791,2.76541305145601,0.5625
"8802",1,47,24,"AVS",1.3814078,2.64335632743665,0.43
"8803",1,47,25,"AVS",2.00500416,2.76895572428612,0.2375
"8804",1,47,26,"AVS",2.74729288,2.8597551049035,0.156
"8805",1,47,27,"AVS",2.48331904,2.94251076634839,0.828
"8806",1,47,28,"AVS",6.38077008,4.38204527936892,0.9815
"8807",1,47,29,"AVS",3.062957,3.07864604874131,0.8795
"8808",1,47,30,"AVS",0.8313104,2.28048984177458,0.5365
"8809",1,47,31,"AVS",0.97596044,2.21476986724172,0.3635
"8810",1,47,32,"AVS",3.10665204,3.04013549403676,0.054
"8811",1,47,33,"AVS",2.52970644,2.71828020869695,0.0805
"8812",1,47,34,"AVS",2.209113096,2.63772710705816,0.073
"8813",1,47,35,"AVS",2.429125264,2.82914402062599,0.055
"8814",1,47,36,"AVS",1.780673128,2.41473073385411,0.0725
"8815",1,47,37,"AVS",1.5884057,2.16938752915035,0.0835
"8816",1,47,38,"AVS",0.833216476,1.63216870384091,0.2135
"8817",1,47,1,"EQW",4.80559390047441,3.72507973356239,0.6885
"8818",1,47,2,"EQW",14.877797241723,5.14858286533742,0.95
"8819",1,47,3,"EQW",12.4644576041078,4.54947249602769,0.8845
"8820",1,47,4,"EQW",5.13681947418503,3.98020633778767,0.452
"8821",1,47,5,"EQW",19.1839259150163,5.06712138704007,0.9225
"8822",1,47,6,"EQW",5.61762583071637,4.13752152093452,0.495
"8823",1,47,7,"EQW",8.29216129132768,4.04768253344195,0.7425
"8824",1,47,8,"EQW",10.4824528693292,4.19183895475146,0.793
"8825",1,47,9,"EQW",8.74957393723335,4.46480902943313,0.2995
"8826",1,47,10,"EQW",8.75393460060361,4.12712542400069,0.7565
"8827",1,47,11,"EQW",6.31692773833277,4.1227379406518,0.616
"8828",1,47,12,"EQW",5.42323611959993,4.07289692667221,0.456
"8829",1,47,13,"EQW",10.3719586130035,4.57213522326209,0.222
"8830",1,47,14,"EQW",4.43274466246744,3.85620879125365,0.398
"8831",1,47,15,"EQW",5.92447130706701,3.94431206759972,0.703
"8832",1,47,16,"EQW",5.78048906162311,3.9615709607748,0.6865
"8833",1,47,17,"EQW",5.21103586257311,3.91088277669563,0.6765
"8834",1,47,18,"EQW",4.06464334296399,3.81650584499837,0.509
"8835",1,47,19,"EQW",10.6431112410997,4.28970776828051,0.1225
"8836",1,47,20,"EQW",3.12548768486069,3.51417286407847,0.5035
"8837",1,47,21,"EQW",3.55489862300757,3.43614596847801,0.349
"8838",1,47,22,"EQW",2.55555248787037,3.23718568962565,0.5235
"8839",1,47,23,"EQW",2.46768582255602,3.24901756946723,0.5275
"8840",1,47,24,"EQW",2.43396036625153,3.09047165336862,0.3905
"8841",1,47,25,"EQW",3.56345369363931,3.20568763488663,0.2175
"8842",1,47,26,"EQW",3.54565150738147,3.35891810634992,0.2185
"8843",1,47,27,"EQW",2.37588798664795,3.05503078511331,0.6685
"8844",1,47,28,"EQW",3.50677703475674,3.55478283543383,0.744
"8845",1,47,29,"EQW",2.42624733878554,3.21798616698662,0.5695
"8846",1,47,30,"EQW",1.87715219247379,2.79840191952998,0.4465
"8847",1,47,31,"EQW",1.71679045423647,2.72937081588263,0.4
"8848",1,47,32,"EQW",2.736213514786,3.20399105311114,0.235
"8849",1,47,33,"EQW",2.18357417057127,3.07898517413678,0.2945
"8850",1,47,34,"EQW",2.06522224220456,3.01181333750233,0.2975
"8851",1,47,35,"EQW",2.10333313110865,3.05945373921732,0.2895
"8852",1,47,36,"EQW",1.79508343509032,2.85420288240377,0.292
"8853",1,47,37,"EQW",1.6231523545228,2.744539588817,0.3025
"8854",1,47,38,"EQW",1.2614884429385,2.45778459091247,0.36
"8855",1,47,1,"SGP",4.80559390047441,3.77786339405673,0.689
"8856",1,47,2,"SGP",18.5769191403442,6.21164631356209,0.984
"8857",1,47,3,"SGP",10.4400378700006,4.40559495250063,0.935
"8858",1,47,4,"SGP",4.94695712643678,3.67373197298238,0.236
"8859",1,47,5,"SGP",18.1175193501338,6.14352135536645,0.993
"8860",1,47,6,"SGP",6.01528722564848,3.76549158154475,0.195
"8861",1,47,7,"SGP",3.26043845925576,3.36759256304367,0.5765
"8862",1,47,8,"SGP",3.06589021392976,3.45506044809191,0.5735
"8863",1,47,9,"SGP",25.224859519797,7.57144607243542,0.005
"8864",1,47,10,"SGP",3.02185188641144,3.51178179211551,0.499
"8865",1,47,11,"SGP",7.04282665230585,3.91670739656935,0.1745
"8866",1,47,12,"SGP",13.7940299875497,4.70537122326148,0.0665
"8867",1,47,13,"SGP",25.1256710223457,6.16770249019245,0.009
"8868",1,47,14,"SGP",5.37858312624984,3.75376676169859,0.236
"8869",1,47,15,"SGP",8.33736594132357,4.08530575812104,0.859
"8870",1,47,16,"SGP",8.16389057015455,3.98092172561237,0.8645
"8871",1,47,17,"SGP",4.05616247301148,3.65393537086298,0.6465
"8872",1,47,18,"SGP",4.34895969953439,3.66397321194588,0.3115
"8873",1,47,19,"SGP",18.0957153475819,5.21081867592687,0.0325
"8874",1,47,20,"SGP",6.2083111567695,3.8660394774651,0.7885
"8875",1,47,21,"SGP",3.47633401220362,3.62569123940441,0.4735
"8876",1,47,22,"SGP",4.314729499617,3.69213130434611,0.712
"8877",1,47,23,"SGP",3.49954305711001,3.49878855616608,0.572
"8878",1,47,24,"SGP",3.14851345625008,3.48537961902714,0.5125
"8879",1,47,25,"SGP",4.88997903839263,3.59056315122948,0.225
"8880",1,47,26,"SGP",3.33104731618826,3.45822298552753,0.2945
"8881",1,47,27,"SGP",3.60279394071918,3.42586381547665,0.692
"8882",1,47,28,"SGP",2.5466423158609,3.30370434987163,0.562
"8883",1,47,29,"SGP",5.32964301435876,3.64662580288916,0.18
"8884",1,47,30,"SGP",0.84232947994519,2.26311242371613,0.529
"8885",1,47,31,"SGP",0.981963207209355,2.2148135313424,0.3605
"8886",1,47,32,"SGP",3.08967826814051,3.09626627558005,0.0615
"8887",1,47,33,"SGP",2.51279960531999,2.66770871878324,0.085
"8888",1,47,34,"SGP",2.19783106421787,2.53990055135432,0.075
"8889",1,47,35,"SGP",2.41688575865136,2.83673234459726,0.067
"8890",1,47,36,"SGP",1.77529147345685,2.39053507906306,0.087
"8891",1,47,37,"SGP",1.58371391793827,2.21211319378758,0.0895
"8892",1,47,38,"SGP",0.834756801223137,1.72848056470964,0.186
"8893",1,47,1,"SGP50",4.80559390047441,3.76704477812663,0.671
"8894",1,47,2,"SGP50",15.0463555618334,5.0010591809386,0.9395
"8895",1,47,3,"SGP50",12.5819331572149,4.51623263113201,0.8905
"8896",1,47,4,"SGP50",5.02917314026717,3.93064164532861,0.4475
"8897",1,47,5,"SGP50",19.214060091299,5.22416206009699,0.937
"8898",1,47,6,"SGP50",5.29619015823931,3.98166095129605,0.4365
"8899",1,47,7,"SGP50",6.85372369090839,3.87231279686857,0.704
"8900",1,47,8,"SGP50",7.78915738001009,3.97772429341363,0.7365
"8901",1,47,9,"SGP50",12.453175594741,4.78310082784345,0.1985
"8902",1,47,10,"SGP50",6.01331011662522,3.93123614786498,0.6635
"8903",1,47,11,"SGP50",4.94608553507121,4.03765701572098,0.4385
"8904",1,47,12,"SGP50",7.26936975649477,4.24561794090705,0.293
"8905",1,47,13,"SGP50",15.7834827720147,4.78879710983541,0.1235
"8906",1,47,14,"SGP50",4.92708908743672,3.79337255464783,0.34
"8907",1,47,15,"SGP50",5.95372460524315,3.96425302312928,0.72
"8908",1,47,16,"SGP50",5.69953787776108,4.03066735367286,0.7125
"8909",1,47,17,"SGP50",4.28757477282722,3.75288309483712,0.6435
"8910",1,47,18,"SGP50",3.9764874144621,3.73875389508268,0.3915
"8911",1,47,19,"SGP50",14.4271508261981,4.66651304463261,0.0665
"8912",1,47,20,"SGP50",3.73487371016089,3.67725477089399,0.586
"8913",1,47,21,"SGP50",3.63843723663357,3.51533188006923,0.3705
"8914",1,47,22,"SGP50",2.90834165419791,3.4452992482473,0.5555
"8915",1,47,23,"SGP50",2.68576468493224,3.33053325161382,0.519
"8916",1,47,24,"SGP50",2.49855334086994,3.23879574885061,0.4495
"8917",1,47,25,"SGP50",3.69234252503732,3.23233747633127,0.2435
"8918",1,47,26,"SGP50",3.31686018782458,3.23854253850369,0.25
"8919",1,47,27,"SGP50",2.59498076720279,3.13933524752937,0.717
"8920",1,47,28,"SGP50",3.57361425051263,3.43044144053186,0.744
"8921",1,47,29,"SGP50",2.4478894436058,3.23193043996696,0.5565
"8922",1,47,30,"SGP50",1.67654353170267,2.66968070637502,0.4755
"8923",1,47,31,"SGP50",1.50093982432749,2.63835170175794,0.445
"8924",1,47,32,"SGP50",2.65544869826058,3.17495821770313,0.2205
"8925",1,47,33,"SGP50",2.11341292259081,2.95793630851215,0.2565
"8926",1,47,34,"SGP50",1.96760909119689,2.83256570511707,0.2455
"8927",1,47,35,"SGP50",2.08371541044438,3.01822464530814,0.2085
"8928",1,47,36,"SGP50",1.70586065570992,2.70006561381635,0.23
"8929",1,47,37,"SGP50",1.53438202675823,2.49695392141616,0.2345
"8930",1,47,38,"SGP50",1.04503190488253,2.10701441890431,0.2885
"8931",1,48,1,"BMA",5.23194213027932,4.04077237401869,0.8645
"8932",1,48,2,"BMA",2.04639160525087,3.11881333689791,0.54
"8933",1,48,3,"BMA",2.48156192811679,3.04648848830396,0.321
"8934",1,48,4,"BMA",4.03011337983219,3.20630750130175,0.129
"8935",1,48,5,"BMA",1.39688392256192,2.58250049220403,0.44
"8936",1,48,6,"BMA",1.04008648946895,2.50858157658654,0.4975
"8937",1,48,7,"BMA",1.52531972822226,2.50653611724048,0.715
"8938",1,48,8,"BMA",1.63327568173539,2.61174350002105,0.2555
"8939",1,48,9,"BMA",1.72823650307297,2.55739730642802,0.2175
"8940",1,48,10,"BMA",0.863148645690983,2.21254162789142,0.5335
"8941",1,48,11,"BMA",17.1409801873397,55.8586816122047,1
"8942",1,48,12,"BMA",24.2342724573791,7.34499243257437,0.9965
"8943",1,48,13,"BMA",17.4316543020045,5.1877233205062,0.925
"8944",1,48,14,"BMA",16.8552030480402,5.07371038339035,0.935
"8945",1,48,15,"BMA",14.1882872252675,4.77527915994408,0.8955
"8946",1,48,16,"BMA",6.07112582100953,3.93427888616687,0.734
"8947",1,48,17,"BMA",7.74189820835747,4.04943818236803,0.8
"8948",1,48,18,"BMA",3.40135552548163,3.58399950169492,0.6
"8949",1,48,19,"BMA",6.78373714300759,3.97622176489215,0.8175
"8950",1,48,20,"BMA",2.8642246290928,3.38417803662831,0.585
"8951",1,48,21,"BMA",5.0606831388407,3.59634987780476,0.77
"8952",1,48,22,"BMA",3.06033457167973,3.35048236887765,0.615
"8953",1,48,23,"BMA",2.72492334103345,3.26203095255966,0.3585
"8954",1,48,24,"BMA",4.01790469117926,3.50386153107436,0.296
"8955",1,48,25,"BMA",7.68935521889001,4.03816703516992,0.1125
"8956",1,48,26,"BMA",2.51812596370272,3.36510823530384,0.469
"8957",1,48,27,"BMA",9.75166097331677,4.2622329178292,0.0585
"8958",1,48,28,"BMA",3.11514148308857,3.26252355276882,0.317
"8959",1,48,29,"BMA",5.89573299460751,3.70458138073667,0.1055
"8960",1,48,30,"BMA",5.52167202598433,3.60333745624504,0.1195
"8961",1,48,31,"BMA",4.84422955351161,3.46773508990934,0.115
"8962",1,48,32,"BMA",4.75360368453142,3.38180223948516,0.111
"8963",1,48,33,"BMA",2.95675185801296,3.02127894620228,0.218
"8964",1,48,34,"BMA",2.61346125112764,2.96017439807905,0.23
"8965",1,48,35,"BMA",1.50080559612345,2.69632418135912,0.408
"8966",1,48,36,"BMA",1.68573540843813,2.74034755780892,0.336
"8967",1,48,37,"BMA",3.10889622598017,3.03770296361592,0.1585
"8968",1,48,38,"BMA",3.56367914084943,3.15548085192517,0.111
"8969",1,48,1,"AVS",5.23194213027932,3.89035117127407,0.8515
"8970",1,48,2,"AVS",2.23237705930189,3.1228659075585,0.381
"8971",1,48,3,"AVS",3.50462396642217,3.27041815758189,0.215
"8972",1,48,4,"AVS",4.38835259725913,3.32322185953786,0.114
"8973",1,48,5,"AVS",1.0694203027077,2.46311225045094,0.49
"8974",1,48,6,"AVS",0.907768242818298,2.36321226521611,0.513
"8975",1,48,7,"AVS",1.31417654765127,2.46607183361142,0.697
"8976",1,48,8,"AVS",1.72953083437949,2.59770177794161,0.206
"8977",1,48,9,"AVS",1.79696822956436,2.53400257938636,0.207
"8978",1,48,10,"AVS",0.844075208544831,2.28982571966274,0.514
"8979",1,48,11,"AVS",17.1155156506767,65.1702051660353,1
"8980",1,48,12,"AVS",8.61609511632838,4.56063574559272,0.9805
"8981",1,48,13,"AVS",4.26477839140779,3.36701663504723,0.871
"8982",1,48,14,"AVS",11.1853603424861,5.28015756743921,0.9895
"8983",1,48,15,"AVS",3.73771606585658,3.43484670141673,0.741
"8984",1,48,16,"AVS",5.84762936498026,3.82476177915983,0.075
"8985",1,48,17,"AVS",2.84479902897874,3.0949593419572,0.763
"8986",1,48,18,"AVS",6.16961199153454,3.85754470714965,0.0855
"8987",1,48,19,"AVS",4.80821992451094,3.47850558862424,0.8555
"8988",1,48,20,"AVS",5.40706498854253,3.67496868202395,0.1115
"8989",1,48,21,"AVS",2.92400321990846,3.07239765203212,0.759
"8990",1,48,22,"AVS",2.81588135195365,3.11983048812326,0.2665
"8991",1,48,23,"AVS",3.48845423034415,3.2148041937556,0.2175
"8992",1,48,24,"AVS",3.02875389959756,3.12464572939287,0.218
"8993",1,48,25,"AVS",5.8510228715187,3.62022480329387,0.0905
"8994",1,48,26,"AVS",2.9350826419459,3.09820088648778,0.764
"8995",1,48,27,"AVS",12.0906880652592,5.51604069879027,0.0115
"8996",1,48,28,"AVS",1.66376515654428,2.88264582383471,0.56
"8997",1,48,29,"AVS",5.7917814698904,3.72049559996767,0.1075
"8998",1,48,30,"AVS",3.02264715583387,3.16811333046786,0.2405
"8999",1,48,31,"AVS",2.49748052152368,3.08832986834944,0.296
"9000",1,48,32,"AVS",2.63594991286451,3.05514968149503,0.2995
"9001",1,48,33,"AVS",1.65156860839972,2.89199930124229,0.4595
"9002",1,48,34,"AVS",1.79249021928849,2.8701651400679,0.393
"9003",1,48,35,"AVS",1.68434935765461,2.8506157354146,0.5445
"9004",1,48,36,"AVS",2.16800550159535,3.06541079529275,0.322
"9005",1,48,37,"AVS",2.65397329383081,3.01717693328551,0.2745
"9006",1,48,38,"AVS",1.73049627197542,2.94961873970507,0.4005
"9007",1,48,1,"EQW",5.23194213027932,3.95263852679569,0.868
"9008",1,48,2,"EQW",2.05574857631178,2.93410473346725,0.665
"9009",1,48,3,"EQW",1.65084457360025,2.81258033013867,0.4235
"9010",1,48,4,"EQW",3.74256236636619,3.20399382877464,0.133
"9011",1,48,5,"EQW",1.61781376919802,2.68437062779236,0.3915
"9012",1,48,6,"EQW",1.26615469238295,2.65815020923065,0.4615
"9013",1,48,7,"EQW",1.70021598697943,2.64157881790393,0.698
"9014",1,48,8,"EQW",1.51476835722193,2.67003589195239,0.3885
"9015",1,48,9,"EQW",1.49282108627993,2.69943459975619,0.3525
"9016",1,48,10,"EQW",1.18824154304494,2.49149448844164,0.5715
"9017",1,48,11,"EQW",17.9775731482758,8.77548708285025,1
"9018",1,48,12,"EQW",14.3281231683733,4.95171300904078,0.991
"9019",1,48,13,"EQW",9.71712762819049,3.97358868600866,0.9105
"9020",1,48,14,"EQW",14.4299984109649,4.94775866094154,0.968
"9021",1,48,15,"EQW",8.45452274350063,3.89769883201886,0.7985
"9022",1,48,16,"EQW",4.26335204869616,3.7164675874238,0.5045
"9023",1,48,17,"EQW",5.53235898388173,3.53005554431277,0.805
"9024",1,48,18,"EQW",3.77363006177387,3.79890806362218,0.3845
"9025",1,48,19,"EQW",5.07120893650564,3.57252547181017,0.7935
"9026",1,48,20,"EQW",3.71484793888083,3.66528512441306,0.3215
"9027",1,48,21,"EQW",3.23443512224687,3.3153700729941,0.6715
"9028",1,48,22,"EQW",2.98108029831566,3.40030592154228,0.367
"9029",1,48,23,"EQW",3.78454463736767,3.42888514003836,0.264
"9030",1,48,24,"EQW",4.15300605422422,3.46745028854847,0.22
"9031",1,48,25,"EQW",6.98824114903036,3.8448740367378,0.131
"9032",1,48,26,"EQW",2.62443845722301,3.31201040416536,0.6085
"9033",1,48,27,"EQW",10.5926723435642,4.51908199021193,0.0695
"9034",1,48,28,"EQW",2.35123875176192,3.13055544194371,0.4295
"9035",1,48,29,"EQW",5.83489841882321,3.68984073298951,0.1475
"9036",1,48,30,"EQW",4.22337650868583,3.39211080209482,0.207
"9037",1,48,31,"EQW",2.9403183912131,3.27849279962759,0.36
"9038",1,48,32,"EQW",2.95626298254754,3.23291527067328,0.2865
"9039",1,48,33,"EQW",2.07299269220494,3.01949203196056,0.418
"9040",1,48,34,"EQW",2.02284403280721,3.07380874181898,0.3995
"9041",1,48,35,"EQW",1.71941809682673,2.86405325130171,0.5375
"9042",1,48,36,"EQW",1.85949562190267,2.94742931032982,0.4
"9043",1,48,37,"EQW",2.41665448221088,3.00209137664537,0.302
"9044",1,48,38,"EQW",1.86590551493716,2.955828350115,0.401
"9045",1,48,1,"SGP",5.23194213027932,3.97337612218488,0.86
"9046",1,48,2,"SGP",2.112700355105,2.82583652426272,0.7265
"9047",1,48,3,"SGP",1.16608742637,2.55707603807363,0.469
"9048",1,48,4,"SGP",2.53937829858659,2.81982309603553,0.1575
"9049",1,48,5,"SGP",1.04102503604829,2.44091890450544,0.5075
"9050",1,48,6,"SGP",0.936456439429072,2.30767480356512,0.5205
"9051",1,48,7,"SGP",1.33523401016903,2.4317562274436,0.7
"9052",1,48,8,"SGP",1.71750675966167,2.56363433023198,0.22
"9053",1,48,9,"SGP",1.78081325545214,2.59438590060368,0.2115
"9054",1,48,10,"SGP",0.843992629747524,2.26192349071688,0.5095
"9055",1,48,11,"SGP",17.1244391594063,63.2334425487191,1
"9056",1,48,12,"SGP",8.81945274441864,4.74628886348811,0.982
"9057",1,48,13,"SGP",4.36859674716592,3.28958991889903,0.845
"9058",1,48,14,"SGP",10.8122329244129,5.0585954329991,0.983
"9059",1,48,15,"SGP",3.02164854712065,3.26011756277731,0.675
"9060",1,48,16,"SGP",5.44703739656938,3.66576362811489,0.1075
"9061",1,48,17,"SGP",2.77489186148079,3.00337673383694,0.7485
"9062",1,48,18,"SGP",7.0891554404697,4.06508285255005,0.0565
"9063",1,48,19,"SGP",3.09461576404759,3.08834975041374,0.7715
"9064",1,48,20,"SGP",6.64264123333751,3.99803865364309,0.0535
"9065",1,48,21,"SGP",1.81553693950907,2.9311389982257,0.611
"9066",1,48,22,"SGP",4.1489538466323,3.38895732442479,0.14
"9067",1,48,23,"SGP",5.27880805841443,3.51504255412005,0.0965
"9068",1,48,24,"SGP",4.31982066793293,3.42500478435775,0.1425
"9069",1,48,25,"SGP",7.24034103671208,4.1574798556981,0.051
"9070",1,48,26,"SGP",2.8355183421387,3.09050583711958,0.7775
"9071",1,48,27,"SGP",11.8922778623557,5.31550315845996,0.0135
"9072",1,48,28,"SGP",1.79357112561416,2.87398034847321,0.555
"9073",1,48,29,"SGP",5.70556967282117,3.70357548179884,0.1075
"9074",1,48,30,"SGP",3.1055613616262,3.21332776059135,0.2395
"9075",1,48,31,"SGP",2.00525467730989,3.00873482119066,0.6105
"9076",1,48,32,"SGP",1.55857418016192,2.88100720337888,0.511
"9077",1,48,33,"SGP",2.10007166496483,2.95564032738244,0.6375
"9078",1,48,34,"SGP",1.59978818313305,2.86490095961029,0.5555
"9079",1,48,35,"SGP",1.81336188855607,2.87448667763051,0.6095
"9080",1,48,36,"SGP",1.74249523447837,2.83014013402043,0.3755
"9081",1,48,37,"SGP",2.34795803584517,2.92872185176501,0.2755
"9082",1,48,38,"SGP",1.65175225710993,2.80839483566245,0.5925
"9083",1,48,1,"SGP50",5.23194213027932,3.89990359127494,0.8645
"9084",1,48,2,"SGP50",2.06065417813559,2.94770905740571,0.6785
"9085",1,48,3,"SGP50",1.61960625759191,2.78663514401572,0.4205
"9086",1,48,4,"SGP50",3.64234471613106,3.20070730297598,0.1405
"9087",1,48,5,"SGP50",1.54330376946647,2.70434127318074,0.4035
"9088",1,48,6,"SGP50",1.22303018199283,2.56334840380606,0.464
"9089",1,48,7,"SGP50",1.63869694254554,2.58418732035522,0.682
"9090",1,48,8,"SGP50",1.52639061682171,2.69953651377718,0.316
"9091",1,48,9,"SGP50",1.52467106640978,2.66586941397941,0.3315
"9092",1,48,10,"SGP50",1.11184168725867,2.48429672890091,0.5795
"9093",1,48,11,"SGP50",17.7664263756097,14.6240734161536,1
"9094",1,48,12,"SGP50",12.9554415826388,5.19286364820912,0.988
"9095",1,48,13,"SGP50",7.91501512320538,3.79497654349465,0.8955
"9096",1,48,14,"SGP50",12.5820867516181,4.96215977835711,0.9815
"9097",1,48,15,"SGP50",5.54550129376771,3.60108615581243,0.739
"9098",1,48,16,"SGP50",3.33362725604746,3.5266455150761,0.3745
"9099",1,48,17,"SGP50",3.90866228400766,3.24386161184293,0.767
"9100",1,48,18,"SGP50",4.42351271789615,3.6734650020751,0.244
"9101",1,48,19,"SGP50",4.3674142538912,3.43658150875529,0.8085
"9102",1,48,20,"SGP50",4.41495958786476,3.69498564998387,0.219
"9103",1,48,21,"SGP50",2.69150582463928,3.106614147675,0.6965
"9104",1,48,22,"SGP50",2.99181960550072,3.29578310476946,0.2975
"9105",1,48,23,"SGP50",3.98905186788705,3.36999414165832,0.19
"9106",1,48,24,"SGP50",3.80362970338616,3.31006097325491,0.2125
"9107",1,48,25,"SGP50",6.73188163082385,3.75036265505152,0.09
"9108",1,48,26,"SGP50",2.65054467880744,3.12738667555102,0.7125
"9109",1,48,27,"SGP50",11.4398873583152,5.0531797589412,0.0315
"9110",1,48,28,"SGP50",1.8437866824324,3.0024535100518,0.5205
"9111",1,48,29,"SGP50",5.77199422551092,3.6520489220144,0.111
"9112",1,48,30,"SGP50",3.49300193947709,3.256589143285,0.233
"9113",1,48,31,"SGP50",2.17294681428768,3.19201201637084,0.4255
"9114",1,48,32,"SGP50",2.22217136000919,3.00169864223102,0.3515
"9115",1,48,33,"SGP50",1.80281612871515,2.99815800614325,0.509
"9116",1,48,34,"SGP50",1.73771851006525,2.97182993131914,0.442
"9117",1,48,35,"SGP50",1.68662735000042,2.8662153577045,0.5565
"9118",1,48,36,"SGP50",1.90121391191175,2.95289488823268,0.357
"9119",1,48,37,"SGP50",2.46868254620403,3.05232227169523,0.264
"9120",1,48,38,"SGP50",1.7110446243153,2.8781017037459,0.452
"9121",1,49,1,"BMA",5.98066094727757,4.04441787672921,0.866
"9122",1,49,2,"BMA",4.7841880420745,3.58096472007509,0.778
"9123",1,49,3,"BMA",4.28905620559926,3.36531729497676,0.238
"9124",1,49,4,"BMA",9.57582646443047,4.34220797111194,0.0415
"9125",1,49,5,"BMA",3.90834176494083,3.55086591734915,0.7605
"9126",1,49,6,"BMA",4.25162226077976,3.53163487030647,0.7575
"9127",1,49,7,"BMA",3.6043792103168,3.36281689794408,0.726
"9128",1,49,8,"BMA",11.3720757937479,4.74876227882236,0.97
"9129",1,49,9,"BMA",3.26576346909434,3.4035848251191,0.3105
"9130",1,49,10,"BMA",2.55722481719998,3.17757394947017,0.3595
"9131",1,49,11,"BMA",3.99682274154157,3.40761734050343,0.8045
"9132",1,49,12,"BMA",2.19606995755245,3.03477082162949,0.6165
"9133",1,49,13,"BMA",1.9601762575834,3.02902046841219,0.628
"9134",1,49,14,"BMA",5.88878918899904,3.8042668573493,0.088
"9135",1,49,15,"BMA",1.7697909991433,2.93533793709593,0.4145
"9136",1,49,16,"BMA",2.16249672784077,3.02683341416443,0.331
"9137",1,49,17,"BMA",2.78552353569152,3.11882621189038,0.237
"9138",1,49,18,"BMA",2.43515150233445,3.01171436138761,0.2835
"9139",1,49,19,"BMA",1.85666244268284,2.88842711675758,0.6465
"9140",1,49,20,"BMA",1.57296190392196,2.81662480238785,0.4305
"9141",1,49,21,"BMA",1.47673363134931,2.87835384137426,0.4585
"9142",1,49,22,"BMA",1.74579031207332,2.87450420369767,0.655
"9143",1,49,23,"BMA",1.49155647061822,2.75039410619702,0.517
"9144",1,49,24,"BMA",2.12695146204091,2.87509923976537,0.296
"9145",1,49,25,"BMA",1.64573586970121,2.73591641376546,0.341
"9146",1,49,26,"BMA",4.05190924750561,3.37912031764725,0.883
"9147",1,49,27,"BMA",2.00753646713999,2.87085295335604,0.3025
"9148",1,49,28,"BMA",1.17594314533234,2.53383894271206,0.4975
"9149",1,49,29,"BMA",1.17059457967682,2.42689344603111,0.4475
"9150",1,49,30,"BMA",2.66384493992921,2.91159281035943,0.1505
"9151",1,49,31,"BMA",5.24905298324235,4.01349506003134,0.0465
"9152",1,49,32,"BMA",1.78751673652596,2.77206103366707,0.348
"9153",1,49,33,"BMA",1.40468574542732,2.72993180768015,0.561
"9154",1,49,34,"BMA",1.88054844289842,2.68755798892305,0.2875
"9155",1,49,35,"BMA",1.52545912656981,2.65502911716431,0.3215
"9156",1,49,36,"BMA",1.22203832500396,2.62071663516658,0.422
"9157",1,49,37,"BMA",1.37095843103835,2.03861126911579,0.3395
"9158",1,49,38,"BMA",0.948744147404048,2.52576472596954,0.601
"9159",1,49,1,"AVS",5.98066094727757,4.07247294012918,0.857
"9160",1,49,2,"AVS",3.20958296835562,3.4100908240973,0.685
"9161",1,49,3,"AVS",4.4351363618746,3.49709759533506,0.2165
"9162",1,49,4,"AVS",10.3609303366864,4.42073334195995,0.051
"9163",1,49,5,"AVS",3.61271953405971,3.47900492152921,0.7405
"9164",1,49,6,"AVS",5.14318656124196,3.68013445273408,0.7835
"9165",1,49,7,"AVS",4.85250696250831,3.65215178066321,0.8005
"9166",1,49,8,"AVS",9.68992366152788,4.88201106105785,0.9755
"9167",1,49,9,"AVS",4.72341780346395,3.56263313725375,0.1275
"9168",1,49,10,"AVS",2.63629636553655,3.13194924239248,0.2865
"9169",1,49,11,"AVS",3.61364056209477,3.25098584240174,0.7955
"9170",1,49,12,"AVS",1.76755384326733,2.90496169529623,0.548
"9171",1,49,13,"AVS",1.70203958811756,2.88726949648414,0.574
"9172",1,49,14,"AVS",6.51863870786487,4.00101762645117,0.056
"9173",1,49,15,"AVS",1.66426595377198,2.88578500634235,0.4305
"9174",1,49,16,"AVS",2.09058970740248,3.02776462978305,0.341
"9175",1,49,17,"AVS",2.8768887354838,3.11499273345845,0.2165
"9176",1,49,18,"AVS",2.55441467653798,2.97481335816967,0.268
"9177",1,49,19,"AVS",1.73737786660021,2.86304449561019,0.6305
"9178",1,49,20,"AVS",1.7347345828098,2.87829349073779,0.3805
"9179",1,49,21,"AVS",1.60971169773715,2.82631290146884,0.379
"9180",1,49,22,"AVS",1.5192130275306,2.73899971721086,0.5755
"9181",1,49,23,"AVS",1.50750294528861,2.7279542756112,0.4315
"9182",1,49,24,"AVS",2.52500287479782,2.9317723803499,0.2525
"9183",1,49,25,"AVS",1.89711775672922,2.72831896804355,0.3315
"9184",1,49,26,"AVS",3.77541843678583,3.26825996201237,0.866
"9185",1,49,27,"AVS",2.7186701984607,3.01624292578973,0.2175
"9186",1,49,28,"AVS",1.34530092903721,2.6798420629791,0.421
"9187",1,49,29,"AVS",1.60116022016074,2.72036954572276,0.3395
"9188",1,49,30,"AVS",2.97860826965093,2.95123739974854,0.1975
"9189",1,49,31,"AVS",3.80443496782908,3.24573496779995,0.136
"9190",1,49,32,"AVS",1.5713697931873,2.73097726299015,0.368
"9191",1,49,33,"AVS",1.40496130299662,2.62983298947865,0.55
"9192",1,49,34,"AVS",1.90174038692054,2.69104570942032,0.299
"9193",1,49,35,"AVS",1.53818809713464,2.66711033208937,0.3275
"9194",1,49,36,"AVS",1.23386628425473,2.68274053083704,0.427
"9195",1,49,37,"AVS",1.41416548614479,2.05342671284734,0.331
"9196",1,49,38,"AVS",0.946392200878827,2.54441866234464,0.6085
"9197",1,49,1,"EQW",5.98066094727757,4.06392010918593,0.8495
"9198",1,49,2,"EQW",6.58628408545774,4.02919008851589,0.8965
"9199",1,49,3,"EQW",4.54711103745608,3.49318999712037,0.1715
"9200",1,49,4,"EQW",8.18658833055194,4.18461829707038,0.0565
"9201",1,49,5,"EQW",4.42360366554671,3.54165830027816,0.7865
"9202",1,49,6,"EQW",2.76806483115771,3.22555390206769,0.6915
"9203",1,49,7,"EQW",2.29737135429406,3.18000761537713,0.61
"9204",1,49,8,"EQW",10.3774210942305,4.6014128937494,0.953
"9205",1,49,9,"EQW",3.41146484138083,3.56437955594789,0.3595
"9206",1,49,10,"EQW",2.43921513001579,3.18190560955684,0.392
"9207",1,49,11,"EQW",4.47797022337238,3.38325609331255,0.8015
"9208",1,49,12,"EQW",3.00555738697762,3.24248907722574,0.6865
"9209",1,49,13,"EQW",3.08872832390344,3.23490383858679,0.7075
"9210",1,49,14,"EQW",3.74563027857267,3.63174620800621,0.23
"9211",1,49,15,"EQW",1.9185803129273,2.96937361062258,0.489
"9212",1,49,16,"EQW",2.0231023133473,3.04655974596359,0.4255
"9213",1,49,17,"EQW",2.24616267866148,3.07265856422482,0.3435
"9214",1,49,18,"EQW",1.99117948548512,2.97159531750661,0.366
"9215",1,49,19,"EQW",2.30889723573406,2.98626668740988,0.702
"9216",1,49,20,"EQW",1.81154966736032,2.90505159779799,0.5885
"9217",1,49,21,"EQW",1.69561364751723,2.92340857575471,0.5595
"9218",1,49,22,"EQW",2.55494589663271,3.03462401963073,0.738
"9219",1,49,23,"EQW",2.25644184025557,3.11239447700798,0.6675
"9220",1,49,24,"EQW",1.75162579633072,2.94402871323142,0.489
"9221",1,49,25,"EQW",1.50358637450045,2.8135975312476,0.4675
"9222",1,49,26,"EQW",5.03823236236109,3.60670220830755,0.91
"9223",1,49,27,"EQW",1.90631721613489,3.063807346893,0.508
"9224",1,49,28,"EQW",1.7470532600803,2.81911264355987,0.62
"9225",1,49,29,"EQW",1.55681875247397,2.82916199670112,0.548
"9226",1,49,30,"EQW",2.04109801112401,3.02522935919198,0.331
"9227",1,49,31,"EQW",2.98335089062684,3.00657933601271,0.186
"9228",1,49,32,"EQW",1.90007382422331,2.77291123745093,0.3245
"9229",1,49,33,"EQW",1.22403959744899,2.58590524405887,0.514
"9230",1,49,34,"EQW",1.77623313024277,2.56694785650374,0.262
"9231",1,49,35,"EQW",1.74559959349661,2.7140134182915,0.2465
"9232",1,49,36,"EQW",1.48733847048844,2.58733910872024,0.2865
"9233",1,49,37,"EQW",1.95418122231066,2.35748783532675,0.234
"9234",1,49,38,"EQW",0.928507060879727,2.24541761846197,0.411
"9235",1,49,1,"SGP",5.98066094727757,4.11606786440201,0.859
"9236",1,49,2,"SGP",7.66796014645547,4.43182403007633,0.948
"9237",1,49,3,"SGP",3.03957234309394,3.10945572174984,0.2395
"9238",1,49,4,"SGP",6.20614037596947,3.8458655550533,0.075
"9239",1,49,5,"SGP",6.47093540190365,4.04838383138863,0.9395
"9240",1,49,6,"SGP",2.21344566622409,3.0894630278712,0.661
"9241",1,49,7,"SGP",1.72494967858547,2.90057298455234,0.549
"9242",1,49,8,"SGP",9.25520323768717,4.7832100836345,0.977
"9243",1,49,9,"SGP",4.89045341632407,3.6326985103003,0.1405
"9244",1,49,10,"SGP",2.62101526956241,3.1166482399636,0.3005
"9245",1,49,11,"SGP",3.64499452694392,3.25445991012043,0.8035
"9246",1,49,12,"SGP",1.7799289120165,2.86028222834942,0.554
"9247",1,49,13,"SGP",1.71923149753523,2.93991174851009,0.5785
"9248",1,49,14,"SGP",6.40975839553736,3.8758858492626,0.0755
"9249",1,49,15,"SGP",1.66341715275397,2.90964968794324,0.455
"9250",1,49,16,"SGP",2.10198500009413,3.05382627774065,0.3515
"9251",1,49,17,"SGP",2.84606486698364,3.05107811098607,0.2395
"9252",1,49,18,"SGP",2.53234475613367,3.01973627987587,0.275
"9253",1,49,19,"SGP",1.76200658533833,2.85133682606866,0.6325
"9254",1,49,20,"SGP",1.72969385267048,2.85753432282444,0.357
"9255",1,49,21,"SGP",1.61757468556316,2.82910939532838,0.38
"9256",1,49,22,"SGP",1.51932347309525,2.74903697139667,0.581
"9257",1,49,23,"SGP",1.49646858238029,2.71795527819666,0.424
"9258",1,49,24,"SGP",2.49385374611879,2.98265642969758,0.2485
"9259",1,49,25,"SGP",1.90992405834433,2.878084436167,0.3055
"9260",1,49,26,"SGP",3.70467799630124,3.27930823788771,0.8535
"9261",1,49,27,"SGP",2.7111574338601,2.99417146089048,0.218
"9262",1,49,28,"SGP",1.38085510411712,2.70622158506566,0.43
"9263",1,49,29,"SGP",1.61119872249505,2.75950086681173,0.3505
"9264",1,49,30,"SGP",3.04170410176444,3.0224019700229,0.1945
"9265",1,49,31,"SGP",3.55730533473245,3.10509199790337,0.1655
"9266",1,49,32,"SGP",1.52559141372028,2.75078020298039,0.3965
"9267",1,49,33,"SGP",1.4303463700123,2.72842669982954,0.597
"9268",1,49,34,"SGP",1.77371335163102,2.68032009310495,0.3035
"9269",1,49,35,"SGP",1.46932018697612,2.68376426958336,0.349
"9270",1,49,36,"SGP",1.17816904437363,2.62898420756928,0.471
"9271",1,49,37,"SGP",1.15394752401198,1.97827650796797,0.3985
"9272",1,49,38,"SGP",0.957423297129888,2.67739870185475,0.6515
"9273",1,49,1,"SGP50",5.98066094727757,3.99737524039766,0.8565
"9274",1,49,2,"SGP50",6.63046722114102,4.01880490114945,0.8855
"9275",1,49,3,"SGP50",4.51300963256779,3.47212828367971,0.1695
"9276",1,49,4,"SGP50",8.03491513160845,4.12949395515961,0.065
"9277",1,49,5,"SGP50",4.58762229328608,3.5916754321429,0.8125
"9278",1,49,6,"SGP50",2.71763603791343,3.2162247689085,0.6535
"9279",1,49,7,"SGP50",2.21464600916,3.07098951037331,0.5925
"9280",1,49,8,"SGP50",10.2133143961772,4.73601806506267,0.967
"9281",1,49,9,"SGP50",3.66650636002565,3.60739883053917,0.3085
"9282",1,49,10,"SGP50",2.44978910902497,3.20814581491855,0.3855
"9283",1,49,11,"SGP50",4.26048231084123,3.38505314124506,0.802
"9284",1,49,12,"SGP50",2.63470268948927,3.15307068290149,0.6545
"9285",1,49,13,"SGP50",2.63645137076014,3.16466582614804,0.6585
"9286",1,49,14,"SGP50",4.32302318075761,3.62394926358804,0.2235
"9287",1,49,15,"SGP50",1.83641337951701,2.94213926410511,0.475
"9288",1,49,16,"SGP50",2.0447560570961,3.02962220973956,0.397
"9289",1,49,17,"SGP50",2.40517102266851,3.10816709742876,0.299
"9290",1,49,18,"SGP50",2.12871551776382,2.95284406325304,0.3565
"9291",1,49,19,"SGP50",2.13108459063795,2.91771289263579,0.6835
"9292",1,49,20,"SGP50",1.68705892434096,2.86452196391621,0.533
"9293",1,49,21,"SGP50",1.5828482599877,2.85591201541331,0.527
"9294",1,49,22,"SGP50",2.1724024171892,2.91335035438755,0.705
"9295",1,49,23,"SGP50",1.87486041145231,2.91497987415363,0.6085
"9296",1,49,24,"SGP50",1.78974735851937,2.91950126767555,0.424
"9297",1,49,25,"SGP50",1.53720564334369,2.75473669458732,0.422
"9298",1,49,26,"SGP50",4.48377535212728,3.52877672436349,0.9005
"9299",1,49,27,"SGP50",1.87156417044511,2.96523994831785,0.4285
"9300",1,49,28,"SGP50",1.48531384655388,2.76617935963575,0.549
"9301",1,49,29,"SGP50",1.41728388245179,2.72891945170846,0.4785
"9302",1,49,30,"SGP50",2.37027775577414,2.94013066367541,0.2485
"9303",1,49,31,"SGP50",3.32487934478148,3.13128890663982,0.167
"9304",1,49,32,"SGP50",1.93722311595539,2.91788749879807,0.324
"9305",1,49,33,"SGP50",1.28205367934332,2.691610405608,0.503
"9306",1,49,34,"SGP50",1.85120295995654,2.61866107246241,0.259
"9307",1,49,35,"SGP50",1.73790215659494,2.70814989762321,0.28
"9308",1,49,36,"SGP50",1.4562888624504,2.61828385911204,0.292
"9309",1,49,37,"SGP50",1.81542930879686,2.33837071857829,0.247
"9310",1,49,38,"SGP50",0.921526275858428,2.43225679248225,0.4535
"9311",1,50,1,"BMA",2.13926730227659,2.90858987428133,0.8345
"9312",1,50,2,"BMA",1.0719718672619,2.4756735622721,0.5045
"9313",1,50,3,"BMA",0.908517678286838,2.26855742727784,0.4645
"9314",1,50,4,"BMA",0.971045954397238,2.20572224034977,0.3625
"9315",1,50,5,"BMA",4.95961315660783,4.14541970581711,0.963
"9316",1,50,6,"BMA",2.00698954050286,2.72568340095415,0.2385
"9317",1,50,7,"BMA",3.84328167934922,3.15210936511028,0.076
"9318",1,50,8,"BMA",2.34462282792489,2.78811095367749,0.1625
"9319",1,50,9,"BMA",1.11873231855223,2.39314016259435,0.661
"9320",1,50,10,"BMA",0.997904534532107,2.2657538846687,0.3985
"9321",1,50,11,"BMA",0.955065682547374,2.33595880625717,0.6085
"9322",1,50,12,"BMA",1.26443268706052,2.48300627862867,0.714
"9323",1,50,13,"BMA",2.34914827781346,2.68821513846803,0.1245
"9324",1,50,14,"BMA",4.64165670345093,3.86064927672234,0.0235
"9325",1,50,15,"BMA",1.6368204555298,2.43874058169728,0.166
"9326",1,50,16,"BMA",1.15397741700914,2.09097864670407,0.2235
"9327",1,50,17,"BMA",1.35057171322715,2.32178685130635,0.8335
"9328",1,50,18,"BMA",1.76227479882908,2.66520856137883,0.8455
"9329",1,50,19,"BMA",1.81764788399088,2.57917411486082,0.8265
"9330",1,50,20,"BMA",0.764793676706126,2.15163864100871,0.473
"9331",1,50,21,"BMA",0.937422048536441,2.18697287340692,0.682
"9332",1,50,22,"BMA",3.67909967802593,3.50943545618409,0.9685
"9333",1,50,23,"BMA",3.32814985508865,3.324859033806,0.0505
"9334",1,50,24,"BMA",0.900944107350199,2.24035947944764,0.655
"9335",1,50,25,"BMA",1.75441257926516,2.50976359444893,0.162
"9336",1,50,26,"BMA",1.87812182806853,2.53937090353272,0.125
"9337",1,50,27,"BMA",0.785445927689875,2.11608903257865,0.5865
"9338",1,50,28,"BMA",0.677206665645407,2.07078276299522,0.5025
"9339",1,50,29,"BMA",0.783713129334291,2.09764083941243,0.601
"9340",1,50,30,"BMA",0.810187085797366,2.07104075481648,0.357
"9341",1,50,31,"BMA",0.8630688304516,2.03185897624145,0.3405
"9342",1,50,32,"BMA",0.85863677787968,2.02798439286314,0.3345
"9343",1,50,33,"BMA",0.644488721779439,1.96099884176534,0.472
"9344",1,50,34,"BMA",0.557619150575438,1.94500470228042,0.4805
"9345",1,50,35,"BMA",0.58530791901833,1.99969983457688,0.491
"9346",1,50,36,"BMA",0.581976982555344,1.89236233969458,0.492
"9347",1,50,37,"BMA",0.7079579412693,1.95422791031259,0.678
"9348",1,50,38,"BMA",0.722653048831889,2.02011550269774,0.653
"9349",1,50,1,"AVS",2.13926730227659,2.9924621867921,0.8375
"9350",1,50,2,"AVS",1.19844970716804,2.57980938272154,0.483
"9351",1,50,3,"AVS",1.0873406150322,2.28519455515709,0.409
"9352",1,50,4,"AVS",0.993399503922203,2.18361682650484,0.3445
"9353",1,50,5,"AVS",5.27569707708014,4.97451613315646,0.983
"9354",1,50,6,"AVS",2.29208075530963,2.77389197116316,0.192
"9355",1,50,7,"AVS",3.77797539748696,3.27792406077348,0.0815
"9356",1,50,8,"AVS",2.07963531041443,2.69207680001467,0.193
"9357",1,50,9,"AVS",1.29794712957443,2.41627327950159,0.7335
"9358",1,50,10,"AVS",1.13750366734318,2.31180218606596,0.309
"9359",1,50,11,"AVS",0.828837887610718,2.22546811206986,0.5615
"9360",1,50,12,"AVS",0.980895006448102,2.26551221463041,0.6655
"9361",1,50,13,"AVS",2.82994422408641,2.98749748101891,0.076
"9362",1,50,14,"AVS",5.28039417426894,4.38138642036448,0.0195
"9363",1,50,15,"AVS",1.3088726708556,2.35700257781169,0.253
"9364",1,50,16,"AVS",0.928764203898168,2.2036493190485,0.292
"9365",1,50,17,"AVS",1.62059734310543,2.39567112113125,0.819
"9366",1,50,18,"AVS",1.07034362039738,2.30262281168418,0.6925
"9367",1,50,19,"AVS",0.947739356997672,2.16493884688892,0.668
"9368",1,50,20,"AVS",0.79247726492848,2.10076467000911,0.3705
"9369",1,50,21,"AVS",0.847919354244149,2.09168561332288,0.6545
"9370",1,50,22,"AVS",3.45033464862652,3.30088662977669,0.968
"9371",1,50,23,"AVS",3.42159799348251,3.29913366254433,0.0485
"9372",1,50,24,"AVS",0.882234908340789,2.27101583416041,0.6385
"9373",1,50,25,"AVS",1.83188578277048,2.59373894190743,0.166
"9374",1,50,26,"AVS",1.80131564228368,2.53327264057989,0.1385
"9375",1,50,27,"AVS",0.80606689203647,2.10097997505402,0.621
"9376",1,50,28,"AVS",0.667300812783653,2.03966133291818,0.5145
"9377",1,50,29,"AVS",0.812376108585474,2.13875053069788,0.641
"9378",1,50,30,"AVS",0.789973379243482,2.04376586696413,0.394
"9379",1,50,31,"AVS",0.805250815665115,2.02462056737559,0.3625
"9380",1,50,32,"AVS",0.799892842517591,2.04326181268317,0.342
"9381",1,50,33,"AVS",0.637000623015358,1.95539938688404,0.494
"9382",1,50,34,"AVS",0.553832236709009,1.86294417281938,0.478
"9383",1,50,35,"AVS",0.584100321015132,1.99547171434389,0.496
"9384",1,50,36,"AVS",0.581176308667565,1.84181401644649,0.485
"9385",1,50,37,"AVS",0.708150033232174,1.99854072224741,0.6585
"9386",1,50,38,"AVS",0.723003947111518,2.00832326156264,0.6465
"9387",1,50,1,"EQW",2.13926730227659,3.01086456073391,0.829
"9388",1,50,2,"EQW",1.16683633385474,2.51962130980181,0.6365
"9389",1,50,3,"EQW",0.984034262051553,2.43422754519899,0.604
"9390",1,50,4,"EQW",1.02924811002519,2.21244962787756,0.3345
"9391",1,50,5,"EQW",4.22612787911289,3.65692012712131,0.9125
"9392",1,50,6,"EQW",2.43635508554864,2.9758054992278,0.1695
"9393",1,50,7,"EQW",3.13535417234352,3.07218583848824,0.0845
"9394",1,50,8,"EQW",1.55659278818637,2.44262681142136,0.2695
"9395",1,50,9,"EQW",1.11566101703468,2.34800729547006,0.6705
"9396",1,50,10,"EQW",0.998042525447266,2.30383657278269,0.36
"9397",1,50,11,"EQW",0.874783432857392,2.22833474897125,0.597
"9398",1,50,12,"EQW",1.12453403504599,2.31440114255547,0.6915
"9399",1,50,13,"EQW",2.24842448623354,2.83968443291592,0.1225
"9400",1,50,14,"EQW",4.71057531434866,3.83115032584528,0.025
"9401",1,50,15,"EQW",2.13614355674157,2.68544206647745,0.167
"9402",1,50,16,"EQW",1.29161699126092,2.23433715492889,0.196
"9403",1,50,17,"EQW",1.25288422128439,2.24096014965583,0.802
"9404",1,50,18,"EQW",1.32398886481728,2.37445017990507,0.7505
"9405",1,50,19,"EQW",1.54852488498158,2.61210366902768,0.7795
"9406",1,50,20,"EQW",0.922968540190702,2.32805048092542,0.6445
"9407",1,50,21,"EQW",1.4334227120661,2.36275964856952,0.7725
"9408",1,50,22,"EQW",4.88791070366623,4.04756011943919,0.9785
"9409",1,50,23,"EQW",1.48456339101944,2.85816901983574,0.414
"9410",1,50,24,"EQW",1.48189720183642,2.42682601321608,0.7605
"9411",1,50,25,"EQW",1.0365328223286,2.32783670963895,0.352
"9412",1,50,26,"EQW",1.54834368074646,2.40631917099834,0.213
"9413",1,50,27,"EQW",0.769323830351079,2.22243724085425,0.529
"9414",1,50,28,"EQW",0.731733088035525,2.15583655336349,0.462
"9415",1,50,29,"EQW",0.795865323059603,2.05663108152828,0.6105
"9416",1,50,30,"EQW",0.755193171312611,2.05883768476415,0.4535
"9417",1,50,31,"EQW",0.840474569891474,2.02914425803577,0.3895
"9418",1,50,32,"EQW",0.969926266059716,2.06622442432603,0.2925
"9419",1,50,33,"EQW",0.735708741040024,2.02291103730405,0.396
"9420",1,50,34,"EQW",0.695041832657295,1.98975852669488,0.425
"9421",1,50,35,"EQW",0.648176469618869,1.89158505362007,0.39
"9422",1,50,36,"EQW",0.623919512244654,1.84967977751337,0.434
"9423",1,50,37,"EQW",0.659547673514537,1.98432441317072,0.6075
"9424",1,50,38,"EQW",0.82704879352103,2.06760563093804,0.6655
"9425",1,50,1,"SGP",2.13926730227659,3.06162467887111,0.8235
"9426",1,50,2,"SGP",1.26841355416801,2.53282515822721,0.7185
"9427",1,50,3,"SGP",1.01011291742497,2.24279277783859,0.6715
"9428",1,50,4,"SGP",0.787373888544783,2.01324552141754,0.368
"9429",1,50,5,"SGP",5.41995568383694,4.78418432106403,0.979
"9430",1,50,6,"SGP",3.05916917453923,3.11840452674616,0.105
"9431",1,50,7,"SGP",2.60431030986556,2.91736783877946,0.1205
"9432",1,50,8,"SGP",1.00131262217968,2.26078896927785,0.3855
"9433",1,50,9,"SGP",1.19201054615877,2.26836493071958,0.7075
"9434",1,50,10,"SGP",1.05590057303308,2.22826447384876,0.309
"9435",1,50,11,"SGP",0.74465240387823,2.09728699070539,0.524
"9436",1,50,12,"SGP",0.81360256198907,2.10632266761177,0.6195
"9437",1,50,13,"SGP",2.94657735728639,3.12372106787637,0.0605
"9438",1,50,14,"SGP",6.25609314713944,4.64446570001416,0.013
"9439",1,50,15,"SGP",2.26250648965212,2.77241373729883,0.182
"9440",1,50,16,"SGP",1.01721565463367,2.23863215732763,0.3115
"9441",1,50,17,"SGP",1.57230822761695,2.44867973868939,0.809
"9442",1,50,18,"SGP",0.915191757912427,2.23864287509571,0.6285
"9443",1,50,19,"SGP",0.920122352971638,2.18710802374209,0.663
"9444",1,50,20,"SGP",0.791714265460468,2.03649473762144,0.406
"9445",1,50,21,"SGP",0.895494982682421,2.10248292706637,0.6415
"9446",1,50,22,"SGP",3.59704997008797,3.31108940277486,0.964
"9447",1,50,23,"SGP",3.03104595586659,3.27255221656913,0.0875
"9448",1,50,24,"SGP",0.910930097096533,2.1552153809797,0.656
"9449",1,50,25,"SGP",1.7117398838135,2.49601547854719,0.1735
"9450",1,50,26,"SGP",1.81438974178292,2.50402247250823,0.163
"9451",1,50,27,"SGP",0.804047858487244,2.10435176201103,0.599
"9452",1,50,28,"SGP",0.687337754755776,2.04668584831351,0.4895
"9453",1,50,29,"SGP",0.795353637955271,2.11289278007259,0.6255
"9454",1,50,30,"SGP",0.798981749989821,2.08553369636146,0.3875
"9455",1,50,31,"SGP",0.827311707433523,2.04914853290275,0.347
"9456",1,50,32,"SGP",0.859245154069141,2.07017659159291,0.3115
"9457",1,50,33,"SGP",0.647868332821071,1.99743810570699,0.4765
"9458",1,50,34,"SGP",0.596924008310703,1.92039071946007,0.4835
"9459",1,50,35,"SGP",0.597247685926141,2.00750853548966,0.482
"9460",1,50,36,"SGP",0.597042196430067,1.92476971967227,0.493
"9461",1,50,37,"SGP",0.718875388340924,2.01981615787692,0.6525
"9462",1,50,38,"SGP",0.735638930052182,2.07612457906977,0.6475
"9463",1,50,1,"SGP50",2.13926730227659,3.05065190370205,0.834
"9464",1,50,2,"SGP50",1.16917802072429,2.52145633047892,0.6605
"9465",1,50,3,"SGP50",0.982270835053948,2.33860558893798,0.5925
"9466",1,50,4,"SGP50",1.00716339396927,2.204916999913,0.3345
"9467",1,50,5,"SGP50",4.31635754302026,3.77404238842233,0.928
"9468",1,50,6,"SGP50",2.45615852027105,2.95257768297138,0.1715
"9469",1,50,7,"SGP50",3.09183740949075,2.97110010522706,0.109
"9470",1,50,8,"SGP50",1.50610013379483,2.45088671298208,0.271
"9471",1,50,9,"SGP50",1.11651163160669,2.34469828112956,0.669
"9472",1,50,10,"SGP50",1.00876915316796,2.22973300183536,0.3665
"9473",1,50,11,"SGP50",0.860361182769759,2.24267478525775,0.5865
"9474",1,50,12,"SGP50",1.0874625685569,2.23495831955909,0.6855
"9475",1,50,13,"SGP50",2.33033498110683,2.66200195785357,0.134
"9476",1,50,14,"SGP50",4.76974723264883,3.72502270302121,0.0335
"9477",1,50,15,"SGP50",2.13295432287287,2.65910692595169,0.15
"9478",1,50,16,"SGP50",1.28607717950812,2.14340979176274,0.215
"9479",1,50,17,"SGP50",1.25722123863671,2.23008184402786,0.784
"9480",1,50,18,"SGP50",1.29186958981171,2.38090832280046,0.7575
"9481",1,50,19,"SGP50",1.49968588237576,2.47504675636859,0.768
"9482",1,50,20,"SGP50",0.896720672227854,2.26852694705806,0.6115
"9483",1,50,21,"SGP50",1.3822071122149,2.41370556187463,0.767
"9484",1,50,22,"SGP50",4.78533723568548,3.99676593200225,0.9845
"9485",1,50,23,"SGP50",1.51524287572188,2.91966601210559,0.407
"9486",1,50,24,"SGP50",1.40839966019924,2.38750520551303,0.748
"9487",1,50,25,"SGP50",1.06683977759605,2.30404898373841,0.352
"9488",1,50,26,"SGP50",1.61437443424364,2.39974156060205,0.195
"9489",1,50,27,"SGP50",0.772198775986859,2.22495537722688,0.5255
"9490",1,50,28,"SGP50",0.735712127003207,2.11545157534684,0.451
"9491",1,50,29,"SGP50",0.779392990024703,2.1059407488387,0.588
"9492",1,50,30,"SGP50",0.766018367743977,2.03962518515734,0.434
"9493",1,50,31,"SGP50",0.860494300657521,2.09451475219687,0.347
"9494",1,50,32,"SGP50",0.991401590004936,2.12517819465345,0.295
"9495",1,50,33,"SGP50",0.745638606510439,1.97510982627954,0.398
"9496",1,50,34,"SGP50",0.701403013785962,1.91125238373827,0.3805
"9497",1,50,35,"SGP50",0.651216140958375,1.9551613983684,0.4185
"9498",1,50,36,"SGP50",0.626040136514938,1.98152936731444,0.4125
"9499",1,50,37,"SGP50",0.661380238331161,2.00167095203365,0.6135
"9500",1,50,38,"SGP50",0.819838598615556,2.12240831140397,0.676
"9501",1,51,1,"BMA",4.96904753316637,4.23977257117619,0.929
"9502",1,51,2,"BMA",1.51066995984133,2.75417698680976,0.457
"9503",1,51,3,"BMA",1.52706495513938,2.73848612183061,0.571
"9504",1,51,4,"BMA",9.10169307495414,4.72254424160373,0.964
"9505",1,51,5,"BMA",3.4954574258059,3.36873281629675,0.7865
"9506",1,51,6,"BMA",4.60030326789155,3.55887812500876,0.8095
"9507",1,51,7,"BMA",3.27638434502641,3.32494051918394,0.726
"9508",1,51,8,"BMA",9.012391213992,4.29518402107096,0.9265
"9509",1,51,9,"BMA",2.37758628364995,3.26371376478272,0.471
"9510",1,51,10,"BMA",2.31001763662478,3.20987211488226,0.5325
"9511",1,51,11,"BMA",3.13352186358744,3.38371983493969,0.671
"9512",1,51,12,"BMA",6.18737533799727,3.85290017656779,0.8635
"9513",1,51,13,"BMA",3.96895551661355,3.36505056354927,0.7675
"9514",1,51,14,"BMA",3.79634859418437,3.41808783627757,0.763
"9515",1,51,15,"BMA",3.58272330050679,3.29478476477067,0.2865
"9516",1,51,16,"BMA",3.55387379859588,3.33501984209641,0.2315
"9517",1,51,17,"BMA",7.25120658522891,3.92243117962095,0.083
"9518",1,51,18,"BMA",14.0346635497013,5.72925401372691,0.0045
"9519",1,51,19,"BMA",5.06477735569976,3.67128803419357,0.1835
"9520",1,51,20,"BMA",3.49825210695221,3.32664064959733,0.2595
"9521",1,51,21,"BMA",3.45527028711512,3.27712272681886,0.2385
"9522",1,51,22,"BMA",1.38784985575101,2.73457607385172,0.5335
"9523",1,51,23,"BMA",4.67427242612284,3.75280247898293,0.917
"9524",1,51,24,"BMA",4.15654467350479,3.4765850354082,0.893
"9525",1,51,25,"BMA",2.57979803977666,2.84868081383249,0.7975
"9526",1,51,26,"BMA",0.989918151575116,2.33930143783931,0.5685
"9527",1,51,27,"BMA",2.52948552299484,2.90386498292885,0.8345
"9528",1,51,28,"BMA",6.81886141156204,4.78892270506678,0.9795
"9529",1,51,29,"BMA",7.7770160458957,5.00537904251127,0.976
"9530",1,51,30,"BMA",3.67638755655852,3.53945807633536,0.8005
"9531",1,51,31,"BMA",1.54433231423808,2.80081617594736,0.582
"9532",1,51,32,"BMA",1.4907791158772,2.54083547594584,0.3465
"9533",1,51,33,"BMA",2.19485397441768,2.75603103908678,0.1785
"9534",1,51,34,"BMA",2.64921887338951,3.03361367418602,0.1495
"9535",1,51,35,"BMA",4.20328771295776,3.48199639623712,0.1
"9536",1,51,36,"BMA",1.27575030517311,2.34767686708363,0.304
"9537",1,51,37,"BMA",1.77137666466938,2.41080069292097,0.128
"9538",1,51,38,"BMA",1.63984465412363,1.97837610947489,0.167
"9539",1,51,1,"AVS",4.96904753316637,3.93491097928683,0.9155
"9540",1,51,2,"AVS",1.51844921167237,2.74962659667621,0.4045
"9541",1,51,3,"AVS",1.45868056045832,2.74953469228744,0.5525
"9542",1,51,4,"AVS",8.94559253490723,4.66077430990784,0.9675
"9543",1,51,5,"AVS",3.67857313016673,3.36926455104933,0.796
"9544",1,51,6,"AVS",4.87097972150041,3.55184204150017,0.821
"9545",1,51,7,"AVS",3.49262413673038,3.27759283040057,0.7565
"9546",1,51,8,"AVS",9.2707021202327,4.25809542838771,0.931
"9547",1,51,9,"AVS",2.29583524274963,3.22644874323491,0.455
"9548",1,51,10,"AVS",2.26665733808597,3.27421569754121,0.515
"9549",1,51,11,"AVS",2.91634806762887,3.29280536996404,0.6505
"9550",1,51,12,"AVS",5.87418653469613,3.75746936076374,0.8455
"9551",1,51,13,"AVS",3.8360305304029,3.38125031764166,0.7645
"9552",1,51,14,"AVS",3.72944629773738,3.3585852038864,0.7675
"9553",1,51,15,"AVS",3.70724087662277,3.30907893421181,0.262
"9554",1,51,16,"AVS",3.57566099407629,3.37456290121562,0.2545
"9555",1,51,17,"AVS",7.28221001912693,3.86999207192856,0.0845
"9556",1,51,18,"AVS",14.2034340495418,5.86356062535241,0.0025
"9557",1,51,19,"AVS",6.53805005494267,3.83543369679041,0.0835
"9558",1,51,20,"AVS",4.95808307699861,3.46031241509416,0.146
"9559",1,51,21,"AVS",5.67209337027884,3.62155594724985,0.105
"9560",1,51,22,"AVS",1.28321246056551,2.60003299479423,0.6225
"9561",1,51,23,"AVS",5.41698374919565,4.12052055503451,0.955
"9562",1,51,24,"AVS",2.59356830187597,3.28018701063164,0.6755
"9563",1,51,25,"AVS",2.13535763242431,3.08340271093826,0.3355
"9564",1,51,26,"AVS",3.39075972154664,3.20566260109693,0.212
"9565",1,51,27,"AVS",1.89194797434976,2.89953667733365,0.663
"9566",1,51,28,"AVS",2.91914403205932,3.13669752606046,0.7465
"9567",1,51,29,"AVS",1.58177624346064,2.83225486496976,0.499
"9568",1,51,30,"AVS",2.13188429018072,2.9358298518832,0.336
"9569",1,51,31,"AVS",2.1275086216444,2.93582840639048,0.3265
"9570",1,51,32,"AVS",2.50372859932232,2.91313411434697,0.263
"9571",1,51,33,"AVS",2.04601956899176,2.92772531838182,0.312
"9572",1,51,34,"AVS",1.65601004548038,2.78535884896258,0.391
"9573",1,51,35,"AVS",2.40756422393492,2.952719614001,0.271
"9574",1,51,36,"AVS",1.42613103898662,2.80138567892976,0.42
"9575",1,51,37,"AVS",1.50854950827455,2.05198878376817,0.376
"9576",1,51,38,"AVS",1.0138707425609,1.46504848776812,0.4505
"9577",1,51,1,"EQW",4.96904753316637,4.21956086573779,0.92
"9578",1,51,2,"EQW",2.03790055455862,2.92034974914905,0.662
"9579",1,51,3,"EQW",2.25319712805832,2.94427442364434,0.7585
"9580",1,51,4,"EQW",11.1268300342717,5.38486446438345,0.981
"9581",1,51,5,"EQW",2.11171572741292,3.03522099321441,0.635
"9582",1,51,6,"EQW",3.92745980765499,3.51849598280336,0.788
"9583",1,51,7,"EQW",2.18853697813414,3.0550085473967,0.656
"9584",1,51,8,"EQW",8.85392223568754,4.4138039333215,0.9555
"9585",1,51,9,"EQW",3.71972494859593,3.44907281153682,0.2735
"9586",1,51,10,"EQW",2.24318880086297,3.04162034317908,0.6175
"9587",1,51,11,"EQW",3.08473759044887,3.2114588500835,0.724
"9588",1,51,12,"EQW",5.79513305088236,3.56017501102293,0.885
"9589",1,51,13,"EQW",3.0511512723033,3.2683739664269,0.6695
"9590",1,51,14,"EQW",2.84914009867703,3.15154349209977,0.6755
"9591",1,51,15,"EQW",5.06559800072706,3.77203901386225,0.1835
"9592",1,51,16,"EQW",3.50366615070799,3.35266463284685,0.2325
"9593",1,51,17,"EQW",7.50081462248786,4.04173412006554,0.0875
"9594",1,51,18,"EQW",11.8203890177899,4.91544274902801,0.0255
"9595",1,51,19,"EQW",2.6309488153406,3.24065446915355,0.358
"9596",1,51,20,"EQW",3.16907740066438,3.29569519379593,0.2975
"9597",1,51,21,"EQW",3.41686302988681,3.13641289450147,0.239
"9598",1,51,22,"EQW",1.86745301854467,3.00652846376379,0.455
"9599",1,51,23,"EQW",2.99664638594979,3.12859986685352,0.741
"9600",1,51,24,"EQW",2.34359137691918,3.09991498992549,0.6915
"9601",1,51,25,"EQW",1.88397255509453,3.01781880803401,0.599
"9602",1,51,26,"EQW",1.52909240081896,2.67451643893525,0.4345
"9603",1,51,27,"EQW",2.27546945498345,2.92481473356764,0.763
"9604",1,51,28,"EQW",3.93515417184622,3.39617789390473,0.835
"9605",1,51,29,"EQW",3.01056676910534,3.32694293390908,0.7075
"9606",1,51,30,"EQW",2.2474019952229,3.23133372900887,0.605
"9607",1,51,31,"EQW",1.71535447023999,2.92268103294562,0.5855
"9608",1,51,32,"EQW",1.43268843192713,2.692390481122,0.4525
"9609",1,51,33,"EQW",1.45773698704128,2.68825129466893,0.362
"9610",1,51,34,"EQW",1.38226757437531,2.68386473391684,0.4285
"9611",1,51,35,"EQW",2.20538530892679,2.7074596482732,0.2245
"9612",1,51,36,"EQW",1.59811085498702,2.74008119311356,0.318
"9613",1,51,37,"EQW",1.99622332835043,2.35745283884306,0.2265
"9614",1,51,38,"EQW",1.68871872084548,1.87382194891258,0.255
"9615",1,51,1,"SGP",4.96904753316637,4.35141669545321,0.933
"9616",1,51,2,"SGP",1.95231639198329,2.7839574575315,0.695
"9617",1,51,3,"SGP",2.3618347983439,2.8985275775804,0.8295
"9618",1,51,4,"SGP",12.5190383654574,7.03270008758518,0.9945
"9619",1,51,5,"SGP",1.81472726913843,2.85243559491446,0.6425
"9620",1,51,6,"SGP",4.96001922431709,3.54155354265068,0.894
"9621",1,51,7,"SGP",2.77106555978268,3.04827469589401,0.7585
"9622",1,51,8,"SGP",10.4416016598685,5.30486091133614,0.9925
"9623",1,51,9,"SGP",7.02681044232066,4.01493765182726,0.0905
"9624",1,51,10,"SGP",2.58574128466281,3.05885969663845,0.688
"9625",1,51,11,"SGP",1.99285704098465,2.8518048487657,0.6695
"9626",1,51,12,"SGP",3.06804603384494,2.97114494626454,0.819
"9627",1,51,13,"SGP",1.54306835298008,2.76998453205358,0.396
"9628",1,51,14,"SGP",1.42175769134801,2.71790729984167,0.397
"9629",1,51,15,"SGP",11.0479069648141,5.59500927964219,0.0105
"9630",1,51,16,"SGP",5.59590658742759,3.75303508905396,0.0825
"9631",1,51,17,"SGP",10.4398219749222,5.05860788298593,0.016
"9632",1,51,18,"SGP",14.5964731821929,6.1623665181901,0.003
"9633",1,51,19,"SGP",2.36222088786792,3.06048114223042,0.3385
"9634",1,51,20,"SGP",4.03276028072442,3.35985159349067,0.18
"9635",1,51,21,"SGP",2.68292831086718,3.02409317782812,0.2415
"9636",1,51,22,"SGP",2.38981110811346,2.99208238967012,0.6895
"9637",1,51,23,"SGP",5.52465304089741,3.58037126218629,0.909
"9638",1,51,24,"SGP",1.74913708600561,2.88078772209701,0.599
"9639",1,51,25,"SGP",2.30757283997254,2.98224157801758,0.298
"9640",1,51,26,"SGP",2.32770423252244,2.97835613083084,0.2575
"9641",1,51,27,"SGP",2.82896703209398,3.07639679665763,0.792
"9642",1,51,28,"SGP",2.28408397716498,2.87676309984748,0.7205
"9643",1,51,29,"SGP",1.73843177846959,2.73671387152417,0.323
"9644",1,51,30,"SGP",3.20860508371526,3.13073039395788,0.179
"9645",1,51,31,"SGP",2.1644888106264,2.86450486359534,0.2765
"9646",1,51,32,"SGP",1.87106856974133,2.74584192021567,0.3015
"9647",1,51,33,"SGP",1.60887382183387,2.74015426374461,0.333
"9648",1,51,34,"SGP",1.34838864758646,2.71331934623257,0.57
"9649",1,51,35,"SGP",1.38703623583556,2.63936354265668,0.4045
"9650",1,51,36,"SGP",1.13214437346468,2.70026453120927,0.6005
"9651",1,51,37,"SGP",0.841459002171869,1.82259503217175,0.5035
"9652",1,51,38,"SGP",0.461334510867675,0.761767631795463,0.564
"9653",1,51,1,"SGP50",4.96904753316637,3.94146309319174,0.915
"9654",1,51,2,"SGP50",2.03633846588828,2.85662496876716,0.6975
"9655",1,51,3,"SGP50",2.26091001248135,2.89316493727403,0.7805
"9656",1,51,4,"SGP50",11.1767404849329,5.39837622610321,0.981
"9657",1,51,5,"SGP50",2.09737142666736,3.02187852214371,0.6155
"9658",1,51,6,"SGP50",4.00880235474623,3.49871502060285,0.792
"9659",1,51,7,"SGP50",2.18837442418029,2.98193492741862,0.657
"9660",1,51,8,"SGP50",8.95564035252282,4.44847792189735,0.949
"9661",1,51,9,"SGP50",3.82597283592506,3.49095459565016,0.258
"9662",1,51,10,"SGP50",2.2157138084544,3.05305485999789,0.627
"9663",1,51,11,"SGP50",2.93986841335467,3.09951437342217,0.7
"9664",1,51,12,"SGP50",5.41986314169089,3.60685211864558,0.888
"9665",1,51,13,"SGP50",2.63978413888566,3.14828032095249,0.653
"9666",1,51,14,"SGP50",2.41328266794684,3.05827331008543,0.633
"9667",1,51,15,"SGP50",5.89049460139452,3.7861415681681,0.1565
"9668",1,51,16,"SGP50",3.72368547423902,3.32968516442077,0.202
"9669",1,51,17,"SGP50",7.88962107955406,4.24943473662237,0.0665
"9670",1,51,18,"SGP50",12.436093452069,5.14569216665508,0.0195
"9671",1,51,19,"SGP50",2.69290895812753,3.13671009966632,0.3515
"9672",1,51,20,"SGP50",3.57021804515489,3.29168088127726,0.2515
"9673",1,51,21,"SGP50",3.74616295234088,3.2827542467955,0.203
"9674",1,51,22,"SGP50",1.94035671464855,3.03522690727696,0.421
"9675",1,51,23,"SGP50",2.96456584370882,3.10492402990717,0.7455
"9676",1,51,24,"SGP50",2.06035805547111,3.02746297827317,0.661
"9677",1,51,25,"SGP50",1.80914932773035,3.04684029184955,0.5265
"9678",1,51,26,"SGP50",1.73576409475579,2.76120379753959,0.404
"9679",1,51,27,"SGP50",2.25302428057598,2.80578120001107,0.729
"9680",1,51,28,"SGP50",3.60752970592863,3.23560643491278,0.8025
"9681",1,51,29,"SGP50",2.62579565813023,3.2257828105712,0.666
"9682",1,51,30,"SGP50",2.15557825085141,3.23183074581648,0.541
"9683",1,51,31,"SGP50",1.72238960315362,3.0095680878015,0.532
"9684",1,51,32,"SGP50",1.51383070605414,2.70610991873561,0.4305
"9685",1,51,33,"SGP50",1.47302740177256,2.71298368857308,0.4075
"9686",1,51,34,"SGP50",1.35433005058939,2.6316292193136,0.43
"9687",1,51,35,"SGP50",2.04271430698526,2.67083199071136,0.245
"9688",1,51,36,"SGP50",1.43940960086279,2.66873397551866,0.371
"9689",1,51,37,"SGP50",1.78042333333628,2.27611399502285,0.248
"9690",1,51,38,"SGP50",1.47563903815764,1.7674032828817,0.288
"9691",1,52,1,"BMA",4.63311969123966,3.58942748166426,0.771
"9692",1,52,2,"BMA",3.53742310695237,3.38765814077237,0.7225
"9693",1,52,3,"BMA",2.69736977158124,3.1892930564794,0.3395
"9694",1,52,4,"BMA",2.3594571551651,3.11828546869439,0.628
"9695",1,52,5,"BMA",2.78681440627598,3.08917467684211,0.7385
"9696",1,52,6,"BMA",1.67986573218685,2.71033257325824,0.648
"9697",1,52,7,"BMA",5.64332379981749,4.09990899453674,0.966
"9698",1,52,8,"BMA",3.92548893317855,3.31669517720564,0.9205
"9699",1,52,9,"BMA",2.70580820756843,2.93965375143631,0.831
"9700",1,52,10,"BMA",6.41001973445045,4.30666336040424,0.0345
"9701",1,52,11,"BMA",1.15775133155201,2.61408510298598,0.4665
"9702",1,52,12,"BMA",5.64027997675235,3.97811907821153,0.0475
"9703",1,52,13,"BMA",1.32983673084931,2.62360537629734,0.443
"9704",1,52,14,"BMA",5.96500374364744,4.16485472124448,0.0425
"9705",1,52,15,"BMA",3.61089491518685,3.27044365602757,0.152
"9706",1,52,16,"BMA",10.1411669363884,4.91252571885031,0.0295
"9707",1,52,17,"BMA",9.99063710475465,4.75316418702954,0.0305
"9708",1,52,18,"BMA",2.52744386027267,3.19662028598041,0.656
"9709",1,52,19,"BMA",2.04274271696177,3.11212265786479,0.436
"9710",1,52,20,"BMA",1.9323016369862,3.08784012799017,0.504
"9711",1,52,21,"BMA",2.23811029328251,3.03099858575827,0.3365
"9712",1,52,22,"BMA",3.88063400409056,3.25499500272598,0.217
"9713",1,52,23,"BMA",2.34636777822967,3.06588639295801,0.69
"9714",1,52,24,"BMA",4.60904002661858,3.38878625675993,0.162
"9715",1,52,25,"BMA",1.61110662993448,2.86749593687778,0.4765
"9716",1,52,26,"BMA",2.39488405098687,2.98388198552468,0.7
"9717",1,52,27,"BMA",4.02707893249728,3.38088437120105,0.164
"9718",1,52,28,"BMA",7.04448450696716,4.05217075622408,0.0605
"9719",1,52,29,"BMA",5.43207590774846,3.65049174206235,0.097
"9720",1,52,30,"BMA",2.20005525066378,3.11354833443335,0.328
"9721",1,52,31,"BMA",4.24178737598995,3.3456424252663,0.155
"9722",1,52,32,"BMA",2.64975187780158,3.1168221165076,0.2735
"9723",1,52,33,"BMA",1.67553736941276,2.9841242459792,0.496
"9724",1,52,34,"BMA",1.79433535519267,2.82527590729933,0.365
"9725",1,52,35,"BMA",2.6521393740484,2.99840380512322,0.2305
"9726",1,52,36,"BMA",1.48828094357046,2.82263842096387,0.5305
"9727",1,52,37,"BMA",1.74820020938958,2.8756485979151,0.372
"9728",1,52,38,"BMA",1.55474276908909,2.8126913458186,0.4445
"9729",1,52,1,"AVS",4.63311969123966,3.6543439561934,0.7895
"9730",1,52,2,"AVS",2.36093652226532,3.31992325144014,0.5485
"9731",1,52,3,"AVS",2.92514209353087,3.2682529798511,0.362
"9732",1,52,4,"AVS",2.98790016319375,3.29596314132331,0.6445
"9733",1,52,5,"AVS",6.06864748694692,3.80077743473269,0.84
"9734",1,52,6,"AVS",3.32494122747752,2.98483032221344,0.7195
"9735",1,52,7,"AVS",5.32248663334894,3.89036381523268,0.9735
"9736",1,52,8,"AVS",3.65003314380392,3.15561280740823,0.9065
"9737",1,52,9,"AVS",2.59790037696782,2.8946552589003,0.8415
"9738",1,52,10,"AVS",6.52497167625897,4.30202164299854,0.024
"9739",1,52,11,"AVS",1.11464380056333,2.51282202788686,0.434
"9740",1,52,12,"AVS",5.8155580991773,3.99110756276986,0.0375
"9741",1,52,13,"AVS",1.30063467667817,2.56648256502548,0.4385
"9742",1,52,14,"AVS",6.21907913632278,4.28617299085095,0.0245
"9743",1,52,15,"AVS",4.03088210534898,3.30521336002,0.1005
"9744",1,52,16,"AVS",11.2977543106436,6.54575136874303,0.001
"9745",1,52,17,"AVS",12.5753458814761,5.68463653145941,0.01
"9746",1,52,18,"AVS",2.38924390385788,3.09135457173662,0.636
"9747",1,52,19,"AVS",2.1216521292077,3.05255366580881,0.347
"9748",1,52,20,"AVS",1.80678112984008,3.05149339951319,0.4475
"9749",1,52,21,"AVS",2.43011700763848,2.97575154252321,0.292
"9750",1,52,22,"AVS",4.23925187981511,3.34730810195545,0.1855
"9751",1,52,23,"AVS",2.03747496675916,2.9243341128042,0.6675
"9752",1,52,24,"AVS",4.94435728559847,3.52158715256817,0.1205
"9753",1,52,25,"AVS",1.599500523038,2.89170651257992,0.419
"9754",1,52,26,"AVS",2.14662150536437,2.95920213362992,0.697
"9755",1,52,27,"AVS",4.13320402884333,3.36615794610456,0.155
"9756",1,52,28,"AVS",7.23142384438075,4.08028689883655,0.0535
"9757",1,52,29,"AVS",5.56246088216874,3.68767073089823,0.091
"9758",1,52,30,"AVS",2.21888221891011,2.96519704751446,0.321
"9759",1,52,31,"AVS",4.36995078024639,3.40888963345657,0.1445
"9760",1,52,32,"AVS",2.61357158421821,3.01472201467022,0.2765
"9761",1,52,33,"AVS",1.71710359729702,2.97413493954893,0.5455
"9762",1,52,34,"AVS",1.83780237812744,2.94526344330913,0.3545
"9763",1,52,35,"AVS",2.59616006247553,3.05586919198678,0.249
"9764",1,52,36,"AVS",1.64693318643971,2.86062404542207,0.6115
"9765",1,52,37,"AVS",1.57089866821052,2.79705120349203,0.4195
"9766",1,52,38,"AVS",1.44829737019487,2.75022868251855,0.531
"9767",1,52,1,"EQW",4.63311969123966,3.68515490619284,0.785
"9768",1,52,2,"EQW",3.76090625039204,3.52264634020589,0.729
"9769",1,52,3,"EQW",2.71023341992919,3.15998223803627,0.3195
"9770",1,52,4,"EQW",2.18977956119092,3.06244410547806,0.5555
"9771",1,52,5,"EQW",2.83624825142421,3.11544991192225,0.7025
"9772",1,52,6,"EQW",3.07509948946886,3.12650734498249,0.721
"9773",1,52,7,"EQW",8.43507624716056,4.20622670664505,0.942
"9774",1,52,8,"EQW",8.43363258289535,4.00782735491455,0.942
"9775",1,52,9,"EQW",7.65937695590114,3.77592502012815,0.905
"9776",1,52,10,"EQW",3.10722796104429,3.55083306408698,0.443
"9777",1,52,11,"EQW",3.43403362914651,3.20493941987519,0.6785
"9778",1,52,12,"EQW",2.94312859333402,3.54438650017614,0.4215
"9779",1,52,13,"EQW",3.5807638001443,3.29601100410466,0.702
"9780",1,52,14,"EQW",2.94684783612386,3.54363240256302,0.47
"9781",1,52,15,"EQW",2.56293480230071,3.31975777651869,0.513
"9782",1,52,16,"EQW",4.30255977525596,3.58316927409089,0.268
"9783",1,52,17,"EQW",7.69058147269334,4.1274622837721,0.127
"9784",1,52,18,"EQW",4.17257727854797,3.49463514567505,0.769
"9785",1,52,19,"EQW",2.82491281592932,3.23627230607037,0.6825
"9786",1,52,20,"EQW",3.10266327182448,3.2758364006539,0.679
"9787",1,52,21,"EQW",2.66936417516513,3.23539406447109,0.6105
"9788",1,52,22,"EQW",2.34453356467954,3.31393527680557,0.5035
"9789",1,52,23,"EQW",5.93464812704555,3.79800623267527,0.873
"9790",1,52,24,"EQW",2.72339894123605,3.45796304061261,0.505
"9791",1,52,25,"EQW",3.05930111421621,3.18111043700756,0.7095
"9792",1,52,26,"EQW",6.77399868349413,3.77902941217414,0.8885
"9793",1,52,27,"EQW",3.15946361285132,3.49119496739455,0.5265
"9794",1,52,28,"EQW",3.20215319250207,3.50459173416755,0.3345
"9795",1,52,29,"EQW",2.83287227399952,3.28727243848484,0.2855
"9796",1,52,30,"EQW",1.92151863991633,3.10185358148889,0.5175
"9797",1,52,31,"EQW",2.43660044592763,3.04449085352376,0.3125
"9798",1,52,32,"EQW",2.11495221303844,2.99724121707067,0.336
"9799",1,52,33,"EQW",1.63131006474364,2.91083239691589,0.529
"9800",1,52,34,"EQW",1.42664169147178,2.7601525935616,0.449
"9801",1,52,35,"EQW",1.97457039178725,2.88065111611074,0.2725
"9802",1,52,36,"EQW",1.29257763284491,2.66069839264958,0.477
"9803",1,52,37,"EQW",1.36301840207753,2.59261829883757,0.3795
"9804",1,52,38,"EQW",1.21586419858528,2.5773566137048,0.4225
"9805",1,52,1,"SGP",4.63311969123966,3.58588294727325,0.7715
"9806",1,52,2,"SGP",4.89280225030835,3.60145073852412,0.8375
"9807",1,52,3,"SGP",2.06826813357484,3.02606089322254,0.355
"9808",1,52,4,"SGP",1.5759752145558,2.72295000790558,0.6175
"9809",1,52,5,"SGP",1.45677484109943,2.53385593644409,0.6505
"9810",1,52,6,"SGP",1.05012383661832,2.4085432986168,0.567
"9811",1,52,7,"SGP",5.43586117492963,4.00732051630084,0.972
"9812",1,52,8,"SGP",3.7591071442655,3.1468083916466,0.9065
"9813",1,52,9,"SGP",2.67873749321329,2.93124253688372,0.833
"9814",1,52,10,"SGP",6.33074903616842,4.48020202514482,0.0315
"9815",1,52,11,"SGP",1.13089096197169,2.56339779667759,0.452
"9816",1,52,12,"SGP",5.686986063611,3.80735824240233,0.048
"9817",1,52,13,"SGP",1.30754483207133,2.5651587914116,0.4435
"9818",1,52,14,"SGP",6.0912022956912,4.15829275841389,0.0365
"9819",1,52,15,"SGP",3.95895911797909,3.28335844627615,0.1065
"9820",1,52,16,"SGP",11.1484987609438,6.31426122692438,0.0065
"9821",1,52,17,"SGP",13.7369190436446,6.42987322109076,0.0035
"9822",1,52,18,"SGP",9.38416336869533,5.12265558836672,0.9855
"9823",1,52,19,"SGP",2.53580065246843,2.96301228332122,0.7385
"9824",1,52,20,"SGP",1.43836517692509,2.73761691084658,0.4355
"9825",1,52,21,"SGP",1.71763867562868,2.78825681808428,0.381
"9826",1,52,22,"SGP",2.8015923786025,2.98074068091262,0.2295
"9827",1,52,23,"SGP",5.50917948862495,3.70634243105765,0.9175
"9828",1,52,24,"SGP",3.81296805727198,3.38163724539284,0.1405
"9829",1,52,25,"SGP",1.41010842479995,2.67676386172324,0.521
"9830",1,52,26,"SGP",5.39157360767159,3.74316537882225,0.9355
"9831",1,52,27,"SGP",3.88838945676151,3.36505153839679,0.125
"9832",1,52,28,"SGP",5.13480658718266,3.64053582711021,0.091
"9833",1,52,29,"SGP",2.08670087745741,2.91694508034467,0.305
"9834",1,52,30,"SGP",2.31568210094127,2.87001500053017,0.7185
"9835",1,52,31,"SGP",1.40726456901266,2.65771173752555,0.3945
"9836",1,52,32,"SGP",1.38705622917533,2.69358547687326,0.55
"9837",1,52,33,"SGP",2.63651365789689,3.05416528937364,0.798
"9838",1,52,34,"SGP",1.39378247600469,2.7053163723342,0.5725
"9839",1,52,35,"SGP",1.55057457761731,2.69251977672531,0.3765
"9840",1,52,36,"SGP",2.02766801718937,2.91154384374675,0.7235
"9841",1,52,37,"SGP",1.33035838699651,2.63790415004233,0.544
"9842",1,52,38,"SGP",1.41524587599108,2.70149536413548,0.5825
"9843",1,52,1,"SGP50",4.63311969123966,3.64057655023119,0.7885
"9844",1,52,2,"SGP50",3.79589218501725,3.52980329497853,0.737
"9845",1,52,3,"SGP50",2.67062782955007,3.09985225129737,0.3165
"9846",1,52,4,"SGP50",2.16980609039663,3.036165218194,0.5705
"9847",1,52,5,"SGP50",2.79510310519387,3.10624420819849,0.707
"9848",1,52,6,"SGP50",2.90786459174316,3.04676853088541,0.7165
"9849",1,52,7,"SGP50",8.09779089597926,4.15425454509943,0.941
"9850",1,52,8,"SGP50",7.57208218967661,3.87001575709545,0.9365
"9851",1,52,9,"SGP50",6.42565584523547,3.59577456910384,0.8935
"9852",1,52,10,"SGP50",3.13703375511925,3.51760304675653,0.336
"9853",1,52,11,"SGP50",2.60768437793778,3.053195011987,0.652
"9854",1,52,12,"SGP50",3.06647256219422,3.564839467549,0.3225
"9855",1,52,13,"SGP50",2.57433390556712,3.04388955061769,0.6485
"9856",1,52,14,"SGP50",3.11242384705658,3.53246854354051,0.3315
"9857",1,52,15,"SGP50",2.37334522366173,3.27169626781586,0.3815
"9858",1,52,16,"SGP50",6.12810429656102,3.92932491863028,0.166
"9859",1,52,17,"SGP50",9.61530416795737,4.51846249774164,0.061
"9860",1,52,18,"SGP50",4.76311785877394,3.50561369976369,0.7965
"9861",1,52,19,"SGP50",2.34173544424651,3.15597069289265,0.637
"9862",1,52,20,"SGP50",2.12610169212998,3.05364286287936,0.585
"9863",1,52,21,"SGP50",1.99656496015681,3.037543314159,0.4825
"9864",1,52,22,"SGP50",2.48936748055119,3.13382729458171,0.3485
"9865",1,52,23,"SGP50",4.82380043370123,3.40454609670872,0.8535
"9866",1,52,24,"SGP50",2.93302042130028,3.3461559291935,0.327
"9867",1,52,25,"SGP50",1.96256979894695,2.9127185164116,0.596
"9868",1,52,26,"SGP50",5.11720772227588,3.55911640265295,0.8645
"9869",1,52,27,"SGP50",2.88853113364732,3.50879183574928,0.3275
"9870",1,52,28,"SGP50",4.32889421636232,3.64852895702926,0.183
"9871",1,52,29,"SGP50",3.02870046923065,3.14639431687038,0.239
"9872",1,52,30,"SGP50",1.81309472555928,2.96364057768303,0.527
"9873",1,52,31,"SGP50",2.37498962189487,3.06191587288133,0.314
"9874",1,52,32,"SGP50",1.84789582295875,2.92336097926824,0.395
"9875",1,52,33,"SGP50",1.75909159205494,2.96352909698625,0.582
"9876",1,52,34,"SGP50",1.41371635174733,2.76101074874881,0.469
"9877",1,52,35,"SGP50",1.98137417601124,2.88076071964647,0.3065
"9878",1,52,36,"SGP50",1.42702058876277,2.73012900077098,0.537
"9879",1,52,37,"SGP50",1.40032971687892,2.63371403049205,0.4125
"9880",1,52,38,"SGP50",1.28926712550875,2.61667060786036,0.437
"9881",1,53,1,"BMA",9.84337228281734,4.6222890220056,0.8955
"9882",1,53,2,"BMA",4.64506817298192,3.71229749499953,0.689
"9883",1,53,3,"BMA",5.01010626314955,3.74471712284974,0.6885
"9884",1,53,4,"BMA",6.82940484117154,3.93743310135852,0.7525
"9885",1,53,5,"BMA",3.87739534672015,3.69794559915221,0.505
"9886",1,53,6,"BMA",16.4588854139115,5.08193045130433,0.9525
"9887",1,53,7,"BMA",3.46186293849589,3.61334812505283,0.424
"9888",1,53,8,"BMA",6.06966665679782,3.8327406548949,0.2455
"9889",1,53,9,"BMA",4.99314143078089,3.73211616308783,0.6365
"9890",1,53,10,"BMA",7.42275033342905,3.89029682934996,0.719
"9891",1,53,11,"BMA",9.34067592081967,3.94222487024914,0.8265
"9892",1,53,12,"BMA",17.6496430974664,5.58914810826878,0.9845
"9893",1,53,13,"BMA",14.7116552084753,4.93380719324538,0.972
"9894",1,53,14,"BMA",11.035863579852,4.44679096396054,0.927
"9895",1,53,15,"BMA",11.2685502376092,4.31891117311431,0.063
"9896",1,53,16,"BMA",5.41964786308498,3.82366644103695,0.257
"9897",1,53,17,"BMA",11.62146273868,4.38463359447105,0.0975
"9898",1,53,18,"BMA",7.00380843625034,3.84375382225127,0.2095
"9899",1,53,19,"BMA",3.22091334308671,3.45747571188059,0.3955
"9900",1,53,20,"BMA",2.54621496942792,3.30349819886916,0.5345
"9901",1,53,21,"BMA",7.52517287278772,3.90099378743344,0.0955
"9902",1,53,22,"BMA",3.1114435009599,3.24773147546638,0.2605
"9903",1,53,23,"BMA",1.65144298668554,2.82194356771342,0.458
"9904",1,53,24,"BMA",1.71705941421848,2.7608183009463,0.655
"9905",1,53,25,"BMA",5.3223776546112,3.73660951982546,0.9225
"9906",1,53,26,"BMA",3.64477809060429,3.26285440692664,0.863
"9907",1,53,27,"BMA",3.93947393535498,3.47750406889444,0.8815
"9908",1,53,28,"BMA",5.35377366264051,3.84836168321887,0.9405
"9909",1,53,29,"BMA",3.72044409725779,3.33563055714508,0.9065
"9910",1,53,30,"BMA",2.95820699849343,3.05998385310247,0.861
"9911",1,53,31,"BMA",1.47043424839163,2.63844316573711,0.697
"9912",1,53,32,"BMA",1.62469921528818,2.60324383570405,0.7495
"9913",1,53,33,"BMA",0.898868447937088,2.27393513742547,0.575
"9914",1,53,34,"BMA",0.848697043101786,2.18452454381194,0.532
"9915",1,53,35,"BMA",0.894067455018794,2.13726137718652,0.3895
"9916",1,53,36,"BMA",0.951585223635409,2.14940928014664,0.3565
"9917",1,53,37,"BMA",1.22309055634399,2.33753260557776,0.7525
"9918",1,53,38,"BMA",0.739602372422067,2.08219313611133,0.5875
"9919",1,53,1,"AVS",9.84337228281734,4.5502229744934,0.8915
"9920",1,53,2,"AVS",4.80213032760023,3.79698093177219,0.6965
"9921",1,53,3,"AVS",7.10547468309418,3.96593644706984,0.7945
"9922",1,53,4,"AVS",12.7903759501352,4.64140025693377,0.9145
"9923",1,53,5,"AVS",3.77440451282567,3.56030764647706,0.3355
"9924",1,53,6,"AVS",13.8587074360442,4.62782817086305,0.9315
"9925",1,53,7,"AVS",3.45270027845474,3.66284228839923,0.413
"9926",1,53,8,"AVS",6.09211640000204,3.85949398429105,0.2395
"9927",1,53,9,"AVS",4.98561143999714,3.68446711452695,0.618
"9928",1,53,10,"AVS",7.42599887988755,3.80717951813607,0.6845
"9929",1,53,11,"AVS",9.34714751840801,3.97357464404655,0.8145
"9930",1,53,12,"AVS",17.658227017569,5.53313556940532,0.9865
"9931",1,53,13,"AVS",13.7042752391139,4.93357419231408,0.9485
"9932",1,53,14,"AVS",6.12706906972426,3.69030418138288,0.121
"9933",1,53,15,"AVS",35.5746514722076,40.4734000292077,0
"9934",1,53,16,"AVS",5.47208680816717,3.82063107341254,0.235
"9935",1,53,17,"AVS",11.6209337754635,4.40875668542954,0.092
"9936",1,53,18,"AVS",6.96395982853258,3.98862741173408,0.1845
"9937",1,53,19,"AVS",3.17589294857255,3.42374838662912,0.3935
"9938",1,53,20,"AVS",2.5359153384243,3.27832824080802,0.571
"9939",1,53,21,"AVS",7.47673052960524,3.9139914400507,0.095
"9940",1,53,22,"AVS",3.10346433263383,3.189070340166,0.2735
"9941",1,53,23,"AVS",1.64898356531303,2.85246175184875,0.444
"9942",1,53,24,"AVS",1.71709324014365,2.77905709019531,0.648
"9943",1,53,25,"AVS",5.32471307996063,3.73245291555739,0.9155
"9944",1,53,26,"AVS",3.64733519958795,3.27444159320526,0.8635
"9945",1,53,27,"AVS",3.94268639831427,3.41402624106751,0.883
"9946",1,53,28,"AVS",5.36114857951422,3.82268899098944,0.946
"9947",1,53,29,"AVS",3.73386196034908,3.28753495156173,0.904
"9948",1,53,30,"AVS",2.9748571453884,3.0926297813521,0.8585
"9949",1,53,31,"AVS",1.47883012070236,2.59459285215906,0.7045
"9950",1,53,32,"AVS",1.6339604185086,2.62017140960654,0.745
"9951",1,53,33,"AVS",0.896955183372051,2.2928336911059,0.567
"9952",1,53,34,"AVS",0.846197749896692,2.16392913644631,0.5495
"9953",1,53,35,"AVS",0.897002569217423,2.19169510189605,0.3975
"9954",1,53,36,"AVS",0.959980401518575,2.0592437367962,0.3605
"9955",1,53,37,"AVS",1.19680900215664,2.23058036560901,0.737
"9956",1,53,38,"AVS",0.732036320291416,1.98595018676153,0.5975
"9957",1,53,1,"EQW",9.84337228281734,4.45165736630204,0.901
"9958",1,53,2,"EQW",6.3960127364249,3.94580074226759,0.797
"9959",1,53,3,"EQW",3.70725093241045,3.4532645889918,0.635
"9960",1,53,4,"EQW",6.18978349911204,3.80790416181612,0.8095
"9961",1,53,5,"EQW",4.41712310440171,3.68847965225046,0.5805
"9962",1,53,6,"EQW",22.1112564264986,6.1120166967215,0.98
"9963",1,53,7,"EQW",6.61398364859868,4.31674256300558,0.4905
"9964",1,53,8,"EQW",4.62961688015941,4.01310535848815,0.4385
"9965",1,53,9,"EQW",5.23839421614081,3.75115612121585,0.657
"9966",1,53,10,"EQW",4.4389295343702,3.8292762167052,0.566
"9967",1,53,11,"EQW",4.83695156942898,3.76743021446044,0.6125
"9968",1,53,12,"EQW",10.6003501066386,4.14029737701649,0.8725
"9969",1,53,13,"EQW",7.49224273858499,4.10286232746584,0.693
"9970",1,53,14,"EQW",6.67432555552622,4.04567471874,0.6325
"9971",1,53,15,"EQW",13.1685918189203,4.55468940403227,0.1775
"9972",1,53,16,"EQW",3.95217482074377,3.73746889013372,0.448
"9973",1,53,17,"EQW",9.06242357295492,4.20547577163376,0.2125
"9974",1,53,18,"EQW",4.99945098535482,3.71678522593654,0.2965
"9975",1,53,19,"EQW",3.28414345194644,3.51701798601582,0.414
"9976",1,53,20,"EQW",2.87271445087223,3.3760254019688,0.5045
"9977",1,53,21,"EQW",10.315201407797,4.25174371646882,0.068
"9978",1,53,22,"EQW",4.0857081384544,3.58903341797057,0.3305
"9979",1,53,23,"EQW",3.26354226113222,3.46020617427134,0.415
"9980",1,53,24,"EQW",2.77835139412462,3.33996444654503,0.449
"9981",1,53,25,"EQW",2.93939400524286,3.50396346999813,0.596
"9982",1,53,26,"EQW",2.5044608618193,3.29991273709025,0.481
"9983",1,53,27,"EQW",2.30522123691482,3.1759967006363,0.527
"9984",1,53,28,"EQW",2.47147400420617,3.27124958599748,0.6115
"9985",1,53,29,"EQW",2.15072467717366,3.16521141948828,0.542
"9986",1,53,30,"EQW",2.00205180795151,3.04625603818461,0.551
"9987",1,53,31,"EQW",1.82835053672885,2.89330956949816,0.466
"9988",1,53,32,"EQW",1.78854948696442,2.78908221737984,0.607
"9989",1,53,33,"EQW",1.51730773909796,2.7122825728766,0.491
"9990",1,53,34,"EQW",1.4660484724356,2.72835805303129,0.525
"9991",1,53,35,"EQW",1.45200901414632,2.63156025205472,0.462
"9992",1,53,36,"EQW",1.37928767328522,2.58605181185048,0.444
"9993",1,53,37,"EQW",2.10250444638832,2.97154267208811,0.726
"9994",1,53,38,"EQW",1.49170921363343,2.67627492469116,0.573
"9995",1,53,1,"SGP",9.84337228281734,4.44540758013101,0.885
"9996",1,53,2,"SGP",8.13548510655088,4.23941363118562,0.89
"9997",1,53,3,"SGP",3.2085229350523,3.20298170084472,0.668
"9998",1,53,4,"SGP",3.24627844402769,3.11248905249141,0.8265
"9999",1,53,5,"SGP",2.95106342669899,3.13484509857386,0.1815
"10000",1,53,6,"SGP",19.1617257533275,8.64099175223584,0.998
"10001",1,53,7,"SGP",21.3076165266561,7.44201271862105,0.014
"10002",1,53,8,"SGP",7.67040877147254,4.05866217603783,0.1055
"10003",1,53,9,"SGP",2.36336225217867,3.21172021003633,0.42
"10004",1,53,10,"SGP",5.67059861393392,3.65590547081306,0.1615
"10005",1,53,11,"SGP",5.36855048293321,3.51445762319277,0.151
"10006",1,53,12,"SGP",2.44498303792355,3.2000623739736,0.6435
"10007",1,53,13,"SGP",4.26103290505675,3.37787061122602,0.179
"10008",1,53,14,"SGP",6.06089022340966,3.71767643567191,0.1255
"10009",1,53,15,"SGP",35.3129767302645,8.49256680124694,0.001
"10010",1,53,16,"SGP",5.38813872821685,3.78044185936608,0.228
"10011",1,53,17,"SGP",18.9947597451094,5.58407322394083,0.015
"10012",1,53,18,"SGP",4.30997336024166,3.5648450777903,0.2885
"10013",1,53,19,"SGP",3.1606396047687,3.47189641868164,0.63
"10014",1,53,20,"SGP",3.09396272154953,3.41584767817357,0.6125
"10015",1,53,21,"SGP",9.4718777350552,4.1554581969553,0.087
"10016",1,53,22,"SGP",3.58208524485717,3.44069290988645,0.668
"10017",1,53,23,"SGP",6.12308017748177,3.82147051569432,0.816
"10018",1,53,24,"SGP",3.45410046566923,3.52451694757746,0.671
"10019",1,53,25,"SGP",4.45053693949154,3.52038613266784,0.7505
"10020",1,53,26,"SGP",2.56945785233171,3.38459265341178,0.436
"10021",1,53,27,"SGP",2.45919071922598,3.30748548603722,0.5165
"10022",1,53,28,"SGP",2.23884232412439,3.28150466557924,0.5065
"10023",1,53,29,"SGP",2.86838131692017,3.18829516353069,0.3085
"10024",1,53,30,"SGP",2.62543802259593,3.20904333862453,0.362
"10025",1,53,31,"SGP",3.04754494142663,3.33406634648989,0.3065
"10026",1,53,32,"SGP",2.35975668583723,3.21072509574709,0.603
"10027",1,53,33,"SGP",2.09263651639216,3.16510988471101,0.499
"10028",1,53,34,"SGP",2.15306631538941,3.16485836912369,0.5275
"10029",1,53,35,"SGP",2.18247244710011,3.24521152417041,0.5095
"10030",1,53,36,"SGP",2.08459520294581,3.16916455023751,0.514
"10031",1,53,37,"SGP",1.20827353204838,2.34305141137879,0.7645
"10032",1,53,38,"SGP",0.738977405409476,1.98707099583917,0.603
"10033",1,53,1,"SGP50",9.84337228281734,4.36143698961528,0.891
"10034",1,53,2,"SGP50",6.45153319840965,3.93418711306149,0.8065
"10035",1,53,3,"SGP50",3.71392362566689,3.4157226303695,0.6505
"10036",1,53,4,"SGP50",6.10938441145813,3.710585984376,0.8075
"10037",1,53,5,"SGP50",4.08497738205054,3.60589910893485,0.557
"10038",1,53,6,"SGP50",21.4471147746779,6.23840701459579,0.983
"10039",1,53,7,"SGP50",7.10725140846421,4.41433644671276,0.4425
"10040",1,53,8,"SGP50",4.69317285790964,3.8756564550645,0.382
"10041",1,53,9,"SGP50",4.25180867415267,3.61427821156701,0.6075
"10042",1,53,10,"SGP50",3.95551804089821,3.77585500502469,0.491
"10043",1,53,11,"SGP50",3.9489450337725,3.79686797213473,0.48
"10044",1,53,12,"SGP50",6.92532501190264,3.74010361965445,0.79
"10045",1,53,13,"SGP50",4.34097535196973,3.75436310048879,0.521
"10046",1,53,14,"SGP50",4.34228530819369,3.84024789897879,0.4225
"10047",1,53,15,"SGP50",22.3320879982928,5.22768709852459,0.075
"10048",1,53,16,"SGP50",4.26914379599198,3.6969000333525,0.3485
"10049",1,53,17,"SGP50",13.2656374502566,4.60689537693501,0.1115
"10050",1,53,18,"SGP50",5.28617984272595,3.72271284364508,0.2645
"10051",1,53,19,"SGP50",3.22311133338183,3.54683535568935,0.4705
"10052",1,53,20,"SGP50",2.95113644366456,3.37870726691581,0.5285
"10053",1,53,21,"SGP50",10.402290533732,4.36508745547652,0.0715
"10054",1,53,22,"SGP50",3.21282117615202,3.54921985743335,0.4535
"10055",1,53,23,"SGP50",3.41388860223312,3.54079832049624,0.5845
"10056",1,53,24,"SGP50",2.71248410640785,3.35745100341829,0.5395
"10057",1,53,25,"SGP50",3.51094996285247,3.54374044160301,0.6735
"10058",1,53,26,"SGP50",2.55453340108745,3.34349164558529,0.48
"10059",1,53,27,"SGP50",2.41375980623145,3.29495755958254,0.5735
"10060",1,53,28,"SGP50",2.50252996924032,3.27423349287606,0.5955
"10061",1,53,29,"SGP50",2.27376706223189,3.23652751355974,0.492
"10062",1,53,30,"SGP50",2.0736230803393,3.11655521395768,0.513
"10063",1,53,31,"SGP50",1.97861494659601,2.9548129446279,0.448
"10064",1,53,32,"SGP50",1.85965978935767,2.88698834815549,0.6175
"10065",1,53,33,"SGP50",1.49103039439856,2.73926112015764,0.5205
"10066",1,53,34,"SGP50",1.42383183913994,2.59852034672843,0.5355
"10067",1,53,35,"SGP50",1.37421189643289,2.55802674078349,0.471
"10068",1,53,36,"SGP50",1.27584371657331,2.50165464857555,0.4425
"10069",1,53,37,"SGP50",1.93032796728016,2.8228495291589,0.7235
"10070",1,53,38,"SGP50",1.26338111096969,2.54359407611176,0.568
"10071",1,54,1,"BMA",3.04383352027289,3.44090699663504,0.5005
"10072",1,54,2,"BMA",2.9307544370113,3.04859889791191,0.7535
"10073",1,54,3,"BMA",1.40359944854521,2.51234751292674,0.5845
"10074",1,54,4,"BMA",2.11239507156265,2.80104749435744,0.1925
"10075",1,54,5,"BMA",3.12224963291139,3.13021017324899,0.9145
"10076",1,54,6,"BMA",0.88293992489878,2.2333225642067,0.408
"10077",1,54,7,"BMA",3.49969959740635,3.2962149135224,0.945
"10078",1,54,8,"BMA",3.96416113396011,3.38874228581351,0.9525
"10079",1,54,9,"BMA",13.1636168855185,15.1620091604173,0.9995
"10080",1,54,10,"BMA",29.793391139724,6.88291216626387,0.997
"10081",1,54,11,"BMA",7.2159492429707,4.22899953662604,0.396
"10082",1,54,12,"BMA",11.110643259764,4.43440215537524,0.1415
"10083",1,54,13,"BMA",13.0116883148296,4.7359868886335,0.1515
"10084",1,54,14,"BMA",9.81075887890265,4.58803611018373,0.289
"10085",1,54,15,"BMA",5.51184097457335,4.04992137472543,0.453
"10086",1,54,16,"BMA",4.38058722779757,3.93160106086091,0.4965
"10087",1,54,17,"BMA",5.01031353161312,3.85168883850563,0.3745
"10088",1,54,18,"BMA",6.14377207391184,3.82921897177499,0.2585
"10089",1,54,19,"BMA",2.88775715804802,3.33893009894299,0.431
"10090",1,54,20,"BMA",5.12554903066104,3.70706783688107,0.798
"10091",1,54,21,"BMA",5.81815644135534,3.9639930010122,0.807
"10092",1,54,22,"BMA",2.96849646365978,3.55329894006875,0.5365
"10093",1,54,23,"BMA",2.30362614285152,3.23956821450053,0.5175
"10094",1,54,24,"BMA",3.15812832527919,3.20095942256931,0.275
"10095",1,54,25,"BMA",4.30900660294023,3.35100108894949,0.151
"10096",1,54,26,"BMA",4.815083738977,3.62190034890787,0.1325
"10097",1,54,27,"BMA",6.28659225209596,3.99639993893489,0.068
"10098",1,54,28,"BMA",3.2761704413414,3.27729742926698,0.213
"10099",1,54,29,"BMA",2.14299477393504,2.94189248490872,0.313
"10100",1,54,30,"BMA",1.72046976314839,2.68748425888977,0.2905
"10101",1,54,31,"BMA",1.10251169193203,2.44449180339127,0.4685
"10102",1,54,32,"BMA",1.03624880733965,2.34428417818854,0.419
"10103",1,54,33,"BMA",1.37486778552914,2.35125135456869,0.3005
"10104",1,54,34,"BMA",1.98002106062117,2.41325208111509,0.1685
"10105",1,54,35,"BMA",1.86634367099847,2.33013326019503,0.1695
"10106",1,54,36,"BMA",1.73262184339195,2.24135756854998,0.155
"10107",1,54,37,"BMA",0.985200381855237,1.80745452304817,0.2885
"10108",1,54,38,"BMA",0.579795597031339,1.63564694857522,0.4305
"10109",1,54,1,"AVS",3.04383352027289,3.44510909593047,0.491
"10110",1,54,2,"AVS",3.10958262917299,2.92834968389611,0.8245
"10111",1,54,3,"AVS",0.849321394627653,2.22284207366261,0.553
"10112",1,54,4,"AVS",2.37844257347321,2.76772690446694,0.105
"10113",1,54,5,"AVS",2.93232058673327,3.1306358651255,0.9265
"10114",1,54,6,"AVS",0.868615604743804,2.2860567056719,0.396
"10115",1,54,7,"AVS",3.47230498475287,3.31170750770806,0.9365
"10116",1,54,8,"AVS",3.94925380909023,3.39382252069176,0.9475
"10117",1,54,9,"AVS",13.1564203907538,15.1078616706817,1
"10118",1,54,10,"AVS",7.19877474772414,4.09617997625193,0.964
"10119",1,54,11,"AVS",41.5050364409541,189.002956140771,0
"10120",1,54,12,"AVS",16.052422097104,5.32218375504725,0.024
"10121",1,54,13,"AVS",15.9523784910855,5.05276142330255,0.025
"10122",1,54,14,"AVS",11.2191344694395,4.28633696350228,0.095
"10123",1,54,15,"AVS",6.7904572087586,3.88542788839402,0.211
"10124",1,54,16,"AVS",4.97045211221616,3.75766901207763,0.2835
"10125",1,54,17,"AVS",7.73545479038957,4.064204993117,0.154
"10126",1,54,18,"AVS",7.89368237880521,3.87239620799999,0.1425
"10127",1,54,19,"AVS",4.7963460683131,3.64220028827199,0.786
"10128",1,54,20,"AVS",6.67888536653869,3.81120426307763,0.8475
"10129",1,54,21,"AVS",3.03696986683669,3.56562261440333,0.522
"10130",1,54,22,"AVS",4.2895967776723,3.55310447394371,0.2605
"10131",1,54,23,"AVS",2.39374635492544,3.29655166311802,0.53
"10132",1,54,24,"AVS",3.24059790647019,3.39704074953463,0.3065
"10133",1,54,25,"AVS",2.14096653728268,3.19933018405318,0.505
"10134",1,54,26,"AVS",2.1127190687911,3.18921918731454,0.527
"10135",1,54,27,"AVS",2.31189434954393,3.14918663853341,0.4175
"10136",1,54,28,"AVS",2.2899885197398,3.15514099987691,0.609
"10137",1,54,29,"AVS",2.06428759559218,3.15459111530769,0.525
"10138",1,54,30,"AVS",2.25371525435447,3.19489510387969,0.4585
"10139",1,54,31,"AVS",2.30418865786377,3.21460053471655,0.593
"10140",1,54,32,"AVS",2.40414767989188,3.26380675996571,0.417
"10141",1,54,33,"AVS",2.00230096948635,3.16754919574306,0.4675
"10142",1,54,34,"AVS",1.74188876171412,3.03631960560321,0.478
"10143",1,54,35,"AVS",1.47094967010809,2.93088207563691,0.539
"10144",1,54,36,"AVS",1.50375412964217,2.52356889304801,0.513
"10145",1,54,37,"AVS",1.25306636249327,2.51217193807366,0.576
"10146",1,54,38,"AVS",1.27373013003238,2.54540639113592,0.5365
"10147",1,54,1,"EQW",3.04383352027289,3.4824082687558,0.509
"10148",1,54,2,"EQW",2.93264184609824,3.34129868220544,0.7055
"10149",1,54,3,"EQW",2.53270902201305,3.00928444520236,0.656
"10150",1,54,4,"EQW",2.35728489206072,3.19310276999934,0.4575
"10151",1,54,5,"EQW",5.31992703089476,3.62659852423463,0.8615
"10152",1,54,6,"EQW",3.44133893784683,3.20445137978799,0.69
"10153",1,54,7,"EQW",7.55758252593346,3.82065226136431,0.9115
"10154",1,54,8,"EQW",9.14253850947782,4.00803128993062,0.933
"10155",1,54,9,"EQW",19.0655842172034,6.07317686935596,0.9885
"10156",1,54,10,"EQW",23.8919381281002,5.04488125727857,0.987
"10157",1,54,11,"EQW",9.00455789034535,4.54685499099887,0.4325
"10158",1,54,12,"EQW",8.48662707280042,4.38595919754872,0.251
"10159",1,54,13,"EQW",10.2447532504034,4.45785058448814,0.193
"10160",1,54,14,"EQW",10.8159549492871,4.52043071106135,0.188
"10161",1,54,15,"EQW",4.60529408603949,3.88044479958838,0.428
"10162",1,54,16,"EQW",4.01927421523846,3.73458776393232,0.4765
"10163",1,54,17,"EQW",4.53017946977132,3.76760584355544,0.3835
"10164",1,54,18,"EQW",5.75180146042615,3.70073872934952,0.246
"10165",1,54,19,"EQW",3.4836544074331,3.62147292104483,0.446
"10166",1,54,20,"EQW",4.13865676109511,3.68971997824332,0.6955
"10167",1,54,21,"EQW",3.56051853662353,3.59484582347679,0.6435
"10168",1,54,22,"EQW",2.91738085494157,3.44048158488828,0.467
"10169",1,54,23,"EQW",2.36703545060874,3.24387926627276,0.551
"10170",1,54,24,"EQW",3.01091497192163,3.25493626995728,0.3205
"10171",1,54,25,"EQW",2.98237287913576,3.2901351142329,0.3115
"10172",1,54,26,"EQW",2.88968965583878,3.2709291636919,0.314
"10173",1,54,27,"EQW",3.69293963051783,3.36060088407174,0.233
"10174",1,54,28,"EQW",2.27710009181074,3.09623148157958,0.339
"10175",1,54,29,"EQW",1.83716560702386,2.84980088609235,0.3975
"10176",1,54,30,"EQW",1.72352839984935,2.79449560734134,0.4
"10177",1,54,31,"EQW",1.55440836196061,2.76174844800508,0.5695
"10178",1,54,32,"EQW",1.50159176520712,2.80356434005769,0.494
"10179",1,54,33,"EQW",1.47984206359032,2.66834979008677,0.4455
"10180",1,54,34,"EQW",1.48195147381726,2.56289469409253,0.3905
"10181",1,54,35,"EQW",1.31949724417112,2.51974603828732,0.3705
"10182",1,54,36,"EQW",1.33695833184081,2.33132931465383,0.3455
"10183",1,54,37,"EQW",1.05626775144448,2.27323387315315,0.406
"10184",1,54,38,"EQW",0.951517447027749,2.14786016610724,0.4235
"10185",1,54,1,"SGP",3.04383352027289,3.42087070199969,0.504
"10186",1,54,2,"SGP",3.21318725558082,2.98934854820621,0.813
"10187",1,54,3,"SGP",0.968816683322316,2.28058639867552,0.5605
"10188",1,54,4,"SGP",2.243837502525,2.73378362490287,0.1345
"10189",1,54,5,"SGP",3.00211882126058,3.13495707545548,0.9215
"10190",1,54,6,"SGP",0.88104738190409,2.25340932986898,0.422
"10191",1,54,7,"SGP",3.52362645990262,3.38559737639851,0.9425
"10192",1,54,8,"SGP",3.99894023201788,3.50163454127821,0.954
"10193",1,54,9,"SGP",13.1983009452944,14.219129626455,1
"10194",1,54,10,"SGP",7.29341523483499,4.17091085965873,0.962
"10195",1,54,11,"SGP",40.7922984515828,10.0747994173691,0.004
"10196",1,54,12,"SGP",15.9495320933928,5.46635580395124,0.015
"10197",1,54,13,"SGP",16.2415697195799,5.12031347507101,0.0215
"10198",1,54,14,"SGP",17.5341114719334,5.2038606029084,0.0205
"10199",1,54,15,"SGP",2.72167028607852,3.36250089111931,0.5125
"10200",1,54,16,"SGP",2.70976897440463,3.34742151190069,0.4505
"10201",1,54,17,"SGP",4.75989137396112,3.63193909209169,0.224
"10202",1,54,18,"SGP",4.88027304441274,3.48778590977705,0.2015
"10203",1,54,19,"SGP",4.81728031560581,3.5448323511792,0.7735
"10204",1,54,20,"SGP",6.76925598815362,3.9638827539256,0.8285
"10205",1,54,21,"SGP",2.84207079200591,3.45324786940119,0.4315
"10206",1,54,22,"SGP",4.25322748999469,3.58499641452747,0.2585
"10207",1,54,23,"SGP",2.38389787414508,3.22535259793939,0.554
"10208",1,54,24,"SGP",3.22520702123867,3.36771587825668,0.2975
"10209",1,54,25,"SGP",2.14101590637976,3.24246669791341,0.4985
"10210",1,54,26,"SGP",2.11591644902269,3.12494082045915,0.5055
"10211",1,54,27,"SGP",2.32171084727871,3.15849162032293,0.4205
"10212",1,54,28,"SGP",2.28218593865868,3.16003098730966,0.6295
"10213",1,54,29,"SGP",2.06173299923776,3.20364258908247,0.522
"10214",1,54,30,"SGP",2.24844838045607,3.21982695097998,0.4565
"10215",1,54,31,"SGP",2.29552021656806,3.1611171531633,0.6135
"10216",1,54,32,"SGP",2.39418956075365,3.39272084495513,0.432
"10217",1,54,33,"SGP",1.99778193894954,3.15474352744028,0.4495
"10218",1,54,34,"SGP",1.74044249754869,3.09722533569545,0.4805
"10219",1,54,35,"SGP",1.46900450511994,2.88410586406505,0.5455
"10220",1,54,36,"SGP",1.50173385970157,2.5290515789839,0.4855
"10221",1,54,37,"SGP",1.25012216935627,2.62073756997234,0.575
"10222",1,54,38,"SGP",1.27021306899452,2.55814919523256,0.5345
"10223",1,54,1,"SGP50",3.04383352027289,3.43739470995942,0.4615
"10224",1,54,2,"SGP50",2.92398887255658,3.22801545425706,0.6915
"10225",1,54,3,"SGP50",2.43315431292832,3.04788604061775,0.656
"10226",1,54,4,"SGP50",2.22579386371886,3.14107074617807,0.4625
"10227",1,54,5,"SGP50",5.04947032494941,3.54906300836375,0.8525
"10228",1,54,6,"SGP50",2.78870917258181,3.02425999937291,0.6405
"10229",1,54,7,"SGP50",6.4099662915075,3.70792598878289,0.916
"10230",1,54,8,"SGP50",7.28253224327057,3.86118548193945,0.9315
"10231",1,54,9,"SGP50",16.4813878022886,6.44119568552969,0.992
"10232",1,54,10,"SGP50",16.3217809026486,4.53474822473743,0.979
"10233",1,54,11,"SGP50",16.088889543382,4.75018953681404,0.22
"10234",1,54,12,"SGP50",10.9842215218278,4.55673341565743,0.1495
"10235",1,54,13,"SGP50",12.3226977948135,4.63947002704551,0.1185
"10236",1,54,14,"SGP50",12.9363990753743,4.63776876498018,0.1135
"10237",1,54,15,"SGP50",3.84133966613073,3.63557533896959,0.4265
"10238",1,54,16,"SGP50",3.42399663321163,3.66038057104069,0.4285
"10239",1,54,17,"SGP50",4.92784675787653,3.67831454703753,0.2655
"10240",1,54,18,"SGP50",5.88970276155474,3.7347470264443,0.207
"10241",1,54,19,"SGP50",3.4400814459464,3.64272577052255,0.5715
"10242",1,54,20,"SGP50",4.98638388114049,3.75780544323977,0.745
"10243",1,54,21,"SGP50",2.96898572024041,3.56566571382736,0.5245
"10244",1,54,22,"SGP50",3.55189779457362,3.58033292045126,0.349
"10245",1,54,23,"SGP50",2.42098169801329,3.34320413315696,0.529
"10246",1,54,24,"SGP50",3.36654786809738,3.36220192457038,0.2815
"10247",1,54,25,"SGP50",2.60672456919615,3.26877705635925,0.363
"10248",1,54,26,"SGP50",2.50084792599132,3.31946375536874,0.413
"10249",1,54,27,"SGP50",3.01622193116614,3.33836796053608,0.3205
"10250",1,54,28,"SGP50",2.12670743259171,3.1271934367553,0.463
"10251",1,54,29,"SGP50",1.9734307166882,3.15373803687226,0.461
"10252",1,54,30,"SGP50",1.99726243247471,3.03145874913326,0.4205
"10253",1,54,31,"SGP50",1.87869928243542,2.96204711712226,0.5795
"10254",1,54,32,"SGP50",1.89392711668278,3.0099879072109,0.442
"10255",1,54,33,"SGP50",1.77085383792521,2.90824857439051,0.4345
"10256",1,54,34,"SGP50",1.66512972642973,2.85696241206539,0.4065
"10257",1,54,35,"SGP50",1.41892261465363,2.71162194728819,0.438
"10258",1,54,36,"SGP50",1.43763085934719,2.47703560716417,0.3915
"10259",1,54,37,"SGP50",1.15294201043296,2.39073018857494,0.4585
"10260",1,54,38,"SGP50",1.10304519058735,2.33916235359063,0.461
"10261",1,55,1,"BMA",2.63003829058972,3.19376690737447,0.767
"10262",1,55,2,"BMA",1.52772443004964,2.7343047698517,0.43
"10263",1,55,3,"BMA",1.31264959430495,2.63350844439642,0.572
"10264",1,55,4,"BMA",2.08469073650145,2.88439091026131,0.7635
"10265",1,55,5,"BMA",3.09469430497766,3.16539870077601,0.8635
"10266",1,55,6,"BMA",2.71552468701389,2.83614594076045,0.802
"10267",1,55,7,"BMA",2.7623705514092,2.99089200486397,0.1755
"10268",1,55,8,"BMA",1.3316279996819,2.58159855564958,0.6055
"10269",1,55,9,"BMA",7.36764210749174,4.76003675966195,0.9785
"10270",1,55,10,"BMA",5.97655360008039,3.62033049000293,0.9145
"10271",1,55,11,"BMA",1.63575338577221,2.79766867084024,0.5765
"10272",1,55,12,"BMA",13.7673869777002,7.13495601900571,0.9975
"10273",1,55,13,"BMA",4.42423955322764,3.45232219056761,0.7635
"10274",1,55,14,"BMA",6.63412578940631,3.85253198265142,0.923
"10275",1,55,15,"BMA",3.75094254907232,3.37955365673382,0.217
"10276",1,55,16,"BMA",1.67148039613433,2.90430899717229,0.4595
"10277",1,55,17,"BMA",1.56530273041237,2.79740919109455,0.465
"10278",1,55,18,"BMA",3.32087697409292,3.1845417331453,0.1825
"10279",1,55,19,"BMA",1.4376711002624,2.72191546511863,0.5035
"10280",1,55,20,"BMA",1.93069224442454,2.83340238465742,0.691
"10281",1,55,21,"BMA",3.15886749534755,3.04095839694276,0.1725
"10282",1,55,22,"BMA",1.34104878375155,2.71913392015815,0.49
"10283",1,55,23,"BMA",3.08718873577808,3.08487521246752,0.19
"10284",1,55,24,"BMA",10.8297901929025,5.77938578606641,0.008
"10285",1,55,25,"BMA",1.99604689101692,2.87668662778545,0.316
"10286",1,55,26,"BMA",2.91974219491305,3.10753514785045,0.804
"10287",1,55,27,"BMA",5.42712562865885,3.65448117452896,0.077
"10288",1,55,28,"BMA",2.39075226020202,2.88067129379528,0.265
"10289",1,55,29,"BMA",3.84898405142967,3.17407520232358,0.1505
"10290",1,55,30,"BMA",3.81459651423512,3.30229040094362,0.8615
"10291",1,55,31,"BMA",1.52066842196425,2.80404565107889,0.4365
"10292",1,55,32,"BMA",1.27335977188779,2.62500213633259,0.524
"10293",1,55,33,"BMA",3.48078415956393,3.19936683035861,0.107
"10294",1,55,34,"BMA",2.59648093486316,2.94343497380053,0.1585
"10295",1,55,35,"BMA",4.17747578831404,3.59759385499832,0.101
"10296",1,55,36,"BMA",3.97011326330738,3.46484882416651,0.161
"10297",1,55,37,"BMA",1.9596818164995,2.89979004298811,0.332
"10298",1,55,38,"BMA",1.34321285266653,2.67503928303582,0.501
"10299",1,55,1,"AVS",2.63003829058972,3.11361669322314,0.787
"10300",1,55,2,"AVS",2.34682292001831,2.86605998979666,0.314
"10301",1,55,3,"AVS",1.32872964334024,2.71519508300045,0.5915
"10302",1,55,4,"AVS",2.20632187784969,2.96947854312394,0.783
"10303",1,55,5,"AVS",3.37730517612213,3.23286461300782,0.863
"10304",1,55,6,"AVS",2.74698867784197,2.98209590691819,0.8135
"10305",1,55,7,"AVS",2.69693272648868,3.07839961974862,0.1815
"10306",1,55,8,"AVS",1.33925140164563,2.60747322877785,0.5565
"10307",1,55,9,"AVS",7.13861608691197,4.39984806685994,0.9625
"10308",1,55,10,"AVS",6.78507746870329,3.92593443152842,0.9325
"10309",1,55,11,"AVS",1.25007148263588,2.65245791334754,0.4875
"10310",1,55,12,"AVS",14.1433961265775,8.67477103217903,1
"10311",1,55,13,"AVS",1.44110088918556,2.81140268680787,0.47
"10312",1,55,14,"AVS",5.53542665131924,3.64868246308169,0.9265
"10313",1,55,15,"AVS",5.10374480962537,3.62370363112402,0.0825
"10314",1,55,16,"AVS",1.4606761244406,2.7618452490148,0.502
"10315",1,55,17,"AVS",1.3724662303358,2.78848997773232,0.508
"10316",1,55,18,"AVS",2.92563981809564,3.04190226502054,0.202
"10317",1,55,19,"AVS",1.47294192843886,2.76227265993636,0.57
"10318",1,55,20,"AVS",2.40824492684176,2.94712570094508,0.7345
"10319",1,55,21,"AVS",2.74882253164661,2.98507373797102,0.2035
"10320",1,55,22,"AVS",1.40808212157474,2.70484399432311,0.5505
"10321",1,55,23,"AVS",2.46913601762556,2.95826792303611,0.233
"10322",1,55,24,"AVS",10.1900130995106,5.47661739186246,0.0125
"10323",1,55,25,"AVS",1.58976446574773,2.74266694456679,0.3885
"10324",1,55,26,"AVS",2.98288524433251,3.1128979469382,0.7975
"10325",1,55,27,"AVS",6.02783152114622,3.96742461804688,0.058
"10326",1,55,28,"AVS",2.49754418217003,3.01402632962846,0.262
"10327",1,55,29,"AVS",4.15205418915133,3.36534157900996,0.1125
"10328",1,55,30,"AVS",3.83833218930191,3.30003781010918,0.854
"10329",1,55,31,"AVS",2.32085200729665,3.00594788063693,0.2615
"10330",1,55,32,"AVS",1.67245496829588,2.74201606648817,0.3605
"10331",1,55,33,"AVS",5.24941940999942,3.53899532686566,0.0775
"10332",1,55,34,"AVS",1.93379580371314,2.83802554926252,0.2945
"10333",1,55,35,"AVS",2.99591215308456,3.08950690844348,0.1875
"10334",1,55,36,"AVS",2.56964246966294,2.98901842511594,0.235
"10335",1,55,37,"AVS",1.67277807718169,2.78907466473137,0.374
"10336",1,55,38,"AVS",1.3223865828579,2.64147981168858,0.554
"10337",1,55,1,"EQW",2.63003829058972,3.06051404117372,0.792
"10338",1,55,2,"EQW",1.39427430896536,2.64001136231296,0.488
"10339",1,55,3,"EQW",1.30958943383088,2.66515339710279,0.5615
"10340",1,55,4,"EQW",1.93928699314601,2.88455069538134,0.709
"10341",1,55,5,"EQW",3.00488830971381,3.15405985061729,0.834
"10342",1,55,6,"EQW",2.79021243788172,2.95326076801339,0.808
"10343",1,55,7,"EQW",2.65075683930139,2.96651097097115,0.1995
"10344",1,55,8,"EQW",1.31827233688174,2.62541449022384,0.585
"10345",1,55,9,"EQW",7.18474125509617,4.4233195226814,0.9705
"10346",1,55,10,"EQW",5.37732258945559,3.71331992523942,0.9185
"10347",1,55,11,"EQW",1.8474980324192,2.92567868454015,0.599
"10348",1,55,12,"EQW",14.0121665970887,6.43842456627252,0.993
"10349",1,55,13,"EQW",3.03662082545742,3.18559527105764,0.652
"10350",1,55,14,"EQW",7.23128164178968,3.95203908540335,0.9265
"10351",1,55,15,"EQW",2.67886206002926,3.23680669027299,0.3415
"10352",1,55,16,"EQW",1.88330032769933,2.98464775739409,0.5025
"10353",1,55,17,"EQW",1.83653150589466,3.00312053096566,0.4695
"10354",1,55,18,"EQW",2.94325927430079,3.16261561800798,0.263
"10355",1,55,19,"EQW",1.78294615312065,2.92944351547827,0.488
"10356",1,55,20,"EQW",2.26748501499115,2.99895522435086,0.655
"10357",1,55,21,"EQW",2.37177529625422,3.09417944773249,0.333
"10358",1,55,22,"EQW",1.55010067311313,2.86979643706147,0.533
"10359",1,55,23,"EQW",2.40634854212168,3.0446768070975,0.268
"10360",1,55,24,"EQW",10.1198723089203,4.71197952614291,0.029
"10361",1,55,25,"EQW",2.84342035515261,3.01194837104907,0.268
"10362",1,55,26,"EQW",2.56550593348602,3.00342737460135,0.734
"10363",1,55,27,"EQW",3.98945247497987,3.28061851929143,0.1675
"10364",1,55,28,"EQW",2.37096152869526,2.9201634832327,0.2745
"10365",1,55,29,"EQW",3.82637518855959,3.22979077773528,0.1505
"10366",1,55,30,"EQW",3.47172572090892,3.18708770740975,0.8275
"10367",1,55,31,"EQW",1.47203937454191,2.74219618656053,0.48
"10368",1,55,32,"EQW",1.33259410574697,2.68477324341716,0.5415
"10369",1,55,33,"EQW",3.27486878378227,3.08857422703784,0.156
"10370",1,55,34,"EQW",1.95833173068425,2.83389601285637,0.2925
"10371",1,55,35,"EQW",3.20845396138067,3.1721754961107,0.168
"10372",1,55,36,"EQW",3.90956713577705,3.49237073519506,0.167
"10373",1,55,37,"EQW",3.90623393925833,3.53347374596647,0.1825
"10374",1,55,38,"EQW",3.09618861728945,3.30521210799254,0.2365
"10375",1,55,1,"SGP",2.63003829058972,3.11791664640456,0.789
"10376",1,55,2,"SGP",1.25878853004143,2.66290419757177,0.5655
"10377",1,55,3,"SGP",1.44598867415651,2.5542442843044,0.683
"10378",1,55,4,"SGP",2.86662367161951,3.19267297041267,0.8685
"10379",1,55,5,"SGP",3.22570300758072,3.14993891256742,0.89
"10380",1,55,6,"SGP",2.51332133314172,2.7562616311854,0.8275
"10381",1,55,7,"SGP",3.00007394919927,3.21990071940313,0.1355
"10382",1,55,8,"SGP",1.38080262627694,2.57728349988064,0.6685
"10383",1,55,9,"SGP",7.72507825559772,4.96440512321493,0.987
"10384",1,55,10,"SGP",3.8615072685119,3.19784394929415,0.881
"10385",1,55,11,"SGP",1.33911579350678,2.59270615965654,0.37
"10386",1,55,12,"SGP",12.8974272031108,7.32934016818424,0.999
"10387",1,55,13,"SGP",1.55879178324885,2.75979951243836,0.407
"10388",1,55,14,"SGP",4.62538294677942,3.41166538418096,0.8935
"10389",1,55,15,"SGP",5.16249734506819,3.47360383812743,0.093
"10390",1,55,16,"SGP",1.55994422571495,2.75335821153514,0.3695
"10391",1,55,17,"SGP",1.56902140610896,2.71944435106503,0.362
"10392",1,55,18,"SGP",4.10058888216199,3.38085855871513,0.1125
"10393",1,55,19,"SGP",1.38926426418297,2.65329512750293,0.408
"10394",1,55,20,"SGP",1.50039571968488,2.71568257281683,0.6175
"10395",1,55,21,"SGP",3.7923803020768,3.145702227431,0.1195
"10396",1,55,22,"SGP",1.29209371517978,2.60888820416641,0.43
"10397",1,55,23,"SGP",3.76068291730923,3.28138849016368,0.116
"10398",1,55,24,"SGP",11.6562350532802,6.23160793201756,0.001
"10399",1,55,25,"SGP",1.67964207621568,2.75763413966509,0.3365
"10400",1,55,26,"SGP",2.96035816002251,3.12138353604799,0.811
"10401",1,55,27,"SGP",6.0676492547342,3.87302191008779,0.0555
"10402",1,55,28,"SGP",2.37226543154304,2.87637275980931,0.2495
"10403",1,55,29,"SGP",2.59404584829527,3.02649196105017,0.2265
"10404",1,55,30,"SGP",6.44643411223164,3.87056922991873,0.939
"10405",1,55,31,"SGP",1.83256361182639,2.93195808640384,0.3395
"10406",1,55,32,"SGP",1.40293891443003,2.77102356403444,0.488
"10407",1,55,33,"SGP",3.62725515502653,3.23200088830757,0.166
"10408",1,55,34,"SGP",1.52296627723191,2.80973901490088,0.492
"10409",1,55,35,"SGP",1.77538160596544,2.8736448871592,0.3475
"10410",1,55,36,"SGP",1.61948440570755,2.73670762944358,0.389
"10411",1,55,37,"SGP",1.33028469527904,2.71080179013309,0.48
"10412",1,55,38,"SGP",1.36021099602001,2.63794796937248,0.6215
"10413",1,55,1,"SGP50",2.63003829058972,3.14457778619667,0.7955
"10414",1,55,2,"SGP50",1.3876257425917,2.72772860412604,0.4805
"10415",1,55,3,"SGP50",1.30803036071803,2.6687815772197,0.59
"10416",1,55,4,"SGP50",1.9749717848147,2.85741581488893,0.712
"10417",1,55,5,"SGP50",3.03622690640354,3.10224546799972,0.847
"10418",1,55,6,"SGP50",2.78185800853773,3.04907417664697,0.81
"10419",1,55,7,"SGP50",2.67200787259744,2.90938665855178,0.1905
"10420",1,55,8,"SGP50",1.31907483686871,2.61354742698928,0.583
"10421",1,55,9,"SGP50",7.2213315583681,4.28668380807283,0.962
"10422",1,55,10,"SGP50",5.24054888265148,3.61386316338884,0.9235
"10423",1,55,11,"SGP50",1.75229254469879,2.85816729467863,0.5855
"10424",1,55,12,"SGP50",13.9236163404968,6.42564119310134,0.997
"10425",1,55,13,"SGP50",2.72819587586593,3.20268676605916,0.6275
"10426",1,55,14,"SGP50",6.88366668977731,3.95472453355321,0.9255
"10427",1,55,15,"SGP50",2.8410538261303,3.26935922619188,0.308
"10428",1,55,16,"SGP50",1.79488497420078,2.94514214633225,0.5
"10429",1,55,17,"SGP50",1.73104153269757,2.93210914565796,0.491
"10430",1,55,18,"SGP50",2.99090377769407,3.29279139545239,0.2385
"10431",1,55,19,"SGP50",1.66115793076586,2.84714226857489,0.4905
"10432",1,55,20,"SGP50",2.16492569692931,2.94129893181477,0.6805
"10433",1,55,21,"SGP50",2.53009480642371,3.05053028110385,0.2725
"10434",1,55,22,"SGP50",1.48001767908792,2.82091411144004,0.5165
"10435",1,55,23,"SGP50",2.55706114849526,3.04034861350428,0.253
"10436",1,55,24,"SGP50",10.3547909338107,5.1346299916061,0.0205
"10437",1,55,25,"SGP50",2.42387136082592,2.99381249424307,0.289
"10438",1,55,26,"SGP50",2.68447214038718,3.09549022012363,0.7395
"10439",1,55,27,"SGP50",4.52403039679535,3.44877371928267,0.131
"10440",1,55,28,"SGP50",2.37718174394924,2.90042302964037,0.2745
"10441",1,55,29,"SGP50",3.66384684475322,3.16757018290886,0.153
"10442",1,55,30,"SGP50",3.87476445508466,3.30077615507693,0.8505
"10443",1,55,31,"SGP50",1.56615103030078,2.82853460008566,0.4355
"10444",1,55,32,"SGP50",1.33837114731936,2.68158715874873,0.5405
"10445",1,55,33,"SGP50",3.51745277358004,3.12186307362482,0.1485
"10446",1,55,34,"SGP50",1.875690444788,2.80388067643485,0.3205
"10447",1,55,35,"SGP50",3.0030663635085,3.13623392878078,0.1785
"10448",1,55,36,"SGP50",3.47433023315501,3.23790562476423,0.1835
"10449",1,55,37,"SGP50",3.32109723504497,3.2965151498064,0.2285
"10450",1,55,38,"SGP50",2.56360015444603,3.26897102395908,0.3075
"10451",1,56,1,"BMA",3.16618659893795,3.44134419121554,0.782
"10452",1,56,2,"BMA",11.3007284210144,4.60561184918925,0.9435
"10453",1,56,3,"BMA",4.14937141685863,3.74605413814411,0.672
"10454",1,56,4,"BMA",3.85186312560426,3.75099933104223,0.55
"10455",1,56,5,"BMA",11.9048224380335,4.3857376500158,0.876
"10456",1,56,6,"BMA",3.97258335792958,3.64649207623006,0.636
"10457",1,56,7,"BMA",5.56653198361402,3.83536842080509,0.7375
"10458",1,56,8,"BMA",3.4953560022437,3.62654094472927,0.555
"10459",1,56,9,"BMA",6.5273764227358,3.90755875043215,0.2415
"10460",1,56,10,"BMA",12.065567066659,4.29023794703011,0.85
"10461",1,56,11,"BMA",19.5361645990221,4.83991127736274,0.9525
"10462",1,56,12,"BMA",29.5162372412117,5.67865907893721,0.9865
"10463",1,56,13,"BMA",14.3035283278904,4.2938401164669,0.8525
"10464",1,56,14,"BMA",6.33388823343739,4.03676092332763,0.497
"10465",1,56,15,"BMA",5.11923082525133,3.89681055487364,0.524
"10466",1,56,16,"BMA",8.58090557360721,4.00965258909034,0.7985
"10467",1,56,17,"BMA",3.92312359977116,3.58533429984578,0.6265
"10468",1,56,18,"BMA",5.04021066336379,3.82046425664237,0.2755
"10469",1,56,19,"BMA",9.26964032038174,4.19725353706952,0.142
"10470",1,56,20,"BMA",8.03171963837383,4.03638192938897,0.125
"10471",1,56,21,"BMA",7.99400857839598,3.95451648377518,0.1075
"10472",1,56,22,"BMA",4.85815530533949,3.49009371761521,0.195
"10473",1,56,23,"BMA",8.86981528280936,4.25516629537435,0.072
"10474",1,56,24,"BMA",2.05132636633241,3.02481319060347,0.416
"10475",1,56,25,"BMA",3.23579269395146,3.20045234611736,0.761
"10476",1,56,26,"BMA",2.87102525262,3.16721629654495,0.781
"10477",1,56,27,"BMA",3.94484991776437,3.25665982389827,0.8415
"10478",1,56,28,"BMA",2.08967596132656,2.91359452504007,0.7405
"10479",1,56,29,"BMA",3.7293134166278,3.26699869162172,0.8765
"10480",1,56,30,"BMA",3.50748742075996,3.28537268274688,0.869
"10481",1,56,31,"BMA",9.89633666515178,5.97539036020419,0.9945
"10482",1,56,32,"BMA",4.93128243358511,3.85490531799346,0.941
"10483",1,56,33,"BMA",7.01344171961879,4.58739103876664,0.977
"10484",1,56,34,"BMA",6.83923520230508,4.3018385962768,0.958
"10485",1,56,35,"BMA",3.15797862137106,3.13242189379356,0.8725
"10486",1,56,36,"BMA",2.99445647193765,2.89252546383558,0.853
"10487",1,56,37,"BMA",2.78023287694447,3.00702435986235,0.8395
"10488",1,56,38,"BMA",1.28223623380094,2.4930878491769,0.674
"10489",1,56,1,"AVS",3.16618659893795,3.55484116511711,0.782
"10490",1,56,2,"AVS",11.4947140056279,5.06266641969412,0.967
"10491",1,56,3,"AVS",5.76003375793541,3.78849208689319,0.8
"10492",1,56,4,"AVS",3.59712405030443,3.69911903159829,0.523
"10493",1,56,5,"AVS",10.5763594631714,4.39072634720796,0.8865
"10494",1,56,6,"AVS",3.36548960827492,3.56611085937536,0.5975
"10495",1,56,7,"AVS",5.34049950211427,3.78907640583359,0.702
"10496",1,56,8,"AVS",3.47511716000926,3.61998395084095,0.5175
"10497",1,56,9,"AVS",6.53961014321061,3.88388741308482,0.245
"10498",1,56,10,"AVS",12.0679407947122,4.24433038080301,0.8445
"10499",1,56,11,"AVS",19.5397644365336,4.83488009133674,0.9495
"10500",1,56,12,"AVS",2.50573321262091,3.15871792766374,0.643
"10501",1,56,13,"AVS",14.1541273106,5.33579145457171,0.01
"10502",1,56,14,"AVS",25.9224866913931,11.0537626747823,0
"10503",1,56,15,"AVS",3.72595072014864,3.37197371089498,0.2795
"10504",1,56,16,"AVS",2.47959766979002,3.23731441014031,0.481
"10505",1,56,17,"AVS",9.3215865654406,4.22263624497101,0.075
"10506",1,56,18,"AVS",5.99031606753164,3.69759294816597,0.1735
"10507",1,56,19,"AVS",13.4428216455782,4.84476678037792,0.033
"10508",1,56,20,"AVS",2.50279542814812,3.31674575947365,0.513
"10509",1,56,21,"AVS",2.60653851962583,3.33374635195812,0.41
"10510",1,56,22,"AVS",2.91673865878772,3.36020396668916,0.6505
"10511",1,56,23,"AVS",4.88429416634233,3.60800522813903,0.213
"10512",1,56,24,"AVS",10.0474919832565,4.33792899870221,0.9275
"10513",1,56,25,"AVS",2.47432895420156,3.26515725197662,0.545
"10514",1,56,26,"AVS",2.61826068043184,3.27501889309231,0.369
"10515",1,56,27,"AVS",2.63243018668192,3.33332854526227,0.5985
"10516",1,56,28,"AVS",2.83774295150975,3.29451390719132,0.369
"10517",1,56,29,"AVS",3.12108292382424,3.34397104053472,0.7155
"10518",1,56,30,"AVS",2.11596430599893,3.24688517149074,0.5045
"10519",1,56,31,"AVS",4.70289152098817,3.6033926131064,0.7985
"10520",1,56,32,"AVS",3.99800126330523,3.29585298925711,0.2225
"10521",1,56,33,"AVS",2.91478158036295,3.24876917171434,0.671
"10522",1,56,34,"AVS",2.04797346823477,3.11281729107616,0.547
"10523",1,56,35,"AVS",2.63264291141881,3.2679252505555,0.342
"10524",1,56,36,"AVS",2.3788883561431,3.14149819014101,0.622
"10525",1,56,37,"AVS",2.12781227152818,3.10710822568095,0.561
"10526",1,56,38,"AVS",2.19312232636654,3.02628682958653,0.4445
"10527",1,56,1,"EQW",3.16618659893795,3.60295421950743,0.8025
"10528",1,56,2,"EQW",12.9871569285954,4.96157745036081,0.965
"10529",1,56,3,"EQW",3.57704386977847,3.47049590592875,0.6705
"10530",1,56,4,"EQW",3.86299254681805,3.51882909279688,0.673
"10531",1,56,5,"EQW",15.0326379858384,4.91044706236505,0.93
"10532",1,56,6,"EQW",6.28719278833655,4.02039416563698,0.6365
"10533",1,56,7,"EQW",9.74725940771956,4.1015878212752,0.8505
"10534",1,56,8,"EQW",5.42846801719459,3.96395012617718,0.629
"10535",1,56,9,"EQW",5.1597118510853,3.98999736730201,0.3415
"10536",1,56,10,"EQW",9.8984849380381,4.13866285209782,0.865
"10537",1,56,11,"EQW",10.0782356851186,4.1013309090075,0.8215
"10538",1,56,12,"EQW",13.7534937478147,4.34308500968418,0.888
"10539",1,56,13,"EQW",6.60574217335532,4.41506722596445,0.5645
"10540",1,56,14,"EQW",8.13442367573471,4.2325901871413,0.2655
"10541",1,56,15,"EQW",3.53619020476969,3.63499270433648,0.4465
"10542",1,56,16,"EQW",5.75769359636689,3.84455102492173,0.7205
"10543",1,56,17,"EQW",4.55225869182831,3.94885325693689,0.509
"10544",1,56,18,"EQW",4.61368735077501,3.8742952142902,0.3845
"10545",1,56,19,"EQW",7.51053024886754,4.04790984393841,0.231
"10546",1,56,20,"EQW",4.74744304863214,3.6498857702743,0.298
"10547",1,56,21,"EQW",6.13899045125377,3.77979266851648,0.208
"10548",1,56,22,"EQW",4.66532431273925,3.79627986916934,0.2655
"10549",1,56,23,"EQW",10.3032450637676,4.31866956864509,0.0945
"10550",1,56,24,"EQW",4.02953034190285,3.71590316160182,0.3915
"10551",1,56,25,"EQW",3.08859187401077,3.47518163971129,0.4245
"10552",1,56,26,"EQW",3.43168549147069,3.49530696995112,0.348
"10553",1,56,27,"EQW",2.87998935385713,3.4862220349939,0.4725
"10554",1,56,28,"EQW",3.40607471440023,3.41149403107522,0.358
"10555",1,56,29,"EQW",2.69956878174212,3.38685649520268,0.536
"10556",1,56,30,"EQW",2.54267281031114,3.33348086641328,0.487
"10557",1,56,31,"EQW",3.97305239269756,3.43229901084541,0.727
"10558",1,56,32,"EQW",2.58912286095743,3.37933348740556,0.429
"10559",1,56,33,"EQW",2.93220771296816,3.33731961480525,0.6805
"10560",1,56,34,"EQW",2.87229288760403,3.39410442829538,0.684
"10561",1,56,35,"EQW",2.03905591428154,3.10444875865974,0.5415
"10562",1,56,36,"EQW",2.14689186867134,3.09026505049398,0.647
"10563",1,56,37,"EQW",2.12657782768327,3.09508530217387,0.6545
"10564",1,56,38,"EQW",1.61364934089587,2.78373761262365,0.5355
"10565",1,56,1,"SGP",3.16618659893795,3.62722757496349,0.7875
"10566",1,56,2,"SGP",15.3054102993057,9.36573581892343,0.9925
"10567",1,56,3,"SGP",2.13294659099615,3.05435779190417,0.639
"10568",1,56,4,"SGP",2.50594731589791,3.03919049268979,0.7315
"10569",1,56,5,"SGP",15.7506366587593,6.88009682937018,0.997
"10570",1,56,6,"SGP",6.22800031589566,3.92603899889451,0.1345
"10571",1,56,7,"SGP",3.93556804086438,3.36566448777846,0.741
"10572",1,56,8,"SGP",5.27228844393172,3.5940110733574,0.181
"10573",1,56,9,"SGP",12.7176131750721,5.3127097584496,0.0215
"10574",1,56,10,"SGP",4.91182895846559,3.57247601532331,0.8095
"10575",1,56,11,"SGP",2.14967564328808,3.12288122720049,0.4895
"10576",1,56,12,"SGP",2.54316420115815,3.14979161995482,0.6575
"10577",1,56,13,"SGP",13.9621505465363,5.21164525551839,0.02
"10578",1,56,14,"SGP",25.6892484130586,8.25881539781954,0.0015
"10579",1,56,15,"SGP",3.71958467352393,3.4649748063071,0.2755
"10580",1,56,16,"SGP",2.48843050920632,3.28950833066078,0.4735
"10581",1,56,17,"SGP",9.23536412839917,4.12124389150061,0.082
"10582",1,56,18,"SGP",5.97427982819432,3.73682694983052,0.1725
"10583",1,56,19,"SGP",13.3875999724287,4.85031919503865,0.027
"10584",1,56,20,"SGP",2.50978377861805,3.35191290523341,0.5435
"10585",1,56,21,"SGP",2.62299025637265,3.31385453787915,0.4295
"10586",1,56,22,"SGP",2.90702058311592,3.36567638888631,0.671
"10587",1,56,23,"SGP",4.91605367234017,3.64037916081677,0.228
"10588",1,56,24,"SGP",9.94659723191382,4.33665783657464,0.916
"10589",1,56,25,"SGP",2.47607999295068,3.25290920501471,0.538
"10590",1,56,26,"SGP",2.62435388423714,3.20617652770303,0.3855
"10591",1,56,27,"SGP",2.6298955836741,3.26511696581622,0.6075
"10592",1,56,28,"SGP",2.8414843472107,3.24612936218616,0.379
"10593",1,56,29,"SGP",3.11233713320285,3.36975029147311,0.695
"10594",1,56,30,"SGP",2.11887376294495,3.20827518785644,0.5045
"10595",1,56,31,"SGP",4.69665056763968,3.57571206293133,0.803
"10596",1,56,32,"SGP",3.97991396857302,3.3015059258064,0.2195
"10597",1,56,33,"SGP",2.91438296619608,3.25713702278332,0.674
"10598",1,56,34,"SGP",2.05256971073172,3.07055116848947,0.5465
"10599",1,56,35,"SGP",2.62393368205207,3.2067312275853,0.3655
"10600",1,56,36,"SGP",2.37587351417924,3.17417165266199,0.6085
"10601",1,56,37,"SGP",2.12677903639626,3.15650460829577,0.578
"10602",1,56,38,"SGP",2.18511208679848,3.06135216448992,0.434
"10603",1,56,1,"SGP50",3.16618659893795,3.53207725607818,0.771
"10604",1,56,2,"SGP50",13.1031469125291,5.04287226977945,0.9645
"10605",1,56,3,"SGP50",3.54685240050461,3.4628459919508,0.6785
"10606",1,56,4,"SGP50",3.82872878907683,3.56710724839096,0.677
"10607",1,56,5,"SGP50",15.3470944402379,5.05566271037348,0.936
"10608",1,56,6,"SGP50",5.7888276418561,4.05937414438849,0.615
"10609",1,56,7,"SGP50",8.8019254312379,3.93750248283648,0.8375
"10610",1,56,8,"SGP50",4.64241400317604,3.89998322694815,0.558
"10611",1,56,9,"SGP50",6.15889617402473,4.1379653194754,0.2825
"10612",1,56,10,"SGP50",8.72828993412969,3.9523468886567,0.8685
"10613",1,56,11,"SGP50",7.13229799665668,3.81525161310153,0.742
"10614",1,56,12,"SGP50",8.60225240559728,3.88204085097967,0.8015
"10615",1,56,13,"SGP50",7.16103352967913,4.48588965422432,0.328
"10616",1,56,14,"SGP50",14.5848698940522,4.75348464129732,0.135
"10617",1,56,15,"SGP50",3.48926053966749,3.48725240774862,0.3745
"10618",1,56,16,"SGP50",3.64787151419321,3.57247359449189,0.5985
"10619",1,56,17,"SGP50",5.58165347169172,4.03325338704873,0.2935
"10620",1,56,18,"SGP50",5.16742592943486,3.91692587950333,0.282
"10621",1,56,19,"SGP50",10.317751503386,4.33309584976866,0.1265
"10622",1,56,20,"SGP50",3.35697051891989,3.51132269190127,0.4055
"10623",1,56,21,"SGP50",4.02388447949121,3.50743593621555,0.2995
"10624",1,56,22,"SGP50",3.09171083814541,3.54007213865291,0.4705
"10625",1,56,23,"SGP50",7.22235668952335,3.83370975860377,0.1765
"10626",1,56,24,"SGP50",5.60649711454236,4.07896703881656,0.687
"10627",1,56,25,"SGP50",2.70006791729369,3.35042055590322,0.49
"10628",1,56,26,"SGP50",3.06092507569938,3.44715487209849,0.378
"10629",1,56,27,"SGP50",2.61547310339606,3.29895679602908,0.5185
"10630",1,56,28,"SGP50",3.14517047830201,3.3044320953425,0.369
"10631",1,56,29,"SGP50",2.74240064846581,3.31430883217529,0.6005
"10632",1,56,30,"SGP50",2.30855004388731,3.3295753487109,0.487
"10633",1,56,31,"SGP50",4.2748096624209,3.5156397237291,0.763
"10634",1,56,32,"SGP50",3.11073432006862,3.30586361365106,0.329
"10635",1,56,33,"SGP50",2.86111658998568,3.24786954344652,0.6605
"10636",1,56,34,"SGP50",2.36467619871546,3.22329843901119,0.5985
"10637",1,56,35,"SGP50",2.17319653096557,3.11875068894263,0.43
"10638",1,56,36,"SGP50",2.19382075230545,3.04840696468096,0.633
"10639",1,56,37,"SGP50",2.06555877605563,3.1169745192336,0.636
"10640",1,56,38,"SGP50",1.72712422911682,2.81583456701482,0.518
"10641",1,57,1,"BMA",3.20775153200395,3.51338251168205,0.5405
"10642",1,57,2,"BMA",2.05647047651893,3.05991362876712,0.412
"10643",1,57,3,"BMA",1.28975270358457,2.41654185257555,0.566
"10644",1,57,4,"BMA",8.76988061838759,6.34766400259645,0.987
"10645",1,57,5,"BMA",13.2409790216641,4.97166950092252,0.9545
"10646",1,57,6,"BMA",9.0718331345139,4.20903002389786,0.863
"10647",1,57,7,"BMA",6.55609059764788,3.92534007204409,0.799
"10648",1,57,8,"BMA",16.291654548025,5.08474288558801,0.947
"10649",1,57,9,"BMA",20.4245807995315,5.38406140632489,0.9655
"10650",1,57,10,"BMA",4.25151723021792,3.81901227182587,0.588
"10651",1,57,11,"BMA",3.92148027730565,3.69991425180537,0.5605
"10652",1,57,12,"BMA",6.06043753715431,3.99444019111803,0.2925
"10653",1,57,13,"BMA",5.08616410790584,3.78110674676628,0.6105
"10654",1,57,14,"BMA",9.99623430644272,4.19445680132669,0.7905
"10655",1,57,15,"BMA",5.04950341190516,3.82013211655566,0.4885
"10656",1,57,16,"BMA",5.94578021598901,4.0462590889051,0.334
"10657",1,57,17,"BMA",4.38275175984429,3.88701880339036,0.4025
"10658",1,57,18,"BMA",11.0186176011498,4.4348634096296,0.162
"10659",1,57,19,"BMA",3.79854085167209,3.69870329154008,0.4875
"10660",1,57,20,"BMA",6.30196202741137,3.97496304269032,0.7715
"10661",1,57,21,"BMA",10.2402481614196,4.38267457780343,0.8425
"10662",1,57,22,"BMA",4.30890970612522,3.84685050761877,0.4615
"10663",1,57,23,"BMA",3.73160442914432,3.65095615741044,0.416
"10664",1,57,24,"BMA",3.91247879473662,3.57728908151485,0.3705
"10665",1,57,25,"BMA",5.00584829056866,3.78515224353477,0.288
"10666",1,57,26,"BMA",5.21119298876206,3.62174595923204,0.23
"10667",1,57,27,"BMA",3.31311353092558,3.32118582422691,0.325
"10668",1,57,28,"BMA",2.73182323771841,3.21180896377131,0.354
"10669",1,57,29,"BMA",4.21300863855403,3.33219573591935,0.186
"10670",1,57,30,"BMA",2.9097314869362,3.09185142112549,0.264
"10671",1,57,31,"BMA",2.89797913941351,3.08491332358161,0.2395
"10672",1,57,32,"BMA",2.1365236106191,2.89272995455557,0.287
"10673",1,57,33,"BMA",3.90305520436778,3.2423437376213,0.147
"10674",1,57,34,"BMA",4.45959444029876,3.3731744834618,0.08
"10675",1,57,35,"BMA",4.03542583851064,3.28675560464509,0.1
"10676",1,57,36,"BMA",1.64091245654347,2.5428588671494,0.275
"10677",1,57,37,"BMA",3.44764210548416,3.07889859869643,0.0995
"10678",1,57,38,"BMA",2.35086142030849,2.63617439354816,0.1565
"10679",1,57,1,"AVS",3.20775153200395,3.58723172718039,0.5655
"10680",1,57,2,"AVS",1.74495922697016,2.9326333990594,0.4325
"10681",1,57,3,"AVS",1.08211076990809,2.26651038815871,0.5845
"10682",1,57,4,"AVS",8.85073220444877,7.71275437142398,0.9985
"10683",1,57,5,"AVS",9.66545624897017,6.53028238030888,0.9945
"10684",1,57,6,"AVS",3.55343958442803,3.18907922567359,0.8475
"10685",1,57,7,"AVS",1.11995710592585,2.48587027450836,0.401
"10686",1,57,8,"AVS",12.4909326887292,10.3658450544341,1
"10687",1,57,9,"AVS",1.85569951511438,2.86207374873689,0.687
"10688",1,57,10,"AVS",22.8244107004447,13.2483096655272,0
"10689",1,57,11,"AVS",4.74965983490378,3.58511898174597,0.813
"10690",1,57,12,"AVS",17.6589723185209,7.23872049420523,0
"10691",1,57,13,"AVS",3.40726820682428,3.42947324571856,0.538
"10692",1,57,14,"AVS",1.982981920031,3.10551116130119,0.445
"10693",1,57,15,"AVS",16.3132106547788,6.83988344826931,0.002
"10694",1,57,16,"AVS",13.0202891991494,5.23688541178615,0.0935
"10695",1,57,17,"AVS",4.62685865698226,3.99617882156871,0.4645
"10696",1,57,18,"AVS",8.97951407339727,4.14930301022325,0.2205
"10697",1,57,19,"AVS",3.77835392034514,3.70658278807916,0.5385
"10698",1,57,20,"AVS",8.07391852376502,4.09548913750375,0.842
"10699",1,57,21,"AVS",15.4735552069966,5.09320731891555,0.964
"10700",1,57,22,"AVS",4.52308635233393,3.6718924955748,0.2795
"10701",1,57,23,"AVS",2.32402694965837,3.14423469349589,0.417
"10702",1,57,24,"AVS",2.1027165066577,3.25122479182392,0.421
"10703",1,57,25,"AVS",2.77270866927035,3.2811628838867,0.3305
"10704",1,57,26,"AVS",2.38977618702706,3.20184037340119,0.378
"10705",1,57,27,"AVS",2.3923364182238,3.16559269562482,0.641
"10706",1,57,28,"AVS",2.29930672072359,3.19754481993181,0.6005
"10707",1,57,29,"AVS",2.36532580644843,3.12467899562859,0.367
"10708",1,57,30,"AVS",2.99441168174307,3.1769176488552,0.713
"10709",1,57,31,"AVS",1.9009306459561,3.07329809604384,0.558
"10710",1,57,32,"AVS",2.16429649918027,3.09251816322741,0.6385
"10711",1,57,33,"AVS",2.09654727363058,3.03074647868584,0.421
"10712",1,57,34,"AVS",1.90711126264056,2.98301765480131,0.5605
"10713",1,57,35,"AVS",2.1072384902997,3.1304738651287,0.6465
"10714",1,57,36,"AVS",2.64680991110057,3.10199081161918,0.69
"10715",1,57,37,"AVS",2.25457304234741,2.98926984440457,0.3455
"10716",1,57,38,"AVS",2.15689858696075,2.98812796298839,0.6175
"10717",1,57,1,"EQW",3.20775153200395,3.53834022129692,0.529
"10718",1,57,2,"EQW",2.38193452335019,3.19467104394149,0.393
"10719",1,57,3,"EQW",2.00052007190487,2.88810708278383,0.565
"10720",1,57,4,"EQW",8.3883041847729,4.4464713955949,0.9075
"10721",1,57,5,"EQW",12.7717732802003,4.96858582663834,0.9535
"10722",1,57,6,"EQW",9.22631902599459,3.91395665363094,0.887
"10723",1,57,7,"EQW",6.54226400455351,3.55193011824013,0.75
"10724",1,57,8,"EQW",17.9268434311197,5.35016461145935,0.9675
"10725",1,57,9,"EQW",16.7417633789063,4.31195114023207,0.911
"10726",1,57,10,"EQW",7.43802464753298,4.39748248314591,0.5365
"10727",1,57,11,"EQW",7.44042771988748,3.93089283880584,0.7665
"10728",1,57,12,"EQW",6.50289184193643,4.26284409545031,0.3665
"10729",1,57,13,"EQW",5.73399822809499,3.7651117911141,0.688
"10730",1,57,14,"EQW",7.19492041580875,3.89746340398441,0.7175
"10731",1,57,15,"EQW",6.21657360004095,4.25448578209149,0.397
"10732",1,57,16,"EQW",6.90225799232404,4.22707565295735,0.301
"10733",1,57,17,"EQW",3.64951417252933,3.66871439283029,0.513
"10734",1,57,18,"EQW",9.88583800117357,4.36693335268255,0.152
"10735",1,57,19,"EQW",3.5568961397879,3.58186138638875,0.4985
"10736",1,57,20,"EQW",4.3465647607232,3.692347515686,0.6565
"10737",1,57,21,"EQW",7.47929397493489,3.98319343306316,0.823
"10738",1,57,22,"EQW",4.34211459657444,3.85086562035281,0.5415
"10739",1,57,23,"EQW",3.77302742047827,3.61651152094696,0.5945
"10740",1,57,24,"EQW",3.40110104084896,3.56212876020635,0.588
"10741",1,57,25,"EQW",3.14636728367485,3.51814053473147,0.4925
"10742",1,57,26,"EQW",3.09107029205869,3.35207906764684,0.397
"10743",1,57,27,"EQW",2.49488433333961,3.25636991517217,0.487
"10744",1,57,28,"EQW",2.37646624084336,3.28714751909815,0.451
"10745",1,57,29,"EQW",3.486727950076,3.27072820292799,0.261
"10746",1,57,30,"EQW",2.40859873814552,3.2316448632587,0.408
"10747",1,57,31,"EQW",2.4693231365327,3.09578352010933,0.3385
"10748",1,57,32,"EQW",2.14662845083527,3.08366861167698,0.3925
"10749",1,57,33,"EQW",3.40902133940052,3.34407872049412,0.2115
"10750",1,57,34,"EQW",3.15336028622336,3.24964267394841,0.268
"10751",1,57,35,"EQW",2.82656553751739,3.30765316055963,0.2855
"10752",1,57,36,"EQW",1.860197089301,2.91552016821246,0.4165
"10753",1,57,37,"EQW",3.38337771282104,3.25991666935936,0.1895
"10754",1,57,38,"EQW",2.13245250680288,3.04821024949936,0.3275
"10755",1,57,1,"SGP",3.20775153200395,3.55813294715766,0.54
"10756",1,57,2,"SGP",1.70611521910044,2.94052572908516,0.418
"10757",1,57,3,"SGP",0.671541904072206,1.96078146648962,0.529
"10758",1,57,4,"SGP",8.77386028490093,7.2098566327992,0.9955
"10759",1,57,5,"SGP",9.75609334771346,6.66759406261042,0.9985
"10760",1,57,6,"SGP",3.53189236958647,3.13515680349985,0.8615
"10761",1,57,7,"SGP",1.13472915066425,2.54845596216925,0.4165
"10762",1,57,8,"SGP",12.5248566412973,8.79163677803983,0.999
"10763",1,57,9,"SGP",1.92284555704042,2.89280475997607,0.687
"10764",1,57,10,"SGP",22.41679791655,8.6149171148626,0.0065
"10765",1,57,11,"SGP",4.75824600843052,3.64481509164881,0.8115
"10766",1,57,12,"SGP",17.4615384392989,6.84294880805142,0.004
"10767",1,57,13,"SGP",2.01462516437688,3.07695907357805,0.4715
"10768",1,57,14,"SGP",1.8957661293836,3.04097908368291,0.4265
"10769",1,57,15,"SGP",16.1787764420727,6.6772108032055,0.0035
"10770",1,57,16,"SGP",16.8107541555501,6.64483066582656,0.007
"10771",1,57,17,"SGP",2.55577756286224,3.19253254750965,0.6065
"10772",1,57,18,"SGP",12.6622692511101,4.77456899154657,0.0275
"10773",1,57,19,"SGP",3.57434210813832,3.34882507464409,0.7245
"10774",1,57,20,"SGP",5.04732945557876,3.50628633015808,0.7895
"10775",1,57,21,"SGP",5.7942485259638,3.64952426910391,0.831
"10776",1,57,22,"SGP",5.06895541112466,3.61332993418686,0.18
"10777",1,57,23,"SGP",2.18963419998142,3.16982431789011,0.444
"10778",1,57,24,"SGP",2.09525752549295,3.10511695460351,0.435
"10779",1,57,25,"SGP",2.77630242397586,3.22573573774486,0.354
"10780",1,57,26,"SGP",2.39881032257344,3.17481536666258,0.365
"10781",1,57,27,"SGP",2.38798046670834,3.17765775571835,0.66
"10782",1,57,28,"SGP",2.29645376844768,3.16202891179648,0.609
"10783",1,57,29,"SGP",2.37407928905156,3.10104749679153,0.358
"10784",1,57,30,"SGP",2.97920773232185,3.25163819701962,0.7245
"10785",1,57,31,"SGP",1.90036080697015,3.11402825322087,0.5455
"10786",1,57,32,"SGP",2.15921751780822,3.07339205758331,0.6215
"10787",1,57,33,"SGP",2.10270082158578,3.06192526213783,0.4125
"10788",1,57,34,"SGP",1.90766664171724,3.04925328690881,0.5515
"10789",1,57,35,"SGP",2.10227514559671,3.0586789096132,0.6505
"10790",1,57,36,"SGP",2.63366121281167,3.03492494923956,0.6955
"10791",1,57,37,"SGP",2.26191324808302,3.03934734439958,0.3235
"10792",1,57,38,"SGP",2.14956268661848,3.01273137135773,0.626
"10793",1,57,1,"SGP50",3.20775153200395,3.53564620868739,0.5525
"10794",1,57,2,"SGP50",2.33468982108673,3.13309463143381,0.3965
"10795",1,57,3,"SGP50",1.88766371411598,2.74048801653834,0.554
"10796",1,57,4,"SGP50",8.49392610478771,4.68421288250965,0.9105
"10797",1,57,5,"SGP50",12.3126476828336,5.27590136268665,0.9635
"10798",1,57,6,"SGP50",7.86832699854536,3.82848096664513,0.8935
"10799",1,57,7,"SGP50",4.53783904475605,3.30400196476194,0.6865
"10800",1,57,8,"SGP50",15.6452113522692,5.88418203206529,0.9765
"10801",1,57,9,"SGP50",9.85372439759353,3.7812897202223,0.8435
"10802",1,57,10,"SGP50",9.08565675886205,4.56528051242486,0.324
"10803",1,57,11,"SGP50",5.45644909245186,3.82104323146261,0.764
"10804",1,57,12,"SGP50",9.30132836342598,4.47018204524019,0.1995
"10805",1,57,13,"SGP50",3.22156614873179,3.39715300203946,0.5835
"10806",1,57,14,"SGP50",3.26887684275857,3.3888666088026,0.5715
"10807",1,57,15,"SGP50",10.1185743471522,4.66548919633582,0.1595
"10808",1,57,16,"SGP50",11.6037872330752,4.84125041518532,0.121
"10809",1,57,17,"SGP50",2.84387940440502,3.42383605790101,0.5495
"10810",1,57,18,"SGP50",12.1703580149419,4.68348320831633,0.071
"10811",1,57,19,"SGP50",3.18185255091882,3.47054002447128,0.5895
"10812",1,57,20,"SGP50",4.34534701323369,3.62105543665251,0.7285
"10813",1,57,21,"SGP50",5.81199008425049,3.76266178591277,0.8115
"10814",1,57,22,"SGP50",4.34842252251767,3.67109856056189,0.287
"10815",1,57,23,"SGP50",2.61158473178807,3.36527126756385,0.465
"10816",1,57,24,"SGP50",2.50745674925939,3.32554756604615,0.437
"10817",1,57,25,"SGP50",3.05958955285047,3.42114374275226,0.369
"10818",1,57,26,"SGP50",2.90940231189555,3.27472384313399,0.3545
"10819",1,57,27,"SGP50",2.32536218700677,3.27920870312108,0.5395
"10820",1,57,28,"SGP50",2.26955654956374,3.1811676608708,0.511
"10821",1,57,29,"SGP50",2.92870955927134,3.23732574992443,0.3065
"10822",1,57,30,"SGP50",2.45499159237854,3.17501624277385,0.5865
"10823",1,57,31,"SGP50",2.01102847711528,3.06035516366095,0.4605
"10824",1,57,32,"SGP50",2.02306285126711,3.10677508273424,0.5245
"10825",1,57,33,"SGP50",2.53639929379579,3.1015920429167,0.3465
"10826",1,57,34,"SGP50",2.13954018597058,3.12931033376221,0.451
"10827",1,57,35,"SGP50",2.0713982486029,3.20891492698031,0.499
"10828",1,57,36,"SGP50",2.10514833663626,3.01895647541921,0.577
"10829",1,57,37,"SGP50",2.68173596994043,3.10078594530907,0.2825
"10830",1,57,38,"SGP50",1.91765640321585,3.00074194551451,0.523
"10831",1,58,1,"BMA",3.16660516215812,3.56380398147868,0.9165
"10832",1,58,2,"BMA",2.67038463222416,3.08458446430061,0.818
"10833",1,58,3,"BMA",1.18090190732549,2.53250893648537,0.499
"10834",1,58,4,"BMA",1.32980535755844,2.5464229916703,0.352
"10835",1,58,5,"BMA",2.64875142295138,2.93200939805649,0.8275
"10836",1,58,6,"BMA",8.82383681300078,4.70132745612516,0.9645
"10837",1,58,7,"BMA",3.32275853669073,3.27167021860768,0.7905
"10838",1,58,8,"BMA",4.09350973558029,3.41581376275072,0.7855
"10839",1,58,9,"BMA",2.80695963767593,3.24536276656059,0.687
"10840",1,58,10,"BMA",3.70654386873422,3.2169603643319,0.212
"10841",1,58,11,"BMA",6.08172861201557,3.80815271283531,0.1055
"10842",1,58,12,"BMA",3.90797238257283,3.33662267825764,0.2275
"10843",1,58,13,"BMA",2.36513372579078,3.09375331869723,0.336
"10844",1,58,14,"BMA",1.65068185020783,2.83372144549437,0.551
"10845",1,58,15,"BMA",5.03543183914423,3.51730763687171,0.0875
"10846",1,58,16,"BMA",1.27572386383028,2.58896202852715,0.436
"10847",1,58,17,"BMA",1.10907401608996,2.54027660248117,0.48
"10848",1,58,18,"BMA",0.991996479012076,2.32598108122024,0.44
"10849",1,58,19,"BMA",4.63755401385213,3.80367020265875,0.938
"10850",1,58,20,"BMA",7.63688240207652,4.80984285179544,0.976
"10851",1,58,21,"BMA",14.6319415339609,6.31827429105414,0.9975
"10852",1,58,22,"BMA",1.87042007209957,2.77215753728293,0.7405
"10853",1,58,23,"BMA",1.44317110188227,2.59943107466045,0.6705
"10854",1,58,24,"BMA",10.196666069768,5.69695388153893,0.996
"10855",1,58,25,"BMA",1.91428562794602,2.71690481956744,0.7275
"10856",1,58,26,"BMA",3.82170630233643,3.32684328608261,0.892
"10857",1,58,27,"BMA",14.178607354081,8.2012560712805,0
"10858",1,58,28,"BMA",3.69456465667244,3.26919990918858,0.1425
"10859",1,58,29,"BMA",1.62594629821243,2.78858641609835,0.386
"10860",1,58,30,"BMA",1.87640458075206,2.84441982256304,0.7065
"10861",1,58,31,"BMA",7.92070922247204,4.37270493654962,0.0245
"10862",1,58,32,"BMA",5.22011328414968,3.62543708276054,0.1015
"10863",1,58,33,"BMA",1.6058197194448,2.70975925485361,0.6165
"10864",1,58,34,"BMA",1.6812240516519,2.80632734032421,0.3765
"10865",1,58,35,"BMA",1.95431031089894,2.87221925120674,0.6735
"10866",1,58,36,"BMA",1.34865995337925,2.69290790165146,0.5115
"10867",1,58,37,"BMA",1.62838438250074,2.74096209859791,0.6345
"10868",1,58,38,"BMA",5.11847854290916,3.73551316143573,0.0835
"10869",1,58,1,"AVS",3.16660516215812,3.84366964120464,0.9215
"10870",1,58,2,"AVS",2.47675406651381,3.09956800165441,0.8035
"10871",1,58,3,"AVS",1.130746984238,2.51301689819005,0.442
"10872",1,58,4,"AVS",1.27938679236348,2.35984804323777,0.3675
"10873",1,58,5,"AVS",3.06454067938519,3.15357203018046,0.831
"10874",1,58,6,"AVS",8.8438575056688,4.89765441636608,0.9675
"10875",1,58,7,"AVS",3.42143299151413,3.24762147284433,0.785
"10876",1,58,8,"AVS",4.21258081473948,3.43248997356882,0.8485
"10877",1,58,9,"AVS",2.68400707903073,3.18212667628649,0.7365
"10878",1,58,10,"AVS",3.66892791811251,3.21768761024699,0.1635
"10879",1,58,11,"AVS",4.60587254919868,3.37157033225966,0.1235
"10880",1,58,12,"AVS",1.22432815333582,2.54551165029907,0.4075
"10881",1,58,13,"AVS",1.15899717547795,2.53868805778842,0.422
"10882",1,58,14,"AVS",1.1532066478832,2.392423560974,0.6015
"10883",1,58,15,"AVS",7.66962198506609,5.30332534166578,0.0145
"10884",1,58,16,"AVS",1.11384154887926,2.49647307555812,0.561
"10885",1,58,17,"AVS",1.20312755490801,2.4911877413107,0.417
"10886",1,58,18,"AVS",1.32691308854813,2.52324167159377,0.34
"10887",1,58,19,"AVS",4.18699655344269,3.4157649078628,0.9325
"10888",1,58,20,"AVS",2.98194351061646,3.04491896191816,0.8245
"10889",1,58,21,"AVS",8.43896028352342,5.31724807856324,0.9915
"10890",1,58,22,"AVS",1.85602762612043,2.73290453210368,0.742
"10891",1,58,23,"AVS",1.44310859560563,2.62210014077117,0.689
"10892",1,58,24,"AVS",10.1965990829464,5.83784870936534,0.9935
"10893",1,58,25,"AVS",1.91439200990812,2.74367395610597,0.7315
"10894",1,58,26,"AVS",3.82199768625302,3.33535168398177,0.8815
"10895",1,58,27,"AVS",14.1781899318488,7.63566077583748,0
"10896",1,58,28,"AVS",3.69456234967937,3.20154042944612,0.154
"10897",1,58,29,"AVS",1.62591949152494,2.76352263791537,0.3865
"10898",1,58,30,"AVS",1.87639258079562,2.8407670586318,0.69
"10899",1,58,31,"AVS",7.92070193306779,4.43079721905037,0.026
"10900",1,58,32,"AVS",5.22016639098547,3.76615416952421,0.1015
"10901",1,58,33,"AVS",1.605780343783,2.79956855416469,0.619
"10902",1,58,34,"AVS",1.6811437854359,2.7750993424239,0.395
"10903",1,58,35,"AVS",1.95429942346559,2.85363617922014,0.6735
"10904",1,58,36,"AVS",1.34862577967329,2.68491306173031,0.514
"10905",1,58,37,"AVS",1.62841854801679,2.70816262217416,0.6535
"10906",1,58,38,"AVS",5.118278456409,3.58594261101863,0.084
"10907",1,58,1,"EQW",3.16660516215812,3.72718434608412,0.9135
"10908",1,58,2,"EQW",3.27117443087379,3.24954606413945,0.8915
"10909",1,58,3,"EQW",1.36427813640504,2.61761416514293,0.6185
"10910",1,58,4,"EQW",0.852466491879968,2.16312586231839,0.4885
"10911",1,58,5,"EQW",4.36237844289126,3.66953160198954,0.918
"10912",1,58,6,"EQW",8.80021032228355,5.24763298714536,0.979
"10913",1,58,7,"EQW",2.38113130147901,3.2255470746195,0.4205
"10914",1,58,8,"EQW",3.39430614275952,3.18930824872756,0.818
"10915",1,58,9,"EQW",1.78260763585772,2.75611328328204,0.6515
"10916",1,58,10,"EQW",4.1973586985653,3.4522356789083,0.145
"10917",1,58,11,"EQW",3.17415067088641,3.15940781056341,0.198
"10918",1,58,12,"EQW",1.74220149883374,2.8545909103607,0.3735
"10919",1,58,13,"EQW",1.47399660909458,2.69252506809082,0.4355
"10920",1,58,14,"EQW",1.40971400911874,2.56662232181308,0.605
"10921",1,58,15,"EQW",5.9887173314843,3.90278034094673,0.056
"10922",1,58,16,"EQW",1.17005867338893,2.53314051516423,0.514
"10923",1,58,17,"EQW",1.18684494911337,2.5300865699752,0.4255
"10924",1,58,18,"EQW",1.32510193578962,2.49082543245461,0.349
"10925",1,58,19,"EQW",3.86120582917115,3.36161280821641,0.9045
"10926",1,58,20,"EQW",4.09261609833002,3.30368972785595,0.872
"10927",1,58,21,"EQW",12.1017116111062,6.07842199983534,0.997
"10928",1,58,22,"EQW",6.84264965481534,3.39906456303254,0.851
"10929",1,58,23,"EQW",5.8466153028336,3.29418657248221,0.8155
"10930",1,58,24,"EQW",15.409931833082,6.17580769551433,0.998
"10931",1,58,25,"EQW",8.29658521750194,3.51033931822375,0.839
"10932",1,58,26,"EQW",10.1327992141772,3.77890979979462,0.915
"10933",1,58,27,"EQW",6.33973252249234,4.55949499059257,0.4275
"10934",1,58,28,"EQW",2.7895998687947,3.36125523661281,0.4065
"10935",1,58,29,"EQW",2.13935789818691,3.1467520682807,0.4955
"10936",1,58,30,"EQW",2.81266988434722,3.23377117656835,0.6845
"10937",1,58,31,"EQW",5.27792801635869,3.72167296668575,0.1795
"10938",1,58,32,"EQW",5.96152552147353,3.66528585470138,0.1165
"10939",1,58,33,"EQW",2.26794812416635,3.1058870504914,0.4425
"10940",1,58,34,"EQW",2.77971596697707,3.08349646869336,0.312
"10941",1,58,35,"EQW",1.98947682001991,3.09325339961188,0.526
"10942",1,58,36,"EQW",1.83028677030312,2.90045619982177,0.476
"10943",1,58,37,"EQW",1.91376558119843,2.97923899060969,0.6065
"10944",1,58,38,"EQW",4.46336204177788,3.4644224479102,0.1635
"10945",1,58,1,"SGP",3.16660516215812,3.48612291078272,0.9165
"10946",1,58,2,"SGP",3.39644326680391,3.13609283014953,0.9025
"10947",1,58,3,"SGP",0.993811592933626,2.32222742224291,0.5225
"10948",1,58,4,"SGP",0.692075970663465,2.02308809490499,0.5125
"10949",1,58,5,"SGP",5.37107237940243,4.88445749832733,0.971
"10950",1,58,6,"SGP",9.05337112466699,6.37852180711699,0.995
"10951",1,58,7,"SGP",1.31094999924327,2.60980572154311,0.465
"10952",1,58,8,"SGP",3.96888676889528,3.44444936141577,0.916
"10953",1,58,9,"SGP",1.79199454937957,2.60745796307467,0.732
"10954",1,58,10,"SGP",3.86369795556745,3.21202547323987,0.1035
"10955",1,58,11,"SGP",2.50726452290395,2.8800259764096,0.1555
"10956",1,58,12,"SGP",1.18721277884979,2.59010789389083,0.418
"10957",1,58,13,"SGP",1.1592191889035,2.46324794047755,0.4085
"10958",1,58,14,"SGP",1.13428052617618,2.43241028954577,0.605
"10959",1,58,15,"SGP",7.62888764483815,4.97808117399917,0.012
"10960",1,58,16,"SGP",1.15047536364918,2.50246871631663,0.5955
"10961",1,58,17,"SGP",1.45701934308542,2.60259373462014,0.337
"10962",1,58,18,"SGP",1.85636147376823,2.73996142548243,0.2685
"10963",1,58,19,"SGP",3.21193755212778,3.11819484135266,0.8735
"10964",1,58,20,"SGP",1.9374580316522,2.66051609850146,0.759
"10965",1,58,21,"SGP",8.54055093152631,5.26416101855644,0.99
"10966",1,58,22,"SGP",1.93695868279094,2.72478467545709,0.7515
"10967",1,58,23,"SGP",1.48560974187655,2.60415292957279,0.67
"10968",1,58,24,"SGP",10.261031166432,6.1585223644479,0.996
"10969",1,58,25,"SGP",1.92190701928718,2.71819052223089,0.7365
"10970",1,58,26,"SGP",3.79121309673849,3.26511314203716,0.8885
"10971",1,58,27,"SGP",14.1321156288464,7.50943360550283,0.0045
"10972",1,58,28,"SGP",3.67494251248732,3.24038043435086,0.158
"10973",1,58,29,"SGP",1.632628148015,2.74941900232526,0.3655
"10974",1,58,30,"SGP",1.88501736804345,2.78999997139462,0.689
"10975",1,58,31,"SGP",7.89148916354562,4.4847632780432,0.0275
"10976",1,58,32,"SGP",5.21757177988654,3.67515162995965,0.1035
"10977",1,58,33,"SGP",1.60869452320407,2.7783706060795,0.621
"10978",1,58,34,"SGP",1.69590611377156,2.7362060937311,0.3935
"10979",1,58,35,"SGP",1.9521262971623,2.94503324723295,0.677
"10980",1,58,36,"SGP",1.35466939671084,2.69986555001232,0.507
"10981",1,58,37,"SGP",1.6277693866169,2.70254272752967,0.6415
"10982",1,58,38,"SGP",5.12517347068536,3.62221791215985,0.1015
"10983",1,58,1,"SGP50",3.16660516215812,3.69085704700413,0.9185
"10984",1,58,2,"SGP50",3.27343841944618,3.20683531896909,0.8845
"10985",1,58,3,"SGP50",1.35932445400084,2.56797436312595,0.6055
"10986",1,58,4,"SGP50",0.847896416455482,2.17220808340043,0.496
"10987",1,58,5,"SGP50",4.40167055947141,3.69947611271256,0.9235
"10988",1,58,6,"SGP50",8.81102799974131,5.51501089797938,0.976
"10989",1,58,7,"SGP50",2.37891852635276,3.23911655047981,0.413
"10990",1,58,8,"SGP50",3.42721979323884,3.30085179263275,0.807
"10991",1,58,9,"SGP50",1.75727309532707,2.75956517285884,0.6465
"10992",1,58,10,"SGP50",4.2309863065078,3.52276472919064,0.1265
"10993",1,58,11,"SGP50",3.09550650827125,3.10861400455025,0.2005
"10994",1,58,12,"SGP50",1.66370993774668,2.72636978144514,0.364
"10995",1,58,13,"SGP50",1.41177951162012,2.65692899783949,0.421
"10996",1,58,14,"SGP50",1.35303569724471,2.55580326832285,0.6215
"10997",1,58,15,"SGP50",6.25291801131822,4.11471496717306,0.0445
"10998",1,58,16,"SGP50",1.16695808073323,2.46577626421473,0.5125
"10999",1,58,17,"SGP50",1.21724367252282,2.49613402957567,0.434
"11000",1,58,18,"SGP50",1.39756976265312,2.5302978050161,0.3425
"11001",1,58,19,"SGP50",3.74631336092798,3.34464147587199,0.895
"11002",1,58,20,"SGP50",3.6501099524225,3.18035799632354,0.873
"11003",1,58,21,"SGP50",11.3194718750494,5.55891478338269,0.994
"11004",1,58,22,"SGP50",5.425320734084,3.3187445068847,0.8445
"11005",1,58,23,"SGP50",4.24062412346737,3.13213891289484,0.804
"11006",1,58,24,"SGP50",13.3106791555807,5.99145202491885,0.9985
"11007",1,58,25,"SGP50",4.8399164157081,3.18324558034499,0.7785
"11008",1,58,26,"SGP50",6.05806931227294,3.3897399398158,0.8905
"11009",1,58,27,"SGP50",9.43469303893116,5.34242455495419,0.2045
"11010",1,58,28,"SGP50",2.9954385927194,3.34163467107956,0.2605
"11011",1,58,29,"SGP50",1.79429126450811,2.89134756994483,0.414
"11012",1,58,30,"SGP50",2.25670089398962,3.01850727431054,0.699
"11013",1,58,31,"SGP50",6.61762234393466,4.12468514452448,0.092
"11014",1,58,32,"SGP50",5.45117406335959,3.65301748971449,0.116
"11015",1,58,33,"SGP50",1.72615921865383,2.95011197140849,0.5425
"11016",1,58,34,"SGP50",2.07503337508964,2.93578452664133,0.35
"11017",1,58,35,"SGP50",1.87146494039276,2.98043360201287,0.6265
"11018",1,58,36,"SGP50",1.53012387791291,2.76409017631615,0.4925
"11019",1,58,37,"SGP50",1.7105398705634,2.87596955563363,0.6085
"11020",1,58,38,"SGP50",4.90254894735559,3.57627217780324,0.1105
"11021",1,59,1,"BMA",2.40224469304469,3.17549234547812,0.4515
"11022",1,59,2,"BMA",3.56800111078674,3.35538858202673,0.785
"11023",1,59,3,"BMA",1.65231124432416,2.86573357740114,0.4495
"11024",1,59,4,"BMA",5.83808715679195,3.9027618401883,0.936
"11025",1,59,5,"BMA",3.02739153093578,2.99365633385207,0.7845
"11026",1,59,6,"BMA",2.16625027774795,2.95723236715646,0.26
"11027",1,59,7,"BMA",1.19982220334763,2.5131108787769,0.502
"11028",1,59,8,"BMA",1.93084746880875,2.75392652948508,0.2525
"11029",1,59,9,"BMA",1.83861667199477,2.61605553333153,0.7485
"11030",1,59,10,"BMA",1.30657737771833,2.49063587270619,0.644
"11031",1,59,11,"BMA",9.06039039269134,5.70829340876767,0.007
"11032",1,59,12,"BMA",1.8325706876822,2.83007104747793,0.314
"11033",1,59,13,"BMA",1.44240176696019,2.6374370983335,0.634
"11034",1,59,14,"BMA",1.27170510696718,2.58532749298433,0.588
"11035",1,59,15,"BMA",3.78239650772856,3.23689075580797,0.117
"11036",1,59,16,"BMA",1.26612645311507,2.55685821734102,0.5405
"11037",1,59,17,"BMA",5.90410551911649,3.95703602696118,0.054
"11038",1,59,18,"BMA",3.73375165723921,3.29070879261593,0.1275
"11039",1,59,19,"BMA",2.57950032447704,2.94102246537305,0.7775
"11040",1,59,20,"BMA",10.8073544293925,5.57190275159986,0.0045
"11041",1,59,21,"BMA",1.41500366986378,2.82935080796748,0.5505
"11042",1,59,22,"BMA",6.92398430804704,3.90611920488647,0.0375
"11043",1,59,23,"BMA",2.17148580316303,2.954438115442,0.718
"11044",1,59,24,"BMA",3.93319291918575,3.32873330013704,0.1325
"11045",1,59,25,"BMA",2.21501887567575,2.8627069529,0.2655
"11046",1,59,26,"BMA",1.65464900397128,2.76889372207934,0.344
"11047",1,59,27,"BMA",5.9165085620198,3.80092736652359,0.0625
"11048",1,59,28,"BMA",4.90002579907203,3.4899861100902,0.104
"11049",1,59,29,"BMA",4.70294981822719,3.51789932258908,0.104
"11050",1,59,30,"BMA",2.01144860596617,2.92427829800827,0.6845
"11051",1,59,31,"BMA",1.98856106227432,2.85747360549513,0.6585
"11052",1,59,32,"BMA",2.56326575817275,3.14465308257472,0.707
"11053",1,59,33,"BMA",3.50611212951635,3.28530972394619,0.829
"11054",1,59,34,"BMA",1.37639454727315,2.74375407180285,0.4505
"11055",1,59,35,"BMA",2.27658846097569,2.89073501797966,0.27
"11056",1,59,36,"BMA",1.34587685883517,2.69357781248883,0.463
"11057",1,59,37,"BMA",2.18734048372084,2.8992941524358,0.245
"11058",1,59,38,"BMA",1.34541387337542,2.68560849592254,0.4805
"11059",1,59,1,"AVS",2.40224469304469,3.22427461628638,0.458
"11060",1,59,2,"AVS",4.18895861055639,3.41531685361186,0.8765
"11061",1,59,3,"AVS",1.46563531525649,2.79894637352777,0.4865
"11062",1,59,4,"AVS",6.09711502735633,3.84066625115764,0.952
"11063",1,59,5,"AVS",2.14485078317292,2.79205964680143,0.7545
"11064",1,59,6,"AVS",2.59169575984344,2.95779845426287,0.171
"11065",1,59,7,"AVS",1.05859680629239,2.49530149779417,0.441
"11066",1,59,8,"AVS",2.16984796321324,2.7802707543589,0.21
"11067",1,59,9,"AVS",1.58386220184047,2.55620165147213,0.747
"11068",1,59,10,"AVS",1.21242789747779,2.42031475425327,0.638
"11069",1,59,11,"AVS",9.2864646769635,5.88122072930547,0.001
"11070",1,59,12,"AVS",2.29389987298607,2.87475358186712,0.221
"11071",1,59,13,"AVS",1.05096728442138,2.4723284807557,0.539
"11072",1,59,14,"AVS",1.01171514738244,2.35004306846346,0.5435
"11073",1,59,15,"AVS",4.36340889373161,3.38851883998107,0.0815
"11074",1,59,16,"AVS",1.12123726336485,2.4880498965179,0.4745
"11075",1,59,17,"AVS",6.78394518661342,4.60471798078161,0.0235
"11076",1,59,18,"AVS",4.751535947614,3.52675883621911,0.0905
"11077",1,59,19,"AVS",2.61322268987438,2.95745738956535,0.7875
"11078",1,59,20,"AVS",10.7824500665821,5.92999996785225,0.0065
"11079",1,59,21,"AVS",1.40636477268156,2.79348413557235,0.5795
"11080",1,59,22,"AVS",6.97819337342485,4.0924419948523,0.0335
"11081",1,59,23,"AVS",2.45848156919886,2.87800612496138,0.767
"11082",1,59,24,"AVS",3.94660312254522,3.31047299112451,0.143
"11083",1,59,25,"AVS",1.5084084393653,2.72087371427639,0.4105
"11084",1,59,26,"AVS",1.32168131727785,2.65034699060934,0.5435
"11085",1,59,27,"AVS",3.62612922538584,3.19961543888484,0.1135
"11086",1,59,28,"AVS",3.46168522390264,3.28540133982661,0.1225
"11087",1,59,29,"AVS",3.10306314617334,3.01705711275932,0.174
"11088",1,59,30,"AVS",2.98720023047115,3.17621482054082,0.843
"11089",1,59,31,"AVS",1.92950142232862,2.93000178793252,0.6825
"11090",1,59,32,"AVS",4.8538196092133,3.70817621110901,0.9165
"11091",1,59,33,"AVS",4.86528065933023,3.61465460589745,0.923
"11092",1,59,34,"AVS",1.26771718628325,2.66700806630814,0.5025
"11093",1,59,35,"AVS",2.00615752692788,2.82777761260518,0.281
"11094",1,59,36,"AVS",1.30754875660272,2.6664290322358,0.521
"11095",1,59,37,"AVS",1.8034493312204,2.7996756174448,0.3145
"11096",1,59,38,"AVS",1.29834997189973,2.70064217832314,0.584
"11097",1,59,1,"EQW",2.40224469304469,3.21707131185561,0.448
"11098",1,59,2,"EQW",2.96764778687758,3.35275779573161,0.6845
"11099",1,59,3,"EQW",2.05887696281167,2.98430421790184,0.422
"11100",1,59,4,"EQW",5.21614342339148,3.79007318694954,0.855
"11101",1,59,5,"EQW",4.27860775353245,3.36789485636788,0.813
"11102",1,59,6,"EQW",2.09061940509676,3.09738640854124,0.483
"11103",1,59,7,"EQW",2.2568119907913,3.01368028056655,0.621
"11104",1,59,8,"EQW",2.01288352546483,3.09077337896295,0.515
"11105",1,59,9,"EQW",4.23606762063157,3.29706620195664,0.81
"11106",1,59,10,"EQW",4.52545883303637,3.33123798131719,0.8145
"11107",1,59,11,"EQW",3.51552410273281,3.67194013429129,0.35
"11108",1,59,12,"EQW",2.06756128039201,3.05410776174956,0.513
"11109",1,59,13,"EQW",3.38845289244213,3.13212813264693,0.7745
"11110",1,59,14,"EQW",4.13694427958491,3.26221803328231,0.7945
"11111",1,59,15,"EQW",2.52766885319309,3.24088638632015,0.509
"11112",1,59,16,"EQW",3.49209884471195,3.13563227020144,0.7485
"11113",1,59,17,"EQW",2.78294148842825,3.46800312288832,0.3735
"11114",1,59,18,"EQW",2.54461741175727,3.23625702405775,0.3395
"11115",1,59,19,"EQW",3.49612057346211,3.18788192548482,0.8095
"11116",1,59,20,"EQW",6.41148659550652,4.15328931509336,0.178
"11117",1,59,21,"EQW",2.10066595766766,3.01897377086872,0.6125
"11118",1,59,22,"EQW",3.91746824640889,3.39690414084059,0.1975
"11119",1,59,23,"EQW",2.74675652819899,3.10811760194197,0.737
"11120",1,59,24,"EQW",1.80925310734079,2.96839290182815,0.4165
"11121",1,59,25,"EQW",1.55521041813799,2.79429645390314,0.43
"11122",1,59,26,"EQW",1.34901408918471,2.68197593444795,0.5095
"11123",1,59,27,"EQW",4.01617295168882,3.32713314540777,0.122
"11124",1,59,28,"EQW",5.19083593121648,3.78232654703658,0.0615
"11125",1,59,29,"EQW",6.97611319698659,4.06080462108569,0.054
"11126",1,59,30,"EQW",2.66028615695685,3.34519852888119,0.323
"11127",1,59,31,"EQW",1.27340188221067,2.61860931819594,0.5395
"11128",1,59,32,"EQW",1.50897380089463,2.59651652398606,0.6575
"11129",1,59,33,"EQW",4.46017961279796,3.56866462115987,0.9055
"11130",1,59,34,"EQW",2.37143849898734,3.15528742200855,0.7215
"11131",1,59,35,"EQW",1.51582035513969,2.90916542495281,0.5385
"11132",1,59,36,"EQW",1.47908643840704,2.70518926165061,0.661
"11133",1,59,37,"EQW",1.24569502564572,2.42913194410652,0.416
"11134",1,59,38,"EQW",0.998133127070159,2.42310169099026,0.523
"11135",1,59,1,"SGP",2.40224469304469,3.27144749254891,0.4485
"11136",1,59,2,"SGP",3.90052449962345,3.35304587123022,0.844
"11137",1,59,3,"SGP",1.43955892221989,2.76861263343138,0.4815
"11138",1,59,4,"SGP",6.13252150919308,3.9857986804914,0.953
"11139",1,59,5,"SGP",2.41790326318336,2.85906383996366,0.778
"11140",1,59,6,"SGP",2.39267139139574,2.91014761146611,0.2035
"11141",1,59,7,"SGP",1.07830524101315,2.50822391598048,0.447
"11142",1,59,8,"SGP",2.07195999813883,2.78755211431437,0.2145
"11143",1,59,9,"SGP",1.65912961327561,2.56532569048784,0.744
"11144",1,59,10,"SGP",1.27153525259372,2.42595360283971,0.633
"11145",1,59,11,"SGP",8.99271681295479,5.95565918241183,0.013
"11146",1,59,12,"SGP",2.24987317196089,2.80943162081012,0.2395
"11147",1,59,13,"SGP",1.06884268247257,2.51243553165535,0.5355
"11148",1,59,14,"SGP",1.03930885879225,2.47616656101909,0.54
"11149",1,59,15,"SGP",4.24467904382072,3.35403468820613,0.0775
"11150",1,59,16,"SGP",1.12965765109484,2.51920235811958,0.474
"11151",1,59,17,"SGP",6.66523332938488,4.31398411605875,0.037
"11152",1,59,18,"SGP",5.08127521431937,3.67286197892197,0.0755
"11153",1,59,19,"SGP",2.88880407592606,3.0016939560912,0.8295
"11154",1,59,20,"SGP",12.6874057059553,7.21694970875379,0.0025
"11155",1,59,21,"SGP",2.41689144478097,3.07594893020968,0.7765
"11156",1,59,22,"SGP",3.53508642290998,3.16919868670597,0.166
"11157",1,59,23,"SGP",3.62201150283494,3.29343175894373,0.864
"11158",1,59,24,"SGP",1.26804010133558,2.67956182764719,0.475
"11159",1,59,25,"SGP",1.23013504268701,2.6242889594358,0.5375
"11160",1,59,26,"SGP",1.34150607072083,2.65002934518449,0.58
"11161",1,59,27,"SGP",3.36847603652461,3.07539501012133,0.1335
"11162",1,59,28,"SGP",3.48328472623177,3.23340607736589,0.1345
"11163",1,59,29,"SGP",3.15993131740465,3.10410525209967,0.1745
"11164",1,59,30,"SGP",2.91230885085564,3.11280822773916,0.831
"11165",1,59,31,"SGP",1.91917163589448,2.87975408626181,0.6935
"11166",1,59,32,"SGP",4.73227802918602,3.35408422788466,0.889
"11167",1,59,33,"SGP",4.86744434496572,3.56980453351759,0.9155
"11168",1,59,34,"SGP",1.25862768526808,2.6040312801983,0.5
"11169",1,59,35,"SGP",1.96095491192994,2.73067680215339,0.3065
"11170",1,59,36,"SGP",1.31228758511864,2.63673754314992,0.529
"11171",1,59,37,"SGP",1.77189077705093,2.79600567029635,0.311
"11172",1,59,38,"SGP",1.29513654808353,2.66802362515816,0.5835
"11173",1,59,1,"SGP50",2.40224469304469,3.27684281383763,0.446
"11174",1,59,2,"SGP50",2.99906308548256,3.37982309282238,0.6915
"11175",1,59,3,"SGP50",2.00283585178938,2.99259739741372,0.4175
"11176",1,59,4,"SGP50",5.29916786992495,3.80625587424127,0.875
"11177",1,59,5,"SGP50",4.13598536067969,3.2962910818211,0.807
"11178",1,59,6,"SGP50",2.01375422055519,3.04233650263735,0.4615
"11179",1,59,7,"SGP50",2.08362380048395,2.94579784802091,0.6285
"11180",1,59,8,"SGP50",1.8675334599614,2.94475417461366,0.4905
"11181",1,59,9,"SGP50",3.76049903695753,3.13581286391027,0.8135
"11182",1,59,10,"SGP50",3.66266648298055,3.08504865461751,0.795
"11183",1,59,11,"SGP50",4.19302645597303,3.75734552482446,0.256
"11184",1,59,12,"SGP50",1.84219102430062,2.98976564837358,0.4505
"11185",1,59,13,"SGP50",2.58675955359797,2.93167392525798,0.7305
"11186",1,59,14,"SGP50",2.8892069430633,2.95882590898747,0.7405
"11187",1,59,15,"SGP50",2.30431804793285,3.22319937636531,0.3865
"11188",1,59,16,"SGP50",2.32306907938656,2.95141080502904,0.684
"11189",1,59,17,"SGP50",3.42247747874871,3.44584570926613,0.268
"11190",1,59,18,"SGP50",3.06201440904353,3.27420974749694,0.258
"11191",1,59,19,"SGP50",2.94502214281917,3.03834480098761,0.795
"11192",1,59,20,"SGP50",8.73005203629198,4.71571827911414,0.092
"11193",1,59,21,"SGP50",1.89786673141338,2.9738861787097,0.618
"11194",1,59,22,"SGP50",4.54407602836875,3.5421424983114,0.142
"11195",1,59,23,"SGP50",2.66811676979676,3.04244001886489,0.759
"11196",1,59,24,"SGP50",1.93948200897162,2.97765394923847,0.35
"11197",1,59,25,"SGP50",1.55818535832737,2.77235731610875,0.4115
"11198",1,59,26,"SGP50",1.34681959534181,2.68625953371475,0.4875
"11199",1,59,27,"SGP50",4.34564274511035,3.41865184702227,0.09
"11200",1,59,28,"SGP50",4.79400541050564,3.5557866138696,0.0985
"11201",1,59,29,"SGP50",5.71035875909488,3.72658891287101,0.0915
"11202",1,59,30,"SGP50",2.00741311164672,3.10704023889849,0.478
"11203",1,59,31,"SGP50",1.49303777035831,2.75707797274549,0.6145
"11204",1,59,32,"SGP50",1.93456793649489,2.81594400338311,0.669
"11205",1,59,33,"SGP50",4.31046050060517,3.55425352688631,0.884
"11206",1,59,34,"SGP50",1.8217259041128,2.94997524632771,0.6095
"11207",1,59,35,"SGP50",1.58122032471786,2.88440634959461,0.4485
"11208",1,59,36,"SGP50",1.35919497600396,2.63231745826195,0.5825
"11209",1,59,37,"SGP50",1.48762473688514,2.583222623284,0.3445
"11210",1,59,38,"SGP50",1.08748085754889,2.45129271980059,0.491
"11211",1,60,1,"BMA",0.927701401788994,1.93083023316291,0.3595
"11212",1,60,2,"BMA",2.39184661524149,3.25528753048644,0.033
"11213",1,60,3,"BMA",1.06986892200821,1.99953715683338,0.262
"11214",1,60,4,"BMA",1.38858035041801,2.57331113029844,0.8255
"11215",1,60,5,"BMA",0.645983776629921,1.822206265154,0.342
"11216",1,60,6,"BMA",1.68713603618081,2.60971554580373,0.903
"11217",1,60,7,"BMA",8.70351068407858,7.38219966821278,0.9935
"11218",1,60,8,"BMA",4.19139181333616,3.64979526860309,0.7585
"11219",1,60,9,"BMA",6.64658491866856,4.02202918406099,0.852
"11220",1,60,10,"BMA",3.0802678397024,3.56842335451265,0.5865
"11221",1,60,11,"BMA",3.0045168665057,3.23531151140011,0.679
"11222",1,60,12,"BMA",5.74599392330625,3.70105273791141,0.8785
"11223",1,60,13,"BMA",5.69819352851583,3.74926656954827,0.8895
"11224",1,60,14,"BMA",3.90984761349291,3.37805265873049,0.864
"11225",1,60,15,"BMA",4.37055417022373,3.53095152355543,0.868
"11226",1,60,16,"BMA",9.3715563592856,4.94732636515389,0.9755
"11227",1,60,17,"BMA",5.78713293372717,3.89472156945607,0.9235
"11228",1,60,18,"BMA",1.60029017698427,2.83184451517106,0.6165
"11229",1,60,19,"BMA",7.47573436172029,4.4359516843171,0.9495
"11230",1,60,20,"BMA",10.5120144816457,5.11795986854258,0.971
"11231",1,60,21,"BMA",3.96254769468204,3.54161312923896,0.8065
"11232",1,60,22,"BMA",1.73306016529065,2.93026050300606,0.5395
"11233",1,60,23,"BMA",2.31234149155786,3.00784487609117,0.695
"11234",1,60,24,"BMA",3.92668344392605,3.29322863458565,0.8375
"11235",1,60,25,"BMA",3.52457455844118,3.24051573262024,0.809
"11236",1,60,26,"BMA",4.93012708725441,3.50003290987377,0.117
"11237",1,60,27,"BMA",3.1665387581265,3.16759513523227,0.198
"11238",1,60,28,"BMA",9.04212914605576,4.69108219370178,0.034
"11239",1,60,29,"BMA",12.513792114718,5.04824843158654,0.021
"11240",1,60,30,"BMA",9.10483965162269,4.33804922349456,0.0345
"11241",1,60,31,"BMA",4.19670930442653,3.36940901475458,0.1835
"11242",1,60,32,"BMA",1.72887773994386,2.94703898891553,0.4015
"11243",1,60,33,"BMA",1.49099947381339,2.7915151456756,0.4645
"11244",1,60,34,"BMA",1.70167836567401,2.73325412152948,0.355
"11245",1,60,35,"BMA",1.82398725426956,2.78001292741637,0.6845
"11246",1,60,36,"BMA",1.63806560219653,2.84847788264535,0.362
"11247",1,60,37,"BMA",1.31388989245526,2.64295534740654,0.552
"11248",1,60,38,"BMA",2.3737627568883,2.91372280480574,0.782
"11249",1,60,1,"AVS",0.927701401788994,1.95175167501823,0.3615
"11250",1,60,2,"AVS",2.31236953434765,3.26726625748633,0.0405
"11251",1,60,3,"AVS",0.9818830864456,2.14121984121454,0.2465
"11252",1,60,4,"AVS",1.60599582785196,2.48812481828425,0.8755
"11253",1,60,5,"AVS",0.609606673488488,1.76441019213579,0.3375
"11254",1,60,6,"AVS",1.72782164061885,2.60345528931956,0.9075
"11255",1,60,7,"AVS",8.85352957689122,7.3843100436639,0.9965
"11256",1,60,8,"AVS",2.99218630290339,3.11811558157994,0.8625
"11257",1,60,9,"AVS",8.81091786207498,6.15196015915407,0.9795
"11258",1,60,10,"AVS",2.63264155399842,3.30346281184335,0.6425
"11259",1,60,11,"AVS",2.27323869422956,2.92099002048302,0.729
"11260",1,60,12,"AVS",3.66524100018827,3.16283570332941,0.877
"11261",1,60,13,"AVS",1.81121481635626,2.65067773272732,0.7255
"11262",1,60,14,"AVS",0.99847255802973,2.37055886775406,0.4965
"11263",1,60,15,"AVS",1.27584276622834,2.4696346580473,0.668
"11264",1,60,16,"AVS",4.87835540183506,3.75524299517143,0.9565
"11265",1,60,17,"AVS",1.1184091638787,2.45512358614015,0.41
"11266",1,60,18,"AVS",3.77078285806668,3.28776132340263,0.083
"11267",1,60,19,"AVS",6.48701399247238,4.36055622951455,0.977
"11268",1,60,20,"AVS",3.17165528486301,2.9950156919432,0.877
"11269",1,60,21,"AVS",2.92883615416043,2.89446964614266,0.1535
"11270",1,60,22,"AVS",3.12986466020497,3.14544211188124,0.132
"11271",1,60,23,"AVS",1.42265492586368,2.47922111511964,0.6915
"11272",1,60,24,"AVS",1.86410985010559,2.60759983033503,0.761
"11273",1,60,25,"AVS",1.00582639666029,2.3763363282873,0.5145
"11274",1,60,26,"AVS",10.2314302086124,6.33259518694835,0.0025
"11275",1,60,27,"AVS",1.23640130357322,2.51037247509508,0.589
"11276",1,60,28,"AVS",6.32995135828698,4.0454416910228,0.036
"11277",1,60,29,"AVS",7.21519938948611,4.56862136440482,0.0215
"11278",1,60,30,"AVS",3.72789374982064,3.18902550339894,0.1265
"11279",1,60,31,"AVS",1.25705993708904,2.57405186163746,0.4745
"11280",1,60,32,"AVS",1.24532580504097,2.53061764775751,0.5605
"11281",1,60,33,"AVS",1.27511991144174,2.54150286031697,0.3965
"11282",1,60,34,"AVS",2.29344673121462,2.79657564317569,0.234
"11283",1,60,35,"AVS",1.50554540865656,2.62002667815587,0.6525
"11284",1,60,36,"AVS",2.82774845004981,2.88828727750663,0.1535
"11285",1,60,37,"AVS",1.23566086471164,2.57110251115723,0.4205
"11286",1,60,38,"AVS",1.40793132360798,2.63552155498096,0.6545
"11287",1,60,1,"EQW",0.927701401788994,1.93816656287792,0.378
"11288",1,60,2,"EQW",2.86004613785744,3.24290055534467,0.049
"11289",1,60,3,"EQW",1.70818597442689,2.3870083919979,0.201
"11290",1,60,4,"EQW",0.903891920801836,2.16030893357412,0.5865
"11291",1,60,5,"EQW",0.87547821419856,1.9486227006773,0.3335
"11292",1,60,6,"EQW",1.41198595983378,2.44558062454026,0.782
"11293",1,60,7,"EQW",8.00428484035107,5.51806660385742,0.9765
"11294",1,60,8,"EQW",4.13172979430238,3.61534287856903,0.8935
"11295",1,60,9,"EQW",8.87781705680903,5.05728586613034,0.9605
"11296",1,60,10,"EQW",2.97441393198025,3.48066608876961,0.6095
"11297",1,60,11,"EQW",2.47378439512771,3.20345730642875,0.5815
"11298",1,60,12,"EQW",3.57364328815832,3.12075383610999,0.8095
"11299",1,60,13,"EQW",2.55321077955342,3.03176175892052,0.698
"11300",1,60,14,"EQW",1.81100490860096,2.89955529209724,0.5315
"11301",1,60,15,"EQW",1.8669201281076,2.76725952391815,0.6535
"11302",1,60,16,"EQW",4.72887497580007,3.58930888650414,0.8845
"11303",1,60,17,"EQW",2.04027179975977,3.14895351886439,0.468
"11304",1,60,18,"EQW",3.2365129503642,3.40133516012182,0.2385
"11305",1,60,19,"EQW",5.59684503555512,4.0658482097547,0.8735
"11306",1,60,20,"EQW",3.85388265401337,3.22690182456976,0.8325
"11307",1,60,21,"EQW",2.50942518206976,3.32321953610456,0.3925
"11308",1,60,22,"EQW",2.7611196060207,3.18299752764383,0.2755
"11309",1,60,23,"EQW",1.59340721798558,2.80789614853379,0.598
"11310",1,60,24,"EQW",2.1981774716802,2.79769415023037,0.702
"11311",1,60,25,"EQW",1.74013111796784,2.84948818190345,0.5815
"11312",1,60,26,"EQW",7.28837718937064,4.03052487276956,0.095
"11313",1,60,27,"EQW",1.96481825364734,3.05319202911634,0.54
"11314",1,60,28,"EQW",6.86399304708897,4.25588996577761,0.053
"11315",1,60,29,"EQW",9.05065238410674,4.49418794388282,0.0265
"11316",1,60,30,"EQW",5.2449250892663,3.50063664982091,0.1565
"11317",1,60,31,"EQW",2.46884827666874,3.21699298796853,0.388
"11318",1,60,32,"EQW",1.63615677754902,2.8615531755328,0.495
"11319",1,60,33,"EQW",1.33938320319418,2.62594876082358,0.483
"11320",1,60,34,"EQW",1.77035989921717,2.70182152649284,0.3255
"11321",1,60,35,"EQW",1.81837046554678,2.8592770480559,0.6915
"11322",1,60,36,"EQW",1.83671272622555,2.73839943980613,0.311
"11323",1,60,37,"EQW",1.21081165547047,2.58226958356044,0.5295
"11324",1,60,38,"EQW",2.00921983501127,2.79717755425261,0.7515
"11325",1,60,1,"SGP",0.927701401788994,1.96030329132616,0.347
"11326",1,60,2,"SGP",2.37858054456276,3.35614362892503,0.0305
"11327",1,60,3,"SGP",1.04687143262906,2.134827692246,0.2575
"11328",1,60,4,"SGP",1.15006345641662,2.17929665531162,0.7885
"11329",1,60,5,"SGP",0.585619472571676,1.65193876025734,0.3365
"11330",1,60,6,"SGP",1.76206600623346,2.57342788757251,0.916
"11331",1,60,7,"SGP",8.92267014085089,8.26030124705166,0.9995
"11332",1,60,8,"SGP",3.353872804098,3.30434416637739,0.926
"11333",1,60,9,"SGP",9.15221234042928,7.38065150260829,0.9935
"11334",1,60,10,"SGP",1.90055679182638,2.94365682635217,0.672
"11335",1,60,11,"SGP",1.73622836979333,2.69493871347145,0.714
"11336",1,60,12,"SGP",3.09070914474426,3.0675753622539,0.8885
"11337",1,60,13,"SGP",1.53342959145164,2.59815744746885,0.684
"11338",1,60,14,"SGP",1.40828110878464,2.59064012323403,0.3295
"11339",1,60,15,"SGP",1.02927655387812,2.28827902040533,0.6245
"11340",1,60,16,"SGP",3.31436890821384,3.15748110687032,0.9425
"11341",1,60,17,"SGP",3.39406580064582,3.18981957605343,0.0895
"11342",1,60,18,"SGP",6.1699087220996,4.59341377175181,0.02
"11343",1,60,19,"SGP",7.38587419517793,5.86375667709687,0.9945
"11344",1,60,20,"SGP",1.71726594851706,2.62021956474683,0.7455
"11345",1,60,21,"SGP",4.96710356792676,4.12633818314477,0.0405
"11346",1,60,22,"SGP",4.84267663570303,3.75033724295472,0.0545
"11347",1,60,23,"SGP",1.02941677305988,2.44122234760893,0.523
"11348",1,60,24,"SGP",1.03115073589295,2.42216559383506,0.595
"11349",1,60,25,"SGP",1.37757750905192,2.43347031809246,0.337
"11350",1,60,26,"SGP",11.5691601442296,8.26813831622614,0.001
"11351",1,60,27,"SGP",4.91644245124964,3.65009918696954,0.933
"11352",1,60,28,"SGP",6.98548408934382,4.23332287564418,0.0265
"11353",1,60,29,"SGP",7.21060716127663,4.41562133187158,0.0255
"11354",1,60,30,"SGP",2.96817104556156,3.0983047452173,0.1735
"11355",1,60,31,"SGP",3.56693368437422,3.07764752737089,0.856
"11356",1,60,32,"SGP",1.35482786363756,2.57701370963514,0.584
"11357",1,60,33,"SGP",1.23959273005034,2.56288079199461,0.458
"11358",1,60,34,"SGP",2.25924986420372,2.75948271979586,0.245
"11359",1,60,35,"SGP",1.54437647824632,2.614865855751,0.646
"11360",1,60,36,"SGP",2.79584798597566,2.94572647996862,0.159
"11361",1,60,37,"SGP",1.23238596530574,2.55569901371288,0.425
"11362",1,60,38,"SGP",1.43305272075812,2.61827579614156,0.688
"11363",1,60,1,"SGP50",0.927701401788994,1.9738155162532,0.363
"11364",1,60,2,"SGP50",2.820019517279,3.16098853385167,0.0515
"11365",1,60,3,"SGP50",1.63501179544228,2.38164601001442,0.192
"11366",1,60,4,"SGP50",0.892331426631623,2.23490808575468,0.599
"11367",1,60,5,"SGP50",0.823926477634596,1.9349033481348,0.325
"11368",1,60,6,"SGP50",1.44783282013356,2.57306346019841,0.804
"11369",1,60,7,"SGP50",8.1420287323296,5.4383544292028,0.9765
"11370",1,60,8,"SGP50",4.01319049695151,3.54047917915041,0.887
"11371",1,60,9,"SGP50",8.77611267409208,5.19597045876029,0.9615
"11372",1,60,10,"SGP50",2.64960716641712,3.40779686501251,0.567
"11373",1,60,11,"SGP50",2.14638088338077,3.12994378388767,0.5615
"11374",1,60,12,"SGP50",3.12737009907388,2.94552171091632,0.802
"11375",1,60,13,"SGP50",2.07098900539489,2.86380454127618,0.6665
"11376",1,60,14,"SGP50",1.57675595790841,2.7962856890008,0.4755
"11377",1,60,15,"SGP50",1.59308290247003,2.60394543021415,0.6665
"11378",1,60,16,"SGP50",4.56772934724816,3.64842677974476,0.9135
"11379",1,60,17,"SGP50",1.82907128572771,3.03278560825558,0.427
"11380",1,60,18,"SGP50",3.59908620882522,3.40732933618709,0.187
"11381",1,60,19,"SGP50",6.20891151333601,4.41172836663681,0.9255
"11382",1,60,20,"SGP50",3.29841894935937,3.03524272687505,0.8435
"11383",1,60,21,"SGP50",2.75430975574502,3.30089680158202,0.29
"11384",1,60,22,"SGP50",3.07467174913042,3.26762661101825,0.2025
"11385",1,60,23,"SGP50",1.41393269737933,2.65225270858239,0.623
"11386",1,60,24,"SGP50",1.82376907853039,2.68380959548965,0.702
"11387",1,60,25,"SGP50",1.35498852480049,2.72389616849298,0.4975
"11388",1,60,26,"SGP50",8.737078653982,4.63200386385546,0.0425
"11389",1,60,27,"SGP50",2.02983253150609,3.01361976478803,0.6115
"11390",1,60,28,"SGP50",7.01536989877629,4.2552149561579,0.046
"11391",1,60,29,"SGP50",8.2451900966111,4.64023474825106,0.024
"11392",1,60,30,"SGP50",3.59235929056077,3.1788121360382,0.2405
"11393",1,60,31,"SGP50",1.89931692630464,3.04620458684118,0.5505
"11394",1,60,32,"SGP50",1.61884251729539,2.84202173810861,0.569
"11395",1,60,33,"SGP50",1.26302512319078,2.59791956416311,0.4875
"11396",1,60,34,"SGP50",1.80001729664065,2.71423945113028,0.2945
"11397",1,60,35,"SGP50",1.88107416585162,2.8262092564794,0.711
"11398",1,60,36,"SGP50",2.14513006257263,2.76738816796819,0.264
"11399",1,60,37,"SGP50",1.20832882054863,2.55580727956721,0.504
"11400",1,60,38,"SGP50",1.88194436793669,2.71155976879146,0.723
