"","seq","rep","time","method","crps","logs","pit"
"1",8,1,1,"BMA",13.8129468126323,4.69831282601704,0.8425
"2",8,1,2,"BMA",5.26698633717735,3.95812478133032,0.553
"3",8,1,3,"BMA",6.18869235094273,3.78784550505496,0.7285
"4",8,1,4,"BMA",2.52965845836877,3.16922936626307,0.454
"5",8,1,5,"BMA",1.92909514111614,2.91064617343827,0.375
"6",8,1,6,"BMA",11.6960534427748,5.64860601350904,0.994
"7",8,1,7,"BMA",2.00537844539447,3.0833819482066,0.456
"8",8,1,8,"BMA",1.55018812446098,2.84424719620216,0.516
"9",8,1,9,"BMA",3.1883803744259,3.17861961579534,0.213
"10",8,1,10,"BMA",1.55814396518468,2.7935424288788,0.412
"11",8,1,11,"BMA",6.85365968009775,4.09100023387345,0.0405
"12",8,1,12,"BMA",12.8648456061679,5.94624035078354,0.0065
"13",8,1,13,"BMA",9.97261116105338,4.60459112507833,0.03
"14",8,1,14,"BMA",22.43840746598,7.8450313402449,0.008
"15",8,1,15,"BMA",3.26517929786119,3.56262956073589,0.4475
"16",8,1,16,"BMA",3.04205583703765,3.43700283477643,0.588
"17",8,1,17,"BMA",3.28312709919772,3.38132145347007,0.324
"18",8,1,18,"BMA",4.39870160915179,3.53058009475677,0.181
"19",8,1,19,"BMA",5.02543324231526,3.74259682612193,0.8375
"20",8,1,20,"BMA",3.05624172328687,3.26020627585973,0.697
"21",8,1,21,"BMA",3.97532596706894,3.47054435839274,0.197
"22",8,1,22,"BMA",1.92431152474591,2.98918251603575,0.4475
"23",8,1,23,"BMA",2.07049639346079,3.08552207874874,0.366
"24",8,1,24,"BMA",2.63452534225444,3.14453736937098,0.2905
"25",8,1,25,"BMA",3.08857601798627,3.22647785988805,0.744
"26",8,1,26,"BMA",3.60755395168742,3.28904334284514,0.814
"27",8,1,27,"BMA",1.73117702026548,2.86380671731634,0.5485
"28",8,1,28,"BMA",3.88585812997136,3.23795968370186,0.175
"29",8,1,29,"BMA",3.65068032265889,3.25277738884382,0.7955
"30",8,1,30,"BMA",7.01210873090199,3.95633558277253,0.0635
"31",8,1,31,"BMA",3.58926383317755,3.24184981587998,0.7735
"32",8,1,32,"BMA",3.44422255769835,3.2178690731249,0.7775
"33",8,1,33,"BMA",1.59296758117527,2.85057001636686,0.4095
"34",8,1,34,"BMA",1.67925357807376,2.84644407172341,0.497
"35",8,1,35,"BMA",2.70112577049904,2.93544250106562,0.752
"36",8,1,36,"BMA",1.40366155091843,2.66761150791256,0.4305
"37",8,1,37,"BMA",1.46222350510964,2.62041416850659,0.6415
"38",8,1,38,"BMA",1.54847174285003,2.65248606672272,0.696
"39",8,1,1,"AVS",13.8129468126323,4.60983044587394,0.8525
"40",8,1,2,"AVS",8.8927591889542,4.3986781106703,0.732
"41",8,1,3,"AVS",12.6494225185123,4.60114445846211,0.748
"42",8,1,4,"AVS",4.48089906098935,3.59751881917936,0.3245
"43",8,1,5,"AVS",1.8357770428368,2.86334128653818,0.344
"44",8,1,6,"AVS",11.6629758794402,5.84594795224397,0.997
"45",8,1,7,"AVS",1.84701500536949,2.91966608366196,0.384
"46",8,1,8,"AVS",1.44236036927216,2.76538081718793,0.503
"47",8,1,9,"AVS",3.23340426252048,3.19107206621292,0.1985
"48",8,1,10,"AVS",1.55502145243197,2.75015237583457,0.4205
"49",8,1,11,"AVS",6.86650787606466,4.18164956016999,0.044
"50",8,1,12,"AVS",12.8913850712072,6.09007878744183,0.0025
"51",8,1,13,"AVS",10.1496398170115,4.71453367616795,0.0225
"52",8,1,14,"AVS",23.0453263637327,7.9467441503275,0.001
"53",8,1,15,"AVS",1.93858170400472,3.07019497431137,0.4685
"54",8,1,16,"AVS",2.74642584638105,3.19448170819197,0.6825
"55",8,1,17,"AVS",2.77450927288891,3.14784579498301,0.286
"56",8,1,18,"AVS",4.25866275037739,3.37248786084801,0.1795
"57",8,1,19,"AVS",5.44498211943687,3.65874533791494,0.8605
"58",8,1,20,"AVS",2.70302731465294,3.23861432817613,0.696
"59",8,1,21,"AVS",4.33879718515723,3.34807713572626,0.173
"60",8,1,22,"AVS",1.86890143539141,2.9759378015184,0.4115
"61",8,1,23,"AVS",2.06945009974646,3.00354859380435,0.3705
"62",8,1,24,"AVS",2.63452071640095,3.07496358130581,0.308
"63",8,1,25,"AVS",3.13581215952088,3.12606778015931,0.751
"64",8,1,26,"AVS",3.57420158278406,3.18228739212159,0.7825
"65",8,1,27,"AVS",1.68580129471711,2.88941815615518,0.5325
"66",8,1,28,"AVS",3.96584715813267,3.21550650980288,0.1665
"67",8,1,29,"AVS",3.6322978298723,3.19786332652448,0.817
"68",8,1,30,"AVS",7.13913886672564,3.94116054944368,0.0615
"69",8,1,31,"AVS",3.83278232913689,3.32281803703129,0.81
"70",8,1,32,"AVS",3.79293973209073,3.40672887771267,0.8185
"71",8,1,33,"AVS",1.60260673034254,2.87050529750703,0.4255
"72",8,1,34,"AVS",1.85758012959681,2.82902088553104,0.568
"73",8,1,35,"AVS",3.54487940718603,3.26358683730493,0.832
"74",8,1,36,"AVS",1.69919023953016,2.89003225428489,0.3995
"75",8,1,37,"AVS",2.23922233534891,2.92993920391453,0.6835
"76",8,1,38,"AVS",1.73903849458814,2.90201808149134,0.592
"77",8,1,1,"EQW",13.8129468126323,4.61026851907011,0.852
"78",8,1,2,"EQW",4.54954268262269,3.81896177583319,0.532
"79",8,1,3,"EQW",7.91723268969628,3.95301472682041,0.7535
"80",8,1,4,"EQW",6.38388529779137,3.88270248226463,0.626
"81",8,1,5,"EQW",7.06635582898402,3.82627003844409,0.627
"82",8,1,6,"EQW",20.5345863660455,5.21716793613971,0.9635
"83",8,1,7,"EQW",11.2574001960002,4.07375018544889,0.742
"84",8,1,8,"EQW",12.2622499222253,4.04895165877347,0.7805
"85",8,1,9,"EQW",10.837480698242,4.09651847303909,0.681
"86",8,1,10,"EQW",13.3468421111529,4.10965377517457,0.771
"87",8,1,11,"EQW",11.3877894023098,4.27345201905803,0.623
"88",8,1,12,"EQW",10.7651533222971,4.39360819874664,0.537
"89",8,1,13,"EQW",10.407426719653,4.32760299965219,0.583
"90",8,1,14,"EQW",8.97124303476721,4.46607877807468,0.406
"91",8,1,15,"EQW",5.83026094706885,3.79108778183694,0.534
"92",8,1,16,"EQW",5.99973306362247,3.78640527867742,0.607
"93",8,1,17,"EQW",5.53956391993101,3.894155624851,0.458
"94",8,1,18,"EQW",5.65429055508728,3.9997795520406,0.379
"95",8,1,19,"EQW",6.3545647776726,3.90324139740277,0.694
"96",8,1,20,"EQW",6.38184910742383,3.81166604046804,0.681
"97",8,1,21,"EQW",5.10047564404229,3.87034988581199,0.488
"98",8,1,22,"EQW",4.59756900611899,3.7375433830879,0.5525
"99",8,1,23,"EQW",4.11797624842449,3.62020462070743,0.466
"100",8,1,24,"EQW",4.15986960132244,3.69065445529968,0.3965
"101",8,1,25,"EQW",3.84152128769101,3.52463243469614,0.605
"102",8,1,26,"EQW",4.69140646168085,3.65640370066986,0.7095
"103",8,1,27,"EQW",4.16975828134828,3.63832837595038,0.6435
"104",8,1,28,"EQW",3.68106275504363,3.61020629551252,0.436
"105",8,1,29,"EQW",4.22642604857174,3.63209089227196,0.6955
"106",8,1,30,"EQW",4.90203923232674,3.74156267736159,0.275
"107",8,1,31,"EQW",2.81920532789484,3.3837722323289,0.515
"108",8,1,32,"EQW",2.70840537319463,3.36168576257405,0.5455
"109",8,1,33,"EQW",2.67354605792924,3.18215141183581,0.368
"110",8,1,34,"EQW",2.56501836506996,3.20005417776925,0.3775
"111",8,1,35,"EQW",2.2861577058374,3.19033725684024,0.5635
"112",8,1,36,"EQW",2.28877107339544,3.07607522079699,0.3925
"113",8,1,37,"EQW",1.96268138618952,2.95231302459442,0.5345
"114",8,1,38,"EQW",1.96309855783567,3.00509795103206,0.5575
"115",8,1,1,"SGP",13.8129468126323,4.65749678033814,0.834
"116",8,1,2,"SGP",3.93715420916336,3.59951103265973,0.5755
"117",8,1,3,"SGP",3.89874069899334,3.24679242856932,0.8475
"118",8,1,4,"SGP",1.68234399203087,2.78705153287916,0.418
"119",8,1,5,"SGP",1.79812515158743,2.87032469984834,0.343
"120",8,1,6,"SGP",11.6959846653167,5.80970006826718,0.995
"121",8,1,7,"SGP",1.8492102832534,2.94747688907712,0.388
"122",8,1,8,"SGP",1.46301769151389,2.86787844850804,0.527
"123",8,1,9,"SGP",3.20547897483315,3.17715493697891,0.198
"124",8,1,10,"SGP",1.55946155490791,2.80860581638348,0.4355
"125",8,1,11,"SGP",6.80640008074615,4.20191698301868,0.0415
"126",8,1,12,"SGP",12.7944876797471,6.39676312974652,0.005
"127",8,1,13,"SGP",10.0789126312742,4.68963588109477,0.0255
"128",8,1,14,"SGP",22.9275990213469,7.64545404961275,0.0025
"129",8,1,15,"SGP",1.94567849466584,3.09095147666546,0.466
"130",8,1,16,"SGP",2.74600668632971,3.22593663808606,0.6745
"131",8,1,17,"SGP",2.77979094440483,3.162224776582,0.291
"132",8,1,18,"SGP",4.26258376884717,3.3742836074805,0.171
"133",8,1,19,"SGP",5.43082763900094,3.6049842999028,0.868
"134",8,1,20,"SGP",2.70574048796145,3.19897176909216,0.699
"135",8,1,21,"SGP",4.33374038218526,3.34111362457611,0.1865
"136",8,1,22,"SGP",1.87396442063859,2.95512101594727,0.435
"137",8,1,23,"SGP",2.07476139679978,2.95606985970805,0.354
"138",8,1,24,"SGP",2.63999170795711,3.10542342360455,0.2925
"139",8,1,25,"SGP",3.1298126681459,3.25241822205763,0.762
"140",8,1,26,"SGP",3.57078331708098,3.10107865673573,0.7775
"141",8,1,27,"SGP",1.69027126830149,2.94528443702999,0.523
"142",8,1,28,"SGP",3.96266477682259,3.28194754358658,0.167
"143",8,1,29,"SGP",3.62897265476459,3.25985487377342,0.813
"144",8,1,30,"SGP",7.13101193886341,3.91214650018942,0.0615
"145",8,1,31,"SGP",3.81858320477807,3.25586447187023,0.823
"146",8,1,32,"SGP",3.77946876048311,3.3361676694071,0.815
"147",8,1,33,"SGP",1.60618182419486,2.85077732062004,0.4185
"148",8,1,34,"SGP",1.85633482233044,2.93466967024934,0.569
"149",8,1,35,"SGP",3.53348309991507,3.27405683537728,0.807
"150",8,1,36,"SGP",1.70071739348634,2.8706415020418,0.4065
"151",8,1,37,"SGP",2.23493325463802,2.88694730254338,0.693
"152",8,1,38,"SGP",1.73958205347692,2.85443792771909,0.5865
"153",8,1,1,"SGP50",13.8129468126323,4.59833117475247,0.8575
"154",8,1,2,"SGP50",4.50502663018908,3.83146102365376,0.5135
"155",8,1,3,"SGP50",7.64667829198096,3.9674835721777,0.7675
"156",8,1,4,"SGP50",5.18308406245001,3.72894031382413,0.6015
"157",8,1,5,"SGP50",4.64904411078971,3.53662144574972,0.564
"158",8,1,6,"SGP50",15.7040954576299,5.19833766898044,0.9745
"159",8,1,7,"SGP50",4.59919680492687,3.47795208191011,0.5995
"160",8,1,8,"SGP50",4.21915755983623,3.28838907235842,0.649
"161",8,1,9,"SGP50",3.50290511572529,3.47844542276236,0.4045
"162",8,1,10,"SGP50",3.13889386052018,3.13531875510791,0.5715
"163",8,1,11,"SGP50",5.03365916886876,3.98803020324883,0.2645
"164",8,1,12,"SGP50",9.00491064979604,4.99097310768455,0.1735
"165",8,1,13,"SGP50",7.27125444196161,4.50647090624379,0.1815
"166",8,1,14,"SGP50",17.4806314764419,5.51201444623747,0.0855
"167",8,1,15,"SGP50",2.36682479971214,3.23456051974981,0.4515
"168",8,1,16,"SGP50",2.81952179005729,3.28270718176395,0.6165
"169",8,1,17,"SGP50",3.09533301846276,3.29220050563536,0.321
"170",8,1,18,"SGP50",4.51775155316157,3.47156921440404,0.199
"171",8,1,19,"SGP50",4.82740994607844,3.76048743974476,0.806
"172",8,1,20,"SGP50",2.89263618765193,3.27932074188783,0.695
"173",8,1,21,"SGP50",4.13707747430242,3.47302849321549,0.21
"174",8,1,22,"SGP50",2.16842392590421,3.08142876859158,0.4425
"175",8,1,23,"SGP50",2.37434805380811,3.01204090614492,0.3775
"176",8,1,24,"SGP50",2.95475264377544,3.21137952915266,0.287
"177",8,1,25,"SGP50",2.90101238522046,3.19478660208003,0.696
"178",8,1,26,"SGP50",3.44297726283834,3.24717079984439,0.7545
"179",8,1,27,"SGP50",1.94341089115294,3.01623172566446,0.56
"180",8,1,28,"SGP50",3.83424773123775,3.27236486518008,0.2015
"181",8,1,29,"SGP50",3.49166515581111,3.35301483743706,0.7785
"182",8,1,30,"SGP50",6.75092398296304,3.91501726067567,0.0895
"183",8,1,31,"SGP50",3.21786211006695,3.26560460011036,0.735
"184",8,1,32,"SGP50",3.20885672286155,3.31737389823035,0.7295
"185",8,1,33,"SGP50",1.79839869455777,2.89877392757703,0.42
"186",8,1,34,"SGP50",1.84252057129192,2.95422260277697,0.5265
"187",8,1,35,"SGP50",3.02546952062273,3.1017135048919,0.741
"188",8,1,36,"SGP50",1.77981852245514,2.89417576805396,0.4045
"189",8,1,37,"SGP50",2.04594248991951,2.96588190602188,0.6715
"190",8,1,38,"SGP50",1.76517793343185,2.9306690555844,0.586
"191",8,2,1,"BMA",5.02109334850427,3.66855135899357,0.846
"192",8,2,2,"BMA",3.63292808362926,3.34155659805128,0.745
"193",8,2,3,"BMA",2.77983482032365,3.22091673904662,0.302
"194",8,2,4,"BMA",4.80833669320862,3.53279638614705,0.8055
"195",8,2,5,"BMA",3.18654737868727,3.30945316186402,0.7115
"196",8,2,6,"BMA",2.55522631077241,3.23531033993443,0.651
"197",8,2,7,"BMA",2.61123833628678,3.1604316521657,0.3505
"198",8,2,8,"BMA",11.4848277335907,5.00785766226538,0.962
"199",8,2,9,"BMA",3.92600326190841,3.44911033555015,0.7415
"200",8,2,10,"BMA",2.18937293557837,3.11745644219087,0.536
"201",8,2,11,"BMA",2.52857658764053,3.14011637230979,0.6495
"202",8,2,12,"BMA",7.1341721201845,3.88774465608694,0.9125
"203",8,2,13,"BMA",5.6270742407559,3.59606125209592,0.8705
"204",8,2,14,"BMA",1.81865140167618,2.91564332822364,0.53
"205",8,2,15,"BMA",1.68747074567642,2.96158877605788,0.5765
"206",8,2,16,"BMA",1.58058365430458,2.88044445741768,0.4335
"207",8,2,17,"BMA",2.49655963295406,2.95712788282081,0.73
"208",8,2,18,"BMA",7.64055939896781,4.28702654136181,0.0425
"209",8,2,19,"BMA",3.53862141655194,3.1153815681786,0.1885
"210",8,2,20,"BMA",3.48143503210427,3.11660938551671,0.1785
"211",8,2,21,"BMA",7.33511003669968,4.12698806589682,0.0585
"212",8,2,22,"BMA",2.46600477946236,3.03219747225326,0.275
"213",8,2,23,"BMA",1.62533735844211,2.86140908771615,0.421
"214",8,2,24,"BMA",1.71093872037927,2.8299777688321,0.395
"215",8,2,25,"BMA",4.693575779554,3.39799422954964,0.122
"216",8,2,26,"BMA",1.63568870137668,2.80792638244904,0.538
"217",8,2,27,"BMA",4.19549448875385,3.3018584199507,0.153
"218",8,2,28,"BMA",4.21150549498443,3.37366763944133,0.135
"219",8,2,29,"BMA",5.10947674507855,3.58671460936837,0.093
"220",8,2,30,"BMA",1.61319842626701,2.87915130657915,0.4415
"221",8,2,31,"BMA",1.68959254921837,2.82755458608759,0.4405
"222",8,2,32,"BMA",1.47014034475171,2.72931226626575,0.428
"223",8,2,33,"BMA",1.2942522206084,2.55240485065842,0.449
"224",8,2,34,"BMA",2.62821509282862,2.94582965635446,0.153
"225",8,2,35,"BMA",1.08022027936775,2.32615129323191,0.375
"226",8,2,36,"BMA",2.16382999121574,2.93176166349976,0.122
"227",8,2,37,"BMA",2.21816609119934,2.91826808529525,0.1675
"228",8,2,38,"BMA",1.00777597620355,1.43322647247353,0.4295
"229",8,2,1,"AVS",5.02109334850427,3.68684890600115,0.8505
"230",8,2,2,"AVS",2.47341748398124,3.199833767383,0.651
"231",8,2,3,"AVS",3.66820707770322,3.22866018757152,0.2545
"232",8,2,4,"AVS",3.34315447554047,3.359353381043,0.706
"233",8,2,5,"AVS",3.35226143806483,3.39952359420975,0.7035
"234",8,2,6,"AVS",2.83063133987295,3.3371108850082,0.6415
"235",8,2,7,"AVS",2.66381212113807,3.26370502617873,0.405
"236",8,2,8,"AVS",11.2135878697892,4.72323570185248,0.9545
"237",8,2,9,"AVS",5.79746950427931,3.74111623128053,0.8235
"238",8,2,10,"AVS",2.74957923110226,3.24455394588101,0.6525
"239",8,2,11,"AVS",2.86311553004284,3.19996145956208,0.6845
"240",8,2,12,"AVS",6.4982180203956,3.91572612954974,0.924
"241",8,2,13,"AVS",4.41404541153359,3.3256090617587,0.8395
"242",8,2,14,"AVS",1.7186192326457,2.86489236357672,0.522
"243",8,2,15,"AVS",1.65687134010817,2.88711659763138,0.566
"244",8,2,16,"AVS",1.57156039431094,2.80296230948367,0.407
"245",8,2,17,"AVS",2.49853101936347,2.98594580530011,0.7255
"246",8,2,18,"AVS",7.61832379429037,4.21083940971064,0.0425
"247",8,2,19,"AVS",3.52809349157148,3.18425440835542,0.1925
"248",8,2,20,"AVS",3.48022530652046,3.16051528287151,0.1825
"249",8,2,21,"AVS",7.34394651256775,4.04134982451705,0.058
"250",8,2,22,"AVS",2.4679411454533,3.07898511785211,0.2805
"251",8,2,23,"AVS",1.62569100540978,2.86577618562041,0.437
"252",8,2,24,"AVS",1.71820903092146,2.78929123734184,0.381
"253",8,2,25,"AVS",4.74151361647366,3.49802971928575,0.0995
"254",8,2,26,"AVS",1.62843269754238,2.86602158574432,0.5415
"255",8,2,27,"AVS",4.30145178331316,3.32492106577206,0.1405
"256",8,2,28,"AVS",4.33526362644816,3.4567135617471,0.137
"257",8,2,29,"AVS",5.02094057074789,3.54354213971797,0.101
"258",8,2,30,"AVS",1.60320931346956,2.82917438511804,0.4525
"259",8,2,31,"AVS",1.74035282471401,2.84777627396436,0.4295
"260",8,2,32,"AVS",1.57796936729919,2.88889591438938,0.4205
"261",8,2,33,"AVS",1.53403262797917,2.84436015309307,0.4295
"262",8,2,34,"AVS",2.97725085584889,3.10926633195997,0.2115
"263",8,2,35,"AVS",1.36117620269706,2.8170250157452,0.4995
"264",8,2,36,"AVS",2.03275563651681,2.85216791736158,0.321
"265",8,2,37,"AVS",1.41649810466973,2.05557617035715,0.3885
"266",8,2,38,"AVS",0.926414683925366,1.39580276473567,0.458
"267",8,2,1,"EQW",5.02109334850427,3.81458293555353,0.8515
"268",8,2,2,"EQW",6.04601923553327,3.73911103971833,0.8495
"269",8,2,3,"EQW",2.44097208997021,3.1050633786393,0.3585
"270",8,2,4,"EQW",5.26973827168876,3.80281580488359,0.838
"271",8,2,5,"EQW",2.8565441703539,3.26822462075779,0.6875
"272",8,2,6,"EQW",1.9873411203918,3.03331119353772,0.537
"273",8,2,7,"EQW",3.53049029975503,3.28913568463831,0.231
"274",8,2,8,"EQW",10.1436420078126,4.78002389185795,0.963
"275",8,2,9,"EQW",2.47935945097155,3.21299029006225,0.5605
"276",8,2,10,"EQW",2.42623942009489,3.15715010742613,0.4185
"277",8,2,11,"EQW",2.21089172179543,3.13279294376335,0.5915
"278",8,2,12,"EQW",6.59174395563464,3.72592096146836,0.903
"279",8,2,13,"EQW",7.20481248964711,3.75560297069207,0.903
"280",8,2,14,"EQW",3.52628761724223,3.42172823355995,0.6435
"281",8,2,15,"EQW",3.17208899031918,3.32933876403222,0.6335
"282",8,2,16,"EQW",2.52685683657795,3.13101734471394,0.565
"283",8,2,17,"EQW",3.88453571402984,3.26908486538965,0.7855
"284",8,2,18,"EQW",4.39876303538609,3.66236130884411,0.237
"285",8,2,19,"EQW",4.2757531509154,3.52533706687614,0.2225
"286",8,2,20,"EQW",3.66201160281175,3.24934410847698,0.2165
"287",8,2,21,"EQW",7.04539496277018,4.07021946369795,0.0695
"288",8,2,22,"EQW",2.16965614393104,3.22554575665035,0.461
"289",8,2,23,"EQW",2.49751275308641,3.14311692077366,0.66
"290",8,2,24,"EQW",1.83604536507925,2.90500242869716,0.607
"291",8,2,25,"EQW",2.26205039645544,2.94952763782198,0.3045
"292",8,2,26,"EQW",2.34082134081228,2.95417073062697,0.7355
"293",8,2,27,"EQW",1.86269169569838,2.79853319261111,0.3635
"294",8,2,28,"EQW",2.60397532997135,2.98030328796414,0.2015
"295",8,2,29,"EQW",4.51977532661291,3.6086063163334,0.0995
"296",8,2,30,"EQW",1.80247063989208,2.92121393990628,0.3675
"297",8,2,31,"EQW",1.36909382446732,2.61331122562613,0.392
"298",8,2,32,"EQW",1.14792882930795,2.45694607018581,0.445
"299",8,2,33,"EQW",1.01819089250042,2.36436001781093,0.4665
"300",8,2,34,"EQW",2.43581547245008,2.91886691355689,0.167
"301",8,2,35,"EQW",1.14685563178869,2.40515254019435,0.378
"302",8,2,36,"EQW",2.03288176091115,2.9176558500959,0.1995
"303",8,2,37,"EQW",1.98666652828873,2.56782025585234,0.2195
"304",8,2,38,"EQW",1.65088954199161,1.74759935667003,0.2765
"305",8,2,1,"SGP",5.02109334850427,3.77946253516414,0.8685
"306",8,2,2,"SGP",6.35477169665467,3.75553966137481,0.8815
"307",8,2,3,"SGP",2.02872927430245,2.95503529894579,0.37
"308",8,2,4,"SGP",7.13282655868386,4.1551247701583,0.938
"309",8,2,5,"SGP",2.92908325473776,3.15787150247408,0.75
"310",8,2,6,"SGP",2.02604250935356,2.98145877736577,0.6275
"311",8,2,7,"SGP",2.66255615650418,3.02651867825064,0.2525
"312",8,2,8,"SGP",11.8539925960033,5.44433292146153,0.9895
"313",8,2,9,"SGP",1.84991880821507,2.96013498398221,0.458
"314",8,2,10,"SGP",2.47483698611595,3.08971669885104,0.321
"315",8,2,11,"SGP",1.81418710676365,2.93414505600889,0.5725
"316",8,2,12,"SGP",4.7943818277204,3.58046701775488,0.8845
"317",8,2,13,"SGP",3.69946518160591,3.30137368097886,0.8535
"318",8,2,14,"SGP",2.43575880230675,2.92350113873904,0.275
"319",8,2,15,"SGP",2.47474436092958,2.99327203023013,0.2355
"320",8,2,16,"SGP",2.6464341919286,2.91406377259684,0.219
"321",8,2,17,"SGP",1.32153819521289,2.66301960207267,0.562
"322",8,2,18,"SGP",10.9710493810907,5.84253010457662,0.0095
"323",8,2,19,"SGP",11.3126471282798,5.23989078404591,0.021
"324",8,2,20,"SGP",4.47699462955276,3.39475086821874,0.141
"325",8,2,21,"SGP",7.70885616783177,4.10581288310321,0.052
"326",8,2,22,"SGP",2.21616369713246,3.061779612989,0.3545
"327",8,2,23,"SGP",1.64868163624943,2.89334648434229,0.4435
"328",8,2,24,"SGP",1.70091586329391,2.82686991215702,0.3745
"329",8,2,25,"SGP",4.64586862329527,3.3654884738973,0.1235
"330",8,2,26,"SGP",1.64829307858709,2.77151591994631,0.5355
"331",8,2,27,"SGP",4.19172935867197,3.25770513888104,0.1535
"332",8,2,28,"SGP",4.23994663537625,3.36992162322947,0.1445
"333",8,2,29,"SGP",4.95306826237667,3.54419847274085,0.1035
"334",8,2,30,"SGP",1.60520857489378,2.83513239673773,0.427
"335",8,2,31,"SGP",1.72089766945695,2.85482199237839,0.433
"336",8,2,32,"SGP",1.55968288890639,2.80525986565653,0.4445
"337",8,2,33,"SGP",1.51187640979417,2.7740021051867,0.4405
"338",8,2,34,"SGP",2.934972836545,3.06100348323967,0.2015
"339",8,2,35,"SGP",1.68988637387054,2.78552759737619,0.687
"340",8,2,36,"SGP",1.15163723586422,2.64273597661881,0.446
"341",8,2,37,"SGP",0.789187937581245,1.79565535079723,0.5315
"342",8,2,38,"SGP",0.328305348250041,0.477758142227051,0.5855
"343",8,2,1,"SGP50",5.02109334850427,3.61996542694795,0.8265
"344",8,2,2,"SGP50",6.0656958318893,3.84422174129487,0.8625
"345",8,2,3,"SGP50",2.43134184416847,3.14824850984357,0.3565
"346",8,2,4,"SGP50",5.33446034583542,3.6770463368341,0.8315
"347",8,2,5,"SGP50",2.86254501853667,3.26057848108077,0.6985
"348",8,2,6,"SGP50",1.97368668093196,3.01289826005438,0.543
"349",8,2,7,"SGP50",3.51057989788001,3.28586185741226,0.2395
"350",8,2,8,"SGP50",10.219758347114,4.49680871484852,0.959
"351",8,2,9,"SGP50",2.38388430726474,3.23431004867709,0.565
"352",8,2,10,"SGP50",2.45683367893036,3.22271000178813,0.411
"353",8,2,11,"SGP50",2.11794994451695,3.10616833235625,0.5965
"354",8,2,12,"SGP50",6.22881848155937,3.67836444651338,0.882
"355",8,2,13,"SGP50",6.48818195944278,3.67691518691943,0.898
"356",8,2,14,"SGP50",2.88922961386016,3.30942491746415,0.5835
"357",8,2,15,"SGP50",2.5754560943471,3.24682778434519,0.562
"358",8,2,16,"SGP50",2.15110336403972,3.05530517289018,0.5025
"359",8,2,17,"SGP50",3.08590285949951,3.12750951404832,0.725
"360",8,2,18,"SGP50",5.71011452100902,3.86716716272719,0.175
"361",8,2,19,"SGP50",4.94205828002156,3.5873395026923,0.1925
"362",8,2,20,"SGP50",3.84170935047607,3.34078160810678,0.175
"363",8,2,21,"SGP50",7.38392416315675,4.05935664584444,0.068
"364",8,2,22,"SGP50",2.15943795373503,3.14173939421887,0.4625
"365",8,2,23,"SGP50",2.57206709116228,3.12810389985099,0.645
"366",8,2,24,"SGP50",1.70105783639076,2.88555995464174,0.553
"367",8,2,25,"SGP50",2.69894421510817,2.98769275597444,0.2735
"368",8,2,26,"SGP50",2.23829909931675,2.99305020738742,0.7255
"369",8,2,27,"SGP50",2.21169176222506,2.89431791484306,0.3095
"370",8,2,28,"SGP50",2.76200186638529,2.99705486762673,0.1975
"371",8,2,29,"SGP50",4.3078555202299,3.41191506076637,0.1425
"372",8,2,30,"SGP50",1.71600697714093,2.9545585457196,0.42
"373",8,2,31,"SGP50",1.40816410503367,2.65000007745498,0.428
"374",8,2,32,"SGP50",1.2119636530706,2.5379953819721,0.445
"375",8,2,33,"SGP50",1.08992026477633,2.42047341419557,0.4745
"376",8,2,34,"SGP50",2.42753494510915,2.88197880502196,0.189
"377",8,2,35,"SGP50",1.16117099931949,2.51334355749014,0.39
"378",8,2,36,"SGP50",1.96573070364327,2.91653893113871,0.221
"379",8,2,37,"SGP50",1.85321360324408,2.44678216696243,0.249
"380",8,2,38,"SGP50",1.50224345136256,1.66198832207563,0.307
"381",8,3,1,"BMA",1.80629754528224,2.89607196052095,0.5735
"382",8,3,2,"BMA",5.21750034174688,4.22016741200125,0.916
"383",8,3,3,"BMA",5.48127155591763,3.87446207054624,0.884
"384",8,3,4,"BMA",7.01036130590478,4.23991881504449,0.903
"385",8,3,5,"BMA",3.1360943218219,3.29812365186392,0.66
"386",8,3,6,"BMA",2.65538449932179,3.188604362124,0.329
"387",8,3,7,"BMA",2.40725813044541,2.9773961468145,0.2915
"388",8,3,8,"BMA",6.29258047901821,3.92573692702962,0.9315
"389",8,3,9,"BMA",4.60084312099295,3.4930829648603,0.1625
"390",8,3,10,"BMA",3.14679407236059,3.12554697620458,0.774
"391",8,3,11,"BMA",3.81443298697292,3.23161059807585,0.1845
"392",8,3,12,"BMA",3.07630496174254,3.01660721295287,0.7805
"393",8,3,13,"BMA",1.80248269019343,2.90308785205578,0.6375
"394",8,3,14,"BMA",2.40273666721635,2.99113079219139,0.742
"395",8,3,15,"BMA",7.36447167173773,4.16906719095819,0.9615
"396",8,3,16,"BMA",1.54541923441326,2.82528374840854,0.4235
"397",8,3,17,"BMA",1.44966473443913,2.75311545795571,0.498
"398",8,3,18,"BMA",8.20285765582753,4.40553332649348,0.0305
"399",8,3,19,"BMA",5.01392524749863,3.61019883536133,0.0945
"400",8,3,20,"BMA",1.46081223273695,2.80673610558044,0.5885
"401",8,3,21,"BMA",4.39904987500316,3.33293652832259,0.116
"402",8,3,22,"BMA",8.94994226280981,4.93498120255368,0.017
"403",8,3,23,"BMA",1.71131217482582,2.82862497559222,0.391
"404",8,3,24,"BMA",1.49055320815808,2.75653756700281,0.449
"405",8,3,25,"BMA",11.2615001760183,5.35166402746766,0.0065
"406",8,3,26,"BMA",3.4031122062743,3.18330348086546,0.2115
"407",8,3,27,"BMA",1.56209109321525,2.85821287677539,0.4235
"408",8,3,28,"BMA",1.76841468428468,2.91888193269806,0.3865
"409",8,3,29,"BMA",1.53947208400499,2.72759221662082,0.5515
"410",8,3,30,"BMA",1.54259769242218,2.79636778733291,0.431
"411",8,3,31,"BMA",1.54713631679675,2.86159246164488,0.5615
"412",8,3,32,"BMA",1.5536208725135,2.79117969348039,0.4005
"413",8,3,33,"BMA",1.83958927402342,2.94183155467697,0.691
"414",8,3,34,"BMA",2.68254390614582,2.96232491363864,0.75
"415",8,3,35,"BMA",1.46149422509433,2.72285024825498,0.419
"416",8,3,36,"BMA",1.42078125156394,2.78598831767393,0.44
"417",8,3,37,"BMA",1.97130516027527,2.81686984895414,0.311
"418",8,3,38,"BMA",1.37010321475616,2.67318906523212,0.5215
"419",8,3,1,"AVS",1.80629754528224,2.90809578744433,0.573
"420",8,3,2,"AVS",5.44730059600653,3.99728185202501,0.9645
"421",8,3,3,"AVS",5.94005147710164,3.96475835782871,0.9455
"422",8,3,4,"AVS",7.48813064836558,4.52781960761716,0.9485
"423",8,3,5,"AVS",4.40583173535882,3.56384464084596,0.729
"424",8,3,6,"AVS",2.52813356373757,3.08917275349912,0.2415
"425",8,3,7,"AVS",1.86060133151644,2.7722352750255,0.3145
"426",8,3,8,"AVS",7.00991354013844,4.20967790927798,0.9615
"427",8,3,9,"AVS",5.3441010324284,3.70458904800967,0.087
"428",8,3,10,"AVS",2.98253658658702,3.13154103632187,0.789
"429",8,3,11,"AVS",4.34956697731837,3.36507610693673,0.1205
"430",8,3,12,"AVS",3.01913586138429,3.04548618783335,0.7915
"431",8,3,13,"AVS",1.55102264955343,2.84342339034845,0.6105
"432",8,3,14,"AVS",2.10968240226394,2.87678527788808,0.7315
"433",8,3,15,"AVS",7.05102616141708,4.14987052873549,0.961
"434",8,3,16,"AVS",1.55544379323139,2.84347384034365,0.4005
"435",8,3,17,"AVS",1.45537784420143,2.77647555430532,0.518
"436",8,3,18,"AVS",7.98652102691573,4.37477705434849,0.032
"437",8,3,19,"AVS",4.94234730311317,3.59186996842992,0.096
"438",8,3,20,"AVS",1.45707502787138,2.76074219100461,0.5735
"439",8,3,21,"AVS",4.40252405600426,3.32590091771324,0.1135
"440",8,3,22,"AVS",9.0308976037695,4.94520403801718,0.0175
"441",8,3,23,"AVS",1.76889805833743,2.82472941336534,0.367
"442",8,3,24,"AVS",1.49221254420591,2.78503338384134,0.433
"443",8,3,25,"AVS",11.5230262934301,5.60675320728076,0.006
"444",8,3,26,"AVS",3.77447775058437,3.25896688357968,0.1855
"445",8,3,27,"AVS",1.61147263997233,2.85337761572713,0.414
"446",8,3,28,"AVS",1.72920296711999,2.94548194219774,0.3955
"447",8,3,29,"AVS",1.56994892566409,2.85822544418105,0.5755
"448",8,3,30,"AVS",1.53502487910851,2.7867805148031,0.407
"449",8,3,31,"AVS",1.67856043616888,2.82644549076513,0.6115
"450",8,3,32,"AVS",1.45554258283709,2.75783016119697,0.447
"451",8,3,33,"AVS",2.05250318909659,2.84346250757825,0.6835
"452",8,3,34,"AVS",2.7500544832637,3.04213836119057,0.7595
"453",8,3,35,"AVS",1.46571585638019,2.7093956567605,0.427
"454",8,3,36,"AVS",1.42178817721527,2.70760270952904,0.4185
"455",8,3,37,"AVS",1.98023806582262,2.85765848436405,0.308
"456",8,3,38,"AVS",1.37799399504046,2.69720121863784,0.519
"457",8,3,1,"EQW",1.80629754528224,2.88509004308898,0.606
"458",8,3,2,"EQW",4.42434736355145,3.93159568822676,0.8135
"459",8,3,3,"EQW",4.88252983393108,3.91807951059267,0.859
"460",8,3,4,"EQW",6.32587218634144,4.05247774230759,0.8925
"461",8,3,5,"EQW",2.5248668015937,3.11711037590221,0.663
"462",8,3,6,"EQW",2.68549207854863,3.25563252831152,0.335
"463",8,3,7,"EQW",2.78857146117038,3.24717109079605,0.298
"464",8,3,8,"EQW",5.59992802695437,3.75895707229743,0.876
"465",8,3,9,"EQW",3.85055510234595,3.702422603667,0.269
"466",8,3,10,"EQW",3.35891158705494,3.23097471622189,0.7385
"467",8,3,11,"EQW",3.31911199010072,3.49545069584058,0.3
"468",8,3,12,"EQW",3.5458172644843,3.17506382683825,0.776
"469",8,3,13,"EQW",2.72858553693468,3.13011809108153,0.6605
"470",8,3,14,"EQW",3.73474694229523,3.19783803805016,0.7605
"471",8,3,15,"EQW",9.67930718625655,4.35285276896352,0.967
"472",8,3,16,"EQW",4.4189764419264,3.46380220779235,0.646
"473",8,3,17,"EQW",3.98251060829973,3.36829860198418,0.687
"474",8,3,18,"EQW",4.18508926561685,3.7957717913419,0.317
"475",8,3,19,"EQW",4.12197191324265,3.77515217898447,0.2425
"476",8,3,20,"EQW",2.13761581511491,3.09132458029712,0.547
"477",8,3,21,"EQW",3.69431071957345,3.44908175510266,0.2425
"478",8,3,22,"EQW",7.09821901853212,4.12682197998135,0.107
"479",8,3,23,"EQW",2.02392632540814,3.0853101130376,0.436
"480",8,3,24,"EQW",1.75943715777963,2.93778140914499,0.576
"481",8,3,25,"EQW",8.2177734193496,4.16157576156459,0.0375
"482",8,3,26,"EQW",4.43793411787459,3.41114507976098,0.1515
"483",8,3,27,"EQW",2.26941538794529,2.95698263757051,0.293
"484",8,3,28,"EQW",1.96509765543999,2.74558731785016,0.318
"485",8,3,29,"EQW",1.25560929112308,2.63164684324508,0.5465
"486",8,3,30,"EQW",1.23772091971554,2.57800689421026,0.5165
"487",8,3,31,"EQW",1.3664823005793,2.69494431473652,0.649
"488",8,3,32,"EQW",1.11296139423662,2.53953178506923,0.5135
"489",8,3,33,"EQW",1.92872439612432,2.80704410277936,0.756
"490",8,3,34,"EQW",4.00406882616253,3.46117856504429,0.8645
"491",8,3,35,"EQW",2.14827150802709,3.06296202636269,0.7025
"492",8,3,36,"EQW",1.86075508769061,2.97023335565184,0.667
"493",8,3,37,"EQW",1.38016254870871,2.74290027911996,0.528
"494",8,3,38,"EQW",1.43027331319906,2.65892531962271,0.632
"495",8,3,1,"SGP",1.80629754528224,2.82395271661345,0.587
"496",8,3,2,"SGP",5.66560516198098,4.23872221966227,0.9485
"497",8,3,3,"SGP",5.72473652476389,3.8099906908548,0.952
"498",8,3,4,"SGP",7.46290952587173,4.54032922429619,0.9695
"499",8,3,5,"SGP",1.7991758342148,2.68359400229041,0.695
"500",8,3,6,"SGP",3.15592183051714,3.156847658571,0.144
"501",8,3,7,"SGP",3.49437891360816,3.18802393541006,0.1355
"502",8,3,8,"SGP",4.53800240639386,3.51877197867342,0.9325
"503",8,3,9,"SGP",7.99886968671473,5.08921061008814,0.019
"504",8,3,10,"SGP",1.67121903859021,2.84921476780105,0.643
"505",8,3,11,"SGP",7.05728652435121,4.34332792176785,0.039
"506",8,3,12,"SGP",1.81735257657854,2.7953231441756,0.6835
"507",8,3,13,"SGP",1.43895412747768,2.66304728956564,0.4315
"508",8,3,14,"SGP",1.35420851626206,2.71009005930352,0.5475
"509",8,3,15,"SGP",4.86040947805906,3.55879741361135,0.9155
"510",8,3,16,"SGP",2.36646830879512,2.87059404410877,0.259
"511",8,3,17,"SGP",1.73614750734087,2.77569751049607,0.316
"512",8,3,18,"SGP",10.7995233699439,5.68348128122805,0.0085
"513",8,3,19,"SGP",6.78061717371827,4.23441193002703,0.036
"514",8,3,20,"SGP",1.57743409146378,2.8169971614888,0.564
"515",8,3,21,"SGP",4.22428768739714,3.26987265406978,0.128
"516",8,3,22,"SGP",6.51021025274205,3.88965901521847,0.0645
"517",8,3,23,"SGP",2.17874748098237,2.97131205484054,0.7045
"518",8,3,24,"SGP",2.0987195241886,2.90869852619085,0.682
"519",8,3,25,"SGP",8.16709253549199,4.39724335216351,0.028
"520",8,3,26,"SGP",1.62274745731391,2.85525717130143,0.471
"521",8,3,27,"SGP",1.67239472646669,2.94475793185591,0.421
"522",8,3,28,"SGP",1.68412209893036,2.8745859875339,0.3975
"523",8,3,29,"SGP",1.62098101946463,2.77401136376257,0.567
"524",8,3,30,"SGP",1.5585209662973,2.83827427367693,0.4165
"525",8,3,31,"SGP",1.873145642795,2.75683243207221,0.6685
"526",8,3,32,"SGP",1.38055397791946,2.75786671605334,0.489
"527",8,3,33,"SGP",2.29928102956643,2.88342390274404,0.7425
"528",8,3,34,"SGP",3.13514216878524,3.11170421704323,0.7965
"529",8,3,35,"SGP",1.47904786701429,2.76362494093618,0.409
"530",8,3,36,"SGP",1.38757984851396,2.7148614215374,0.4485
"531",8,3,37,"SGP",1.85551571519643,2.74025334917537,0.3095
"532",8,3,38,"SGP",1.35876943754656,2.65088005543665,0.5555
"533",8,3,1,"SGP50",1.80629754528224,2.89690944657766,0.574
"534",8,3,2,"SGP50",4.54895530876627,4.04972542350837,0.834
"535",8,3,3,"SGP50",5.06223983414825,3.93109010955805,0.8745
"536",8,3,4,"SGP50",6.42104369623423,4.19695394905584,0.9035
"537",8,3,5,"SGP50",2.34163142175542,3.02736684611853,0.6405
"538",8,3,6,"SGP50",2.65167155073125,3.15513936106046,0.324
"539",8,3,7,"SGP50",2.77855531697843,3.16672094697695,0.274
"540",8,3,8,"SGP50",5.45378902840285,3.82100347945839,0.9005
"541",8,3,9,"SGP50",4.40273320497542,3.72478955620859,0.2045
"542",8,3,10,"SGP50",2.91158709651193,3.12908272259149,0.722
"543",8,3,11,"SGP50",3.9007043903513,3.42598334076672,0.234
"544",8,3,12,"SGP50",2.98907826080638,3.04083170241611,0.776
"545",8,3,13,"SGP50",2.02173323274578,2.95268428050644,0.5945
"546",8,3,14,"SGP50",2.67234412471089,2.95356781254819,0.7145
"547",8,3,15,"SGP50",7.8525413519026,4.17147796964136,0.9565
"548",8,3,16,"SGP50",2.6079575274335,3.17067147651032,0.5445
"549",8,3,17,"SGP50",2.26909641235449,3.07605615063076,0.5955
"550",8,3,18,"SGP50",5.93000195452756,4.00306589333969,0.1755
"551",8,3,19,"SGP50",5.09474958877244,3.78857399865426,0.134
"552",8,3,20,"SGP50",1.73717362402459,2.89661698460459,0.529
"553",8,3,21,"SGP50",4.25196310974583,3.47758364100724,0.1495
"554",8,3,22,"SGP50",7.87072246855664,4.20240415956756,0.0645
"555",8,3,23,"SGP50",1.8313768114651,2.94381323254725,0.47
"556",8,3,24,"SGP50",1.67293390721575,2.94072852089381,0.559
"557",8,3,25,"SGP50",8.97454104761169,4.52865282808193,0.029
"558",8,3,26,"SGP50",3.37713471357473,3.29366218418468,0.223
"559",8,3,27,"SGP50",1.82362504362776,2.88209449247716,0.358
"560",8,3,28,"SGP50",1.75029211769144,2.78996593560707,0.346
"561",8,3,29,"SGP50",1.35254858446003,2.71143771782785,0.5505
"562",8,3,30,"SGP50",1.31859581645618,2.65896923608403,0.4955
"563",8,3,31,"SGP50",1.4726994581787,2.65194424029089,0.621
"564",8,3,32,"SGP50",1.2081691186757,2.57011402184424,0.4965
"565",8,3,33,"SGP50",1.93400549215171,2.74254232815409,0.7145
"566",8,3,34,"SGP50",3.50759860139841,3.30041638943527,0.8415
"567",8,3,35,"SGP50",1.66040978092115,2.93755497096533,0.5735
"568",8,3,36,"SGP50",1.48387718741833,2.75160943796832,0.576
"569",8,3,37,"SGP50",1.45661382813555,2.69283141365487,0.4295
"570",8,3,38,"SGP50",1.25616320690146,2.60013719055245,0.5645
"571",8,4,1,"BMA",3.62934876182989,3.65575636099917,0.7755
"572",8,4,2,"BMA",1.88206328802664,2.9333604205426,0.4545
"573",8,4,3,"BMA",1.60617460643921,2.89989720837328,0.6005
"574",8,4,4,"BMA",3.19399269783541,3.19001168672822,0.14
"575",8,4,5,"BMA",2.63500512449757,3.01402644649571,0.797
"576",8,4,6,"BMA",1.20776555836501,2.58593713627399,0.524
"577",8,4,7,"BMA",1.18805345424756,2.52158414991688,0.584
"578",8,4,8,"BMA",1.81866830667653,2.68258742864679,0.23
"579",8,4,9,"BMA",1.71137395404783,2.56626761876133,0.7675
"580",8,4,10,"BMA",2.59098580344795,2.87841394265043,0.871
"581",8,4,11,"BMA",5.62394418105661,4.2701784529654,0.03
"582",8,4,12,"BMA",1.09616403860317,2.51193664673203,0.481
"583",8,4,13,"BMA",3.14056119134805,2.9567683903066,0.889
"584",8,4,14,"BMA",9.1936041545986,5.76121850989163,0.9965
"585",8,4,15,"BMA",1.6885405119233,2.7069479041395,0.6885
"586",8,4,16,"BMA",7.50444274433425,4.52137077715406,0.983
"587",8,4,17,"BMA",13.2722089370957,7.75288726017841,0.9985
"588",8,4,18,"BMA",1.85074817281097,2.72428217923543,0.6715
"589",8,4,19,"BMA",1.45559376970537,2.76400366067807,0.547
"590",8,4,20,"BMA",2.42024873836228,2.95451490474278,0.7515
"591",8,4,21,"BMA",2.88318918191759,3.02763153728751,0.1985
"592",8,4,22,"BMA",5.23051202422327,3.59400186578713,0.9105
"593",8,4,23,"BMA",5.91357873563553,3.83274609856385,0.0555
"594",8,4,24,"BMA",6.86714622357189,4.05741721250332,0.954
"595",8,4,25,"BMA",7.67494910215806,4.42069317685757,0.9675
"596",8,4,26,"BMA",2.00629785009796,2.9954112713417,0.3175
"597",8,4,27,"BMA",7.85393343096705,4.30451136931724,0.031
"598",8,4,28,"BMA",4.55143420945058,3.37619240464715,0.119
"599",8,4,29,"BMA",8.61623710478393,4.49226361720105,0.038
"600",8,4,30,"BMA",7.28615992281816,4.00236134997177,0.05
"601",8,4,31,"BMA",1.84828888744342,2.91192996412215,0.4015
"602",8,4,32,"BMA",3.5095273681872,3.24958881614439,0.196
"603",8,4,33,"BMA",2.08957206370016,2.95032781512086,0.328
"604",8,4,34,"BMA",1.78860388215475,2.88484568048532,0.383
"605",8,4,35,"BMA",1.56652033232769,2.9173006351716,0.4365
"606",8,4,36,"BMA",1.72714997390567,2.85897819470471,0.6275
"607",8,4,37,"BMA",5.87116596890022,3.80580760658107,0.0665
"608",8,4,38,"BMA",2.53141797512426,2.97977785988851,0.2505
"609",8,4,1,"AVS",3.62934876182989,3.58028702310918,0.7875
"610",8,4,2,"AVS",2.98398149537056,3.17802928931014,0.312
"611",8,4,3,"AVS",1.59278433201189,2.71701836433571,0.6735
"612",8,4,4,"AVS",3.14974997941596,3.21878018963331,0.126
"613",8,4,5,"AVS",3.01316769235425,3.11821178499133,0.873
"614",8,4,6,"AVS",1.06476827277182,2.42231030491336,0.4895
"615",8,4,7,"AVS",1.04687984411832,2.41715537799009,0.5655
"616",8,4,8,"AVS",1.90086331787623,2.56702765030505,0.205
"617",8,4,9,"AVS",1.67092571455672,2.51569900475442,0.77
"618",8,4,10,"AVS",2.52658128888075,2.97109948002781,0.867
"619",8,4,11,"AVS",5.90125847163212,4.51891920873472,0.02
"620",8,4,12,"AVS",1.11654240931693,2.48972963289412,0.469
"621",8,4,13,"AVS",3.13876814104763,3.0221520970752,0.8845
"622",8,4,14,"AVS",9.15319711752816,5.74403049121351,0.9955
"623",8,4,15,"AVS",1.42324160951314,2.6484043633823,0.668
"624",8,4,16,"AVS",7.48035593637049,4.47879585289619,0.98
"625",8,4,17,"AVS",13.2685136633587,7.91327644579809,0.999
"626",8,4,18,"AVS",1.84002128333959,2.7606573451902,0.694
"627",8,4,19,"AVS",1.44859944753285,2.72157257883813,0.5475
"628",8,4,20,"AVS",2.38351466975756,2.93787959376331,0.7605
"629",8,4,21,"AVS",3.02723567392133,3.09735443621277,0.175
"630",8,4,22,"AVS",5.21493077114527,3.62339472812653,0.9165
"631",8,4,23,"AVS",6.06948258030654,3.85996487334782,0.0565
"632",8,4,24,"AVS",6.86172127324216,3.99332080860003,0.953
"633",8,4,25,"AVS",7.61018727495244,4.24901506627589,0.9625
"634",8,4,26,"AVS",2.26791735139692,2.97611446646292,0.3
"635",8,4,27,"AVS",7.99513023706635,4.43257881076874,0.0275
"636",8,4,28,"AVS",4.55512219580256,3.33917309072866,0.116
"637",8,4,29,"AVS",8.61680826576495,4.62216630514074,0.024
"638",8,4,30,"AVS",7.28607863948132,4.10528429894451,0.0455
"639",8,4,31,"AVS",1.84833912707448,3.00486548924703,0.396
"640",8,4,32,"AVS",3.50949690845886,3.25757133100846,0.188
"641",8,4,33,"AVS",2.08963912460075,2.94215761010619,0.343
"642",8,4,34,"AVS",1.78859264115426,2.8519913506759,0.3975
"643",8,4,35,"AVS",1.56652075826791,2.80408819111954,0.4475
"644",8,4,36,"AVS",1.72662242544154,2.88113041057781,0.6065
"645",8,4,37,"AVS",5.87121135638675,3.75220001172091,0.0645
"646",8,4,38,"AVS",2.53285351334196,2.93858475249557,0.272
"647",8,4,1,"EQW",3.62934876182989,3.56432500412813,0.7815
"648",8,4,2,"EQW",1.7229520764693,2.93375309735067,0.507
"649",8,4,3,"EQW",1.64887138095548,2.81019993129297,0.594
"650",8,4,4,"EQW",3.24903472644694,3.25171587795216,0.1555
"651",8,4,5,"EQW",2.39677787711221,3.06309789059264,0.7615
"652",8,4,6,"EQW",1.23087402962758,2.53522061256921,0.522
"653",8,4,7,"EQW",1.45535822550967,2.70690630128562,0.4975
"654",8,4,8,"EQW",2.02485881941452,3.08567126385306,0.3145
"655",8,4,9,"EQW",1.85611783414327,2.69445237307532,0.6485
"656",8,4,10,"EQW",3.64142047564099,3.0591933803958,0.882
"657",8,4,11,"EQW",3.25403580139952,3.57909833537432,0.243
"658",8,4,12,"EQW",1.75487295856299,2.91310992416589,0.425
"659",8,4,13,"EQW",4.21262349810153,3.24906794476453,0.8975
"660",8,4,14,"EQW",11.1606004413214,6.03350558745493,0.995
"661",8,4,15,"EQW",4.89523261590169,3.28031563224919,0.7715
"662",8,4,16,"EQW",11.3646178396984,4.58606864736267,0.986
"663",8,4,17,"EQW",18.4054512889398,6.3014945126751,0.998
"664",8,4,18,"EQW",8.68743182563676,3.55895313552025,0.779
"665",8,4,19,"EQW",5.69460516351676,3.42944682097549,0.6935
"666",8,4,20,"EQW",5.34488710748727,3.37265339160832,0.7685
"667",8,4,21,"EQW",3.2917622306791,3.56832397561198,0.42
"668",8,4,22,"EQW",6.0741019337488,3.65725999937292,0.8675
"669",8,4,23,"EQW",4.30687834910021,3.94965222918635,0.311
"670",8,4,24,"EQW",6.51097576852575,3.87187647061271,0.868
"671",8,4,25,"EQW",9.49368424196715,4.22419552095569,0.9355
"672",8,4,26,"EQW",3.61187121478883,3.51549051498197,0.548
"673",8,4,27,"EQW",4.93684850599972,4.05217504153842,0.284
"674",8,4,28,"EQW",4.25726376387149,3.59910091512375,0.2445
"675",8,4,29,"EQW",9.18257653163894,4.36867850201864,0.0725
"676",8,4,30,"EQW",10.2583890524087,4.40345954970442,0.049
"677",8,4,31,"EQW",4.27513283014729,3.42754019894137,0.26
"678",8,4,32,"EQW",5.21507594629299,3.60037483298356,0.176
"679",8,4,33,"EQW",3.17941548871053,3.20002759079086,0.296
"680",8,4,34,"EQW",2.48621722475487,3.11035120478658,0.354
"681",8,4,35,"EQW",2.05465920595233,3.13082716840673,0.5245
"682",8,4,36,"EQW",2.46643108126713,3.2007229499366,0.6895
"683",8,4,37,"EQW",4.0280252474404,3.33276117504016,0.216
"684",8,4,38,"EQW",2.34312851170976,2.97619874702541,0.343
"685",8,4,1,"SGP",3.62934876182989,3.60174072054933,0.788
"686",8,4,2,"SGP",1.4145677021148,2.68502177135799,0.5625
"687",8,4,3,"SGP",1.66128307091899,2.71172745239753,0.711
"688",8,4,4,"SGP",3.19999663743405,3.27590097316387,0.111
"689",8,4,5,"SGP",3.033535241389,3.13006154297782,0.8735
"690",8,4,6,"SGP",0.802271738221809,2.12266663178637,0.4735
"691",8,4,7,"SGP",1.41350955202803,2.57351044032829,0.218
"692",8,4,8,"SGP",3.97009868161318,4.14753686977201,0.042
"693",8,4,9,"SGP",0.99823591568836,2.28389105171754,0.358
"694",8,4,10,"SGP",1.8674593785124,2.64179837787866,0.852
"695",8,4,11,"SGP",6.85342639892814,7.178654812543,0.008
"696",8,4,12,"SGP",4.85991868773416,3.74044226183542,0.062
"697",8,4,13,"SGP",3.2890168336936,3.04146963195953,0.8945
"698",8,4,14,"SGP",8.81343759811465,5.86079007217605,0.997
"699",8,4,15,"SGP",1.06376052913891,2.45123892774731,0.5155
"700",8,4,16,"SGP",5.74603079207355,4.06636082437364,0.9735
"701",8,4,17,"SGP",11.0304366092878,6.71380285112502,0.9995
"702",8,4,18,"SGP",1.23342342781817,2.6041963086936,0.5055
"703",8,4,19,"SGP",1.47496779662456,2.66703328391449,0.363
"704",8,4,20,"SGP",1.31846046881671,2.6422775486384,0.6085
"705",8,4,21,"SGP",5.20362960373101,3.83042933794266,0.067
"706",8,4,22,"SGP",3.22571602383102,3.08566264162733,0.8515
"707",8,4,23,"SGP",8.94318960568217,4.88006695788275,0.0165
"708",8,4,24,"SGP",4.82178366689891,3.48578535460815,0.9125
"709",8,4,25,"SGP",5.64121908747707,3.73819219960301,0.9405
"710",8,4,26,"SGP",3.40552324847581,3.12730783712038,0.19
"711",8,4,27,"SGP",10.5350084832784,5.39464434802749,0.008
"712",8,4,28,"SGP",5.929024139174,3.73613399555643,0.0875
"713",8,4,29,"SGP",10.5212090828854,5.21098270215069,0.0125
"714",8,4,30,"SGP",7.59118060712698,4.07776491496459,0.047
"715",8,4,31,"SGP",1.79609023105853,2.85345855929005,0.3735
"716",8,4,32,"SGP",3.58097957723441,3.34370893841642,0.178
"717",8,4,33,"SGP",2.02459825821373,2.82275527997771,0.329
"718",8,4,34,"SGP",1.81456215821313,2.88205285394171,0.3925
"719",8,4,35,"SGP",2.16298209814454,2.95288503310465,0.682
"720",8,4,36,"SGP",2.95814702899581,3.21271459891386,0.788
"721",8,4,37,"SGP",5.9289843139476,3.78538181064024,0.092
"722",8,4,38,"SGP",1.55996151924752,2.80329737503813,0.4525
"723",8,4,1,"SGP50",3.62934876182989,3.56634370536922,0.7755
"724",8,4,2,"SGP50",1.70409266877416,2.86692457683371,0.4935
"725",8,4,3,"SGP50",1.63810643747233,2.81567230491598,0.5955
"726",8,4,4,"SGP50",3.2326672564619,3.35545327955471,0.154
"727",8,4,5,"SGP50",2.42713603077998,2.93753221247521,0.7485
"728",8,4,6,"SGP50",1.16167553189811,2.51336153280184,0.521
"729",8,4,7,"SGP50",1.36347990700368,2.67375658389533,0.469
"730",8,4,8,"SGP50",2.14229769084844,3.10636217218915,0.2745
"731",8,4,9,"SGP50",1.61926859692219,2.60670779009563,0.6355
"732",8,4,10,"SGP50",3.21536834746513,2.95410546319263,0.8825
"733",8,4,11,"SGP50",3.81083269972327,3.68709151194592,0.1995
"734",8,4,12,"SGP50",1.80842991407774,3.02099147118004,0.3865
"735",8,4,13,"SGP50",3.83454702092526,3.16669007500767,0.8975
"736",8,4,14,"SGP50",10.3748596149756,5.64988392412081,0.9955
"737",8,4,15,"SGP50",3.43840190467863,3.069781624195,0.75
"738",8,4,16,"SGP50",9.38766632522225,4.45642073137166,0.9795
"739",8,4,17,"SGP50",15.4064523036997,6.46515547766423,0.9995
"740",8,4,18,"SGP50",4.42344690843199,3.17874872175677,0.687
"741",8,4,19,"SGP50",2.64045806810582,3.05164300976227,0.571
"742",8,4,20,"SGP50",2.79054858245379,2.98098673083518,0.73
"743",8,4,21,"SGP50",3.28462112958204,3.44939445541327,0.2615
"744",8,4,22,"SGP50",4.66506040400506,3.43003909758001,0.876
"745",8,4,23,"SGP50",5.89947736368938,4.02860291133296,0.1555
"746",8,4,24,"SGP50",5.96538516273764,3.80867682199812,0.92
"747",8,4,25,"SGP50",7.3144469025604,4.08045814490936,0.9475
"748",8,4,26,"SGP50",2.48436062680169,3.20369191983491,0.348
"749",8,4,27,"SGP50",7.44446917825372,4.36590210348616,0.1105
"750",8,4,28,"SGP50",4.83011283644903,3.58726598105394,0.1375
"751",8,4,29,"SGP50",9.41270394705585,4.73732600890956,0.0415
"752",8,4,30,"SGP50",8.19301466710674,4.16470624321418,0.0515
"753",8,4,31,"SGP50",2.31743381251421,3.02185776292672,0.362
"754",8,4,32,"SGP50",3.95701405606197,3.29760944522536,0.185
"755",8,4,33,"SGP50",2.28191919409637,2.98239757456706,0.311
"756",8,4,34,"SGP50",1.9557588396732,2.92864921807013,0.398
"757",8,4,35,"SGP50",1.80340789771226,3.00781800610424,0.563
"758",8,4,36,"SGP50",2.33079583845393,3.0731352974552,0.698
"759",8,4,37,"SGP50",5.20915411526487,3.63692521559459,0.1175
"760",8,4,38,"SGP50",1.96141753946522,2.89774139156687,0.3475
"761",8,5,1,"BMA",12.7215549018637,4.75123990886982,0.86
"762",8,5,2,"BMA",5.10011259880183,3.95973484165573,0.624
"763",8,5,3,"BMA",5.5345972648273,3.90016627487827,0.629
"764",8,5,4,"BMA",6.57338473302213,3.83449794607369,0.7
"765",8,5,5,"BMA",4.59103497929883,3.85909015875868,0.276
"766",8,5,6,"BMA",2.62105195262942,3.1702685530092,0.569
"767",8,5,7,"BMA",5.58763467230394,3.65103502032145,0.896
"768",8,5,8,"BMA",6.22184754621208,3.94595005159503,0.116
"769",8,5,9,"BMA",16.4015448697432,5.77052851973667,0.0345
"770",8,5,10,"BMA",3.76174159361475,3.66152129631752,0.4265
"771",8,5,11,"BMA",4.30181454543384,3.58122182378226,0.697
"772",8,5,12,"BMA",3.21535244672516,3.51033974207819,0.407
"773",8,5,13,"BMA",2.60705488768461,3.41022834393705,0.4455
"774",8,5,14,"BMA",3.71058963796043,3.43161845696876,0.289
"775",8,5,15,"BMA",2.70537447133445,3.34214216607808,0.385
"776",8,5,16,"BMA",3.4814487090226,3.41553447617016,0.305
"777",8,5,17,"BMA",7.8235394164248,3.99657909190528,0.109
"778",8,5,18,"BMA",2.65316319614327,3.33057565159263,0.597
"779",8,5,19,"BMA",4.18639064242405,3.4978739721228,0.24
"780",8,5,20,"BMA",3.8012774480476,3.3156900656967,0.2405
"781",8,5,21,"BMA",3.50261559800846,3.33492198007687,0.2455
"782",8,5,22,"BMA",3.81275870067466,3.34258362852753,0.2285
"783",8,5,23,"BMA",7.16755285696456,3.9776409961635,0.096
"784",8,5,24,"BMA",4.38029568196904,3.46422399471652,0.77
"785",8,5,25,"BMA",2.3262811241659,3.10227399979521,0.377
"786",8,5,26,"BMA",2.99706656266488,3.22962401069331,0.279
"787",8,5,27,"BMA",2.19614591308541,3.16330251900616,0.3675
"788",8,5,28,"BMA",1.82385030391917,3.02536383664921,0.5005
"789",8,5,29,"BMA",1.76012839197837,2.84478177760582,0.5495
"790",8,5,30,"BMA",2.13552312871694,2.99462479011362,0.6525
"791",8,5,31,"BMA",1.92459640594009,2.78607654963425,0.693
"792",8,5,32,"BMA",1.13701254273431,2.42169452519602,0.467
"793",8,5,33,"BMA",0.897779880697952,2.22451211750227,0.5815
"794",8,5,34,"BMA",0.767228888149375,2.05422404595525,0.606
"795",8,5,35,"BMA",0.823686797497368,1.93278514787252,0.301
"796",8,5,36,"BMA",1.22218105845749,2.06030682737572,0.126
"797",8,5,37,"BMA",0.581491616396493,1.47795880843343,0.2955
"798",8,5,38,"BMA",0.709738921078281,1.57003615750729,0.195
"799",8,5,1,"AVS",12.7215549018637,4.65977080630805,0.8805
"800",8,5,2,"AVS",4.91525634796586,3.92882405950728,0.6175
"801",8,5,3,"AVS",7.75049114949015,4.10566066482002,0.711
"802",8,5,4,"AVS",15.9195897938936,4.93628949266507,0.8825
"803",8,5,5,"AVS",6.04688067777716,3.66960516531645,0.0795
"804",8,5,6,"AVS",1.54240771726049,2.9029738505078,0.4895
"805",8,5,7,"AVS",4.86658775883209,3.4767926624834,0.8885
"806",8,5,8,"AVS",6.94062869380759,4.06276868960823,0.0525
"807",8,5,9,"AVS",18.4621465831225,8.87922877453314,0
"808",8,5,10,"AVS",4.77767626855258,3.93000985768914,0.3795
"809",8,5,11,"AVS",4.74123792421837,3.62365335870051,0.708
"810",8,5,12,"AVS",3.83662011513895,3.50869684142228,0.303
"811",8,5,13,"AVS",2.63327097871006,3.35983307671039,0.4075
"812",8,5,14,"AVS",4.01278695867932,3.49091986220081,0.2685
"813",8,5,15,"AVS",2.81097325972617,3.35952505582729,0.3525
"814",8,5,16,"AVS",3.77737224673859,3.5265669014592,0.2795
"815",8,5,17,"AVS",8.22467834304375,4.02482435114879,0.096
"816",8,5,18,"AVS",3.84244552290738,3.44952698925522,0.7535
"817",8,5,19,"AVS",3.93363000583044,3.37543368771337,0.267
"818",8,5,20,"AVS",3.02377285681913,3.23069901291508,0.2675
"819",8,5,21,"AVS",3.01429284974893,3.15746465205146,0.261
"820",8,5,22,"AVS",2.68812296781445,3.14639062179836,0.325
"821",8,5,23,"AVS",4.72038297144695,3.49502556305734,0.157
"822",8,5,24,"AVS",5.21550021974681,3.5259751148469,0.8315
"823",8,5,25,"AVS",2.22789369677065,3.12692693382707,0.389
"824",8,5,26,"AVS",2.83214063238046,3.207031535395,0.29
"825",8,5,27,"AVS",2.06301805348827,3.13448664722375,0.4315
"826",8,5,28,"AVS",1.82503922480844,3.03268328044197,0.516
"827",8,5,29,"AVS",1.8324935287847,2.98285625394457,0.57
"828",8,5,30,"AVS",2.46446087082655,3.03588093129715,0.674
"829",8,5,31,"AVS",2.43687837668114,3.09828492737126,0.7115
"830",8,5,32,"AVS",1.55866603096699,2.90409116959848,0.4615
"831",8,5,33,"AVS",1.60800552916725,2.92197957410289,0.5955
"832",8,5,34,"AVS",1.64911581870226,2.90092597849221,0.5535
"833",8,5,35,"AVS",1.73193406080222,3.02975522430715,0.417
"834",8,5,36,"AVS",1.29083962922352,2.75557292360701,0.5245
"835",8,5,37,"AVS",1.26765218217297,2.84863742796566,0.5715
"836",8,5,38,"AVS",1.11251418616734,2.62254497783519,0.537
"837",8,5,1,"EQW",12.7215549018637,4.5929431611207,0.86
"838",8,5,2,"EQW",5.22926313759054,3.88800766430406,0.6605
"839",8,5,3,"EQW",4.02636763002089,3.65548089443346,0.595
"840",8,5,4,"EQW",5.36627534790502,3.79436003118491,0.716
"841",8,5,5,"EQW",4.35716982336353,3.85798449087545,0.4375
"842",8,5,6,"EQW",5.54738969326808,3.66451561718896,0.692
"843",8,5,7,"EQW",12.1593667874873,4.251514797015,0.913
"844",8,5,8,"EQW",5.91305184266477,3.97724054020869,0.5285
"845",8,5,9,"EQW",7.399378199413,4.39924395804555,0.3435
"846",8,5,10,"EQW",5.03702794571149,3.96371853059606,0.4935
"847",8,5,11,"EQW",6.55483035460441,3.75122812710155,0.73
"848",8,5,12,"EQW",4.89137336519626,3.87304349117963,0.519
"849",8,5,13,"EQW",4.49384357175712,3.65975347010391,0.584
"850",8,5,14,"EQW",4.09005120130692,3.72954678635245,0.4945
"851",8,5,15,"EQW",4.09741782771519,3.59483905011358,0.5595
"852",8,5,16,"EQW",3.92735002977612,3.63619703581237,0.4975
"853",8,5,17,"EQW",5.3080240801139,4.04078843937722,0.329
"854",8,5,18,"EQW",4.94832891719875,3.56592367809229,0.7365
"855",8,5,19,"EQW",3.72307761765826,3.54658949767972,0.421
"856",8,5,20,"EQW",3.42760955306619,3.49570685456335,0.3965
"857",8,5,21,"EQW",3.19778206931754,3.54281278337412,0.42
"858",8,5,22,"EQW",3.44621729350924,3.4899946570294,0.375
"859",8,5,23,"EQW",6.32604407336431,3.99063721141353,0.202
"860",8,5,24,"EQW",2.86385069495918,3.51026514592722,0.5065
"861",8,5,25,"EQW",2.42719442587207,3.21005228259871,0.4185
"862",8,5,26,"EQW",2.88540835330876,3.18051187369322,0.3025
"863",8,5,27,"EQW",2.62178845427097,3.17892624419855,0.312
"864",8,5,28,"EQW",2.00239684873495,3.04013750154322,0.3945
"865",8,5,29,"EQW",1.99966934899664,2.97257634224893,0.334
"866",8,5,30,"EQW",1.54150697462007,2.78144623883361,0.4645
"867",8,5,31,"EQW",1.58645473082772,2.76966509310527,0.6105
"868",8,5,32,"EQW",1.33613007298464,2.55585597768321,0.469
"869",8,5,33,"EQW",1.24141548002597,2.60359813639348,0.574
"870",8,5,34,"EQW",1.19903737821496,2.46875716564562,0.601
"871",8,5,35,"EQW",1.24604503656963,2.37463517809299,0.386
"872",8,5,36,"EQW",1.23336963792761,2.47943865629008,0.332
"873",8,5,37,"EQW",0.922794343549547,2.15493330651516,0.4335
"874",8,5,38,"EQW",0.918660964879648,2.1616451979636,0.395
"875",8,5,1,"SGP",12.7215549018637,4.6476780512508,0.8765
"876",8,5,2,"SGP",5.28816720025247,3.79060304039296,0.724
"877",8,5,3,"SGP",3.24506913829719,3.39228280681185,0.6245
"878",8,5,4,"SGP",2.07179785181704,3.01995320821845,0.606
"879",8,5,5,"SGP",5.80813503132484,3.75030385534758,0.088
"880",8,5,6,"SGP",1.58535551504036,2.8792897127981,0.5065
"881",8,5,7,"SGP",4.95421335049043,3.50269769216467,0.8955
"882",8,5,8,"SGP",6.77289208440052,4.00433506626023,0.0705
"883",8,5,9,"SGP",18.1731578744956,7.42963661718365,0.006
"884",8,5,10,"SGP",7.17544846662155,3.91667169949735,0.099
"885",8,5,11,"SGP",2.12761260995759,3.18462093511723,0.4415
"886",8,5,12,"SGP",7.22087788262185,3.95622207938109,0.099
"887",8,5,13,"SGP",2.44345275675397,3.17582690644286,0.388
"888",8,5,14,"SGP",3.3477195880567,3.39765651815431,0.281
"889",8,5,15,"SGP",2.09137071212039,3.183191505797,0.491
"890",8,5,16,"SGP",2.5910056588055,3.17510316103805,0.356
"891",8,5,17,"SGP",5.64859112431205,3.52792169299987,0.1465
"892",8,5,18,"SGP",4.99798855252621,3.5023507567947,0.833
"893",8,5,19,"SGP",3.07678546468455,3.20168064751342,0.296
"894",8,5,20,"SGP",2.39655659642685,3.10250192544278,0.3605
"895",8,5,21,"SGP",2.02334442281569,2.99000009584175,0.3925
"896",8,5,22,"SGP",2.26867634580426,3.08996897675864,0.3585
"897",8,5,23,"SGP",4.66949788441431,3.49488747609402,0.165
"898",8,5,24,"SGP",5.15044124469553,3.46093152160393,0.8315
"899",8,5,25,"SGP",2.23315909117698,3.0736800445469,0.401
"900",8,5,26,"SGP",2.84078803797019,3.19645441124671,0.2945
"901",8,5,27,"SGP",2.0703849980045,3.07552977667566,0.4365
"902",8,5,28,"SGP",1.82609558875683,3.07375376167927,0.5295
"903",8,5,29,"SGP",1.82825813547336,2.94218568977553,0.58
"904",8,5,30,"SGP",2.44611256151293,3.03531015426233,0.701
"905",8,5,31,"SGP",2.42259773045954,3.01458983780075,0.699
"906",8,5,32,"SGP",1.5576788625122,2.88948175365528,0.468
"907",8,5,33,"SGP",1.60326283920382,2.83752231087239,0.589
"908",8,5,34,"SGP",1.64338233734725,2.91358617371841,0.5455
"909",8,5,35,"SGP",1.72751055719928,2.94718863468361,0.417
"910",8,5,36,"SGP",1.29201531429523,2.84554942667906,0.519
"911",8,5,37,"SGP",1.26648367776768,2.80960806607122,0.576
"912",8,5,38,"SGP",1.11761987090458,2.6751664632524,0.535
"913",8,5,1,"SGP50",12.7215549018637,4.73169588149557,0.866
"914",8,5,2,"SGP50",5.22394514997204,3.83962152399643,0.6815
"915",8,5,3,"SGP50",3.97442792409055,3.60686499188619,0.6005
"916",8,5,4,"SGP50",5.1676631464221,3.65451696243027,0.7065
"917",8,5,5,"SGP50",4.13608477916879,3.81034871264142,0.4015
"918",8,5,6,"SGP50",4.46921876769622,3.5761483905953,0.676
"919",8,5,7,"SGP50",9.67748990510184,4.05414919258358,0.898
"920",8,5,8,"SGP50",4.34916634940993,3.80505400239264,0.4045
"921",8,5,9,"SGP50",9.7692173916698,4.64506060595592,0.18
"922",8,5,10,"SGP50",4.54314558937683,3.82230967122126,0.35
"923",8,5,11,"SGP50",3.56491428913779,3.47022259928485,0.629
"924",8,5,12,"SGP50",4.32779206210671,3.77322237694391,0.327
"925",8,5,13,"SGP50",2.71519357448005,3.34807480036137,0.467
"926",8,5,14,"SGP50",3.28745046196475,3.50404394520738,0.329
"927",8,5,15,"SGP50",2.49669121821601,3.31925744269994,0.467
"928",8,5,16,"SGP50",2.92335657738757,3.35292420849169,0.391
"929",8,5,17,"SGP50",6.10645610984557,3.81107115769103,0.151
"930",8,5,18,"SGP50",3.71638063452861,3.42337393417304,0.72
"931",8,5,19,"SGP50",3.41547162326442,3.34593691343199,0.3005
"932",8,5,20,"SGP50",3.05636182420796,3.2867729588774,0.3215
"933",8,5,21,"SGP50",2.83660473657679,3.23232772336329,0.331
"934",8,5,22,"SGP50",3.25007896889016,3.36872179882266,0.2725
"935",8,5,23,"SGP50",6.52157379702973,3.86705858760285,0.1335
"936",8,5,24,"SGP50",3.20259523860446,3.53986376734203,0.6235
"937",8,5,25,"SGP50",2.43953924566728,3.12932501218554,0.355
"938",8,5,26,"SGP50",3.17025106734055,3.26837388819177,0.253
"939",8,5,27,"SGP50",2.5039242475575,3.0781857394462,0.3495
"940",8,5,28,"SGP50",1.94274710230216,3.11623027604636,0.4505
"941",8,5,29,"SGP50",1.86938721525989,2.99179330543434,0.4255
"942",8,5,30,"SGP50",1.82275397552574,2.86843719951273,0.5715
"943",8,5,31,"SGP50",1.87348071206835,2.87532060448546,0.6455
"944",8,5,32,"SGP50",1.47914687355683,2.71737965681025,0.4365
"945",8,5,33,"SGP50",1.40337765169595,2.63781316951171,0.543
"946",8,5,34,"SGP50",1.37396397746875,2.62582012023616,0.5505
"947",8,5,35,"SGP50",1.47400150134974,2.63092580142975,0.3775
"948",8,5,36,"SGP50",1.28743403250703,2.63396515452031,0.4085
"949",8,5,37,"SGP50",1.04728985045441,2.4466792509482,0.4965
"950",8,5,38,"SGP50",1.00026725748584,2.3080611812224,0.442
"951",8,6,1,"BMA",1.59426219891064,2.82331514450177,0.5925
"952",8,6,2,"BMA",1.15910969886989,2.46387256316978,0.578
"953",8,6,3,"BMA",2.31866090279897,2.93016122134002,0.8415
"954",8,6,4,"BMA",1.30949401746968,2.38510864119842,0.288
"955",8,6,5,"BMA",0.886604006406739,2.18928146682958,0.593
"956",8,6,6,"BMA",0.751369320246677,2.09949372654492,0.504
"957",8,6,7,"BMA",0.816174580433351,2.09886702909004,0.6165
"958",8,6,8,"BMA",1.32113380063096,2.32808467696,0.786
"959",8,6,9,"BMA",1.24131551295855,2.19702832055239,0.7765
"960",8,6,10,"BMA",0.61857550670567,1.9355273406247,0.472
"961",8,6,11,"BMA",0.83509194455256,2.00552808675453,0.294
"962",8,6,12,"BMA",3.53418373772858,3.87531067228319,0.981
"963",8,6,13,"BMA",6.05447395525188,5.76111202438374,0.998
"964",8,6,14,"BMA",6.25595708890769,5.20301354221959,0.9965
"965",8,6,15,"BMA",6.3422957177538,4.76604609941772,0.9915
"966",8,6,16,"BMA",3.67128059441626,3.297276983028,0.069
"967",8,6,17,"BMA",0.900654462329301,2.10483891857689,0.366
"968",8,6,18,"BMA",2.19252153847325,2.74710427937228,0.132
"969",8,6,19,"BMA",0.878139868679018,2.12943728178362,0.581
"970",8,6,20,"BMA",7.28384292154321,5.99081882637867,0.0035
"971",8,6,21,"BMA",2.94267910801065,2.97684049249408,0.092
"972",8,6,22,"BMA",2.43623437473871,2.87633945433787,0.131
"973",8,6,23,"BMA",7.46783176305043,4.90001140029578,0.988
"974",8,6,24,"BMA",5.60705377034269,3.86913617284427,0.049
"975",8,6,25,"BMA",1.18832854660273,2.48582718683493,0.525
"976",8,6,26,"BMA",1.24704279910083,2.62229468099022,0.436
"977",8,6,27,"BMA",2.52594792937324,2.96973797752465,0.2295
"978",8,6,28,"BMA",1.25824347844228,2.5884908578216,0.5805
"979",8,6,29,"BMA",7.28105434673469,4.84095772774871,0.0155
"980",8,6,30,"BMA",3.11526941934411,2.9895840896195,0.148
"981",8,6,31,"BMA",3.62848786603968,3.21180474401165,0.1325
"982",8,6,32,"BMA",1.37074511997967,2.60035720420769,0.374
"983",8,6,33,"BMA",1.18969964948358,2.58886591855285,0.427
"984",8,6,34,"BMA",1.13413028957889,2.55149324248247,0.501
"985",8,6,35,"BMA",1.80351978634857,2.76008109836312,0.288
"986",8,6,36,"BMA",4.60344379416115,3.53806253721775,0.0675
"987",8,6,37,"BMA",3.45020652908272,3.14710135714963,0.117
"988",8,6,38,"BMA",2.24901961000456,2.78089692897455,0.261
"989",8,6,1,"AVS",1.59426219891064,2.82157808283301,0.574
"990",8,6,2,"AVS",1.06862200059786,2.35017007275078,0.6225
"991",8,6,3,"AVS",2.45212361211085,2.6935768612219,0.879
"992",8,6,4,"AVS",1.26556171768881,2.37700725408425,0.2795
"993",8,6,5,"AVS",0.875816362566152,2.25085935184438,0.6155
"994",8,6,6,"AVS",0.739630349012806,2.0795809539235,0.504
"995",8,6,7,"AVS",0.812718888805561,2.06309237306633,0.6225
"996",8,6,8,"AVS",1.30896790803236,2.16834850509569,0.7725
"997",8,6,9,"AVS",1.13435236697292,2.21301975526057,0.7575
"998",8,6,10,"AVS",0.610141564845443,1.91272254119132,0.446
"999",8,6,11,"AVS",0.90788939966436,1.96992721590159,0.26
"1000",8,6,12,"AVS",3.41668557937849,3.72102779833597,0.975
"1001",8,6,13,"AVS",5.94128567117176,5.84486801656875,0.999
"1002",8,6,14,"AVS",6.20592579957631,5.15006107482812,0.997
"1003",8,6,15,"AVS",6.28052381472811,4.81224970851729,0.9875
"1004",8,6,16,"AVS",3.7891098310652,3.47845607046243,0.0495
"1005",8,6,17,"AVS",0.906926027309944,2.15728400599621,0.357
"1006",8,6,18,"AVS",2.22359304165619,2.64803677303643,0.1455
"1007",8,6,19,"AVS",0.868328064916002,2.13584944886396,0.6035
"1008",8,6,20,"AVS",7.31080761299956,5.90387910441128,0.0035
"1009",8,6,21,"AVS",2.94315074048396,2.89763879962295,0.1
"1010",8,6,22,"AVS",2.24587947167093,2.78117667244789,0.1435
"1011",8,6,23,"AVS",7.79019510328051,5.28818873158716,0.9935
"1012",8,6,24,"AVS",7.27999941158012,4.98839667421877,0.014
"1013",8,6,25,"AVS",1.03680273347632,2.42156918047956,0.5135
"1014",8,6,26,"AVS",1.27174966421029,2.66824470932678,0.577
"1015",8,6,27,"AVS",3.94105922424891,3.30351700639053,0.142
"1016",8,6,28,"AVS",1.25815411179215,2.53688214392814,0.5705
"1017",8,6,29,"AVS",7.28652644882818,4.90710185344497,0.0155
"1018",8,6,30,"AVS",3.12940893335657,2.9992764687003,0.1545
"1019",8,6,31,"AVS",3.64180822117917,3.22860762433427,0.131
"1020",8,6,32,"AVS",1.29493350319551,2.59922878553739,0.422
"1021",8,6,33,"AVS",1.1755042820074,2.53766060043303,0.462
"1022",8,6,34,"AVS",1.13324246245468,2.55578104003533,0.501
"1023",8,6,35,"AVS",1.80307070747183,2.69583648530226,0.2725
"1024",8,6,36,"AVS",4.59087451188172,3.53059191961308,0.0705
"1025",8,6,37,"AVS",3.06363282181613,2.99938904116984,0.171
"1026",8,6,38,"AVS",1.17820225063964,2.6036578073205,0.5165
"1027",8,6,1,"EQW",1.59426219891064,2.77594520241371,0.5715
"1028",8,6,2,"EQW",1.41628955336814,2.57758495098091,0.52
"1029",8,6,3,"EQW",1.93211371256279,3.02525747506126,0.719
"1030",8,6,4,"EQW",1.68404192175689,2.6655334837017,0.3035
"1031",8,6,5,"EQW",1.12418769536102,2.44559564087863,0.538
"1032",8,6,6,"EQW",1.07776632442208,2.42075996197217,0.523
"1033",8,6,7,"EQW",1.19814129436496,2.40177135252035,0.6055
"1034",8,6,8,"EQW",1.9983610703233,2.5886045453807,0.7745
"1035",8,6,9,"EQW",2.53299011991458,2.67804358118215,0.822
"1036",8,6,10,"EQW",1.72699153438979,2.49887670645553,0.6925
"1037",8,6,11,"EQW",1.38984683060954,2.4315497412773,0.574
"1038",8,6,12,"EQW",5.0469871225009,3.91083961290135,0.9635
"1039",8,6,13,"EQW",8.87494083716614,5.67341509453848,0.993
"1040",8,6,14,"EQW",10.6318434155007,5.37157761476397,0.997
"1041",8,6,15,"EQW",11.799455876833,4.98371429218748,0.9895
"1042",8,6,16,"EQW",5.3198568306574,3.57840442494533,0.6835
"1043",8,6,17,"EQW",4.69039753480059,3.23478464021252,0.7685
"1044",8,6,18,"EQW",3.36478549178926,3.17675651817458,0.6285
"1045",8,6,19,"EQW",3.69861504025183,3.10402597662461,0.7705
"1046",8,6,20,"EQW",3.15549777619194,3.54347663542109,0.334
"1047",8,6,21,"EQW",2.72716257776138,3.24452517983055,0.273
"1048",8,6,22,"EQW",3.68163148659064,3.31186657548567,0.1915
"1049",8,6,23,"EQW",3.72462560319325,3.65662172837921,0.7435
"1050",8,6,24,"EQW",3.95023446021375,3.54414745624367,0.2245
"1051",8,6,25,"EQW",1.69651774995165,2.85503797539718,0.4885
"1052",8,6,26,"EQW",1.72250743984391,2.93702019883838,0.5225
"1053",8,6,27,"EQW",2.95898568813459,3.29283843942588,0.296
"1054",8,6,28,"EQW",1.88648480870214,2.89152962660488,0.65
"1055",8,6,29,"EQW",4.92698579114723,3.71262888006841,0.1405
"1056",8,6,30,"EQW",2.84265940187496,3.11542412569861,0.211
"1057",8,6,31,"EQW",2.57198250601162,3.03774603713892,0.2885
"1058",8,6,32,"EQW",1.7017757712669,2.86202157187911,0.432
"1059",8,6,33,"EQW",1.42947410647592,2.71211875974382,0.5205
"1060",8,6,34,"EQW",1.45976195459521,2.74200613432647,0.6165
"1061",8,6,35,"EQW",1.45070486267377,2.66884340648052,0.4085
"1062",8,6,36,"EQW",2.87893289306362,2.99020810830238,0.2065
"1063",8,6,37,"EQW",2.77600098655835,2.96023395790332,0.203
"1064",8,6,38,"EQW",2.87190942572536,3.10598331626283,0.2315
"1065",8,6,1,"SGP",1.59426219891064,2.83463261398386,0.553
"1066",8,6,2,"SGP",1.07012596517768,2.373229720191,0.608
"1067",8,6,3,"SGP",2.38674903078643,2.85287630549905,0.8545
"1068",8,6,4,"SGP",1.27112606870958,2.32568078203944,0.281
"1069",8,6,5,"SGP",0.88070209057177,2.14819491282034,0.613
"1070",8,6,6,"SGP",0.7499431648757,2.11858744222783,0.507
"1071",8,6,7,"SGP",0.824016340635367,2.07868825476783,0.6315
"1072",8,6,8,"SGP",1.33447823614756,2.20495222569148,0.7745
"1073",8,6,9,"SGP",1.26409293024529,2.19678867409022,0.784
"1074",8,6,10,"SGP",0.631595860714867,1.92602644532022,0.487
"1075",8,6,11,"SGP",0.8366607895083,2.02315109013857,0.296
"1076",8,6,12,"SGP",3.48235431234951,3.74747130191106,0.971
"1077",8,6,13,"SGP",6.08687806358606,5.97795528421889,0.9985
"1078",8,6,14,"SGP",6.3741677421991,5.3230676440547,0.9985
"1079",8,6,15,"SGP",6.45477448483428,4.83761099484545,0.991
"1080",8,6,16,"SGP",3.37155805911195,3.31163136880002,0.0975
"1081",8,6,17,"SGP",0.901622478662926,2.18458474444855,0.3855
"1082",8,6,18,"SGP",2.12991380090737,2.70760708579454,0.151
"1083",8,6,19,"SGP",0.895606930607059,2.21782774568372,0.599
"1084",8,6,20,"SGP",7.16078163426161,5.63472512616463,0.01
"1085",8,6,21,"SGP",2.93620793926975,2.94155667500277,0.1075
"1086",8,6,22,"SGP",2.27810625154798,2.80406953385015,0.145
"1087",8,6,23,"SGP",7.65115340762792,5.66588490678931,0.9895
"1088",8,6,24,"SGP",7.27622550005337,5.20085981410456,0.01
"1089",8,6,25,"SGP",0.819103780601134,2.17194534067228,0.528
"1090",8,6,26,"SGP",1.77036352657722,2.66333938226419,0.782
"1091",8,6,27,"SGP",7.61590373424833,5.73277829573489,0.0085
"1092",8,6,28,"SGP",1.51793810255883,2.49049173674566,0.7525
"1093",8,6,29,"SGP",6.89676490037999,4.82055373325044,0.006
"1094",8,6,30,"SGP",1.75371423156928,2.61988718682106,0.2455
"1095",8,6,31,"SGP",1.21614846147966,2.44768518143914,0.661
"1096",8,6,32,"SGP",2.07903395254104,2.7415432469317,0.8115
"1097",8,6,33,"SGP",2.00169606666286,2.64734104622711,0.787
"1098",8,6,34,"SGP",1.28733860610435,2.54429383638412,0.6775
"1099",8,6,35,"SGP",1.47205709450106,2.52646751405476,0.299
"1100",8,6,36,"SGP",3.57584081256993,3.30688347645087,0.07
"1101",8,6,37,"SGP",1.07750788226467,2.38576533449447,0.3975
"1102",8,6,38,"SGP",1.20228030328474,2.36201843406154,0.6265
"1103",8,6,1,"SGP50",1.59426219891064,2.78769385722228,0.5785
"1104",8,6,2,"SGP50",1.38443269613853,2.57517397116591,0.533
"1105",8,6,3,"SGP50",1.96383425915784,2.95855939071671,0.705
"1106",8,6,4,"SGP50",1.62425285170586,2.56714499433126,0.291
"1107",8,6,5,"SGP50",1.07969673713007,2.34220741673142,0.5375
"1108",8,6,6,"SGP50",1.02144074527224,2.36584478738004,0.496
"1109",8,6,7,"SGP50",1.1028910263835,2.3492795636689,0.607
"1110",8,6,8,"SGP50",1.8025459592588,2.55065791897939,0.79
"1111",8,6,9,"SGP50",2.189370583603,2.60747843221187,0.822
"1112",8,6,10,"SGP50",1.37006768802937,2.28380790254807,0.655
"1113",8,6,11,"SGP50",1.09951002662908,2.2996223909925,0.5285
"1114",8,6,12,"SGP50",4.59839868800564,3.71303345987553,0.961
"1115",8,6,13,"SGP50",8.00000621540624,5.8035415561653,0.996
"1116",8,6,14,"SGP50",9.15961763569088,5.31015701556826,0.995
"1117",8,6,15,"SGP50",9.73578017210374,5.05192294916561,0.991
"1118",8,6,16,"SGP50",3.24477909340872,3.35230344446744,0.6045
"1119",8,6,17,"SGP50",2.83545399545195,2.98315367624303,0.7035
"1120",8,6,18,"SGP50",2.00535925370568,2.96334430397732,0.5365
"1121",8,6,19,"SGP50",2.35852187294441,2.73367532140999,0.746
"1122",8,6,20,"SGP50",3.85405638488633,3.56759993406906,0.205
"1123",8,6,21,"SGP50",2.72993023482601,3.05871259605222,0.1955
"1124",8,6,22,"SGP50",3.30601797860844,3.20727174838982,0.156
"1125",8,6,23,"SGP50",4.50257034733977,3.58205426375517,0.8395
"1126",8,6,24,"SGP50",4.6610525679214,3.65121487638917,0.124
"1127",8,6,25,"SGP50",1.23040462346589,2.56030536802408,0.5035
"1128",8,6,26,"SGP50",1.4122410101853,2.70574849068204,0.5555
"1129",8,6,27,"SGP50",3.6281416330802,3.38243811524524,0.2075
"1130",8,6,28,"SGP50",1.5307456995486,2.58806516707976,0.668
"1131",8,6,29,"SGP50",6.10562683585688,4.14697871249709,0.0605
"1132",8,6,30,"SGP50",2.4535527431962,2.8963052460359,0.2065
"1133",8,6,31,"SGP50",1.88306063061929,2.83855092829336,0.3665
"1134",8,6,32,"SGP50",1.41144459171625,2.72934869584228,0.562
"1135",8,6,33,"SGP50",1.34419265483249,2.55709359596132,0.568
"1136",8,6,34,"SGP50",1.2677824940559,2.55761526657572,0.618
"1137",8,6,35,"SGP50",1.49217176463484,2.68063237326693,0.344
"1138",8,6,36,"SGP50",3.51620823955776,3.16381741586932,0.1315
"1139",8,6,37,"SGP50",2.24184704187831,2.83704157564383,0.2365
"1140",8,6,38,"SGP50",1.86114198730997,2.77382254414686,0.3595
"1141",8,7,1,"BMA",2.05268591535274,2.91432363680787,0.7695
"1142",8,7,2,"BMA",1.16934069837424,2.51515416206139,0.4985
"1143",8,7,3,"BMA",0.992082694928254,2.23303289454411,0.43
"1144",8,7,4,"BMA",1.62096035815738,2.5465420872146,0.793
"1145",8,7,5,"BMA",0.748458779567791,2.11840633462989,0.4795
"1146",8,7,6,"BMA",0.789131798742943,2.11174792056475,0.636
"1147",8,7,7,"BMA",1.7564932747513,2.47003140872598,0.861
"1148",8,7,8,"BMA",0.616097106241202,1.86269758731276,0.5235
"1149",8,7,9,"BMA",6.20356630666045,6.35160045792633,0.997
"1150",8,7,10,"BMA",3.38412916775994,3.05656988243722,0.9015
"1151",8,7,11,"BMA",4.32754397156359,3.74833689371019,0.964
"1152",8,7,12,"BMA",5.09809131011149,4.06197157064871,0.976
"1153",8,7,13,"BMA",0.998592170235786,2.36603857364694,0.526
"1154",8,7,14,"BMA",2.45877149401266,2.85035177426327,0.871
"1155",8,7,15,"BMA",2.48035932074256,2.77726240517491,0.848
"1156",8,7,16,"BMA",1.22099315348986,2.35353403751204,0.317
"1157",8,7,17,"BMA",0.875930884443134,2.25972890594998,0.4925
"1158",8,7,18,"BMA",4.05180157626454,3.49584791810054,0.934
"1159",8,7,19,"BMA",1.24552842623924,2.32858949771035,0.6945
"1160",8,7,20,"BMA",3.98536325227428,3.37085733087602,0.048
"1161",8,7,21,"BMA",2.47445858242852,2.82617454180221,0.8525
"1162",8,7,22,"BMA",1.67836920971426,2.48917383003233,0.2185
"1163",8,7,23,"BMA",1.04494874821922,2.40415290167643,0.638
"1164",8,7,24,"BMA",2.40621854266382,2.81678873443315,0.857
"1165",8,7,25,"BMA",1.78572994063311,2.53830782203592,0.781
"1166",8,7,26,"BMA",2.46624990001113,2.80227306121736,0.1415
"1167",8,7,27,"BMA",1.01790666675136,2.29783683431118,0.6195
"1168",8,7,28,"BMA",3.21201791257466,3.15534944409043,0.0985
"1169",8,7,29,"BMA",1.84483434660883,2.53500893932076,0.7935
"1170",8,7,30,"BMA",1.73656008810019,2.51575856652662,0.1905
"1171",8,7,31,"BMA",0.853758739058212,2.28356534853331,0.499
"1172",8,7,32,"BMA",6.06890451054595,4.81676496872381,0.0115
"1173",8,7,33,"BMA",8.89305211951546,6.80577074974145,0.0025
"1174",8,7,34,"BMA",6.70937898327734,4.65749388438774,0.0195
"1175",8,7,35,"BMA",4.62954188233028,3.61240164542957,0.0585
"1176",8,7,36,"BMA",1.70476665207927,2.61717403525666,0.262
"1177",8,7,37,"BMA",1.96195156271614,2.75864908142575,0.778
"1178",8,7,38,"BMA",1.35420061792859,2.55212895762523,0.3325
"1179",8,7,1,"AVS",2.05268591535274,2.88488793878182,0.754
"1180",8,7,2,"AVS",1.18112535550852,2.38777440451569,0.4425
"1181",8,7,3,"AVS",0.858768464465493,2.19256875090858,0.4525
"1182",8,7,4,"AVS",1.75498523645871,2.54434093867444,0.8255
"1183",8,7,5,"AVS",0.698840554950069,2.07041894133312,0.487
"1184",8,7,6,"AVS",0.767321393189583,2.09522059319318,0.671
"1185",8,7,7,"AVS",1.83866529392171,2.47954762891411,0.874
"1186",8,7,8,"AVS",0.615051321811392,1.88815733206873,0.49
"1187",8,7,9,"AVS",6.49523244676858,6.01532151467787,0.9975
"1188",8,7,10,"AVS",2.85949603103186,2.95233230635224,0.8955
"1189",8,7,11,"AVS",4.110340715583,3.70435766591872,0.957
"1190",8,7,12,"AVS",4.93991762406166,3.94088210270455,0.978
"1191",8,7,13,"AVS",1.03268522189913,2.40005083559075,0.4415
"1192",8,7,14,"AVS",2.45385970261808,2.90527017006265,0.866
"1193",8,7,15,"AVS",2.44671374437807,2.858455542507,0.8595
"1194",8,7,16,"AVS",1.28950592867087,2.4017483428992,0.2905
"1195",8,7,17,"AVS",0.868868081107801,2.24922557494171,0.4995
"1196",8,7,18,"AVS",4.05328587222905,3.56945836840999,0.9395
"1197",8,7,19,"AVS",1.22991451232407,2.35432844574194,0.695
"1198",8,7,20,"AVS",4.0242131359402,3.48466699451258,0.045
"1199",8,7,21,"AVS",2.47571673249096,2.78787518480327,0.8425
"1200",8,7,22,"AVS",1.68832820895536,2.50987852441534,0.219
"1201",8,7,23,"AVS",1.04360995173167,2.31236994124227,0.6265
"1202",8,7,24,"AVS",2.40296930377164,2.81988403942029,0.855
"1203",8,7,25,"AVS",1.77716522225363,2.54557165107603,0.782
"1204",8,7,26,"AVS",2.48613207003687,2.80878807079754,0.138
"1205",8,7,27,"AVS",1.01664072615164,2.33268744386237,0.6155
"1206",8,7,28,"AVS",3.21523946226709,3.14736098214587,0.0865
"1207",8,7,29,"AVS",1.84558582756028,2.54090154714702,0.792
"1208",8,7,30,"AVS",1.73767408812758,2.50731398483856,0.2265
"1209",8,7,31,"AVS",0.853315660654277,2.2593014815798,0.5335
"1210",8,7,32,"AVS",6.06865518515732,4.72272188508758,0.0075
"1211",8,7,33,"AVS",8.89031665748532,7.10817172777923,0.0035
"1212",8,7,34,"AVS",6.66846315488731,4.59201378054666,0.013
"1213",8,7,35,"AVS",4.48508193106914,3.60415893794102,0.065
"1214",8,7,36,"AVS",1.39706800683539,2.67222814663497,0.592
"1215",8,7,37,"AVS",3.40899273638131,3.12423008135445,0.867
"1216",8,7,38,"AVS",1.35039788888035,2.46478474438025,0.363
"1217",8,7,1,"EQW",2.05268591535274,2.92306893642874,0.7545
"1218",8,7,2,"EQW",1.40058840001069,2.72159306938032,0.6175
"1219",8,7,3,"EQW",1.07429722247774,2.36716533602906,0.458
"1220",8,7,4,"EQW",1.47224362516993,2.61384250024985,0.7165
"1221",8,7,5,"EQW",0.899560851135017,2.27329334992544,0.462
"1222",8,7,6,"EQW",0.914579598244552,2.27756820276536,0.5545
"1223",8,7,7,"EQW",1.48774336727228,2.50374102915755,0.7755
"1224",8,7,8,"EQW",0.814561915595578,2.1192410526206,0.546
"1225",8,7,9,"EQW",5.80128310285797,4.79775738686358,0.9815
"1226",8,7,10,"EQW",4.79125914227757,3.67620812810155,0.9325
"1227",8,7,11,"EQW",4.77167998316685,3.64512883030403,0.9405
"1228",8,7,12,"EQW",5.50105364016554,3.74364083209854,0.9465
"1229",8,7,13,"EQW",1.77172337426312,3.01899293757616,0.508
"1230",8,7,14,"EQW",2.25032439975096,2.7561000191297,0.787
"1231",8,7,15,"EQW",2.37882598541146,2.73498321865235,0.791
"1232",8,7,16,"EQW",1.80440513785917,2.85004780658866,0.3375
"1233",8,7,17,"EQW",1.32359661001327,2.62555071348374,0.427
"1234",8,7,18,"EQW",3.10913903378715,3.18212892156272,0.8285
"1235",8,7,19,"EQW",1.76720736536794,2.62850886450545,0.6715
"1236",8,7,20,"EQW",3.24932802583376,3.31785238530658,0.2145
"1237",8,7,21,"EQW",1.84184159630719,2.6825617248082,0.698
"1238",8,7,22,"EQW",1.80730579292182,2.804522000593,0.299
"1239",8,7,23,"EQW",1.13731824214499,2.49755663920164,0.5485
"1240",8,7,24,"EQW",2.50392489141458,2.80021778815307,0.821
"1241",8,7,25,"EQW",2.6956187207525,2.8267385801254,0.8105
"1242",8,7,26,"EQW",1.7028855889059,2.9815994346914,0.3855
"1243",8,7,27,"EQW",1.47264932538512,2.57814625052378,0.65
"1244",8,7,28,"EQW",2.19613565284761,3.0251901737526,0.253
"1245",8,7,29,"EQW",1.72725901725438,2.57461832242555,0.738
"1246",8,7,30,"EQW",1.45702446113294,2.64844497303081,0.3545
"1247",8,7,31,"EQW",1.11057974720331,2.46789034545909,0.513
"1248",8,7,32,"EQW",4.76809615143053,3.67172876771391,0.1005
"1249",8,7,33,"EQW",9.47319331330713,5.77225864640879,0.0055
"1250",8,7,34,"EQW",7.94550656554343,4.06425754522844,0.044
"1251",8,7,35,"EQW",6.33422988568085,3.46476742977057,0.128
"1252",8,7,36,"EQW",3.94977913938609,3.32614823364718,0.281
"1253",8,7,37,"EQW",1.89107742660219,3.03946869817543,0.5485
"1254",8,7,38,"EQW",1.34949874188243,2.61582586509437,0.3825
"1255",8,7,1,"SGP",2.05268591535274,2.89123099859372,0.766
"1256",8,7,2,"SGP",1.41171439725289,2.63779788292368,0.6635
"1257",8,7,3,"SGP",0.829452946115594,2.17927909546751,0.485
"1258",8,7,4,"SGP",1.73093501595752,2.55560344015176,0.8135
"1259",8,7,5,"SGP",0.711674666990809,2.0255792930865,0.489
"1260",8,7,6,"SGP",0.795548643510516,2.03730273053316,0.66
"1261",8,7,7,"SGP",1.57558815158733,2.46411954485945,0.857
"1262",8,7,8,"SGP",0.555979707178929,1.81746745159327,0.4845
"1263",8,7,9,"SGP",5.43681809162324,6.41932798753654,0.999
"1264",8,7,10,"SGP",5.31051004654631,4.34097799146159,0.9755
"1265",8,7,11,"SGP",3.17482032793996,3.22180483410323,0.932
"1266",8,7,12,"SGP",3.53083850191637,3.41278111345027,0.95
"1267",8,7,13,"SGP",3.84758593807491,3.90516976273952,0.075
"1268",8,7,14,"SGP",1.3118533616561,2.38040340456139,0.7295
"1269",8,7,15,"SGP",1.15558690782038,2.30757765360141,0.7315
"1270",8,7,16,"SGP",3.59665461318512,3.28994860133237,0.0695
"1271",8,7,17,"SGP",1.31821045677022,2.30859888835852,0.243
"1272",8,7,18,"SGP",2.49662853795923,2.87419418865414,0.9105
"1273",8,7,19,"SGP",0.728192752696629,2.03494288153026,0.5145
"1274",8,7,20,"SGP",6.40126282680011,5.42792479532643,0.01
"1275",8,7,21,"SGP",1.29323236088674,2.27441768556416,0.7375
"1276",8,7,22,"SGP",3.2216178520636,3.0703560227154,0.0745
"1277",8,7,23,"SGP",0.87729262456261,2.23433980233328,0.42
"1278",8,7,24,"SGP",1.38289788054246,2.28622614706179,0.7285
"1279",8,7,25,"SGP",0.916203854963353,2.1317840702216,0.6475
"1280",8,7,26,"SGP",4.06388439103261,3.74033588536625,0.0435
"1281",8,7,27,"SGP",0.83533770879141,2.07200195553125,0.424
"1282",8,7,28,"SGP",4.74422904759586,3.75392591014304,0.0325
"1283",8,7,29,"SGP",1.05036819711429,2.38025115007664,0.6625
"1284",8,7,30,"SGP",2.78626264626129,2.83982228111553,0.123
"1285",8,7,31,"SGP",1.04990065931634,2.23681634590078,0.3665
"1286",8,7,32,"SGP",7.26986099003739,5.16409740789716,0.006
"1287",8,7,33,"SGP",8.622438375515,6.48052535197967,5e-04
"1288",8,7,34,"SGP",2.82542282409605,2.91694297329798,0.1415
"1289",8,7,35,"SGP",0.998034468035516,2.33703679536213,0.4315
"1290",8,7,36,"SGP",2.18094144761487,2.75128578341018,0.8085
"1291",8,7,37,"SGP",6.06048430628251,4.32512458314791,0.973
"1292",8,7,38,"SGP",1.06078623082048,2.44255731036736,0.592
"1293",8,7,1,"SGP50",2.05268591535274,2.90457992832447,0.765
"1294",8,7,2,"SGP50",1.4019235186241,2.7552483387921,0.596
"1295",8,7,3,"SGP50",1.05747452885009,2.38023757113269,0.4315
"1296",8,7,4,"SGP50",1.49187479028696,2.61948349972407,0.7185
"1297",8,7,5,"SGP50",0.884003876887755,2.26829089888265,0.4635
"1298",8,7,6,"SGP50",0.902272105540907,2.19751561365006,0.575
"1299",8,7,7,"SGP50",1.48102694627903,2.36894257945853,0.7925
"1300",8,7,8,"SGP50",0.782910873063222,2.08105613669381,0.5315
"1301",8,7,9,"SGP50",5.76942536597787,4.92647887014762,0.978
"1302",8,7,10,"SGP50",4.69648149295864,3.73193944270745,0.939
"1303",8,7,11,"SGP50",4.56826268431778,3.54521854798025,0.9485
"1304",8,7,12,"SGP50",5.23415188225624,3.7246417873321,0.956
"1305",8,7,13,"SGP50",1.72342986758948,2.98477800943418,0.4625
"1306",8,7,14,"SGP50",2.13450058497044,2.66817841972016,0.769
"1307",8,7,15,"SGP50",2.22228412425679,2.67421049895913,0.791
"1308",8,7,16,"SGP50",1.86021216955127,2.84818002863347,0.304
"1309",8,7,17,"SGP50",1.23247804654397,2.52741958407507,0.393
"1310",8,7,18,"SGP50",3.11439374933282,3.02933666112323,0.859
"1311",8,7,19,"SGP50",1.4934304221975,2.43330754482788,0.658
"1312",8,7,20,"SGP50",3.70721891121177,3.42713178149739,0.155
"1313",8,7,21,"SGP50",1.80955418425281,2.74657503639206,0.746
"1314",8,7,22,"SGP50",1.94760463372933,2.76944406958898,0.2515
"1315",8,7,23,"SGP50",1.05281189190861,2.40123199397708,0.5405
"1316",8,7,24,"SGP50",2.2713510352789,2.70976542901166,0.806
"1317",8,7,25,"SGP50",2.15882255214902,2.68605650717958,0.7885
"1318",8,7,26,"SGP50",1.97839341145486,3.06404251049228,0.3135
"1319",8,7,27,"SGP50",1.21074282657464,2.43985446696259,0.622
"1320",8,7,28,"SGP50",2.67657897448628,3.0754467058697,0.185
"1321",8,7,29,"SGP50",1.59572536646978,2.62887427069967,0.7375
"1322",8,7,30,"SGP50",1.63860460090608,2.65301632525111,0.2845
"1323",8,7,31,"SGP50",1.02609465183332,2.36148015495462,0.4945
"1324",8,7,32,"SGP50",5.38279602807765,3.97766707015754,0.0625
"1325",8,7,33,"SGP50",9.24089138603095,5.77144555961364,0.004
"1326",8,7,34,"SGP50",6.49434471465934,3.78783704588946,0.055
"1327",8,7,35,"SGP50",4.43150848751903,3.29245923664019,0.167
"1328",8,7,36,"SGP50",2.47027335010714,3.10113376897219,0.361
"1329",8,7,37,"SGP50",2.28271118399931,3.09562124716471,0.6535
"1330",8,7,38,"SGP50",1.21540028024494,2.5741962027278,0.422
"1331",8,8,1,"BMA",4.72272211240157,3.87473361500161,0.7975
"1332",8,8,2,"BMA",13.2564158935293,5.14814301087991,0.9445
"1333",8,8,3,"BMA",6.73440763829038,3.93817574211168,0.788
"1334",8,8,4,"BMA",9.70699362031985,4.3686980048857,0.85
"1335",8,8,5,"BMA",5.1138350179833,3.86930091994474,0.366
"1336",8,8,6,"BMA",11.839896102876,4.40586218340228,0.8765
"1337",8,8,7,"BMA",9.17586712397911,4.23818294226941,0.833
"1338",8,8,8,"BMA",15.1443189692372,4.79500915598697,0.927
"1339",8,8,9,"BMA",12.4099462588506,4.46451383415561,0.849
"1340",8,8,10,"BMA",20.6792155282867,5.24516953355708,0.959
"1341",8,8,11,"BMA",4.39421132411673,3.82119820955724,0.474
"1342",8,8,12,"BMA",10.9546882974534,4.11281359486238,0.859
"1343",8,8,13,"BMA",10.3073069581023,4.20166867938834,0.8335
"1344",8,8,14,"BMA",7.15254644201363,3.94558102834073,0.7295
"1345",8,8,15,"BMA",4.05288374754659,3.76444779030291,0.5165
"1346",8,8,16,"BMA",4.09618127868211,3.75890583045628,0.3625
"1347",8,8,17,"BMA",4.7684881984104,3.5772464569689,0.727
"1348",8,8,18,"BMA",3.30407336893924,3.52507982780152,0.3565
"1349",8,8,19,"BMA",3.43050928193677,3.54345448692744,0.328
"1350",8,8,20,"BMA",6.11897593099472,3.74751363425423,0.19
"1351",8,8,21,"BMA",13.0636935392127,4.89916520318692,0.04
"1352",8,8,22,"BMA",4.09156363882533,3.5572128359542,0.281
"1353",8,8,23,"BMA",4.86284802743324,3.68917982362353,0.2335
"1354",8,8,24,"BMA",2.8861910881534,3.40724798507326,0.4235
"1355",8,8,25,"BMA",12.7171375187963,4.66410122975654,0.0485
"1356",8,8,26,"BMA",5.20170552305011,3.65142451482115,0.2215
"1357",8,8,27,"BMA",4.45101846940423,3.71303244117817,0.285
"1358",8,8,28,"BMA",2.78856196078595,3.34296394192447,0.373
"1359",8,8,29,"BMA",2.45691651129569,3.2844572564463,0.439
"1360",8,8,30,"BMA",2.413905153097,3.11551188460334,0.4015
"1361",8,8,31,"BMA",2.13551314398558,3.05969575135779,0.6135
"1362",8,8,32,"BMA",2.19552165026664,3.11512841921706,0.6425
"1363",8,8,33,"BMA",1.78854623141826,2.8433045905797,0.3865
"1364",8,8,34,"BMA",1.33059145001054,2.63418374909939,0.5285
"1365",8,8,35,"BMA",1.15379991631617,2.52293552232031,0.506
"1366",8,8,36,"BMA",1.05656729063187,2.40137544228482,0.5335
"1367",8,8,37,"BMA",1.20126451661989,2.473597823941,0.6785
"1368",8,8,38,"BMA",0.923824730790055,2.34155363354593,0.5605
"1369",8,8,1,"AVS",4.72272211240157,3.93236731818993,0.814
"1370",8,8,2,"AVS",8.90007651578778,4.15104335729569,0.877
"1371",8,8,3,"AVS",7.02309139913887,3.96993587958904,0.81
"1372",8,8,4,"AVS",11.1779223867564,4.52071799455973,0.903
"1373",8,8,5,"AVS",3.92300985377884,3.69903689289439,0.42
"1374",8,8,6,"AVS",12.2547663565928,4.45568779767803,0.885
"1375",8,8,7,"AVS",10.1409573154269,4.2120324508748,0.853
"1376",8,8,8,"AVS",16.294503498497,4.84513895954464,0.9455
"1377",8,8,9,"AVS",1.95028437151241,3.11235265147955,0.473
"1378",8,8,10,"AVS",8.05052650150427,4.17880756374362,0.927
"1379",8,8,11,"AVS",14.0325939573108,5.36558549516365,0.024
"1380",8,8,12,"AVS",3.65156268814398,3.35587031259217,0.7355
"1381",8,8,13,"AVS",2.14446782308173,3.09526424138161,0.467
"1382",8,8,14,"AVS",3.56302810006545,3.30308910919518,0.224
"1383",8,8,15,"AVS",5.64188832521534,3.54496666486513,0.1285
"1384",8,8,16,"AVS",8.58964380880058,4.20421724135239,0.069
"1385",8,8,17,"AVS",2.24034227379911,3.30822432190018,0.533
"1386",8,8,18,"AVS",5.47406286727591,3.65887971407956,0.154
"1387",8,8,19,"AVS",6.14365754115819,3.58795658781261,0.131
"1388",8,8,20,"AVS",10.6832025615445,4.38799056976775,0.0385
"1389",8,8,21,"AVS",12.5777008866238,4.70339534979897,0.046
"1390",8,8,22,"AVS",3.78469738266577,3.4641129059158,0.2745
"1391",8,8,23,"AVS",5.08775535369616,3.62801286205765,0.219
"1392",8,8,24,"AVS",2.97439085716136,3.37089911381734,0.394
"1393",8,8,25,"AVS",13.5732573360474,4.92097699355346,0.0405
"1394",8,8,26,"AVS",4.6139704028617,3.53459510296981,0.2565
"1395",8,8,27,"AVS",3.31873352814437,3.35975743934971,0.7015
"1396",8,8,28,"AVS",2.6301308556742,3.25313157089923,0.6305
"1397",8,8,29,"AVS",2.40056294371327,3.15244033364248,0.625
"1398",8,8,30,"AVS",2.05284091303295,3.1183835559353,0.46
"1399",8,8,31,"AVS",2.46666036065384,3.1067378502873,0.6395
"1400",8,8,32,"AVS",2.16171326286309,3.14684234905468,0.5835
"1401",8,8,33,"AVS",3.02509105750635,3.21916058141078,0.271
"1402",8,8,34,"AVS",1.98121252905797,3.08001695072008,0.5925
"1403",8,8,35,"AVS",2.23828479127958,3.11254708001161,0.617
"1404",8,8,36,"AVS",2.07745084230326,3.08353759881288,0.6075
"1405",8,8,37,"AVS",2.48950414315283,3.10077804809279,0.675
"1406",8,8,38,"AVS",1.77301154984575,2.97438335034598,0.545
"1407",8,8,1,"EQW",4.72272211240157,3.88336095876843,0.813
"1408",8,8,2,"EQW",15.373798415027,5.60362107426471,0.9595
"1409",8,8,3,"EQW",6.10528107878158,3.8763351879945,0.7915
"1410",8,8,4,"EQW",6.3414409108803,3.95283070793498,0.795
"1411",8,8,5,"EQW",7.50789737617334,4.07371063925795,0.194
"1412",8,8,6,"EQW",10.3399843030111,4.47447378005766,0.8985
"1413",8,8,7,"EQW",4.1037524356115,3.6819395475942,0.6275
"1414",8,8,8,"EQW",8.73747973264543,3.94768245964606,0.8505
"1415",8,8,9,"EQW",5.78758850738854,3.69098371893604,0.717
"1416",8,8,10,"EQW",15.5128836845973,4.7588064266539,0.9575
"1417",8,8,11,"EQW",5.30991040813966,4.00969941426528,0.4065
"1418",8,8,12,"EQW",9.44216545548524,4.01979074331135,0.848
"1419",8,8,13,"EQW",7.14656710325943,3.84342559504611,0.751
"1420",8,8,14,"EQW",6.39502122095949,3.8870120182116,0.674
"1421",8,8,15,"EQW",5.47232378330499,3.93903820391251,0.6385
"1422",8,8,16,"EQW",4.69242789187733,3.94667462987893,0.5575
"1423",8,8,17,"EQW",7.76122419929809,3.91376177108669,0.7975
"1424",8,8,18,"EQW",5.05969847013086,3.82308673569803,0.6075
"1425",8,8,19,"EQW",4.39544075177901,3.78969413018013,0.545
"1426",8,8,20,"EQW",4.54503574340725,3.92096417790552,0.372
"1427",8,8,21,"EQW",9.36907695545935,4.45180253545327,0.1825
"1428",8,8,22,"EQW",3.59129946534781,3.64520598148253,0.452
"1429",8,8,23,"EQW",3.40907425592894,3.59591708952163,0.499
"1430",8,8,24,"EQW",3.21362196358106,3.48005896200411,0.6015
"1431",8,8,25,"EQW",6.69989840363732,3.92658079620247,0.185
"1432",8,8,26,"EQW",3.47300242496618,3.42824029855752,0.303
"1433",8,8,27,"EQW",3.31162021577433,3.48317650082672,0.361
"1434",8,8,28,"EQW",2.48465650369767,3.19167603859812,0.3865
"1435",8,8,29,"EQW",2.28976786458834,3.20570334505892,0.4365
"1436",8,8,30,"EQW",2.48210895825792,3.17454373877215,0.3805
"1437",8,8,31,"EQW",2.00534294977641,3.08325504265764,0.5165
"1438",8,8,32,"EQW",1.98944590523631,3.1200474536815,0.534
"1439",8,8,33,"EQW",2.67790596586547,3.05658519089533,0.2925
"1440",8,8,34,"EQW",1.92751563484649,3.00722666334161,0.4105
"1441",8,8,35,"EQW",1.93866079067122,2.96626998327353,0.3925
"1442",8,8,36,"EQW",1.76369520400066,2.93783038108591,0.416
"1443",8,8,37,"EQW",1.62878686552861,2.9335766799178,0.521
"1444",8,8,38,"EQW",1.67987886944725,2.74612087038467,0.415
"1445",8,8,1,"SGP",4.72272211240157,3.83876249606157,0.796
"1446",8,8,2,"SGP",18.0588288899995,6.98235905961626,0.9935
"1447",8,8,3,"SGP",6.47171988717251,3.86150173237615,0.839
"1448",8,8,4,"SGP",7.05791517915303,3.85968623320489,0.8695
"1449",8,8,5,"SGP",10.4529066323419,4.69354827483198,0.0495
"1450",8,8,6,"SGP",9.67195112469548,4.48623124030471,0.9635
"1451",8,8,7,"SGP",2.3322103640544,3.1839321146842,0.4285
"1452",8,8,8,"SGP",4.32229158873636,3.48910563167845,0.7965
"1453",8,8,9,"SGP",1.98688183030906,3.15957392599501,0.4715
"1454",8,8,10,"SGP",8.2017243062279,4.07639683088081,0.926
"1455",8,8,11,"SGP",13.6957768514661,5.05399320197049,0.027
"1456",8,8,12,"SGP",3.73648529579518,3.4189660169892,0.754
"1457",8,8,13,"SGP",2.16785572527624,3.13400309218242,0.469
"1458",8,8,14,"SGP",3.51037533001173,3.26129921050548,0.242
"1459",8,8,15,"SGP",5.54181502579371,3.63901078780972,0.1285
"1460",8,8,16,"SGP",8.44955688993021,4.12960216312787,0.074
"1461",8,8,17,"SGP",2.26165591431675,3.26087166047757,0.5315
"1462",8,8,18,"SGP",5.40546887896017,3.734063694615,0.154
"1463",8,8,19,"SGP",6.07476451717628,3.7459444476531,0.1185
"1464",8,8,20,"SGP",10.8430902372311,4.38607675279571,0.052
"1465",8,8,21,"SGP",18.1913379606947,6.14199683016987,0.0055
"1466",8,8,22,"SGP",3.69914699582699,3.41465367981009,0.7205
"1467",8,8,23,"SGP",3.93755391043991,3.37785041007791,0.767
"1468",8,8,24,"SGP",2.88690675698044,3.37744840919857,0.658
"1469",8,8,25,"SGP",7.92033532499747,3.99027804587034,0.0945
"1470",8,8,26,"SGP",2.40562853120616,3.18104759497944,0.421
"1471",8,8,27,"SGP",3.48205873589652,3.36382922105354,0.723
"1472",8,8,28,"SGP",2.62088671001199,3.19496785138171,0.633
"1473",8,8,29,"SGP",2.39411730730132,3.20024916815233,0.6205
"1474",8,8,30,"SGP",2.05905678499459,3.1604230156244,0.4495
"1475",8,8,31,"SGP",2.45866711105602,3.14412525811146,0.6415
"1476",8,8,32,"SGP",2.16051980912002,3.17352705669616,0.595
"1477",8,8,33,"SGP",3.02608660746268,3.17526468294343,0.2905
"1478",8,8,34,"SGP",1.97804145892289,3.10121166387135,0.5655
"1479",8,8,35,"SGP",2.22992337074602,3.151445830102,0.633
"1480",8,8,36,"SGP",2.06995847312824,3.13517579319103,0.6065
"1481",8,8,37,"SGP",2.47664062183553,3.18029758256727,0.678
"1482",8,8,38,"SGP",1.77166737888504,3.0404155233179,0.5465
"1483",8,8,1,"SGP50",4.72272211240157,3.99076770570502,0.8145
"1484",8,8,2,"SGP50",15.5274227895352,5.52975484296718,0.9565
"1485",8,8,3,"SGP50",6.11540815061425,3.83071004430923,0.78
"1486",8,8,4,"SGP50",6.37432251696285,3.9264702815812,0.8035
"1487",8,8,5,"SGP50",7.51813660024006,4.09229334251424,0.198
"1488",8,8,6,"SGP50",10.5341797021374,4.33207324147287,0.886
"1489",8,8,7,"SGP50",3.82673204894385,3.63760537241629,0.6165
"1490",8,8,8,"SGP50",8.13026853484895,3.96991926241538,0.8545
"1491",8,8,9,"SGP50",4.78846608420405,3.64070223708083,0.672
"1492",8,8,10,"SGP50",13.6158179206499,4.53782336273462,0.953
"1493",8,8,11,"SGP50",6.38711988007247,4.21111560191809,0.2925
"1494",8,8,12,"SGP50",7.56000028384159,3.86937552054765,0.8385
"1495",8,8,13,"SGP50",4.58132932364844,3.55612720200216,0.652
"1496",8,8,14,"SGP50",3.83925613775431,3.68504159974472,0.5385
"1497",8,8,15,"SGP50",3.76704018753748,3.71580559785866,0.427
"1498",8,8,16,"SGP50",4.48818645721261,3.85585428836043,0.37
"1499",8,8,17,"SGP50",4.28620052671716,3.55180874322554,0.6955
"1500",8,8,18,"SGP50",3.63141085246707,3.66663356137767,0.382
"1501",8,8,19,"SGP50",3.77959880092991,3.64772197488732,0.339
"1502",8,8,20,"SGP50",6.48564922435845,3.86255557146163,0.2035
"1503",8,8,21,"SGP50",13.5792938704557,4.99631518569954,0.0735
"1504",8,8,22,"SGP50",3.15701706898359,3.53487130134358,0.5125
"1505",8,8,23,"SGP50",3.13337935593863,3.59488459920436,0.495
"1506",8,8,24,"SGP50",2.79029605295522,3.36899889569938,0.575
"1507",8,8,25,"SGP50",8.65214905789077,4.09280860961962,0.1245
"1508",8,8,26,"SGP50",3.3694277449961,3.33451889676375,0.3305
"1509",8,8,27,"SGP50",2.98122476432697,3.53029933259417,0.4585
"1510",8,8,28,"SGP50",2.43360126677436,3.25853173214169,0.4765
"1511",8,8,29,"SGP50",2.33767739010544,3.2333023410306,0.4885
"1512",8,8,30,"SGP50",2.51256231417315,3.15745432791355,0.3765
"1513",8,8,31,"SGP50",2.19787713180182,3.18129304519809,0.5385
"1514",8,8,32,"SGP50",2.13914799628102,3.19189967196418,0.5295
"1515",8,8,33,"SGP50",3.07118268720888,3.1084259388403,0.301
"1516",8,8,34,"SGP50",1.96015947675161,3.05803266540636,0.455
"1517",8,8,35,"SGP50",1.99781719336928,3.06144556879187,0.4825
"1518",8,8,36,"SGP50",1.82946448383724,3.05488159363691,0.4965
"1519",8,8,37,"SGP50",1.93652215656989,2.98346147584704,0.5685
"1520",8,8,38,"SGP50",1.74547896679394,2.89256393071218,0.4355
"1521",8,9,1,"BMA",2.13319212429188,3.00715457271618,0.633
"1522",8,9,2,"BMA",1.64609241437213,2.83183918368821,0.6195
"1523",8,9,3,"BMA",4.4061444719006,3.53098652693884,0.0815
"1524",8,9,4,"BMA",6.05905612124801,4.13973004785436,0.04
"1525",8,9,5,"BMA",1.2102296633774,2.59449104725358,0.473
"1526",8,9,6,"BMA",1.32013157313931,2.51775666057074,0.344
"1527",8,9,7,"BMA",4.26589939867262,3.3559240124963,0.9165
"1528",8,9,8,"BMA",1.8036580951368,2.65769990883003,0.287
"1529",8,9,9,"BMA",3.21942023434868,3.19572883866348,0.8725
"1530",8,9,10,"BMA",1.13982837046161,2.48429628681337,0.449
"1531",8,9,11,"BMA",1.00483540639248,2.36321456358028,0.518
"1532",8,9,12,"BMA",6.85501324191496,4.42471789471545,0.98
"1533",8,9,13,"BMA",1.82881261282094,2.69741719072256,0.245
"1534",8,9,14,"BMA",6.52287465179789,4.19459725838547,0.9745
"1535",8,9,15,"BMA",1.4582728639662,2.66445071498467,0.636
"1536",8,9,16,"BMA",1.54209784046836,2.69293545741119,0.3295
"1537",8,9,17,"BMA",1.24183040611012,2.47910330068657,0.605
"1538",8,9,18,"BMA",11.3943430517602,6.76083887123409,0.999
"1539",8,9,19,"BMA",2.21924182843253,2.84869001200793,0.7475
"1540",8,9,20,"BMA",1.38243022718953,2.70050095370782,0.406
"1541",8,9,21,"BMA",2.52548147497608,2.89445361011514,0.211
"1542",8,9,22,"BMA",3.01507270631431,3.0944903238856,0.1525
"1543",8,9,23,"BMA",1.30998518940684,2.60978327905545,0.595
"1544",8,9,24,"BMA",3.73028628884167,3.13311956448064,0.136
"1545",8,9,25,"BMA",9.96487450067747,5.36075791941939,0.007
"1546",8,9,26,"BMA",1.28886192356584,2.64642604785255,0.4965
"1547",8,9,27,"BMA",2.38491747669439,2.95203416727461,0.239
"1548",8,9,28,"BMA",1.54324749348132,2.77157787728649,0.362
"1549",8,9,29,"BMA",4.67804215999255,3.44801745971391,0.0945
"1550",8,9,30,"BMA",2.92611071394798,3.05572490573246,0.1775
"1551",8,9,31,"BMA",2.23098859069252,2.91395156403591,0.2495
"1552",8,9,32,"BMA",2.60473408285943,2.90856090459391,0.773
"1553",8,9,33,"BMA",2.33477467563885,2.90954276026686,0.227
"1554",8,9,34,"BMA",3.03483597836505,3.03273380217387,0.82
"1555",8,9,35,"BMA",1.53229643422703,2.6931285613917,0.354
"1556",8,9,36,"BMA",1.41704248596195,2.61226862130175,0.3525
"1557",8,9,37,"BMA",1.51317040623153,2.67577093175964,0.3565
"1558",8,9,38,"BMA",1.13118325305033,2.50145053056144,0.5055
"1559",8,9,1,"AVS",2.13319212429188,3.03348638262835,0.636
"1560",8,9,2,"AVS",1.6196914786845,2.74471167287056,0.6665
"1561",8,9,3,"AVS",4.02498771299092,3.36268559594933,0.0985
"1562",8,9,4,"AVS",5.57908433903519,4.21692422781947,0.03
"1563",8,9,5,"AVS",1.15347012113112,2.52930706716269,0.497
"1564",8,9,6,"AVS",1.33902320708633,2.56902858521922,0.3175
"1565",8,9,7,"AVS",4.06652640540573,3.48235268710248,0.9255
"1566",8,9,8,"AVS",1.86025432734104,2.57646185909678,0.2635
"1567",8,9,9,"AVS",3.19646442330728,3.25263859343201,0.8725
"1568",8,9,10,"AVS",1.14503729211371,2.53410774738082,0.44
"1569",8,9,11,"AVS",0.987219288497856,2.42301296250606,0.5245
"1570",8,9,12,"AVS",6.81048597425586,4.64883260057513,0.979
"1571",8,9,13,"AVS",1.84762861200477,2.63345759498437,0.2685
"1572",8,9,14,"AVS",6.50317688825097,4.38627351152979,0.982
"1573",8,9,15,"AVS",1.45367899783792,2.62939818402175,0.666
"1574",8,9,16,"AVS",1.55128116515077,2.58791834134643,0.3335
"1575",8,9,17,"AVS",1.24881718258023,2.49546276918402,0.5945
"1576",8,9,18,"AVS",11.3946678011284,6.5998333864712,1
"1577",8,9,19,"AVS",2.27530482421671,2.86459714639512,0.737
"1578",8,9,20,"AVS",1.3674442871077,2.64540054359811,0.429
"1579",8,9,21,"AVS",2.45144498224059,2.9306172127134,0.204
"1580",8,9,22,"AVS",2.93677066769513,2.95298473108531,0.178
"1581",8,9,23,"AVS",1.31130489055961,2.60557860625145,0.595
"1582",8,9,24,"AVS",3.73393184885228,3.16811201090699,0.1195
"1583",8,9,25,"AVS",9.96258418636134,5.49865752426599,0.0055
"1584",8,9,26,"AVS",1.28482217448172,2.61517000681466,0.4975
"1585",8,9,27,"AVS",2.38198804256841,2.87228254075773,0.2325
"1586",8,9,28,"AVS",1.54775054626782,2.69644910493461,0.347
"1587",8,9,29,"AVS",4.68529126162678,3.61407388905641,0.0815
"1588",8,9,30,"AVS",2.92295334162169,2.99792563923987,0.1835
"1589",8,9,31,"AVS",2.31405262698133,2.84067277320825,0.24
"1590",8,9,32,"AVS",2.49562570894443,2.90142715066459,0.7665
"1591",8,9,33,"AVS",2.33384432530178,2.93923984564861,0.232
"1592",8,9,34,"AVS",3.03758380209142,3.07271702299185,0.8245
"1593",8,9,35,"AVS",1.53360251098262,2.66158571912091,0.357
"1594",8,9,36,"AVS",1.41288646125365,2.66201067107713,0.347
"1595",8,9,37,"AVS",1.51908402091572,2.64694728040482,0.3395
"1596",8,9,38,"AVS",1.12113287070613,2.49470480823183,0.48
"1597",8,9,1,"EQW",2.13319212429188,3.05138350767237,0.641
"1598",8,9,2,"EQW",1.75691155257624,2.89422527878724,0.564
"1599",8,9,3,"EQW",4.89657134730018,3.60824622642161,0.0965
"1600",8,9,4,"EQW",7.16600723810571,4.2323698137169,0.034
"1601",8,9,5,"EQW",1.62091899149231,2.74324005484824,0.409
"1602",8,9,6,"EQW",1.54554197039165,2.68466763222696,0.398
"1603",8,9,7,"EQW",4.32963690135491,3.47980927717339,0.863
"1604",8,9,8,"EQW",1.69078385321092,2.9150726714048,0.476
"1605",8,9,9,"EQW",4.22621816346026,3.39401334983983,0.855
"1606",8,9,10,"EQW",1.97031241494564,2.85049691057366,0.6385
"1607",8,9,11,"EQW",1.98540619872905,2.80733719451688,0.6435
"1608",8,9,12,"EQW",8.34622765308507,4.48818175826042,0.974
"1609",8,9,13,"EQW",2.32946555113353,3.10406911115906,0.5505
"1610",8,9,14,"EQW",8.56033879132957,4.57499815656694,0.9725
"1611",8,9,15,"EQW",4.42138585468259,3.25188096743275,0.778
"1612",8,9,16,"EQW",2.5378267670614,3.07140988010011,0.578
"1613",8,9,17,"EQW",2.646649185124,2.96757410722046,0.7175
"1614",8,9,18,"EQW",12.9884698842747,5.90360914470515,0.9875
"1615",8,9,19,"EQW",5.83634128982991,3.42194902186215,0.8235
"1616",8,9,20,"EQW",3.43692170137919,3.33349942713768,0.6195
"1617",8,9,21,"EQW",2.53644943328356,3.31130797241364,0.455
"1618",8,9,22,"EQW",2.66926272029639,3.26095466640534,0.334
"1619",8,9,23,"EQW",1.91582391847189,2.91703850762689,0.5845
"1620",8,9,24,"EQW",3.21909770136172,3.2870993786741,0.2285
"1621",8,9,25,"EQW",9.83162674407162,4.86355161793516,0.035
"1622",8,9,26,"EQW",2.58636208202326,3.10201942705024,0.337
"1623",8,9,27,"EQW",3.39274425135596,3.10048498762079,0.226
"1624",8,9,28,"EQW",2.27453720445049,2.96007611941775,0.2945
"1625",8,9,29,"EQW",5.00425709705253,3.51609564692475,0.1055
"1626",8,9,30,"EQW",4.65380540314244,3.36826187828,0.118
"1627",8,9,31,"EQW",3.90110564176167,3.28123738068821,0.2005
"1628",8,9,32,"EQW",2.04546003912725,3.14307532390309,0.5225
"1629",8,9,33,"EQW",3.19371139045576,3.10483603053618,0.1855
"1630",8,9,34,"EQW",1.93817700354264,2.90630427980245,0.652
"1631",8,9,35,"EQW",1.51707656387556,2.67775104828174,0.395
"1632",8,9,36,"EQW",1.60690649461594,2.72783583930826,0.357
"1633",8,9,37,"EQW",1.70990330270183,2.77829610856794,0.328
"1634",8,9,38,"EQW",1.3164123409922,2.57882138308353,0.4455
"1635",8,9,1,"SGP",2.13319212429188,3.08176559164267,0.6625
"1636",8,9,2,"SGP",1.69966639434912,2.7634139694149,0.6785
"1637",8,9,3,"SGP",4.17632297173999,3.46143589175443,0.08
"1638",8,9,4,"SGP",5.73248945462124,4.02110754407643,0.0315
"1639",8,9,5,"SGP",1.18837342866889,2.55461769849921,0.4985
"1640",8,9,6,"SGP",1.38485725907549,2.5445785741078,0.3395
"1641",8,9,7,"SGP",3.96984402653573,3.34706160899299,0.913
"1642",8,9,8,"SGP",1.64978329609257,2.66434920461013,0.276
"1643",8,9,9,"SGP",3.38684316666158,3.17615375599904,0.89
"1644",8,9,10,"SGP",1.10457049888727,2.51550369149394,0.497
"1645",8,9,11,"SGP",1.0725634276604,2.50041691914487,0.5605
"1646",8,9,12,"SGP",7.09886265224244,4.78363967782682,0.9835
"1647",8,9,13,"SGP",1.8133552237483,2.67466534059697,0.268
"1648",8,9,14,"SGP",6.58236456348772,4.44281679226093,0.976
"1649",8,9,15,"SGP",1.46779264401655,2.64141992255552,0.6395
"1650",8,9,16,"SGP",1.50896117803985,2.63073296222916,0.3155
"1651",8,9,17,"SGP",1.23808582894226,2.52260540198834,0.6
"1652",8,9,18,"SGP",11.4089900540633,6.86745557123271,0.999
"1653",8,9,19,"SGP",2.0178479362727,2.82881704117461,0.7185
"1654",8,9,20,"SGP",1.53938409364846,2.71613385564387,0.346
"1655",8,9,21,"SGP",2.92978342812869,2.9914889401194,0.178
"1656",8,9,22,"SGP",3.44639255560073,3.18249533145559,0.1305
"1657",8,9,23,"SGP",1.31308257459496,2.62219383607329,0.5885
"1658",8,9,24,"SGP",3.7098964137045,3.17184543222327,0.1145
"1659",8,9,25,"SGP",9.98199527481099,5.6143491017788,0.0045
"1660",8,9,26,"SGP",1.30994727035305,2.6818049158609,0.482
"1661",8,9,27,"SGP",2.4190886798181,2.88569529953184,0.2255
"1662",8,9,28,"SGP",1.52735803011916,2.684707581432,0.3595
"1663",8,9,29,"SGP",4.64083517035825,3.64341506231674,0.0915
"1664",8,9,30,"SGP",2.95764935450439,3.02675382193439,0.177
"1665",8,9,31,"SGP",1.85865151844079,2.83678358962063,0.3115
"1666",8,9,32,"SGP",3.1562745991622,3.1634178608224,0.832
"1667",8,9,33,"SGP",2.34661068742247,2.91814547052418,0.222
"1668",8,9,34,"SGP",3.01055041475653,3.13029273098361,0.8295
"1669",8,9,35,"SGP",1.5295199559818,2.65565173969796,0.3415
"1670",8,9,36,"SGP",1.42925151853546,2.6364878014951,0.3425
"1671",8,9,37,"SGP",1.50365089308812,2.65474078695987,0.364
"1672",8,9,38,"SGP",1.15119634828111,2.58812507871213,0.4845
"1673",8,9,1,"SGP50",2.13319212429188,3.00456496776271,0.6405
"1674",8,9,2,"SGP50",1.74674125615829,2.92462991327437,0.579
"1675",8,9,3,"SGP50",4.83077078664111,3.56536961846428,0.1105
"1676",8,9,4,"SGP50",7.01507176843052,4.13767312336629,0.04
"1677",8,9,5,"SGP50",1.5517041883495,2.80486494284328,0.4225
"1678",8,9,6,"SGP50",1.51022571558646,2.65950752281676,0.381
"1679",8,9,7,"SGP50",4.32430547269866,3.46486334691267,0.8745
"1680",8,9,8,"SGP50",1.635339234435,2.87251859907555,0.448
"1681",8,9,9,"SGP50",4.10005228895606,3.34103930623734,0.8635
"1682",8,9,10,"SGP50",1.74430696997192,2.77774779398942,0.607
"1683",8,9,11,"SGP50",1.72938873489645,2.75205851750815,0.626
"1684",8,9,12,"SGP50",7.98654322694079,4.58528652634972,0.978
"1685",8,9,13,"SGP50",1.93935783277858,2.89530359102097,0.4855
"1686",8,9,14,"SGP50",7.86228447885241,4.44722532187526,0.967
"1687",8,9,15,"SGP50",3.17495270575214,3.04251644466846,0.754
"1688",8,9,16,"SGP50",1.88129501167331,2.89128936622053,0.497
"1689",8,9,17,"SGP50",1.96557229980847,2.79202990342871,0.6755
"1690",8,9,18,"SGP50",12.2223621104345,6.18997067611524,0.9925
"1691",8,9,19,"SGP50",3.67470903206933,3.09831311742023,0.772
"1692",8,9,20,"SGP50",2.0912454386535,2.99478746736275,0.514
"1693",8,9,21,"SGP50",2.42442032857881,3.15406259081531,0.3185
"1694",8,9,22,"SGP50",2.97879449448379,3.30805666578679,0.2215
"1695",8,9,23,"SGP50",1.56926739591101,2.75482571675043,0.5815
"1696",8,9,24,"SGP50",3.41093121471732,3.21339762205348,0.174
"1697",8,9,25,"SGP50",9.89632331654216,5.02091665614062,0.02
"1698",8,9,26,"SGP50",1.71942717587646,2.80743030376945,0.4315
"1699",8,9,27,"SGP50",2.81301057919181,2.99539721739427,0.244
"1700",8,9,28,"SGP50",1.80556965382394,2.83634997066578,0.339
"1701",8,9,29,"SGP50",4.74011166978218,3.62203932876572,0.093
"1702",8,9,30,"SGP50",3.64292332312418,3.24793432287645,0.135
"1703",8,9,31,"SGP50",2.42855809936589,2.99535944908327,0.294
"1704",8,9,32,"SGP50",2.60443549326641,3.2204034157887,0.706
"1705",8,9,33,"SGP50",2.71812075429188,2.93854612258191,0.2115
"1706",8,9,34,"SGP50",2.42615189899744,2.97105467765201,0.7565
"1707",8,9,35,"SGP50",1.53005894264284,2.61460564959417,0.3625
"1708",8,9,36,"SGP50",1.55565147932077,2.61573238260625,0.361
"1709",8,9,37,"SGP50",1.59846795607832,2.6766150915823,0.3305
"1710",8,9,38,"SGP50",1.24791865859581,2.63060122078083,0.4635
"1711",8,10,1,"BMA",9.1113287834103,4.25973723123966,0.7945
"1712",8,10,2,"BMA",4.62247140392635,3.83373863896037,0.631
"1713",8,10,3,"BMA",11.5553690097,4.55241480128992,0.9055
"1714",8,10,4,"BMA",6.66862771325417,3.9917417346374,0.65
"1715",8,10,5,"BMA",3.95059294964781,3.43866004456616,0.6745
"1716",8,10,6,"BMA",3.34220596297936,3.27504099858226,0.256
"1717",8,10,7,"BMA",8.32849416961505,4.15535906483094,0.94
"1718",8,10,8,"BMA",8.08445967084526,4.11723721686365,0.062
"1719",8,10,9,"BMA",8.24589665970298,4.39102957187771,0.0415
"1720",8,10,10,"BMA",18.2888824763201,7.18384732920138,0.004
"1721",8,10,11,"BMA",10.0313608889886,4.51542672985772,0.106
"1722",8,10,12,"BMA",5.9081657387047,3.7752651706796,0.1395
"1723",8,10,13,"BMA",5.6019924988997,3.6297319453244,0.1685
"1724",8,10,14,"BMA",6.90826190676611,3.80128203073071,0.1295
"1725",8,10,15,"BMA",2.54863180097127,3.24867499024464,0.6095
"1726",8,10,16,"BMA",9.22299051571219,4.35636354323033,0.938
"1727",8,10,17,"BMA",2.3653620279093,3.21282700715747,0.4375
"1728",8,10,18,"BMA",2.45497778548981,3.11674967871779,0.3995
"1729",8,10,19,"BMA",2.00258142464042,3.15127683024546,0.4535
"1730",8,10,20,"BMA",2.77529133507383,3.23199537263977,0.6655
"1731",8,10,21,"BMA",1.94603926746853,3.10628098886688,0.47
"1732",8,10,22,"BMA",3.4840810010694,3.28509876674532,0.772
"1733",8,10,23,"BMA",4.74400990431714,3.44222505230217,0.1655
"1734",8,10,24,"BMA",2.26817036590796,2.97553516602619,0.6765
"1735",8,10,25,"BMA",2.08458905052187,2.95249642288351,0.676
"1736",8,10,26,"BMA",2.77605855337881,3.02646265789487,0.239
"1737",8,10,27,"BMA",1.52667695488444,2.80731034922402,0.511
"1738",8,10,28,"BMA",12.3742867095003,5.56798982718217,0.016
"1739",8,10,29,"BMA",1.78394857370902,2.89649253890687,0.4775
"1740",8,10,30,"BMA",1.69758821098576,2.94776793174931,0.467
"1741",8,10,31,"BMA",3.1035420723568,3.23385199447492,0.2755
"1742",8,10,32,"BMA",2.29241258877143,3.02125521366856,0.332
"1743",8,10,33,"BMA",1.90314610500411,3.00085722324767,0.582
"1744",8,10,34,"BMA",2.8313338807671,3.17496966786147,0.7375
"1745",8,10,35,"BMA",1.70239281795501,2.96233510717164,0.4705
"1746",8,10,36,"BMA",1.71079514172564,2.80169022396018,0.5515
"1747",8,10,37,"BMA",2.25294175653206,2.98781514229689,0.321
"1748",8,10,38,"BMA",1.72143507955483,2.89648510093711,0.612
"1749",8,10,1,"AVS",9.1113287834103,4.2829723253635,0.7725
"1750",8,10,2,"AVS",4.56118184640499,3.77758978017997,0.7195
"1751",8,10,3,"AVS",15.0953856785299,4.84570234407329,0.943
"1752",8,10,4,"AVS",13.6137733024595,4.62028845703061,0.872
"1753",8,10,5,"AVS",2.1437198494781,3.08864909350177,0.5945
"1754",8,10,6,"AVS",3.56052200093151,3.29466061053121,0.202
"1755",8,10,7,"AVS",8.19640182890894,4.26934549947947,0.9375
"1756",8,10,8,"AVS",8.18256595679194,4.34318213882992,0.0385
"1757",8,10,9,"AVS",8.31080871973159,4.42831400020776,0.0355
"1758",8,10,10,"AVS",18.4023285255448,6.60355605569436,0
"1759",8,10,11,"AVS",11.086410429643,4.63503177035505,0.0455
"1760",8,10,12,"AVS",6.2927784115072,3.68801134269305,0.1155
"1761",8,10,13,"AVS",5.40769685459532,3.64200913577806,0.151
"1762",8,10,14,"AVS",6.55286988074362,3.88544883643939,0.1235
"1763",8,10,15,"AVS",2.5453390219093,3.18078280087228,0.6255
"1764",8,10,16,"AVS",9.28632806800523,4.11002668682611,0.9205
"1765",8,10,17,"AVS",2.35321404796645,3.21738060344225,0.424
"1766",8,10,18,"AVS",2.44993202872498,3.1063322279362,0.3925
"1767",8,10,19,"AVS",1.99947206833628,3.07238218079292,0.4665
"1768",8,10,20,"AVS",2.7739659213287,3.15621109846962,0.675
"1769",8,10,21,"AVS",1.94537674019365,3.050988172858,0.477
"1770",8,10,22,"AVS",3.48340175859566,3.24532001802756,0.7935
"1771",8,10,23,"AVS",4.74454617676185,3.44267861595178,0.174
"1772",8,10,24,"AVS",2.26807750086385,3.01854781913901,0.676
"1773",8,10,25,"AVS",2.08449038087868,2.94270855586194,0.675
"1774",8,10,26,"AVS",2.77620183582908,3.14970102199738,0.23
"1775",8,10,27,"AVS",1.5266261817549,2.84743674016511,0.5095
"1776",8,10,28,"AVS",12.3746370307506,5.64737469225216,0.007
"1777",8,10,29,"AVS",1.784158246532,2.89614734395164,0.4885
"1778",8,10,30,"AVS",1.69789535559824,2.9432280240901,0.476
"1779",8,10,31,"AVS",3.10675842463897,3.2375141075716,0.2365
"1780",8,10,32,"AVS",2.293138116238,3.05618877108869,0.34
"1781",8,10,33,"AVS",1.90584616160246,2.97022379692953,0.5955
"1782",8,10,34,"AVS",2.84256719955498,3.19488018419105,0.7625
"1783",8,10,35,"AVS",1.703572323691,2.96083940994938,0.454
"1784",8,10,36,"AVS",1.71954392277647,2.88932672244296,0.57
"1785",8,10,37,"AVS",2.25134658248055,2.96282893418787,0.3045
"1786",8,10,38,"AVS",1.74496407314046,2.86577262440165,0.6345
"1787",8,10,1,"EQW",9.1113287834103,4.26644308852822,0.783
"1788",8,10,2,"EQW",4.81474085801361,3.9047800907336,0.614
"1789",8,10,3,"EQW",9.78316823114332,4.50203379354501,0.8125
"1790",8,10,4,"EQW",7.02729974153968,4.04658400190061,0.6415
"1791",8,10,5,"EQW",10.0013692304738,4.10724888672999,0.7895
"1792",8,10,6,"EQW",8.87160560060972,4.12085267337737,0.675
"1793",8,10,7,"EQW",21.1343397320815,4.90456187940542,0.9465
"1794",8,10,8,"EQW",13.0685173545783,4.58251554191992,0.6845
"1795",8,10,9,"EQW",12.4818123905884,4.51452050247253,0.6575
"1796",8,10,10,"EQW",8.61546831758846,4.58574710737073,0.53
"1797",8,10,11,"EQW",8.15620113758866,4.38465378037146,0.596
"1798",8,10,12,"EQW",5.5749821146148,4.04995642215039,0.506
"1799",8,10,13,"EQW",5.3826435510259,4.03831688437637,0.378
"1800",8,10,14,"EQW",8.96321956050661,4.09340167299792,0.2055
"1801",8,10,15,"EQW",6.03838971917592,3.87973709157202,0.314
"1802",8,10,16,"EQW",4.73876500662039,3.85142037438485,0.6315
"1803",8,10,17,"EQW",3.79083701390434,3.66995163091537,0.541
"1804",8,10,18,"EQW",3.62336779529297,3.62185035439495,0.5265
"1805",8,10,19,"EQW",3.28508864546164,3.52674925950895,0.4985
"1806",8,10,20,"EQW",3.39451617448745,3.52243402118355,0.5915
"1807",8,10,21,"EQW",3.04612984537342,3.46057254990924,0.5245
"1808",8,10,22,"EQW",4.09515229319576,3.62003344336754,0.6925
"1809",8,10,23,"EQW",3.21582634657988,3.48342456373542,0.4055
"1810",8,10,24,"EQW",2.52565558498971,3.29656615250471,0.533
"1811",8,10,25,"EQW",2.45472824393124,3.18644679143509,0.601
"1812",8,10,26,"EQW",2.42006639242538,3.26993618020491,0.52
"1813",8,10,27,"EQW",3.05276459189215,3.40353167322143,0.674
"1814",8,10,28,"EQW",4.73504944280841,3.44120718473222,0.237
"1815",8,10,29,"EQW",1.95763927161609,3.04107495659229,0.4395
"1816",8,10,30,"EQW",2.02902712954983,3.00341720800242,0.576
"1817",8,10,31,"EQW",1.97297328681486,2.97418316934256,0.486
"1818",8,10,32,"EQW",2.30573085174606,2.96955305546537,0.3005
"1819",8,10,33,"EQW",2.30787983055365,3.10784072812428,0.3315
"1820",8,10,34,"EQW",1.976579932464,3.00760588968743,0.385
"1821",8,10,35,"EQW",1.87010549806584,2.84345724216271,0.3325
"1822",8,10,36,"EQW",1.51960186934923,2.75386610184854,0.415
"1823",8,10,37,"EQW",2.57417874266385,3.08704654333827,0.238
"1824",8,10,38,"EQW",1.74354771798122,2.85982523363902,0.334
"1825",8,10,1,"SGP",9.1113287834103,4.26457807647337,0.775
"1826",8,10,2,"SGP",4.6585029362936,3.68589461790582,0.725
"1827",8,10,3,"SGP",14.1306604746073,4.78308480233961,0.9405
"1828",8,10,4,"SGP",2.98183837110081,3.36681564781502,0.319
"1829",8,10,5,"SGP",2.17436160274575,3.15186793593193,0.5965
"1830",8,10,6,"SGP",3.49254010208743,3.23419403489233,0.232
"1831",8,10,7,"SGP",8.2698426419515,4.29244077020933,0.947
"1832",8,10,8,"SGP",8.05174668037552,4.30758963720827,0.062
"1833",8,10,9,"SGP",8.20877962719978,4.61987256706035,0.0285
"1834",8,10,10,"SGP",18.2386958335122,6.83676711894581,0.005
"1835",8,10,11,"SGP",11.0003478133745,4.56995456691732,0.048
"1836",8,10,12,"SGP",6.26613357771964,3.67072783590831,0.1165
"1837",8,10,13,"SGP",5.40440880317099,3.60855601495492,0.158
"1838",8,10,14,"SGP",6.56448335630475,3.80838296356906,0.1255
"1839",8,10,15,"SGP",2.54469213837414,3.20075346068405,0.613
"1840",8,10,16,"SGP",9.24466468827018,4.18463979889589,0.931
"1841",8,10,17,"SGP",2.35713516017302,3.26187197667622,0.44
"1842",8,10,18,"SGP",2.45376606305251,3.13748044252155,0.381
"1843",8,10,19,"SGP",2.00481828970895,3.07061052727106,0.4655
"1844",8,10,20,"SGP",2.77428425653764,3.15592403253545,0.6825
"1845",8,10,21,"SGP",1.95008928291873,3.09475336329716,0.485
"1846",8,10,22,"SGP",3.48368968738521,3.30210258796957,0.772
"1847",8,10,23,"SGP",4.73267929025652,3.50167994173102,0.1645
"1848",8,10,24,"SGP",2.26638664984711,3.04925832683556,0.6775
"1849",8,10,25,"SGP",2.08454365881635,2.96370909926681,0.654
"1850",8,10,26,"SGP",2.76926740135882,3.05633994817854,0.2385
"1851",8,10,27,"SGP",1.53076488571616,2.87560519244964,0.4975
"1852",8,10,28,"SGP",12.3256138226127,5.43144700173946,0.0115
"1853",8,10,29,"SGP",1.78413190703725,2.8718169909164,0.4945
"1854",8,10,30,"SGP",1.69868131774601,2.91948507485217,0.496
"1855",8,10,31,"SGP",3.09690613711914,3.20207988813552,0.26
"1856",8,10,32,"SGP",2.29318553303343,3.02482322212658,0.346
"1857",8,10,33,"SGP",1.90378013244118,3.00829494044635,0.6005
"1858",8,10,34,"SGP",2.83016160852153,3.26049994964884,0.739
"1859",8,10,35,"SGP",1.70393398854217,2.99710735719199,0.4485
"1860",8,10,36,"SGP",1.71686505926374,2.95518851921447,0.579
"1861",8,10,37,"SGP",2.25272522798194,2.96708492547425,0.3155
"1862",8,10,38,"SGP",1.74050210475731,2.94153824584896,0.628
"1863",8,10,1,"SGP50",9.1113287834103,4.28083344404043,0.7795
"1864",8,10,2,"SGP50",4.80923606561655,3.79024707224269,0.653
"1865",8,10,3,"SGP50",10.3297695950123,4.45658031048689,0.846
"1866",8,10,4,"SGP50",6.84200577149465,4.02248269463121,0.6565
"1867",8,10,5,"SGP50",9.11043176551232,4.01186029020149,0.793
"1868",8,10,6,"SGP50",6.964768016829,3.95476407436718,0.623
"1869",8,10,7,"SGP50",16.3563033256731,4.52825464113864,0.9525
"1870",8,10,8,"SGP50",7.52861506654087,4.25741235781815,0.466
"1871",8,10,9,"SGP50",6.5026273438688,4.23802143721999,0.36
"1872",8,10,10,"SGP50",11.2190473646375,5.35658355040218,0.213
"1873",8,10,11,"SGP50",7.50672753783671,4.44511180561317,0.2525
"1874",8,10,12,"SGP50",5.19256141308255,3.81258772401831,0.2505
"1875",8,10,13,"SGP50",5.3192328198273,3.76067978688634,0.2095
"1876",8,10,14,"SGP50",7.32666024884087,3.88742957749106,0.133
"1877",8,10,15,"SGP50",2.93615323761856,3.4016317621492,0.518
"1878",8,10,16,"SGP50",7.28085551557324,4.11459513497008,0.83
"1879",8,10,17,"SGP50",2.62497609609218,3.30212372900712,0.4665
"1880",8,10,18,"SGP50",2.70657073445619,3.30388213679849,0.416
"1881",8,10,19,"SGP50",2.32281647261009,3.16284156293627,0.475
"1882",8,10,20,"SGP50",2.8319486997492,3.32340103790217,0.62
"1883",8,10,21,"SGP50",2.21565847354512,3.14439344092794,0.506
"1884",8,10,22,"SGP50",3.52510253586624,3.40174728614336,0.745
"1885",8,10,23,"SGP50",4.16686740663872,3.44580597735132,0.2335
"1886",8,10,24,"SGP50",2.21744568290776,3.07912436265909,0.6235
"1887",8,10,25,"SGP50",2.10403987470978,2.9936180568852,0.666
"1888",8,10,26,"SGP50",2.47212568397276,3.10894265790985,0.332
"1889",8,10,27,"SGP50",1.79033100023666,2.90857729808048,0.5535
"1890",8,10,28,"SGP50",9.87395033713904,4.51272582709535,0.0635
"1891",8,10,29,"SGP50",1.794114697334,2.8877141284006,0.486
"1892",8,10,30,"SGP50",1.74338779897664,2.89185390190567,0.504
"1893",8,10,31,"SGP50",2.62364912960962,3.17169390722881,0.3325
"1894",8,10,32,"SGP50",2.29390652954589,3.02606118841073,0.3375
"1895",8,10,33,"SGP50",1.86547031226907,3.05836016426207,0.5125
"1896",8,10,34,"SGP50",2.28610775809708,3.11115955072672,0.636
"1897",8,10,35,"SGP50",1.73068256140196,2.95022394681169,0.4125
"1898",8,10,36,"SGP50",1.5889388170779,2.82447111810729,0.5075
"1899",8,10,37,"SGP50",2.34093407488377,2.99395143007539,0.2845
"1900",8,10,38,"SGP50",1.57606082784284,2.90099095005903,0.5235
"1901",8,11,1,"BMA",3.62465774639647,3.42693548858675,0.7935
"1902",8,11,2,"BMA",1.7303568355253,2.87517153598739,0.522
"1903",8,11,3,"BMA",1.63254584518367,2.71552129684506,0.387
"1904",8,11,4,"BMA",1.56505966840919,2.57386682082098,0.6815
"1905",8,11,5,"BMA",4.11057896328203,3.97030268562474,0.952
"1906",8,11,6,"BMA",5.14320366865722,3.57164027505141,0.9225
"1907",8,11,7,"BMA",4.91795247878108,3.65214373444656,0.941
"1908",8,11,8,"BMA",13.27269045465,7.12215760018017,0.996
"1909",8,11,9,"BMA",9.15120043954197,4.30606364998892,0.8985
"1910",8,11,10,"BMA",4.5458362374283,3.66163783696681,0.7525
"1911",8,11,11,"BMA",7.86493788416384,3.98068320832241,0.1355
"1912",8,11,12,"BMA",3.09105076314035,3.45953906689494,0.525
"1913",8,11,13,"BMA",3.33419423053178,3.53923806451326,0.505
"1914",8,11,14,"BMA",8.01827031264235,4.41987350414832,0.1775
"1915",8,11,15,"BMA",6.20349942021693,3.80082916549763,0.6665
"1916",8,11,16,"BMA",3.16349540530582,3.50487573230745,0.562
"1917",8,11,17,"BMA",5.47517669840487,3.58607596558629,0.795
"1918",8,11,18,"BMA",3.19596788847805,3.42098158779396,0.636
"1919",8,11,19,"BMA",3.00367848570581,3.30180578804247,0.3365
"1920",8,11,20,"BMA",3.49709937245305,3.35832215118453,0.747
"1921",8,11,21,"BMA",10.9625572463061,4.61646067923811,0.048
"1922",8,11,22,"BMA",1.97994930560453,3.0565399284558,0.454
"1923",8,11,23,"BMA",1.92621181692461,3.09651707876348,0.458
"1924",8,11,24,"BMA",2.14376846001175,3.02898037823924,0.6375
"1925",8,11,25,"BMA",4.53547345880854,3.55343166720006,0.832
"1926",8,11,26,"BMA",2.76718333190602,3.23904775551505,0.3605
"1927",8,11,27,"BMA",1.76435194559411,2.94958076767904,0.538
"1928",8,11,28,"BMA",3.04662801809887,3.06642243364514,0.2185
"1929",8,11,29,"BMA",6.88263669856441,4.22701825663787,0.0415
"1930",8,11,30,"BMA",2.75884620438763,3.13233480139685,0.2165
"1931",8,11,31,"BMA",5.38662676300051,3.80627618745977,0.079
"1932",8,11,32,"BMA",1.60270806978229,2.78638834769758,0.372
"1933",8,11,33,"BMA",4.23923265186873,3.43725901009554,0.1225
"1934",8,11,34,"BMA",3.23402123568459,3.2904688215602,0.1715
"1935",8,11,35,"BMA",2.43680042919072,3.01702649550339,0.2375
"1936",8,11,36,"BMA",1.82906354444865,2.84295333080502,0.3105
"1937",8,11,37,"BMA",6.08348017176396,4.28911654940832,0.057
"1938",8,11,38,"BMA",2.47126331469414,3.08550730171205,0.31
"1939",8,11,1,"AVS",3.62465774639647,3.46262658711541,0.799
"1940",8,11,2,"AVS",2.15853757223793,2.96571822850236,0.3455
"1941",8,11,3,"AVS",2.22065633847771,2.88088753963332,0.3085
"1942",8,11,4,"AVS",1.64812890783647,2.74572595664781,0.659
"1943",8,11,5,"AVS",4.22512443556207,4.03016306743378,0.9445
"1944",8,11,6,"AVS",3.69994983555461,3.34862970275442,0.9195
"1945",8,11,7,"AVS",3.57637976051876,3.23345768954951,0.9515
"1946",8,11,8,"AVS",12.76790831113,13.5370819022559,1
"1947",8,11,9,"AVS",1.4711147691582,2.54187777960323,0.336
"1948",8,11,10,"AVS",5.84658825441447,3.87839854321412,0.0355
"1949",8,11,11,"AVS",15.8868787045153,9.50422152887829,0
"1950",8,11,12,"AVS",1.51206046960719,2.77720490218911,0.554
"1951",8,11,13,"AVS",4.6131799259555,3.37511828175198,0.1245
"1952",8,11,14,"AVS",18.9353522733669,8.81314357297287,0.001
"1953",8,11,15,"AVS",7.28898756318642,4.00516796063322,0.716
"1954",8,11,16,"AVS",3.37298411594422,3.61764193647713,0.5825
"1955",8,11,17,"AVS",6.30281532637778,3.77296086602573,0.811
"1956",8,11,18,"AVS",2.03485668537101,3.10267278284504,0.458
"1957",8,11,19,"AVS",4.00687285764936,3.38561565389418,0.229
"1958",8,11,20,"AVS",2.77738470724467,3.20152724343416,0.6825
"1959",8,11,21,"AVS",13.0169574252102,5.33675989762488,0.021
"1960",8,11,22,"AVS",2.01267996648488,3.01783426460278,0.45
"1961",8,11,23,"AVS",2.12906360553015,3.0933277377776,0.4015
"1962",8,11,24,"AVS",1.98841347091091,3.02389737257808,0.5535
"1963",8,11,25,"AVS",3.01074844060911,3.22186468786802,0.716
"1964",8,11,26,"AVS",5.49887545298215,3.66089260412088,0.137
"1965",8,11,27,"AVS",2.01628632647633,2.9731068136161,0.4225
"1966",8,11,28,"AVS",4.14227928164286,3.32038783362637,0.176
"1967",8,11,29,"AVS",6.96121823814685,4.25528768311238,0.031
"1968",8,11,30,"AVS",2.82886230374352,3.04915054200976,0.221
"1969",8,11,31,"AVS",5.0069007700294,3.6524912800054,0.101
"1970",8,11,32,"AVS",2.22792264790767,3.04874313400955,0.616
"1971",8,11,33,"AVS",3.93940473143709,3.35201844750807,0.187
"1972",8,11,34,"AVS",1.95374171310037,3.02638703027293,0.4215
"1973",8,11,35,"AVS",1.83433044807384,2.95813980180351,0.5215
"1974",8,11,36,"AVS",1.83720169043363,2.90088347239384,0.5765
"1975",8,11,37,"AVS",3.90151064093259,3.25561148280929,0.195
"1976",8,11,38,"AVS",1.7921735749989,2.93788552585821,0.577
"1977",8,11,1,"EQW",3.62465774639647,3.40418044079201,0.7835
"1978",8,11,2,"EQW",1.80263014529048,2.94020925539876,0.587
"1979",8,11,3,"EQW",1.68013250363558,2.78725358045106,0.3755
"1980",8,11,4,"EQW",1.64146217604378,2.77144182351084,0.6315
"1981",8,11,5,"EQW",3.91064281062405,3.58749984160472,0.8605
"1982",8,11,6,"EQW",4.99212593976779,3.59066054126904,0.898
"1983",8,11,7,"EQW",6.11240237843509,3.6663393845654,0.9125
"1984",8,11,8,"EQW",15.3345400882867,6.28262655282812,0.99
"1985",8,11,9,"EQW",6.56855883264512,3.6336156253971,0.7765
"1986",8,11,10,"EQW",4.39907632707409,3.80802350528822,0.632
"1987",8,11,11,"EQW",6.87245344666882,4.06519746137841,0.174
"1988",8,11,12,"EQW",2.58863581759656,3.24856149032568,0.607
"1989",8,11,13,"EQW",2.79792172332378,3.31769618978289,0.397
"1990",8,11,14,"EQW",11.8065239563886,4.84502073420824,0.084
"1991",8,11,15,"EQW",2.77996696878525,3.32858081037363,0.483
"1992",8,11,16,"EQW",3.11582615555338,3.39753856162256,0.3745
"1993",8,11,17,"EQW",3.74754567823958,3.39793362984684,0.71
"1994",8,11,18,"EQW",3.3997914249759,3.4186548477261,0.6405
"1995",8,11,19,"EQW",3.00283933021236,3.476287150111,0.443
"1996",8,11,20,"EQW",4.7180511902987,3.50301666570347,0.7455
"1997",8,11,21,"EQW",6.62676983452919,3.93639551865785,0.2225
"1998",8,11,22,"EQW",2.54491727068097,3.22113234090427,0.6285
"1999",8,11,23,"EQW",2.39989655271802,3.24002685556238,0.5955
"2000",8,11,24,"EQW",3.14488187091323,3.29747170464203,0.7
"2001",8,11,25,"EQW",5.65913319366465,3.64052712461907,0.839
"2002",8,11,26,"EQW",2.99210764067397,3.51852527054665,0.4635
"2003",8,11,27,"EQW",2.65463176566422,3.21391430174957,0.6115
"2004",8,11,28,"EQW",2.67061132084756,3.28490313962781,0.3845
"2005",8,11,29,"EQW",3.72110230859343,3.44399969283831,0.2585
"2006",8,11,30,"EQW",2.0458910687865,3.12947796123299,0.5245
"2007",8,11,31,"EQW",2.71835593272439,3.11924156856056,0.2925
"2008",8,11,32,"EQW",1.96842311631635,2.98593139267875,0.601
"2009",8,11,33,"EQW",2.58549193077495,3.03216330887105,0.2825
"2010",8,11,34,"EQW",1.83445631501213,2.94373057015949,0.387
"2011",8,11,35,"EQW",1.59686683396274,2.83695961605533,0.4125
"2012",8,11,36,"EQW",1.4391000004502,2.77548287035569,0.4895
"2013",8,11,37,"EQW",4.14057000266448,3.31374912288303,0.1225
"2014",8,11,38,"EQW",2.35862738348066,3.14516879044323,0.2865
"2015",8,11,1,"SGP",3.62465774639647,3.45382392039835,0.7915
"2016",8,11,2,"SGP",1.74844312874008,2.88283728777829,0.638
"2017",8,11,3,"SGP",1.19281128107936,2.56665914920732,0.4405
"2018",8,11,4,"SGP",1.2905698935578,2.43468086712679,0.675
"2019",8,11,5,"SGP",3.98728548066858,4.0454806121139,0.975
"2020",8,11,6,"SGP",3.28237293254513,3.1418130323716,0.931
"2021",8,11,7,"SGP",3.70026752872338,3.39438417054149,0.949
"2022",8,11,8,"SGP",12.8508553474026,12.6278196092776,1
"2023",8,11,9,"SGP",1.4546667489455,2.62058181385322,0.353
"2024",8,11,10,"SGP",5.57472183730474,3.88760195277934,0.0525
"2025",8,11,11,"SGP",15.5764133694887,7.63354018676231,0.0045
"2026",8,11,12,"SGP",1.52851661946262,2.78249331281932,0.5725
"2027",8,11,13,"SGP",4.54289712554416,3.44711187863021,0.118
"2028",8,11,14,"SGP",18.821973792479,8.66822997130925,0.0015
"2029",8,11,15,"SGP",2.52319591730391,3.17361210063271,0.362
"2030",8,11,16,"SGP",5.70284356592016,3.69840491439217,0.1115
"2031",8,11,17,"SGP",1.88435672303042,3.00406075271369,0.5045
"2032",8,11,18,"SGP",2.57868639086524,3.15313341901978,0.31
"2033",8,11,19,"SGP",5.89730331329987,3.80301387601144,0.0935
"2034",8,11,20,"SGP",1.86588805351507,2.97816522568478,0.538
"2035",8,11,21,"SGP",16.0890871610546,6.56278502741647,0.0045
"2036",8,11,22,"SGP",3.11966442530921,3.20311292987709,0.74
"2037",8,11,23,"SGP",2.02134097964037,3.07767855794862,0.536
"2038",8,11,24,"SGP",2.28372971698726,3.18902729808004,0.6525
"2039",8,11,25,"SGP",3.65679221516872,3.24465624567305,0.793
"2040",8,11,26,"SGP",4.85112411857784,3.46263399376199,0.1715
"2041",8,11,27,"SGP",1.85193520788912,3.03511132463193,0.515
"2042",8,11,28,"SGP",3.28846384175961,3.17077916038944,0.229
"2043",8,11,29,"SGP",3.21017078535559,3.14497668246794,0.2335
"2044",8,11,30,"SGP",3.33128851411836,3.19106430633956,0.7515
"2045",8,11,31,"SGP",1.92599681513491,3.02004915974584,0.37
"2046",8,11,32,"SGP",3.82704715319988,3.38046596464793,0.8165
"2047",8,11,33,"SGP",2.28745127233032,2.98842312704914,0.3265
"2048",8,11,34,"SGP",1.79105018246831,2.96085583547599,0.5965
"2049",8,11,35,"SGP",2.04302342042618,2.95841933691231,0.62
"2050",8,11,36,"SGP",2.0193364749225,2.93478982935998,0.649
"2051",8,11,37,"SGP",3.24937865120074,3.20457533246505,0.2135
"2052",8,11,38,"SGP",1.86571767973128,2.9306353108599,0.6165
"2053",8,11,1,"SGP50",3.62465774639647,3.41346551336307,0.784
"2054",8,11,2,"SGP50",1.79800626524152,2.98737781206901,0.5715
"2055",8,11,3,"SGP50",1.6481458601462,2.73652455068818,0.392
"2056",8,11,4,"SGP50",1.63253375967776,2.69981466760496,0.627
"2057",8,11,5,"SGP50",3.95617849154945,3.60671375295755,0.8855
"2058",8,11,6,"SGP50",4.90901587286397,3.63506383930004,0.918
"2059",8,11,7,"SGP50",5.90962107949273,3.74066053059845,0.936
"2060",8,11,8,"SGP50",15.0323204797326,6.11968903705918,0.9885
"2061",8,11,9,"SGP50",5.51423880873635,3.50527240210818,0.7405
"2062",8,11,10,"SGP50",3.84093033548669,3.75079376517889,0.5855
"2063",8,11,11,"SGP50",7.7855094933737,4.10450935332377,0.135
"2064",8,11,12,"SGP50",2.48307877089053,3.18758039589355,0.6105
"2065",8,11,13,"SGP50",2.86319914148877,3.29632803614152,0.34
"2066",8,11,14,"SGP50",12.9212921297333,5.06679810361159,0.0745
"2067",8,11,15,"SGP50",2.54544348590542,3.27709899808041,0.452
"2068",8,11,16,"SGP50",3.44564424277697,3.4865365206513,0.3165
"2069",8,11,17,"SGP50",3.07649555526686,3.31195826343069,0.6805
"2070",8,11,18,"SGP50",2.67509210746334,3.35007409052636,0.545
"2071",8,11,19,"SGP50",3.34814436183461,3.4870285749087,0.3615
"2072",8,11,20,"SGP50",3.54487131018141,3.33702461745177,0.706
"2073",8,11,21,"SGP50",9.21899518235985,4.31902055623909,0.1485
"2074",8,11,22,"SGP50",2.47542765752794,3.19356056332262,0.625
"2075",8,11,23,"SGP50",2.18922677854917,3.1970315206543,0.5365
"2076",8,11,24,"SGP50",2.60287271021056,3.21557878003359,0.6525
"2077",8,11,25,"SGP50",4.42141956209972,3.443293738632,0.786
"2078",8,11,26,"SGP50",3.35632439175975,3.48853271263768,0.329
"2079",8,11,27,"SGP50",2.17258456735873,3.15621482179666,0.542
"2080",8,11,28,"SGP50",3.15675151578074,3.32767271404594,0.274
"2081",8,11,29,"SGP50",4.08236020884825,3.41576633253884,0.208
"2082",8,11,30,"SGP50",2.1398577970125,3.204926463667,0.553
"2083",8,11,31,"SGP50",2.76650383341336,3.2102249337368,0.3
"2084",8,11,32,"SGP50",2.16981029246033,3.05036364559938,0.639
"2085",8,11,33,"SGP50",2.80365755734878,3.08148875763716,0.2785
"2086",8,11,34,"SGP50",1.83072301562961,3.01604670233248,0.4165
"2087",8,11,35,"SGP50",1.66592709088704,2.93658579271847,0.4595
"2088",8,11,36,"SGP50",1.55299959597664,2.83728518617957,0.508
"2089",8,11,37,"SGP50",4.10825180478182,3.25627064812639,0.154
"2090",8,11,38,"SGP50",2.09609316173123,3.10867680903788,0.3685
"2091",8,12,1,"BMA",4.56809801374552,3.59743046606188,0.792
"2092",8,12,2,"BMA",7.19918596618308,3.96144911120086,0.888
"2093",8,12,3,"BMA",3.45363938711227,3.31701291237563,0.7135
"2094",8,12,4,"BMA",3.99790665224421,3.55398304600755,0.7065
"2095",8,12,5,"BMA",5.0503692295147,3.71379179849167,0.751
"2096",8,12,6,"BMA",9.53817017348888,4.1897148976732,0.882
"2097",8,12,7,"BMA",4.10177217943547,3.59079880528957,0.65
"2098",8,12,8,"BMA",3.13130156864287,3.43479374870546,0.602
"2099",8,12,9,"BMA",6.54637641401545,3.71979581372649,0.8425
"2100",8,12,10,"BMA",7.75240947563957,3.88727376017003,0.866
"2101",8,12,11,"BMA",3.89165567233754,3.20870462027098,0.6905
"2102",8,12,12,"BMA",8.90894138786227,4.82267331571845,0.1095
"2103",8,12,13,"BMA",4.62722129532653,3.75364765198792,0.2955
"2104",8,12,14,"BMA",12.9945989745144,4.17881375343511,0.9105
"2105",8,12,15,"BMA",8.54628960889178,3.87718882097042,0.844
"2106",8,12,16,"BMA",5.06490635140873,3.51810219503502,0.782
"2107",8,12,17,"BMA",6.09030423754374,3.60084496450826,0.8655
"2108",8,12,18,"BMA",2.12030291318304,3.15634334521864,0.495
"2109",8,12,19,"BMA",7.13927993013425,3.93864726413737,0.1125
"2110",8,12,20,"BMA",3.48954912163219,3.40041457342109,0.318
"2111",8,12,21,"BMA",2.47728968208777,3.31958089663672,0.47
"2112",8,12,22,"BMA",4.77272186262473,3.46974831950162,0.213
"2113",8,12,23,"BMA",5.14579646842274,3.5498627007969,0.152
"2114",8,12,24,"BMA",6.20546882368836,3.77353964597619,0.112
"2115",8,12,25,"BMA",4.24629574400013,3.36319015688374,0.187
"2116",8,12,26,"BMA",10.5228999556056,5.23503708696872,0.0165
"2117",8,12,27,"BMA",1.75739246457371,2.93670221931079,0.456
"2118",8,12,28,"BMA",1.3395396301889,2.67986643434572,0.503
"2119",8,12,29,"BMA",1.27936726056394,2.64111481241611,0.5875
"2120",8,12,30,"BMA",4.88606919636763,3.7173497086332,0.9255
"2121",8,12,31,"BMA",1.96757836380133,2.81203875142275,0.7345
"2122",8,12,32,"BMA",3.17776602581605,3.12225168321738,0.875
"2123",8,12,33,"BMA",1.88307402054936,2.63558987309276,0.7755
"2124",8,12,34,"BMA",1.67590140073077,2.6242256911538,0.771
"2125",8,12,35,"BMA",3.95661633281784,3.4102164414688,0.9225
"2126",8,12,36,"BMA",1.10726768329468,2.4030788131928,0.641
"2127",8,12,37,"BMA",0.922083128062701,2.18167155544552,0.367
"2128",8,12,38,"BMA",0.759889683886242,2.17210190016137,0.5085
"2129",8,12,1,"AVS",4.56809801374552,3.59702038095756,0.7875
"2130",8,12,2,"AVS",5.78975533438144,3.87005280751269,0.848
"2131",8,12,3,"AVS",3.8064901601304,3.48590516980185,0.754
"2132",8,12,4,"AVS",5.05463767758943,3.58030807531114,0.799
"2133",8,12,5,"AVS",7.25826603596068,3.92311956845458,0.8605
"2134",8,12,6,"AVS",8.00053741525524,4.03849237191632,0.86
"2135",8,12,7,"AVS",3.00372511674536,3.399009670006,0.6235
"2136",8,12,8,"AVS",3.007483273256,3.39195348620067,0.592
"2137",8,12,9,"AVS",6.5979864472829,3.81446152904868,0.8305
"2138",8,12,10,"AVS",8.96792142209148,4.139638393589,0.8725
"2139",8,12,11,"AVS",1.0969585373018,2.47378138319743,0.4255
"2140",8,12,12,"AVS",12.0787765314939,7.22683312107669,5e-04
"2141",8,12,13,"AVS",4.93312389613924,3.51360180972958,0.116
"2142",8,12,14,"AVS",13.473304055172,5.83656221318447,0.9835
"2143",8,12,15,"AVS",6.40479088025834,4.24835868300396,0.219
"2144",8,12,16,"AVS",3.53122527150298,3.68549725826133,0.3855
"2145",8,12,17,"AVS",4.64594260238436,3.48936833389129,0.781
"2146",8,12,18,"AVS",9.53659347278424,4.61212427341055,0.0525
"2147",8,12,19,"AVS",7.15199301202285,4.02044282229314,0.1165
"2148",8,12,20,"AVS",3.47536284753995,3.37187507061719,0.32
"2149",8,12,21,"AVS",2.46447336271189,3.29518756383639,0.423
"2150",8,12,22,"AVS",4.77987768979328,3.54688758770364,0.211
"2151",8,12,23,"AVS",5.13805019940532,3.58195188460093,0.1595
"2152",8,12,24,"AVS",5.11561911359897,3.54933076481316,0.1545
"2153",8,12,25,"AVS",1.71371369933369,2.90656219797622,0.607
"2154",8,12,26,"AVS",5.19887236591569,3.61630697858548,0.1055
"2155",8,12,27,"AVS",9.48700893243196,4.64010756191959,0.9795
"2156",8,12,28,"AVS",1.72858609275746,2.87227735443408,0.575
"2157",8,12,29,"AVS",1.50453700141735,2.77245895353664,0.559
"2158",8,12,30,"AVS",4.45673256383896,3.43589959317664,0.865
"2159",8,12,31,"AVS",2.37709552529037,3.03812921198518,0.323
"2160",8,12,32,"AVS",2.62811999001467,3.08667645242852,0.761
"2161",8,12,33,"AVS",1.48460446604513,2.83907416949144,0.4835
"2162",8,12,34,"AVS",1.64165021475943,2.874186810662,0.6015
"2163",8,12,35,"AVS",2.91273831238053,3.03325717527377,0.755
"2164",8,12,36,"AVS",2.2072800949798,2.91498871320382,0.328
"2165",8,12,37,"AVS",1.38883862965165,2.71100277939381,0.447
"2166",8,12,38,"AVS",1.81027115238034,2.68514711203584,0.671
"2167",8,12,1,"EQW",4.56809801374552,3.62098513899566,0.802
"2168",8,12,2,"EQW",7.90618227129138,4.17782654115563,0.8985
"2169",8,12,3,"EQW",2.99559162017224,3.19366970006479,0.728
"2170",8,12,4,"EQW",3.1474356640012,3.31390086980138,0.7065
"2171",8,12,5,"EQW",3.50682184335882,3.30934830386897,0.713
"2172",8,12,6,"EQW",9.16917067630601,4.356439022847,0.9345
"2173",8,12,7,"EQW",4.57870129634476,3.73668417563166,0.635
"2174",8,12,8,"EQW",3.9490498140511,3.49457603074762,0.5965
"2175",8,12,9,"EQW",8.19566640431346,3.89029578458845,0.914
"2176",8,12,10,"EQW",8.31933767861889,3.78484043116121,0.898
"2177",8,12,11,"EQW",7.47323761338085,3.62483642830726,0.7955
"2178",8,12,12,"EQW",3.79608701111573,3.78693096363759,0.508
"2179",8,12,13,"EQW",3.79775304392387,3.51560644473184,0.284
"2180",8,12,14,"EQW",9.83520474643853,4.31629130022123,0.9085
"2181",8,12,15,"EQW",3.93247808206181,3.85888945609308,0.5675
"2182",8,12,16,"EQW",3.29883297662523,3.60518027391812,0.54
"2183",8,12,17,"EQW",4.0094295422134,3.43048031439048,0.701
"2184",8,12,18,"EQW",3.58936550626462,3.63306644619308,0.3995
"2185",8,12,19,"EQW",4.96943632441586,3.72621233833668,0.226
"2186",8,12,20,"EQW",2.78342486260824,3.38313528985303,0.568
"2187",8,12,21,"EQW",2.57483126807113,3.30983948673769,0.5585
"2188",8,12,22,"EQW",4.1090462629881,3.559754624918,0.2875
"2189",8,12,23,"EQW",3.38896468784519,3.32374926320017,0.272
"2190",8,12,24,"EQW",4.40875409032062,3.32143520827757,0.196
"2191",8,12,25,"EQW",3.30210978311033,3.21596416438522,0.2925
"2192",8,12,26,"EQW",10.1528093484359,4.56186702060355,0.039
"2193",8,12,27,"EQW",2.81019523085717,3.37498528183853,0.456
"2194",8,12,28,"EQW",2.52966373643491,3.14077668111922,0.3345
"2195",8,12,29,"EQW",2.47374091082992,3.13384450738661,0.3625
"2196",8,12,30,"EQW",2.50668399687314,3.23991762070127,0.6645
"2197",8,12,31,"EQW",2.54961024924662,3.13483494595792,0.341
"2198",8,12,32,"EQW",1.92646905568229,3.03621078814854,0.5415
"2199",8,12,33,"EQW",1.89484018746159,3.00805746774965,0.42
"2200",8,12,34,"EQW",1.70611340588847,2.8799659596727,0.4725
"2201",8,12,35,"EQW",1.98715139432299,3.00592811007136,0.6445
"2202",8,12,36,"EQW",1.86534251743133,2.82429814510618,0.3445
"2203",8,12,37,"EQW",2.02148572375655,2.85499453267021,0.273
"2204",8,12,38,"EQW",1.48352964263823,2.70679322322994,0.442
"2205",8,12,1,"SGP",4.56809801374552,3.57250355301231,0.7865
"2206",8,12,2,"SGP",9.95415746340116,5.18588502314769,0.967
"2207",8,12,3,"SGP",4.79881884032463,3.48443052230778,0.847
"2208",8,12,4,"SGP",5.26726732224788,3.54214659214006,0.853
"2209",8,12,5,"SGP",1.34354237495421,2.57553828162438,0.616
"2210",8,12,6,"SGP",6.33128921888821,4.61248712169649,0.982
"2211",8,12,7,"SGP",4.33447753187356,3.56298113498863,0.092
"2212",8,12,8,"SGP",3.2197766792563,3.08130272716633,0.134
"2213",8,12,9,"SGP",3.57147509063356,3.17256499803624,0.902
"2214",8,12,10,"SGP",1.89153975336892,2.64785866721834,0.7605
"2215",8,12,11,"SGP",1.06725676317511,2.40244715793316,0.4275
"2216",8,12,12,"SGP",11.8434613166048,6.68349386431191,0.01
"2217",8,12,13,"SGP",5.04980457745959,3.60874168114867,0.0945
"2218",8,12,14,"SGP",13.9431925798228,6.71699933622858,0.9965
"2219",8,12,15,"SGP",9.50232610775593,4.59612252740973,0.0325
"2220",8,12,16,"SGP",6.60751319108514,3.88437943489459,0.0795
"2221",8,12,17,"SGP",1.62756711416398,2.92999604709406,0.433
"2222",8,12,18,"SGP",10.0835704645216,4.72659155086103,0.0245
"2223",8,12,19,"SGP",6.66798080771702,3.81350683509626,0.0725
"2224",8,12,20,"SGP",4.03993836164554,3.31982263957282,0.819
"2225",8,12,21,"SGP",1.63329499193884,2.85399937605787,0.531
"2226",8,12,22,"SGP",5.38411116840518,3.63464969557216,0.1005
"2227",8,12,23,"SGP",2.02415467902783,2.94224860336435,0.351
"2228",8,12,24,"SGP",2.23275423593192,2.98830049191262,0.3335
"2229",8,12,25,"SGP",1.72958135465368,2.84686209781808,0.639
"2230",8,12,26,"SGP",5.21563892346729,3.49258846423404,0.0985
"2231",8,12,27,"SGP",9.36502450859023,4.41436159010848,0.9755
"2232",8,12,28,"SGP",1.78139694758248,2.96074013708595,0.5905
"2233",8,12,29,"SGP",1.53108508622307,2.86008380760188,0.54
"2234",8,12,30,"SGP",4.39037575116334,3.48825282471906,0.874
"2235",8,12,31,"SGP",2.76978833224964,3.07858939416709,0.2625
"2236",8,12,32,"SGP",2.50301134278179,3.10440287008139,0.708
"2237",8,12,33,"SGP",1.55813554077313,2.75996702322608,0.4235
"2238",8,12,34,"SGP",1.66196552183344,2.85400619043326,0.5805
"2239",8,12,35,"SGP",2.8191402251592,3.09406476511199,0.774
"2240",8,12,36,"SGP",2.30222313553373,2.89162763867735,0.3065
"2241",8,12,37,"SGP",1.4612766056096,2.86795871983665,0.4425
"2242",8,12,38,"SGP",2.22704990924114,2.99001438843964,0.718
"2243",8,12,1,"SGP50",4.56809801374552,3.65017916583217,0.778
"2244",8,12,2,"SGP50",7.9413723832299,4.30473896779934,0.9015
"2245",8,12,3,"SGP50",3.03377138905221,3.25261081489452,0.7165
"2246",8,12,4,"SGP50",3.18701554789876,3.33272023691815,0.7065
"2247",8,12,5,"SGP50",3.49337873153443,3.31076829415216,0.7065
"2248",8,12,6,"SGP50",9.07673711473455,4.44931544284206,0.9385
"2249",8,12,7,"SGP50",4.22358699820534,3.73638500018678,0.587
"2250",8,12,8,"SGP50",3.54056250475753,3.53596460916934,0.5935
"2251",8,12,9,"SGP50",7.3812927551548,3.81617347866889,0.918
"2252",8,12,10,"SGP50",6.80091418757742,3.53721631035421,0.88
"2253",8,12,11,"SGP50",5.27213659143604,3.38735757233741,0.7265
"2254",8,12,12,"SGP50",4.5849079656605,3.99724840138825,0.3885
"2255",8,12,13,"SGP50",4.04610133772211,3.53218213078428,0.249
"2256",8,12,14,"SGP50",10.8513210179453,4.60155735803457,0.9345
"2257",8,12,15,"SGP50",4.34950751119584,4.01068853730525,0.3905
"2258",8,12,16,"SGP50",3.54167360645894,3.65085961254127,0.367
"2259",8,12,17,"SGP50",2.70510993574071,3.21844968781315,0.611
"2260",8,12,18,"SGP50",5.28683699073489,3.85720579507006,0.2425
"2261",8,12,19,"SGP50",5.69340426178794,3.79031551319827,0.1635
"2262",8,12,20,"SGP50",2.97409568112648,3.31406574473142,0.658
"2263",8,12,21,"SGP50",2.155596792727,3.13182001230771,0.525
"2264",8,12,22,"SGP50",4.74169823348939,3.61642778587673,0.201
"2265",8,12,23,"SGP50",2.93911979957097,3.15880291922673,0.3075
"2266",8,12,24,"SGP50",3.4910278072593,3.19699610546339,0.238
"2267",8,12,25,"SGP50",2.24744862120043,3.10607072196003,0.397
"2268",8,12,26,"SGP50",7.83704958545475,3.95913784411139,0.065
"2269",8,12,27,"SGP50",4.26461324651917,3.6998488136387,0.646
"2270",8,12,28,"SGP50",2.01532234888384,3.1113614374426,0.462
"2271",8,12,29,"SGP50",1.92952376419471,2.99986434579033,0.436
"2272",8,12,30,"SGP50",3.13249164945558,3.32444421935701,0.7635
"2273",8,12,31,"SGP50",2.60150413408339,3.03432303847935,0.3175
"2274",8,12,32,"SGP50",2.07023814551578,3.02773279413951,0.613
"2275",8,12,33,"SGP50",1.72771510316683,2.84919805551644,0.4355
"2276",8,12,34,"SGP50",1.60950213375513,2.824022905052,0.533
"2277",8,12,35,"SGP50",2.27192677145912,3.06742795596325,0.72
"2278",8,12,36,"SGP50",1.92578402261613,2.85870525727261,0.319
"2279",8,12,37,"SGP50",1.72706016875279,2.85901886292773,0.349
"2280",8,12,38,"SGP50",1.518310190487,2.75616979967949,0.5045
"2281",8,13,1,"BMA",5.00155180428529,3.8506638886347,0.687
"2282",8,13,2,"BMA",3.52810390890007,3.2669700616252,0.684
"2283",8,13,3,"BMA",17.5394211344578,6.17296264796629,0.9775
"2284",8,13,4,"BMA",13.7187004750392,4.58344922184321,0.869
"2285",8,13,5,"BMA",8.23575180437087,4.1593553025582,0.7675
"2286",8,13,6,"BMA",5.50525594257773,3.98195287429709,0.347
"2287",8,13,7,"BMA",20.3265356560737,5.24886653097566,0.071
"2288",8,13,8,"BMA",7.65376964565596,4.21486333842965,0.339
"2289",8,13,9,"BMA",5.98997910267832,4.10448250156048,0.566
"2290",8,13,10,"BMA",6.08261171440358,3.87159923317616,0.7085
"2291",8,13,11,"BMA",3.55268832049594,3.6503191258582,0.5065
"2292",8,13,12,"BMA",6.90581113587735,3.9069542757198,0.81
"2293",8,13,13,"BMA",3.34456623738313,3.57740245407622,0.566
"2294",8,13,14,"BMA",3.26595685577493,3.55454903326818,0.6325
"2295",8,13,15,"BMA",5.78644009125182,3.77563684427572,0.2135
"2296",8,13,16,"BMA",6.81296674499854,3.96824120042942,0.181
"2297",8,13,17,"BMA",20.7182294048743,6.23034949101623,0.011
"2298",8,13,18,"BMA",6.62532383351613,3.91740186503675,0.179
"2299",8,13,19,"BMA",10.8233676681467,4.43929034129604,0.066
"2300",8,13,20,"BMA",2.87871580594465,3.36003562656963,0.4155
"2301",8,13,21,"BMA",2.54834537289242,3.33248443932888,0.529
"2302",8,13,22,"BMA",5.03250172152323,3.75157172276063,0.799
"2303",8,13,23,"BMA",4.80566886197214,3.84398961718266,0.792
"2304",8,13,24,"BMA",3.82607999919858,3.68506626184725,0.718
"2305",8,13,25,"BMA",2.38453222050996,3.2320902173869,0.5065
"2306",8,13,26,"BMA",2.15330310974869,3.06753019351039,0.6095
"2307",8,13,27,"BMA",1.79445007124534,2.95124434725476,0.4345
"2308",8,13,28,"BMA",5.39422942301475,3.59975098213457,0.0895
"2309",8,13,29,"BMA",5.38765927075852,3.59443007318707,0.0855
"2310",8,13,30,"BMA",4.35213561355945,3.46436363071713,0.103
"2311",8,13,31,"BMA",3.32587982195844,3.11284698107428,0.1645
"2312",8,13,32,"BMA",3.82497367092501,3.31928687646542,0.1125
"2313",8,13,33,"BMA",3.05253797592288,2.99391293204643,0.1415
"2314",8,13,34,"BMA",2.19481775574217,2.78605734206474,0.1775
"2315",8,13,35,"BMA",1.72300055460993,2.52818180201965,0.249
"2316",8,13,36,"BMA",1.157250170764,2.3336312602588,0.3545
"2317",8,13,37,"BMA",2.16914286489948,2.64784158556596,0.1555
"2318",8,13,38,"BMA",1.38851230236005,2.33244015442585,0.2345
"2319",8,13,1,"AVS",5.00155180428529,3.86909267906415,0.696
"2320",8,13,2,"AVS",3.52814944334238,3.28208251556159,0.6955
"2321",8,13,3,"AVS",17.8141376440366,8.06446831361647,0.993
"2322",8,13,4,"AVS",9.16559214841716,4.1617157594242,0.807
"2323",8,13,5,"AVS",7.1062611323888,4.07396440852487,0.7435
"2324",8,13,6,"AVS",5.5611458798491,3.92808740953715,0.3545
"2325",8,13,7,"AVS",20.5968741035289,5.1219417237575,0.0575
"2326",8,13,8,"AVS",7.91513412356194,4.16266135013832,0.3315
"2327",8,13,9,"AVS",5.90136663712242,4.05124174393228,0.513
"2328",8,13,10,"AVS",6.40064205579742,3.88640855225406,0.709
"2329",8,13,11,"AVS",3.41928538711951,3.58813702492194,0.3725
"2330",8,13,12,"AVS",7.49440164483244,3.98232499873178,0.8365
"2331",8,13,13,"AVS",3.3125060167279,3.53633576500371,0.5575
"2332",8,13,14,"AVS",3.27809684430247,3.47953952753294,0.624
"2333",8,13,15,"AVS",5.57211967599947,3.63190189669756,0.214
"2334",8,13,16,"AVS",7.02950988759834,3.97446765927557,0.169
"2335",8,13,17,"AVS",20.8247392104935,6.11183332582071,0.009
"2336",8,13,18,"AVS",9.30287398656084,4.15918697473966,0.9155
"2337",8,13,19,"AVS",3.16793588294366,3.42494845594937,0.3555
"2338",8,13,20,"AVS",5.81498215153876,3.66938702361403,0.8255
"2339",8,13,21,"AVS",3.55622044805691,3.36662469216555,0.703
"2340",8,13,22,"AVS",2.7836869940905,3.2452281869279,0.6245
"2341",8,13,23,"AVS",2.35952107628624,3.20615358820761,0.445
"2342",8,13,24,"AVS",3.82699916019726,3.37277704610969,0.252
"2343",8,13,25,"AVS",3.29375682733021,3.35325128471053,0.3055
"2344",8,13,26,"AVS",2.48306772667949,3.0985418145599,0.6395
"2345",8,13,27,"AVS",2.06123197563243,3.08621881943215,0.4785
"2346",8,13,28,"AVS",4.02616588640146,3.40422430481573,0.2015
"2347",8,13,29,"AVS",2.80307959374419,3.19072058623841,0.6965
"2348",8,13,30,"AVS",2.32975225095261,3.11237488480768,0.64
"2349",8,13,31,"AVS",1.86113980414811,3.07564979887988,0.5085
"2350",8,13,32,"AVS",2.00193268280363,3.04275978790316,0.431
"2351",8,13,33,"AVS",2.00559871305528,3.06306465280953,0.55
"2352",8,13,34,"AVS",2.02364606830255,2.95912646303577,0.5945
"2353",8,13,35,"AVS",1.94628903502081,3.07454938623618,0.497
"2354",8,13,36,"AVS",1.9040535920867,2.99706113300052,0.5315
"2355",8,13,37,"AVS",2.01607028007845,3.05250486461037,0.3985
"2356",8,13,38,"AVS",1.99142754797661,2.9590536942079,0.593
"2357",8,13,1,"EQW",5.00155180428529,3.87035800277566,0.693
"2358",8,13,2,"EQW",3.64442069743289,3.40246893231754,0.6845
"2359",8,13,3,"EQW",17.4785666505767,5.24605347294394,0.955
"2360",8,13,4,"EQW",14.3370694356349,4.65746576527515,0.9195
"2361",8,13,5,"EQW",15.314240915181,4.55614557121574,0.906
"2362",8,13,6,"EQW",7.75272785223077,4.28156504515856,0.549
"2363",8,13,7,"EQW",9.22036578188424,4.59625020312177,0.322
"2364",8,13,8,"EQW",5.53280965116569,4.03650226500635,0.5135
"2365",8,13,9,"EQW",5.59386982061765,4.07312897627104,0.47
"2366",8,13,10,"EQW",5.51777550333526,3.74746128125454,0.652
"2367",8,13,11,"EQW",4.42077923811696,3.77222268632689,0.492
"2368",8,13,12,"EQW",9.9468300023893,4.11616755154522,0.8605
"2369",8,13,13,"EQW",5.23193230340248,3.92498338184238,0.5135
"2370",8,13,14,"EQW",6.19356691891509,3.79156041972543,0.693
"2371",8,13,15,"EQW",5.97627852216563,4.12410219056108,0.3465
"2372",8,13,16,"EQW",5.03920774610156,3.99638619346263,0.538
"2373",8,13,17,"EQW",11.0690770582178,4.92971569194451,0.2035
"2374",8,13,18,"EQW",5.03069923486391,4.02719383865852,0.581
"2375",8,13,19,"EQW",5.45638670052125,4.00157592890737,0.3035
"2376",8,13,20,"EQW",4.00494352999427,3.70976398662625,0.639
"2377",8,13,21,"EQW",3.92533896755483,3.59098768642853,0.628
"2378",8,13,22,"EQW",5.39034487981837,3.76632775135962,0.737
"2379",8,13,23,"EQW",4.95760300738627,3.72316261572099,0.675
"2380",8,13,24,"EQW",4.46101050713639,3.68715536505302,0.5875
"2381",8,13,25,"EQW",3.52991722140429,3.60720304240498,0.504
"2382",8,13,26,"EQW",3.63078577609839,3.4481293500797,0.64
"2383",8,13,27,"EQW",2.93125474601415,3.34224388386135,0.524
"2384",8,13,28,"EQW",3.87634229196042,3.5887125172227,0.318
"2385",8,13,29,"EQW",2.86771195344612,3.4381669243447,0.449
"2386",8,13,30,"EQW",2.56359187544478,3.35804164483721,0.4795
"2387",8,13,31,"EQW",2.35862761105238,3.24662007100847,0.4625
"2388",8,13,32,"EQW",2.39879431631148,3.16317750388199,0.379
"2389",8,13,33,"EQW",2.10000461776142,3.13355422599799,0.4335
"2390",8,13,34,"EQW",1.8518270336249,2.98912760180139,0.487
"2391",8,13,35,"EQW",1.78810888618377,3.03617265810615,0.4745
"2392",8,13,36,"EQW",1.68981377561679,2.81935795247821,0.5285
"2393",8,13,37,"EQW",1.81239157060498,2.81699004636015,0.3795
"2394",8,13,38,"EQW",1.48768239369572,2.75492669841263,0.481
"2395",8,13,1,"SGP",5.00155180428529,3.7999990855027,0.678
"2396",8,13,2,"SGP",3.30510201233736,3.05166958912559,0.769
"2397",8,13,3,"SGP",17.9683237022001,9.18134673270876,0.9955
"2398",8,13,4,"SGP",9.15279356638487,4.19462894957684,0.936
"2399",8,13,5,"SGP",9.92541292237568,4.4092610414911,0.944
"2400",8,13,6,"SGP",8.95591507163837,4.32935638010845,0.047
"2401",8,13,7,"SGP",16.9784562163549,6.25316196491636,0.0085
"2402",8,13,8,"SGP",5.25840218402921,3.60825820681558,0.237
"2403",8,13,9,"SGP",8.84280773278125,4.13498324354629,0.088
"2404",8,13,10,"SGP",2.27064168353714,3.21607617124952,0.508
"2405",8,13,11,"SGP",4.51370672114394,3.41703950682361,0.2155
"2406",8,13,12,"SGP",8.71906314257646,4.09108553711307,0.919
"2407",8,13,13,"SGP",6.3353466505188,3.76038775895012,0.1465
"2408",8,13,14,"SGP",3.07914730986084,3.26995333301047,0.6475
"2409",8,13,15,"SGP",8.16919766863163,3.93334615762042,0.1075
"2410",8,13,16,"SGP",3.43151924207071,3.36202194721992,0.688
"2411",8,13,17,"SGP",12.7151001511162,4.94082324533224,0.0345
"2412",8,13,18,"SGP",9.37129554031817,4.15413349815626,0.906
"2413",8,13,19,"SGP",2.89554394137801,3.30932431593214,0.3835
"2414",8,13,20,"SGP",5.77409422882571,3.6980134146229,0.845
"2415",8,13,21,"SGP",3.54891454418109,3.42141492231728,0.719
"2416",8,13,22,"SGP",2.78819946679793,3.2856125154411,0.62
"2417",8,13,23,"SGP",2.3656554904938,3.25164244387157,0.449
"2418",8,13,24,"SGP",3.80804480489228,3.43482816283258,0.2265
"2419",8,13,25,"SGP",3.29040735924308,3.35546492848811,0.301
"2420",8,13,26,"SGP",2.48352225012216,3.14193572934734,0.6435
"2421",8,13,27,"SGP",2.06538464137942,3.11089128635911,0.463
"2422",8,13,28,"SGP",4.03309140249869,3.35943935418936,0.2015
"2423",8,13,29,"SGP",2.78907076041137,3.20806270888466,0.686
"2424",8,13,30,"SGP",2.32345182919876,3.11499856800017,0.643
"2425",8,13,31,"SGP",1.86491190226945,3.08408308800623,0.527
"2426",8,13,32,"SGP",2.00734577142267,3.0546054741636,0.4315
"2427",8,13,33,"SGP",2.00367252045152,3.0348726553596,0.5615
"2428",8,13,34,"SGP",2.01868258948104,2.94094610963222,0.5805
"2429",8,13,35,"SGP",1.94411480985988,3.07639564506453,0.48
"2430",8,13,36,"SGP",1.90020866536635,2.99913716061403,0.529
"2431",8,13,37,"SGP",2.01554516630781,3.01769480850963,0.3805
"2432",8,13,38,"SGP",1.98257341229352,3.01385918044319,0.6025
"2433",8,13,1,"SGP50",5.00155180428529,3.8723876949915,0.696
"2434",8,13,2,"SGP50",3.61024690700626,3.33539543595313,0.695
"2435",8,13,3,"SGP50",17.6123529897887,5.52682313009918,0.9565
"2436",8,13,4,"SGP50",13.545479786832,4.55537959646972,0.9135
"2437",8,13,5,"SGP50",13.6931282591482,4.5173607599529,0.9125
"2438",8,13,6,"SGP50",6.09152538703319,4.21872767808773,0.4475
"2439",8,13,7,"SGP50",11.2160367505215,4.79085246871603,0.194
"2440",8,13,8,"SGP50",4.79108348923898,3.85948954958901,0.4105
"2441",8,13,9,"SGP50",5.42668001374606,3.99545224178641,0.3315
"2442",8,13,10,"SGP50",3.43240537881018,3.52426789561334,0.5885
"2443",8,13,11,"SGP50",3.94075701219328,3.59187063284732,0.3335
"2444",8,13,12,"SGP50",8.10640066474978,4.05195425331082,0.87
"2445",8,13,13,"SGP50",4.49153853986312,3.76244342538672,0.316
"2446",8,13,14,"SGP50",3.52809275403059,3.43003309268645,0.642
"2447",8,13,15,"SGP50",7.01139543594515,3.95852431038238,0.1825
"2448",8,13,16,"SGP50",3.36812228600407,3.63016493499039,0.5435
"2449",8,13,17,"SGP50",13.7300087762628,5.07628445997452,0.0615
"2450",8,13,18,"SGP50",5.63882412126429,4.082008733225,0.679
"2451",8,13,19,"SGP50",4.57820319538449,3.62087453687009,0.3055
"2452",8,13,20,"SGP50",4.21100951743087,3.5973644505516,0.6975
"2453",8,13,21,"SGP50",3.2465502104429,3.4662174652995,0.628
"2454",8,13,22,"SGP50",3.31912518130756,3.43597179978163,0.6345
"2455",8,13,23,"SGP50",2.819730262947,3.43639657449182,0.526
"2456",8,13,24,"SGP50",3.24224781540312,3.41625911942321,0.386
"2457",8,13,25,"SGP50",3.18168036262999,3.4393657513765,0.347
"2458",8,13,26,"SGP50",2.55713507559369,3.20342405836687,0.608
"2459",8,13,27,"SGP50",2.2916443025551,3.15351333169595,0.4495
"2460",8,13,28,"SGP50",4.37294040361142,3.48045529614126,0.216
"2461",8,13,29,"SGP50",2.53339884928311,3.31078902520744,0.5325
"2462",8,13,30,"SGP50",2.26081155972461,3.23498468581124,0.525
"2463",8,13,31,"SGP50",2.08729004775724,3.19940895201313,0.454
"2464",8,13,32,"SGP50",2.30890105189557,3.11091276149472,0.3665
"2465",8,13,33,"SGP50",2.01973865721216,3.10820314264488,0.473
"2466",8,13,34,"SGP50",1.86673026612936,3.05999151554346,0.4855
"2467",8,13,35,"SGP50",1.86619839291951,2.97844923371253,0.4725
"2468",8,13,36,"SGP50",1.73939874572435,2.88071425947948,0.4685
"2469",8,13,37,"SGP50",2.0093165767976,3.03603281320246,0.33
"2470",8,13,38,"SGP50",1.64642531771591,2.92047812591481,0.521
"2471",8,14,1,"BMA",9.03248204401975,4.19279998812416,0.8565
"2472",8,14,2,"BMA",4.92999972379896,3.69283866454987,0.693
"2473",8,14,3,"BMA",4.66247347762274,3.43329340028072,0.7465
"2474",8,14,4,"BMA",2.4595232990172,3.09137425833395,0.306
"2475",8,14,5,"BMA",3.84074647704746,3.37743448692493,0.876
"2476",8,14,6,"BMA",8.16396293805507,4.87199516688997,0.987
"2477",8,14,7,"BMA",4.19183404927824,3.47129079309014,0.145
"2478",8,14,8,"BMA",5.28042246653441,3.57550689852276,0.906
"2479",8,14,9,"BMA",7.78622905577797,4.50585909848293,0.041
"2480",8,14,10,"BMA",2.45139482316136,2.97138616290755,0.716
"2481",8,14,11,"BMA",12.4465071029644,5.82790287514441,0.0085
"2482",8,14,12,"BMA",1.82586239919149,2.97093176372932,0.5335
"2483",8,14,13,"BMA",9.66300415382463,4.536618767567,0.0355
"2484",8,14,14,"BMA",1.89960975301755,3.0307779737306,0.543
"2485",8,14,15,"BMA",12.6053795114243,5.27177309666826,0.0165
"2486",8,14,16,"BMA",9.09279397278199,4.21628564999764,0.9515
"2487",8,14,17,"BMA",2.5061154027342,3.28811282819772,0.356
"2488",8,14,18,"BMA",10.6899790172885,5.27496454497968,0.0165
"2489",8,14,19,"BMA",17.8378186157847,6.21634738979779,0.005
"2490",8,14,20,"BMA",3.46806655074984,3.46272862269266,0.483
"2491",8,14,21,"BMA",2.6946755639232,3.33234774547692,0.633
"2492",8,14,22,"BMA",3.4273270568485,3.31845676206308,0.2735
"2493",8,14,23,"BMA",6.00678886009685,3.82563137325087,0.857
"2494",8,14,24,"BMA",2.26759928178718,3.1747019620328,0.5515
"2495",8,14,25,"BMA",2.09198755682823,3.06338854919702,0.576
"2496",8,14,26,"BMA",2.5076674648455,3.13746409943205,0.367
"2497",8,14,27,"BMA",2.8981844351327,3.19100674857433,0.7205
"2498",8,14,28,"BMA",2.05353268716615,3.09244209345499,0.4245
"2499",8,14,29,"BMA",1.96622212318695,2.99343139606001,0.602
"2500",8,14,30,"BMA",2.93170580271398,3.20944177315108,0.7245
"2501",8,14,31,"BMA",2.2301221970421,3.0418886055984,0.348
"2502",8,14,32,"BMA",1.86173163357792,3.10550273325918,0.5675
"2503",8,14,33,"BMA",3.01441324117729,3.14186872057634,0.2395
"2504",8,14,34,"BMA",6.07900870580268,3.73590705443785,0.9075
"2505",8,14,35,"BMA",2.03781062073536,2.93324129158463,0.356
"2506",8,14,36,"BMA",2.21427790300444,3.08895485559013,0.6375
"2507",8,14,37,"BMA",1.68916077720414,2.96689884617168,0.488
"2508",8,14,38,"BMA",1.64079788851236,2.99865380886085,0.496
"2509",8,14,1,"AVS",9.03248204401975,4.2862039604538,0.8525
"2510",8,14,2,"AVS",6.74216419982804,3.91356249558765,0.8155
"2511",8,14,3,"AVS",9.94667597350661,4.20650945206008,0.858
"2512",8,14,4,"AVS",2.4572356453698,2.88018947403465,0.227
"2513",8,14,5,"AVS",3.73466740877996,3.19363909287022,0.8745
"2514",8,14,6,"AVS",8.09658310765349,4.87315266911966,0.988
"2515",8,14,7,"AVS",4.46284034458808,3.47298005300205,0.1165
"2516",8,14,8,"AVS",5.1950309885727,3.51130388948772,0.8915
"2517",8,14,9,"AVS",7.86738668277705,4.34872091995785,0.0395
"2518",8,14,10,"AVS",2.42236396575049,2.99784246263339,0.71
"2519",8,14,11,"AVS",12.4792172004046,5.97148234203741,0.006
"2520",8,14,12,"AVS",1.79897815934178,2.9753838757092,0.537
"2521",8,14,13,"AVS",9.72906684213488,4.52016475245566,0.0295
"2522",8,14,14,"AVS",1.87561713626231,3.06737704048193,0.545
"2523",8,14,15,"AVS",12.6551909996825,5.65769512006235,0.014
"2524",8,14,16,"AVS",9.14457083812126,4.13609680507992,0.953
"2525",8,14,17,"AVS",2.51101272936137,3.27226368412283,0.36
"2526",8,14,18,"AVS",10.8544393396304,5.11154840171634,0.0155
"2527",8,14,19,"AVS",18.0220287901491,7.12240698568564,0.0015
"2528",8,14,20,"AVS",2.87829958366607,3.28896763805228,0.6455
"2529",8,14,21,"AVS",2.78944284703779,3.32600432889406,0.6755
"2530",8,14,22,"AVS",3.431875309083,3.32369997043108,0.24
"2531",8,14,23,"AVS",6.14588183880741,3.81187116022771,0.8775
"2532",8,14,24,"AVS",2.12451291687098,3.07878235788548,0.5365
"2533",8,14,25,"AVS",1.97487099371973,3.04730246334448,0.556
"2534",8,14,26,"AVS",2.5174262638849,3.18747927935708,0.3525
"2535",8,14,27,"AVS",2.88430079103523,3.21961106308032,0.705
"2536",8,14,28,"AVS",2.05337684037657,3.07862835287713,0.413
"2537",8,14,29,"AVS",1.96580933876636,3.01335566602871,0.6
"2538",8,14,30,"AVS",2.93159972760301,3.20994560070101,0.7205
"2539",8,14,31,"AVS",2.23012573858759,2.95288511072175,0.349
"2540",8,14,32,"AVS",1.86172976098424,3.02166373786304,0.564
"2541",8,14,33,"AVS",3.01441376273756,3.11253148680881,0.239
"2542",8,14,34,"AVS",6.0790084699363,3.77550287673914,0.9135
"2543",8,14,35,"AVS",2.03781067092964,2.92238142903559,0.356
"2544",8,14,36,"AVS",2.21427780315275,3.09435181119175,0.604
"2545",8,14,37,"AVS",1.68916075576682,3.02704051602681,0.492
"2546",8,14,38,"AVS",1.64079787587038,2.98333694405686,0.4965
"2547",8,14,1,"EQW",9.03248204401975,4.30532598544265,0.843
"2548",8,14,2,"EQW",4.80148534610223,3.60429271220401,0.6945
"2549",8,14,3,"EQW",6.12652237395202,3.81360260191123,0.7475
"2550",8,14,4,"EQW",5.02757075816276,3.76992840704184,0.6115
"2551",8,14,5,"EQW",9.08865635954534,4.05017356215254,0.8425
"2552",8,14,6,"EQW",17.8705165740979,4.89832646477999,0.9565
"2553",8,14,7,"EQW",11.531373434392,4.30607816960645,0.723
"2554",8,14,8,"EQW",18.3658880614014,4.51761374326161,0.947
"2555",8,14,9,"EQW",11.5025527901818,4.49641140612282,0.7035
"2556",8,14,10,"EQW",14.2941578181394,4.29207640720356,0.8785
"2557",8,14,11,"EQW",7.94507134986592,4.45414828181573,0.6095
"2558",8,14,12,"EQW",7.84452807657683,3.83604676197247,0.7515
"2559",8,14,13,"EQW",5.4074422999284,4.08386791706807,0.5235
"2560",8,14,14,"EQW",6.44633630631103,3.83779551407474,0.6825
"2561",8,14,15,"EQW",5.62041743176598,4.08538361139686,0.358
"2562",8,14,16,"EQW",6.73238230692946,4.11474576643255,0.7625
"2563",8,14,17,"EQW",4.63491738869488,3.77659229101812,0.627
"2564",8,14,18,"EQW",5.30648191384079,4.20393539766749,0.4515
"2565",8,14,19,"EQW",11.0993272059345,4.37958796439091,0.1675
"2566",8,14,20,"EQW",6.92055112503247,3.96835595573589,0.2495
"2567",8,14,21,"EQW",5.69147951007172,3.8412558191646,0.2805
"2568",8,14,22,"EQW",6.9529419112998,3.87748296656947,0.19
"2569",8,14,23,"EQW",4.31640375126813,3.89963400826445,0.477
"2570",8,14,24,"EQW",4.07784679501543,3.73217195653839,0.4645
"2571",8,14,25,"EQW",3.9544656554232,3.75939788603734,0.495
"2572",8,14,26,"EQW",4.40162499165623,3.75122223605383,0.395
"2573",8,14,27,"EQW",4.12420785279119,3.77999776543515,0.546
"2574",8,14,28,"EQW",4.14700843356305,3.85156499237459,0.4255
"2575",8,14,29,"EQW",3.9347126385818,3.79002614437619,0.488
"2576",8,14,30,"EQW",4.0134667735025,3.76104783858065,0.56
"2577",8,14,31,"EQW",3.77741855538872,3.66658574136233,0.454
"2578",8,14,32,"EQW",3.58283512629751,3.70108350183085,0.534
"2579",8,14,33,"EQW",4.44145898628356,3.75999713943393,0.3395
"2580",8,14,34,"EQW",4.1384955253329,3.87729155660783,0.6025
"2581",8,14,35,"EQW",3.51547747540822,3.63341819719639,0.41
"2582",8,14,36,"EQW",3.22460688295032,3.55092548449905,0.541
"2583",8,14,37,"EQW",3.17321422598046,3.55571046311471,0.445
"2584",8,14,38,"EQW",2.91060234459538,3.51526024430451,0.4835
"2585",8,14,1,"SGP",9.03248204401975,4.17592497275982,0.849
"2586",8,14,2,"SGP",6.19564368220492,3.77866011905119,0.8165
"2587",8,14,3,"SGP",2.61669657858666,2.96595816690101,0.779
"2588",8,14,4,"SGP",2.32802260744779,2.83620142841474,0.2395
"2589",8,14,5,"SGP",3.79461948755762,3.28479187878995,0.8745
"2590",8,14,6,"SGP",8.16332240575301,5.03899165747515,0.992
"2591",8,14,7,"SGP",4.37063759714171,3.44187158280425,0.1175
"2592",8,14,8,"SGP",5.24422278195999,3.49096825420946,0.8935
"2593",8,14,9,"SGP",7.75747203734581,4.46757061816092,0.045
"2594",8,14,10,"SGP",2.45243816530764,3.00725170813138,0.7295
"2595",8,14,11,"SGP",12.3564201847609,5.54751551515931,0.0205
"2596",8,14,12,"SGP",1.81093050681215,2.94276687862595,0.5565
"2597",8,14,13,"SGP",9.66475782235335,4.5327917732245,0.0275
"2598",8,14,14,"SGP",1.88454192277565,2.98039629458666,0.5405
"2599",8,14,15,"SGP",12.6022561292444,5.20385148959987,0.019
"2600",8,14,16,"SGP",9.12667329413774,4.18069490895624,0.958
"2601",8,14,17,"SGP",2.51122188753898,3.23653853034835,0.3845
"2602",8,14,18,"SGP",10.8035635761973,5.25778249566169,0.016
"2603",8,14,19,"SGP",17.9877289346767,6.52034983142792,0.0045
"2604",8,14,20,"SGP",2.87315691157104,3.33192495172151,0.6475
"2605",8,14,21,"SGP",2.78468708262527,3.36147097951709,0.6725
"2606",8,14,22,"SGP",3.44170534137748,3.24622782293776,0.265
"2607",8,14,23,"SGP",6.12157191427942,3.75876531645038,0.8605
"2608",8,14,24,"SGP",2.12897443734674,3.15119593348862,0.5365
"2609",8,14,25,"SGP",1.98006868934073,3.02560237429427,0.5695
"2610",8,14,26,"SGP",2.52154009566604,3.2413892898515,0.3595
"2611",8,14,27,"SGP",2.88592866788097,3.16863899920968,0.7005
"2612",8,14,28,"SGP",2.05836006230129,3.15103176862448,0.42
"2613",8,14,29,"SGP",1.9707858568735,3.04405372529866,0.5865
"2614",8,14,30,"SGP",2.93298593004502,3.17171920612278,0.7155
"2615",8,14,31,"SGP",2.23273315007856,3.00216149076419,0.3555
"2616",8,14,32,"SGP",1.86610817629981,3.02331596058195,0.548
"2617",8,14,33,"SGP",3.01645544294674,3.11192594339951,0.2425
"2618",8,14,34,"SGP",6.06471723916257,3.76120895727955,0.903
"2619",8,14,35,"SGP",2.04119250136994,2.92444864860803,0.372
"2620",8,14,36,"SGP",2.21644178715926,3.06551563256918,0.6245
"2621",8,14,37,"SGP",1.69347857893063,2.94167330274997,0.52
"2622",8,14,38,"SGP",1.64470216904876,2.95267421696768,0.4885
"2623",8,14,1,"SGP50",9.03248204401975,4.19635077426096,0.853
"2624",8,14,2,"SGP50",4.86601412307616,3.60826669271096,0.7035
"2625",8,14,3,"SGP50",6.193585398417,3.79631313134927,0.788
"2626",8,14,4,"SGP50",4.68537661118019,3.68224225636595,0.5705
"2627",8,14,5,"SGP50",8.27786448410495,3.83235284478585,0.8515
"2628",8,14,6,"SGP50",15.1149214597501,4.72491198554312,0.9695
"2629",8,14,7,"SGP50",7.0940291918841,3.96035013127965,0.553
"2630",8,14,8,"SGP50",11.2808195135112,4.02486158245149,0.924
"2631",8,14,9,"SGP50",6.10800113075952,4.15608376148801,0.403
"2632",8,14,10,"SGP50",5.74657047326176,3.43289551178836,0.7935
"2633",8,14,11,"SGP50",7.70643864712359,4.92696879381917,0.241
"2634",8,14,12,"SGP50",2.99848078801505,3.18448888866342,0.623
"2635",8,14,13,"SGP50",6.89699737644221,4.40888911109389,0.189
"2636",8,14,14,"SGP50",2.70925763196018,3.2031503600041,0.595
"2637",8,14,15,"SGP50",10.0699886862371,4.74558451859983,0.0965
"2638",8,14,16,"SGP50",8.258859467819,4.06684942892373,0.893
"2639",8,14,17,"SGP50",2.66459007883338,3.35378210191461,0.4525
"2640",8,14,18,"SGP50",8.45394624265749,4.80291715375476,0.145
"2641",8,14,19,"SGP50",16.2192677949711,5.47068142707217,0.034
"2642",8,14,20,"SGP50",2.9679764101793,3.42014218294436,0.5255
"2643",8,14,21,"SGP50",2.78865928365674,3.50892202790416,0.593
"2644",8,14,22,"SGP50",4.04401447927648,3.48431862677596,0.2505
"2645",8,14,23,"SGP50",5.05097171205829,3.79264467151169,0.785
"2646",8,14,24,"SGP50",2.41730185467348,3.2469343679143,0.508
"2647",8,14,25,"SGP50",2.30086613681048,3.18402915960216,0.558
"2648",8,14,26,"SGP50",2.79021042064586,3.26277868586324,0.358
"2649",8,14,27,"SGP50",3.0171530648745,3.3629114199119,0.669
"2650",8,14,28,"SGP50",2.3676587524347,3.19942293774528,0.4255
"2651",8,14,29,"SGP50",2.26529008749676,3.12624543574908,0.5715
"2652",8,14,30,"SGP50",3.03720091606225,3.23549259726306,0.6985
"2653",8,14,31,"SGP50",2.41718392457994,3.17914554258022,0.388
"2654",8,14,32,"SGP50",2.12068900091918,3.09154026968823,0.558
"2655",8,14,33,"SGP50",3.17293511316474,3.34412933144261,0.2575
"2656",8,14,34,"SGP50",5.38709346345407,3.75722110027549,0.8615
"2657",8,14,35,"SGP50",2.24592238272139,3.08236126967285,0.389
"2658",8,14,36,"SGP50",2.35010264353388,3.13374158438429,0.6045
"2659",8,14,37,"SGP50",1.93579709630069,3.01882570311351,0.5055
"2660",8,14,38,"SGP50",1.85996064609001,3.07853876554221,0.505
"2661",8,15,1,"BMA",2.37739651711549,3.22703624530159,0.563
"2662",8,15,2,"BMA",1.86723835669063,2.89319000940524,0.6325
"2663",8,15,3,"BMA",3.9341874960436,3.35106614219263,0.129
"2664",8,15,4,"BMA",1.32746404414534,2.70210705785723,0.5405
"2665",8,15,5,"BMA",1.7462198820895,2.69613843097871,0.697
"2666",8,15,6,"BMA",6.4509451695918,4.10095669177537,0.966
"2667",8,15,7,"BMA",1.32130351463491,2.6508943824466,0.4715
"2668",8,15,8,"BMA",3.02200259738212,3.06941604985469,0.8495
"2669",8,15,9,"BMA",9.51867448675595,5.46405537471156,0.992
"2670",8,15,10,"BMA",7.70082412707571,4.28479015607576,0.9645
"2671",8,15,11,"BMA",1.70697488245722,2.78687025204267,0.3985
"2672",8,15,12,"BMA",9.24975416100157,5.23723385626044,0.985
"2673",8,15,13,"BMA",12.920276767746,6.33551117149409,0.9945
"2674",8,15,14,"BMA",2.44394402354261,3.3000233426763,0.455
"2675",8,15,15,"BMA",1.87166422122914,2.96279961316913,0.5185
"2676",8,15,16,"BMA",3.54371663423583,3.2189357643762,0.1945
"2677",8,15,17,"BMA",11.6467373029345,5.29618182300481,0.0205
"2678",8,15,18,"BMA",2.71044380332175,3.16537125696109,0.306
"2679",8,15,19,"BMA",1.85237408928401,3.03192746899911,0.523
"2680",8,15,20,"BMA",10.9647611296753,4.79362688124473,0.0445
"2681",8,15,21,"BMA",5.28190280980758,3.5310138096357,0.151
"2682",8,15,22,"BMA",8.99066080312566,4.3737927863058,0.0655
"2683",8,15,23,"BMA",8.57037671874373,4.22579671956707,0.0695
"2684",8,15,24,"BMA",2.28769528333971,3.14425210707423,0.421
"2685",8,15,25,"BMA",2.87892375782301,3.2429504440823,0.292
"2686",8,15,26,"BMA",1.90569054261636,3.08449954149466,0.495
"2687",8,15,27,"BMA",1.83304531566817,2.94830588016106,0.5895
"2688",8,15,28,"BMA",2.23366553042169,2.96920762794384,0.687
"2689",8,15,29,"BMA",1.57866024545121,2.77472433005354,0.444
"2690",8,15,30,"BMA",2.84934980763308,3.00874038933102,0.78
"2691",8,15,31,"BMA",1.54298592735669,2.74317720897879,0.599
"2692",8,15,32,"BMA",1.24363444638421,2.51283861708575,0.5285
"2693",8,15,33,"BMA",1.42565747968,2.65007175709609,0.674
"2694",8,15,34,"BMA",2.3093392945027,2.82351074923611,0.191
"2695",8,15,35,"BMA",4.10855756304335,3.51498107713743,0.1035
"2696",8,15,36,"BMA",3.91501484421724,3.68674274673526,0.219
"2697",8,15,37,"BMA",1.86469513109124,3.02721581340826,0.4485
"2698",8,15,38,"BMA",1.59187207902963,2.76838480029105,0.389
"2699",8,15,1,"AVS",2.37739651711549,3.26512095543367,0.5365
"2700",8,15,2,"AVS",1.91143256469673,2.75194759417267,0.693
"2701",8,15,3,"AVS",3.64028864437063,3.24156254343959,0.128
"2702",8,15,4,"AVS",1.24373528842099,2.54214564661568,0.5525
"2703",8,15,5,"AVS",1.78134408184613,2.67749991477448,0.7155
"2704",8,15,6,"AVS",6.46515255726336,4.34080008629667,0.9775
"2705",8,15,7,"AVS",1.27164681146561,2.65603503587681,0.4515
"2706",8,15,8,"AVS",2.86628755721339,3.00826244187981,0.843
"2707",8,15,9,"AVS",10.2046188351035,6.0540933049173,0.992
"2708",8,15,10,"AVS",7.89364576463359,4.48993665211957,0.9815
"2709",8,15,11,"AVS",1.8331284064666,2.87958984072278,0.314
"2710",8,15,12,"AVS",8.846726029427,4.97526287432617,0.987
"2711",8,15,13,"AVS",12.4339472138243,6.12921701323729,0.992
"2712",8,15,14,"AVS",2.64546285925567,3.08928670537839,0.2505
"2713",8,15,15,"AVS",1.60767949034667,2.83129246126837,0.4555
"2714",8,15,16,"AVS",3.86595852853643,3.38396199525332,0.1665
"2715",8,15,17,"AVS",12.415389765602,5.81548460361217,0.0045
"2716",8,15,18,"AVS",3.48091398292055,3.19006749916496,0.197
"2717",8,15,19,"AVS",1.61387912525784,2.87526316431888,0.457
"2718",8,15,20,"AVS",13.0652123940829,5.86571621406658,0.0105
"2719",8,15,21,"AVS",6.63351949811507,3.83325694434513,0.109
"2720",8,15,22,"AVS",9.52110891513783,4.46090640664505,0.056
"2721",8,15,23,"AVS",7.40265473821082,3.90591580822477,0.103
"2722",8,15,24,"AVS",2.13783940055575,2.97622618295331,0.668
"2723",8,15,25,"AVS",2.68871307624981,3.17756230548432,0.263
"2724",8,15,26,"AVS",1.79231037893457,3.00103179888337,0.57
"2725",8,15,27,"AVS",2.02097258627641,3.00824267105727,0.651
"2726",8,15,28,"AVS",2.30032351122066,2.99240516056934,0.696
"2727",8,15,29,"AVS",1.77728006242597,2.82954094779021,0.367
"2728",8,15,30,"AVS",3.5538792071758,3.22366767512099,0.801
"2729",8,15,31,"AVS",1.69582682946948,2.81248011802693,0.4315
"2730",8,15,32,"AVS",1.65339802455104,2.83771382109118,0.487
"2731",8,15,33,"AVS",1.89523955754095,2.84201969863828,0.6665
"2732",8,15,34,"AVS",2.80765803314102,3.09736214901514,0.207
"2733",8,15,35,"AVS",1.53084236722787,2.82197872935369,0.5
"2734",8,15,36,"AVS",1.5726901752348,2.89189574130934,0.5845
"2735",8,15,37,"AVS",1.53388195492554,2.79163060731252,0.549
"2736",8,15,38,"AVS",1.54436246854092,2.70904624971548,0.3925
"2737",8,15,1,"EQW",2.37739651711549,3.18172095613752,0.543
"2738",8,15,2,"EQW",1.94877234545877,2.97295517310248,0.5655
"2739",8,15,3,"EQW",4.71414997997097,3.43979129669589,0.128
"2740",8,15,4,"EQW",1.62886110355131,2.77677054301167,0.4575
"2741",8,15,5,"EQW",2.02970941184264,2.92009287438087,0.711
"2742",8,15,6,"EQW",7.0236106768654,4.36898632118946,0.9515
"2743",8,15,7,"EQW",2.03789733938375,2.93948483940073,0.599
"2744",8,15,8,"EQW",4.17911190076851,3.33607965957802,0.848
"2745",8,15,9,"EQW",11.1816886248811,5.34255898758086,0.9775
"2746",8,15,10,"EQW",10.7927454704025,4.41335360904046,0.964
"2747",8,15,11,"EQW",3.45910351806113,3.30825682379985,0.6115
"2748",8,15,12,"EQW",11.5694564063766,4.73446592838648,0.9495
"2749",8,15,13,"EQW",16.9762357262554,5.38004825126106,0.9775
"2750",8,15,14,"EQW",6.79462292030313,3.85480394329905,0.7305
"2751",8,15,15,"EQW",7.11143004025204,3.77822075189799,0.783
"2752",8,15,16,"EQW",4.47781389355222,3.57328868633199,0.622
"2753",8,15,17,"EQW",5.09357499002495,4.02736938348405,0.323
"2754",8,15,18,"EQW",3.14698105895231,3.42894368685724,0.424
"2755",8,15,19,"EQW",3.0506248427513,3.37979022474702,0.6195
"2756",8,15,20,"EQW",7.15082814186895,4.11849385883751,0.172
"2757",8,15,21,"EQW",6.04821118528908,3.76542208708745,0.1825
"2758",8,15,22,"EQW",8.31723856597369,3.98874515486085,0.126
"2759",8,15,23,"EQW",8.3842957006983,4.1005031104122,0.0975
"2760",8,15,24,"EQW",3.29804993439918,3.3764115086741,0.3725
"2761",8,15,25,"EQW",3.74015252100856,3.39994598316231,0.2625
"2762",8,15,26,"EQW",2.86037624489184,3.23794909776886,0.379
"2763",8,15,27,"EQW",2.4239401499439,3.19631910792362,0.4295
"2764",8,15,28,"EQW",2.21420377753324,3.19324113397377,0.5445
"2765",8,15,29,"EQW",2.511815562982,3.08109488929523,0.3645
"2766",8,15,30,"EQW",2.28609066954999,3.15145117986882,0.6285
"2767",8,15,31,"EQW",1.86712476290514,3.02118865936043,0.471
"2768",8,15,32,"EQW",1.76000120662405,2.88761874336778,0.4665
"2769",8,15,33,"EQW",1.74165521448381,2.88117928559371,0.5865
"2770",8,15,34,"EQW",2.65441872857376,3.02790165441028,0.243
"2771",8,15,35,"EQW",2.69126552158049,3.09050090386121,0.269
"2772",8,15,36,"EQW",2.94333034402233,3.24910691733999,0.2955
"2773",8,15,37,"EQW",3.41868606875994,3.31433790918934,0.246
"2774",8,15,38,"EQW",5.00395113483014,3.42093949407046,0.186
"2775",8,15,1,"SGP",2.37739651711549,3.17368276960687,0.5475
"2776",8,15,2,"SGP",1.84722077146185,2.74422971107333,0.6785
"2777",8,15,3,"SGP",3.71059458966287,3.36346974844442,0.1105
"2778",8,15,4,"SGP",1.25043136520147,2.6176391551017,0.547
"2779",8,15,5,"SGP",1.7784893558771,2.68811093224403,0.7165
"2780",8,15,6,"SGP",6.51000674302253,4.15821981581633,0.9805
"2781",8,15,7,"SGP",1.27423269216395,2.64144844225819,0.432
"2782",8,15,8,"SGP",2.91292123947053,3.12042193904913,0.8395
"2783",8,15,9,"SGP",9.81526928025063,5.94905635527603,0.9905
"2784",8,15,10,"SGP",7.47834430156008,4.31896722312973,0.974
"2785",8,15,11,"SGP",1.75866763474039,2.82672888691366,0.344
"2786",8,15,12,"SGP",8.82254033636847,4.84795577627898,0.984
"2787",8,15,13,"SGP",12.6235219866418,6.22771587817979,0.9925
"2788",8,15,14,"SGP",2.50958020238117,3.10633390743962,0.2905
"2789",8,15,15,"SGP",1.63567815050367,2.91800622991316,0.465
"2790",8,15,16,"SGP",3.74823029867962,3.29341457241586,0.172
"2791",8,15,17,"SGP",12.1679147372635,5.7354764300796,0.0105
"2792",8,15,18,"SGP",3.43899155999156,3.23387654819206,0.1865
"2793",8,15,19,"SGP",1.61926977203798,2.82624955789556,0.4545
"2794",8,15,20,"SGP",12.9446463208395,6.08989210095377,0.009
"2795",8,15,21,"SGP",8.41144404418175,4.32455770629436,0.0465
"2796",8,15,22,"SGP",6.48237973588629,3.77724401213892,0.1
"2797",8,15,23,"SGP",4.63278124360686,3.60330896584994,0.153
"2798",8,15,24,"SGP",2.12333727998902,3.0379925831903,0.649
"2799",8,15,25,"SGP",2.70303614007834,3.10670984179221,0.2915
"2800",8,15,26,"SGP",1.79179082322063,2.94434666382907,0.572
"2801",8,15,27,"SGP",2.01058151985128,2.9893432701072,0.6655
"2802",8,15,28,"SGP",2.28645313404572,2.96857725197699,0.7115
"2803",8,15,29,"SGP",1.78978591033633,2.84499176020989,0.369
"2804",8,15,30,"SGP",3.51995627735429,3.28032521033328,0.787
"2805",8,15,31,"SGP",1.6989733223919,2.87068635697197,0.4475
"2806",8,15,32,"SGP",1.65479666025098,2.82181105009164,0.491
"2807",8,15,33,"SGP",1.88860195461138,2.8280563893717,0.6525
"2808",8,15,34,"SGP",2.81109520253503,2.99240951793507,0.229
"2809",8,15,35,"SGP",1.53938078368096,2.78030584084283,0.4805
"2810",8,15,36,"SGP",1.5747471320677,2.8818868743892,0.5675
"2811",8,15,37,"SGP",1.54157370997512,2.81173052566214,0.524
"2812",8,15,38,"SGP",1.57013272505092,2.7964951481681,0.396
"2813",8,15,1,"SGP50",2.37739651711549,3.18530896280187,0.552
"2814",8,15,2,"SGP50",1.93399716319546,2.93692284787548,0.5885
"2815",8,15,3,"SGP50",4.58186875459489,3.4112162016016,0.1295
"2816",8,15,4,"SGP50",1.56968001104059,2.82539463298011,0.475
"2817",8,15,5,"SGP50",1.94979434781205,2.92418142939546,0.6905
"2818",8,15,6,"SGP50",6.83203600659693,4.30179120567566,0.952
"2819",8,15,7,"SGP50",1.80784321558978,2.79809845565383,0.574
"2820",8,15,8,"SGP50",3.83757379299566,3.24890409637814,0.8555
"2821",8,15,9,"SGP50",10.6041093560191,5.29870379132044,0.9815
"2822",8,15,10,"SGP50",9.70051790988243,4.40117528668998,0.9645
"2823",8,15,11,"SGP50",2.5429789756169,3.10454338947306,0.587
"2824",8,15,12,"SGP50",10.6818717554611,4.85219232855911,0.9645
"2825",8,15,13,"SGP50",15.2846021179015,5.78027213898481,0.9905
"2826",8,15,14,"SGP50",4.31591974339422,3.56343667766922,0.6475
"2827",8,15,15,"SGP50",4.58560675788871,3.4398399451466,0.7245
"2828",8,15,16,"SGP50",2.93753312295323,3.43669222713579,0.501
"2829",8,15,17,"SGP50",6.35383300528743,3.9895711722123,0.1845
"2830",8,15,18,"SGP50",2.68566154492858,3.20714096010846,0.3795
"2831",8,15,19,"SGP50",2.3092573574018,3.11021561214723,0.598
"2832",8,15,20,"SGP50",8.77783213055051,4.28672480273811,0.091
"2833",8,15,21,"SGP50",6.17051167207775,3.74564969075903,0.152
"2834",8,15,22,"SGP50",7.81731751912825,4.00376854199402,0.108
"2835",8,15,23,"SGP50",7.1270107801926,3.83776945820921,0.1045
"2836",8,15,24,"SGP50",2.34509585833365,3.18090664830624,0.4425
"2837",8,15,25,"SGP50",3.27076629251263,3.28542243464231,0.285
"2838",8,15,26,"SGP50",2.25554949327386,3.10222905038288,0.4355
"2839",8,15,27,"SGP50",2.0214725225834,3.14499611934486,0.5015
"2840",8,15,28,"SGP50",2.02230709822246,3.09523144238986,0.5795
"2841",8,15,29,"SGP50",2.29568443220137,3.05131430172869,0.3555
"2842",8,15,30,"SGP50",2.45712815898882,3.12538896548202,0.693
"2843",8,15,31,"SGP50",1.82345622680134,2.92634240288303,0.4525
"2844",8,15,32,"SGP50",1.73337249007753,2.80698325305293,0.454
"2845",8,15,33,"SGP50",1.70614107088478,2.89541259532532,0.611
"2846",8,15,34,"SGP50",2.91907672480511,3.01697754405565,0.2075
"2847",8,15,35,"SGP50",2.24471944364942,3.04425378532918,0.331
"2848",8,15,36,"SGP50",2.24581722240413,3.18783423430973,0.3865
"2849",8,15,37,"SGP50",2.50366199815052,3.1311701019568,0.341
"2850",8,15,38,"SGP50",3.35588020692882,3.20635807735962,0.2545
"2851",8,16,1,"BMA",4.43317716010637,3.66235579370109,0.698
"2852",8,16,2,"BMA",3.35935786371873,3.36961757899255,0.3055
"2853",8,16,3,"BMA",2.03250808259498,3.00942285854629,0.4635
"2854",8,16,4,"BMA",8.43049212335936,4.64366332549846,0.96
"2855",8,16,5,"BMA",7.76968260874507,3.99553654420943,0.924
"2856",8,16,6,"BMA",1.94941041905551,2.92796634970377,0.519
"2857",8,16,7,"BMA",4.02338679192443,3.26965266244171,0.8645
"2858",8,16,8,"BMA",1.55762211048567,2.63029599036751,0.6345
"2859",8,16,9,"BMA",2.07388193153717,2.8262000863239,0.257
"2860",8,16,10,"BMA",9.77078493102585,6.34576468357713,0.9975
"2861",8,16,11,"BMA",1.88982448075914,2.9342013372953,0.3625
"2862",8,16,12,"BMA",20.1853084837412,7.31320319003342,0.0065
"2863",8,16,13,"BMA",6.00568891488988,3.93529524119058,0.427
"2864",8,16,14,"BMA",5.67180694240375,4.05250878211558,0.36
"2865",8,16,15,"BMA",4.28916869181884,3.83109738957984,0.5795
"2866",8,16,16,"BMA",3.95264628825629,3.59870822680933,0.598
"2867",8,16,17,"BMA",6.64553943858128,3.83435790746043,0.805
"2868",8,16,18,"BMA",6.04927396307642,3.83845114182164,0.1895
"2869",8,16,19,"BMA",2.71883448413891,3.38310598527383,0.4515
"2870",8,16,20,"BMA",4.58594139104149,3.4808795129528,0.7475
"2871",8,16,21,"BMA",6.66080833024788,3.86905575365736,0.171
"2872",8,16,22,"BMA",6.12020517240947,3.73251484473356,0.171
"2873",8,16,23,"BMA",8.79016417699773,4.05058212014316,0.0905
"2874",8,16,24,"BMA",7.65640156521952,3.93569898672609,0.1115
"2875",8,16,25,"BMA",7.05854724370901,3.73781167246797,0.1295
"2876",8,16,26,"BMA",2.36997710197078,3.28962615048223,0.4465
"2877",8,16,27,"BMA",3.12545401176991,3.30481844102047,0.294
"2878",8,16,28,"BMA",2.36534087251413,3.09961504525208,0.3995
"2879",8,16,29,"BMA",1.96017660703549,3.02628762933228,0.455
"2880",8,16,30,"BMA",1.73292636040561,2.87679524306389,0.5015
"2881",8,16,31,"BMA",1.83509026582602,2.9329621438676,0.6505
"2882",8,16,32,"BMA",1.51044783673608,2.70446497311531,0.3995
"2883",8,16,33,"BMA",2.92286966301484,2.97103669806077,0.1555
"2884",8,16,34,"BMA",1.63376474948518,2.51339823276401,0.2875
"2885",8,16,35,"BMA",2.72837960581592,2.85146459804243,0.1195
"2886",8,16,36,"BMA",0.955483029755686,2.26640439772715,0.5705
"2887",8,16,37,"BMA",1.4958718735822,2.38925218403222,0.229
"2888",8,16,38,"BMA",0.750483316860007,2.11951815277884,0.4825
"2889",8,16,1,"AVS",4.43317716010637,3.68359591016259,0.71
"2890",8,16,2,"AVS",4.09053928802091,3.41911989749129,0.2835
"2891",8,16,3,"AVS",2.38082758617746,3.2947522671922,0.4925
"2892",8,16,4,"AVS",11.1195792426243,4.75456761902451,0.959
"2893",8,16,5,"AVS",5.40868628934687,3.81437510472401,0.9505
"2894",8,16,6,"AVS",1.42335935104611,2.75390216252129,0.4305
"2895",8,16,7,"AVS",3.7062290826283,3.08209326456891,0.874
"2896",8,16,8,"AVS",1.4202051419045,2.58354452634942,0.62
"2897",8,16,9,"AVS",2.11452717508626,2.79021429873872,0.2555
"2898",8,16,10,"AVS",9.75550413610528,6.90716309248327,0.999
"2899",8,16,11,"AVS",1.93584951019057,2.83015168355268,0.2965
"2900",8,16,12,"AVS",20.8802079416481,23.083893171612,0
"2901",8,16,13,"AVS",11.2272939220182,5.19791331451298,0.0215
"2902",8,16,14,"AVS",14.0705692563351,5.38744344619624,0.0275
"2903",8,16,15,"AVS",5.91894745347351,3.96681150212268,0.673
"2904",8,16,16,"AVS",6.13960185896809,3.87318752581513,0.774
"2905",8,16,17,"AVS",5.13279877526619,3.51905954765223,0.84
"2906",8,16,18,"AVS",18.3915588821142,7.18794373918244,0.002
"2907",8,16,19,"AVS",2.7335724773307,3.40702091256953,0.4215
"2908",8,16,20,"AVS",3.88563071096021,3.39799553910889,0.7295
"2909",8,16,21,"AVS",7.32022888795045,3.93436793704435,0.1305
"2910",8,16,22,"AVS",6.82853123749272,3.80442689565511,0.141
"2911",8,16,23,"AVS",9.08890136945019,4.12655717733455,0.0715
"2912",8,16,24,"AVS",7.75747893552985,4.00920352582112,0.098
"2913",8,16,25,"AVS",2.20226369388537,3.19583750127827,0.4715
"2914",8,16,26,"AVS",6.41779680485699,3.82765664503803,0.896
"2915",8,16,27,"AVS",2.04077820621624,3.05587593413079,0.5065
"2916",8,16,28,"AVS",2.32606158830363,3.11726252877007,0.6235
"2917",8,16,29,"AVS",1.93185249764951,3.05567539164567,0.5335
"2918",8,16,30,"AVS",1.77267822940085,2.95333623610844,0.542
"2919",8,16,31,"AVS",1.89452436762758,3.01349320953443,0.5675
"2920",8,16,32,"AVS",2.34357025437347,3.01711092702079,0.3545
"2921",8,16,33,"AVS",1.98569386105331,3.07890263219562,0.3625
"2922",8,16,34,"AVS",2.48147055046702,3.05008363501458,0.6845
"2923",8,16,35,"AVS",1.79866479923431,2.99658725805074,0.408
"2924",8,16,36,"AVS",3.50368799026335,3.21707864631152,0.793
"2925",8,16,37,"AVS",1.62539662291641,2.55268360087279,0.2445
"2926",8,16,38,"AVS",0.845715844315031,2.17044365386471,0.532
"2927",8,16,1,"EQW",4.43317716010637,3.6453408446252,0.709
"2928",8,16,2,"EQW",3.41316856313832,3.39328463796898,0.289
"2929",8,16,3,"EQW",2.41076297023527,3.14894674750157,0.4385
"2930",8,16,4,"EQW",7.82809346586266,4.34831501543392,0.89
"2931",8,16,5,"EQW",8.88473102288814,4.12721489414479,0.9065
"2932",8,16,6,"EQW",4.34842173187968,3.53374322479006,0.704
"2933",8,16,7,"EQW",8.15653287160199,3.91251723336826,0.8915
"2934",8,16,8,"EQW",6.27082403974813,3.54869832718169,0.7915
"2935",8,16,9,"EQW",4.20458698993733,3.42586987291682,0.6325
"2936",8,16,10,"EQW",15.1122399951417,5.08231858249419,0.97
"2937",8,16,11,"EQW",6.57026094956079,3.71925866848777,0.7
"2938",8,16,12,"EQW",7.48864269339861,4.30962197614085,0.29
"2939",8,16,13,"EQW",5.0644031078276,3.98638141661693,0.359
"2940",8,16,14,"EQW",6.29754842148242,4.04174136172199,0.275
"2941",8,16,15,"EQW",3.40338895510296,3.49079067821718,0.589
"2942",8,16,16,"EQW",3.54488170371688,3.54348587060452,0.6255
"2943",8,16,17,"EQW",8.71561041180703,3.95453060694539,0.857
"2944",8,16,18,"EQW",5.51270629408566,4.18760823852241,0.414
"2945",8,16,19,"EQW",5.12597938925382,3.72551760459711,0.748
"2946",8,16,20,"EQW",9.59151942321032,4.11524940904766,0.878
"2947",8,16,21,"EQW",4.7224014139093,3.95819909226505,0.4425
"2948",8,16,22,"EQW",3.68932976245872,3.66833594122485,0.4375
"2949",8,16,23,"EQW",4.54003489152436,3.70329951964242,0.3105
"2950",8,16,24,"EQW",3.80091198317811,3.59238908316098,0.3465
"2951",8,16,25,"EQW",3.79563207146042,3.46126820473599,0.3015
"2952",8,16,26,"EQW",2.78578456961576,3.35105312354956,0.602
"2953",8,16,27,"EQW",2.15622681995444,3.13198841454796,0.4785
"2954",8,16,28,"EQW",2.16210796106802,3.06327627114061,0.552
"2955",8,16,29,"EQW",2.06646377288357,3.11619708058832,0.5565
"2956",8,16,30,"EQW",2.05287570037743,3.07577918004404,0.603
"2957",8,16,31,"EQW",2.24032279418783,3.17597436844971,0.652
"2958",8,16,32,"EQW",1.91992779277304,2.98568914641485,0.4405
"2959",8,16,33,"EQW",2.26378770554922,2.94648009511164,0.324
"2960",8,16,34,"EQW",1.55110873831381,2.76569306820031,0.4925
"2961",8,16,35,"EQW",2.05701863838589,2.87657355859436,0.3095
"2962",8,16,36,"EQW",1.84577971752971,2.78939598462181,0.698
"2963",8,16,37,"EQW",1.72726752025707,2.64176122978369,0.3335
"2964",8,16,38,"EQW",1.35275128461158,2.60631365838013,0.5775
"2965",8,16,1,"SGP",4.43317716010637,3.6170929145252,0.6905
"2966",8,16,2,"SGP",2.35427712058728,3.2104094466775,0.3455
"2967",8,16,3,"SGP",1.47743078133645,2.64659831421328,0.3685
"2968",8,16,4,"SGP",7.03295108399161,4.70397989498697,0.9825
"2969",8,16,5,"SGP",5.51815096967592,3.76589638643345,0.9365
"2970",8,16,6,"SGP",1.44804344164955,2.70864622539954,0.4435
"2971",8,16,7,"SGP",3.78210082835186,3.15648630321913,0.884
"2972",8,16,8,"SGP",1.46327568507566,2.63378834328476,0.63
"2973",8,16,9,"SGP",2.08351265850753,2.72092924343386,0.25
"2974",8,16,10,"SGP",9.78790810477522,6.18335730214035,0.997
"2975",8,16,11,"SGP",1.92131838893681,2.88203834798094,0.2895
"2976",8,16,12,"SGP",20.6346427250218,8.78808512156229,0.0045
"2977",8,16,13,"SGP",11.1100617333037,4.8797975533894,0.027
"2978",8,16,14,"SGP",14.5017244166891,5.6255866591637,0.0125
"2979",8,16,15,"SGP",2.779282865835,3.25246962694909,0.6695
"2980",8,16,16,"SGP",1.91104394089327,3.05446374390348,0.4785
"2981",8,16,17,"SGP",4.84479589901613,3.45308460619316,0.8455
"2982",8,16,18,"SGP",18.2055530054635,6.927226599092,0.0055
"2983",8,16,19,"SGP",5.45968378778438,3.65126262912082,0.834
"2984",8,16,20,"SGP",6.56639813165713,3.74931054904943,0.8855
"2985",8,16,21,"SGP",8.25948535842827,4.00014354273335,0.086
"2986",8,16,22,"SGP",3.55417090141178,3.20375859489959,0.25
"2987",8,16,23,"SGP",4.33293830145305,3.44930929564554,0.2
"2988",8,16,24,"SGP",2.01028865450778,3.12298918301068,0.4725
"2989",8,16,25,"SGP",2.07604919032291,3.08462977301691,0.508
"2990",8,16,26,"SGP",6.35758743932061,3.76201702777572,0.8865
"2991",8,16,27,"SGP",2.03378446767626,3.07729105178475,0.5175
"2992",8,16,28,"SGP",2.33307393675287,3.07715609600812,0.6405
"2993",8,16,29,"SGP",1.94049109386358,3.01425954748587,0.5345
"2994",8,16,30,"SGP",1.78047823004067,2.99930433880008,0.536
"2995",8,16,31,"SGP",1.90844630663079,3.05070209710766,0.5415
"2996",8,16,32,"SGP",2.40715061815425,3.05229585351574,0.3425
"2997",8,16,33,"SGP",1.94620357734158,3.16203707841603,0.4385
"2998",8,16,34,"SGP",2.67424673929951,3.11828835079618,0.719
"2999",8,16,35,"SGP",1.76541843295661,2.94828165005685,0.441
"3000",8,16,36,"SGP",3.91027821024634,3.43040276160737,0.808
"3001",8,16,37,"SGP",2.25579649171452,3.02789743397074,0.3155
"3002",8,16,38,"SGP",2.25186905633855,3.06505450575324,0.663
"3003",8,16,1,"SGP50",4.43317716010637,3.70438725636809,0.71
"3004",8,16,2,"SGP50",3.34715059576464,3.4104526893845,0.2955
"3005",8,16,3,"SGP50",2.31445420407815,3.13312884976739,0.431
"3006",8,16,4,"SGP50",8.01298496055021,4.18521744247442,0.8905
"3007",8,16,5,"SGP50",8.71383528514954,4.16503033789919,0.92
"3008",8,16,6,"SGP50",3.83655425634551,3.37897726607341,0.6605
"3009",8,16,7,"SGP50",7.21522479815629,3.75734344233378,0.881
"3010",8,16,8,"SGP50",4.68112776439048,3.34744528652319,0.7695
"3011",8,16,9,"SGP50",2.88293273450756,3.28078930738138,0.5425
"3012",8,16,10,"SGP50",12.6240184948053,5.33556009973906,0.9805
"3013",8,16,11,"SGP50",3.4484595212441,3.36103525757847,0.5865
"3014",8,16,12,"SGP50",11.7492543278926,4.64771399441694,0.144
"3015",8,16,13,"SGP50",6.74531239842121,4.19714552483408,0.2165
"3016",8,16,14,"SGP50",9.25566092781432,4.40572197063737,0.153
"3017",8,16,15,"SGP50",2.88288584011674,3.35513854602839,0.6005
"3018",8,16,16,"SGP50",2.5335112117269,3.32102318438044,0.5215
"3019",8,16,17,"SGP50",5.9176521072364,3.69814731953051,0.8435
"3020",8,16,18,"SGP50",9.90977446466755,4.55273345166695,0.182
"3021",8,16,19,"SGP50",4.29622328978316,3.62796143978676,0.725
"3022",8,16,20,"SGP50",6.85613459530399,3.74477482453264,0.8515
"3023",8,16,21,"SGP50",5.86546510499315,3.99696249226183,0.203
"3024",8,16,22,"SGP50",3.79525574880327,3.47411365826443,0.2965
"3025",8,16,23,"SGP50",5.17104310705831,3.6367340897896,0.211
"3026",8,16,24,"SGP50",3.17725930690281,3.40450849293491,0.361
"3027",8,16,25,"SGP50",2.98836797168387,3.31163286631557,0.3755
"3028",8,16,26,"SGP50",3.87165086456544,3.50300215168986,0.7005
"3029",8,16,27,"SGP50",2.16197218367318,3.15627043028646,0.446
"3030",8,16,28,"SGP50",2.18024409088553,3.07543033661319,0.5575
"3031",8,16,29,"SGP50",1.97858474063787,3.0585055417032,0.5265
"3032",8,16,30,"SGP50",1.9011188697842,3.0415119734027,0.548
"3033",8,16,31,"SGP50",1.99397779009108,3.11617237052578,0.558
"3034",8,16,32,"SGP50",2.32070487768346,3.03196825134004,0.3605
"3035",8,16,33,"SGP50",2.29294992914715,3.1226885285667,0.3495
"3036",8,16,34,"SGP50",1.90995763947895,2.9938290618586,0.5685
"3037",8,16,35,"SGP50",1.98781483732592,2.94579249881978,0.352
"3038",8,16,36,"SGP50",2.57262553733736,3.01790311009898,0.71
"3039",8,16,37,"SGP50",2.06794727058545,2.85808258431028,0.3125
"3040",8,16,38,"SGP50",1.67003691395991,2.77321186383785,0.5995
"3041",8,17,1,"BMA",2.66696860099655,3.33047536162618,0.6995
"3042",8,17,2,"BMA",3.40201775531899,3.40800782103244,0.801
"3043",8,17,3,"BMA",3.4683748556316,3.40246229652907,0.845
"3044",8,17,4,"BMA",12.5521460169414,5.45497242984719,0.9765
"3045",8,17,5,"BMA",7.21701152224423,4.04102843233767,0.797
"3046",8,17,6,"BMA",10.9992448228853,4.28615501752851,0.866
"3047",8,17,7,"BMA",3.80033104262892,3.68613228714956,0.569
"3048",8,17,8,"BMA",5.84801497595544,3.78405116697601,0.2385
"3049",8,17,9,"BMA",3.65443531917018,3.54544547544779,0.531
"3050",8,17,10,"BMA",4.11440937370085,3.69323902041386,0.5735
"3051",8,17,11,"BMA",11.2092744537542,4.34283372884998,0.884
"3052",8,17,12,"BMA",16.5327026617422,4.76806342433397,0.952
"3053",8,17,13,"BMA",9.92189903352076,4.06693068807868,0.862
"3054",8,17,14,"BMA",9.2422866564375,4.11819313535616,0.862
"3055",8,17,15,"BMA",3.13097056525252,3.54099847474563,0.419
"3056",8,17,16,"BMA",5.10830152154036,3.58637945181177,0.7635
"3057",8,17,17,"BMA",7.97194175620101,4.21548186677648,0.111
"3058",8,17,18,"BMA",10.2505206081938,4.16889614209107,0.11
"3059",8,17,19,"BMA",4.49189423959182,3.63047745516766,0.302
"3060",8,17,20,"BMA",2.75161502974042,3.26520382437173,0.3755
"3061",8,17,21,"BMA",2.09469792183606,3.0926567073465,0.5125
"3062",8,17,22,"BMA",1.95792608328898,2.98654144259204,0.513
"3063",8,17,23,"BMA",1.79189858441679,3.00409543351273,0.539
"3064",8,17,24,"BMA",5.49296234927372,3.58440718394865,0.0835
"3065",8,17,25,"BMA",5.5606613621138,3.72579062313901,0.066
"3066",8,17,26,"BMA",1.69173339630209,2.54385634972614,0.349
"3067",8,17,27,"BMA",1.4190893385442,2.47163798507148,0.354
"3068",8,17,28,"BMA",1.15439517337582,2.42106014629736,0.645
"3069",8,17,29,"BMA",2.53739832590945,3.03449016764513,0.854
"3070",8,17,30,"BMA",4.57743316902313,3.59215014451062,0.95
"3071",8,17,31,"BMA",5.97478917682437,4.54496298633866,0.98
"3072",8,17,32,"BMA",3.9558588161047,3.65571186729879,0.9325
"3073",8,17,33,"BMA",1.56468086853774,2.60746227737427,0.7885
"3074",8,17,34,"BMA",1.48129165808801,2.40898779866652,0.757
"3075",8,17,35,"BMA",0.880163585382968,2.24345986932604,0.605
"3076",8,17,36,"BMA",0.912179652594126,2.17278405509239,0.346
"3077",8,17,37,"BMA",0.78275429999814,2.16518772401639,0.595
"3078",8,17,38,"BMA",3.30658616471943,3.34565178471209,0.047
"3079",8,17,1,"AVS",2.66696860099655,3.24935694193723,0.6805
"3080",8,17,2,"AVS",3.83101038418637,3.41134029450684,0.905
"3081",8,17,3,"AVS",4.29765165281918,3.62269766759391,0.907
"3082",8,17,4,"AVS",12.8244661520863,5.85688958316284,0.9725
"3083",8,17,5,"AVS",8.1779923322315,4.03380109376662,0.8525
"3084",8,17,6,"AVS",8.37956361623488,4.51332456003374,0.9325
"3085",8,17,7,"AVS",3.14166359395501,3.53687674649406,0.429
"3086",8,17,8,"AVS",6.30770854624683,3.88299326255605,0.227
"3087",8,17,9,"AVS",3.62149719237046,3.57529763543557,0.52
"3088",8,17,10,"AVS",4.09817126699702,3.73019994563137,0.553
"3089",8,17,11,"AVS",11.1866317593767,4.35741246397884,0.875
"3090",8,17,12,"AVS",2.65521633603743,3.01252946736539,0.747
"3091",8,17,13,"AVS",6.6901543783645,3.89265529319223,0.0475
"3092",8,17,14,"AVS",3.16304052069334,3.18079929771444,0.1935
"3093",8,17,15,"AVS",14.5603506196538,6.45269168963356,5e-04
"3094",8,17,16,"AVS",11.1208061849117,5.04451690624863,0.98
"3095",8,17,17,"AVS",21.5426992048098,8.99852280268215,0
"3096",8,17,18,"AVS",10.2659381157817,4.33503562702934,0.0985
"3097",8,17,19,"AVS",4.81776670979794,3.69226165620609,0.259
"3098",8,17,20,"AVS",2.73788022064216,3.25557530854194,0.3755
"3099",8,17,21,"AVS",2.07370807566862,3.04525829546111,0.527
"3100",8,17,22,"AVS",1.94269110630464,2.99192393583111,0.5265
"3101",8,17,23,"AVS",1.7866711767583,2.9902623275635,0.538
"3102",8,17,24,"AVS",5.45825970987448,3.63743945617151,0.0805
"3103",8,17,25,"AVS",5.50509456622699,3.62543739909232,0.0715
"3104",8,17,26,"AVS",1.68268721015092,2.78053844425238,0.456
"3105",8,17,27,"AVS",1.41798389663996,2.4752022776924,0.3435
"3106",8,17,28,"AVS",1.15455585552401,2.42627090499603,0.622
"3107",8,17,29,"AVS",2.53759531722111,2.99195174461521,0.8425
"3108",8,17,30,"AVS",4.57692944653771,3.56655618094162,0.948
"3109",8,17,31,"AVS",5.94185193955503,4.3332407779154,0.976
"3110",8,17,32,"AVS",2.54291293267543,3.38875160782004,0.715
"3111",8,17,33,"AVS",1.33488301636807,2.68673760291185,0.5735
"3112",8,17,34,"AVS",1.64115514348403,2.61690111889789,0.713
"3113",8,17,35,"AVS",1.02559608190426,2.37857690792888,0.5725
"3114",8,17,36,"AVS",1.02000477889993,2.25330767156082,0.3525
"3115",8,17,37,"AVS",0.866447234688615,2.23806137479872,0.6065
"3116",8,17,38,"AVS",3.28129490061976,3.26543326287928,0.0605
"3117",8,17,1,"EQW",2.66696860099655,3.25579735839628,0.6825
"3118",8,17,2,"EQW",3.15430308357522,3.39834344847009,0.7565
"3119",8,17,3,"EQW",2.90911182354934,3.28743404173886,0.8
"3120",8,17,4,"EQW",12.1219541719618,5.51112488640953,0.964
"3121",8,17,5,"EQW",5.75255178917792,3.71229514555667,0.838
"3122",8,17,6,"EQW",12.7754311777126,4.91463813342625,0.9435
"3123",8,17,7,"EQW",6.14378089384163,3.92204767711777,0.6535
"3124",8,17,8,"EQW",4.77322574940834,4.01048652564273,0.4765
"3125",8,17,9,"EQW",5.59267152324357,3.6897512226041,0.7655
"3126",8,17,10,"EQW",3.59291005516301,3.62222585765258,0.4925
"3127",8,17,11,"EQW",7.02761350227926,3.72175436931951,0.8445
"3128",8,17,12,"EQW",8.23704541779399,3.76706158172925,0.8645
"3129",8,17,13,"EQW",4.48759352217163,3.84225641049866,0.5965
"3130",8,17,14,"EQW",4.21162483591993,3.64324167899759,0.6165
"3131",8,17,15,"EQW",5.47875784189067,3.87112798011478,0.2765
"3132",8,17,16,"EQW",6.32597071636982,3.83988948475539,0.8225
"3133",8,17,17,"EQW",10.1088069972736,4.31955038196849,0.1235
"3134",8,17,18,"EQW",9.03735615668274,4.11878797682034,0.112
"3135",8,17,19,"EQW",3.65973718413204,3.48054598961969,0.3385
"3136",8,17,20,"EQW",3.51684077506016,3.42112268719955,0.301
"3137",8,17,21,"EQW",2.79574549127236,3.28787348446511,0.393
"3138",8,17,22,"EQW",2.81201849653303,3.26101017625592,0.384
"3139",8,17,23,"EQW",2.70236975914241,3.2356073744997,0.3635
"3140",8,17,24,"EQW",7.704934359413,4.00151606304109,0.0635
"3141",8,17,25,"EQW",4.97870581178034,3.60248771727462,0.223
"3142",8,17,26,"EQW",2.86289716875611,3.44198403647853,0.4205
"3143",8,17,27,"EQW",2.54073237639037,3.04588540368979,0.343
"3144",8,17,28,"EQW",1.82106668645018,2.95396633927824,0.5
"3145",8,17,29,"EQW",1.88834178847139,2.99048782267267,0.61
"3146",8,17,30,"EQW",2.32508347627429,3.11293359098566,0.663
"3147",8,17,31,"EQW",2.79408530925014,3.31045800405003,0.704
"3148",8,17,32,"EQW",2.2113410162874,3.30280630592816,0.565
"3149",8,17,33,"EQW",1.68904611485401,2.90216541705661,0.576
"3150",8,17,34,"EQW",1.99150182364622,2.96836110935541,0.6805
"3151",8,17,35,"EQW",1.67358245101223,2.79064305213802,0.6185
"3152",8,17,36,"EQW",1.44980996738896,2.72327291532418,0.5045
"3153",8,17,37,"EQW",2.03362959468173,2.83718025546434,0.7015
"3154",8,17,38,"EQW",2.12389054740938,2.98790123362856,0.3095
"3155",8,17,1,"SGP",2.66696860099655,3.28973227173655,0.709
"3156",8,17,2,"SGP",3.83534903205872,3.33994124552816,0.8945
"3157",8,17,3,"SGP",3.98316972967724,3.38657467349111,0.919
"3158",8,17,4,"SGP",13.0755359102861,7.66626523614292,0.998
"3159",8,17,5,"SGP",3.42491730392492,3.20780231664144,0.8455
"3160",8,17,6,"SGP",9.33427109877094,5.37583134841359,0.987
"3161",8,17,7,"SGP",3.99023289781722,3.36825964661705,0.1685
"3162",8,17,8,"SGP",9.60389348596442,5.04454670191105,0.022
"3163",8,17,9,"SGP",3.16246657659179,3.10752692288894,0.786
"3164",8,17,10,"SGP",4.97005805561638,3.53295005905813,0.1115
"3165",8,17,11,"SGP",2.3069580242901,2.8810501693411,0.72
"3166",8,17,12,"SGP",2.46506057610645,2.94729415247799,0.723
"3167",8,17,13,"SGP",6.56559977060545,3.9333945785943,0.0625
"3168",8,17,14,"SGP",3.12541968135657,3.1518410700302,0.203
"3169",8,17,15,"SGP",14.4175574890914,7.13030087144624,0.006
"3170",8,17,16,"SGP",11.0346667040133,4.90099550956664,0.982
"3171",8,17,17,"SGP",21.457207708203,7.68343636300597,0.002
"3172",8,17,18,"SGP",14.3968782516438,5.09610738857745,0.0185
"3173",8,17,19,"SGP",2.31148958773165,3.11993840619281,0.6505
"3174",8,17,20,"SGP",1.86751239462141,2.94168823974489,0.537
"3175",8,17,21,"SGP",1.96424865791408,2.91762909621314,0.5455
"3176",8,17,22,"SGP",1.65597339703776,3.02638814363326,0.5195
"3177",8,17,23,"SGP",1.72856303005601,3.00142736948382,0.5185
"3178",8,17,24,"SGP",4.53934023605255,3.42634419504067,0.1375
"3179",8,17,25,"SGP",1.98304069444112,2.95937574472535,0.6125
"3180",8,17,26,"SGP",7.65013823298047,4.05035956881874,0.9345
"3181",8,17,27,"SGP",1.8532895427542,2.89804265312123,0.592
"3182",8,17,28,"SGP",2.12574498268129,3.04109854193541,0.686
"3183",8,17,29,"SGP",2.25963354524356,2.98631169873868,0.6795
"3184",8,17,30,"SGP",1.79432185108685,2.93560342677115,0.6015
"3185",8,17,31,"SGP",1.57473171983635,2.96183986343041,0.516
"3186",8,17,32,"SGP",3.1810125487042,3.16579886594842,0.193
"3187",8,17,33,"SGP",1.92450598763989,2.88272612164995,0.359
"3188",8,17,34,"SGP",2.03263507357012,2.89881566491619,0.664
"3189",8,17,35,"SGP",1.47532323818221,2.73255026622225,0.549
"3190",8,17,36,"SGP",1.66887157675641,2.78969403357702,0.4045
"3191",8,17,37,"SGP",2.20908897959626,2.93646348007997,0.728
"3192",8,17,38,"SGP",2.77691369852808,3.1396637624334,0.233
"3193",8,17,1,"SGP50",2.66696860099655,3.25660098499081,0.6985
"3194",8,17,2,"SGP50",3.20183945076105,3.43306523856071,0.7565
"3195",8,17,3,"SGP50",2.95321004590214,3.21787244360655,0.8185
"3196",8,17,4,"SGP50",12.2540301723153,5.33867789299256,0.9695
"3197",8,17,5,"SGP50",5.48248783075459,3.59769598652729,0.8285
"3198",8,17,6,"SGP50",12.264957475105,4.82382603006491,0.9455
"3199",8,17,7,"SGP50",5.07512844241597,3.86644520766243,0.605
"3200",8,17,8,"SGP50",4.66358441328095,4.03252002139482,0.401
"3201",8,17,9,"SGP50",4.7337374567849,3.51589570831817,0.7425
"3202",8,17,10,"SGP50",3.25454952521434,3.58206021905341,0.4435
"3203",8,17,11,"SGP50",5.5329801293576,3.54548347149973,0.829
"3204",8,17,12,"SGP50",5.97595863338582,3.54237629043165,0.8315
"3205",8,17,13,"SGP50",3.72484076191598,3.77885615342024,0.398
"3206",8,17,14,"SGP50",2.8273456820534,3.35612717258949,0.467
"3207",8,17,15,"SGP50",8.49843090214157,4.37481507701877,0.144
"3208",8,17,16,"SGP50",7.34383259132848,4.01112051256959,0.8565
"3209",8,17,17,"SGP50",14.4330763385135,4.98120878581488,0.063
"3210",8,17,18,"SGP50",10.8074435570374,4.35892582937256,0.0855
"3211",8,17,19,"SGP50",2.96218442747526,3.33395627961667,0.4135
"3212",8,17,20,"SGP50",2.97297537133693,3.27164502833231,0.3535
"3213",8,17,21,"SGP50",2.46317935950887,3.19307314826877,0.4255
"3214",8,17,22,"SGP50",2.41895309297565,3.14194337519466,0.393
"3215",8,17,23,"SGP50",2.34469502494364,3.16567463578005,0.3995
"3216",8,17,24,"SGP50",6.39498120488625,3.76666046549589,0.101
"3217",8,17,25,"SGP50",2.88574313409345,3.43985823775677,0.3745
"3218",8,17,26,"SGP50",3.61685339735922,3.56281284152718,0.6605
"3219",8,17,27,"SGP50",1.96066441033169,3.01551267525764,0.457
"3220",8,17,28,"SGP50",1.82107268450817,3.00389307235849,0.5575
"3221",8,17,29,"SGP50",2.06822848433628,3.07211042996857,0.6405
"3222",8,17,30,"SGP50",2.12691826990519,3.07565416223424,0.624
"3223",8,17,31,"SGP50",2.20953211334502,3.17028705331051,0.6325
"3224",8,17,32,"SGP50",2.19757834695463,3.16533615483873,0.4045
"3225",8,17,33,"SGP50",1.67390711125477,2.79944173585697,0.4815
"3226",8,17,34,"SGP50",1.92666329082937,2.92761280819746,0.641
"3227",8,17,35,"SGP50",1.52106049068962,2.77513271075871,0.579
"3228",8,17,36,"SGP50",1.48609219412241,2.70259700377515,0.462
"3229",8,17,37,"SGP50",1.90852051862747,2.82011075250697,0.696
"3230",8,17,38,"SGP50",2.50556260976987,3.02585921640102,0.2405
"3231",8,18,1,"BMA",0.699855443606265,2.03087716083941,0.5365
"3232",8,18,2,"BMA",3.77992558143513,4.06668505055966,0.9245
"3233",8,18,3,"BMA",2.16814644869872,2.68067231125578,0.2255
"3234",8,18,4,"BMA",1.39496226870238,2.66286033805523,0.6815
"3235",8,18,5,"BMA",2.170701253661,2.82063786132712,0.789
"3236",8,18,6,"BMA",5.21005622702442,3.7680910376102,0.0315
"3237",8,18,7,"BMA",3.07356856260883,3.03041120033866,0.1125
"3238",8,18,8,"BMA",3.62022831000227,3.31722784259509,0.071
"3239",8,18,9,"BMA",2.93017890365551,2.98985259510609,0.103
"3240",8,18,10,"BMA",0.778065138230162,2.08904326688258,0.4415
"3241",8,18,11,"BMA",1.32978650482402,2.44416358308438,0.785
"3242",8,18,12,"BMA",3.87279116567343,3.62446074863891,0.948
"3243",8,18,13,"BMA",7.36213646594829,4.4624646825771,0.982
"3244",8,18,14,"BMA",1.82283094875776,2.58359003377737,0.703
"3245",8,18,15,"BMA",3.30125055888304,3.20721435475821,0.917
"3246",8,18,16,"BMA",4.23637655001324,3.58232844461433,0.9555
"3247",8,18,17,"BMA",9.81785929248869,6.56516167588244,0.9965
"3248",8,18,18,"BMA",1.10492837725097,2.51076661323785,0.5115
"3249",8,18,19,"BMA",1.18078356963132,2.49567181310323,0.4255
"3250",8,18,20,"BMA",5.66652957383072,3.99107208178589,0.0445
"3251",8,18,21,"BMA",1.18762638087573,2.49178707805923,0.424
"3252",8,18,22,"BMA",1.42051932709887,2.47890185932421,0.3035
"3253",8,18,23,"BMA",1.85356840297302,2.62155405638601,0.7225
"3254",8,18,24,"BMA",1.7883964999089,2.7462088617321,0.254
"3255",8,18,25,"BMA",5.65110965565515,3.75180149959873,0.963
"3256",8,18,26,"BMA",2.43971019086767,2.8882178927928,0.8255
"3257",8,18,27,"BMA",2.46135250849262,2.81614993884415,0.806
"3258",8,18,28,"BMA",1.41980433927936,2.4983920519303,0.653
"3259",8,18,29,"BMA",1.05268514918272,2.41167752245636,0.5145
"3260",8,18,30,"BMA",2.57181615145941,2.86729147505348,0.204
"3261",8,18,31,"BMA",1.38915441632309,2.55841283353447,0.6965
"3262",8,18,32,"BMA",7.76332625884491,5.31413594437198,0.989
"3263",8,18,33,"BMA",1.78976596528242,2.69553644615956,0.244
"3264",8,18,34,"BMA",1.86923965182579,2.70468962161993,0.2545
"3265",8,18,35,"BMA",11.3811845532782,7.12813819961824,0.0025
"3266",8,18,36,"BMA",5.23903896416006,3.77922045720159,0.9375
"3267",8,18,37,"BMA",2.49694551773074,2.95075170011077,0.204
"3268",8,18,38,"BMA",1.82572620903263,2.64771207241118,0.6915
"3269",8,18,1,"AVS",0.699855443606265,1.95377612823395,0.5305
"3270",8,18,2,"AVS",3.92931509786207,4.03557340825397,0.959
"3271",8,18,3,"AVS",2.5082899139609,2.80953477613766,0.1685
"3272",8,18,4,"AVS",1.67923945401612,2.7440674011218,0.738
"3273",8,18,5,"AVS",2.17495860219701,2.82045325133714,0.783
"3274",8,18,6,"AVS",5.4133691904703,3.90576639855046,0.0385
"3275",8,18,7,"AVS",3.24721004697327,3.02631106062321,0.1025
"3276",8,18,8,"AVS",3.40797492603984,3.18291964696011,0.069
"3277",8,18,9,"AVS",2.33433935980191,2.78534245499678,0.1595
"3278",8,18,10,"AVS",0.849736735286895,2.22313375075496,0.566
"3279",8,18,11,"AVS",1.21147655440012,2.33851785544219,0.7415
"3280",8,18,12,"AVS",2.66009157989798,2.84849423284319,0.872
"3281",8,18,13,"AVS",5.10212952075404,4.03557196323696,0.9785
"3282",8,18,14,"AVS",0.972813862843557,2.28587139116812,0.606
"3283",8,18,15,"AVS",3.14155226082904,3.16209663844567,0.929
"3284",8,18,16,"AVS",4.17010833292576,3.48489469145774,0.949
"3285",8,18,17,"AVS",9.78260588467123,5.83619091214278,0.993
"3286",8,18,18,"AVS",1.07599133792188,2.5308655451015,0.524
"3287",8,18,19,"AVS",1.1795752618199,2.47671746226347,0.421
"3288",8,18,20,"AVS",5.67768758161174,4.04894357036935,0.0335
"3289",8,18,21,"AVS",1.18423013511866,2.51893441505847,0.4095
"3290",8,18,22,"AVS",1.41910960068759,2.58823158372959,0.317
"3291",8,18,23,"AVS",1.85240125135119,2.64447752624765,0.7485
"3292",8,18,24,"AVS",1.79027770964189,2.69675965919844,0.27
"3293",8,18,25,"AVS",5.65150631261981,3.94894750309424,0.9635
"3294",8,18,26,"AVS",2.43175824179995,2.94407911713797,0.8185
"3295",8,18,27,"AVS",2.45835037306234,2.82198034309072,0.8115
"3296",8,18,28,"AVS",1.41929739212438,2.5109391346303,0.6535
"3297",8,18,29,"AVS",1.05265514537599,2.42611151856768,0.505
"3298",8,18,30,"AVS",2.57182980955298,2.91938798902694,0.1935
"3299",8,18,31,"AVS",1.38914998664931,2.53475039632157,0.672
"3300",8,18,32,"AVS",7.76332712891172,5.28684441058165,0.992
"3301",8,18,33,"AVS",1.78976409746873,2.71899662844451,0.252
"3302",8,18,34,"AVS",1.86923394202205,2.69349225725987,0.249
"3303",8,18,35,"AVS",11.3811696669018,6.90866073940001,0.0015
"3304",8,18,36,"AVS",5.23907770187902,3.65486657006246,0.933
"3305",8,18,37,"AVS",2.49696127191727,2.89529257976301,0.2245
"3306",8,18,38,"AVS",1.82572650098377,2.76642122367363,0.711
"3307",8,18,1,"EQW",0.699855443606265,2.0448245896112,0.534
"3308",8,18,2,"EQW",3.23570964894355,3.64552613230502,0.89
"3309",8,18,3,"EQW",2.09584595239975,2.72182968298686,0.1705
"3310",8,18,4,"EQW",1.83091172724364,2.77571372077562,0.7805
"3311",8,18,5,"EQW",2.46942935253244,2.91678330427494,0.872
"3312",8,18,6,"EQW",5.47576830861257,4.19059492379771,0.0255
"3313",8,18,7,"EQW",1.80063620131529,2.61550073700966,0.256
"3314",8,18,8,"EQW",2.60338634193978,2.92493805855012,0.141
"3315",8,18,9,"EQW",2.72048523090713,2.92066666800653,0.113
"3316",8,18,10,"EQW",0.790484348682269,2.08181655418638,0.4525
"3317",8,18,11,"EQW",1.16251565444831,2.27854629697157,0.704
"3318",8,18,12,"EQW",3.21783891751559,3.08214163021263,0.9175
"3319",8,18,13,"EQW",7.38003396665646,4.99180731351146,0.9895
"3320",8,18,14,"EQW",3.51099568293465,3.07661115096119,0.8365
"3321",8,18,15,"EQW",7.02216816286361,3.99889456958102,0.9505
"3322",8,18,16,"EQW",6.97483972998945,4.27920685580232,0.9595
"3323",8,18,17,"EQW",12.637184121368,6.75225912479768,0.997
"3324",8,18,18,"EQW",3.45983788604131,3.13371350098887,0.6655
"3325",8,18,19,"EQW",2.36262971753357,3.05137034820693,0.574
"3326",8,18,20,"EQW",3.59689521415284,3.5917210826023,0.258
"3327",8,18,21,"EQW",1.57567116949522,2.80904929909755,0.4255
"3328",8,18,22,"EQW",1.76881072787324,2.79188830030188,0.377
"3329",8,18,23,"EQW",1.90214973021167,2.90343805481735,0.661
"3330",8,18,24,"EQW",1.90321657289841,2.87318050728505,0.322
"3331",8,18,25,"EQW",4.6757124714434,3.82600209132499,0.8525
"3332",8,18,26,"EQW",3.43186326602115,3.17322829181649,0.8165
"3333",8,18,27,"EQW",3.88683084134978,3.26736688441612,0.823
"3334",8,18,28,"EQW",3.08906757506252,3.02976226703718,0.7225
"3335",8,18,29,"EQW",2.31704391501833,2.93381609085578,0.6215
"3336",8,18,30,"EQW",2.18651727333987,3.16640706379742,0.3905
"3337",8,18,31,"EQW",2.02738055948839,2.85369409137763,0.667
"3338",8,18,32,"EQW",7.74729494480955,4.47486363566335,0.9375
"3339",8,18,33,"EQW",2.44463604297765,3.19435341217165,0.514
"3340",8,18,34,"EQW",2.11326840535643,3.10809059619683,0.438
"3341",8,18,35,"EQW",8.20079692204524,4.12321426593927,0.103
"3342",8,18,36,"EQW",3.34905685119092,3.55316159946343,0.742
"3343",8,18,37,"EQW",2.3693692502536,3.00645370533078,0.3085
"3344",8,18,38,"EQW",1.86895907162388,2.89872120503811,0.622
"3345",8,18,1,"SGP",0.699855443606265,1.93662774977814,0.517
"3346",8,18,2,"SGP",3.96254556148085,4.26269461323601,0.956
"3347",8,18,3,"SGP",2.23632923512038,2.88231173763927,0.1285
"3348",8,18,4,"SGP",2.35376053086744,2.80086997946348,0.8705
"3349",8,18,5,"SGP",2.6114606061231,2.86425414615503,0.9
"3350",8,18,6,"SGP",5.98763036628933,4.57636803335234,0.0115
"3351",8,18,7,"SGP",1.1767999893233,2.36793420597782,0.351
"3352",8,18,8,"SGP",1.89437802948544,2.52072557374826,0.211
"3353",8,18,9,"SGP",2.4590732257123,2.78340518794232,0.1695
"3354",8,18,10,"SGP",0.826832778333952,2.17464392088501,0.5325
"3355",8,18,11,"SGP",1.06756674291184,2.23458866928563,0.693
"3356",8,18,12,"SGP",2.35008014428961,2.80314337508838,0.878
"3357",8,18,13,"SGP",5.71871639882521,4.36493513990403,0.984
"3358",8,18,14,"SGP",1.4799677863178,2.4204096797363,0.7225
"3359",8,18,15,"SGP",4.87397492539157,3.50623002659438,0.94
"3360",8,18,16,"SGP",4.36711089285086,3.55477910431939,0.952
"3361",8,18,17,"SGP",9.90530292919598,6.59548078992692,0.997
"3362",8,18,18,"SGP",1.1011686054639,2.47810983820521,0.5095
"3363",8,18,19,"SGP",1.19885352582972,2.46824990136388,0.3995
"3364",8,18,20,"SGP",5.66248295904777,4.01701001763554,0.0335
"3365",8,18,21,"SGP",1.18594572660416,2.48656207039777,0.4215
"3366",8,18,22,"SGP",1.41994059910571,2.55581123662357,0.34
"3367",8,18,23,"SGP",1.84926113069069,2.6422209454328,0.7475
"3368",8,18,24,"SGP",1.79272781388977,2.6930865713008,0.2525
"3369",8,18,25,"SGP",5.6323836929981,3.91908738257268,0.9685
"3370",8,18,26,"SGP",2.44260370354442,2.84072092766736,0.821
"3371",8,18,27,"SGP",2.47713382736411,2.89284013202181,0.8035
"3372",8,18,28,"SGP",1.41625559912295,2.5888195950793,0.6575
"3373",8,18,29,"SGP",1.0656191340159,2.36151879574553,0.503
"3374",8,18,30,"SGP",2.58235391859333,2.88852407978769,0.1915
"3375",8,18,31,"SGP",1.37160440180476,2.59609988337856,0.681
"3376",8,18,32,"SGP",7.69003709896297,5.43170514311169,0.9895
"3377",8,18,33,"SGP",1.83140372164081,2.66204008970192,0.25
"3378",8,18,34,"SGP",1.89717411788268,2.69086653673806,0.253
"3379",8,18,35,"SGP",11.403173361194,6.9603721197262,0.0035
"3380",8,18,36,"SGP",5.2336037994415,3.69054512928545,0.943
"3381",8,18,37,"SGP",2.47981437013852,2.84720615697565,0.213
"3382",8,18,38,"SGP",1.82574553012634,2.70958271052214,0.689
"3383",8,18,1,"SGP50",0.699855443606265,1.99922806996001,0.545
"3384",8,18,2,"SGP50",3.26081587965863,3.55166420583891,0.885
"3385",8,18,3,"SGP50",2.09486514459862,2.78050933823783,0.181
"3386",8,18,4,"SGP50",1.85444386833822,2.7514162630704,0.782
"3387",8,18,5,"SGP50",2.48225606622979,2.92499216743203,0.872
"3388",8,18,6,"SGP50",5.49107687234975,3.92291749948298,0.036
"3389",8,18,7,"SGP50",1.76286975259625,2.5543097718077,0.2485
"3390",8,18,8,"SGP50",2.55947219834709,2.79076342288416,0.148
"3391",8,18,9,"SGP50",2.70732743377631,2.9426078125995,0.139
"3392",8,18,10,"SGP50",0.792761390437999,2.22379820091392,0.454
"3393",8,18,11,"SGP50",1.15148928544748,2.357550947351,0.703
"3394",8,18,12,"SGP50",3.1603568322202,3.06598967609299,0.9175
"3395",8,18,13,"SGP50",7.26434525237739,4.88406139623325,0.992
"3396",8,18,14,"SGP50",3.32257078479056,2.97201518425915,0.825
"3397",8,18,15,"SGP50",6.87795644364116,4.06219438887162,0.9505
"3398",8,18,16,"SGP50",6.69588394745177,4.12334467727447,0.96
"3399",8,18,17,"SGP50",12.1926733568295,6.52246282815433,0.995
"3400",8,18,18,"SGP50",2.76182467195298,2.98936661610248,0.627
"3401",8,18,19,"SGP50",1.92600387556718,2.84110409350871,0.5315
"3402",8,18,20,"SGP50",4.14801951306782,3.62242941462828,0.207
"3403",8,18,21,"SGP50",1.43229402402435,2.76279251451349,0.4445
"3404",8,18,22,"SGP50",1.63056574603992,2.73798700733868,0.353
"3405",8,18,23,"SGP50",1.86773867835911,2.84670834490461,0.6965
"3406",8,18,24,"SGP50",1.80745043380243,2.78217379516238,0.2905
"3407",8,18,25,"SGP50",5.05371338728962,3.80738964784317,0.9005
"3408",8,18,26,"SGP50",3.10149035200477,3.08688115628154,0.819
"3409",8,18,27,"SGP50",3.37296500543371,3.21490538329205,0.8395
"3410",8,18,28,"SGP50",2.25552939268092,2.78804942457654,0.707
"3411",8,18,29,"SGP50",1.67574800721533,2.75506343254988,0.568
"3412",8,18,30,"SGP50",2.25321863206257,3.15277357572123,0.2975
"3413",8,18,31,"SGP50",1.64065350304124,2.68161683573953,0.659
"3414",8,18,32,"SGP50",7.51307322239369,4.93481682698454,0.968
"3415",8,18,33,"SGP50",1.9734184701393,2.97664511630604,0.373
"3416",8,18,34,"SGP50",1.93037585552247,2.84670945095294,0.34
"3417",8,18,35,"SGP50",9.86755668677916,4.5877559159493,0.045
"3418",8,18,36,"SGP50",4.26918468399394,3.51047455439693,0.8395
"3419",8,18,37,"SGP50",2.33191575839781,2.92913491212802,0.264
"3420",8,18,38,"SGP50",1.83048414282836,2.8469003870937,0.685
"3421",8,19,1,"BMA",4.16593773470704,3.74396552652959,0.7305
"3422",8,19,2,"BMA",5.14679265343457,3.72718488845186,0.74
"3423",8,19,3,"BMA",2.49789246553787,3.30413495098922,0.539
"3424",8,19,4,"BMA",2.36662450258082,3.22376622060606,0.5815
"3425",8,19,5,"BMA",4.68723869681725,3.52100265452548,0.1535
"3426",8,19,6,"BMA",6.80420066873895,3.91984630691807,0.8895
"3427",8,19,7,"BMA",2.15441038854812,3.09285545371567,0.451
"3428",8,19,8,"BMA",2.78332299116591,3.21130634489564,0.708
"3429",8,19,9,"BMA",9.46122136912249,4.68843757074052,0.9705
"3430",8,19,10,"BMA",2.41735366698876,3.17302318949747,0.385
"3431",8,19,11,"BMA",4.08988531832668,3.39718873343058,0.7955
"3432",8,19,12,"BMA",4.45500185009341,3.33644758763316,0.8495
"3433",8,19,13,"BMA",4.86041945202425,3.61568992552093,0.143
"3434",8,19,14,"BMA",6.28495631771876,3.75196151082672,0.866
"3435",8,19,15,"BMA",2.20822019615196,2.95681185414366,0.341
"3436",8,19,16,"BMA",2.08016834732964,3.12903895802062,0.4575
"3437",8,19,17,"BMA",2.51419106424743,3.0412162640629,0.7025
"3438",8,19,18,"BMA",1.52015973650291,2.80936784261692,0.443
"3439",8,19,19,"BMA",4.76522152727153,3.45571363972093,0.145
"3440",8,19,20,"BMA",1.85514585683736,2.98215940937293,0.424
"3441",8,19,21,"BMA",2.02955010447737,3.02581390262482,0.355
"3442",8,19,22,"BMA",1.76899989140867,2.86579524451408,0.4325
"3443",8,19,23,"BMA",2.5757871637028,3.12413285732744,0.245
"3444",8,19,24,"BMA",10.298054560818,5.09333339060024,0.0205
"3445",8,19,25,"BMA",2.62403538653813,3.02424382115245,0.275
"3446",8,19,26,"BMA",4.10058838794465,3.31134182253383,0.1625
"3447",8,19,27,"BMA",1.696028095188,2.93825641366745,0.549
"3448",8,19,28,"BMA",2.02064734258426,2.9306353757948,0.3285
"3449",8,19,29,"BMA",1.64527515254069,2.84883122675493,0.584
"3450",8,19,30,"BMA",2.41466495848055,3.0896800969023,0.286
"3451",8,19,31,"BMA",5.67936879548993,3.63002555143326,0.097
"3452",8,19,32,"BMA",2.60817376446184,3.06153618227195,0.2395
"3453",8,19,33,"BMA",3.95821342063374,3.28481127048939,0.158
"3454",8,19,34,"BMA",2.01617634894642,2.88800149449081,0.289
"3455",8,19,35,"BMA",1.63863488168129,2.85007495235587,0.4645
"3456",8,19,36,"BMA",2.32068512737896,3.01830297379577,0.2745
"3457",8,19,37,"BMA",1.63819292156909,2.75560977436861,0.3605
"3458",8,19,38,"BMA",1.58350586845752,2.80657853912619,0.367
"3459",8,19,1,"AVS",4.16593773470704,3.70387523219106,0.6995
"3460",8,19,2,"AVS",4.29761276107651,3.52507019389858,0.7655
"3461",8,19,3,"AVS",2.31172959742257,3.20808324325943,0.5285
"3462",8,19,4,"AVS",2.2947459047092,3.12852463398681,0.6295
"3463",8,19,5,"AVS",4.24900252248761,3.34791417086466,0.151
"3464",8,19,6,"AVS",7.24625872611452,3.88442857187551,0.914
"3465",8,19,7,"AVS",2.04998802828759,3.08989662302636,0.406
"3466",8,19,8,"AVS",2.70481266191719,3.10074477777558,0.722
"3467",8,19,9,"AVS",9.29861930883579,4.48782296255391,0.966
"3468",8,19,10,"AVS",2.70105514946326,3.19028170600638,0.3005
"3469",8,19,11,"AVS",4.14613689787352,3.42166713237205,0.828
"3470",8,19,12,"AVS",4.17095240265826,3.32294411699629,0.832
"3471",8,19,13,"AVS",4.98328080315986,3.4844305854663,0.1485
"3472",8,19,14,"AVS",7.05816369488838,3.80803123070632,0.915
"3473",8,19,15,"AVS",2.40103327795444,2.98609834220987,0.3245
"3474",8,19,16,"AVS",2.05298934354652,3.17319361166126,0.434
"3475",8,19,17,"AVS",2.90961061750226,3.13120088967219,0.738
"3476",8,19,18,"AVS",1.56241616664262,2.87185819868464,0.488
"3477",8,19,19,"AVS",4.05898862145193,3.35905233163329,0.171
"3478",8,19,20,"AVS",1.55105694381959,2.87895684220591,0.5215
"3479",8,19,21,"AVS",1.9024279674279,2.98168817331484,0.358
"3480",8,19,22,"AVS",1.74979226007415,2.8987096622762,0.498
"3481",8,19,23,"AVS",2.44198035928556,3.01804331760315,0.2785
"3482",8,19,24,"AVS",10.3187005261099,5.12090736082768,0.0205
"3483",8,19,25,"AVS",2.53536764958836,3.05321988480592,0.2635
"3484",8,19,26,"AVS",4.1883400633624,3.29085490873994,0.155
"3485",8,19,27,"AVS",1.65447394455853,2.87703792589791,0.515
"3486",8,19,28,"AVS",2.10376474625382,2.92350409951464,0.3115
"3487",8,19,29,"AVS",1.58051591230938,2.8488004737539,0.5765
"3488",8,19,30,"AVS",2.44601880662509,2.97180491132279,0.259
"3489",8,19,31,"AVS",5.73808684455523,3.6591248876485,0.0825
"3490",8,19,32,"AVS",2.64402767347118,3.04478364530938,0.2845
"3491",8,19,33,"AVS",4.04003537161258,3.30360934623445,0.144
"3492",8,19,34,"AVS",2.05706535744203,2.87724827175884,0.317
"3493",8,19,35,"AVS",1.67558064324324,2.85367921323458,0.4605
"3494",8,19,36,"AVS",2.44027027443622,3.0514712161956,0.275
"3495",8,19,37,"AVS",1.69263203686088,2.90073679889132,0.392
"3496",8,19,38,"AVS",1.71428231923122,2.85081188485874,0.381
"3497",8,19,1,"EQW",4.16593773470704,3.78819214918278,0.69
"3498",8,19,2,"EQW",5.56452789990973,3.85680865802575,0.762
"3499",8,19,3,"EQW",2.58498782504557,3.27126756682589,0.5365
"3500",8,19,4,"EQW",2.44169072232047,3.24103856332806,0.578
"3501",8,19,5,"EQW",5.60567883181324,3.79572454299468,0.166
"3502",8,19,6,"EQW",6.12256882252839,3.789833921907,0.8485
"3503",8,19,7,"EQW",2.30254676729544,3.15420081250347,0.5615
"3504",8,19,8,"EQW",3.04848893166798,3.24938380573116,0.639
"3505",8,19,9,"EQW",10.9472587029528,4.7213834205275,0.9695
"3506",8,19,10,"EQW",3.02742064304766,3.2948884148013,0.5795
"3507",8,19,11,"EQW",4.92253983931916,3.43953632529928,0.7475
"3508",8,19,12,"EQW",7.32768301596406,3.67387016255743,0.8915
"3509",8,19,13,"EQW",3.63636647801038,3.74232824151629,0.378
"3510",8,19,14,"EQW",6.72128615260915,3.64969246580467,0.781
"3511",8,19,15,"EQW",3.10592091308961,3.30753901682268,0.567
"3512",8,19,16,"EQW",3.62190668774581,3.51568990041591,0.587
"3513",8,19,17,"EQW",5.08262063421799,3.41683372773166,0.7755
"3514",8,19,18,"EQW",3.67641441918866,3.33762855429538,0.635
"3515",8,19,19,"EQW",3.25766905918491,3.59284239265087,0.4155
"3516",8,19,20,"EQW",2.90029546785557,3.39732140008669,0.53
"3517",8,19,21,"EQW",2.59029773807267,3.24556155350567,0.4925
"3518",8,19,22,"EQW",2.56610214586826,3.24211541654516,0.527
"3519",8,19,23,"EQW",2.66118539084608,3.33957462472511,0.3975
"3520",8,19,24,"EQW",7.1259021131434,4.27747155955579,0.158
"3521",8,19,25,"EQW",3.38038855311092,3.34366605437687,0.28
"3522",8,19,26,"EQW",3.08230710935266,3.18614416083576,0.2865
"3523",8,19,27,"EQW",2.29962261275481,3.05185791911086,0.6415
"3524",8,19,28,"EQW",2.14937555399554,3.07607065493154,0.602
"3525",8,19,29,"EQW",3.49895662046624,3.23246285667915,0.796
"3526",8,19,30,"EQW",1.89441045784119,2.96050908386416,0.5565
"3527",8,19,31,"EQW",3.1136456929324,3.17239685570241,0.238
"3528",8,19,32,"EQW",1.96601807377366,2.87184412230447,0.3335
"3529",8,19,33,"EQW",3.04733518665383,3.08304692149812,0.209
"3530",8,19,34,"EQW",2.00944269160515,2.82548218718398,0.311
"3531",8,19,35,"EQW",1.45005328973836,2.70857748215565,0.455
"3532",8,19,36,"EQW",1.85316858268818,2.85365498312244,0.3
"3533",8,19,37,"EQW",1.54678641685567,2.6927759966737,0.343
"3534",8,19,38,"EQW",1.41647273005583,2.63749155320151,0.356
"3535",8,19,1,"SGP",4.16593773470704,3.73620211893714,0.697
"3536",8,19,2,"SGP",7.15552295282686,3.98592703964704,0.883
"3537",8,19,3,"SGP",2.21372827526623,3.07724964227061,0.5685
"3538",8,19,4,"SGP",2.27869352049171,3.07149019683053,0.6175
"3539",8,19,5,"SGP",4.7132496374511,3.4464438861293,0.1335
"3540",8,19,6,"SGP",7.04901162018229,3.97224336311621,0.913
"3541",8,19,7,"SGP",1.93826763031522,3.03208302066493,0.436
"3542",8,19,8,"SGP",2.01474470398129,3.05057100768967,0.594
"3543",8,19,9,"SGP",8.14444404880149,4.60781369192735,0.977
"3544",8,19,10,"SGP",1.42831685163362,2.77657292800508,0.43
"3545",8,19,11,"SGP",1.54713765825937,2.70639912230187,0.397
"3546",8,19,12,"SGP",3.75017321260972,3.18594271516001,0.8725
"3547",8,19,13,"SGP",6.33928321006724,3.92788641390676,0.055
"3548",8,19,14,"SGP",1.3756654840657,2.74264092457414,0.4915
"3549",8,19,15,"SGP",1.54148813978896,2.68225241977098,0.3625
"3550",8,19,16,"SGP",4.17229265565537,3.41975009131214,0.1105
"3551",8,19,17,"SGP",1.40070555529432,2.68868351999424,0.577
"3552",8,19,18,"SGP",1.43329594900011,2.67115246437948,0.3545
"3553",8,19,19,"SGP",7.21920534298755,4.45422344051602,0.02
"3554",8,19,20,"SGP",5.08998914831874,3.61577426353271,0.0835
"3555",8,19,21,"SGP",3.67093243361705,3.28782330152581,0.144
"3556",8,19,22,"SGP",3.02097171936922,3.05135323685057,0.1775
"3557",8,19,23,"SGP",4.85819647633859,3.70548626190418,0.081
"3558",8,19,24,"SGP",9.99029866485885,5.20661697071709,0.005
"3559",8,19,25,"SGP",4.24496097772936,3.43826893174247,0.116
"3560",8,19,26,"SGP",1.99048454609628,2.80397165566606,0.326
"3561",8,19,27,"SGP",3.97985243411121,3.23553918421333,0.868
"3562",8,19,28,"SGP",4.05903839290093,3.3456022421914,0.8605
"3563",8,19,29,"SGP",5.48162066080369,3.73115076485315,0.915
"3564",8,19,30,"SGP",1.68069573055686,2.80345468990238,0.364
"3565",8,19,31,"SGP",5.10933425981343,3.59132692954242,0.0915
"3566",8,19,32,"SGP",1.93632191868495,2.87406282951626,0.3355
"3567",8,19,33,"SGP",1.7450325156803,2.8185298664839,0.33
"3568",8,19,34,"SGP",1.43759294437071,2.7487301520015,0.5795
"3569",8,19,35,"SGP",2.67267032312192,3.03588804487183,0.7875
"3570",8,19,36,"SGP",1.50844810380509,2.70406933631251,0.584
"3571",8,19,37,"SGP",1.45928736987166,2.69283277996994,0.5865
"3572",8,19,38,"SGP",1.55014688839564,2.76062478968107,0.6455
"3573",8,19,1,"SGP50",4.16593773470704,3.75967519034017,0.698
"3574",8,19,2,"SGP50",5.67342907920046,3.94190279209826,0.7815
"3575",8,19,3,"SGP50",2.55560869705261,3.28586356678734,0.54
"3576",8,19,4,"SGP50",2.40361336118259,3.18558160350559,0.5585
"3577",8,19,5,"SGP50",5.72472437206149,3.8372949118293,0.1525
"3578",8,19,6,"SGP50",6.08732269507761,3.79562335826258,0.8435
"3579",8,19,7,"SGP50",2.12144559856174,2.97867520805056,0.537
"3580",8,19,8,"SGP50",2.64949916214682,3.18037678300206,0.6045
"3581",8,19,9,"SGP50",10.1407322503166,4.74526883166663,0.9765
"3582",8,19,10,"SGP50",2.41006894668669,3.19341008978621,0.527
"3583",8,19,11,"SGP50",3.69102733130742,3.32687638965667,0.7015
"3584",8,19,12,"SGP50",5.79235979097662,3.48168696288581,0.8675
"3585",8,19,13,"SGP50",3.87286740206727,3.67519947252611,0.281
"3586",8,19,14,"SGP50",4.70983202732323,3.40056211347405,0.7625
"3587",8,19,15,"SGP50",2.14093692571832,3.0474739686965,0.4705
"3588",8,19,16,"SGP50",2.58387679304289,3.31376639839085,0.4545
"3589",8,19,17,"SGP50",3.15450608340001,3.1433837185081,0.715
"3590",8,19,18,"SGP50",2.05299546376588,2.97287887519365,0.5355
"3591",8,19,19,"SGP50",3.71581173605613,3.57100562345483,0.2615
"3592",8,19,20,"SGP50",2.51303613014671,3.292237596992,0.3805
"3593",8,19,21,"SGP50",2.34251137854252,3.1044833751767,0.3425
"3594",8,19,22,"SGP50",2.03556057126966,3.03608907952263,0.4055
"3595",8,19,23,"SGP50",2.98554261355292,3.25902059833029,0.246
"3596",8,19,24,"SGP50",9.24144060374152,4.78192573204592,0.053
"3597",8,19,25,"SGP50",3.60270668286934,3.41253200363903,0.1995
"3598",8,19,26,"SGP50",2.98794258769297,3.16612037893824,0.243
"3599",8,19,27,"SGP50",2.38337309596082,3.09941054349033,0.6885
"3600",8,19,28,"SGP50",2.16078668542048,3.12610421604663,0.6195
"3601",8,19,29,"SGP50",3.36815425203513,3.16630417383304,0.775
"3602",8,19,30,"SGP50",1.75635344749234,2.9464703471874,0.4355
"3603",8,19,31,"SGP50",4.19173421829821,3.31116440373678,0.16
"3604",8,19,32,"SGP50",2.11678323041058,2.88101535568911,0.301
"3605",8,19,33,"SGP50",2.84184024961614,3.09447934327115,0.219
"3606",8,19,34,"SGP50",1.71520040123079,2.77825976818932,0.3845
"3607",8,19,35,"SGP50",1.56321943735655,2.78097593710577,0.547
"3608",8,19,36,"SGP50",1.68662932601463,2.81900108073287,0.364
"3609",8,19,37,"SGP50",1.42632382503878,2.66644978567762,0.417
"3610",8,19,38,"SGP50",1.33502710318917,2.60935444863888,0.453
"3611",8,20,1,"BMA",7.9974295625112,4.25492981270152,0.7105
"3612",8,20,2,"BMA",5.27393003404163,3.84919465772513,0.6135
"3613",8,20,3,"BMA",5.41427308285231,3.4886897635679,0.7485
"3614",8,20,4,"BMA",7.80040818199635,4.53993328861025,0.9575
"3615",8,20,5,"BMA",6.18273307179962,3.98819221269488,0.0965
"3616",8,20,6,"BMA",6.9037653027444,3.93100999487252,0.938
"3617",8,20,7,"BMA",14.3309865247911,5.83330866602082,0.0245
"3618",8,20,8,"BMA",8.77839357375686,4.0621731199229,0.9075
"3619",8,20,9,"BMA",7.47356899475916,3.94117383712194,0.912
"3620",8,20,10,"BMA",13.5853153537764,5.51529355023874,0.0325
"3621",8,20,11,"BMA",14.4087269334385,5.89002877043945,0.047
"3622",8,20,12,"BMA",9.4017727582698,4.75224576925231,0.271
"3623",8,20,13,"BMA",4.22007342450294,3.74301014525186,0.463
"3624",8,20,14,"BMA",3.22376419163401,3.4810762137731,0.554
"3625",8,20,15,"BMA",10.4523764338973,4.42012633016528,0.1
"3626",8,20,16,"BMA",3.96365270552446,3.45631139682292,0.348
"3627",8,20,17,"BMA",6.0762167439869,3.75524121687791,0.169
"3628",8,20,18,"BMA",10.2698728924682,4.40759515994722,0.9205
"3629",8,20,19,"BMA",2.85813021148471,3.35457395608648,0.602
"3630",8,20,20,"BMA",2.43667496549691,3.25805760643575,0.5185
"3631",8,20,21,"BMA",2.40815813090101,3.23282344342811,0.4315
"3632",8,20,22,"BMA",2.32102855229499,3.22725040564396,0.536
"3633",8,20,23,"BMA",3.12556168003485,3.22588163201127,0.2965
"3634",8,20,24,"BMA",3.71464062457143,3.3602651770333,0.737
"3635",8,20,25,"BMA",3.57670375425382,3.44933014571635,0.2385
"3636",8,20,26,"BMA",2.62196499906273,3.1760636348428,0.6425
"3637",8,20,27,"BMA",1.96996093439909,3.07383998594184,0.506
"3638",8,20,28,"BMA",3.62428056650684,3.31204033222469,0.769
"3639",8,20,29,"BMA",4.24872401161004,3.4138447313217,0.8225
"3640",8,20,30,"BMA",3.62291523803995,3.27257962365897,0.218
"3641",8,20,31,"BMA",3.8949900468026,3.33109879119489,0.188
"3642",8,20,32,"BMA",1.77265713851575,2.91180495668874,0.5995
"3643",8,20,33,"BMA",2.05666895988311,3.02562148490175,0.4035
"3644",8,20,34,"BMA",2.14520426819916,3.08805044303594,0.4025
"3645",8,20,35,"BMA",2.24506470203957,3.09339792549491,0.6475
"3646",8,20,36,"BMA",1.82546097057718,2.91306014182729,0.3825
"3647",8,20,37,"BMA",1.91319193254287,2.94061449160658,0.611
"3648",8,20,38,"BMA",2.22170402578557,3.13529142732823,0.327
"3649",8,20,1,"AVS",7.9974295625112,4.32526265409574,0.7025
"3650",8,20,2,"AVS",8.2310990340224,4.14732120462739,0.8375
"3651",8,20,3,"AVS",15.8803781809946,4.70905126132003,0.9535
"3652",8,20,4,"AVS",7.30743543659368,4.49347597293405,0.9765
"3653",8,20,5,"AVS",6.80610181457295,3.8592569659785,0.05
"3654",8,20,6,"AVS",6.68045021431061,3.90012302329141,0.9385
"3655",8,20,7,"AVS",14.9375665571794,6.22025904130615,0.0035
"3656",8,20,8,"AVS",7.73493695988592,4.02998920312889,0.902
"3657",8,20,9,"AVS",6.56665977430973,3.95793964024401,0.92
"3658",8,20,10,"AVS",14.2345483871156,5.55072961363703,0.011
"3659",8,20,11,"AVS",16.0197973803469,6.48092356176036,0.004
"3660",8,20,12,"AVS",15.5862648539202,5.52579819074113,0.0175
"3661",8,20,13,"AVS",3.60181150142861,3.39507265794546,0.264
"3662",8,20,14,"AVS",2.35327944318095,3.25245016940329,0.5395
"3663",8,20,15,"AVS",11.0955502354115,4.54005920244218,0.038
"3664",8,20,16,"AVS",2.18248213091772,3.14392241194762,0.4595
"3665",8,20,17,"AVS",5.49071541631225,3.76852566553559,0.167
"3666",8,20,18,"AVS",11.1779997225696,4.61317644771364,0.963
"3667",8,20,19,"AVS",2.41684851925136,3.18861151225084,0.5815
"3668",8,20,20,"AVS",2.23667733726799,3.22076399100058,0.489
"3669",8,20,21,"AVS",2.38942318644744,3.2203288240304,0.4215
"3670",8,20,22,"AVS",2.2954262748779,3.1902513623062,0.527
"3671",8,20,23,"AVS",3.13338100703439,3.27878134640252,0.2805
"3672",8,20,24,"AVS",3.71033867778146,3.37294406114389,0.734
"3673",8,20,25,"AVS",3.5808966220291,3.41290292996619,0.26
"3674",8,20,26,"AVS",2.6221133382119,3.2035769880606,0.641
"3675",8,20,27,"AVS",1.96971438190395,3.08899197435718,0.5095
"3676",8,20,28,"AVS",3.62951564342429,3.25303817225686,0.791
"3677",8,20,29,"AVS",4.24895398971726,3.3572235064002,0.799
"3678",8,20,30,"AVS",3.63941577101539,3.3276404935235,0.196
"3679",8,20,31,"AVS",3.91305966368896,3.2199317807256,0.1815
"3680",8,20,32,"AVS",1.76593803096296,3.00431029920517,0.593
"3681",8,20,33,"AVS",2.05674480812321,3.05936267067141,0.404
"3682",8,20,34,"AVS",2.14547405084671,3.05399891941301,0.43
"3683",8,20,35,"AVS",2.24453764173792,3.04519851016915,0.659
"3684",8,20,36,"AVS",1.82555622530407,2.8923054946047,0.3815
"3685",8,20,37,"AVS",1.91306058107031,2.97715826111944,0.6235
"3686",8,20,38,"AVS",2.22191709373468,3.07190692797231,0.3155
"3687",8,20,1,"EQW",7.9974295625112,4.23370049737089,0.7095
"3688",8,20,2,"EQW",4.82623120809465,3.76698870366127,0.5655
"3689",8,20,3,"EQW",7.16770998719089,3.89393876300824,0.738
"3690",8,20,4,"EQW",16.1155927825618,4.57377847323959,0.9295
"3691",8,20,5,"EQW",10.4162318926521,4.38072285849181,0.6465
"3692",8,20,6,"EQW",18.8944450805435,4.59307304482766,0.937
"3693",8,20,7,"EQW",10.3342282120459,4.69403237365549,0.599
"3694",8,20,8,"EQW",18.760978765765,4.6139559489486,0.9165
"3695",8,20,9,"EQW",23.2037208761195,4.69910950610618,0.941
"3696",8,20,10,"EQW",13.928780861943,4.73869323212504,0.635
"3697",8,20,11,"EQW",11.5370041990297,4.68127970865844,0.564
"3698",8,20,12,"EQW",10.6357186426953,4.56540666836925,0.5705
"3699",8,20,13,"EQW",6.94404796342368,4.0708823683439,0.5715
"3700",8,20,14,"EQW",6.2842635652165,3.92115092917615,0.624
"3701",8,20,15,"EQW",7.73447811065589,4.43261554069389,0.3125
"3702",8,20,16,"EQW",5.84363876273344,3.94985227966675,0.391
"3703",8,20,17,"EQW",8.64568309953859,4.1893474774191,0.209
"3704",8,20,18,"EQW",5.22359172463829,4.10475714823392,0.556
"3705",8,20,19,"EQW",4.2995252465949,3.745429537808,0.584
"3706",8,20,20,"EQW",4.436641583903,3.82090483807392,0.573
"3707",8,20,21,"EQW",4.38357046794501,3.79010374696701,0.525
"3708",8,20,22,"EQW",4.21725706183308,3.76913268999443,0.558
"3709",8,20,23,"EQW",4.08456678232532,3.72185789332916,0.413
"3710",8,20,24,"EQW",3.7733466988808,3.72070394955034,0.55
"3711",8,20,25,"EQW",4.88122553543107,3.73477513587456,0.313
"3712",8,20,26,"EQW",4.44169530782095,3.70875107730184,0.3655
"3713",8,20,27,"EQW",5.31314793484077,3.63906432122515,0.3165
"3714",8,20,28,"EQW",4.30570686364616,3.71280893654901,0.405
"3715",8,20,29,"EQW",3.70662418104464,3.70711734847641,0.5405
"3716",8,20,30,"EQW",4.01625009900472,3.60690994412889,0.383
"3717",8,20,31,"EQW",4.01697997259691,3.62342107206832,0.3635
"3718",8,20,32,"EQW",3.17805250650263,3.617071904783,0.5365
"3719",8,20,33,"EQW",3.16017181887268,3.46137546913669,0.4995
"3720",8,20,34,"EQW",2.97459307251326,3.54719087154815,0.484
"3721",8,20,35,"EQW",2.85548685783464,3.40521661219815,0.5785
"3722",8,20,36,"EQW",2.56148225873869,3.2619264414,0.4635
"3723",8,20,37,"EQW",2.36287338353403,3.26824385003632,0.554
"3724",8,20,38,"EQW",2.67672272449409,3.22225204317616,0.3805
"3725",8,20,1,"SGP",7.9974295625112,4.25824587495196,0.699
"3726",8,20,2,"SGP",7.88580595534184,4.07526295286067,0.83
"3727",8,20,3,"SGP",2.39625535975653,2.91450525583063,0.7445
"3728",8,20,4,"SGP",7.41472678086049,4.56210365828278,0.975
"3729",8,20,5,"SGP",6.62763402582447,3.89436462180418,0.0735
"3730",8,20,6,"SGP",6.73724530544897,3.91294051598134,0.938
"3731",8,20,7,"SGP",14.7150506124858,6.08394746758225,0.006
"3732",8,20,8,"SGP",7.77351702963608,4.0174719745324,0.912
"3733",8,20,9,"SGP",6.60397915848457,3.94517733175491,0.919
"3734",8,20,10,"SGP",14.1098837600855,5.72103409035024,0.0115
"3735",8,20,11,"SGP",15.9129955976392,6.40579447652306,0.008
"3736",8,20,12,"SGP",15.4934946241224,5.35514921856256,0.02
"3737",8,20,13,"SGP",3.59936628740203,3.41688098453724,0.257
"3738",8,20,14,"SGP",2.35858497714726,3.18656477406442,0.5325
"3739",8,20,15,"SGP",11.0789883292291,4.42355987657111,0.0405
"3740",8,20,16,"SGP",2.19105148361095,3.10607515719053,0.4475
"3741",8,20,17,"SGP",5.50227857925875,3.6976755871455,0.177
"3742",8,20,18,"SGP",11.1333936693116,4.4951277142451,0.958
"3743",8,20,19,"SGP",2.42178450252842,3.21538874118001,0.567
"3744",8,20,20,"SGP",2.24198226622253,3.26909970142328,0.4925
"3745",8,20,21,"SGP",2.39354627196932,3.21891061622212,0.4225
"3746",8,20,22,"SGP",2.29999622249777,3.20983120722005,0.5355
"3747",8,20,23,"SGP",3.13554025371201,3.24914049775585,0.2875
"3748",8,20,24,"SGP",3.70644605261661,3.42553574072329,0.7555
"3749",8,20,25,"SGP",3.58423527273214,3.42745126943757,0.263
"3750",8,20,26,"SGP",2.62003159483105,3.16240216530886,0.637
"3751",8,20,27,"SGP",1.97364126105904,3.10940161551698,0.519
"3752",8,20,28,"SGP",3.62008761864216,3.36061101697399,0.77
"3753",8,20,29,"SGP",4.24181137028633,3.44938814668106,0.8135
"3754",8,20,30,"SGP",3.63712458055082,3.3005262015735,0.2035
"3755",8,20,31,"SGP",3.90897834816631,3.28005262285108,0.1755
"3756",8,20,32,"SGP",1.76945817145476,2.96357622044695,0.5755
"3757",8,20,33,"SGP",2.05912185018329,3.01060792488605,0.3995
"3758",8,20,34,"SGP",2.14714634336382,3.09997341507749,0.4245
"3759",8,20,35,"SGP",2.24658214278478,3.09961974779915,0.6385
"3760",8,20,36,"SGP",1.82732749162826,2.96640284182361,0.391
"3761",8,20,37,"SGP",1.91464200431435,3.05069029686318,0.6345
"3762",8,20,38,"SGP",2.22215158896472,3.05785443853263,0.336
"3763",8,20,1,"SGP50",7.9974295625112,4.25299242925589,0.7065
"3764",8,20,2,"SGP50",4.88390331412051,3.71806551825894,0.5905
"3765",8,20,3,"SGP50",7.28477092695368,3.87895153142569,0.765
"3766",8,20,4,"SGP50",15.4128074356291,4.62194620214946,0.9425
"3767",8,20,5,"SGP50",8.3828071796219,4.27494030958191,0.529
"3768",8,20,6,"SGP50",13.8445506996445,4.3357289927737,0.9485
"3769",8,20,7,"SGP50",8.48375091846922,4.84007737244396,0.365
"3770",8,20,8,"SGP50",11.4958475970969,4.28435564435053,0.9165
"3771",8,20,9,"SGP50",10.6766341872107,4.16413843650817,0.923
"3772",8,20,10,"SGP50",9.64171517547174,5.22549564886652,0.2455
"3773",8,20,11,"SGP50",11.4033326547898,5.39918480255891,0.1615
"3774",8,20,12,"SGP50",11.4541866357186,5.00962616005755,0.148
"3775",8,20,13,"SGP50",3.63921715315482,3.42885186267785,0.35
"3776",8,20,14,"SGP50",2.72382574263411,3.3615566173277,0.5375
"3777",8,20,15,"SGP50",10.281712988862,4.48960955804395,0.0865
"3778",8,20,16,"SGP50",2.76974738884068,3.30483846280125,0.423
"3779",8,20,17,"SGP50",6.199649996021,3.80037389520919,0.1495
"3780",8,20,18,"SGP50",9.07694245636354,4.38479339079256,0.871
"3781",8,20,19,"SGP50",2.70452430944566,3.31202119502587,0.5725
"3782",8,20,20,"SGP50",2.55314609657514,3.34504437015008,0.4825
"3783",8,20,21,"SGP50",2.64929668728278,3.29787871949965,0.4415
"3784",8,20,22,"SGP50",2.56714960023048,3.25670246854528,0.555
"3785",8,20,23,"SGP50",3.27081694657567,3.35992055745653,0.299
"3786",8,20,24,"SGP50",3.5576480420444,3.39782572328473,0.7225
"3787",8,20,25,"SGP50",3.77672178499071,3.44862536705029,0.2605
"3788",8,20,26,"SGP50",2.6006372252969,3.28310933926631,0.6
"3789",8,20,27,"SGP50",2.24363627109487,3.18805045216294,0.4835
"3790",8,20,28,"SGP50",3.24516292372955,3.38735094509502,0.709
"3791",8,20,29,"SGP50",3.92443281223382,3.46333109592141,0.7555
"3792",8,20,30,"SGP50",3.55041231565556,3.37114592665847,0.258
"3793",8,20,31,"SGP50",3.73706648600094,3.33513529101426,0.222
"3794",8,20,32,"SGP50",1.9678641829687,2.99005551971868,0.5855
"3795",8,20,33,"SGP50",2.20081340539044,3.0901136932955,0.4285
"3796",8,20,34,"SGP50",2.24476991606418,3.22932773080435,0.3985
"3797",8,20,35,"SGP50",2.35544837209015,3.16558310652725,0.622
"3798",8,20,36,"SGP50",1.92458238258678,2.97491125583083,0.41
"3799",8,20,37,"SGP50",1.99806372027509,3.0658302541893,0.588
"3800",8,20,38,"SGP50",2.24640100066906,3.12246612766971,0.3435
"3801",8,21,1,"BMA",1.62788410564678,2.38827602875409,0.1895
"3802",8,21,2,"BMA",0.608574118314583,1.77043197224637,0.559
"3803",8,21,3,"BMA",1.09753515285973,2.14833652099504,0.8125
"3804",8,21,4,"BMA",2.73651369503844,3.45184176018877,0.04
"3805",8,21,5,"BMA",1.3226653273739,2.21012514703091,0.208
"3806",8,21,6,"BMA",0.609060934622158,1.8208115657683,0.6005
"3807",8,21,7,"BMA",1.7933437047363,2.66346930399532,0.8895
"3808",8,21,8,"BMA",3.71129576602061,4.18415720763262,0.0135
"3809",8,21,9,"BMA",2.07610581523034,2.61341838422351,0.133
"3810",8,21,10,"BMA",1.27529215404889,2.16764353146734,0.203
"3811",8,21,11,"BMA",0.548081826327357,1.83344523676453,0.5005
"3812",8,21,12,"BMA",1.15841402924385,2.0831795077001,0.179
"3813",8,21,13,"BMA",0.408156317837063,0.584412246241783,0.411
"3814",8,21,14,"BMA",0.132665012474255,-0.59648818938888,0.619
"3815",8,21,15,"BMA",0.0902965668372972,-0.86977651426857,0.647
"3816",8,21,16,"BMA",0.0893299306233105,-1.02583206535918,0.632
"3817",8,21,17,"BMA",0.077876588265305,-1.22756751829306,0.669
"3818",8,21,18,"BMA",0.0841339160299195,-1.17084119260749,0.673
"3819",8,21,19,"BMA",0.0966020020726849,-0.921627231071181,0.6425
"3820",8,21,20,"BMA",0.0886879347292457,-1.12498706520651,0.6425
"3821",8,21,21,"BMA",0.0694737577989207,-1.47211401223755,0.561
"3822",8,21,22,"BMA",0.0109383707508294,-6.41910075439724,0.0715
"3823",8,21,23,"BMA",0.00384316513139138,-9.38561338349001,5e-04
"3824",8,21,24,"BMA",0.0055555876426608,-10.4824089674828,0
"3825",8,21,25,"BMA",0.00123561389962808,-13.9412391808174,0
"3826",8,21,26,"BMA",0.000961887328556413,-13.2709493395886,0
"3827",8,21,27,"BMA",0.00137804207307779,-15.2524318922747,0
"3828",8,21,28,"BMA",0.00234471435005545,-19.3266054837054,0
"3829",8,21,29,"BMA",0.000286388228080726,-19.7653066566157,0.001
"3830",8,21,30,"BMA",0.000692961540232025,-22.4637207975758,0
"3831",8,21,31,"BMA",0.000555347931050915,-22.2500931616707,0.001
"3832",8,21,32,"BMA",0.00027524960229738,-24.7792752467217,0.001
"3833",8,21,33,"BMA",0.000413132733285686,-25.8398727355438,0.002
"3834",8,21,34,"BMA",0.00159744153693741,-18.9746167226732,0
"3835",8,21,35,"BMA",0.00119381584767637,-16.412074211072,0.001
"3836",8,21,36,"BMA",0.00239473356197005,-14.3735534835616,5e-04
"3837",8,21,37,"BMA",0.0081732560942975,-12.0730233111498,0.001
"3838",8,21,38,"BMA",0.00210488633411807,-13.8590374717481,0
"3839",8,21,1,"AVS",1.62788410564678,2.36219156946481,0.1935
"3840",8,21,2,"AVS",0.557415633967728,1.71393707713371,0.632
"3841",8,21,3,"AVS",1.15075351966194,2.09653208248043,0.848
"3842",8,21,4,"AVS",2.72743927893217,3.25187513195258,0.0385
"3843",8,21,5,"AVS",1.17723001336353,2.05285719959487,0.226
"3844",8,21,6,"AVS",0.636725767003834,1.81695408454348,0.661
"3845",8,21,7,"AVS",1.9477625564053,2.70733904380798,0.938
"3846",8,21,8,"AVS",3.77815877691735,3.97668596261265,0.017
"3847",8,21,9,"AVS",1.47094319745404,2.26415547401823,0.165
"3848",8,21,10,"AVS",1.1647874715927,2.09250867358336,0.2155
"3849",8,21,11,"AVS",0.549489385140997,1.7753837920673,0.492
"3850",8,21,12,"AVS",1.15042783116221,2.0848856384584,0.1785
"3851",8,21,13,"AVS",0.439875825227539,0.599527059665582,0.3975
"3852",8,21,14,"AVS",0.160601798284799,-0.386746494675185,0.5875
"3853",8,21,15,"AVS",0.131535720578241,-0.429540898464619,0.602
"3854",8,21,16,"AVS",0.13429387823591,-0.646351560404691,0.6065
"3855",8,21,17,"AVS",0.115840034211365,-0.635472574447517,0.624
"3856",8,21,18,"AVS",0.120920609572813,-0.663119075905361,0.616
"3857",8,21,19,"AVS",0.127776135204737,-0.749071360727906,0.6225
"3858",8,21,20,"AVS",0.117955453732385,-0.76913565415131,0.6175
"3859",8,21,21,"AVS",0.110430268276702,-0.801023548370991,0.622
"3860",8,21,22,"AVS",0.110798848015015,-0.683331563020078,0.6155
"3861",8,21,23,"AVS",0.11145538341176,-0.837084605946958,0.6125
"3862",8,21,24,"AVS",0.105068563818471,-0.94218735267892,0.6185
"3863",8,21,25,"AVS",0.101768166285453,-0.84832113168912,0.6065
"3864",8,21,26,"AVS",0.108173208610345,-0.737246975327696,0.6065
"3865",8,21,27,"AVS",0.102581705691268,-0.727382442707456,0.576
"3866",8,21,28,"AVS",0.0920429026633728,-1.00758620925661,0.643
"3867",8,21,29,"AVS",0.093674762766855,-1.02061218123115,0.6155
"3868",8,21,30,"AVS",0.103874163110432,-0.895041578843014,0.614
"3869",8,21,31,"AVS",0.0847821005249784,-1.10453260385133,0.6305
"3870",8,21,32,"AVS",0.0991278633949609,-1.20998280152358,0.6425
"3871",8,21,33,"AVS",0.104807339831963,-0.671179636599163,0.5775
"3872",8,21,34,"AVS",0.0928752407524328,-1.06936636901321,0.608
"3873",8,21,35,"AVS",0.0922151124923578,-0.863470001413394,0.6105
"3874",8,21,36,"AVS",0.0877497913161005,-0.933138117770399,0.6025
"3875",8,21,37,"AVS",0.0905652774138648,-0.878935864511346,0.6095
"3876",8,21,38,"AVS",0.0805180492718524,-1.02383864638243,0.6055
"3877",8,21,1,"EQW",1.62788410564678,2.32543372195068,0.1685
"3878",8,21,2,"EQW",0.780707039808,1.90905237765595,0.4725
"3879",8,21,3,"EQW",0.93492745802348,2.25121910161319,0.666
"3880",8,21,4,"EQW",2.74281680202519,3.12593912762182,0.0655
"3881",8,21,5,"EQW",1.58397555301431,2.24417220547607,0.1975
"3882",8,21,6,"EQW",0.817330667376395,2.09165143712913,0.458
"3883",8,21,7,"EQW",1.30795350592478,2.44528587284052,0.777
"3884",8,21,8,"EQW",3.37109990228644,3.51204702524295,0.044
"3885",8,21,9,"EQW",2.10370676748753,2.57035739951185,0.1195
"3886",8,21,10,"EQW",2.00220237147514,2.51078370441375,0.1365
"3887",8,21,11,"EQW",0.708123190733057,1.92340672187478,0.3325
"3888",8,21,12,"EQW",1.46396487029114,2.20268568859005,0.107
"3889",8,21,13,"EQW",0.959977151781356,1.30671012604895,0.2
"3890",8,21,14,"EQW",0.278155594259343,0.171353480349587,0.2855
"3891",8,21,15,"EQW",0.16865607572616,-0.256510702321424,0.2855
"3892",8,21,16,"EQW",0.12983410761359,-0.421287812886234,0.266
"3893",8,21,17,"EQW",0.0959187332575179,-0.89557609828188,0.2895
"3894",8,21,18,"EQW",0.088513819072195,-0.987211599745375,0.2835
"3895",8,21,19,"EQW",0.0793043185351174,-1.293006155515,0.2815
"3896",8,21,20,"EQW",0.0745042936656037,-1.55380558919513,0.2765
"3897",8,21,21,"EQW",0.0670959592532647,-1.56255482345818,0.284
"3898",8,21,22,"EQW",0.0605204503381677,-1.59253870611136,0.293
"3899",8,21,23,"EQW",0.0557620806314443,-2.15507231388139,0.28
"3900",8,21,24,"EQW",0.0554399628519555,-1.71798295178196,0.301
"3901",8,21,25,"EQW",0.0538532253257902,-2.09999824778778,0.272
"3902",8,21,26,"EQW",0.0508118514033645,-2.12437735013947,0.2835
"3903",8,21,27,"EQW",0.0534516408386642,-2.38297957347126,0.301
"3904",8,21,28,"EQW",0.0488939564856602,-2.23700802725746,0.282
"3905",8,21,29,"EQW",0.0493655933987417,-2.1817278917825,0.287
"3906",8,21,30,"EQW",0.0490134201583705,-2.2956652486787,0.2855
"3907",8,21,31,"EQW",0.0455482322482854,-2.30351013323163,0.3045
"3908",8,21,32,"EQW",0.0496469249193049,-2.17251833369013,0.2835
"3909",8,21,33,"EQW",0.0529396927625452,-1.74345275425211,0.275
"3910",8,21,34,"EQW",0.0488671475699518,-2.02186293303335,0.2985
"3911",8,21,35,"EQW",0.0480762039084386,-2.14367989486059,0.2775
"3912",8,21,36,"EQW",0.0492021952216274,-2.11555095515818,0.2865
"3913",8,21,37,"EQW",0.0494796810641815,-2.11306567795914,0.281
"3914",8,21,38,"EQW",0.0454776253476828,-2.66470381300747,0.286
"3915",8,21,1,"SGP",1.62788410564678,2.32245655851736,0.188
"3916",8,21,2,"SGP",0.574643719923012,1.73279567110749,0.6265
"3917",8,21,3,"SGP",1.13219127314018,2.16153760461031,0.8265
"3918",8,21,4,"SGP",2.70896303743851,3.30427206759929,0.036
"3919",8,21,5,"SGP",0.789461041072953,1.81904930490594,0.284
"3920",8,21,6,"SGP",0.637439421365227,1.76454630424756,0.6635
"3921",8,21,7,"SGP",1.8963654386976,2.63462361778316,0.915
"3922",8,21,8,"SGP",3.78735304007257,4.11238182201964,0.011
"3923",8,21,9,"SGP",1.27151898359529,2.10879714239128,0.1825
"3924",8,21,10,"SGP",1.21112425487364,2.1997549534453,0.2095
"3925",8,21,11,"SGP",0.554560673816572,1.76031610220312,0.4905
"3926",8,21,12,"SGP",1.17274427873537,1.99780342987057,0.1945
"3927",8,21,13,"SGP",0.487261882108355,0.646485171134919,0.3895
"3928",8,21,14,"SGP",0.171356767780497,-0.200985440534135,0.5445
"3929",8,21,15,"SGP",0.133658201321456,-0.413663627584389,0.571
"3930",8,21,16,"SGP",0.129924211007749,-0.546674272189652,0.568
"3931",8,21,17,"SGP",0.108618130191633,-0.739297490830977,0.6205
"3932",8,21,18,"SGP",0.110933304294047,-0.664147309079893,0.5955
"3933",8,21,19,"SGP",0.11743618679543,-0.769140508201416,0.596
"3934",8,21,20,"SGP",0.1070310401403,-0.862849266423273,0.578
"3935",8,21,21,"SGP",0.0989656736098646,-0.946060008478468,0.61
"3936",8,21,22,"SGP",0.101074794377922,-0.837386470591014,0.603
"3937",8,21,23,"SGP",0.101497362039501,-0.857661753010522,0.584
"3938",8,21,24,"SGP",0.0966085759092882,-1.10396950165205,0.6015
"3939",8,21,25,"SGP",0.0923805044434156,-1.1176824241063,0.5865
"3940",8,21,26,"SGP",0.0989696171454928,-0.923030224575916,0.5755
"3941",8,21,27,"SGP",0.0937456218058039,-0.864995985257203,0.5495
"3942",8,21,28,"SGP",0.0834235894937918,-0.992470842549167,0.5925
"3943",8,21,29,"SGP",0.0857465121365906,-0.944337067443304,0.5755
"3944",8,21,30,"SGP",0.0949622645251898,-0.919976196026501,0.5915
"3945",8,21,31,"SGP",0.0774925459277087,-1.19815657315478,0.6095
"3946",8,21,32,"SGP",0.0903236405888098,-1.07933010267726,0.593
"3947",8,21,33,"SGP",0.0954480989945997,-0.956911432036506,0.5615
"3948",8,21,34,"SGP",0.0849666982408489,-1.0031582815604,0.5635
"3949",8,21,35,"SGP",0.0842193599575201,-1.22569499351252,0.59
"3950",8,21,36,"SGP",0.0806082400056392,-0.992802705077946,0.553
"3951",8,21,37,"SGP",0.0823303137640883,-1.1892626157641,0.578
"3952",8,21,38,"SGP",0.0736135869263435,-1.22469241492283,0.5665
"3953",8,21,1,"SGP50",1.62788410564678,2.39472361339399,0.1865
"3954",8,21,2,"SGP50",0.765297152687769,1.90712970131967,0.4985
"3955",8,21,3,"SGP50",0.936179756185255,2.19828416580188,0.695
"3956",8,21,4,"SGP50",2.71207383106364,3.15227586552384,0.054
"3957",8,21,5,"SGP50",1.49191341765666,2.27023635326706,0.1885
"3958",8,21,6,"SGP50",0.769347952877454,2.06939860827761,0.4785
"3959",8,21,7,"SGP50",1.34213920670726,2.52526246469526,0.7845
"3960",8,21,8,"SGP50",3.43169875893041,3.55447134073281,0.0335
"3961",8,21,9,"SGP50",2.02501697969971,2.50609636651682,0.1255
"3962",8,21,10,"SGP50",1.91369781830225,2.53349847990719,0.1395
"3963",8,21,11,"SGP50",0.676700114355278,1.85489131854055,0.3645
"3964",8,21,12,"SGP50",1.42463876707786,2.24208694618549,0.1365
"3965",8,21,13,"SGP50",0.882819027714806,1.17885585435233,0.237
"3966",8,21,14,"SGP50",0.258099633908036,-0.0138952409260335,0.3355
"3967",8,21,15,"SGP50",0.16302804265713,-0.365297372357537,0.318
"3968",8,21,16,"SGP50",0.131525469223999,-0.608788775970852,0.3215
"3969",8,21,17,"SGP50",0.099995035235366,-0.869855106770273,0.33
"3970",8,21,18,"SGP50",0.0945640473812375,-0.87055360990707,0.316
"3971",8,21,19,"SGP50",0.0866140626733322,-1.16914327941397,0.3105
"3972",8,21,20,"SGP50",0.0817854049868841,-1.38366874402059,0.3135
"3973",8,21,21,"SGP50",0.0744591758582534,-1.63304823936307,0.311
"3974",8,21,22,"SGP50",0.0674041106468079,-1.61478290132663,0.3025
"3975",8,21,23,"SGP50",0.0623908184727095,-1.73087586506394,0.3045
"3976",8,21,24,"SGP50",0.061516307498858,-1.76405070990241,0.3195
"3977",8,21,25,"SGP50",0.0600620930826271,-1.90895717868654,0.3225
"3978",8,21,26,"SGP50",0.0566759453597772,-1.82617616336778,0.2965
"3979",8,21,27,"SGP50",0.0590234561981635,-1.76206282215695,0.292
"3980",8,21,28,"SGP50",0.0538799120349898,-1.98720915327602,0.2925
"3981",8,21,29,"SGP50",0.0541515102714927,-2.10428744155845,0.3165
"3982",8,21,30,"SGP50",0.0538298772496454,-1.73746374357282,0.3045
"3983",8,21,31,"SGP50",0.0493489201581393,-1.90042380436738,0.313
"3984",8,21,32,"SGP50",0.0537831449687266,-2.399183810377,0.287
"3985",8,21,33,"SGP50",0.0569497142781435,-2.30736192864833,0.296
"3986",8,21,34,"SGP50",0.0520398867631329,-2.33361491177618,0.296
"3987",8,21,35,"SGP50",0.0510499892116725,-2.11839166744106,0.2985
"3988",8,21,36,"SGP50",0.0518212246285663,-1.91861811326329,0.2875
"3989",8,21,37,"SGP50",0.051683867441259,-2.05096778067611,0.3
"3990",8,21,38,"SGP50",0.0475299328288396,-2.13199285682636,0.302
"3991",8,22,1,"BMA",2.2550738632044,2.83758156578991,0.3015
"3992",8,22,2,"BMA",1.32161137962944,2.60483603707328,0.618
"3993",8,22,3,"BMA",2.33695371533149,2.98061506973256,0.819
"3994",8,22,4,"BMA",1.25016727180051,2.48539371752946,0.3765
"3995",8,22,5,"BMA",1.0272645646257,2.3856420204106,0.5675
"3996",8,22,6,"BMA",0.984016652852944,2.33013076832548,0.4135
"3997",8,22,7,"BMA",1.7132343057468,2.55908918611564,0.7915
"3998",8,22,8,"BMA",3.40968866298561,3.37472563348533,0.9295
"3999",8,22,9,"BMA",0.938723092051944,2.28880409757756,0.551
"4000",8,22,10,"BMA",5.20583241727574,3.98486005739897,0.967
"4001",8,22,11,"BMA",1.52639164792612,2.53337025203964,0.285
"4002",8,22,12,"BMA",3.26904295231675,3.09465523487213,0.909
"4003",8,22,13,"BMA",1.02785545725671,2.34163046651978,0.6115
"4004",8,22,14,"BMA",4.39810102931813,3.71376332305866,0.963
"4005",8,22,15,"BMA",7.37837730010493,5.75526943019653,0.996
"4006",8,22,16,"BMA",1.04156408866199,2.3402278972907,0.423
"4007",8,22,17,"BMA",6.87619712969929,4.38787475674976,0.9845
"4008",8,22,18,"BMA",9.92206917873039,6.58466942517244,0.9975
"4009",8,22,19,"BMA",6.43962525439343,4.11102703653859,0.065
"4010",8,22,20,"BMA",1.3720359579377,2.7133043060625,0.5855
"4011",8,22,21,"BMA",3.67504262533506,3.26866769927583,0.8755
"4012",8,22,22,"BMA",4.40061641518679,3.37833023261814,0.12
"4013",8,22,23,"BMA",3.32308324136462,3.10227963711443,0.8345
"4014",8,22,24,"BMA",3.96824329368334,3.31723073926301,0.895
"4015",8,22,25,"BMA",1.38425939836785,2.64902982069573,0.5405
"4016",8,22,26,"BMA",6.80446204843283,4.17162787232658,0.0325
"4017",8,22,27,"BMA",7.9216617617705,4.63486531588633,0.026
"4018",8,22,28,"BMA",1.65471066062759,2.75635037212317,0.6125
"4019",8,22,29,"BMA",5.42002346190185,3.74419428920918,0.0645
"4020",8,22,30,"BMA",9.76138745756505,5.40347564388267,0.0095
"4021",8,22,31,"BMA",4.50224189835039,3.46342172188049,0.1385
"4022",8,22,32,"BMA",1.96470143842673,2.84522882433801,0.3305
"4023",8,22,33,"BMA",1.43887666715972,2.75476922357404,0.499
"4024",8,22,34,"BMA",9.43947932678316,4.83453455462515,0.0185
"4025",8,22,35,"BMA",7.48534476380436,4.28892700312144,0.0305
"4026",8,22,36,"BMA",1.99042570265002,3.03540237152948,0.336
"4027",8,22,37,"BMA",1.85108290149585,2.89846869837429,0.3665
"4028",8,22,38,"BMA",1.62947939542584,2.85228775399036,0.4205
"4029",8,22,1,"AVS",2.2550738632044,2.84396115874185,0.322
"4030",8,22,2,"AVS",1.33108914370439,2.5629261198204,0.651
"4031",8,22,3,"AVS",2.52673066368708,2.93384612061404,0.8225
"4032",8,22,4,"AVS",1.24189552813514,2.55914569868152,0.392
"4033",8,22,5,"AVS",1.0690664545521,2.41970681520282,0.5655
"4034",8,22,6,"AVS",1.03815996027306,2.31876697421223,0.3915
"4035",8,22,7,"AVS",1.61148171369371,2.56009099088189,0.7465
"4036",8,22,8,"AVS",3.61713822491593,3.34989701949704,0.919
"4037",8,22,9,"AVS",1.13718902240763,2.36962649599151,0.6215
"4038",8,22,10,"AVS",5.21470600407093,4.12896501320287,0.9765
"4039",8,22,11,"AVS",1.551759366848,2.53247523273447,0.2535
"4040",8,22,12,"AVS",3.22301170530018,3.14248328632743,0.9165
"4041",8,22,13,"AVS",1.02730003927455,2.29383250210695,0.644
"4042",8,22,14,"AVS",4.72427512967856,3.7156510378297,0.9675
"4043",8,22,15,"AVS",7.33173024129669,5.78744019067776,0.998
"4044",8,22,16,"AVS",1.04988537773264,2.30785659786412,0.4045
"4045",8,22,17,"AVS",6.91985056667206,4.88065173160382,0.9875
"4046",8,22,18,"AVS",9.21045035891547,6.68154882681391,0.9975
"4047",8,22,19,"AVS",8.29907471687111,5.12054128931432,0.0085
"4048",8,22,20,"AVS",1.38468353163412,2.65381201424209,0.616
"4049",8,22,21,"AVS",3.66808847557405,3.19604635378284,0.8695
"4050",8,22,22,"AVS",5.23655421045327,3.8289915688684,0.075
"4051",8,22,23,"AVS",3.45645850169727,3.22220441811641,0.847
"4052",8,22,24,"AVS",3.75244399035041,3.22408837727771,0.8775
"4053",8,22,25,"AVS",1.1993635424936,2.54414428607077,0.482
"4054",8,22,26,"AVS",7.94260120246582,4.6489700356419,0.016
"4055",8,22,27,"AVS",8.02966793580677,4.5454457107525,0.026
"4056",8,22,28,"AVS",1.69389243559745,2.79060872460271,0.6515
"4057",8,22,29,"AVS",5.34133020876105,3.59260218773362,0.063
"4058",8,22,30,"AVS",9.6900223455257,5.39890215243243,0.008
"4059",8,22,31,"AVS",4.50716875992502,3.45174388889989,0.1315
"4060",8,22,32,"AVS",1.96990530535647,2.76610958872611,0.3425
"4061",8,22,33,"AVS",1.43790882240188,2.78358707007741,0.5135
"4062",8,22,34,"AVS",9.48265165385981,4.98509379271769,0.0115
"4063",8,22,35,"AVS",7.63574350579201,4.29803619625042,0.03
"4064",8,22,36,"AVS",1.83485377821579,2.99816503254007,0.4315
"4065",8,22,37,"AVS",1.81566783994311,2.81288765659359,0.369
"4066",8,22,38,"AVS",1.62258157970356,2.93960691439088,0.418
"4067",8,22,1,"EQW",2.2550738632044,2.82517855704803,0.332
"4068",8,22,2,"EQW",1.50457526543515,2.71716494909316,0.5405
"4069",8,22,3,"EQW",1.92705076637795,2.94502643178656,0.67
"4070",8,22,4,"EQW",1.65351675610541,2.57864340787087,0.336
"4071",8,22,5,"EQW",1.16277228944472,2.50583372989043,0.53
"4072",8,22,6,"EQW",1.11301296214896,2.453215756332,0.439
"4073",8,22,7,"EQW",1.90473906314757,2.77072628025473,0.7715
"4074",8,22,8,"EQW",3.97645509030764,3.51909781716342,0.9135
"4075",8,22,9,"EQW",1.62595397000055,2.60930847563632,0.6685
"4076",8,22,10,"EQW",6.03657717106068,4.12661939638751,0.9565
"4077",8,22,11,"EQW",1.63295749456276,2.84273320315077,0.505
"4078",8,22,12,"EQW",4.08004265348011,3.39103921468759,0.9045
"4079",8,22,13,"EQW",2.038126278544,2.71657359337019,0.698
"4080",8,22,14,"EQW",5.47162719874553,3.80936472330583,0.9425
"4081",8,22,15,"EQW",8.95819026082885,5.00870122852289,0.9845
"4082",8,22,16,"EQW",2.39693577818126,2.89460219375338,0.639
"4083",8,22,17,"EQW",8.25405042438814,4.57304260852251,0.972
"4084",8,22,18,"EQW",13.1473081560047,6.18764352319077,0.9945
"4085",8,22,19,"EQW",3.35142237018466,3.69978617788628,0.504
"4086",8,22,20,"EQW",2.45496393065826,2.98191263950667,0.632
"4087",8,22,21,"EQW",4.68572000269717,3.43771414034843,0.8535
"4088",8,22,22,"EQW",3.02817087555366,3.39155718710327,0.316
"4089",8,22,23,"EQW",3.3813673496232,3.21801098538335,0.7825
"4090",8,22,24,"EQW",4.79681185486905,3.46331324705555,0.853
"4091",8,22,25,"EQW",2.79636305080361,3.21599203072668,0.675
"4092",8,22,26,"EQW",3.98644913365175,3.53674448287352,0.2305
"4093",8,22,27,"EQW",7.59555879520091,4.21577206599889,0.063
"4094",8,22,28,"EQW",1.97596518279116,2.96026502278444,0.432
"4095",8,22,29,"EQW",6.26995117288846,3.84689182360235,0.094
"4096",8,22,30,"EQW",11.3887826679516,5.15741565017176,0.0165
"4097",8,22,31,"EQW",6.15737496526508,3.68309860223526,0.0905
"4098",8,22,32,"EQW",2.95372970082042,3.06887071502562,0.2955
"4099",8,22,33,"EQW",1.95523924613869,3.02448936579102,0.4915
"4100",8,22,34,"EQW",7.97741563222665,4.13784627008221,0.0455
"4101",8,22,35,"EQW",7.64976013319313,3.96608717142878,0.0765
"4102",8,22,36,"EQW",3.57815873547272,3.52778927022552,0.2655
"4103",8,22,37,"EQW",3.18821962971828,3.28275209939601,0.276
"4104",8,22,38,"EQW",2.57173289045999,3.12413070345379,0.309
"4105",8,22,1,"SGP",2.2550738632044,2.85557957528248,0.309
"4106",8,22,2,"SGP",1.34490750175348,2.5352030865891,0.642
"4107",8,22,3,"SGP",2.50434319297011,2.88437778325211,0.826
"4108",8,22,4,"SGP",1.26835161480466,2.4620281028815,0.32
"4109",8,22,5,"SGP",1.01143376036117,2.34449537558689,0.593
"4110",8,22,6,"SGP",0.946907859126176,2.26855035488202,0.394
"4111",8,22,7,"SGP",1.76916554837586,2.57184229005217,0.8045
"4112",8,22,8,"SGP",3.37066084308865,3.23028828285956,0.932
"4113",8,22,9,"SGP",0.84906129823507,2.18494264217834,0.52
"4114",8,22,10,"SGP",5.16946499826802,4.10510139783465,0.973
"4115",8,22,11,"SGP",1.68178144721752,2.61000411828035,0.24
"4116",8,22,12,"SGP",3.24368630075085,3.21436327104917,0.9195
"4117",8,22,13,"SGP",0.972994458914168,2.26622355185512,0.6215
"4118",8,22,14,"SGP",4.1247572665024,3.51885112713021,0.962
"4119",8,22,15,"SGP",7.53372781346168,5.82921943575659,0.997
"4120",8,22,16,"SGP",1.25075810036149,2.49465998950617,0.3205
"4121",8,22,17,"SGP",6.01704974824169,4.3188223939607,0.9815
"4122",8,22,18,"SGP",8.61534434065901,6.2664953833509,0.9975
"4123",8,22,19,"SGP",7.71428436594563,4.86590339797086,0.0345
"4124",8,22,20,"SGP",1.12439998957002,2.51247613940262,0.438
"4125",8,22,21,"SGP",2.58773613119394,2.93238746073393,0.816
"4126",8,22,22,"SGP",6.11031032507582,4.12983693377857,0.041
"4127",8,22,23,"SGP",2.17757467443244,2.76499187859818,0.769
"4128",8,22,24,"SGP",2.68502707047872,2.9441146242569,0.824
"4129",8,22,25,"SGP",1.1738916277081,2.50869681956338,0.4565
"4130",8,22,26,"SGP",8.12504826937452,4.65127095463628,0.017
"4131",8,22,27,"SGP",9.69325054679026,5.52955892438168,0.009
"4132",8,22,28,"SGP",1.31023239107403,2.71000043201976,0.4945
"4133",8,22,29,"SGP",7.10998161759147,4.50411449591079,0.029
"4134",8,22,30,"SGP",11.4688392806178,6.15668803463026,0.003
"4135",8,22,31,"SGP",4.4525783775958,3.44849088573674,0.117
"4136",8,22,32,"SGP",1.98595768700497,2.92683435123798,0.3115
"4137",8,22,33,"SGP",1.37544193792904,2.66943694425816,0.5295
"4138",8,22,34,"SGP",9.77521379384338,4.96861780021266,0.018
"4139",8,22,35,"SGP",3.0949768431337,3.18083769750934,0.1905
"4140",8,22,36,"SGP",2.80186525406825,2.94862647746246,0.759
"4141",8,22,37,"SGP",2.03029776009003,2.78914252442614,0.7145
"4142",8,22,38,"SGP",2.07273856401246,2.87965303402715,0.71
"4143",8,22,1,"SGP50",2.2550738632044,2.88068158888566,0.296
"4144",8,22,2,"SGP50",1.47419782041166,2.74612908588003,0.546
"4145",8,22,3,"SGP50",1.95525390729866,2.91547415948298,0.6825
"4146",8,22,4,"SGP50",1.5667529482695,2.63068572815747,0.345
"4147",8,22,5,"SGP50",1.12379105078073,2.52401520699632,0.5315
"4148",8,22,6,"SGP50",1.08046707458932,2.4822698462874,0.4145
"4149",8,22,7,"SGP50",1.83664076807368,2.69831416722035,0.7685
"4150",8,22,8,"SGP50",3.82707970281946,3.27848863450297,0.9
"4151",8,22,9,"SGP50",1.42641263971938,2.52999938030529,0.6505
"4152",8,22,10,"SGP50",5.81495461375189,4.17265311136816,0.9635
"4153",8,22,11,"SGP50",1.50325930656894,2.73735227194013,0.4335
"4154",8,22,12,"SGP50",3.83349192830291,3.37437290830415,0.9085
"4155",8,22,13,"SGP50",1.69868096266331,2.52522836432886,0.6775
"4156",8,22,14,"SGP50",5.11617262613171,3.86543359712252,0.9555
"4157",8,22,15,"SGP50",8.43898094868793,5.29305380279579,0.985
"4158",8,22,16,"SGP50",1.76976174679115,2.75364780227174,0.578
"4159",8,22,17,"SGP50",7.58332603961549,4.67558002495316,0.982
"4160",8,22,18,"SGP50",11.8162331203943,6.40044805484684,0.996
"4161",8,22,19,"SGP50",3.24863068466794,3.58085192140428,0.343
"4162",8,22,20,"SGP50",1.81668128553245,2.87717379793193,0.607
"4163",8,22,21,"SGP50",4.0220848516058,3.2604985880309,0.862
"4164",8,22,22,"SGP50",3.56367711680842,3.50931333101087,0.227
"4165",8,22,23,"SGP50",3.15950360238044,3.05841770588797,0.7935
"4166",8,22,24,"SGP50",4.21742831084568,3.4084933677748,0.8695
"4167",8,22,25,"SGP50",1.98014630621198,2.88343442793842,0.6045
"4168",8,22,26,"SGP50",5.0666670413248,3.74872920845745,0.148
"4169",8,22,27,"SGP50",7.89643244002449,4.32641104582668,0.051
"4170",8,22,28,"SGP50",1.58348312651924,2.8597202039567,0.501
"4171",8,22,29,"SGP50",6.120521912282,3.84149968966504,0.0705
"4172",8,22,30,"SGP50",10.788905545817,5.20642730085149,0.0135
"4173",8,22,31,"SGP50",5.01638415392618,3.51331925063458,0.1135
"4174",8,22,32,"SGP50",2.2079721803216,2.90249441630633,0.326
"4175",8,22,33,"SGP50",1.59743654446,2.867963565562,0.4975
"4176",8,22,34,"SGP50",8.4210814657805,4.33707019927438,0.03
"4177",8,22,35,"SGP50",5.9500099867272,3.73567865525042,0.1025
"4178",8,22,36,"SGP50",2.22162146573548,3.24800285796698,0.417
"4179",8,22,37,"SGP50",1.98150915050031,3.04082633685134,0.409
"4180",8,22,38,"SGP50",1.75937400837487,2.93880718883781,0.4225
"4181",8,23,1,"BMA",0.816937599723691,2.09734988939439,0.4135
"4182",8,23,2,"BMA",0.708467452546832,1.8365100263808,0.3555
"4183",8,23,3,"BMA",2.59058136180993,3.5568913272337,0.948
"4184",8,23,4,"BMA",3.83872211996493,3.5672625371706,0.937
"4185",8,23,5,"BMA",3.98833276866462,3.57556521788931,0.9365
"4186",8,23,6,"BMA",8.26594391396044,5.11743915606839,0.974
"4187",8,23,7,"BMA",2.68237861722573,3.33521151430038,0.605
"4188",8,23,8,"BMA",2.2928786643505,3.20368022603638,0.5885
"4189",8,23,9,"BMA",5.79027896773119,3.79765730501017,0.854
"4190",8,23,10,"BMA",2.65436954473362,3.18228344990374,0.636
"4191",8,23,11,"BMA",7.28777736055384,3.90026835670087,0.8855
"4192",8,23,12,"BMA",6.59152447374599,3.78086040414784,0.873
"4193",8,23,13,"BMA",9.24410275532034,4.19503683473173,0.925
"4194",8,23,14,"BMA",4.54911709148166,3.48717259014925,0.7605
"4195",8,23,15,"BMA",4.19428092951933,3.41927141641399,0.749
"4196",8,23,16,"BMA",6.62468991110005,3.75167519048633,0.8485
"4197",8,23,17,"BMA",2.46256104678642,3.27352691312858,0.5355
"4198",8,23,18,"BMA",2.34887121924158,3.15195412561265,0.5785
"4199",8,23,19,"BMA",2.16762037998419,3.16642896027907,0.3865
"4200",8,23,20,"BMA",2.04571814999045,3.0070064411156,0.3845
"4201",8,23,21,"BMA",4.60756701827274,3.43182608490617,0.1385
"4202",8,23,22,"BMA",1.655612159891,2.83975192705388,0.4865
"4203",8,23,23,"BMA",3.51318422181918,3.27612574442468,0.1615
"4204",8,23,24,"BMA",2.12678202428424,2.95191498371719,0.297
"4205",8,23,25,"BMA",3.1681784136527,3.09827708732004,0.8065
"4206",8,23,26,"BMA",3.54758514160107,3.36936036319084,0.231
"4207",8,23,27,"BMA",1.89134188712373,2.84302594951166,0.6565
"4208",8,23,28,"BMA",2.34374027440186,3.14043321575505,0.33
"4209",8,23,29,"BMA",2.86060907281232,3.06305321612015,0.254
"4210",8,23,30,"BMA",2.02118437436314,2.8023355462628,0.3105
"4211",8,23,31,"BMA",2.20079982328141,2.90066408047556,0.7365
"4212",8,23,32,"BMA",3.18213867792782,3.10336296544271,0.8245
"4213",8,23,33,"BMA",4.04789398731821,3.36071786258545,0.8325
"4214",8,23,34,"BMA",1.89445342218913,3.1057493970756,0.5005
"4215",8,23,35,"BMA",1.59458855203584,2.87357594583987,0.571
"4216",8,23,36,"BMA",1.39567219282337,2.73247470592921,0.5285
"4217",8,23,37,"BMA",1.30162555564171,2.63347845805227,0.5715
"4218",8,23,38,"BMA",1.21436542142589,2.63315613639235,0.5425
"4219",8,23,1,"AVS",0.816937599723691,2.04444865049742,0.396
"4220",8,23,2,"AVS",0.635952792152351,1.80737222976149,0.393
"4221",8,23,3,"AVS",2.62091179613672,3.28692253991604,0.9365
"4222",8,23,4,"AVS",4.44750108322795,3.71620066619045,0.9525
"4223",8,23,5,"AVS",3.97260759280166,3.61971879979228,0.9345
"4224",8,23,6,"AVS",8.43703096852208,5.4667410563751,0.987
"4225",8,23,7,"AVS",1.89592012513817,3.00269896870222,0.5755
"4226",8,23,8,"AVS",2.01849544610711,2.90575332128598,0.674
"4227",8,23,9,"AVS",6.38012702161529,4.18587629363556,0.939
"4228",8,23,10,"AVS",2.43210745403674,3.20672154392765,0.5935
"4229",8,23,11,"AVS",7.33481506104865,4.11909759865161,0.913
"4230",8,23,12,"AVS",5.42132032224922,3.53645684066026,0.8535
"4231",8,23,13,"AVS",2.19437853537866,2.70226344315641,0.8215
"4232",8,23,14,"AVS",3.33350596646246,3.37479833882049,0.078
"4233",8,23,15,"AVS",1.53630503418166,2.42026990125971,0.2555
"4234",8,23,16,"AVS",2.89732246851771,3.03490368017749,0.881
"4235",8,23,17,"AVS",4.87391931135124,3.81697693381003,0.032
"4236",8,23,18,"AVS",0.965756617631539,2.23292515009294,0.423
"4237",8,23,19,"AVS",3.63849132352845,3.24273842766789,0.0645
"4238",8,23,20,"AVS",3.02452842733311,3.11369777451784,0.113
"4239",8,23,21,"AVS",8.35443866057789,5.36919526008087,0.0055
"4240",8,23,22,"AVS",1.26390842778851,2.63374372547428,0.451
"4241",8,23,23,"AVS",3.1101985169455,2.9339954328093,0.138
"4242",8,23,24,"AVS",1.73344876089163,2.68039549070885,0.237
"4243",8,23,25,"AVS",5.37635556373907,4.09167651947412,0.968
"4244",8,23,26,"AVS",4.83065869822432,3.42800450390544,0.0785
"4245",8,23,27,"AVS",1.01922430711949,2.37761577341562,0.462
"4246",8,23,28,"AVS",2.73308779059892,2.87478051912175,0.158
"4247",8,23,29,"AVS",2.54490169155134,2.77155504624913,0.159
"4248",8,23,30,"AVS",1.14892973954483,2.41169389418517,0.331
"4249",8,23,31,"AVS",6.58997626261484,4.44671178682542,0.9885
"4250",8,23,32,"AVS",3.05998216257206,3.10185861406434,0.873
"4251",8,23,33,"AVS",1.60036509810022,2.57271441396199,0.6945
"4252",8,23,34,"AVS",3.00395308255107,2.88966213558141,0.132
"4253",8,23,35,"AVS",1.12109508212408,2.52790317397713,0.397
"4254",8,23,36,"AVS",0.970477175343264,2.46960411342453,0.542
"4255",8,23,37,"AVS",1.14289839038719,2.40785979800241,0.6385
"4256",8,23,38,"AVS",1.06762629245545,2.36088452921349,0.568
"4257",8,23,1,"EQW",0.816937599723691,2.11852865766228,0.395
"4258",8,23,2,"EQW",0.900882805648137,1.8974299102065,0.333
"4259",8,23,3,"EQW",1.94000082091343,2.91026049169309,0.826
"4260",8,23,4,"EQW",3.52142061157339,3.46558845798781,0.92
"4261",8,23,5,"EQW",3.93467334220098,3.69488262440098,0.946
"4262",8,23,6,"EQW",7.89712633543505,4.98791426001084,0.971
"4263",8,23,7,"EQW",2.22627043226787,3.25398844013368,0.5425
"4264",8,23,8,"EQW",2.05948481973474,2.90784781345742,0.678
"4265",8,23,9,"EQW",5.8779122282022,3.91672345734037,0.9255
"4266",8,23,10,"EQW",2.1785469110798,3.18930005441827,0.528
"4267",8,23,11,"EQW",5.64649238749702,3.66513154708245,0.9105
"4268",8,23,12,"EQW",3.61505970138132,3.10319776636051,0.784
"4269",8,23,13,"EQW",5.55777483853649,3.52055272234611,0.8945
"4270",8,23,14,"EQW",2.31665757260599,3.17748792413649,0.5715
"4271",8,23,15,"EQW",2.24681183707409,3.0348403454643,0.613
"4272",8,23,16,"EQW",5.34309972498128,3.53647740022795,0.8835
"4273",8,23,17,"EQW",2.38611686745614,3.28795649949052,0.453
"4274",8,23,18,"EQW",2.42440937455962,2.98457292458318,0.6635
"4275",8,23,19,"EQW",2.11071946513725,3.16860506941674,0.42
"4276",8,23,20,"EQW",1.89652599958334,2.99652758445425,0.418
"4277",8,23,21,"EQW",4.33496130474562,3.51117975793677,0.1715
"4278",8,23,22,"EQW",1.50417505131077,2.88600515169912,0.451
"4279",8,23,23,"EQW",2.97804264475145,3.02217472535436,0.2045
"4280",8,23,24,"EQW",2.17203436773736,2.86500038197824,0.2885
"4281",8,23,25,"EQW",3.64297239379011,3.31144041382532,0.825
"4282",8,23,26,"EQW",2.7868063901712,3.14730603348395,0.261
"4283",8,23,27,"EQW",1.44880229083434,2.71271774179945,0.5465
"4284",8,23,28,"EQW",2.23222072500448,3.00216094137902,0.2735
"4285",8,23,29,"EQW",3.26156363600975,3.15231319053415,0.173
"4286",8,23,30,"EQW",2.38903464005318,2.81559149641779,0.2345
"4287",8,23,31,"EQW",2.35782361977703,2.90467989510866,0.712
"4288",8,23,32,"EQW",1.98827693127575,2.85497103925787,0.7085
"4289",8,23,33,"EQW",2.21756446530333,2.91969972955661,0.7305
"4290",8,23,34,"EQW",1.68206671867093,2.93860068855376,0.437
"4291",8,23,35,"EQW",1.36126051047974,2.68752490691865,0.5675
"4292",8,23,36,"EQW",1.36540897600907,2.62462041670879,0.5855
"4293",8,23,37,"EQW",1.5375044824702,2.66807844562163,0.6535
"4294",8,23,38,"EQW",1.56953030727692,2.67737419804247,0.649
"4295",8,23,1,"SGP",0.816937599723691,2.02653559119583,0.4145
"4296",8,23,2,"SGP",0.668689656716562,1.80158495954372,0.374
"4297",8,23,3,"SGP",2.5878800268742,3.64462982544349,0.9345
"4298",8,23,4,"SGP",4.55594339724779,3.90819241185245,0.9785
"4299",8,23,5,"SGP",3.75586982849906,3.78647482705373,0.9655
"4300",8,23,6,"SGP",8.17401456036811,6.35913874859901,0.992
"4301",8,23,7,"SGP",1.76630281053742,3.06163068546451,0.482
"4302",8,23,8,"SGP",2.16748905457006,2.80828220132105,0.8095
"4303",8,23,9,"SGP",6.62820350292229,4.29413756760742,0.975
"4304",8,23,10,"SGP",4.50527036027031,3.84101277428353,0.106
"4305",8,23,11,"SGP",4.98428169152886,3.62489388520065,0.951
"4306",8,23,12,"SGP",0.97154626156523,2.36198276186264,0.554
"4307",8,23,13,"SGP",2.03910846828467,2.72079082577759,0.833
"4308",8,23,14,"SGP",3.18307768687375,3.26600877947698,0.0995
"4309",8,23,15,"SGP",1.50754751232417,2.4714642909829,0.278
"4310",8,23,16,"SGP",2.93987993913048,3.0502993533533,0.887
"4311",8,23,17,"SGP",4.73922901969595,3.82456082568782,0.0425
"4312",8,23,18,"SGP",0.971323974730639,2.25798671563311,0.428
"4313",8,23,19,"SGP",3.57267197826125,3.34408719478892,0.0785
"4314",8,23,20,"SGP",2.98364089725794,3.1989494325033,0.1215
"4315",8,23,21,"SGP",8.3162134833899,5.45782935775984,0.0075
"4316",8,23,22,"SGP",1.4475464776733,2.57155909337542,0.306
"4317",8,23,23,"SGP",2.24264127782276,2.64745400827297,0.1765
"4318",8,23,24,"SGP",1.68978318280202,2.60854824670312,0.232
"4319",8,23,25,"SGP",5.57829009677519,4.35523802931332,0.977
"4320",8,23,26,"SGP",3.30267449710846,2.99060677210442,0.106
"4321",8,23,27,"SGP",1.00685413320163,2.3586466583836,0.4475
"4322",8,23,28,"SGP",2.61400641724846,2.78853842038067,0.1645
"4323",8,23,29,"SGP",2.53730569900411,2.97130279105002,0.1455
"4324",8,23,30,"SGP",1.1633688830838,2.42803149068947,0.3295
"4325",8,23,31,"SGP",6.50459364512338,4.60829323781375,0.9885
"4326",8,23,32,"SGP",2.72471997879085,2.93983919340181,0.8445
"4327",8,23,33,"SGP",1.25479354297617,2.44320499745994,0.66
"4328",8,23,34,"SGP",2.97289062355557,2.88967305638792,0.1275
"4329",8,23,35,"SGP",1.11195477567904,2.40451848335932,0.3865
"4330",8,23,36,"SGP",0.974630009564012,2.46643163554551,0.5325
"4331",8,23,37,"SGP",1.1491325861248,2.43542283313483,0.642
"4332",8,23,38,"SGP",1.07341142003889,2.40959610621514,0.585
"4333",8,23,1,"SGP50",0.816937599723691,2.06105673438325,0.426
"4334",8,23,2,"SGP50",0.892106584976905,1.93998206089012,0.321
"4335",8,23,3,"SGP50",1.97040480065591,2.91150394882399,0.8475
"4336",8,23,4,"SGP50",3.56175663893015,3.32152583469013,0.9295
"4337",8,23,5,"SGP50",3.9324564154455,3.62494552065911,0.9395
"4338",8,23,6,"SGP50",7.8974114598377,5.67322492805519,0.97
"4339",8,23,7,"SGP50",2.19281632193612,3.20947014050382,0.5205
"4340",8,23,8,"SGP50",2.01648081815892,2.78061792977167,0.6895
"4341",8,23,9,"SGP50",5.8574781128602,3.91931374645906,0.931
"4342",8,23,10,"SGP50",2.14289113273133,3.20394468415977,0.4925
"4343",8,23,11,"SGP50",5.5783797238211,3.74399888013971,0.9245
"4344",8,23,12,"SGP50",3.35184033934284,3.18901264962428,0.7975
"4345",8,23,13,"SGP50",5.21476706021271,3.38899140977305,0.894
"4346",8,23,14,"SGP50",2.09690986776585,3.10578797354267,0.535
"4347",8,23,15,"SGP50",1.97089125680634,2.86642234594082,0.5755
"4348",8,23,16,"SGP50",4.91747270125064,3.51020852786573,0.8905
"4349",8,23,17,"SGP50",2.27839608040306,3.23039785235266,0.405
"4350",8,23,18,"SGP50",1.88085436143945,2.84664360456551,0.619
"4351",8,23,19,"SGP50",2.08641841011908,3.06644927798437,0.344
"4352",8,23,20,"SGP50",1.91799389764507,2.97142409692159,0.3425
"4353",8,23,21,"SGP50",5.14485117558806,3.709779000616,0.111
"4354",8,23,22,"SGP50",1.42010016014576,2.7113801127296,0.455
"4355",8,23,23,"SGP50",2.96082596388383,3.07360356109378,0.169
"4356",8,23,24,"SGP50",2.03173369836088,2.76067037504725,0.2615
"4357",8,23,25,"SGP50",3.83289738777851,3.42668881239925,0.8535
"4358",8,23,26,"SGP50",3.19854552520986,3.12459635620249,0.199
"4359",8,23,27,"SGP50",1.27163073785746,2.61390796364793,0.5095
"4360",8,23,28,"SGP50",2.49974361322327,3.02821469341544,0.2285
"4361",8,23,29,"SGP50",3.30174267788112,3.12522859023386,0.161
"4362",8,23,30,"SGP50",2.11373072952642,2.75344132260589,0.246
"4363",8,23,31,"SGP50",2.96488983289848,3.14713751761087,0.7765
"4364",8,23,32,"SGP50",1.940010295356,2.79330590428879,0.7025
"4365",8,23,33,"SGP50",1.7632830816153,2.76106519355802,0.6895
"4366",8,23,34,"SGP50",1.99087198739337,2.97748976530322,0.35
"4367",8,23,35,"SGP50",1.28029108588758,2.66634403691524,0.4885
"4368",8,23,36,"SGP50",1.25335315070581,2.58530270221837,0.538
"4369",8,23,37,"SGP50",1.37399698160679,2.64698961039944,0.61
"4370",8,23,38,"SGP50",1.361665254944,2.6002022605626,0.605
"4371",8,24,1,"BMA",7.20221949709773,4.07042930584193,0.826
"4372",8,24,2,"BMA",12.3881393856453,4.74405829441337,0.9345
"4373",8,24,3,"BMA",4.57206759942079,3.89140914479397,0.54
"4374",8,24,4,"BMA",8.47831151126742,4.07669786764976,0.2245
"4375",8,24,5,"BMA",8.4934794683868,4.19259493729967,0.841
"4376",8,24,6,"BMA",6.03170425094752,3.86944483829178,0.733
"4377",8,24,7,"BMA",33.7357483955382,7.14678016341019,0.9935
"4378",8,24,8,"BMA",9.94245469792529,4.29266693899187,0.777
"4379",8,24,9,"BMA",5.87978623621594,3.95777158861841,0.3365
"4380",8,24,10,"BMA",5.04107670425627,3.94698038005265,0.433
"4381",8,24,11,"BMA",4.58763943924794,3.87351282403067,0.541
"4382",8,24,12,"BMA",3.81805068085453,3.74965907790195,0.493
"4383",8,24,13,"BMA",3.83349452925538,3.65953749262268,0.6275
"4384",8,24,14,"BMA",14.3668052210087,4.73504396400423,0.939
"4385",8,24,15,"BMA",3.4323001164137,3.58238869198306,0.5445
"4386",8,24,16,"BMA",2.83952062832413,3.39837660352415,0.4705
"4387",8,24,17,"BMA",2.83740956744825,3.44555851659202,0.464
"4388",8,24,18,"BMA",4.69218743705832,3.63636856441596,0.2625
"4389",8,24,19,"BMA",4.20238722514516,3.48117746747146,0.26
"4390",8,24,20,"BMA",3.79350870381541,3.34958615037294,0.2775
"4391",8,24,21,"BMA",3.6406071511005,3.33433610087565,0.2765
"4392",8,24,22,"BMA",2.17125263964055,3.17427046324732,0.4515
"4393",8,24,23,"BMA",2.43206224256848,3.10370962286451,0.363
"4394",8,24,24,"BMA",7.13149932080598,3.86550218206621,0.0815
"4395",8,24,25,"BMA",3.16850285616278,3.154243744022,0.26
"4396",8,24,26,"BMA",2.46809812005435,2.97523642684363,0.3025
"4397",8,24,27,"BMA",2.56622083322184,2.97658499774713,0.2255
"4398",8,24,28,"BMA",3.52179209323809,3.21883137861965,0.1435
"4399",8,24,29,"BMA",6.53999240170357,4.14662827382978,0.0395
"4400",8,24,30,"BMA",4.59716459115228,3.5303501707531,0.088
"4401",8,24,31,"BMA",5.31437264847925,3.82588334088616,0.074
"4402",8,24,32,"BMA",2.88269960917149,3.04829454912974,0.2115
"4403",8,24,33,"BMA",3.00777323552551,3.22064079450066,0.156
"4404",8,24,34,"BMA",1.95175105503096,2.63734473342959,0.2245
"4405",8,24,35,"BMA",4.25686076283401,3.80678966332086,0.046
"4406",8,24,36,"BMA",2.81027576200044,3.23476763156763,0.1465
"4407",8,24,37,"BMA",3.00433513547152,3.46412857369174,0.1305
"4408",8,24,38,"BMA",3.04471925600712,3.48920784203598,0.1505
"4409",8,24,1,"AVS",7.20221949709773,4.00731046070419,0.841
"4410",8,24,2,"AVS",12.356742730854,4.62351875437199,0.916
"4411",8,24,3,"AVS",6.06957807577397,3.85315769674145,0.7565
"4412",8,24,4,"AVS",4.00879626770075,3.6139483776992,0.355
"4413",8,24,5,"AVS",9.4785069584676,4.24955039999133,0.889
"4414",8,24,6,"AVS",6.96456859858626,3.97819516478759,0.808
"4415",8,24,7,"AVS",36.2317359750107,8.61934480573945,0.9985
"4416",8,24,8,"AVS",6.22387727001292,3.88288930820864,0.1655
"4417",8,24,9,"AVS",15.7791134840203,5.36773476708447,0.026
"4418",8,24,10,"AVS",5.82612848164703,3.79510554491235,0.239
"4419",8,24,11,"AVS",3.83432066553077,3.59237203195356,0.3695
"4420",8,24,12,"AVS",4.10853266064633,3.61517230333593,0.339
"4421",8,24,13,"AVS",3.29152046972723,3.52332117705808,0.4005
"4422",8,24,14,"AVS",9.46373590946527,4.12644492098707,0.892
"4423",8,24,15,"AVS",3.83467797803085,3.54420820931296,0.315
"4424",8,24,16,"AVS",3.13464837920467,3.440020956267,0.378
"4425",8,24,17,"AVS",3.05542445102507,3.48845188990884,0.3975
"4426",8,24,18,"AVS",5.56070618148968,3.81249048274032,0.2175
"4427",8,24,19,"AVS",4.14559193463499,3.57669215372886,0.288
"4428",8,24,20,"AVS",3.85868293301492,3.39997646635416,0.2795
"4429",8,24,21,"AVS",3.96817057521356,3.51881976810423,0.296
"4430",8,24,22,"AVS",2.582513463555,3.39599511408101,0.465
"4431",8,24,23,"AVS",3.73727474423209,3.49999480422715,0.29
"4432",8,24,24,"AVS",8.23685861225144,4.05195410937897,0.113
"4433",8,24,25,"AVS",2.71591804852261,3.37521400724368,0.4175
"4434",8,24,26,"AVS",3.05991264175203,3.51510523753398,0.3625
"4435",8,24,27,"AVS",3.25583579476472,3.44686716529103,0.3045
"4436",8,24,28,"AVS",3.63847534686778,3.53524309601641,0.288
"4437",8,24,29,"AVS",4.98206298666686,3.70905678669783,0.2015
"4438",8,24,30,"AVS",2.69795898480069,3.29796667010303,0.3935
"4439",8,24,31,"AVS",3.15716670062079,3.34204197061403,0.318
"4440",8,24,32,"AVS",2.30485775612531,3.24406014814698,0.4605
"4441",8,24,33,"AVS",2.55090691169956,3.25855552709362,0.4155
"4442",8,24,34,"AVS",2.34111237744021,3.21443736495827,0.46
"4443",8,24,35,"AVS",3.11426932850082,3.32728194214061,0.3
"4444",8,24,36,"AVS",2.04459742106024,3.13054333337541,0.4745
"4445",8,24,37,"AVS",2.00044039886506,3.13550147758502,0.4185
"4446",8,24,38,"AVS",1.96733686323089,2.63801124284911,0.4275
"4447",8,24,1,"EQW",7.20221949709773,4.05319941264142,0.8345
"4448",8,24,2,"EQW",13.9164653178979,5.05806222176659,0.948
"4449",8,24,3,"EQW",3.67938810029152,3.62229959198959,0.5225
"4450",8,24,4,"EQW",7.53479193731846,4.01074679560885,0.2
"4451",8,24,5,"EQW",5.66403401244723,3.83394108937692,0.744
"4452",8,24,6,"EQW",3.7588545139896,3.70585288998451,0.4565
"4453",8,24,7,"EQW",24.2925704642294,6.26285935525288,0.9895
"4454",8,24,8,"EQW",6.01965905569322,4.02668644477956,0.564
"4455",8,24,9,"EQW",6.42806168418192,4.19935714257369,0.323
"4456",8,24,10,"EQW",4.99945041510645,3.94664456415078,0.391
"4457",8,24,11,"EQW",4.16291439206914,3.87965959338957,0.4735
"4458",8,24,12,"EQW",4.09626109146063,3.80971342328913,0.4635
"4459",8,24,13,"EQW",3.96215770041715,3.75097781655729,0.57
"4460",8,24,14,"EQW",15.5121758658171,4.88014789235515,0.95
"4461",8,24,15,"EQW",5.52379196455092,4.00250308951791,0.563
"4462",8,24,16,"EQW",4.81065441856144,3.77752854850009,0.536
"4463",8,24,17,"EQW",4.72448470872509,3.7857875149636,0.5315
"4464",8,24,18,"EQW",5.09741706203244,4.01876516586481,0.413
"4465",8,24,19,"EQW",4.0440227870069,3.64771371004301,0.46
"4466",8,24,20,"EQW",3.6928024480612,3.59828521385508,0.49
"4467",8,24,21,"EQW",3.54253144307279,3.57845055010482,0.488
"4468",8,24,22,"EQW",3.9091011174761,3.50699137889922,0.6145
"4469",8,24,23,"EQW",3.32005242685777,3.55504217773133,0.5145
"4470",8,24,24,"EQW",4.81603858145537,3.87304920984778,0.3025
"4471",8,24,25,"EQW",3.067314501094,3.48440592716909,0.527
"4472",8,24,26,"EQW",2.77109553685515,3.4368689463922,0.4685
"4473",8,24,27,"EQW",2.67781307884137,3.36544668784197,0.469
"4474",8,24,28,"EQW",2.80550610322633,3.44206055288589,0.383
"4475",8,24,29,"EQW",3.65204173644917,3.54654460498897,0.292
"4476",8,24,30,"EQW",2.51979397667798,3.24791085606192,0.3995
"4477",8,24,31,"EQW",2.89632510518894,3.32011646155173,0.3125
"4478",8,24,32,"EQW",2.00411427900553,3.11268567744349,0.4545
"4479",8,24,33,"EQW",2.03989970553691,3.13210054028372,0.38
"4480",8,24,34,"EQW",1.68756400644326,2.92104415229645,0.4625
"4481",8,24,35,"EQW",2.60898112107615,3.11283679004245,0.2595
"4482",8,24,36,"EQW",1.77750249098806,2.86894837661995,0.369
"4483",8,24,37,"EQW",1.96207154028354,3.01544389548882,0.2985
"4484",8,24,38,"EQW",2.1299497094511,2.79550118199574,0.2575
"4485",8,24,1,"SGP",7.20221949709773,4.16532981935197,0.8445
"4486",8,24,2,"SGP",16.032927230051,6.12405221887098,0.9805
"4487",8,24,3,"SGP",2.36007250928018,3.23752429048286,0.4495
"4488",8,24,4,"SGP",9.93734342013805,4.50022789627933,0.0545
"4489",8,24,5,"SGP",3.49075328535943,3.32587222194389,0.757
"4490",8,24,6,"SGP",6.10463841939066,3.74344162531509,0.1295
"4491",8,24,7,"SGP",17.3456824832258,6.12839396572358,0.9945
"4492",8,24,8,"SGP",6.03664887548253,3.82233519392364,0.1625
"4493",8,24,9,"SGP",15.4576533055279,5.36559252450971,0.0275
"4494",8,24,10,"SGP",10.1285210917759,4.42374777633224,0.0845
"4495",8,24,11,"SGP",6.24625201309889,3.82673602898258,0.1965
"4496",8,24,12,"SGP",7.31087197911127,3.97261568679307,0.155
"4497",8,24,13,"SGP",4.85798249385775,3.71759380017576,0.256
"4498",8,24,14,"SGP",11.7676834918418,4.5017278099626,0.9325
"4499",8,24,15,"SGP",6.61192646093181,3.8560995127275,0.161
"4500",8,24,16,"SGP",4.96380370165253,3.67918355961619,0.2585
"4501",8,24,17,"SGP",4.39251853589539,3.56105311281822,0.265
"4502",8,24,18,"SGP",7.72315381307612,3.96370349807162,0.122
"4503",8,24,19,"SGP",3.25712271640252,3.41421868004888,0.34
"4504",8,24,20,"SGP",2.74192400616705,3.38740902443943,0.417
"4505",8,24,21,"SGP",2.45226962251775,3.29232766096878,0.4235
"4506",8,24,22,"SGP",2.974885531584,3.42359331691004,0.622
"4507",8,24,23,"SGP",2.85758486304679,3.48513456415153,0.403
"4508",8,24,24,"SGP",5.36399783128857,3.73574625951008,0.1925
"4509",8,24,25,"SGP",3.30790904598412,3.39009290651636,0.6745
"4510",8,24,26,"SGP",2.47645065485813,3.26252337134596,0.4175
"4511",8,24,27,"SGP",2.80725962202025,3.29335909186048,0.394
"4512",8,24,28,"SGP",2.94444030983262,3.36341642974488,0.3755
"4513",8,24,29,"SGP",3.63842784449973,3.36346121474614,0.268
"4514",8,24,30,"SGP",2.35621707817235,3.29836474524544,0.505
"4515",8,24,31,"SGP",2.73408108250569,3.25019066450485,0.345
"4516",8,24,32,"SGP",2.79122875140437,3.26136696160753,0.6675
"4517",8,24,33,"SGP",2.0111222819715,3.15802731609303,0.534
"4518",8,24,34,"SGP",2.32195067474039,3.20842691977027,0.6045
"4519",8,24,35,"SGP",2.17925421136634,3.18570297369368,0.407
"4520",8,24,36,"SGP",1.89423920927079,3.09304648063871,0.6235
"4521",8,24,37,"SGP",1.69619189589603,3.05825932689507,0.516
"4522",8,24,38,"SGP",1.29497062671893,2.51962418256013,0.5135
"4523",8,24,1,"SGP50",7.20221949709773,4.158306352479,0.8515
"4524",8,24,2,"SGP50",14.0028289238639,4.98539606550054,0.9495
"4525",8,24,3,"SGP50",3.64138558504767,3.62435855412106,0.536
"4526",8,24,4,"SGP50",7.44842442813636,4.06750636646407,0.2205
"4527",8,24,5,"SGP50",5.65166134581744,3.75540079806804,0.7605
"4528",8,24,6,"SGP50",3.75455171834426,3.76894572080479,0.4285
"4529",8,24,7,"SGP50",23.3587298360831,6.21812277195775,0.9885
"4530",8,24,8,"SGP50",5.24108060499531,4.00430891629552,0.4985
"4531",8,24,9,"SGP50",7.59240904907913,4.32880594603793,0.252
"4532",8,24,10,"SGP50",5.60680848639249,3.95992267915553,0.307
"4533",8,24,11,"SGP50",4.19176918149118,3.81980531037254,0.411
"4534",8,24,12,"SGP50",4.40514512976645,3.82712356911358,0.363
"4535",8,24,13,"SGP50",3.64779530683787,3.64886287264724,0.48
"4536",8,24,14,"SGP50",13.3798608374679,4.58386985821671,0.929
"4537",8,24,15,"SGP50",4.52050956451443,3.79993810409335,0.404
"4538",8,24,16,"SGP50",3.75968857342549,3.63758869150603,0.4315
"4539",8,24,17,"SGP50",3.5715708764652,3.546739187865,0.4155
"4540",8,24,18,"SGP50",5.47500872755105,3.93811401590335,0.2535
"4541",8,24,19,"SGP50",3.59316961608998,3.53008791997831,0.3455
"4542",8,24,20,"SGP50",3.18969418613812,3.43427995858815,0.398
"4543",8,24,21,"SGP50",3.04350354006831,3.45895292326863,0.3985
"4544",8,24,22,"SGP50",2.80913318903627,3.41270923623738,0.5885
"4545",8,24,23,"SGP50",2.84738212575921,3.46512012651562,0.3945
"4546",8,24,24,"SGP50",5.99040443765204,3.72793269412161,0.1875
"4547",8,24,25,"SGP50",2.64980195056226,3.44912513949813,0.506
"4548",8,24,26,"SGP50",2.6391790879988,3.25040526210408,0.4005
"4549",8,24,27,"SGP50",2.77525978414765,3.25974335819579,0.3685
"4550",8,24,28,"SGP50",3.10774073004104,3.38490748970316,0.3095
"4551",8,24,29,"SGP50",4.3070825339647,3.59805919573057,0.233
"4552",8,24,30,"SGP50",2.61836804233484,3.33725138826493,0.3845
"4553",8,24,31,"SGP50",3.19218605442421,3.35130589841667,0.29
"4554",8,24,32,"SGP50",2.15802682718181,3.21219672477627,0.481
"4555",8,24,33,"SGP50",2.16076056248122,3.14709092004635,0.3745
"4556",8,24,34,"SGP50",1.86258981310059,2.99331594976562,0.4745
"4557",8,24,35,"SGP50",2.73704496237289,3.2236843526928,0.2835
"4558",8,24,36,"SGP50",1.83584003955675,3.08634761379255,0.41
"4559",8,24,37,"SGP50",1.96912161368571,3.09344242124487,0.3565
"4560",8,24,38,"SGP50",1.99410194298321,2.74150080616217,0.3385
"4561",8,25,1,"BMA",5.18332523437928,3.90467773007146,0.654
"4562",8,25,2,"BMA",12.9243906193642,4.99476217939687,0.9175
"4563",8,25,3,"BMA",8.91364098638869,4.23194761910196,0.7495
"4564",8,25,4,"BMA",7.81630390680355,4.02901988302048,0.7605
"4565",8,25,5,"BMA",7.01622404245943,4.07118907607583,0.2535
"4566",8,25,6,"BMA",5.99763736156846,3.9403561426192,0.289
"4567",8,25,7,"BMA",7.75872666842581,4.05861241304276,0.745
"4568",8,25,8,"BMA",7.99067896952262,4.10083573130711,0.7735
"4569",8,25,9,"BMA",21.2198340333437,4.98737209598244,0.947
"4570",8,25,10,"BMA",15.0547410178624,4.43681211977111,0.8735
"4571",8,25,11,"BMA",7.77666166696038,4.12453769679678,0.5265
"4572",8,25,12,"BMA",7.39665444830268,4.24218270598872,0.4545
"4573",8,25,13,"BMA",9.06297185218263,4.05841705098609,0.7285
"4574",8,25,14,"BMA",4.34122793754118,3.79679330976329,0.479
"4575",8,25,15,"BMA",4.3280480186763,3.82055978016088,0.468
"4576",8,25,16,"BMA",6.32099407871387,3.87480451998623,0.2525
"4577",8,25,17,"BMA",7.44972859098488,3.8919634598383,0.173
"4578",8,25,18,"BMA",3.53927943835505,3.54927175027586,0.3255
"4579",8,25,19,"BMA",6.67002758350366,3.92150408079131,0.8595
"4580",8,25,20,"BMA",4.58110828792534,3.59542128543916,0.802
"4581",8,25,21,"BMA",4.40368031037305,3.43697368236716,0.776
"4582",8,25,22,"BMA",4.09819624768588,3.43064872091726,0.798
"4583",8,25,23,"BMA",2.09089187158763,2.98594462181004,0.6135
"4584",8,25,24,"BMA",2.05340953535029,2.9322011666974,0.673
"4585",8,25,25,"BMA",1.60787072602649,2.8251093230073,0.5555
"4586",8,25,26,"BMA",2.86321454878262,2.97508395934964,0.812
"4587",8,25,27,"BMA",1.28781812043259,2.59093766113315,0.607
"4588",8,25,28,"BMA",1.1356205895662,2.54777036385063,0.529
"4589",8,25,29,"BMA",1.37562690069653,2.51268919515879,0.681
"4590",8,25,30,"BMA",0.95130205674719,2.3155151065404,0.562
"4591",8,25,31,"BMA",0.877527732167059,2.28389160263817,0.468
"4592",8,25,32,"BMA",1.31713545169633,2.41831880645212,0.715
"4593",8,25,33,"BMA",0.803285929683325,2.11296602392179,0.567
"4594",8,25,34,"BMA",0.707996145230696,2.01252046270755,0.491
"4595",8,25,35,"BMA",0.683417125824376,1.97897377513664,0.4955
"4596",8,25,36,"BMA",0.841867524328698,1.95589977873317,0.305
"4597",8,25,37,"BMA",0.58518309272434,1.7973156546327,0.5575
"4598",8,25,38,"BMA",1.59490752543425,2.33984710651724,0.112
"4599",8,25,1,"AVS",5.18332523437928,3.88193345404928,0.68
"4600",8,25,2,"AVS",15.1292073824807,5.03980703391909,0.9265
"4601",8,25,3,"AVS",4.48302252885582,3.82783614814546,0.5725
"4602",8,25,4,"AVS",5.95017179912835,3.92953609833998,0.713
"4603",8,25,5,"AVS",7.19606164028851,4.07511518937017,0.25
"4604",8,25,6,"AVS",6.10676039990982,3.96548518380559,0.288
"4605",8,25,7,"AVS",7.64710363526179,4.16399318038055,0.7325
"4606",8,25,8,"AVS",7.9963621165328,4.09095615857943,0.7605
"4607",8,25,9,"AVS",21.2946651815931,4.93836103681954,0.937
"4608",8,25,10,"AVS",3.40832142099744,3.24295025870622,0.23
"4609",8,25,11,"AVS",23.6010609874566,10.6733573580454,0
"4610",8,25,12,"AVS",10.6649387559475,4.78955211638357,0.266
"4611",8,25,13,"AVS",9.3308662328676,4.10143341542052,0.712
"4612",8,25,14,"AVS",4.30867537288753,3.77352863780314,0.4925
"4613",8,25,15,"AVS",4.33683759999454,3.82606794952097,0.4885
"4614",8,25,16,"AVS",6.05832760001814,3.81855848004705,0.251
"4615",8,25,17,"AVS",7.30158999992975,3.91851069099113,0.182
"4616",8,25,18,"AVS",3.46796759681623,3.48940193047793,0.349
"4617",8,25,19,"AVS",6.72539320249078,3.87298692706828,0.863
"4618",8,25,20,"AVS",4.62760399245369,3.56104124953739,0.7925
"4619",8,25,21,"AVS",4.42863919904536,3.5199163619088,0.7775
"4620",8,25,22,"AVS",4.11314814948281,3.41201081874512,0.7845
"4621",8,25,23,"AVS",2.09096762984745,3.01480458508716,0.6205
"4622",8,25,24,"AVS",2.05380377230973,2.94734730586461,0.668
"4623",8,25,25,"AVS",1.60754268715726,2.81938634117488,0.557
"4624",8,25,26,"AVS",2.8634567314324,3.02515845114916,0.8045
"4625",8,25,27,"AVS",1.28777632076328,2.59777976384159,0.6315
"4626",8,25,28,"AVS",1.13559464041327,2.5494268215188,0.509
"4627",8,25,29,"AVS",1.37562608020217,2.55235004942222,0.697
"4628",8,25,30,"AVS",0.951299960112101,2.28763862943923,0.5655
"4629",8,25,31,"AVS",0.877526920036388,2.19861359180039,0.447
"4630",8,25,32,"AVS",1.31713544002842,2.45842277292447,0.718
"4631",8,25,33,"AVS",0.803285880004152,2.15788522685079,0.576
"4632",8,25,34,"AVS",0.707996120002507,2.04143950711307,0.501
"4633",8,25,35,"AVS",0.68341712000111,2.00326513867303,0.533
"4634",8,25,36,"AVS",0.841867520000298,1.91365586554562,0.291
"4635",8,25,37,"AVS",0.585183092000258,1.82812925829319,0.5375
"4636",8,25,38,"AVS",1.59490752399997,2.2893701749314,0.1155
"4637",8,25,1,"EQW",5.18332523437928,3.90300127060008,0.664
"4638",8,25,2,"EQW",12.0651562783101,4.9434967059342,0.9005
"4639",8,25,3,"EQW",9.90713149548357,4.25064366758035,0.8405
"4640",8,25,4,"EQW",16.1529417910796,4.88118026582765,0.9115
"4641",8,25,5,"EQW",7.5826357284022,4.59058547795008,0.468
"4642",8,25,6,"EQW",5.92763314761581,4.01896147506771,0.5815
"4643",8,25,7,"EQW",12.4594633046895,4.26166279379,0.864
"4644",8,25,8,"EQW",8.48717344375596,4.01376631785296,0.6935
"4645",8,25,9,"EQW",17.6618274758757,4.42908099697486,0.913
"4646",8,25,10,"EQW",11.0660129088231,4.18584981049077,0.7015
"4647",8,25,11,"EQW",8.84407606640329,4.59874866690294,0.431
"4648",8,25,12,"EQW",8.43103921375454,4.56513611263319,0.3995
"4649",8,25,13,"EQW",9.05260023040682,4.06799385347368,0.7615
"4650",8,25,14,"EQW",6.62360252039891,4.27220132641973,0.423
"4651",8,25,15,"EQW",4.84891415108849,3.87253026705682,0.5605
"4652",8,25,16,"EQW",6.15710786723936,4.10917692648673,0.324
"4653",8,25,17,"EQW",5.39414086020818,3.77788631892211,0.31
"4654",8,25,18,"EQW",4.06290564657333,3.74293563890085,0.402
"4655",8,25,19,"EQW",5.21088151954859,3.91796307316268,0.716
"4656",8,25,20,"EQW",3.87433336934149,3.73683245586946,0.462
"4657",8,25,21,"EQW",3.26856473874929,3.57639363555282,0.557
"4658",8,25,22,"EQW",3.00972422491045,3.52921885828558,0.5565
"4659",8,25,23,"EQW",2.95718242725497,3.36883294060353,0.4075
"4660",8,25,24,"EQW",2.59274398837164,3.28203142264577,0.456
"4661",8,25,25,"EQW",3.03791084873042,3.29408106805854,0.3705
"4662",8,25,26,"EQW",2.55518366725221,3.32100400716515,0.5675
"4663",8,25,27,"EQW",2.88690181368431,3.24539069416442,0.337
"4664",8,25,28,"EQW",2.57913306311219,3.11103692912673,0.377
"4665",8,25,29,"EQW",2.07373662708833,3.08626337306685,0.477
"4666",8,25,30,"EQW",2.48093288282812,3.02080573915768,0.345
"4667",8,25,31,"EQW",2.24213400942471,3.00129114607179,0.3815
"4668",8,25,32,"EQW",1.84964015434493,2.9195130678573,0.5335
"4669",8,25,33,"EQW",1.87475442189559,2.85093238814189,0.3945
"4670",8,25,34,"EQW",1.77983418332964,2.80905037927226,0.393
"4671",8,25,35,"EQW",1.59852053013564,2.70821062895968,0.4335
"4672",8,25,36,"EQW",1.83851267245188,2.70816865615113,0.3245
"4673",8,25,37,"EQW",1.38204127020213,2.54197022003707,0.503
"4674",8,25,38,"EQW",2.15031942746863,2.75240703146156,0.2285
"4675",8,25,1,"SGP",5.18332523437928,3.82497349898787,0.6565
"4676",8,25,2,"SGP",14.4332893557802,6.12286567315198,0.976
"4677",8,25,3,"SGP",6.47164740537245,3.821787207421,0.91
"4678",8,25,4,"SGP",12.8500303714232,5.57634783311049,0.9865
"4679",8,25,5,"SGP",15.3226398998391,5.90231628888647,0.0225
"4680",8,25,6,"SGP",2.52557216190951,3.19242829630593,0.3455
"4681",8,25,7,"SGP",4.79904231135051,3.48019598650221,0.8255
"4682",8,25,8,"SGP",2.79086224751991,3.19789690450764,0.3175
"4683",8,25,9,"SGP",5.13451548609599,3.542844039432,0.8455
"4684",8,25,10,"SGP",3.42702141638255,3.29809652776598,0.253
"4685",8,25,11,"SGP",23.3883587694257,9.83027141604273,0.001
"4686",8,25,12,"SGP",22.9459606315965,6.93272637811311,0.003
"4687",8,25,13,"SGP",8.50908506377652,4.02854448778439,0.903
"4688",8,25,14,"SGP",16.5429863340233,5.38236189311768,0.022
"4689",8,25,15,"SGP",2.47636703364766,3.39762074563475,0.5465
"4690",8,25,16,"SGP",7.00923774929323,3.90707434222996,0.1645
"4691",8,25,17,"SGP",2.7462889420373,3.39532126162768,0.449
"4692",8,25,18,"SGP",3.55229738734517,3.50153841824401,0.671
"4693",8,25,19,"SGP",7.79127019434276,4.04661708330191,0.896
"4694",8,25,20,"SGP",6.08549882445109,3.81714822000652,0.177
"4695",8,25,21,"SGP",2.67822956705349,3.29313258041062,0.574
"4696",8,25,22,"SGP",2.24440709559303,3.28962909796805,0.4835
"4697",8,25,23,"SGP",2.53487204909954,3.19181498478978,0.402
"4698",8,25,24,"SGP",2.62197645514926,3.20583851014734,0.6225
"4699",8,25,25,"SGP",2.45784702937413,3.25934532659923,0.482
"4700",8,25,26,"SGP",4.20304808370343,3.47195459982343,0.7655
"4701",8,25,27,"SGP",3.41360543861958,3.2701499924052,0.279
"4702",8,25,28,"SGP",2.12508313198533,3.13971762970668,0.5365
"4703",8,25,29,"SGP",2.51499774127734,3.1459484724145,0.621
"4704",8,25,30,"SGP",2.39781762787905,3.20869017829605,0.3625
"4705",8,25,31,"SGP",2.15579008058632,3.1195098469296,0.543
"4706",8,25,32,"SGP",2.9507306370783,3.20577102429227,0.691
"4707",8,25,33,"SGP",2.08383981160517,3.14782862001163,0.4515
"4708",8,25,34,"SGP",2.08034851365501,3.06819272344591,0.516
"4709",8,25,35,"SGP",2.0007920771643,3.0807607642297,0.56
"4710",8,25,36,"SGP",1.92005925864269,3.19335309971532,0.447
"4711",8,25,37,"SGP",2.23452678299039,3.12603092619505,0.6475
"4712",8,25,38,"SGP",2.23058083220806,3.08613359296801,0.358
"4713",8,25,1,"SGP50",5.18332523437928,3.8801500845657,0.6885
"4714",8,25,2,"SGP50",12.2993588429718,5.05266028899064,0.8995
"4715",8,25,3,"SGP50",9.94393693343031,4.23869459255075,0.844
"4716",8,25,4,"SGP50",15.8832868066589,4.8585137613505,0.925
"4717",8,25,5,"SGP50",7.49517924316616,4.55650051693995,0.4235
"4718",8,25,6,"SGP50",4.4728857488675,3.70121630494572,0.5305
"4719",8,25,7,"SGP50",9.04387920704627,3.99422037294626,0.844
"4720",8,25,8,"SGP50",4.53195277634295,3.61513131973165,0.55
"4721",8,25,9,"SGP50",10.1717117828236,4.01323704923637,0.901
"4722",8,25,10,"SGP50",4.24952849033401,3.61766933851485,0.481
"4723",8,25,11,"SGP50",14.4424617402752,5.26374287691336,0.1595
"4724",8,25,12,"SGP50",15.5124648533946,5.25021268904963,0.118
"4725",8,25,13,"SGP50",7.74005575894405,4.00401772697882,0.83
"4726",8,25,14,"SGP50",11.5464666020757,4.77177439062335,0.145
"4727",8,25,15,"SGP50",3.03698532985777,3.51916068879125,0.523
"4728",8,25,16,"SGP50",7.20709291844854,3.97990573391247,0.2005
"4729",8,25,17,"SGP50",3.81601539463695,3.54409290857701,0.3685
"4730",8,25,18,"SGP50",3.34894565855236,3.58948194563691,0.5465
"4731",8,25,19,"SGP50",6.52274416705134,3.94947973376549,0.8075
"4732",8,25,20,"SGP50",5.25052131590653,3.77853176292513,0.2625
"4733",8,25,21,"SGP50",2.9225425100281,3.41808753932817,0.556
"4734",8,25,22,"SGP50",2.56647219465134,3.37077873938106,0.503
"4735",8,25,23,"SGP50",2.73026157963678,3.25194350956457,0.395
"4736",8,25,24,"SGP50",2.50120265619804,3.18081331101516,0.5735
"4737",8,25,25,"SGP50",2.55204551792374,3.3127008416959,0.448
"4738",8,25,26,"SGP50",3.52205656118379,3.45491680783125,0.71
"4739",8,25,27,"SGP50",3.14784345792517,3.22578311949463,0.321
"4740",8,25,28,"SGP50",2.13094533127326,3.1379438806562,0.502
"4741",8,25,29,"SGP50",2.24449786546009,3.15566875627929,0.582
"4742",8,25,30,"SGP50",2.34179625614477,3.17204951066096,0.3855
"4743",8,25,31,"SGP50",2.01731871996871,3.03359909707665,0.4755
"4744",8,25,32,"SGP50",2.42504026844039,3.09119657985509,0.653
"4745",8,25,33,"SGP50",1.91131465577682,2.95229825180507,0.44
"4746",8,25,34,"SGP50",1.82341003463624,2.83206037075846,0.478
"4747",8,25,35,"SGP50",1.72039341518839,2.84544332378893,0.4995
"4748",8,25,36,"SGP50",1.74761257771637,2.88850688405323,0.4165
"4749",8,25,37,"SGP50",1.71131063600198,2.79813548667143,0.581
"4750",8,25,38,"SGP50",2.07189445730384,2.83256231793914,0.293
"4751",8,26,1,"BMA",2.4851257110213,3.25497543144886,0.906
"4752",8,26,2,"BMA",0.99042368647059,2.39149038664519,0.6295
"4753",8,26,3,"BMA",1.05964085650434,2.2824737764473,0.408
"4754",8,26,4,"BMA",2.86205506416859,3.12024860987855,0.8725
"4755",8,26,5,"BMA",2.71395138096383,2.9583136214523,0.843
"4756",8,26,6,"BMA",2.53117338961206,2.94469973339531,0.8255
"4757",8,26,7,"BMA",3.58596523414572,3.26080214751645,0.864
"4758",8,26,8,"BMA",7.36504400604897,4.19967162550531,0.9535
"4759",8,26,9,"BMA",10.2597308141948,4.74739055192259,0.9685
"4760",8,26,10,"BMA",4.0389900163101,3.47687802765068,0.73
"4761",8,26,11,"BMA",2.37503577224886,3.18208800665604,0.436
"4762",8,26,12,"BMA",8.80626289032528,4.23521892258248,0.9245
"4763",8,26,13,"BMA",3.1715462010205,3.24941262870611,0.677
"4764",8,26,14,"BMA",5.04202729197767,3.42124419877637,0.779
"4765",8,26,15,"BMA",11.1656543050558,4.47369598232016,0.9485
"4766",8,26,16,"BMA",4.80290336723359,3.63596115438983,0.7755
"4767",8,26,17,"BMA",7.4447265984029,3.96190968253247,0.853
"4768",8,26,18,"BMA",7.29078420456834,3.81448051544974,0.863
"4769",8,26,19,"BMA",5.24426021266309,3.6685273494246,0.798
"4770",8,26,20,"BMA",5.07777477268722,3.56824017749073,0.797
"4771",8,26,21,"BMA",3.36960240597394,3.46846588353138,0.668
"4772",8,26,22,"BMA",11.2181809941886,4.80891951659893,0.958
"4773",8,26,23,"BMA",7.95663209119174,3.91928858258973,0.8865
"4774",8,26,24,"BMA",7.62255208320872,3.91381674911751,0.193
"4775",8,26,25,"BMA",2.35500814223699,3.16642518657037,0.4895
"4776",8,26,26,"BMA",2.34591265616557,3.22695675751511,0.583
"4777",8,26,27,"BMA",13.4455859758587,5.15252547526197,0.02
"4778",8,26,28,"BMA",16.8148955152707,5.97876179267753,0.012
"4779",8,26,29,"BMA",6.27779727108203,3.87689314520551,0.1085
"4780",8,26,30,"BMA",7.75763814413128,3.97001714804964,0.0725
"4781",8,26,31,"BMA",3.60334740278039,3.3631396998421,0.231
"4782",8,26,32,"BMA",2.10249245331546,3.06992558968038,0.4005
"4783",8,26,33,"BMA",2.2350266085629,2.99866841094513,0.6675
"4784",8,26,34,"BMA",1.6743476104867,2.88047044050412,0.51
"4785",8,26,35,"BMA",2.31506976679204,2.98693373100223,0.6785
"4786",8,26,36,"BMA",1.6259663317176,2.81827569270752,0.5725
"4787",8,26,37,"BMA",2.33280100344634,2.90438629649472,0.7225
"4788",8,26,38,"BMA",1.50444335753999,2.69059283446175,0.6205
"4789",8,26,1,"AVS",2.4851257110213,3.31084409803687,0.9
"4790",8,26,2,"AVS",0.918052661045555,2.28180822260562,0.603
"4791",8,26,3,"AVS",1.07829473165826,2.19494468949048,0.3305
"4792",8,26,4,"AVS",3.07562155239477,3.28977689837979,0.887
"4793",8,26,5,"AVS",2.61092095601155,2.95454559887278,0.8425
"4794",8,26,6,"AVS",2.53518595253107,2.88669362108383,0.8135
"4795",8,26,7,"AVS",3.68116110197687,3.39359323941606,0.8945
"4796",8,26,8,"AVS",7.41257165884758,4.43823859972062,0.967
"4797",8,26,9,"AVS",5.04868636167225,3.26829421713892,0.87
"4798",8,26,10,"AVS",2.50338601010982,2.98246388661758,0.106
"4799",8,26,11,"AVS",3.34313920791056,3.25276652475302,0.0605
"4800",8,26,12,"AVS",9.980750130574,6.98830616578229,0.996
"4801",8,26,13,"AVS",4.56216707377569,3.89184277912848,0.1105
"4802",8,26,14,"AVS",2.94317954791507,3.09721965550671,0.6385
"4803",8,26,15,"AVS",3.09859317384077,3.10210825154531,0.88
"4804",8,26,16,"AVS",4.59945117381016,3.60098901969948,0.05
"4805",8,26,17,"AVS",1.52862491358257,2.53960736042515,0.721
"4806",8,26,18,"AVS",3.86269727183087,3.34052659964831,0.932
"4807",8,26,19,"AVS",0.898185431929016,2.34069209895043,0.5365
"4808",8,26,20,"AVS",1.78324355138918,2.64591528636147,0.2055
"4809",8,26,21,"AVS",3.96816338249833,3.44553225146633,0.064
"4810",8,26,22,"AVS",6.49409187217445,4.5169461302464,0.9835
"4811",8,26,23,"AVS",1.01703709241452,2.42494978152985,0.42
"4812",8,26,24,"AVS",19.1352106515722,20.4497246861455,0
"4813",8,26,25,"AVS",1.57249396711926,2.72965806131244,0.377
"4814",8,26,26,"AVS",2.4515060056188,2.97840238268948,0.233
"4815",8,26,27,"AVS",23.8305803904107,28.6031430660742,0
"4816",8,26,28,"AVS",1.6125530610756,2.96065256260753,0.4925
"4817",8,26,29,"AVS",1.77852937183699,2.90588108815862,0.529
"4818",8,26,30,"AVS",6.87277233164238,3.88936294276323,0.0605
"4819",8,26,31,"AVS",3.60031391301915,3.24273489194833,0.8285
"4820",8,26,32,"AVS",2.12745110303773,2.88051992256448,0.283
"4821",8,26,33,"AVS",3.89942908633214,3.14079355525579,0.846
"4822",8,26,34,"AVS",3.9231223021447,3.23482232515986,0.1385
"4823",8,26,35,"AVS",2.20429814422415,2.99614264353096,0.6575
"4824",8,26,36,"AVS",2.17672956451691,2.97806023697079,0.324
"4825",8,26,37,"AVS",2.07899339998241,2.90038619901008,0.6655
"4826",8,26,38,"AVS",1.7588144197087,2.87696985115259,0.3935
"4827",8,26,1,"EQW",2.4851257110213,3.33134882269042,0.903
"4828",8,26,2,"EQW",1.03833912777827,2.21382036348162,0.7
"4829",8,26,3,"EQW",0.704460479980595,1.97892249842106,0.493
"4830",8,26,4,"EQW",4.32521027847391,3.90155390901171,0.942
"4831",8,26,5,"EQW",2.35814361141538,2.77386782377833,0.865
"4832",8,26,6,"EQW",1.95747366222738,2.68572920708631,0.8095
"4833",8,26,7,"EQW",3.06840029119084,3.30145728414489,0.867
"4834",8,26,8,"EQW",5.07889986197278,3.72269119023348,0.935
"4835",8,26,9,"EQW",5.78959079224143,3.55671022418624,0.911
"4836",8,26,10,"EQW",3.19960175360371,3.29571592072163,0.664
"4837",8,26,11,"EQW",1.949948248564,3.11726491139651,0.497
"4838",8,26,12,"EQW",9.76195587938556,5.03725084766616,0.969
"4839",8,26,13,"EQW",2.23992841386591,3.20484230386712,0.503
"4840",8,26,14,"EQW",2.11707144329578,2.96493457115703,0.606
"4841",8,26,15,"EQW",5.30051662506742,3.50085550023847,0.8675
"4842",8,26,16,"EQW",2.28859846859112,3.24964506199063,0.4715
"4843",8,26,17,"EQW",4.01301887020006,3.27751888343023,0.796
"4844",8,26,18,"EQW",6.77924409978261,3.8685882661402,0.925
"4845",8,26,19,"EQW",4.52120705955475,3.24196337619997,0.776
"4846",8,26,20,"EQW",4.26644757562412,3.38143873130783,0.719
"4847",8,26,21,"EQW",3.16021090367768,3.31738280829582,0.592
"4848",8,26,22,"EQW",11.2255485244944,4.7982535949286,0.9765
"4849",8,26,23,"EQW",5.24856913194196,3.3664961007991,0.7835
"4850",8,26,24,"EQW",6.25492266131098,4.057100544799,0.2525
"4851",8,26,25,"EQW",2.11181105751585,3.06619234865127,0.548
"4852",8,26,26,"EQW",2.09760443557509,3.14220709096986,0.5235
"4853",8,26,27,"EQW",16.3640664734153,5.83779285583087,0.0135
"4854",8,26,28,"EQW",8.18387981492908,3.87914027075996,0.1605
"4855",8,26,29,"EQW",2.54877213450556,3.25295388859572,0.42
"4856",8,26,30,"EQW",5.21563944404259,3.67662174660316,0.193
"4857",8,26,31,"EQW",2.36411496187579,3.1967707097473,0.5565
"4858",8,26,32,"EQW",2.10973972743521,3.13888343421298,0.461
"4859",8,26,33,"EQW",3.04976540142697,3.20819097679939,0.721
"4860",8,26,34,"EQW",2.38857332479502,3.21865187384109,0.3795
"4861",8,26,35,"EQW",2.31939249960476,3.15583677194522,0.667
"4862",8,26,36,"EQW",1.97847832647144,2.99082245133744,0.447
"4863",8,26,37,"EQW",2.10821916529674,2.96740519479853,0.6565
"4864",8,26,38,"EQW",1.7876027194464,2.99110253899185,0.4775
"4865",8,26,1,"SGP",2.4851257110213,3.41111127733922,0.8875
"4866",8,26,2,"SGP",1.0570133214091,2.27182080425642,0.7135
"4867",8,26,3,"SGP",0.619087248979524,1.82941052337296,0.4805
"4868",8,26,4,"SGP",4.94785342970974,4.93123504458915,0.9795
"4869",8,26,5,"SGP",2.00926984263227,2.55820516775499,0.867
"4870",8,26,6,"SGP",1.83484878422478,2.53307496141539,0.8565
"4871",8,26,7,"SGP",3.39397968849358,3.25145360089066,0.941
"4872",8,26,8,"SGP",6.03325635266417,4.48283826402463,0.9765
"4873",8,26,9,"SGP",3.28826545451481,2.90782269982395,0.8395
"4874",8,26,10,"SGP",2.27056660172982,2.89851922477125,0.168
"4875",8,26,11,"SGP",3.17618863583529,3.26195921181873,0.076
"4876",8,26,12,"SGP",10.0487218170355,7.07318927713459,0.9985
"4877",8,26,13,"SGP",5.34192023520949,4.21797464345462,0.051
"4878",8,26,14,"SGP",1.24033234080958,2.51867630396138,0.337
"4879",8,26,15,"SGP",3.00748329636551,2.95978071182046,0.8525
"4880",8,26,16,"SGP",4.45295541493025,3.7061939545108,0.0605
"4881",8,26,17,"SGP",1.56919903878942,2.51125785065237,0.7395
"4882",8,26,18,"SGP",3.90529542862116,3.35024508410433,0.9305
"4883",8,26,19,"SGP",0.9201101166618,2.36676399723078,0.525
"4884",8,26,20,"SGP",1.74357556918931,2.69935183126456,0.2155
"4885",8,26,21,"SGP",3.87366829584039,3.41750204900781,0.0705
"4886",8,26,22,"SGP",6.53703701228035,4.48711795171027,0.9875
"4887",8,26,23,"SGP",1.02304770255896,2.36947797161897,0.462
"4888",8,26,24,"SGP",18.897672045472,7.3797928984877,0.0015
"4889",8,26,25,"SGP",1.56886656770542,2.67855039632721,0.3865
"4890",8,26,26,"SGP",2.42823815062136,2.90703328108873,0.228
"4891",8,26,27,"SGP",23.7179572203488,23.5088959834705,0
"4892",8,26,28,"SGP",1.612763808258,2.96584935104337,0.489
"4893",8,26,29,"SGP",1.78307315101369,2.94944486240311,0.532
"4894",8,26,30,"SGP",6.85864621777345,4.00520542839808,0.0665
"4895",8,26,31,"SGP",3.55749040520439,3.29351911934112,0.831
"4896",8,26,32,"SGP",2.12528761787222,2.87822597162604,0.274
"4897",8,26,33,"SGP",3.86787409616429,3.25642598489644,0.832
"4898",8,26,34,"SGP",3.9052649483884,3.19467366334168,0.1385
"4899",8,26,35,"SGP",2.1998217742683,2.9496554147361,0.676
"4900",8,26,36,"SGP",2.17849988272051,2.95137869990701,0.3165
"4901",8,26,37,"SGP",2.07451089915911,2.92143118046068,0.652
"4902",8,26,38,"SGP",1.76411877234608,2.92325203308467,0.3765
"4903",8,26,1,"SGP50",2.4851257110213,3.4157282889695,0.9005
"4904",8,26,2,"SGP50",1.03982643981512,2.27628764233469,0.6935
"4905",8,26,3,"SGP50",0.701816301915724,1.98481012016492,0.499
"4906",8,26,4,"SGP50",4.35397387453864,4.02146091767095,0.9335
"4907",8,26,5,"SGP50",2.34767341680143,2.73535790001832,0.8575
"4908",8,26,6,"SGP50",1.95088985718023,2.74011482343742,0.811
"4909",8,26,7,"SGP50",3.08544285976442,3.25573900025587,0.888
"4910",8,26,8,"SGP50",5.05618713717668,3.73599534764232,0.936
"4911",8,26,9,"SGP50",5.63774906955681,3.49370760964474,0.899
"4912",8,26,10,"SGP50",3.01879509318345,3.34048322481207,0.6675
"4913",8,26,11,"SGP50",1.88738150230225,3.1036021154107,0.487
"4914",8,26,12,"SGP50",9.85123936140785,4.96784847339555,0.9625
"4915",8,26,13,"SGP50",2.22933209869913,3.26656351982935,0.4525
"4916",8,26,14,"SGP50",1.96588540447343,2.89417394338372,0.6055
"4917",8,26,15,"SGP50",5.08876178265228,3.43811137414702,0.8845
"4918",8,26,16,"SGP50",2.21983174514511,3.17523825939585,0.396
"4919",8,26,17,"SGP50",3.55318486081888,3.09477035576616,0.802
"4920",8,26,18,"SGP50",6.02571856481912,3.71344134426564,0.91
"4921",8,26,19,"SGP50",3.23834376628244,3.03161096540513,0.738
"4922",8,26,20,"SGP50",2.83158965075206,3.09715545242194,0.621
"4923",8,26,21,"SGP50",2.3267632852587,3.16586794927137,0.465
"4924",8,26,22,"SGP50",9.43845810875671,4.85748316538184,0.9795
"4925",8,26,23,"SGP50",2.80214164919944,3.00307229359626,0.69
"4926",8,26,24,"SGP50",9.94625658254288,4.39487143119814,0.132
"4927",8,26,25,"SGP50",1.71924374064652,2.86308889139297,0.496
"4928",8,26,26,"SGP50",1.86333261837143,3.02904194372201,0.4335
"4929",8,26,27,"SGP50",18.8588651484606,6.23744108546065,0.0075
"4930",8,26,28,"SGP50",5.55620615207767,3.60510732530196,0.221
"4931",8,26,29,"SGP50",2.16591264905829,3.14393248664207,0.4865
"4932",8,26,30,"SGP50",6.15521257786534,3.75860513272224,0.128
"4933",8,26,31,"SGP50",2.27394636217976,3.17243940242855,0.556
"4934",8,26,32,"SGP50",2.09460033325284,3.03828922142057,0.363
"4935",8,26,33,"SGP50",2.67513732554224,3.15097469186103,0.706
"4936",8,26,34,"SGP50",3.11695267402931,3.21119433430945,0.258
"4937",8,26,35,"SGP50",2.04484803160798,3.03212896867119,0.62
"4938",8,26,36,"SGP50",2.26778633661807,3.07033076584994,0.3475
"4939",8,26,37,"SGP50",1.91574139519994,2.90331165598359,0.587
"4940",8,26,38,"SGP50",1.96222051426517,2.99061677855581,0.4145
"4941",8,27,1,"BMA",1.80694411216716,2.49263604299821,0.1405
"4942",8,27,2,"BMA",0.723017114085791,2.05204702559879,0.424
"4943",8,27,3,"BMA",0.597146194910545,1.83702465638109,0.583
"4944",8,27,4,"BMA",0.615966873030144,1.8007259616961,0.6175
"4945",8,27,5,"BMA",4.8982894860303,5.15137347919869,0.9855
"4946",8,27,6,"BMA",4.47193699341899,3.72240133828599,0.9345
"4947",8,27,7,"BMA",1.38728867730678,2.7386516268648,0.3195
"4948",8,27,8,"BMA",0.859622188087968,2.29249204550485,0.5205
"4949",8,27,9,"BMA",0.876803328740889,2.08519881997694,0.385
"4950",8,27,10,"BMA",1.97015027493954,2.63851424055184,0.1415
"4951",8,27,11,"BMA",1.63149843006546,2.57687748013496,0.8115
"4952",8,27,12,"BMA",1.73073360562017,2.42859501786934,0.163
"4953",8,27,13,"BMA",1.08431944305768,2.2289147768993,0.7135
"4954",8,27,14,"BMA",2.6963521797599,3.07333340527419,0.9265
"4955",8,27,15,"BMA",2.15267241886407,2.70060046001959,0.8765
"4956",8,27,16,"BMA",2.40900313735369,3.03730871211449,0.128
"4957",8,27,17,"BMA",0.68301796880558,2.12741519249377,0.4755
"4958",8,27,18,"BMA",1.29614316331423,2.195361343058,0.2375
"4959",8,27,19,"BMA",0.869129707931939,2.02521676339594,0.3585
"4960",8,27,20,"BMA",0.777583739579455,2.01460531635026,0.6255
"4961",8,27,21,"BMA",1.20189906505447,2.19442316097168,0.228
"4962",8,27,22,"BMA",0.749643478565984,1.95369944966213,0.6535
"4963",8,27,23,"BMA",1.88136389510532,2.51697909472121,0.1175
"4964",8,27,24,"BMA",0.743671471346437,1.9486306251656,0.6385
"4965",8,27,25,"BMA",1.17342498797535,2.18453116426254,0.762
"4966",8,27,26,"BMA",0.720093234844608,1.97517236066564,0.352
"4967",8,27,27,"BMA",0.711203385276703,1.8984421423857,0.647
"4968",8,27,28,"BMA",1.85013699890122,2.55319990643702,0.867
"4969",8,27,29,"BMA",0.793825757675652,1.9685975930811,0.3475
"4970",8,27,30,"BMA",1.19246317830205,2.23321205213922,0.8165
"4971",8,27,31,"BMA",0.567444689496408,1.85033489162983,0.492
"4972",8,27,32,"BMA",4.67134755346319,4.86811971829854,0.9965
"4973",8,27,33,"BMA",1.9344679598237,2.5514397716561,0.889
"4974",8,27,34,"BMA",1.15628581641074,2.14214396861845,0.795
"4975",8,27,35,"BMA",1.20182204790044,2.18282183025955,0.8025
"4976",8,27,36,"BMA",0.767575359069013,1.99796659604241,0.6455
"4977",8,27,37,"BMA",2.7381963142439,3.07466326932271,0.941
"4978",8,27,38,"BMA",6.54454127102339,7.1691552291911,0
"4979",8,27,1,"AVS",1.80694411216716,2.52563264539269,0.144
"4980",8,27,2,"AVS",0.649083003430948,1.95834208063957,0.4795
"4981",8,27,3,"AVS",0.616999688322751,1.8650405052332,0.6305
"4982",8,27,4,"AVS",0.635743648953586,1.76544603887502,0.6475
"4983",8,27,5,"AVS",4.9574465811393,5.45094158765241,0.995
"4984",8,27,6,"AVS",2.8895256511696,2.91156344249821,0.8925
"4985",8,27,7,"AVS",1.91815230774869,2.64820973091484,0.1265
"4986",8,27,8,"AVS",0.712879751438453,2.06614314288456,0.4915
"4987",8,27,9,"AVS",0.816601004621328,1.87927664516977,0.3655
"4988",8,27,10,"AVS",1.91385448028022,2.56885803459956,0.124
"4989",8,27,11,"AVS",1.90752929226149,2.56670261548611,0.867
"4990",8,27,12,"AVS",1.78505943821705,2.45338851062361,0.1385
"4991",8,27,13,"AVS",1.20483996546425,2.20450470911912,0.7635
"4992",8,27,14,"AVS",2.67525439400665,2.88386137080666,0.9265
"4993",8,27,15,"AVS",1.88248117542376,2.53816809882202,0.865
"4994",8,27,16,"AVS",2.65555638163548,3.0734322857478,0.0795
"4995",8,27,17,"AVS",0.635752460154205,2.04888918807733,0.4795
"4996",8,27,18,"AVS",1.28134022786196,2.14995278737945,0.2245
"4997",8,27,19,"AVS",0.822974488485166,2.01858115377392,0.359
"4998",8,27,20,"AVS",0.792864687918081,1.9589403925029,0.649
"4999",8,27,21,"AVS",1.194688099519,2.26958400577029,0.2
"5000",8,27,22,"AVS",0.765403513816719,2.03801343312837,0.6745
"5001",8,27,23,"AVS",1.87532347927107,2.56207421944761,0.1235
"5002",8,27,24,"AVS",0.775761120681349,1.98640971187694,0.6695
"5003",8,27,25,"AVS",1.1993956948509,2.21960468622235,0.767
"5004",8,27,26,"AVS",0.737283436277871,1.94001136622031,0.349
"5005",8,27,27,"AVS",0.702982765521492,1.89591234468225,0.6475
"5006",8,27,28,"AVS",1.79628973639667,2.46625172282835,0.886
"5007",8,27,29,"AVS",0.814221489397625,1.92018645896827,0.3605
"5008",8,27,30,"AVS",1.16846881525738,2.13943569788185,0.8045
"5009",8,27,31,"AVS",0.563985226503744,1.78724506846136,0.4985
"5010",8,27,32,"AVS",4.66614367733941,4.93552512158634,0.9975
"5011",8,27,33,"AVS",1.93385935084091,2.54095046496202,0.8805
"5012",8,27,34,"AVS",1.15354571024165,2.16697601990917,0.784
"5013",8,27,35,"AVS",1.20432767346805,2.20309188477856,0.796
"5014",8,27,36,"AVS",0.769204523458897,1.92081313895076,0.6645
"5015",8,27,37,"AVS",2.73763266752585,3.04261674446725,0.9425
"5016",8,27,38,"AVS",6.54378000045113,6.58504806817055,0.001
"5017",8,27,1,"EQW",1.80694411216716,2.5067109034534,0.139
"5018",8,27,2,"EQW",0.850784364122078,2.03340493708079,0.326
"5019",8,27,3,"EQW",0.607581017568473,1.82738231146461,0.531
"5020",8,27,4,"EQW",0.598137752649618,1.8077328912067,0.5745
"5021",8,27,5,"EQW",4.7694758906067,4.45956412480298,0.978
"5022",8,27,6,"EQW",4.50555756932571,3.53544580747886,0.933
"5023",8,27,7,"EQW",1.19725152697115,2.51850690959514,0.384
"5024",8,27,8,"EQW",0.877421357183973,2.28433378702924,0.5315
"5025",8,27,9,"EQW",0.916308801520148,2.1596011523676,0.3785
"5026",8,27,10,"EQW",1.98526725605809,2.56003658854912,0.16
"5027",8,27,11,"EQW",1.31841391324845,2.55386708288723,0.728
"5028",8,27,12,"EQW",1.69384463258215,2.5119700947269,0.189
"5029",8,27,13,"EQW",0.970823560201123,2.25698293138437,0.653
"5030",8,27,14,"EQW",2.61310717960965,2.96185618828297,0.897
"5031",8,27,15,"EQW",2.80893051892491,2.93635021758388,0.8965
"5032",8,27,16,"EQW",1.39872808558034,2.73287364874415,0.328
"5033",8,27,17,"EQW",0.823020806036892,2.20074603413519,0.549
"5034",8,27,18,"EQW",1.13154261577783,2.31482589046861,0.33
"5035",8,27,19,"EQW",0.983497811032564,2.13369460051225,0.3365
"5036",8,27,20,"EQW",0.746462220876921,2.1087412291155,0.5585
"5037",8,27,21,"EQW",1.25658483483386,2.21002564432169,0.227
"5038",8,27,22,"EQW",0.707439297426042,2.0140277403125,0.5455
"5039",8,27,23,"EQW",1.90098832327531,2.42999934788179,0.134
"5040",8,27,24,"EQW",0.672807734149748,1.97511016644601,0.472
"5041",8,27,25,"EQW",1.03490741789989,2.1075258870981,0.705
"5042",8,27,26,"EQW",0.658904769860075,1.91237613293988,0.4555
"5043",8,27,27,"EQW",0.832730897176596,1.98852135640631,0.685
"5044",8,27,28,"EQW",2.38838737593528,2.76902257503752,0.901
"5045",8,27,29,"EQW",0.936241781439905,2.28150205166001,0.5775
"5046",8,27,30,"EQW",1.99422263300405,2.59619930793457,0.8475
"5047",8,27,31,"EQW",1.25883581814465,2.37747506554237,0.7135
"5048",8,27,32,"EQW",5.94272320195619,5.03766290508636,0.991
"5049",8,27,33,"EQW",4.38991505275526,3.22836053497631,0.9475
"5050",8,27,34,"EQW",3.89716109532487,2.86428881562738,0.895
"5051",8,27,35,"EQW",3.9845164087251,2.81934258473228,0.8865
"5052",8,27,36,"EQW",3.46039680603031,2.69416617324584,0.812
"5053",8,27,37,"EQW",5.80684073562003,3.58441605987758,0.969
"5054",8,27,38,"EQW",3.01082045738089,3.91286316094279,0.41
"5055",8,27,1,"SGP",1.80694411216716,2.46282628932914,0.1445
"5056",8,27,2,"SGP",0.767957761495112,2.02041652965446,0.3895
"5057",8,27,3,"SGP",0.604754596580054,1.82928940609702,0.5785
"5058",8,27,4,"SGP",0.604758817827591,1.82732401484108,0.612
"5059",8,27,5,"SGP",4.97512295725218,4.81889354814885,0.9895
"5060",8,27,6,"SGP",3.8338177669597,3.27009819693659,0.9315
"5061",8,27,7,"SGP",1.62186622496091,2.6036783545863,0.19
"5062",8,27,8,"SGP",0.72474175900232,2.04273689437269,0.516
"5063",8,27,9,"SGP",0.813099545964707,1.94325662490618,0.36
"5064",8,27,10,"SGP",1.9072689639361,2.58191652977701,0.1215
"5065",8,27,11,"SGP",1.83440405926276,2.52938891654469,0.8605
"5066",8,27,12,"SGP",1.7895496533291,2.4207743992138,0.135
"5067",8,27,13,"SGP",1.18442060040349,2.1486652786428,0.7555
"5068",8,27,14,"SGP",2.64012000678365,3.0261237029316,0.9365
"5069",8,27,15,"SGP",1.92284461085018,2.5478193325944,0.85
"5070",8,27,16,"SGP",2.5208207250089,2.93167934390076,0.0935
"5071",8,27,17,"SGP",0.652796825687284,2.02424259865467,0.477
"5072",8,27,18,"SGP",1.24484365807969,2.29363599816935,0.2345
"5073",8,27,19,"SGP",0.814192488728669,2.07720702017331,0.349
"5074",8,27,20,"SGP",0.77659367220037,1.94827387125433,0.657
"5075",8,27,21,"SGP",1.19720298010946,2.21510684634982,0.2205
"5076",8,27,22,"SGP",0.755102025515628,2.02049625516928,0.6545
"5077",8,27,23,"SGP",1.86877942927337,2.56715429316204,0.127
"5078",8,27,24,"SGP",0.747934821338654,1.89689831064197,0.63
"5079",8,27,25,"SGP",1.18393518767105,2.17119113393087,0.7565
"5080",8,27,26,"SGP",0.719709072233009,1.93288322175923,0.362
"5081",8,27,27,"SGP",0.715817373322897,1.84293231683057,0.6685
"5082",8,27,28,"SGP",1.84093804224137,2.51409287305843,0.8755
"5083",8,27,29,"SGP",0.78981019785571,1.92611339604028,0.343
"5084",8,27,30,"SGP",1.20649779934662,2.16165770021187,0.79
"5085",8,27,31,"SGP",0.576217894985162,1.7968196034815,0.496
"5086",8,27,32,"SGP",4.72239848874106,5.34563838386732,0.9965
"5087",8,27,33,"SGP",1.99267811405708,2.58701933404222,0.8845
"5088",8,27,34,"SGP",1.21737712340478,2.21407453673189,0.794
"5089",8,27,35,"SGP",1.22376980688836,2.12975648143189,0.7895
"5090",8,27,36,"SGP",0.783382771812969,2.0040488237126,0.6575
"5091",8,27,37,"SGP",2.77051440705311,3.05139193043286,0.9405
"5092",8,27,38,"SGP",6.4285604034368,6.2912676269775,0.009
"5093",8,27,1,"SGP50",1.80694411216716,2.4497576100541,0.147
"5094",8,27,2,"SGP50",0.848376012132904,1.94657846141101,0.351
"5095",8,27,3,"SGP50",0.606975867512725,1.88395073856825,0.5125
"5096",8,27,4,"SGP50",0.598058116495923,1.81443626496341,0.6055
"5097",8,27,5,"SGP50",4.77844044982199,4.36531669395058,0.9765
"5098",8,27,6,"SGP50",4.49961631805399,3.51375411800233,0.932
"5099",8,27,7,"SGP50",1.20104804638899,2.55355571374011,0.3875
"5100",8,27,8,"SGP50",0.868739019790563,2.24479813598446,0.534
"5101",8,27,9,"SGP50",0.908795632506796,2.19894359539629,0.382
"5102",8,27,10,"SGP50",1.97789591206747,2.55933315095033,0.146
"5103",8,27,11,"SGP50",1.34564728570549,2.49430054381293,0.732
"5104",8,27,12,"SGP50",1.69863719875967,2.45221877064602,0.1995
"5105",8,27,13,"SGP50",0.982857520477814,2.24549915457659,0.6415
"5106",8,27,14,"SGP50",2.62424584189073,3.08131381961437,0.9075
"5107",8,27,15,"SGP50",2.73000548198687,2.93897284051235,0.8975
"5108",8,27,16,"SGP50",1.46949552218787,2.64613144065948,0.3005
"5109",8,27,17,"SGP50",0.806955907811099,2.22055031551016,0.527
"5110",8,27,18,"SGP50",1.13110565403173,2.32127411784275,0.293
"5111",8,27,19,"SGP50",0.953683747410957,2.09372840921265,0.3355
"5112",8,27,20,"SGP50",0.742601775968582,2.03842490537402,0.551
"5113",8,27,21,"SGP50",1.24377214696588,2.2039195183627,0.229
"5114",8,27,22,"SGP50",0.706202014032193,2.02888952930048,0.5715
"5115",8,27,23,"SGP50",1.8949997326211,2.50406031678624,0.132
"5116",8,27,24,"SGP50",0.666031902204696,2.09153768504651,0.497
"5117",8,27,25,"SGP50",1.04565865169573,2.21922571025465,0.725
"5118",8,27,26,"SGP50",0.658849906034079,1.8766541540721,0.4615
"5119",8,27,27,"SGP50",0.813923387691636,1.99547752664763,0.6715
"5120",8,27,28,"SGP50",2.31408226847879,2.79514787636429,0.9055
"5121",8,27,29,"SGP50",0.875079432244549,2.21748340842155,0.559
"5122",8,27,30,"SGP50",1.87472777138566,2.54457270149235,0.864
"5123",8,27,31,"SGP50",1.12332262583266,2.20973355280084,0.6535
"5124",8,27,32,"SGP50",5.75166892836311,5.05006436092474,0.9935
"5125",8,27,33,"SGP50",3.92593394883098,3.02538089388919,0.935
"5126",8,27,34,"SGP50",3.27106832814564,2.72941890207038,0.86
"5127",8,27,35,"SGP50",3.19946212789798,2.71608085022829,0.8735
"5128",8,27,36,"SGP50",2.52154556634709,2.5611079223807,0.7685
"5129",8,27,37,"SGP50",4.64043913395957,3.34308757290093,0.967
"5130",8,27,38,"SGP50",3.57699041443624,4.16098793324434,0.291
"5131",8,28,1,"BMA",2.71154115675644,3.31747827028884,0.646
"5132",8,28,2,"BMA",1.44859538807551,2.59226361139181,0.422
"5133",8,28,3,"BMA",7.42442469843412,5.49732444083678,0.959
"5134",8,28,4,"BMA",2.72182395800562,3.4044440365898,0.606
"5135",8,28,5,"BMA",4.12050803899561,3.46915256800107,0.2625
"5136",8,28,6,"BMA",2.54577170734978,3.22068733635759,0.411
"5137",8,28,7,"BMA",3.34109026528161,3.27048476637497,0.7505
"5138",8,28,8,"BMA",2.66746488615193,3.06688363906342,0.678
"5139",8,28,9,"BMA",2.19932180237764,2.95908701554614,0.668
"5140",8,28,10,"BMA",2.17418775327201,2.88862457545192,0.7335
"5141",8,28,11,"BMA",9.22049674678701,5.09954588237427,0.988
"5142",8,28,12,"BMA",1.51938957580816,2.85170235465105,0.5155
"5143",8,28,13,"BMA",2.08306500282233,2.84542235312263,0.7045
"5144",8,28,14,"BMA",3.50855630172151,3.04122613637258,0.821
"5145",8,28,15,"BMA",1.44903160273268,2.79370948424706,0.406
"5146",8,28,16,"BMA",1.32224603655044,2.65293676472289,0.4855
"5147",8,28,17,"BMA",3.66632079352968,3.21654151997816,0.1445
"5148",8,28,18,"BMA",7.94154134222034,4.35109468696283,0.03
"5149",8,28,19,"BMA",2.89899145320624,3.03988342413805,0.206
"5150",8,28,20,"BMA",2.38101626838877,2.92936498816729,0.2585
"5151",8,28,21,"BMA",2.94869458446359,3.05177880279232,0.21
"5152",8,28,22,"BMA",5.27601451770809,3.62214750842738,0.0855
"5153",8,28,23,"BMA",4.31091391374563,3.32467119676463,0.1385
"5154",8,28,24,"BMA",1.66767709502358,2.74641643945221,0.36
"5155",8,28,25,"BMA",2.01879906695236,2.87681881099934,0.7155
"5156",8,28,26,"BMA",1.99113506889843,2.80700252343822,0.295
"5157",8,28,27,"BMA",2.44629007056418,2.84193920849533,0.2535
"5158",8,28,28,"BMA",2.85241159629943,3.00984212502647,0.186
"5159",8,28,29,"BMA",2.34421261439133,3.02744917867263,0.235
"5160",8,28,30,"BMA",3.00756021317114,3.07256080080793,0.1955
"5161",8,28,31,"BMA",5.031997580452,3.68410630776123,0.0895
"5162",8,28,32,"BMA",1.347260879307,2.63085812070551,0.5905
"5163",8,28,33,"BMA",1.55183378726932,2.70344642397393,0.345
"5164",8,28,34,"BMA",1.40754933701871,2.70200556187196,0.4175
"5165",8,28,35,"BMA",1.33360713705113,2.68153257231852,0.4195
"5166",8,28,36,"BMA",1.64070789823782,2.61390936198927,0.3465
"5167",8,28,37,"BMA",1.1949366475884,2.58240960008521,0.4915
"5168",8,28,38,"BMA",1.20534931752387,2.5792675493974,0.452
"5169",8,28,1,"AVS",2.71154115675644,3.29378085330768,0.651
"5170",8,28,2,"AVS",1.19673523828494,2.44552813448356,0.4175
"5171",8,28,3,"AVS",7.84325640697974,6.07350284121366,0.9905
"5172",8,28,4,"AVS",1.97157268250951,2.87423228874978,0.3725
"5173",8,28,5,"AVS",7.76873224292242,4.86271880158784,0.037
"5174",8,28,6,"AVS",2.29308076871573,3.1377189471056,0.448
"5175",8,28,7,"AVS",4.33021745569823,3.43258954038886,0.8185
"5176",8,28,8,"AVS",1.69014668803563,2.85405443591819,0.572
"5177",8,28,9,"AVS",1.64020179421439,2.83038387337052,0.6135
"5178",8,28,10,"AVS",1.78005671558212,2.74892717013762,0.679
"5179",8,28,11,"AVS",8.35786093331272,4.94464542678398,0.988
"5180",8,28,12,"AVS",2.30816669565025,2.87511078992299,0.2205
"5181",8,28,13,"AVS",1.3871477510719,2.68615354018198,0.5575
"5182",8,28,14,"AVS",1.79259098602509,2.68834576776308,0.701
"5183",8,28,15,"AVS",2.98033562491855,3.08473004194031,0.1365
"5184",8,28,16,"AVS",1.96508398263052,2.83195816837975,0.2435
"5185",8,28,17,"AVS",5.61609156176909,3.80484015733004,0.056
"5186",8,28,18,"AVS",8.07627722714303,4.44364920036662,0.03
"5187",8,28,19,"AVS",2.89498404176182,3.02195944614971,0.2075
"5188",8,28,20,"AVS",2.36918179028864,2.90222129919778,0.262
"5189",8,28,21,"AVS",2.91112697115363,3.0546510536437,0.2035
"5190",8,28,22,"AVS",4.92511762038604,3.48080548027483,0.105
"5191",8,28,23,"AVS",1.57603800720218,2.70987447934139,0.3825
"5192",8,28,24,"AVS",2.71215643361616,2.97171076618757,0.8285
"5193",8,28,25,"AVS",4.862946635211,3.45493715500887,0.932
"5194",8,28,26,"AVS",1.79045556680576,2.72380300184538,0.294
"5195",8,28,27,"AVS",1.83919654668054,2.78215027393967,0.289
"5196",8,28,28,"AVS",1.70126883731758,2.63369804019307,0.2915
"5197",8,28,29,"AVS",1.21171554789908,2.59247345597796,0.4235
"5198",8,28,30,"AVS",1.65070402680856,2.61366561296183,0.305
"5199",8,28,31,"AVS",2.90625040217914,3.08197213013124,0.147
"5200",8,28,32,"AVS",4.13993694267476,3.57500853174598,0.9345
"5201",8,28,33,"AVS",1.14933206678741,2.53321647223378,0.61
"5202",8,28,34,"AVS",1.39807967892017,2.60934579651191,0.643
"5203",8,28,35,"AVS",1.12322359547182,2.38458339256537,0.5655
"5204",8,28,36,"AVS",1.05904778224264,2.41688404089343,0.4635
"5205",8,28,37,"AVS",1.22980339694496,2.45930812878291,0.6325
"5206",8,28,38,"AVS",1.02526834126182,2.4222320676955,0.4775
"5207",8,28,1,"EQW",2.71154115675644,3.27574721230722,0.6295
"5208",8,28,2,"EQW",1.65453339312323,2.72999802322836,0.4085
"5209",8,28,3,"EQW",6.47885070913275,4.37427607874872,0.88
"5210",8,28,4,"EQW",2.02179873136367,2.99201883520325,0.5175
"5211",8,28,5,"EQW",4.45054843076201,3.61022368379781,0.211
"5212",8,28,6,"EQW",2.95907362369994,3.33354651152012,0.2975
"5213",8,28,7,"EQW",2.35278147064071,3.03211401852196,0.633
"5214",8,28,8,"EQW",2.45395051692198,3.0933333667591,0.614
"5215",8,28,9,"EQW",2.88309463805238,3.10276264643279,0.6765
"5216",8,28,10,"EQW",3.59181346026335,3.17690953957467,0.7545
"5217",8,28,11,"EQW",11.3268474927306,4.94193947817403,0.9885
"5218",8,28,12,"EQW",4.83155500424469,3.48804954362152,0.641
"5219",8,28,13,"EQW",5.27304495441187,3.43158470728451,0.767
"5220",8,28,14,"EQW",6.94045587093308,3.51172522172772,0.849
"5221",8,28,15,"EQW",4.24610773372132,3.46972220245294,0.598
"5222",8,28,16,"EQW",3.86619987113961,3.30396525876217,0.627
"5223",8,28,17,"EQW",3.45113500734547,3.69955029329415,0.4285
"5224",8,28,18,"EQW",5.3834987119193,4.01435769645215,0.2405
"5225",8,28,19,"EQW",2.36716004064668,3.21287660959071,0.4375
"5226",8,28,20,"EQW",2.18326447624586,3.1719234513199,0.4825
"5227",8,28,21,"EQW",2.0809262251182,3.05921021535826,0.4305
"5228",8,28,22,"EQW",2.85049214004962,3.17063498476666,0.301
"5229",8,28,23,"EQW",2.33269449332284,2.95154553685324,0.316
"5230",8,28,24,"EQW",1.7517606085206,2.97026770921321,0.5635
"5231",8,28,25,"EQW",3.95038617785055,3.44883259144121,0.845
"5232",8,28,26,"EQW",1.95733407901367,3.11252438686933,0.563
"5233",8,28,27,"EQW",1.76184106322107,2.94907056506964,0.5375
"5234",8,28,28,"EQW",1.54545039637788,2.77757789355774,0.4415
"5235",8,28,29,"EQW",1.40026675906462,2.76993610041722,0.434
"5236",8,28,30,"EQW",1.79088456623168,2.71097121243223,0.3045
"5237",8,28,31,"EQW",4.35236538106758,3.5487747577823,0.0815
"5238",8,28,32,"EQW",1.43299470503936,2.76824247550597,0.494
"5239",8,28,33,"EQW",1.38232415905975,2.53725613013294,0.3425
"5240",8,28,34,"EQW",1.14334389716134,2.47786781531138,0.4025
"5241",8,28,35,"EQW",1.03029936254898,2.39090395064662,0.42
"5242",8,28,36,"EQW",1.22710415034337,2.32789663279843,0.3115
"5243",8,28,37,"EQW",0.86414702779649,2.23140584491942,0.4555
"5244",8,28,38,"EQW",0.854256381856521,2.09229289470401,0.394
"5245",8,28,1,"SGP",2.71154115675644,3.33943606132094,0.64
"5246",8,28,2,"SGP",1.09882117108233,2.36218093736989,0.4195
"5247",8,28,3,"SGP",7.6472956784255,5.74770296422908,0.9885
"5248",8,28,4,"SGP",1.51762044113814,2.4882801008036,0.26
"5249",8,28,5,"SGP",8.01175940110686,5.96943035921452,0.015
"5250",8,28,6,"SGP",4.4085898376981,3.51511013342106,0.088
"5251",8,28,7,"SGP",1.30719299548458,2.59705434873985,0.415
"5252",8,28,8,"SGP",1.84407374998472,2.70838218252203,0.276
"5253",8,28,9,"SGP",1.42927587514708,2.58373120306779,0.371
"5254",8,28,10,"SGP",1.18141071911599,2.58384867314371,0.4445
"5255",8,28,11,"SGP",5.97375998757972,4.36972845586003,0.9855
"5256",8,28,12,"SGP",2.61329561453632,2.94634635626518,0.177
"5257",8,28,13,"SGP",1.23363951521299,2.55065694610617,0.4325
"5258",8,28,14,"SGP",1.45952552233351,2.54679923703296,0.663
"5259",8,28,15,"SGP",3.02162522072013,3.0452933026755,0.1365
"5260",8,28,16,"SGP",2.21230598201782,2.8083901660244,0.2055
"5261",8,28,17,"SGP",7.05837717231728,4.7119877942486,0.014
"5262",8,28,18,"SGP",11.5852937350416,6.15590187176811,0.0035
"5263",8,28,19,"SGP",1.50157548715953,2.66929832389246,0.6615
"5264",8,28,20,"SGP",1.58746830579425,2.69348016689761,0.6215
"5265",8,28,21,"SGP",1.11792789917417,2.51710164111955,0.476
"5266",8,28,22,"SGP",1.90441180984705,2.68228230849439,0.288
"5267",8,28,23,"SGP",1.14782070389423,2.57671851212045,0.4595
"5268",8,28,24,"SGP",2.72492797761766,2.98671482300948,0.842
"5269",8,28,25,"SGP",5.0301490650728,3.64646847381627,0.944
"5270",8,28,26,"SGP",1.55537897441505,2.6075691910683,0.341
"5271",8,28,27,"SGP",1.48816583303116,2.59794282583489,0.368
"5272",8,28,28,"SGP",1.48771033996588,2.5528102740366,0.3155
"5273",8,28,29,"SGP",1.17312446962634,2.56212046062401,0.4355
"5274",8,28,30,"SGP",1.63761597949339,2.57870167520207,0.3005
"5275",8,28,31,"SGP",2.91915444247424,3.00875705115694,0.147
"5276",8,28,32,"SGP",4.07060884054771,3.47998154170846,0.921
"5277",8,28,33,"SGP",1.14697745817312,2.48384996157245,0.581
"5278",8,28,34,"SGP",1.39292308825839,2.59906549168686,0.655
"5279",8,28,35,"SGP",1.12045972872371,2.43518230219774,0.577
"5280",8,28,36,"SGP",1.0588908394748,2.5033732059737,0.44
"5281",8,28,37,"SGP",1.22379941573605,2.45651658354158,0.644
"5282",8,28,38,"SGP",1.0227994261493,2.41204406962221,0.4775
"5283",8,28,1,"SGP50",2.71154115675644,3.28097626564485,0.6165
"5284",8,28,2,"SGP50",1.61939285089275,2.69911660479319,0.415
"5285",8,28,3,"SGP50",6.59854779171776,4.42828718140065,0.8925
"5286",8,28,4,"SGP50",1.94424765189463,3.00616868193735,0.5215
"5287",8,28,5,"SGP50",4.58977136379381,3.68855931363846,0.186
"5288",8,28,6,"SGP50",2.97900912009947,3.32426343371274,0.278
"5289",8,28,7,"SGP50",2.15120441966706,3.03039460932466,0.6145
"5290",8,28,8,"SGP50",2.16450739876584,3.07964342487527,0.5945
"5291",8,28,9,"SGP50",2.40128593138101,2.99229063002246,0.621
"5292",8,28,10,"SGP50",2.79544929509105,3.04082156582795,0.7005
"5293",8,28,11,"SGP50",9.78705922566245,4.63060647338849,0.9835
"5294",8,28,12,"SGP50",3.10285942445108,3.26807323793246,0.5445
"5295",8,28,13,"SGP50",3.1449969538173,3.06441536223363,0.668
"5296",8,28,14,"SGP50",4.17747209607493,3.11880558856879,0.8085
"5297",8,28,15,"SGP50",2.42460131988526,3.13384331106281,0.4385
"5298",8,28,16,"SGP50",2.04381644764598,2.95317693480496,0.471
"5299",8,28,17,"SGP50",3.99268023684049,3.88250862004855,0.213
"5300",8,28,18,"SGP50",7.78964996268211,4.51273750793953,0.095
"5301",8,28,19,"SGP50",1.89217081254834,2.96499657584997,0.4175
"5302",8,28,20,"SGP50",1.76810260227248,2.88316345033843,0.4755
"5303",8,28,21,"SGP50",1.79895221413132,2.84265035868513,0.376
"5304",8,28,22,"SGP50",2.91137022666401,3.07799398221418,0.225
"5305",8,28,23,"SGP50",2.07217032875444,2.87102471790296,0.3165
"5306",8,28,24,"SGP50",1.76450257721857,2.90613754356522,0.632
"5307",8,28,25,"SGP50",3.80836378209758,3.30619038104335,0.8615
"5308",8,28,26,"SGP50",1.59826080885948,2.92934230394382,0.424
"5309",8,28,27,"SGP50",1.62445451737009,2.8167220450261,0.4155
"5310",8,28,28,"SGP50",1.66896326862531,2.70170728073479,0.333
"5311",8,28,29,"SGP50",1.43425221815844,2.64380975031917,0.4005
"5312",8,28,30,"SGP50",1.92499135102005,2.74106830436336,0.263
"5313",8,28,31,"SGP50",3.90637572416268,3.30266065429653,0.1155
"5314",8,28,32,"SGP50",1.9556705565363,2.93474174168423,0.6785
"5315",8,28,33,"SGP50",1.22569640369772,2.49252023343964,0.414
"5316",8,28,34,"SGP50",1.18585338878664,2.6245178185197,0.5195
"5317",8,28,35,"SGP50",1.068095327648,2.39355703723757,0.4755
"5318",8,28,36,"SGP50",1.21143126330359,2.31904505549709,0.368
"5319",8,28,37,"SGP50",0.989727408390089,2.3406524052679,0.526
"5320",8,28,38,"SGP50",0.94483150578978,2.26234542823506,0.4315
"5321",8,29,1,"BMA",2.26585287317773,2.97009084587076,0.3935
"5322",8,29,2,"BMA",5.39134560089645,4.00522367039949,0.898
"5323",8,29,3,"BMA",6.74330087477381,4.22130042555508,0.9115
"5324",8,29,4,"BMA",18.5395370179664,5.51563347995826,0.978
"5325",8,29,5,"BMA",5.92022329233242,4.11347750640855,0.654
"5326",8,29,6,"BMA",6.20490161316648,4.08124137839522,0.6645
"5327",8,29,7,"BMA",5.75548920959939,3.88750661577516,0.6815
"5328",8,29,8,"BMA",6.85593787203515,3.92969711239802,0.7655
"5329",8,29,9,"BMA",3.55722130336346,3.65112528239587,0.5115
"5330",8,29,10,"BMA",10.8426720699883,4.26923290415731,0.8725
"5331",8,29,11,"BMA",3.71341263167413,3.66374181972151,0.4955
"5332",8,29,12,"BMA",4.8426401920578,3.96514904454924,0.405
"5333",8,29,13,"BMA",4.30204989339241,3.6567136323354,0.5815
"5334",8,29,14,"BMA",8.45085631502776,3.88771080013513,0.859
"5335",8,29,15,"BMA",3.41648749737859,3.27106565203337,0.641
"5336",8,29,16,"BMA",21.9629639709103,6.7464286921519,0.0115
"5337",8,29,17,"BMA",3.17654336624868,3.4288975467213,0.597
"5338",8,29,18,"BMA",8.70269231451288,4.23009130961714,0.134
"5339",8,29,19,"BMA",3.09852087433527,3.50767429326928,0.5545
"5340",8,29,20,"BMA",10.5113950497101,4.28526219955942,0.1085
"5341",8,29,21,"BMA",3.2162221782372,3.48899965352137,0.4005
"5342",8,29,22,"BMA",2.45218225732715,3.29127351915858,0.5135
"5343",8,29,23,"BMA",3.24309072947839,3.29138336702839,0.312
"5344",8,29,24,"BMA",4.40692696085801,3.51368132345297,0.205
"5345",8,29,25,"BMA",2.93797277827127,3.23927147956846,0.3085
"5346",8,29,26,"BMA",2.03174834899282,3.0774324962902,0.5945
"5347",8,29,27,"BMA",7.71902028351438,4.22088859379375,0.9455
"5348",8,29,28,"BMA",1.77293331246534,2.91659082217478,0.5795
"5349",8,29,29,"BMA",2.4340206833388,3.12480192075979,0.715
"5350",8,29,30,"BMA",1.79363413323181,2.89146984807222,0.659
"5351",8,29,31,"BMA",2.70590618713976,3.04158022522298,0.7675
"5352",8,29,32,"BMA",1.69009413384719,2.69487173305885,0.6705
"5353",8,29,33,"BMA",1.78790701842851,2.62546255331227,0.2725
"5354",8,29,34,"BMA",1.3771961310422,2.58945206579583,0.364
"5355",8,29,35,"BMA",1.87449468783722,2.67895854155925,0.2515
"5356",8,29,36,"BMA",0.996330764626815,2.38498774486819,0.555
"5357",8,29,37,"BMA",0.886537701167029,2.28172692587111,0.4885
"5358",8,29,38,"BMA",1.24990126150013,2.3773320724131,0.314
"5359",8,29,1,"AVS",2.26585287317773,3.00446158018194,0.392
"5360",8,29,2,"AVS",5.868771304272,3.95336070294937,0.936
"5361",8,29,3,"AVS",8.17912323690055,4.42646560131663,0.9455
"5362",8,29,4,"AVS",18.3875715723142,5.6657870282554,0.978
"5363",8,29,5,"AVS",8.04546572742805,4.18211799076217,0.772
"5364",8,29,6,"AVS",4.48449538032302,3.62657022525091,0.782
"5365",8,29,7,"AVS",3.82810903703792,3.54661051318585,0.6875
"5366",8,29,8,"AVS",4.59708101722156,3.5433711001947,0.7515
"5367",8,29,9,"AVS",4.59821546051865,3.55193378019333,0.2095
"5368",8,29,10,"AVS",6.55775087352304,3.7549942475572,0.88
"5369",8,29,11,"AVS",5.00304455434955,3.4992649039234,0.167
"5370",8,29,12,"AVS",9.50657869132531,4.30471594733837,0.0455
"5371",8,29,13,"AVS",3.98422543949737,3.47047996536959,0.2195
"5372",8,29,14,"AVS",2.73092469843655,3.14669891842748,0.7045
"5373",8,29,15,"AVS",1.94473790323652,2.98398558235148,0.5255
"5374",8,29,16,"AVS",22.9836409563185,8.42027048367676,0.001
"5375",8,29,17,"AVS",3.36704130304607,3.33420070251824,0.294
"5376",8,29,18,"AVS",18.557828672794,6.32307628807581,0.004
"5377",8,29,19,"AVS",2.73336857958284,3.3760419017518,0.4855
"5378",8,29,20,"AVS",17.8729705382728,5.51559806236835,0.0255
"5379",8,29,21,"AVS",3.27905685494659,3.47021888236363,0.3975
"5380",8,29,22,"AVS",2.40766493787371,3.31280857611412,0.4935
"5381",8,29,23,"AVS",3.31469665235807,3.32918012731811,0.3135
"5382",8,29,24,"AVS",4.57062730328452,3.43528203983066,0.189
"5383",8,29,25,"AVS",3.03537236369466,3.27350700574908,0.2995
"5384",8,29,26,"AVS",1.96796646660585,3.01450945777504,0.62
"5385",8,29,27,"AVS",7.6626272002265,4.03337827244429,0.9475
"5386",8,29,28,"AVS",1.72245137905738,2.91326810181746,0.5965
"5387",8,29,29,"AVS",2.35832170329277,2.98546843521489,0.7095
"5388",8,29,30,"AVS",1.70397092398893,2.84186606362359,0.649
"5389",8,29,31,"AVS",2.61351226414642,3.07182493418962,0.7675
"5390",8,29,32,"AVS",1.64883492544952,2.69827800116667,0.6635
"5391",8,29,33,"AVS",1.82026481532309,2.61494211883354,0.2505
"5392",8,29,34,"AVS",1.39617964136866,2.60904810579148,0.357
"5393",8,29,35,"AVS",1.91387803124118,2.74451789191303,0.2365
"5394",8,29,36,"AVS",0.9753053631015,2.38297652724296,0.552
"5395",8,29,37,"AVS",0.879271483683775,2.31854473616958,0.497
"5396",8,29,38,"AVS",1.25909316052896,2.39872724896479,0.3155
"5397",8,29,1,"EQW",2.26585287317773,2.98716221917493,0.358
"5398",8,29,2,"EQW",4.3359749541236,3.78273570739045,0.808
"5399",8,29,3,"EQW",6.02020868312735,3.91304380717756,0.8585
"5400",8,29,4,"EQW",18.6691511304495,5.56101294409437,0.9785
"5401",8,29,5,"EQW",3.67752610108264,3.60707155022043,0.581
"5402",8,29,6,"EQW",6.21414915942903,3.91030524694167,0.7935
"5403",8,29,7,"EQW",6.77297180806222,3.93694806951987,0.789
"5404",8,29,8,"EQW",9.2277246601398,4.08391407902156,0.846
"5405",8,29,9,"EQW",4.48866611868918,3.67739378176462,0.572
"5406",8,29,10,"EQW",12.0271493094794,4.33536834854962,0.917
"5407",8,29,11,"EQW",4.30222315437616,3.75158789409809,0.567
"5408",8,29,12,"EQW",4.22505528569619,3.8164166678514,0.489
"5409",8,29,13,"EQW",3.55367771796542,3.5659235828888,0.541
"5410",8,29,14,"EQW",7.80338074043598,3.88710404703104,0.852
"5411",8,29,15,"EQW",7.89726886455263,3.86291534403308,0.809
"5412",8,29,16,"EQW",7.49087611673404,4.10562594609362,0.2715
"5413",8,29,17,"EQW",3.10415597348451,3.50322036445066,0.5415
"5414",8,29,18,"EQW",9.01986150356355,4.2548939814887,0.148
"5415",8,29,19,"EQW",3.50675702896029,3.51950832403493,0.616
"5416",8,29,20,"EQW",10.3478357997203,4.35264645698448,0.1415
"5417",8,29,21,"EQW",2.78664791819516,3.44701867961826,0.498
"5418",8,29,22,"EQW",3.06474043391352,3.51108158008643,0.5805
"5419",8,29,23,"EQW",4.03941097710624,3.51347829815034,0.2905
"5420",8,29,24,"EQW",3.98025150407663,3.44741376150092,0.264
"5421",8,29,25,"EQW",2.7480707833611,3.35178412867396,0.3945
"5422",8,29,26,"EQW",2.60171888123383,3.21150706923779,0.61
"5423",8,29,27,"EQW",5.64312138229793,3.73671098409089,0.827
"5424",8,29,28,"EQW",3.35705062846773,3.41958604551239,0.358
"5425",8,29,29,"EQW",2.35356827283551,3.26330126092467,0.5985
"5426",8,29,30,"EQW",2.33068505180033,3.15888016584964,0.6155
"5427",8,29,31,"EQW",2.66816370867142,3.24712427621279,0.6735
"5428",8,29,32,"EQW",2.10664402640178,3.08572678633521,0.5485
"5429",8,29,33,"EQW",2.2445311947409,2.95723002643491,0.338
"5430",8,29,34,"EQW",1.70969509136423,2.84506447859285,0.5325
"5431",8,29,35,"EQW",1.78227829486198,2.92706082082869,0.4445
"5432",8,29,36,"EQW",2.05681282957386,2.92224643586479,0.654
"5433",8,29,37,"EQW",1.69855231666635,2.7624886995731,0.5805
"5434",8,29,38,"EQW",1.56652860533681,2.82576991160419,0.483
"5435",8,29,1,"SGP",2.26585287317773,2.98496217176357,0.3755
"5436",8,29,2,"SGP",5.89025709791763,4.06899219385765,0.935
"5437",8,29,3,"SGP",7.05333678031026,4.20338024218412,0.952
"5438",8,29,4,"SGP",20.066125461953,7.24646041484123,0.9965
"5439",8,29,5,"SGP",2.55002727746388,3.31220159594373,0.5645
"5440",8,29,6,"SGP",5.23665362000195,3.55828455192226,0.8465
"5441",8,29,7,"SGP",4.42719782222537,3.49073922340228,0.797
"5442",8,29,8,"SGP",4.12493668890804,3.36907839407874,0.774
"5443",8,29,9,"SGP",4.71095964427801,3.57258876418555,0.192
"5444",8,29,10,"SGP",5.6680535623127,3.63356647739838,0.878
"5445",8,29,11,"SGP",4.88673436676707,3.4512272179574,0.181
"5446",8,29,12,"SGP",9.26876959008404,4.29787031437293,0.0535
"5447",8,29,13,"SGP",4.02969872181949,3.37760641670197,0.2065
"5448",8,29,14,"SGP",2.766060428818,3.18681839814259,0.706
"5449",8,29,15,"SGP",1.97009336892946,3.00073388497617,0.537
"5450",8,29,16,"SGP",22.7254982254879,7.69711343165868,0.003
"5451",8,29,17,"SGP",3.34363285146372,3.36312464856717,0.3065
"5452",8,29,18,"SGP",18.4120851548132,5.97793235364734,0.0095
"5453",8,29,19,"SGP",2.69921148830209,3.34456519903861,0.4605
"5454",8,29,20,"SGP",19.4338835311596,6.10049649813476,0.006
"5455",8,29,21,"SGP",2.30834614291953,3.19070697359281,0.474
"5456",8,29,22,"SGP",5.01052129804531,3.60245595727649,0.802
"5457",8,29,23,"SGP",5.29783405760838,3.62263109901985,0.179
"5458",8,29,24,"SGP",2.88602469525963,3.30874070525782,0.34
"5459",8,29,25,"SGP",3.05054496934907,3.31930920683945,0.6765
"5460",8,29,26,"SGP",5.25693906041511,3.69913602742321,0.8295
"5461",8,29,27,"SGP",5.48875599043377,3.62941604966192,0.835
"5462",8,29,28,"SGP",7.8072633951295,4.0460266570654,0.1005
"5463",8,29,29,"SGP",2.23323434613431,3.26862967070738,0.463
"5464",8,29,30,"SGP",3.05336013214926,3.28697589588067,0.6835
"5465",8,29,31,"SGP",2.44426759995027,3.27250570914721,0.626
"5466",8,29,32,"SGP",2.05851196613665,3.11546189496252,0.5105
"5467",8,29,33,"SGP",2.62062692975808,3.19012145453015,0.336
"5468",8,29,34,"SGP",2.20265156920935,3.10254569916204,0.611
"5469",8,29,35,"SGP",2.21575193784811,3.08513756702177,0.585
"5470",8,29,36,"SGP",3.63621057000312,3.35120738638559,0.748
"5471",8,29,37,"SGP",2.13524790074183,3.08326205758239,0.6165
"5472",8,29,38,"SGP",2.03398036647017,3.00376512589889,0.4305
"5473",8,29,1,"SGP50",2.26585287317773,3.00291576965185,0.3805
"5474",8,29,2,"SGP50",4.45801623873303,3.8497104025029,0.8225
"5475",8,29,3,"SGP50",6.20473214508619,4.1802825603501,0.8875
"5476",8,29,4,"SGP50",18.8216553593534,6.19543438398417,0.9865
"5477",8,29,5,"SGP50",3.48208941658375,3.63384537609457,0.5735
"5478",8,29,6,"SGP50",6.03942381908354,3.84144821815028,0.772
"5479",8,29,7,"SGP50",6.35177864986793,3.83905093630248,0.7955
"5480",8,29,8,"SGP50",8.29323229602225,3.89941494466914,0.8345
"5481",8,29,9,"SGP50",3.80088048255805,3.65776229329392,0.52
"5482",8,29,10,"SGP50",10.5349035747083,4.23057445627284,0.91
"5483",8,29,11,"SGP50",3.59492317058657,3.66116965747885,0.4785
"5484",8,29,12,"SGP50",4.34341818956494,3.85641447831881,0.38
"5485",8,29,13,"SGP50",3.11504552183811,3.48990890049848,0.448
"5486",8,29,14,"SGP50",5.78818417412782,3.56622828340403,0.801
"5487",8,29,15,"SGP50",4.73589105423939,3.50890919909995,0.7135
"5488",8,29,16,"SGP50",12.6372772231289,4.76833139977243,0.1205
"5489",8,29,17,"SGP50",2.84207931076114,3.35600263944221,0.4725
"5490",8,29,18,"SGP50",12.2863429054723,4.61269861413355,0.0875
"5491",8,29,19,"SGP50",3.07284684049587,3.51983834618139,0.5885
"5492",8,29,20,"SGP50",13.9189301206751,4.70613846906598,0.076
"5493",8,29,21,"SGP50",2.67472616848268,3.33716982303876,0.4775
"5494",8,29,22,"SGP50",3.23934130422685,3.49589791998793,0.582
"5495",8,29,23,"SGP50",5.04858232531337,3.57206652266782,0.2285
"5496",8,29,24,"SGP50",4.08812883373974,3.56728656730041,0.252
"5497",8,29,25,"SGP50",2.70126319600439,3.37625663730197,0.4855
"5498",8,29,26,"SGP50",3.07547150534185,3.34593993872589,0.635
"5499",8,29,27,"SGP50",5.11673216593288,3.68650610821475,0.7985
"5500",8,29,28,"SGP50",4.91425363030044,3.58139929643258,0.263
"5501",8,29,29,"SGP50",2.30112439566085,3.241248918062,0.5145
"5502",8,29,30,"SGP50",2.42197313874446,3.25455399097112,0.581
"5503",8,29,31,"SGP50",2.4887188621117,3.1764502160016,0.633
"5504",8,29,32,"SGP50",2.08753318147452,3.16281541574243,0.5135
"5505",8,29,33,"SGP50",2.54794908789912,3.0653504355183,0.3215
"5506",8,29,34,"SGP50",1.83460369592752,2.93696705686467,0.5295
"5507",8,29,35,"SGP50",1.88155991854155,2.99033425946341,0.434
"5508",8,29,36,"SGP50",2.23492341809834,2.99148060167784,0.6565
"5509",8,29,37,"SGP50",1.73794721855518,2.84607060765785,0.596
"5510",8,29,38,"SGP50",1.64876301467453,2.81979621713812,0.425
"5511",8,30,1,"BMA",3.08780560408516,3.46872674098784,0.6605
"5512",8,30,2,"BMA",4.78195114893848,3.65639250600536,0.174
"5513",8,30,3,"BMA",1.76890287232984,2.90527057039032,0.5475
"5514",8,30,4,"BMA",2.89106622891038,3.00507401095534,0.78
"5515",8,30,5,"BMA",5.83954333349477,3.85081416937158,0.932
"5516",8,30,6,"BMA",2.60955654724106,3.01460819595328,0.7465
"5517",8,30,7,"BMA",1.50312212534405,2.73211146437415,0.5715
"5518",8,30,8,"BMA",18.150237411487,13.2653935887103,1
"5519",8,30,9,"BMA",16.2379087799405,5.32585535557928,0.965
"5520",8,30,10,"BMA",13.5653440366687,4.72953982548084,0.919
"5521",8,30,11,"BMA",3.70846624938705,3.67963705085657,0.446
"5522",8,30,12,"BMA",6.01082781196173,3.85021163079186,0.754
"5523",8,30,13,"BMA",3.57162657349913,3.61347500069715,0.5405
"5524",8,30,14,"BMA",3.67909901559967,3.63890451204203,0.456
"5525",8,30,15,"BMA",4.05393021125245,3.69762021626962,0.467
"5526",8,30,16,"BMA",3.57419964481723,3.51405027777388,0.5265
"5527",8,30,17,"BMA",2.94672797231221,3.38643150152665,0.559
"5528",8,30,18,"BMA",2.63957094509741,3.29968554263938,0.405
"5529",8,30,19,"BMA",4.39586246206151,3.47327713360528,0.7615
"5530",8,30,20,"BMA",2.19951455882342,3.25914098749818,0.446
"5531",8,30,21,"BMA",2.52032970725775,3.18634328392302,0.3555
"5532",8,30,22,"BMA",5.99936233214781,3.71275928556581,0.122
"5533",8,30,23,"BMA",3.51666149514807,3.33594652040358,0.2595
"5534",8,30,24,"BMA",5.95857653312864,3.72701262902763,0.106
"5535",8,30,25,"BMA",2.75794019188787,3.1158024817757,0.2895
"5536",8,30,26,"BMA",2.23374025724946,3.21081300078732,0.6145
"5537",8,30,27,"BMA",2.04668387479181,3.20280716992408,0.506
"5538",8,30,28,"BMA",4.25402049780685,3.40939452598487,0.2135
"5539",8,30,29,"BMA",7.85608578299017,4.05727274316543,0.069
"5540",8,30,30,"BMA",7.06195189967206,3.9429297722632,0.0795
"5541",8,30,31,"BMA",8.17076476304747,4.34620685466562,0.0595
"5542",8,30,32,"BMA",2.12508014167603,3.1514991693619,0.4195
"5543",8,30,33,"BMA",3.32425414292894,3.25744018662344,0.245
"5544",8,30,34,"BMA",2.86587199823577,3.15631637377957,0.2825
"5545",8,30,35,"BMA",3.42996243608073,3.287939523632,0.226
"5546",8,30,36,"BMA",2.05193178967148,2.96339986885514,0.3955
"5547",8,30,37,"BMA",1.74056815958604,2.97813513273212,0.445
"5548",8,30,38,"BMA",2.5570926136951,3.15296455201463,0.292
"5549",8,30,1,"AVS",3.08780560408516,3.46383592568438,0.637
"5550",8,30,2,"AVS",4.39401117481405,3.59274574532923,0.159
"5551",8,30,3,"AVS",1.57713843514256,2.75141334098596,0.617
"5552",8,30,4,"AVS",2.82249807486661,2.96276476908994,0.8
"5553",8,30,5,"AVS",5.8887788098933,3.71202112356305,0.9485
"5554",8,30,6,"AVS",1.54096223807377,2.63383531674378,0.6385
"5555",8,30,7,"AVS",1.20916885122178,2.4989433424243,0.343
"5556",8,30,8,"AVS",16.4384174666096,32.3376731547141,1
"5557",8,30,9,"AVS",4.38828013706655,3.35499307112602,0.8555
"5558",8,30,10,"AVS",3.77223533542167,3.18733233795581,0.8365
"5559",8,30,11,"AVS",10.7493440091363,4.9527899794099,0.014
"5560",8,30,12,"AVS",4.85873046036686,3.50435938197499,0.864
"5561",8,30,13,"AVS",5.39143426284172,3.69516215607772,0.102
"5562",8,30,14,"AVS",5.97097705447712,3.82757218289084,0.098
"5563",8,30,15,"AVS",5.38598056799525,3.66911874228134,0.1135
"5564",8,30,16,"AVS",4.21180139743996,3.43977508085557,0.1885
"5565",8,30,17,"AVS",2.5201714780306,3.20217744275492,0.322
"5566",8,30,18,"AVS",3.62886422152585,3.30386887331981,0.233
"5567",8,30,19,"AVS",3.58510130894629,3.33525629922264,0.7525
"5568",8,30,20,"AVS",2.69479646723499,3.18996447586149,0.32
"5569",8,30,21,"AVS",2.75679996611039,3.14796371886072,0.3075
"5570",8,30,22,"AVS",6.5429746218013,3.77370798183605,0.097
"5571",8,30,23,"AVS",3.19803126699606,3.24100121985212,0.277
"5572",8,30,24,"AVS",5.90975850708197,3.69393620288269,0.121
"5573",8,30,25,"AVS",2.58453832068054,3.08193896987377,0.3195
"5574",8,30,26,"AVS",2.16929722576162,3.09046699255652,0.6335
"5575",8,30,27,"AVS",1.99095192494858,3.14435664834656,0.4505
"5576",8,30,28,"AVS",5.04046663392664,3.53079196165637,0.1545
"5577",8,30,29,"AVS",8.79207676279578,4.28258285810795,0.0535
"5578",8,30,30,"AVS",4.60995641949603,3.42809367181529,0.188
"5579",8,30,31,"AVS",2.18999407299204,2.98674578255454,0.3525
"5580",8,30,32,"AVS",5.13832477226586,3.51223826059781,0.8885
"5581",8,30,33,"AVS",1.73146636325846,2.86707836708424,0.5555
"5582",8,30,34,"AVS",1.7685510011212,2.82796106721523,0.6065
"5583",8,30,35,"AVS",1.66724256158984,2.88792802334815,0.458
"5584",8,30,36,"AVS",2.35614557912664,2.96432200112203,0.6955
"5585",8,30,37,"AVS",2.29020982942422,2.861981050689,0.7205
"5586",8,30,38,"AVS",1.57389903911587,2.87495192037783,0.4715
"5587",8,30,1,"EQW",3.08780560408516,3.45112034608547,0.6465
"5588",8,30,2,"EQW",4.98973816245878,3.77843267258117,0.1685
"5589",8,30,3,"EQW",2.06889460366754,3.04038573685417,0.5155
"5590",8,30,4,"EQW",2.46979078287452,3.08427354580098,0.6665
"5591",8,30,5,"EQW",5.31627051158999,3.54818152196232,0.873
"5592",8,30,6,"EQW",3.51994006964311,3.1448703567855,0.727
"5593",8,30,7,"EQW",2.71458310732929,3.05719097132569,0.61
"5594",8,30,8,"EQW",19.1444456014674,6.34583749303701,0.9905
"5595",8,30,9,"EQW",11.6195612903483,4.2864481409669,0.939
"5596",8,30,10,"EQW",10.897553155594,4.06464862583614,0.916
"5597",8,30,11,"EQW",4.78587975109865,3.98762316648954,0.3885
"5598",8,30,12,"EQW",8.24654600656842,4.07886401780952,0.8615
"5599",8,30,13,"EQW",3.65944168140134,3.61902344090087,0.465
"5600",8,30,14,"EQW",3.66557852248194,3.71087467892845,0.431
"5601",8,30,15,"EQW",3.56814407344499,3.62349475375119,0.4145
"5602",8,30,16,"EQW",3.21386899590457,3.43347349584969,0.4815
"5603",8,30,17,"EQW",2.99356168576099,3.41758023655039,0.5405
"5604",8,30,18,"EQW",3.05152465837057,3.47545031926227,0.4095
"5605",8,30,19,"EQW",4.86873368383468,3.54316032813849,0.7575
"5606",8,30,20,"EQW",3.13781489034984,3.53340582600347,0.51
"5607",8,30,21,"EQW",3.08998105844616,3.45750057249802,0.4515
"5608",8,30,22,"EQW",4.84530625068402,3.89645140827744,0.2745
"5609",8,30,23,"EQW",2.67121447233923,3.34223941366372,0.438
"5610",8,30,24,"EQW",3.77304891398455,3.49544789649886,0.292
"5611",8,30,25,"EQW",2.26420224232459,3.20066714469966,0.489
"5612",8,30,26,"EQW",3.81673860250722,3.39741861846115,0.74
"5613",8,30,27,"EQW",3.41188365932884,3.32150571249025,0.692
"5614",8,30,28,"EQW",2.64720984541504,3.40973884727573,0.4395
"5615",8,30,29,"EQW",4.4237297400643,3.52188901972055,0.2325
"5616",8,30,30,"EQW",4.21885882518138,3.45612335495646,0.2055
"5617",8,30,31,"EQW",5.91566936704631,3.71095595758572,0.1315
"5618",8,30,32,"EQW",2.50307401821983,3.28088814891246,0.421
"5619",8,30,33,"EQW",2.8544219610395,3.18375260745755,0.271
"5620",8,30,34,"EQW",2.53028028255251,3.09830586345051,0.3065
"5621",8,30,35,"EQW",3.43037013597127,3.25494694643317,0.203
"5622",8,30,36,"EQW",2.16283155693492,3.01892689688288,0.332
"5623",8,30,37,"EQW",1.59768167541305,2.75356496658425,0.4185
"5624",8,30,38,"EQW",2.27658304146494,2.99159806356363,0.254
"5625",8,30,1,"SGP",3.08780560408516,3.45743305915936,0.643
"5626",8,30,2,"SGP",4.1638799919258,3.58220726066547,0.165
"5627",8,30,3,"SGP",1.63210911038586,2.78286655546126,0.6185
"5628",8,30,4,"SGP",1.63143148649615,2.70101982870973,0.6735
"5629",8,30,5,"SGP",3.31667262206145,3.08269221482049,0.8885
"5630",8,30,6,"SGP",1.05266845837054,2.42871285849847,0.5555
"5631",8,30,7,"SGP",1.24007277758182,2.41008674418266,0.346
"5632",8,30,8,"SGP",16.4006997450098,17.9032419720493,1
"5633",8,30,9,"SGP",4.52237375177266,3.38889352234183,0.863
"5634",8,30,10,"SGP",3.87937532768834,3.26440755492164,0.8305
"5635",8,30,11,"SGP",10.5054247835241,4.90768270275005,0.022
"5636",8,30,12,"SGP",4.92244426359605,3.50678911330231,0.869
"5637",8,30,13,"SGP",5.29200180653698,3.63118783445443,0.104
"5638",8,30,14,"SGP",5.87358548723018,3.79331269210163,0.0955
"5639",8,30,15,"SGP",5.31839954893336,3.49958946264564,0.1245
"5640",8,30,16,"SGP",4.30548766030465,3.41644336311242,0.163
"5641",8,30,17,"SGP",2.9637002774567,3.19808913003743,0.262
"5642",8,30,18,"SGP",5.1168071037874,3.46369198293331,0.139
"5643",8,30,19,"SGP",1.85196877713409,2.93829947895944,0.6125
"5644",8,30,20,"SGP",4.31899379386437,3.43766339711887,0.158
"5645",8,30,21,"SGP",4.76135699052259,3.52568890375488,0.1195
"5646",8,30,22,"SGP",9.92173817168338,4.54554159760647,0.0385
"5647",8,30,23,"SGP",1.76835987324471,2.83710367547594,0.461
"5648",8,30,24,"SGP",3.30452969309454,3.25777129958862,0.2295
"5649",8,30,25,"SGP",2.07982068036025,2.94673500251437,0.6355
"5650",8,30,26,"SGP",4.55405015574972,3.43682003652073,0.8545
"5651",8,30,27,"SGP",1.93486996089195,2.98449898772697,0.637
"5652",8,30,28,"SGP",3.15859425034538,3.18701525905664,0.208
"5653",8,30,29,"SGP",5.64586037825321,3.69415672991921,0.0985
"5654",8,30,30,"SGP",2.29810515740726,3.03149071208329,0.3175
"5655",8,30,31,"SGP",2.14041591885509,2.90012527712974,0.334
"5656",8,30,32,"SGP",5.04429190573464,3.55835949026573,0.882
"5657",8,30,33,"SGP",1.73111407250146,2.88606621155714,0.5525
"5658",8,30,34,"SGP",1.7618325158679,2.86844945902644,0.636
"5659",8,30,35,"SGP",1.67675942362865,2.89839525634298,0.47
"5660",8,30,36,"SGP",2.33223313623694,2.98500944807611,0.705
"5661",8,30,37,"SGP",2.26918271153634,2.9815877475184,0.7045
"5662",8,30,38,"SGP",1.57835490232428,2.83758928468929,0.477
"5663",8,30,1,"SGP50",3.08780560408516,3.396954874188,0.638
"5664",8,30,2,"SGP50",4.93372473771439,3.73095630653461,0.1685
"5665",8,30,3,"SGP50",2.00451465853749,3.00522270358149,0.508
"5666",8,30,4,"SGP50",2.37488279651109,3.02096499113108,0.6795
"5667",8,30,5,"SGP50",5.10944902602401,3.55803149890197,0.877
"5668",8,30,6,"SGP50",3.04392537707862,3.08349246024633,0.722
"5669",8,30,7,"SGP50",2.19851460944049,2.92445411217136,0.606
"5670",8,30,8,"SGP50",18.449201315565,6.27741284495821,0.992
"5671",8,30,9,"SGP50",9.2990538841684,3.89755801973518,0.9075
"5672",8,30,10,"SGP50",8.21939533388019,3.81784392796982,0.9075
"5673",8,30,11,"SGP50",5.47394750273007,3.96370874469439,0.271
"5674",8,30,12,"SGP50",6.99317388176006,3.94867306630717,0.8625
"5675",8,30,13,"SGP50",3.37750511094305,3.46103345707834,0.348
"5676",8,30,14,"SGP50",3.72995242181149,3.58564661803916,0.3045
"5677",8,30,15,"SGP50",3.54518952278013,3.57742099812909,0.3355
"5678",8,30,16,"SGP50",3.06287239787447,3.41281282758895,0.363
"5679",8,30,17,"SGP50",2.41222029349007,3.21843172729058,0.4125
"5680",8,30,18,"SGP50",3.36933105476025,3.37213693784692,0.2715
"5681",8,30,19,"SGP50",3.1654558493294,3.28058231555002,0.73
"5682",8,30,20,"SGP50",2.86719984775096,3.38208249208139,0.3195
"5683",8,30,21,"SGP50",3.22979235701606,3.3598598582007,0.315
"5684",8,30,22,"SGP50",6.98974414812167,4.22767956451936,0.128
"5685",8,30,23,"SGP50",2.3773798370109,3.17583166486752,0.395
"5686",8,30,24,"SGP50",4.20026698732454,3.45019784624932,0.212
"5687",8,30,25,"SGP50",2.03107559116685,3.05174950844916,0.498
"5688",8,30,26,"SGP50",3.38448641200335,3.25009296860572,0.741
"5689",8,30,27,"SGP50",2.2211189801087,3.08651237839265,0.605
"5690",8,30,28,"SGP50",3.13318342813036,3.22685960462151,0.2765
"5691",8,30,29,"SGP50",5.98534719592989,3.7369876783238,0.121
"5692",8,30,30,"SGP50",3.86632989344821,3.41576331672801,0.223
"5693",8,30,31,"SGP50",4.39347448410773,3.36178519702201,0.2185
"5694",8,30,32,"SGP50",2.61986637652013,3.38806280926673,0.6025
"5695",8,30,33,"SGP50",2.23130460459619,3.09087726227679,0.382
"5696",8,30,34,"SGP50",1.98243600765478,3.05374911384353,0.416
"5697",8,30,35,"SGP50",2.50890192544221,3.12647049046135,0.3015
"5698",8,30,36,"SGP50",1.8519045944327,3.03266787424048,0.5105
"5699",8,30,37,"SGP50",1.66570953735101,2.86034613939182,0.541
"5700",8,30,38,"SGP50",1.94498487565984,2.95518517737652,0.339
"5701",8,31,1,"BMA",4.40635987909621,3.71679004001134,0.657
"5702",8,31,2,"BMA",6.01915814757902,3.93883638801778,0.77
"5703",8,31,3,"BMA",5.8538771987559,3.82237658361136,0.777
"5704",8,31,4,"BMA",4.77811781356023,3.51070542721349,0.747
"5705",8,31,5,"BMA",2.03643108478113,2.98984409384527,0.489
"5706",8,31,6,"BMA",8.05725274333562,4.4029334125381,0.942
"5707",8,31,7,"BMA",3.51178469542755,3.39754439315699,0.25
"5708",8,31,8,"BMA",3.71549488790237,3.33984890550204,0.7885
"5709",8,31,9,"BMA",7.59896254793815,4.03269160254278,0.9455
"5710",8,31,10,"BMA",7.55777934890014,4.34861831119723,0.0825
"5711",8,31,11,"BMA",2.36417046364744,3.15631509254485,0.3855
"5712",8,31,12,"BMA",1.93489659320274,3.03458382983854,0.5855
"5713",8,31,13,"BMA",8.53235924751819,4.34670919390587,0.058
"5714",8,31,14,"BMA",10.3581759491152,5.11390781939578,0.0285
"5715",8,31,15,"BMA",15.4023762772313,5.97810456470459,0.0275
"5716",8,31,16,"BMA",12.3105016089071,4.60707714618115,0.117
"5717",8,31,17,"BMA",3.52546168835586,3.60190907712831,0.5505
"5718",8,31,18,"BMA",5.05976859595989,3.84934745230235,0.7195
"5719",8,31,19,"BMA",4.92170002169707,3.68039986610516,0.279
"5720",8,31,20,"BMA",4.21283959132407,3.4705148578449,0.2705
"5721",8,31,21,"BMA",2.09899812681806,3.17352209530667,0.5815
"5722",8,31,22,"BMA",1.80080007204367,3.00216063380188,0.5535
"5723",8,31,23,"BMA",1.80758788523808,2.90381967739376,0.421
"5724",8,31,24,"BMA",1.57494777891245,2.92327993487937,0.418
"5725",8,31,25,"BMA",1.21981926888084,2.58260948428133,0.535
"5726",8,31,26,"BMA",1.54945499918629,2.57941459785243,0.679
"5727",8,31,27,"BMA",6.5146170230147,4.3824708853762,0.97
"5728",8,31,28,"BMA",6.78634835448652,4.29840999979861,0.969
"5729",8,31,29,"BMA",3.21488960344301,3.21479059297953,0.8485
"5730",8,31,30,"BMA",1.98218178444505,2.79223181338747,0.768
"5731",8,31,31,"BMA",1.18799377697662,2.4768556132863,0.666
"5732",8,31,32,"BMA",1.89023818335011,2.63424195506636,0.802
"5733",8,31,33,"BMA",3.39159923256589,3.50236748400653,0.9255
"5734",8,31,34,"BMA",2.52426889362852,2.87857259486043,0.857
"5735",8,31,35,"BMA",1.22591405445569,2.39619472314737,0.709
"5736",8,31,36,"BMA",2.52456827181671,2.91994035056384,0.8795
"5737",8,31,37,"BMA",0.779626782197798,2.09511751441539,0.535
"5738",8,31,38,"BMA",0.727806012623068,2.03129947069665,0.4325
"5739",8,31,1,"AVS",4.40635987909621,3.7359732786962,0.6195
"5740",8,31,2,"AVS",5.05566308456009,3.80048494407416,0.731
"5741",8,31,3,"AVS",7.80752112173235,4.09851718271642,0.7935
"5742",8,31,4,"AVS",3.48148159890264,3.66094565610529,0.529
"5743",8,31,5,"AVS",3.53347894925188,3.56768376653847,0.4105
"5744",8,31,6,"AVS",6.69592126244183,3.97552810640916,0.8175
"5745",8,31,7,"AVS",3.20739337665963,3.64111234017748,0.4575
"5746",8,31,8,"AVS",6.5180240838754,3.89173137149983,0.79
"5747",8,31,9,"AVS",11.8765542633288,4.4658220370415,0.9275
"5748",8,31,10,"AVS",8.34014007953946,4.38247031617552,0.044
"5749",8,31,11,"AVS",2.34676405613533,3.09995573504433,0.33
"5750",8,31,12,"AVS",1.702222608262,2.98190339664035,0.548
"5751",8,31,13,"AVS",8.80818760206273,4.25595841378136,0.0495
"5752",8,31,14,"AVS",10.8450470969877,5.09615867086971,0.018
"5753",8,31,15,"AVS",17.2846219377662,6.67669349470546,0.004
"5754",8,31,16,"AVS",21.470150737826,7.12158783983249,0.0035
"5755",8,31,17,"AVS",3.70488421195113,3.73542824797977,0.5655
"5756",8,31,18,"AVS",6.47335549460297,4.01509184026135,0.805
"5757",8,31,19,"AVS",3.14514919155262,3.429749899162,0.356
"5758",8,31,20,"AVS",3.75444503150621,3.43310039309285,0.255
"5759",8,31,21,"AVS",2.05923558358579,3.05978862804533,0.5685
"5760",8,31,22,"AVS",1.77652765937984,3.03522552459801,0.5565
"5761",8,31,23,"AVS",1.78334102813268,2.91312435093369,0.427
"5762",8,31,24,"AVS",1.56812119196244,2.77285191396362,0.4075
"5763",8,31,25,"AVS",1.21028189486562,2.59389600062284,0.537
"5764",8,31,26,"AVS",1.54206932529414,2.50295119267867,0.7115
"5765",8,31,27,"AVS",6.51760766174874,4.31627395754843,0.968
"5766",8,31,28,"AVS",6.88561343729775,4.5184954088491,0.9785
"5767",8,31,29,"AVS",3.44963744300676,3.28000870074938,0.9015
"5768",8,31,30,"AVS",2.11559541057571,2.74666534042211,0.799
"5769",8,31,31,"AVS",1.20073428983694,2.46349983754134,0.6715
"5770",8,31,32,"AVS",1.88850857764662,2.68058600487744,0.8095
"5771",8,31,33,"AVS",3.42512776023386,3.38693948683918,0.9345
"5772",8,31,34,"AVS",2.58420193031267,3.02989192644079,0.8665
"5773",8,31,35,"AVS",1.24231147257216,2.32978061185842,0.734
"5774",8,31,36,"AVS",2.53794519679301,2.9326113477807,0.8805
"5775",8,31,37,"AVS",0.772856666917556,2.12071004730173,0.5665
"5776",8,31,38,"AVS",0.724635346945385,2.02830002550642,0.41
"5777",8,31,1,"EQW",4.40635987909621,3.76569208931493,0.638
"5778",8,31,2,"EQW",5.83845941584704,3.90084827051364,0.731
"5779",8,31,3,"EQW",5.39756561092031,3.73609585457274,0.7565
"5780",8,31,4,"EQW",6.1690985874607,3.80072519552368,0.7895
"5781",8,31,5,"EQW",4.23200110898382,3.53507130002712,0.613
"5782",8,31,6,"EQW",12.3085684551517,4.46346703737449,0.935
"5783",8,31,7,"EQW",4.44879046324862,3.71048645989786,0.524
"5784",8,31,8,"EQW",9.1136082393187,3.97279692820434,0.8565
"5785",8,31,9,"EQW",15.4777697616548,4.65951678947686,0.9545
"5786",8,31,10,"EQW",5.46866631249724,4.03122451918141,0.5325
"5787",8,31,11,"EQW",6.68614094040934,3.84835087345178,0.684
"5788",8,31,12,"EQW",9.98470443835831,3.97711313499481,0.8115
"5789",8,31,13,"EQW",6.61375630586003,4.0962585612498,0.5785
"5790",8,31,14,"EQW",5.75901843795468,4.06649504910813,0.53
"5791",8,31,15,"EQW",6.10557869753073,4.22886798119034,0.343
"5792",8,31,16,"EQW",9.38822936942542,4.35332634108276,0.2095
"5793",8,31,17,"EQW",3.66370406898943,3.62008209465969,0.5965
"5794",8,31,18,"EQW",4.39233802300149,3.73413023973997,0.6515
"5795",8,31,19,"EQW",5.81088113298943,3.87781112012607,0.2675
"5796",8,31,20,"EQW",5.22002124383902,3.63988495468517,0.227
"5797",8,31,21,"EQW",2.75104571039956,3.36646025588256,0.481
"5798",8,31,22,"EQW",3.01377194676494,3.32347836875902,0.383
"5799",8,31,23,"EQW",3.93551229244694,3.36377895417886,0.279
"5800",8,31,24,"EQW",3.43864035224097,3.35477860697862,0.318
"5801",8,31,25,"EQW",2.75733108056548,3.21967192380065,0.385
"5802",8,31,26,"EQW",2.49657994250883,3.18546386569903,0.471
"5803",8,31,27,"EQW",3.40337167538691,3.54413282472763,0.7095
"5804",8,31,28,"EQW",2.43520556367632,3.38588708243093,0.5605
"5805",8,31,29,"EQW",2.30504610516746,3.15484470707498,0.433
"5806",8,31,30,"EQW",2.15733841357856,3.06563878243369,0.419
"5807",8,31,31,"EQW",1.96847345401561,2.87117761880637,0.385
"5808",8,31,32,"EQW",1.72949898373984,2.80615254207443,0.6055
"5809",8,31,33,"EQW",2.07400098842581,3.00893215493914,0.6925
"5810",8,31,34,"EQW",1.81189297117911,2.92900251667073,0.6235
"5811",8,31,35,"EQW",1.4751573444135,2.68693409737917,0.567
"5812",8,31,36,"EQW",2.42869796872831,3.13065378682772,0.7655
"5813",8,31,37,"EQW",1.47780085282104,2.61858644162665,0.5045
"5814",8,31,38,"EQW",1.38396215243044,2.68035193920929,0.58
"5815",8,31,1,"SGP",4.40635987909621,3.80841235389293,0.6385
"5816",8,31,2,"SGP",8.22609017642968,4.10851907258343,0.877
"5817",8,31,3,"SGP",5.75212656156541,3.62675911949847,0.8465
"5818",8,31,4,"SGP",3.18548792774855,3.10951491705295,0.787
"5819",8,31,5,"SGP",1.43215976294465,2.7249716361096,0.483
"5820",8,31,6,"SGP",8.32578654374874,4.65858772969942,0.979
"5821",8,31,7,"SGP",4.07205492327714,3.42311887413858,0.1395
"5822",8,31,8,"SGP",3.15243240900106,3.1257726763691,0.786
"5823",8,31,9,"SGP",7.14505779791627,4.05655974325984,0.9505
"5824",8,31,10,"SGP",8.20158251961904,4.35730883384981,0.0565
"5825",8,31,11,"SGP",2.37456400286735,3.07118977383012,0.33
"5826",8,31,12,"SGP",1.72600391929215,2.93870975046261,0.57
"5827",8,31,13,"SGP",8.69506598284572,4.39811250279248,0.045
"5828",8,31,14,"SGP",10.7259268217341,5.08309353933863,0.02
"5829",8,31,15,"SGP",17.1460994753286,6.68138350589774,0.006
"5830",8,31,16,"SGP",21.4322367080808,7.38746522857647,0.004
"5831",8,31,17,"SGP",4.04407162985591,3.34322897077805,0.765
"5832",8,31,18,"SGP",3.13386451786223,3.27354187447555,0.6885
"5833",8,31,19,"SGP",10.0970059264324,4.45720183687829,0.0555
"5834",8,31,20,"SGP",3.55079433387291,3.31005826843054,0.2785
"5835",8,31,21,"SGP",3.81419889246567,3.48081213655976,0.7765
"5836",8,31,22,"SGP",2.14748937779721,3.07823804424119,0.5265
"5837",8,31,23,"SGP",2.20951192986015,3.08925336566533,0.4065
"5838",8,31,24,"SGP",2.30211973933946,3.16352614454936,0.6095
"5839",8,31,25,"SGP",2.65030890453487,3.16199840155062,0.6785
"5840",8,31,26,"SGP",3.32804660040072,3.22595508076315,0.751
"5841",8,31,27,"SGP",6.17004741308611,3.73741146497272,0.907
"5842",8,31,28,"SGP",1.96613015155948,3.02847737183405,0.4
"5843",8,31,29,"SGP",3.61783102230943,3.26819000805498,0.1705
"5844",8,31,30,"SGP",4.17588122868795,3.29914511121238,0.163
"5845",8,31,31,"SGP",2.67090096255804,3.00601098760629,0.2495
"5846",8,31,32,"SGP",2.38144502208165,2.88689275220661,0.6995
"5847",8,31,33,"SGP",1.88065916898569,2.89931029272922,0.64
"5848",8,31,34,"SGP",1.56080010361157,2.84277393067094,0.4365
"5849",8,31,35,"SGP",1.84935414971452,2.82535674123546,0.372
"5850",8,31,36,"SGP",2.17095357713717,2.99232277346795,0.7045
"5851",8,31,37,"SGP",2.71718051062491,2.99337589855712,0.229
"5852",8,31,38,"SGP",1.9381613667498,2.86286481444581,0.6695
"5853",8,31,1,"SGP50",4.40635987909621,3.79561968870207,0.624
"5854",8,31,2,"SGP50",5.93544812380776,3.93004525599047,0.7575
"5855",8,31,3,"SGP50",5.48502651882853,3.74250749424522,0.768
"5856",8,31,4,"SGP50",6.09773275596379,3.72023977315764,0.7875
"5857",8,31,5,"SGP50",3.88534856582874,3.49358789382358,0.6165
"5858",8,31,6,"SGP50",11.5578942211288,4.46108647209339,0.933
"5859",8,31,7,"SGP50",3.67620838477177,3.639082499018,0.4925
"5860",8,31,8,"SGP50",7.01229445803019,3.70121095880423,0.8395
"5861",8,31,9,"SGP50",11.9471526831939,4.42732859808254,0.953
"5862",8,31,10,"SGP50",4.65040864724025,3.90679383929019,0.3615
"5863",8,31,11,"SGP50",3.5550125496726,3.51479015898395,0.545
"5864",8,31,12,"SGP50",4.61959681970558,3.4206709662338,0.7015
"5865",8,31,13,"SGP50",5.2196979197234,4.06222028205158,0.304
"5866",8,31,14,"SGP50",6.33132785333978,4.28045317458905,0.2515
"5867",8,31,15,"SGP50",11.1476113102869,4.74176558633981,0.1265
"5868",8,31,16,"SGP50",15.8868864377731,5.18352478782807,0.0765
"5869",8,31,17,"SGP50",3.34564358586285,3.47602939067647,0.634
"5870",8,31,18,"SGP50",3.20563881036357,3.50582582933753,0.638
"5871",8,31,19,"SGP50",8.99278070909431,4.17968059608025,0.103
"5872",8,31,20,"SGP50",4.80804036431237,3.48678631534567,0.2305
"5873",8,31,21,"SGP50",2.94267658260479,3.50025257381596,0.604
"5874",8,31,22,"SGP50",2.57805036246042,3.22195365331461,0.447
"5875",8,31,23,"SGP50",2.94959874686953,3.19134975478144,0.3625
"5876",8,31,24,"SGP50",2.44064311909137,3.29042928372695,0.4745
"5877",8,31,25,"SGP50",2.30253432538279,3.20293311364041,0.5585
"5878",8,31,26,"SGP50",2.5726030122951,3.15261503504005,0.643
"5879",8,31,27,"SGP50",4.87711396701729,3.69261777090607,0.827
"5880",8,31,28,"SGP50",2.14831038767322,3.18041752925688,0.487
"5881",8,31,29,"SGP50",2.89423322276283,3.25035774578059,0.3045
"5882",8,31,30,"SGP50",3.07600025603957,3.21067101014147,0.2845
"5883",8,31,31,"SGP50",2.31477926158929,2.9733945053273,0.3055
"5884",8,31,32,"SGP50",2.07559590235783,2.97086814133668,0.6475
"5885",8,31,33,"SGP50",1.99086037126127,3.01126399422835,0.6525
"5886",8,31,34,"SGP50",1.65537204664559,2.84909103108713,0.551
"5887",8,31,35,"SGP50",1.63491466602476,2.86002809774693,0.4525
"5888",8,31,36,"SGP50",2.25495236676183,2.95401141078888,0.7145
"5889",8,31,37,"SGP50",1.99557944008256,2.86479345177135,0.367
"5890",8,31,38,"SGP50",1.59086784718938,2.75659618153116,0.5855
"5891",8,32,1,"BMA",2.93430139979395,3.59842491852888,0.854
"5892",8,32,2,"BMA",2.54957553189989,2.92654244306137,0.2405
"5893",8,32,3,"BMA",2.85275190690989,2.87241865721279,0.1705
"5894",8,32,4,"BMA",0.982716140866561,2.3256437434391,0.4815
"5895",8,32,5,"BMA",0.99433178579382,2.16440723427016,0.309
"5896",8,32,6,"BMA",6.17782154452036,5.22932558737572,0.983
"5897",8,32,7,"BMA",1.23823764662838,2.50377999263953,0.565
"5898",8,32,8,"BMA",5.72816228249917,4.08082256475668,0.9415
"5899",8,32,9,"BMA",3.45084273074949,3.31053910490718,0.8355
"5900",8,32,10,"BMA",1.75526284251536,2.80475672620415,0.338
"5901",8,32,11,"BMA",1.6934163442184,2.75355961561895,0.6625
"5902",8,32,12,"BMA",2.12469415872454,2.84732371040427,0.2465
"5903",8,32,13,"BMA",2.22975003622002,2.87943014156685,0.2445
"5904",8,32,14,"BMA",1.27567240063198,2.62603273682715,0.476
"5905",8,32,15,"BMA",1.60156394038043,2.63903353023104,0.672
"5906",8,32,16,"BMA",1.45918970452244,2.62325291765035,0.6785
"5907",8,32,17,"BMA",2.29513354365816,2.73650421388588,0.196
"5908",8,32,18,"BMA",1.42036462789185,2.36395747623725,0.2535
"5909",8,32,19,"BMA",2.76899256516929,2.9479968381234,0.0905
"5910",8,32,20,"BMA",2.07861691046447,2.6796784057936,0.8395
"5911",8,32,21,"BMA",0.983236247936811,2.39362395902176,0.673
"5912",8,32,22,"BMA",1.15112726941633,2.39087902457007,0.714
"5913",8,32,23,"BMA",0.841001103299927,2.25756888337034,0.5965
"5914",8,32,24,"BMA",0.721757507359294,2.03851051421555,0.4585
"5915",8,32,25,"BMA",1.11791091871663,2.16427143542314,0.732
"5916",8,32,26,"BMA",0.831690180115372,1.96584618432722,0.6615
"5917",8,32,27,"BMA",1.90267562674589,2.5961208258679,0.095
"5918",8,32,28,"BMA",0.639089080578652,1.98055829030283,0.438
"5919",8,32,29,"BMA",2.06842115476168,2.77019309315529,0.08
"5920",8,32,30,"BMA",4.30807224552577,4.45871757035185,0.0155
"5921",8,32,31,"BMA",3.59180328718311,3.51536910646747,0.068
"5922",8,32,32,"BMA",1.57618393829927,2.44968790295581,0.2315
"5923",8,32,33,"BMA",0.763150756087296,1.8417100334383,0.417
"5924",8,32,34,"BMA",0.552224288275017,1.81072536342875,0.5255
"5925",8,32,35,"BMA",1.06899876208247,2.28613557852754,0.734
"5926",8,32,36,"BMA",0.838304357799093,2.08173551223954,0.424
"5927",8,32,37,"BMA",0.771144565064589,1.83694577271893,0.388
"5928",8,32,38,"BMA",0.602888995128866,1.94194084760682,0.644
"5929",8,32,1,"AVS",2.93430139979395,3.53604919297736,0.8565
"5930",8,32,2,"AVS",3.18476735262802,3.07538731473864,0.1515
"5931",8,32,3,"AVS",2.04910130846274,2.52462257329591,0.176
"5932",8,32,4,"AVS",0.762061683202366,2.10100313468582,0.637
"5933",8,32,5,"AVS",0.804140386476454,2.04266460443816,0.336
"5934",8,32,6,"AVS",6.59173025450436,6.56302386749268,0.997
"5935",8,32,7,"AVS",1.33513252033619,2.44536475547447,0.3215
"5936",8,32,8,"AVS",5.74879670061666,4.27821460532183,0.9655
"5937",8,32,9,"AVS",2.58293253409974,3.01561927369677,0.8115
"5938",8,32,10,"AVS",3.00152955205196,3.03133985489839,0.125
"5939",8,32,11,"AVS",1.69997692947415,2.65899599344633,0.691
"5940",8,32,12,"AVS",2.50602623382861,2.89303139243336,0.1925
"5941",8,32,13,"AVS",2.1195074186105,2.84691167950127,0.249
"5942",8,32,14,"AVS",1.25739723001483,2.59444288311076,0.4855
"5943",8,32,15,"AVS",1.43855238623095,2.64317654424117,0.656
"5944",8,32,16,"AVS",1.08325449118387,2.4215937543526,0.5815
"5945",8,32,17,"AVS",3.52362186628534,3.1834930255483,0.0885
"5946",8,32,18,"AVS",1.53459087201597,2.47981065902018,0.228
"5947",8,32,19,"AVS",2.90691169421782,3.01510986402941,0.0925
"5948",8,32,20,"AVS",2.40866049819827,2.82766940867594,0.8585
"5949",8,32,21,"AVS",0.776018151872198,2.23520311516001,0.503
"5950",8,32,22,"AVS",0.814401527944349,2.17249370080739,0.6075
"5951",8,32,23,"AVS",0.729761964745341,2.12784392052568,0.477
"5952",8,32,24,"AVS",0.738215028294545,1.98996556158033,0.4005
"5953",8,32,25,"AVS",0.996759056491629,2.16487167981851,0.7105
"5954",8,32,26,"AVS",0.810768740021857,2.01789999845513,0.64
"5955",8,32,27,"AVS",1.92467712352501,2.56780552794715,0.104
"5956",8,32,28,"AVS",0.638950240695688,1.9750169871919,0.4375
"5957",8,32,29,"AVS",2.07025607901203,2.71947360356107,0.076
"5958",8,32,30,"AVS",4.29197227345078,4.35668919081381,0.02
"5959",8,32,31,"AVS",3.01602519665168,3.35522139557353,0.095
"5960",8,32,32,"AVS",1.34393552200846,2.38375382350456,0.266
"5961",8,32,33,"AVS",0.725269607204399,1.85325528304035,0.426
"5962",8,32,34,"AVS",0.544319690079912,1.86730716099282,0.55
"5963",8,32,35,"AVS",1.12780963257809,2.34941118977045,0.755
"5964",8,32,36,"AVS",0.86397638590312,2.06853209223633,0.401
"5965",8,32,37,"AVS",0.812679992200201,1.8658896725799,0.3835
"5966",8,32,38,"AVS",0.670776498078949,2.15536078661618,0.6355
"5967",8,32,1,"EQW",2.93430139979395,3.51542125911509,0.849
"5968",8,32,2,"EQW",1.46922358114148,2.56107881361473,0.2975
"5969",8,32,3,"EQW",1.80301909380857,2.52537338216007,0.231
"5970",8,32,4,"EQW",0.988288313824074,2.29629119390224,0.4805
"5971",8,32,5,"EQW",1.17304393575516,2.25604515735084,0.3085
"5972",8,32,6,"EQW",5.5695537623078,4.46723774166419,0.954
"5973",8,32,7,"EQW",1.2652246570143,2.5526440352568,0.396
"5974",8,32,8,"EQW",5.96836167492317,4.40857110528021,0.9665
"5975",8,32,9,"EQW",2.39048608619367,2.91971451797525,0.784
"5976",8,32,10,"EQW",2.57510295196159,3.12849377144633,0.213
"5977",8,32,11,"EQW",1.73091817182009,2.6600369317889,0.725
"5978",8,32,12,"EQW",2.58359237535182,2.98932620409426,0.1875
"5979",8,32,13,"EQW",2.01294529260693,2.72726938383834,0.229
"5980",8,32,14,"EQW",1.06383913326168,2.44602482610033,0.491
"5981",8,32,15,"EQW",1.25805441377197,2.41555912788546,0.651
"5982",8,32,16,"EQW",1.14764309598505,2.4377936648127,0.6305
"5983",8,32,17,"EQW",2.79541285823115,2.96808949491425,0.1425
"5984",8,32,18,"EQW",1.3379314147857,2.4018450847107,0.2795
"5985",8,32,19,"EQW",2.55906190044284,2.90076763817221,0.1185
"5986",8,32,20,"EQW",2.34798530760092,2.67966184422016,0.848
"5987",8,32,21,"EQW",0.966943503709297,2.3656683936573,0.492
"5988",8,32,22,"EQW",0.975290563864802,2.29643552028891,0.604
"5989",8,32,23,"EQW",0.917506760058222,2.30121492386677,0.522
"5990",8,32,24,"EQW",0.852795229792685,2.23465745096998,0.5095
"5991",8,32,25,"EQW",1.5391856035175,2.39691058071396,0.765
"5992",8,32,26,"EQW",1.20327538634699,2.41994449932502,0.6435
"5993",8,32,27,"EQW",1.56317958988592,2.68708594980092,0.28
"5994",8,32,28,"EQW",1.2297533814702,2.34060392030785,0.6825
"5995",8,32,29,"EQW",1.27145107845127,2.48066896019659,0.3275
"5996",8,32,30,"EQW",1.76193198489882,2.47032543397445,0.214
"5997",8,32,31,"EQW",1.65518656507796,2.35652676618723,0.188
"5998",8,32,32,"EQW",1.98259628576839,2.64590878425835,0.1405
"5999",8,32,33,"EQW",1.40721502820065,2.23067277276914,0.2375
"6000",8,32,34,"EQW",0.908374418670129,2.01787855540827,0.319
"6001",8,32,35,"EQW",0.7067329328338,1.94443400522515,0.6735
"6002",8,32,36,"EQW",0.619126997104681,1.6871340991138,0.372
"6003",8,32,37,"EQW",0.746758317512383,1.67841349457781,0.2575
"6004",8,32,38,"EQW",0.470598855786058,1.642747087063,0.6015
"6005",8,32,1,"SGP",2.93430139979395,3.72319918199234,0.8675
"6006",8,32,2,"SGP",1.29452723950256,2.40901148783789,0.2825
"6007",8,32,3,"SGP",1.28928945685942,2.22786283021047,0.2275
"6008",8,32,4,"SGP",0.753882710822141,1.99536276342769,0.633
"6009",8,32,5,"SGP",0.80615266805404,2.00688954787297,0.3275
"6010",8,32,6,"SGP",6.57230770102123,6.21155507736272,0.996
"6011",8,32,7,"SGP",1.69329840982726,2.51409267991838,0.198
"6012",8,32,8,"SGP",6.06110970057004,4.68666138955862,0.99
"6013",8,32,9,"SGP",1.58535996128708,2.6385760746598,0.744
"6014",8,32,10,"SGP",3.96177918339336,3.45580210009721,0.0665
"6015",8,32,11,"SGP",1.81972987623489,2.59198057007855,0.7775
"6016",8,32,12,"SGP",3.21378096012698,3.0927734229092,0.0985
"6017",8,32,13,"SGP",1.79847178481633,2.61869419229271,0.2195
"6018",8,32,14,"SGP",0.91601656923674,2.31654649609367,0.483
"6019",8,32,15,"SGP",1.0181628685733,2.32535057978674,0.617
"6020",8,32,16,"SGP",0.856872747042874,2.25184659012366,0.5215
"6021",8,32,17,"SGP",4.05998828460007,3.41335542057551,0.0575
"6022",8,32,18,"SGP",1.31309375924934,2.39548749571993,0.291
"6023",8,32,19,"SGP",2.41054741520048,2.82097548185786,0.1345
"6024",8,32,20,"SGP",2.87541750431855,2.88786175130574,0.8765
"6025",8,32,21,"SGP",1.37056308285069,2.39951999381338,0.281
"6026",8,32,22,"SGP",0.866967784134259,2.27203837717633,0.466
"6027",8,32,23,"SGP",1.0273923426251,2.33364085174643,0.3655
"6028",8,32,24,"SGP",0.98192515913729,2.22656566150543,0.3745
"6029",8,32,25,"SGP",1.11294516364134,2.26513133469086,0.6895
"6030",8,32,26,"SGP",0.787606467653128,2.19495748255157,0.4545
"6031",8,32,27,"SGP",2.60887012471313,2.86985183498238,0.116
"6032",8,32,28,"SGP",1.09753770335613,2.24387739676189,0.6695
"6033",8,32,29,"SGP",1.75578557072342,2.54338296637237,0.2005
"6034",8,32,30,"SGP",1.82958668850621,2.60566103686116,0.1805
"6035",8,32,31,"SGP",1.2738854327474,2.34533967401945,0.2695
"6036",8,32,32,"SGP",1.3392617939659,2.40288431630182,0.255
"6037",8,32,33,"SGP",0.692610566917267,1.91163760346947,0.4465
"6038",8,32,34,"SGP",0.521902085615536,1.97776827142352,0.595
"6039",8,32,35,"SGP",1.37892181647846,2.55383367819022,0.8075
"6040",8,32,36,"SGP",0.864395608621175,2.13748375136117,0.3845
"6041",8,32,37,"SGP",0.796695754117612,1.87114709223498,0.367
"6042",8,32,38,"SGP",0.661375896590247,2.1667413078362,0.6275
"6043",8,32,1,"SGP50",2.93430139979395,3.75797264869324,0.849
"6044",8,32,2,"SGP50",1.46223933036906,2.59561898846609,0.3005
"6045",8,32,3,"SGP50",1.77155142773933,2.48248444884835,0.2295
"6046",8,32,4,"SGP50",0.957448261016191,2.2485181146377,0.4955
"6047",8,32,5,"SGP50",1.13390878911946,2.20695597996264,0.33
"6048",8,32,6,"SGP50",5.65205762240775,4.43191499259533,0.962
"6049",8,32,7,"SGP50",1.28496014623205,2.54316953067801,0.381
"6050",8,32,8,"SGP50",5.96703909548596,4.33381436739919,0.97
"6051",8,32,9,"SGP50",2.28623158306092,2.83183435721614,0.793
"6052",8,32,10,"SGP50",2.71216101751436,3.04885036459837,0.1915
"6053",8,32,11,"SGP50",1.73758816412872,2.67826927293099,0.7295
"6054",8,32,12,"SGP50",2.65894738626272,2.96625042774174,0.166
"6055",8,32,13,"SGP50",1.97995460811344,2.62272939738924,0.2235
"6056",8,32,14,"SGP50",1.04585061694192,2.46463909253406,0.4875
"6057",8,32,15,"SGP50",1.22195972501031,2.48114944334147,0.6355
"6058",8,32,16,"SGP50",1.09471299622251,2.39298599363591,0.587
"6059",8,32,17,"SGP50",2.9753786845165,3.0196730570867,0.1355
"6060",8,32,18,"SGP50",1.33497895736006,2.42208509931834,0.2935
"6061",8,32,19,"SGP50",2.53925599592002,2.83215452822178,0.125
"6062",8,32,20,"SGP50",2.40130666547059,2.87431872986165,0.868
"6063",8,32,21,"SGP50",0.994658186502285,2.39983731408826,0.424
"6064",8,32,22,"SGP50",0.944142740552518,2.31090396120486,0.5775
"6065",8,32,23,"SGP50",0.912192591948568,2.32772966400299,0.5055
"6066",8,32,24,"SGP50",0.855269856864196,2.25171626579179,0.471
"6067",8,32,25,"SGP50",1.45609509297887,2.41744456800185,0.752
"6068",8,32,26,"SGP50",1.1054872799122,2.34679052232089,0.6185
"6069",8,32,27,"SGP50",1.6933954692288,2.72960568570684,0.2715
"6070",8,32,28,"SGP50",1.1716505919896,2.38965538913812,0.6855
"6071",8,32,29,"SGP50",1.3495719354159,2.55321388323792,0.304
"6072",8,32,30,"SGP50",1.83970230341521,2.57974969490814,0.1985
"6073",8,32,31,"SGP50",1.65738042099562,2.33625559052194,0.2075
"6074",8,32,32,"SGP50",1.92524190928396,2.72666483037068,0.149
"6075",8,32,33,"SGP50",1.31186764691193,2.21247908635928,0.25
"6076",8,32,34,"SGP50",0.845444533054486,2.01268705233915,0.342
"6077",8,32,35,"SGP50",0.758205662128512,1.9367820070498,0.6875
"6078",8,32,36,"SGP50",0.645276502979478,1.71027831311753,0.3575
"6079",8,32,37,"SGP50",0.751935376036969,1.70194402003953,0.2795
"6080",8,32,38,"SGP50",0.486854706395922,1.68377973608291,0.6045
"6081",8,33,1,"BMA",6.64917351315836,4.05069487285809,0.9065
"6082",8,33,2,"BMA",2.51337487582891,2.99785999947979,0.299
"6083",8,33,3,"BMA",2.12247739918026,2.9235593248745,0.361
"6084",8,33,4,"BMA",5.0186760232517,3.5740237755744,0.869
"6085",8,33,5,"BMA",2.6087064583381,3.12727422527886,0.682
"6086",8,33,6,"BMA",3.15818421127725,3.25888591027065,0.754
"6087",8,33,7,"BMA",2.50317259929464,3.0222434229798,0.655
"6088",8,33,8,"BMA",2.58165983447555,2.91547119162253,0.696
"6089",8,33,9,"BMA",2.15250515368003,3.23913880371321,0.343
"6090",8,33,10,"BMA",1.64084203448498,2.75918491113825,0.5395
"6091",8,33,11,"BMA",1.22280814394394,2.52425204654207,0.422
"6092",8,33,12,"BMA",3.41437281893068,3.34278754437769,0.1145
"6093",8,33,13,"BMA",4.56163250711305,3.80235225173665,0.082
"6094",8,33,14,"BMA",1.2023799479483,2.5469887217508,0.576
"6095",8,33,15,"BMA",3.4638054164351,3.18638940278346,0.921
"6096",8,33,16,"BMA",6.42137760300075,4.37143231100245,0.0245
"6097",8,33,17,"BMA",1.82220308966555,2.68035434650335,0.2725
"6098",8,33,18,"BMA",14.0289127851906,7.2265850234016,0.001
"6099",8,33,19,"BMA",15.3381189190182,6.77054123175652,5e-04
"6100",8,33,20,"BMA",1.9238430153693,3.00216787593322,0.4355
"6101",8,33,21,"BMA",2.15968654097187,3.01494953859196,0.656
"6102",8,33,22,"BMA",8.90341737396063,4.47347236122313,0.036
"6103",8,33,23,"BMA",1.74374518165717,2.96324331170736,0.4535
"6104",8,33,24,"BMA",2.79692111225657,3.1503283940202,0.241
"6105",8,33,25,"BMA",2.76168997112502,3.11786879719677,0.2575
"6106",8,33,26,"BMA",1.59363116256504,2.81969567700932,0.473
"6107",8,33,27,"BMA",1.59016903969912,2.88263066924987,0.521
"6108",8,33,28,"BMA",1.71984155594423,2.92699212242244,0.4135
"6109",8,33,29,"BMA",3.37259027321247,3.16042078046174,0.1865
"6110",8,33,30,"BMA",1.52163652614212,2.77908823243748,0.549
"6111",8,33,31,"BMA",1.58936421779854,2.82985915462771,0.5935
"6112",8,33,32,"BMA",2.98178571200897,3.03451749827985,0.2025
"6113",8,33,33,"BMA",1.28197153637623,2.52308974335337,0.419
"6114",8,33,34,"BMA",1.95732026330804,2.68359906224566,0.1875
"6115",8,33,35,"BMA",0.891223067938503,2.06546232587757,0.342
"6116",8,33,36,"BMA",0.858456111346143,1.96072786402144,0.2625
"6117",8,33,37,"BMA",0.81616358776021,1.80323041473125,0.2305
"6118",8,33,38,"BMA",0.457061844878293,1.40945298897368,0.394
"6119",8,33,1,"AVS",6.64917351315836,3.98350796564058,0.914
"6120",8,33,2,"AVS",2.59653625143173,2.96725995131666,0.24
"6121",8,33,3,"AVS",2.30912386548263,2.93637394343259,0.2975
"6122",8,33,4,"AVS",4.60035986142214,3.51824840858233,0.8575
"6123",8,33,5,"AVS",2.86206735221703,3.23226529183843,0.7475
"6124",8,33,6,"AVS",3.56834232751028,3.23863883264146,0.7485
"6125",8,33,7,"AVS",2.2583617976184,2.89147028764548,0.647
"6126",8,33,8,"AVS",1.13587981551093,2.4570275659726,0.5195
"6127",8,33,9,"AVS",3.40443433734185,3.21365851314824,0.0775
"6128",8,33,10,"AVS",1.20758072421404,2.36717759201007,0.336
"6129",8,33,11,"AVS",1.12195248519264,2.25033939264848,0.3245
"6130",8,33,12,"AVS",3.80034333525714,3.43334518926249,0.068
"6131",8,33,13,"AVS",5.10549404449819,3.9338129672409,0.038
"6132",8,33,14,"AVS",0.955215495247963,2.40281958411903,0.5095
"6133",8,33,15,"AVS",3.22683666177183,3.05828474287753,0.9115
"6134",8,33,16,"AVS",6.65180484744637,4.56022371600005,0.015
"6135",8,33,17,"AVS",2.09278191484061,2.68675162523306,0.2165
"6136",8,33,18,"AVS",14.9578475936789,9.88655841231363,0
"6137",8,33,19,"AVS",12.8076255669103,6.07787764903988,0.004
"6138",8,33,20,"AVS",7.82953134106388,4.35547229132294,0.9595
"6139",8,33,21,"AVS",2.23871488004426,3.06488732598961,0.662
"6140",8,33,22,"AVS",8.94344733251939,4.52558857189881,0.0325
"6141",8,33,23,"AVS",1.75087013138264,2.88150354672795,0.43
"6142",8,33,24,"AVS",2.86164519796362,3.19818661295231,0.2265
"6143",8,33,25,"AVS",2.83575923744957,3.17314970174773,0.232
"6144",8,33,26,"AVS",1.63177949123895,2.83954318055708,0.4615
"6145",8,33,27,"AVS",1.58468528553231,2.85174688857866,0.5025
"6146",8,33,28,"AVS",1.79665475923501,2.83335183216815,0.3885
"6147",8,33,29,"AVS",3.68865435515571,3.17496233822728,0.1695
"6148",8,33,30,"AVS",1.5770837448875,2.81268128945103,0.5175
"6149",8,33,31,"AVS",1.52706475118784,2.76715462108945,0.5305
"6150",8,33,32,"AVS",3.53938053103403,3.20508788483209,0.1735
"6151",8,33,33,"AVS",1.67052136282876,2.98244180046372,0.402
"6152",8,33,34,"AVS",2.20458852089965,2.95894506336405,0.2845
"6153",8,33,35,"AVS",1.42330895901362,2.74161501302246,0.561
"6154",8,33,36,"AVS",1.35748638862498,2.67631522100552,0.472
"6155",8,33,37,"AVS",1.30956745085087,2.65983328867651,0.475
"6156",8,33,38,"AVS",1.27464195644507,2.64082523169345,0.536
"6157",8,33,1,"EQW",6.64917351315836,3.95698933319428,0.9025
"6158",8,33,2,"EQW",2.04289968020966,3.02883925189822,0.4215
"6159",8,33,3,"EQW",1.78373191432767,2.86682352003307,0.4395
"6160",8,33,4,"EQW",5.49885384744699,3.87174546065905,0.8665
"6161",8,33,5,"EQW",1.8939175214456,3.01474978478463,0.569
"6162",8,33,6,"EQW",2.22670350456244,2.93937383985378,0.6685
"6163",8,33,7,"EQW",1.93362686447178,2.91061173815668,0.585
"6164",8,33,8,"EQW",2.46833454649872,2.9477361655652,0.712
"6165",8,33,9,"EQW",1.963481772828,3.03407175635373,0.475
"6166",8,33,10,"EQW",2.41410861878777,2.9788081994004,0.6715
"6167",8,33,11,"EQW",2.8915255762414,3.09719027455472,0.707
"6168",8,33,12,"EQW",2.19462201951019,3.19942257709208,0.5375
"6169",8,33,13,"EQW",2.06727588923523,3.182817962949,0.4425
"6170",8,33,14,"EQW",3.21507344633557,3.07480323420012,0.7565
"6171",8,33,15,"EQW",7.92570172717048,3.95293612057402,0.962
"6172",8,33,16,"EQW",3.25346359210466,3.68992295236589,0.52
"6173",8,33,17,"EQW",2.75450777910118,3.0719817315688,0.6245
"6174",8,33,18,"EQW",6.32762742286627,3.96431244838162,0.191
"6175",8,33,19,"EQW",12.3246427511569,5.06373966986034,0.019
"6176",8,33,20,"EQW",2.91951191585514,3.43901280943464,0.416
"6177",8,33,21,"EQW",3.01383202377746,3.2547551786688,0.727
"6178",8,33,22,"EQW",5.17495754284896,3.57413865183638,0.1165
"6179",8,33,23,"EQW",1.64962027867919,2.84522818664381,0.557
"6180",8,33,24,"EQW",1.6139828898469,2.83262682476922,0.418
"6181",8,33,25,"EQW",1.62795195760193,2.71566933599169,0.389
"6182",8,33,26,"EQW",1.4253071515686,2.69975904009378,0.594
"6183",8,33,27,"EQW",2.09852459187916,2.87642086979822,0.7225
"6184",8,33,28,"EQW",1.77708554539308,2.8908062844005,0.6365
"6185",8,33,29,"EQW",1.64157418614988,2.63831976738801,0.3585
"6186",8,33,30,"EQW",1.50781451739144,2.64292585311531,0.686
"6187",8,33,31,"EQW",1.76840694925055,2.85148218886677,0.6935
"6188",8,33,32,"EQW",1.57920428501738,2.40173135801776,0.313
"6189",8,33,33,"EQW",1.04964733155601,2.32403507602056,0.4145
"6190",8,33,34,"EQW",1.93826671482444,2.71673211980558,0.1865
"6191",8,33,35,"EQW",1.0190875543075,2.32263325797099,0.3815
"6192",8,33,36,"EQW",1.01887849168123,2.28578689062164,0.3415
"6193",8,33,37,"EQW",0.974207923050582,2.18151998270944,0.35
"6194",8,33,38,"EQW",0.7506248703209,1.92693861007048,0.4375
"6195",8,33,1,"SGP",6.64917351315836,4.04883827006762,0.917
"6196",8,33,2,"SGP",1.79116010024586,2.8287536935932,0.429
"6197",8,33,3,"SGP",1.42617692714302,2.71380691115071,0.494
"6198",8,33,4,"SGP",6.62246951379589,4.94259278689241,0.9745
"6199",8,33,5,"SGP",1.27997337882327,2.62293882975129,0.4005
"6200",8,33,6,"SGP",1.1740473270341,2.47177967390824,0.59
"6201",8,33,7,"SGP",1.09875060083114,2.42175337986211,0.384
"6202",8,33,8,"SGP",0.923219327666152,2.336741492332,0.4925
"6203",8,33,9,"SGP",3.2649472074167,3.3274902292804,0.0975
"6204",8,33,10,"SGP",1.1941984998418,2.27393002941953,0.334
"6205",8,33,11,"SGP",1.10732660066443,2.41124878302485,0.342
"6206",8,33,12,"SGP",3.65737982301997,3.276915542643,0.0745
"6207",8,33,13,"SGP",4.94840077006938,3.95899822039299,0.044
"6208",8,33,14,"SGP",0.970752356848705,2.41519311089022,0.5305
"6209",8,33,15,"SGP",3.28136029734137,3.07419241989105,0.9005
"6210",8,33,16,"SGP",6.48956137919996,4.47617538054553,0.026
"6211",8,33,17,"SGP",2.06501634027022,2.69649372496451,0.211
"6212",8,33,18,"SGP",14.8586827102447,7.67783687098772,0.004
"6213",8,33,19,"SGP",11.117772468154,5.21773644476322,0.0105
"6214",8,33,20,"SGP",7.97805291525697,4.27919574618404,0.9565
"6215",8,33,21,"SGP",6.39532529144214,3.72252804376015,0.934
"6216",8,33,22,"SGP",6.32682582660279,3.79949381951697,0.0645
"6217",8,33,23,"SGP",3.06580418539738,3.11948560385518,0.7855
"6218",8,33,24,"SGP",1.51427164309418,2.8664463963391,0.461
"6219",8,33,25,"SGP",1.4990388523165,2.85311134532511,0.476
"6220",8,33,26,"SGP",2.27278791050603,2.81971255574918,0.713
"6221",8,33,27,"SGP",2.41186904771451,2.94469937463896,0.736
"6222",8,33,28,"SGP",1.49383815117869,2.81258602700658,0.5535
"6223",8,33,29,"SGP",2.87040817460268,3.10637221860638,0.2035
"6224",8,33,30,"SGP",1.88263959114466,2.85759527226259,0.6825
"6225",8,33,31,"SGP",1.47545635388673,2.77377409723847,0.477
"6226",8,33,32,"SGP",2.64445994248075,2.88661382252855,0.216
"6227",8,33,33,"SGP",1.42078845549529,2.75269564198811,0.584
"6228",8,33,34,"SGP",1.43866179647728,2.74823093225476,0.389
"6229",8,33,35,"SGP",1.7516164101117,2.80229239104687,0.7005
"6230",8,33,36,"SGP",1.2498517087703,2.68957203739491,0.5445
"6231",8,33,37,"SGP",1.17650175308705,2.63226727896712,0.548
"6232",8,33,38,"SGP",1.24404719692442,2.70095485767355,0.6315
"6233",8,33,1,"SGP50",6.64917351315836,4.03945065018157,0.9105
"6234",8,33,2,"SGP50",2.02336726779097,3.02252203679549,0.4185
"6235",8,33,3,"SGP50",1.74144433706273,2.84793678004843,0.4565
"6236",8,33,4,"SGP50",5.65106709516081,3.85876664657419,0.894
"6237",8,33,5,"SGP50",1.86381637579395,2.99604539004693,0.5675
"6238",8,33,6,"SGP50",2.19815849312289,2.92398568100491,0.6825
"6239",8,33,7,"SGP50",1.85449657217583,2.87021098468425,0.599
"6240",8,33,8,"SGP50",2.30075661412005,2.87739466059104,0.669
"6241",8,33,9,"SGP50",1.92558652993598,3.03617442332089,0.44
"6242",8,33,10,"SGP50",2.0929083826898,2.8647830842131,0.6395
"6243",8,33,11,"SGP50",2.3869818366587,2.95846200666837,0.6555
"6244",8,33,12,"SGP50",2.05091042344116,3.1700695739994,0.491
"6245",8,33,13,"SGP50",2.22534889050116,3.19203818283421,0.3895
"6246",8,33,14,"SGP50",2.67549351705386,2.96693742546097,0.74
"6247",8,33,15,"SGP50",6.67706648928675,3.66001596929307,0.9515
"6248",8,33,16,"SGP50",3.18873711453851,3.63731298590963,0.385
"6249",8,33,17,"SGP50",2.02908725942636,3.01796706438758,0.52
"6250",8,33,18,"SGP50",8.47730169406318,4.3856675601746,0.1155
"6251",8,33,19,"SGP50",12.3529704608471,5.3959507793749,0.0135
"6252",8,33,20,"SGP50",2.90903751245956,3.47068348501248,0.5375
"6253",8,33,21,"SGP50",3.37868502055195,3.33819470236211,0.7715
"6254",8,33,22,"SGP50",5.88068790172318,3.66551615939855,0.0875
"6255",8,33,23,"SGP50",1.78091865066026,2.90459612624414,0.5745
"6256",8,33,24,"SGP50",1.70527276874938,2.74353955834822,0.412
"6257",8,33,25,"SGP50",1.70943375432625,2.81209936620119,0.3675
"6258",8,33,26,"SGP50",1.52398118943101,2.74005258778218,0.6205
"6259",8,33,27,"SGP50",2.03353934252468,2.9025136753322,0.7055
"6260",8,33,28,"SGP50",1.66922034493521,2.94728436889248,0.6095
"6261",8,33,29,"SGP50",1.94985697044876,2.75651675448179,0.328
"6262",8,33,30,"SGP50",1.54445947104731,2.62554792357596,0.6615
"6263",8,33,31,"SGP50",1.66839445297913,2.80144760288078,0.6295
"6264",8,33,32,"SGP50",1.80005944996882,2.61729516438261,0.316
"6265",8,33,33,"SGP50",1.10154827932287,2.32758817375248,0.4605
"6266",8,33,34,"SGP50",1.87527095162968,2.76517798495107,0.202
"6267",8,33,35,"SGP50",1.03710460952415,2.3259833797857,0.42
"6268",8,33,36,"SGP50",1.02234421494479,2.30050848563705,0.359
"6269",8,33,37,"SGP50",0.973289496377685,2.21733217834684,0.35
"6270",8,33,38,"SGP50",0.77219536809898,2.04005560317917,0.458
"6271",8,34,1,"BMA",1.23325816493304,2.29954625088307,0.2875
"6272",8,34,2,"BMA",0.911567690627717,2.22011045274236,0.72
"6273",8,34,3,"BMA",4.395344927213,4.76358362381454,0.9615
"6274",8,34,4,"BMA",2.07834883460834,2.89694194300525,0.7745
"6275",8,34,5,"BMA",1.53149853100133,2.68250957427943,0.6695
"6276",8,34,6,"BMA",5.38444636195718,3.76070611407922,0.9175
"6277",8,34,7,"BMA",7.40435364351695,4.34343137746485,0.9195
"6278",8,34,8,"BMA",4.19907617047606,3.59737571857001,0.741
"6279",8,34,9,"BMA",4.60466389504129,3.5470753463099,0.784
"6280",8,34,10,"BMA",3.42745635700394,3.38536927492649,0.712
"6281",8,34,11,"BMA",3.11883118195424,3.29239344077217,0.6915
"6282",8,34,12,"BMA",8.88418486154839,4.22414391121824,0.9275
"6283",8,34,13,"BMA",14.1779767356142,5.27209995330607,0.9665
"6284",8,34,14,"BMA",9.5462733173581,4.33757356568494,0.8925
"6285",8,34,15,"BMA",5.79100664684145,3.62467631859594,0.779
"6286",8,34,16,"BMA",18.300618895035,6.08201959266158,0.9915
"6287",8,34,17,"BMA",7.81973870613383,4.05617098318093,0.86
"6288",8,34,18,"BMA",4.70910226861519,3.62911364619431,0.2755
"6289",8,34,19,"BMA",4.30181891602913,3.63337022889197,0.3545
"6290",8,34,20,"BMA",3.7202508330134,3.60986976423553,0.3565
"6291",8,34,21,"BMA",3.51263871150899,3.57860399821714,0.648
"6292",8,34,22,"BMA",4.2199183112648,3.61062454524651,0.7115
"6293",8,34,23,"BMA",5.18795177295401,3.65339804468114,0.7825
"6294",8,34,24,"BMA",3.39361440621094,3.367331689238,0.665
"6295",8,34,25,"BMA",2.35976977097819,3.18913231171395,0.515
"6296",8,34,26,"BMA",5.69916190562292,3.73447504437823,0.873
"6297",8,34,27,"BMA",3.4019749943696,3.22331778408796,0.7515
"6298",8,34,28,"BMA",1.70351233015152,2.87243196583885,0.4885
"6299",8,34,29,"BMA",1.63000985715574,2.77714828957451,0.5265
"6300",8,34,30,"BMA",2.60512558013837,3.11492704464918,0.249
"6301",8,34,31,"BMA",8.54029901446133,4.50079046022616,0.0235
"6302",8,34,32,"BMA",9.10173689282282,4.57146759758153,0.0275
"6303",8,34,33,"BMA",3.14477206953569,3.22773420958089,0.215
"6304",8,34,34,"BMA",4.19139051513966,3.42625218005347,0.1255
"6305",8,34,35,"BMA",1.80721061349919,2.83252584833524,0.5525
"6306",8,34,36,"BMA",2.40419717887302,3.06852113182163,0.2755
"6307",8,34,37,"BMA",8.30332762539281,4.31769561712908,0.0485
"6308",8,34,38,"BMA",7.30555126181919,4.01864720367449,0.0635
"6309",8,34,1,"AVS",1.23325816493304,2.24744587453898,0.291
"6310",8,34,2,"AVS",0.961797679507902,2.15692732845847,0.7455
"6311",8,34,3,"AVS",4.53128335107814,4.48718359297551,0.98
"6312",8,34,4,"AVS",1.71777652377903,2.68327432184861,0.7215
"6313",8,34,5,"AVS",1.02247269058143,2.26266431900824,0.653
"6314",8,34,6,"AVS",5.86930434995802,4.5819476412294,0.9585
"6315",8,34,7,"AVS",7.52753909962287,4.70064252909589,0.958
"6316",8,34,8,"AVS",3.10005852815499,3.13787886058892,0.842
"6317",8,34,9,"AVS",4.68147501020243,3.61036002179533,0.925
"6318",8,34,10,"AVS",2.44561911474786,3.00087725483265,0.719
"6319",8,34,11,"AVS",1.76726240128229,2.73590060477989,0.6555
"6320",8,34,12,"AVS",7.82385544470997,5.06668285278088,0.9865
"6321",8,34,13,"AVS",8.9237977189012,4.95462900813767,0.9865
"6322",8,34,14,"AVS",3.86778930229879,3.50071048988301,0.08
"6323",8,34,15,"AVS",1.34726618661566,2.57599660176549,0.322
"6324",8,34,16,"AVS",15.8902627330044,34.1017194471557,1
"6325",8,34,17,"AVS",10.1757216786879,5.65061671597806,0.0065
"6326",8,34,18,"AVS",16.3029398448495,5.34066690945349,0.018
"6327",8,34,19,"AVS",1.90255831495915,2.9733257620093,0.593
"6328",8,34,20,"AVS",1.77047832545382,2.93767945852569,0.565
"6329",8,34,21,"AVS",5.0265243123239,3.55023648320508,0.8835
"6330",8,34,22,"AVS",2.58456132191438,3.10981509007013,0.701
"6331",8,34,23,"AVS",3.0840596236707,3.19174756500964,0.746
"6332",8,34,24,"AVS",1.68151167450269,2.95538319283265,0.4865
"6333",8,34,25,"AVS",2.09680121493027,2.9087568647907,0.3365
"6334",8,34,26,"AVS",4.56113606493164,3.45506365419516,0.875
"6335",8,34,27,"AVS",2.04668066092348,2.90912513914924,0.667
"6336",8,34,28,"AVS",1.6042702665299,2.77238314208144,0.4465
"6337",8,34,29,"AVS",1.58245767513964,2.77516260016428,0.511
"6338",8,34,30,"AVS",2.62947511728327,3.07317785701164,0.2415
"6339",8,34,31,"AVS",8.59179443270139,4.40295849468718,0.0315
"6340",8,34,32,"AVS",9.17520627223337,4.58169273180459,0.0315
"6341",8,34,33,"AVS",3.12040435369257,3.1897189366374,0.225
"6342",8,34,34,"AVS",4.19154168174272,3.44704240119821,0.154
"6343",8,34,35,"AVS",1.80328278426767,2.85485418086906,0.5765
"6344",8,34,36,"AVS",2.43647968817981,3.10200888085718,0.253
"6345",8,34,37,"AVS",8.47060244475739,4.20043206002599,0.0425
"6346",8,34,38,"AVS",7.29165471901482,4.07465630193118,0.056
"6347",8,34,1,"EQW",1.23325816493304,2.27943169753037,0.289
"6348",8,34,2,"EQW",0.877577878240916,2.25598059771873,0.64
"6349",8,34,3,"EQW",3.77042854723344,3.93582419067928,0.9035
"6350",8,34,4,"EQW",1.72143720076151,2.71522434055777,0.7395
"6351",8,34,5,"EQW",1.66856451833891,2.72377202593289,0.7435
"6352",8,34,6,"EQW",6.20174082851557,4.50944044141538,0.949
"6353",8,34,7,"EQW",6.08422840197776,4.3703335880505,0.9375
"6354",8,34,8,"EQW",2.27207656790853,3.16978078207701,0.618
"6355",8,34,9,"EQW",3.79411134611423,3.25146738866323,0.835
"6356",8,34,10,"EQW",2.29818757428658,2.98000178780612,0.636
"6357",8,34,11,"EQW",1.82305177861086,2.7873281473919,0.5635
"6358",8,34,12,"EQW",7.1885204909013,4.46134622754771,0.9515
"6359",8,34,13,"EQW",9.37142492873196,4.39140270327272,0.974
"6360",8,34,14,"EQW",4.75084508225479,3.68635030945994,0.7145
"6361",8,34,15,"EQW",3.44035585730503,3.24622457079893,0.7
"6362",8,34,16,"EQW",18.7328502831485,7.08021019220624,0.9965
"6363",8,34,17,"EQW",4.01037292649438,3.83848944989977,0.5615
"6364",8,34,18,"EQW",7.05698560917099,3.90831190887556,0.192
"6365",8,34,19,"EQW",2.5654677342466,3.24407868935406,0.47
"6366",8,34,20,"EQW",2.39700542454106,3.22875236706797,0.48
"6367",8,34,21,"EQW",4.57401597919917,3.47365301890952,0.803
"6368",8,34,22,"EQW",3.47994142287393,3.31156091620837,0.711
"6369",8,34,23,"EQW",4.35919798122757,3.44507441588072,0.7645
"6370",8,34,24,"EQW",3.05750545185214,3.32621620028541,0.586
"6371",8,34,25,"EQW",2.57592426200799,3.37664043117678,0.4935
"6372",8,34,26,"EQW",6.02982904911487,3.69309920870765,0.8735
"6373",8,34,27,"EQW",4.53647050426649,3.38982409996886,0.7435
"6374",8,34,28,"EQW",3.42359336296683,3.38816125895737,0.6245
"6375",8,34,29,"EQW",3.41761031997497,3.31127911730299,0.65
"6376",8,34,30,"EQW",2.75635161576115,3.4968055695092,0.513
"6377",8,34,31,"EQW",4.92659793572606,3.60326284952833,0.2225
"6378",8,34,32,"EQW",7.71729618902355,4.14744727165089,0.0815
"6379",8,34,33,"EQW",4.12381536695905,3.3499954073973,0.2355
"6380",8,34,34,"EQW",5.89656915777361,3.62613268980936,0.1245
"6381",8,34,35,"EQW",2.59424594185538,3.3137520216009,0.5145
"6382",8,34,36,"EQW",2.67263311252981,3.17806590675967,0.302
"6383",8,34,37,"EQW",6.19509052931559,3.64280570406155,0.1185
"6384",8,34,38,"EQW",6.52654737011853,3.65366738974479,0.127
"6385",8,34,1,"SGP",1.23325816493304,2.21583517857392,0.298
"6386",8,34,2,"SGP",0.943545978824131,2.13486567773903,0.74
"6387",8,34,3,"SGP",4.62460365187394,4.89218319452114,0.9765
"6388",8,34,4,"SGP",1.46845285318958,2.46668224868034,0.706
"6389",8,34,5,"SGP",1.11739605094509,2.20494829702754,0.6895
"6390",8,34,6,"SGP",6.59142357766853,6.10155372457086,0.993
"6391",8,34,7,"SGP",5.99267100207043,4.5159743750644,0.977
"6392",8,34,8,"SGP",2.23896714423517,2.87241088658006,0.8075
"6393",8,34,9,"SGP",4.79704305889061,3.61022706252625,0.945
"6394",8,34,10,"SGP",1.99180858204393,2.77460896488342,0.725
"6395",8,34,11,"SGP",1.07134463032477,2.48448299736754,0.543
"6396",8,34,12,"SGP",6.75903135910933,5.24104963157695,0.991
"6397",8,34,13,"SGP",5.00713776431273,3.97363820276535,0.9715
"6398",8,34,14,"SGP",3.7101708324179,3.3749300087495,0.1075
"6399",8,34,15,"SGP",1.33427027256294,2.50478306936929,0.333
"6400",8,34,16,"SGP",15.9336762286965,29.2567184990633,1
"6401",8,34,17,"SGP",9.84035829788625,5.50469733467172,0.02
"6402",8,34,18,"SGP",20.6076406158407,7.54955423792164,0.004
"6403",8,34,19,"SGP",1.89975134257039,3.00645678204063,0.6
"6404",8,34,20,"SGP",2.33214565493079,2.95001106690474,0.289
"6405",8,34,21,"SGP",4.99651394999986,3.59204664703334,0.8885
"6406",8,34,22,"SGP",2.05299714694826,2.99058672265855,0.644
"6407",8,34,23,"SGP",1.50819159655458,2.825011353634,0.548
"6408",8,34,24,"SGP",2.40434259650472,2.91621221636324,0.255
"6409",8,34,25,"SGP",4.31333531314866,3.48347065352337,0.124
"6410",8,34,26,"SGP",3.41282701993139,3.19530617425748,0.808
"6411",8,34,27,"SGP",1.42343556154179,2.71211603633512,0.424
"6412",8,34,28,"SGP",2.80647945560235,2.93674044491837,0.2075
"6413",8,34,29,"SGP",2.1118695275558,2.85329219057259,0.288
"6414",8,34,30,"SGP",3.93131133910691,3.2861014809415,0.125
"6415",8,34,31,"SGP",9.36935725043814,5.03374497811129,0.021
"6416",8,34,32,"SGP",6.60799008551064,4.05751785018802,0.0435
"6417",8,34,33,"SGP",1.42491025886994,2.8250740965226,0.434
"6418",8,34,34,"SGP",3.96000318131724,3.37084487502651,0.1435
"6419",8,34,35,"SGP",4.55878884895826,3.45100462831354,0.8925
"6420",8,34,36,"SGP",2.3716885181672,2.93301247835694,0.2555
"6421",8,34,37,"SGP",4.50624709788649,3.55202560752362,0.11
"6422",8,34,38,"SGP",2.05714886905509,2.92108555896694,0.3035
"6423",8,34,1,"SGP50",1.23325816493304,2.22048566626172,0.3005
"6424",8,34,2,"SGP50",0.876662681032612,2.16399948380977,0.632
"6425",8,34,3,"SGP50",3.82246627779915,4.11654102602479,0.923
"6426",8,34,4,"SGP50",1.73098901909201,2.63655627057548,0.7255
"6427",8,34,5,"SGP50",1.68137076359303,2.6578673004706,0.7485
"6428",8,34,6,"SGP50",6.26471639575997,4.44477915910116,0.9565
"6429",8,34,7,"SGP50",6.0410376154377,4.22514439756199,0.9275
"6430",8,34,8,"SGP50",2.17172017203232,3.05425480597289,0.582
"6431",8,34,9,"SGP50",3.68895902133944,3.22920384337864,0.8235
"6432",8,34,10,"SGP50",2.11546884115329,3.00683506494763,0.6215
"6433",8,34,11,"SGP50",1.65080437846779,2.72455009992578,0.58
"6434",8,34,12,"SGP50",7.14848027158645,4.3849976034172,0.9485
"6435",8,34,13,"SGP50",8.7656642371912,4.38923920353315,0.9715
"6436",8,34,14,"SGP50",3.85269190952102,3.54096444938643,0.6405
"6437",8,34,15,"SGP50",2.72336007337979,3.07852821728739,0.6515
"6438",8,34,16,"SGP50",18.2038261294051,6.91150095790431,0.995
"6439",8,34,17,"SGP50",3.6262781070569,3.74462907897527,0.443
"6440",8,34,18,"SGP50",8.63253838290028,4.05827201977881,0.144
"6441",8,34,19,"SGP50",2.18604642929075,3.13318411572354,0.496
"6442",8,34,20,"SGP50",2.11306514031286,3.07181494606775,0.4385
"6443",8,34,21,"SGP50",4.41639062905099,3.50214922760636,0.8305
"6444",8,34,22,"SGP50",2.58285602071869,3.13779091018524,0.6635
"6445",8,34,23,"SGP50",3.08946611379951,3.17371572412388,0.7155
"6446",8,34,24,"SGP50",2.14227108579727,3.11933581565064,0.492
"6447",8,34,25,"SGP50",2.50566675467714,3.220848912203,0.347
"6448",8,34,26,"SGP50",4.7566616937768,3.4566869043951,0.8595
"6449",8,34,27,"SGP50",2.58745886338906,3.04934509527115,0.634
"6450",8,34,28,"SGP50",2.15233483339531,3.13899491155719,0.452
"6451",8,34,29,"SGP50",2.02904754105945,2.98566508754824,0.5195
"6452",8,34,30,"SGP50",2.63756982641596,3.28660397822887,0.3275
"6453",8,34,31,"SGP50",7.03911238468193,4.21398609045671,0.109
"6454",8,34,32,"SGP50",7.69249796074274,4.13745031711418,0.054
"6455",8,34,33,"SGP50",2.69668130929274,3.02185492601642,0.3035
"6456",8,34,34,"SGP50",4.60950331931237,3.47112304185784,0.1365
"6457",8,34,35,"SGP50",2.55365011842828,3.24234397055049,0.653
"6458",8,34,36,"SGP50",2.45560926578898,2.98786119119014,0.287
"6459",8,34,37,"SGP50",6.04726342212851,3.66404464239863,0.0905
"6460",8,34,38,"SGP50",4.73235857336219,3.38728456283684,0.162
"6461",8,35,1,"BMA",5.28779850807069,4.32463286294995,0.903
"6462",8,35,2,"BMA",1.83312401624973,2.9885360497875,0.4265
"6463",8,35,3,"BMA",2.56320459192173,2.99075571654714,0.2485
"6464",8,35,4,"BMA",2.49836525430722,3.08543078138922,0.7245
"6465",8,35,5,"BMA",1.60050742596682,2.88663388089438,0.485
"6466",8,35,6,"BMA",5.18979658658259,3.68295854159583,0.885
"6467",8,35,7,"BMA",6.26100295494412,3.78535638586952,0.9035
"6468",8,35,8,"BMA",6.48932108992983,3.73525672939346,0.89
"6469",8,35,9,"BMA",4.06200147255696,3.44008136907181,0.2245
"6470",8,35,10,"BMA",6.11630664504172,3.7603317142457,0.8865
"6471",8,35,11,"BMA",2.88225252390695,3.27756157020992,0.686
"6472",8,35,12,"BMA",3.16201503739194,3.1827132873853,0.7125
"6473",8,35,13,"BMA",13.6824731140689,5.43529099606645,0.982
"6474",8,35,14,"BMA",27.5830386637425,9.09321343049212,1
"6475",8,35,15,"BMA",29.6742755703669,8.25358575650552,0.9995
"6476",8,35,16,"BMA",5.79951571791152,4.01223780846261,0.685
"6477",8,35,17,"BMA",3.11983282682249,3.54108223476962,0.5235
"6478",8,35,18,"BMA",4.97677837609181,3.73724394053387,0.2645
"6479",8,35,19,"BMA",8.1122703954015,4.40843673313416,0.194
"6480",8,35,20,"BMA",4.47531657979276,3.81321563296451,0.3845
"6481",8,35,21,"BMA",8.40883410749359,4.09208517588731,0.175
"6482",8,35,22,"BMA",5.84534868367845,3.76933663278616,0.813
"6483",8,35,23,"BMA",2.42709740272489,3.18501057410949,0.528
"6484",8,35,24,"BMA",3.60805785849117,3.42319502747325,0.773
"6485",8,35,25,"BMA",3.41413662461103,3.28939449215466,0.7895
"6486",8,35,26,"BMA",2.76964025283562,3.25561202249281,0.774
"6487",8,35,27,"BMA",2.3222691674742,3.01573272178268,0.731
"6488",8,35,28,"BMA",1.43807062445049,2.75437391200582,0.633
"6489",8,35,29,"BMA",5.60207641574006,3.81198142294197,0.9365
"6490",8,35,30,"BMA",1.81515291921271,2.82592009323818,0.687
"6491",8,35,31,"BMA",1.09821894607097,2.55886437686052,0.53
"6492",8,35,32,"BMA",1.0253884040433,2.37388519092784,0.5015
"6493",8,35,33,"BMA",1.38576793533752,2.36637293316645,0.2885
"6494",8,35,34,"BMA",0.998281198565418,2.26827448731021,0.4035
"6495",8,35,35,"BMA",0.838720775756512,2.28046079687928,0.461
"6496",8,35,36,"BMA",0.872689818388497,2.25706703231614,0.5375
"6497",8,35,37,"BMA",1.55620400498985,2.41082609002113,0.24
"6498",8,35,38,"BMA",1.65360360647902,2.41292176227574,0.1755
"6499",8,35,1,"AVS",5.28779850807069,4.13297063247347,0.8955
"6500",8,35,2,"AVS",1.85509573555242,2.86314896722824,0.407
"6501",8,35,3,"AVS",2.61326130865606,3.04003175731278,0.241
"6502",8,35,4,"AVS",2.72990520168204,3.25357555840522,0.726
"6503",8,35,5,"AVS",1.55762910138297,2.7941879684928,0.5105
"6504",8,35,6,"AVS",5.45591938273716,3.90834508591721,0.901
"6505",8,35,7,"AVS",6.85997126936975,4.04620252252774,0.925
"6506",8,35,8,"AVS",4.82007423380965,3.32893242285144,0.8885
"6507",8,35,9,"AVS",10.1255228213578,6.49645458426213,0.006
"6508",8,35,10,"AVS",6.28355165278419,3.89361760937256,0.8815
"6509",8,35,11,"AVS",2.72717676412207,3.24589587041451,0.666
"6510",8,35,12,"AVS",2.78127194935174,3.08461663880171,0.6785
"6511",8,35,13,"AVS",10.0610050848317,4.46447603952717,0.9765
"6512",8,35,14,"AVS",18.9134307980409,27.5404815946515,1
"6513",8,35,15,"AVS",6.40030630430086,3.84800178144531,0.922
"6514",8,35,16,"AVS",11.1410620954694,5.06500403934483,0.017
"6515",8,35,17,"AVS",6.07857249889239,3.79970150752976,0.087
"6516",8,35,18,"AVS",9.57610219992458,4.42915884459934,0.04
"6517",8,35,19,"AVS",11.0455700552315,4.76626447590272,0.034
"6518",8,35,20,"AVS",4.34959724590285,3.40269857104722,0.2095
"6519",8,35,21,"AVS",14.2293431154309,5.44740374014115,0.02
"6520",8,35,22,"AVS",2.27413476375725,3.16774670448772,0.4645
"6521",8,35,23,"AVS",8.39994421333336,4.16186556656398,0.0805
"6522",8,35,24,"AVS",2.58139827345375,3.20370185050848,0.377
"6523",8,35,25,"AVS",3.37752521711601,3.35997006442607,0.2935
"6524",8,35,26,"AVS",3.16363227544622,3.29846470023461,0.32
"6525",8,35,27,"AVS",2.75389862663316,3.22913616751617,0.313
"6526",8,35,28,"AVS",3.11826894959772,3.27084295360283,0.299
"6527",8,35,29,"AVS",2.75191737300019,3.24838680366366,0.6465
"6528",8,35,30,"AVS",3.6551381896214,3.46914675834652,0.2545
"6529",8,35,31,"AVS",2.58927926945063,3.15512844847648,0.363
"6530",8,35,32,"AVS",2.1752544788263,3.12974873954591,0.412
"6531",8,35,33,"AVS",2.43190865968746,3.08998576041749,0.3525
"6532",8,35,34,"AVS",2.03679684707944,3.12326341122194,0.452
"6533",8,35,35,"AVS",1.96545882109117,3.02457989752281,0.502
"6534",8,35,36,"AVS",2.00264226856351,3.03599454905197,0.487
"6535",8,35,37,"AVS",2.24057839405513,3.02812511139665,0.3605
"6536",8,35,38,"AVS",1.7566573707197,2.89116083323912,0.42
"6537",8,35,1,"EQW",5.28779850807069,4.08250441894984,0.9075
"6538",8,35,2,"EQW",1.58186323663415,2.72787984516918,0.6465
"6539",8,35,3,"EQW",1.41121403857159,2.54331291700686,0.3485
"6540",8,35,4,"EQW",3.80626369967126,3.588915664648,0.86
"6541",8,35,5,"EQW",1.52552093783539,2.70880102569506,0.3755
"6542",8,35,6,"EQW",5.15070248592936,3.75828484000147,0.9195
"6543",8,35,7,"EQW",4.35720954694772,3.40430880682026,0.894
"6544",8,35,8,"EQW",4.48438623935906,3.36774698056667,0.881
"6545",8,35,9,"EQW",5.57940879738911,3.75280832388338,0.144
"6546",8,35,10,"EQW",6.84219608405966,3.99354721694494,0.9215
"6547",8,35,11,"EQW",1.81561698111603,2.94748397336579,0.5615
"6548",8,35,12,"EQW",1.96826343515492,3.01804680778927,0.575
"6549",8,35,13,"EQW",9.94926257106204,4.77286697575074,0.9805
"6550",8,35,14,"EQW",21.7532763493136,8.34848361028054,1
"6551",8,35,15,"EQW",15.7001198039591,4.67833248602216,0.974
"6552",8,35,16,"EQW",4.5921228354023,4.00527150958911,0.463
"6553",8,35,17,"EQW",3.18568046263646,3.52592387620436,0.364
"6554",8,35,18,"EQW",5.85021213144822,3.7759740862237,0.1945
"6555",8,35,19,"EQW",9.84003495442687,4.45312860703419,0.113
"6556",8,35,20,"EQW",5.28275943340388,3.89480345274627,0.23
"6557",8,35,21,"EQW",10.9765171681263,4.50695032342518,0.0965
"6558",8,35,22,"EQW",3.45956829975927,3.63260353399903,0.575
"6559",8,35,23,"EQW",6.21234312845169,3.83582372423747,0.201
"6560",8,35,24,"EQW",2.79546304491166,3.37716627918749,0.5145
"6561",8,35,25,"EQW",2.59243594120626,3.36435077448047,0.4845
"6562",8,35,26,"EQW",2.39387776675328,3.16396655595029,0.47
"6563",8,35,27,"EQW",2.13227361545974,3.1615592981323,0.467
"6564",8,35,28,"EQW",2.08038217710652,3.05879969223168,0.4205
"6565",8,35,29,"EQW",3.6220500920844,3.37505910134039,0.7795
"6566",8,35,30,"EQW",2.03812055766298,3.06355033089175,0.437
"6567",8,35,31,"EQW",1.68006144213376,2.84067470669005,0.4285
"6568",8,35,32,"EQW",1.53557558892748,2.76281185909403,0.479
"6569",8,35,33,"EQW",1.61573138562448,2.6184846849346,0.386
"6570",8,35,34,"EQW",1.39948555706006,2.70816935229371,0.519
"6571",8,35,35,"EQW",1.42398214520672,2.68310515660235,0.5635
"6572",8,35,36,"EQW",1.48441683321918,2.73529591866179,0.608
"6573",8,35,37,"EQW",1.50316177306556,2.70021923099039,0.4005
"6574",8,35,38,"EQW",1.33749125863432,2.69113648608904,0.4525
"6575",8,35,1,"SGP",5.28779850807069,4.04160315020411,0.8925
"6576",8,35,2,"SGP",1.4364434252643,2.54846217147043,0.6655
"6577",8,35,3,"SGP",0.966192857875242,2.29937635564147,0.379
"6578",8,35,4,"SGP",5.12928874046512,4.42962778635991,0.968
"6579",8,35,5,"SGP",1.7431058684794,2.63561285343744,0.22
"6580",8,35,6,"SGP",5.18750963756085,4.26564160310113,0.9805
"6581",8,35,7,"SGP",2.77453339964942,2.91425629820943,0.883
"6582",8,35,8,"SGP",2.49144213536275,2.79350823035287,0.859
"6583",8,35,9,"SGP",9.97374650338606,6.25012209298303,0.011
"6584",8,35,10,"SGP",6.7422788326966,4.2326864787282,0.9745
"6585",8,35,11,"SGP",1.39714733209844,2.54525815557013,0.353
"6586",8,35,12,"SGP",1.90858677718689,2.77789640483183,0.244
"6587",8,35,13,"SGP",5.40985589772356,3.80927411872273,0.955
"6588",8,35,14,"SGP",18.9397246061866,18.3302883445875,1
"6589",8,35,15,"SGP",6.54533033687601,3.80603493916639,0.9205
"6590",8,35,16,"SGP",10.8491776909509,4.96940676762188,0.0285
"6591",8,35,17,"SGP",5.97619057756659,3.83244191646767,0.0955
"6592",8,35,18,"SGP",9.52583444218088,4.48229159504463,0.034
"6593",8,35,19,"SGP",13.5201738313008,5.41531384853196,0.022
"6594",8,35,20,"SGP",6.62677381803787,3.72197007105262,0.11
"6595",8,35,21,"SGP",11.572880658433,4.75260764799953,0.03
"6596",8,35,22,"SGP",5.0230753857346,3.50172338313496,0.8185
"6597",8,35,23,"SGP",8.27968813425486,3.96724853635184,0.085
"6598",8,35,24,"SGP",4.08751662562649,3.40432411798595,0.757
"6599",8,35,25,"SGP",2.20178133831466,3.20464091584983,0.5745
"6600",8,35,26,"SGP",2.05752331881347,3.13139438124991,0.545
"6601",8,35,27,"SGP",2.07805875709193,3.12033923019405,0.589
"6602",8,35,28,"SGP",2.1100714982187,3.07498024572698,0.4965
"6603",8,35,29,"SGP",5.45717084545952,3.72596764585,0.8705
"6604",8,35,30,"SGP",2.99462192910998,3.23914114239042,0.2915
"6605",8,35,31,"SGP",1.95959999866878,3.15498681701462,0.464
"6606",8,35,32,"SGP",2.0776733003552,3.05914629745953,0.573
"6607",8,35,33,"SGP",1.80530340499967,2.97189501206287,0.4825
"6608",8,35,34,"SGP",1.91910103160184,3.02831756455789,0.5855
"6609",8,35,35,"SGP",2.01443267614447,3.07307192243442,0.594
"6610",8,35,36,"SGP",1.7354316015303,2.92798462076854,0.576
"6611",8,35,37,"SGP",2.00957340681859,2.97114073840846,0.382
"6612",8,35,38,"SGP",1.66360010064653,2.90908654237626,0.533
"6613",8,35,1,"SGP50",5.28779850807069,4.08464128400114,0.889
"6614",8,35,2,"SGP50",1.57543506704809,2.72615582370228,0.631
"6615",8,35,3,"SGP50",1.3849028700003,2.53932902059992,0.3705
"6616",8,35,4,"SGP50",3.90359805243207,3.71239313229547,0.8645
"6617",8,35,5,"SGP50",1.51202151015663,2.70593793504242,0.3545
"6618",8,35,6,"SGP50",5.22009228018937,3.82835154985157,0.9165
"6619",8,35,7,"SGP50",4.26638847539723,3.36738914398268,0.8855
"6620",8,35,8,"SGP50",4.32314793559821,3.35849593821346,0.888
"6621",8,35,9,"SGP50",5.89043214452529,3.91552790452245,0.1115
"6622",8,35,10,"SGP50",6.94322646429355,3.99463408240999,0.929
"6623",8,35,11,"SGP50",1.70945736438275,2.79928186366481,0.5395
"6624",8,35,12,"SGP50",1.8266324963183,2.95621016644969,0.5385
"6625",8,35,13,"SGP50",9.25301633613638,4.52050896105237,0.981
"6626",8,35,14,"SGP50",20.82016232348,7.91543408928716,0.9995
"6627",8,35,15,"SGP50",12.9913443949033,4.59743192134226,0.965
"6628",8,35,16,"SGP50",5.04003986168879,4.06799043065011,0.34
"6629",8,35,17,"SGP50",3.57346254870698,3.4730322430946,0.291
"6630",8,35,18,"SGP50",6.46891724307494,3.92658907026846,0.137
"6631",8,35,19,"SGP50",10.5251468557483,4.68035797374008,0.0745
"6632",8,35,20,"SGP50",5.40375804789585,3.70525870814728,0.2145
"6633",8,35,21,"SGP50",11.9425382635826,4.76648364983209,0.063
"6634",8,35,22,"SGP50",3.2812428771951,3.50150707356122,0.613
"6635",8,35,23,"SGP50",7.2433968160857,4.0375740957303,0.1405
"6636",8,35,24,"SGP50",2.73142595939084,3.41454732933956,0.556
"6637",8,35,25,"SGP50",2.48885555171676,3.31573987163711,0.4805
"6638",8,35,26,"SGP50",2.35434829490877,3.20102200911038,0.4435
"6639",8,35,27,"SGP50",2.14878996356908,3.16446198727561,0.483
"6640",8,35,28,"SGP50",2.18485705810777,3.08263630712698,0.4125
"6641",8,35,29,"SGP50",3.84892743050133,3.45307971842364,0.7645
"6642",8,35,30,"SGP50",2.45371775842629,3.17784771689251,0.3595
"6643",8,35,31,"SGP50",1.8570539219539,2.9489907424256,0.4265
"6644",8,35,32,"SGP50",1.69703088293045,2.90880387701299,0.485
"6645",8,35,33,"SGP50",1.71756537928623,2.86562729852869,0.398
"6646",8,35,34,"SGP50",1.56458052300161,2.82906362571473,0.52
"6647",8,35,35,"SGP50",1.58912151165203,2.81116092751964,0.555
"6648",8,35,36,"SGP50",1.57523701789288,2.84306264733977,0.5825
"6649",8,35,37,"SGP50",1.67260278958093,2.82871663560408,0.401
"6650",8,35,38,"SGP50",1.43494858822342,2.7402032881674,0.47
"6651",8,36,1,"BMA",15.4321915812829,4.86980884259716,0.835
"6652",8,36,2,"BMA",13.2841720611164,4.5542184381385,0.7655
"6653",8,36,3,"BMA",4.94613120864964,3.85933851739806,0.5395
"6654",8,36,4,"BMA",6.87846354192857,4.05915088461188,0.769
"6655",8,36,5,"BMA",4.0805049159711,3.74500755924173,0.4735
"6656",8,36,6,"BMA",2.93793303100538,3.40855485279158,0.4665
"6657",8,36,7,"BMA",4.81038446259003,3.52001755991877,0.7895
"6658",8,36,8,"BMA",18.8393400332292,6.84553011635342,0.0345
"6659",8,36,9,"BMA",7.69516852236797,4.01066701392914,0.806
"6660",8,36,10,"BMA",12.5762091809481,4.4739107776592,0.1245
"6661",8,36,11,"BMA",8.17895734075037,4.15785846131522,0.4425
"6662",8,36,12,"BMA",19.9679342150994,4.51327085360332,0.6915
"6663",8,36,13,"BMA",5.14789486665361,3.9981934330532,0.495
"6664",8,36,14,"BMA",5.66445570860215,4.04676321496198,0.5655
"6665",8,36,15,"BMA",8.62051123018767,4.17563781800835,0.2275
"6666",8,36,16,"BMA",4.67422212189827,3.85773671181149,0.644
"6667",8,36,17,"BMA",16.6900013733077,4.97302294938419,0.952
"6668",8,36,18,"BMA",17.489021066517,5.00268310991829,0.9505
"6669",8,36,19,"BMA",22.7627880973482,5.84273130250765,0.975
"6670",8,36,20,"BMA",12.67242554813,4.56939975369662,0.7975
"6671",8,36,21,"BMA",4.43559940615411,3.80686480473584,0.5075
"6672",8,36,22,"BMA",7.40358136788264,3.93401114043484,0.837
"6673",8,36,23,"BMA",6.94155642858598,3.91687274582403,0.195
"6674",8,36,24,"BMA",5.03806129063222,3.61452208245036,0.7835
"6675",8,36,25,"BMA",3.62968055982436,3.47975800090583,0.671
"6676",8,36,26,"BMA",2.97132069014287,3.48844318707653,0.4725
"6677",8,36,27,"BMA",2.98165320457905,3.46855338410546,0.464
"6678",8,36,28,"BMA",2.87514428819099,3.42859140030809,0.5715
"6679",8,36,29,"BMA",3.05224775745389,3.43826473744823,0.6155
"6680",8,36,30,"BMA",2.56683603696755,3.40369429609112,0.519
"6681",8,36,31,"BMA",5.24983825809069,3.62691379374067,0.2135
"6682",8,36,32,"BMA",2.96348915761775,3.3952749258781,0.6395
"6683",8,36,33,"BMA",2.47756986896702,3.34216484210101,0.5315
"6684",8,36,34,"BMA",2.77741762066976,3.3553660108259,0.568
"6685",8,36,35,"BMA",2.53407177568872,3.24783607218406,0.5565
"6686",8,36,36,"BMA",2.59244591758086,3.23874261240086,0.5035
"6687",8,36,37,"BMA",2.6747103402156,3.31194907688636,0.4095
"6688",8,36,38,"BMA",4.95367698020287,3.67468820522539,0.7965
"6689",8,36,1,"AVS",15.4321915812829,4.90071370296516,0.8355
"6690",8,36,2,"AVS",5.17674689106468,4.02277322635606,0.5015
"6691",8,36,3,"AVS",5.31260159795652,3.96973281482496,0.5035
"6692",8,36,4,"AVS",7.64494917946153,4.1811513987288,0.704
"6693",8,36,5,"AVS",6.67299012425034,4.13306418101313,0.64
"6694",8,36,6,"AVS",6.95526103727436,4.03814569919606,0.7155
"6695",8,36,7,"AVS",16.49970784553,4.71785222353122,0.909
"6696",8,36,8,"AVS",20.295430965354,7.67989514333353,0.011
"6697",8,36,9,"AVS",8.8787572295928,4.08713488084926,0.831
"6698",8,36,10,"AVS",9.26432785817017,4.28877064445492,0.166
"6699",8,36,11,"AVS",8.18180027999585,4.15116944950893,0.4635
"6700",8,36,12,"AVS",19.9899118802138,4.46852883094119,0.6865
"6701",8,36,13,"AVS",5.14867164678475,3.9903024208756,0.482
"6702",8,36,14,"AVS",5.66844308813157,4.10688402884348,0.581
"6703",8,36,15,"AVS",8.6960787740402,4.14569596307157,0.233
"6704",8,36,16,"AVS",4.66856688476684,3.84918633144834,0.6425
"6705",8,36,17,"AVS",16.7229606978398,4.96861266478045,0.945
"6706",8,36,18,"AVS",17.4738090632665,4.94104028299503,0.95
"6707",8,36,19,"AVS",4.12493001434051,3.6029264905718,0.6735
"6708",8,36,20,"AVS",3.92462271801044,3.59135375049197,0.351
"6709",8,36,21,"AVS",4.25721634593765,3.5745931618456,0.3115
"6710",8,36,22,"AVS",6.63872093312763,3.83610494333856,0.8415
"6711",8,36,23,"AVS",7.11105815066336,3.8954065010099,0.189
"6712",8,36,24,"AVS",4.99310923263439,3.69255903941904,0.7655
"6713",8,36,25,"AVS",3.61745541567614,3.46472752431446,0.651
"6714",8,36,26,"AVS",2.97092818313371,3.43569530270076,0.438
"6715",8,36,27,"AVS",2.98159025182256,3.51813854420084,0.466
"6716",8,36,28,"AVS",2.8751277000421,3.45194728425131,0.576
"6717",8,36,29,"AVS",3.05224552035267,3.42340219052705,0.6135
"6718",8,36,30,"AVS",2.56683586358557,3.34644322951996,0.517
"6719",8,36,31,"AVS",5.24983823843202,3.59572512449926,0.2435
"6720",8,36,32,"AVS",2.96348915092353,3.35229338716074,0.5955
"6721",8,36,33,"AVS",2.47756985596239,3.26751430171043,0.535
"6722",8,36,34,"AVS",2.77741761655258,3.41050358146223,0.5485
"6723",8,36,35,"AVS",2.53407177326727,3.19675686525204,0.5715
"6724",8,36,36,"AVS",2.59244591579644,3.28508226880377,0.506
"6725",8,36,37,"AVS",2.67471033874246,3.3356086844488,0.3925
"6726",8,36,38,"AVS",4.95367698107194,3.68579474594164,0.779
"6727",8,36,1,"EQW",15.4321915812829,4.8084428559783,0.8185
"6728",8,36,2,"EQW",15.8278585263268,4.60409241066957,0.8495
"6729",8,36,3,"EQW",15.4932459558401,4.36512293116044,0.778
"6730",8,36,4,"EQW",22.0159845279206,4.62155583216742,0.882
"6731",8,36,5,"EQW",17.9700174120501,4.46899308305477,0.6945
"6732",8,36,6,"EQW",16.7823106221905,4.43825471996581,0.738
"6733",8,36,7,"EQW",22.3537614935856,4.56593848786779,0.89
"6734",8,36,8,"EQW",13.5496218586238,4.86767907453294,0.622
"6735",8,36,9,"EQW",12.9379138887466,4.28631659597183,0.8025
"6736",8,36,10,"EQW",10.0815262218996,4.67164026879241,0.355
"6737",8,36,11,"EQW",5.81419874237536,4.07015016564939,0.578
"6738",8,36,12,"EQW",6.2261044683956,4.01806139619418,0.503
"6739",8,36,13,"EQW",5.03851467866097,3.87413204580065,0.4185
"6740",8,36,14,"EQW",4.57973171582803,3.78607754792072,0.5615
"6741",8,36,15,"EQW",13.9358545083267,4.70570615693389,0.1215
"6742",8,36,16,"EQW",6.55186454142541,4.25720154718898,0.446
"6743",8,36,17,"EQW",6.13993671692931,4.20278566731325,0.565
"6744",8,36,18,"EQW",6.16311862224823,4.2300250935517,0.464
"6745",8,36,19,"EQW",6.23293782682443,4.17038133895225,0.578
"6746",8,36,20,"EQW",6.03302661650994,4.10121474444485,0.4735
"6747",8,36,21,"EQW",6.42157141309837,4.25501731134164,0.4015
"6748",8,36,22,"EQW",6.70589666688616,4.31704647706867,0.582
"6749",8,36,23,"EQW",7.79099110216687,4.46293833083857,0.346
"6750",8,36,24,"EQW",6.84915356580213,4.35538347855992,0.513
"6751",8,36,25,"EQW",6.66248509591524,4.31579235341384,0.513
"6752",8,36,26,"EQW",6.54389745192601,4.2344142217469,0.49
"6753",8,36,27,"EQW",6.62371176231104,4.30855679504388,0.479
"6754",8,36,28,"EQW",6.56349729522537,4.18062429082976,0.507
"6755",8,36,29,"EQW",6.59797623951036,4.15914412953796,0.5325
"6756",8,36,30,"EQW",6.41596152299534,4.05951472729856,0.5545
"6757",8,36,31,"EQW",6.74123122723451,4.24179759406018,0.4165
"6758",8,36,32,"EQW",6.30458565614149,4.19354698250694,0.495
"6759",8,36,33,"EQW",6.10633588035872,4.09307166868506,0.45
"6760",8,36,34,"EQW",6.07586401394891,4.15523416753921,0.508
"6761",8,36,35,"EQW",5.91312178398003,4.12433454902926,0.5
"6762",8,36,36,"EQW",5.94681048961628,4.10869866149025,0.491
"6763",8,36,37,"EQW",5.9693558407226,4.1219051426334,0.4285
"6764",8,36,38,"EQW",6.37269261828965,4.10804791349372,0.597
"6765",8,36,1,"SGP",15.4321915812829,4.91900409169653,0.8435
"6766",8,36,2,"SGP",33.4022833967416,6.28861658449124,0.983
"6767",8,36,3,"SGP",3.0685713273164,3.37090068237591,0.684
"6768",8,36,4,"SGP",6.42226671139962,3.71186463427736,0.862
"6769",8,36,5,"SGP",3.30987170847962,3.38134702059234,0.274
"6770",8,36,6,"SGP",2.55415522867572,3.19556187167953,0.3185
"6771",8,36,7,"SGP",3.70429496423679,3.30020863952623,0.7675
"6772",8,36,8,"SGP",20.522988686064,8.68468619736877,0.0035
"6773",8,36,9,"SGP",2.39426843470378,3.29126906088885,0.5165
"6774",8,36,10,"SGP",33.1862591985416,9.97954578015296,0.0015
"6775",8,36,11,"SGP",3.95050153748981,3.70241444789633,0.59
"6776",8,36,12,"SGP",3.92449457422431,3.62370380499232,0.339
"6777",8,36,13,"SGP",5.11693977509748,3.65469065728032,0.2545
"6778",8,36,14,"SGP",3.47905807853294,3.57930246460018,0.6055
"6779",8,36,15,"SGP",17.6689275271466,5.18715939414837,0.0375
"6780",8,36,16,"SGP",8.03008199068117,4.06296882329001,0.8285
"6781",8,36,17,"SGP",5.26379279876846,3.81059022617134,0.7575
"6782",8,36,18,"SGP",3.6911918873148,3.65418197453342,0.3405
"6783",8,36,19,"SGP",4.13263110840098,3.66255145676868,0.652
"6784",8,36,20,"SGP",3.92529124725433,3.62979452187772,0.3755
"6785",8,36,21,"SGP",4.25784184098433,3.56585464597363,0.296
"6786",8,36,22,"SGP",6.63772670858093,3.91312317539149,0.8175
"6787",8,36,23,"SGP",7.10336061451097,3.87201816788411,0.197
"6788",8,36,24,"SGP",4.9936859781611,3.67015534010116,0.767
"6789",8,36,25,"SGP",3.62394562622255,3.52254312779143,0.646
"6790",8,36,26,"SGP",2.9768218460555,3.40365417464317,0.462
"6791",8,36,27,"SGP",2.9878416164655,3.4562856935413,0.4615
"6792",8,36,28,"SGP",2.88212580673628,3.43514620176787,0.571
"6793",8,36,29,"SGP",3.05845105012327,3.3537157846548,0.61
"6794",8,36,30,"SGP",2.57318688099442,3.39300960841317,0.514
"6795",8,36,31,"SGP",5.24641202008783,3.67305385073256,0.215
"6796",8,36,32,"SGP",2.96783435920645,3.4331717580181,0.611
"6797",8,36,33,"SGP",2.483782814943,3.2936201380954,0.527
"6798",8,36,34,"SGP",2.78190800024656,3.35306669736583,0.5545
"6799",8,36,35,"SGP",2.53873849513492,3.27221573348741,0.568
"6800",8,36,36,"SGP",2.5970596566971,3.28967906834228,0.4895
"6801",8,36,37,"SGP",2.67951521496551,3.33816917568366,0.404
"6802",8,36,38,"SGP",4.95193620482648,3.6172516345633,0.7805
"6803",8,36,1,"SGP50",15.4321915812829,4.75653230301435,0.843
"6804",8,36,2,"SGP50",16.7014655145049,4.67876635654924,0.863
"6805",8,36,3,"SGP50",14.7385315586609,4.31008258781583,0.772
"6806",8,36,4,"SGP50",16.4062454974368,4.40480361098989,0.8725
"6807",8,36,5,"SGP50",7.66098634568345,3.96913370658639,0.5495
"6808",8,36,6,"SGP50",4.9791518806624,3.53419248846205,0.5385
"6809",8,36,7,"SGP50",7.58469666312366,3.71647776785145,0.8165
"6810",8,36,8,"SGP50",12.2053476238385,5.30751834272666,0.239
"6811",8,36,9,"SGP50",3.68989272430362,3.51225990527874,0.604
"6812",8,36,10,"SGP50",23.9127443065869,5.78252924492574,0.0725
"6813",8,36,11,"SGP50",4.43016990358448,3.76828120833537,0.581
"6814",8,36,12,"SGP50",4.18513386804198,3.7897327563628,0.4245
"6815",8,36,13,"SGP50",5.01139438005312,3.78012045444686,0.287
"6816",8,36,14,"SGP50",3.67201752655158,3.63044724719219,0.588
"6817",8,36,15,"SGP50",16.5973963591595,5.03051562847211,0.0545
"6818",8,36,16,"SGP50",6.94537874300153,3.99268583847548,0.751
"6819",8,36,17,"SGP50",5.51226291888965,3.81414972969804,0.7195
"6820",8,36,18,"SGP50",3.96678613736673,3.72149694641026,0.389
"6821",8,36,19,"SGP50",4.60798587279942,3.69923034795742,0.657
"6822",8,36,20,"SGP50",4.06921681274505,3.71436590184962,0.3955
"6823",8,36,21,"SGP50",4.36852378747545,3.7170374323309,0.3635
"6824",8,36,22,"SGP50",6.61742751423506,3.87343915945082,0.792
"6825",8,36,23,"SGP50",6.80894109540843,4.0234017729009,0.233
"6826",8,36,24,"SGP50",5.0714314482158,3.78056489397429,0.7455
"6827",8,36,25,"SGP50",4.00335528811874,3.69810607097757,0.628
"6828",8,36,26,"SGP50",3.34771381041448,3.53869244670584,0.465
"6829",8,36,27,"SGP50",3.36223439190948,3.658365284875,0.467
"6830",8,36,28,"SGP50",3.2823568153679,3.46403370445211,0.5595
"6831",8,36,29,"SGP50",3.4196849311177,3.52568281948944,0.6145
"6832",8,36,30,"SGP50",2.94001190710159,3.46218463636636,0.528
"6833",8,36,31,"SGP50",5.14135945338016,3.69578527399065,0.246
"6834",8,36,32,"SGP50",3.22468008214883,3.56593491148396,0.601
"6835",8,36,33,"SGP50",2.82711645706248,3.47551806610759,0.5095
"6836",8,36,34,"SGP50",3.0403612772626,3.50652008120952,0.547
"6837",8,36,35,"SGP50",2.8041058871119,3.39780027016641,0.5645
"6838",8,36,36,"SGP50",2.85862018263414,3.37877010861571,0.5015
"6839",8,36,37,"SGP50",2.9531182575384,3.45754404518437,0.3935
"6840",8,36,38,"SGP50",4.89239201147213,3.68753477730408,0.7555
"6841",8,37,1,"BMA",2.77237083494812,3.14725396966688,0.293
"6842",8,37,2,"BMA",2.4784583438338,2.91287841700382,0.265
"6843",8,37,3,"BMA",3.48114466066779,3.12610287601022,0.8415
"6844",8,37,4,"BMA",1.55642372924475,2.70703339732703,0.355
"6845",8,37,5,"BMA",1.54182190171343,2.6604606032147,0.3265
"6846",8,37,6,"BMA",1.12251676467171,2.53621679645085,0.485
"6847",8,37,7,"BMA",7.3984250880916,4.63087436188527,0.9825
"6848",8,37,8,"BMA",1.36768111486797,2.69419172973289,0.472
"6849",8,37,9,"BMA",5.58847398425299,3.79487119406468,0.9385
"6850",8,37,10,"BMA",5.56789730948147,3.85832212705394,0.9525
"6851",8,37,11,"BMA",1.30988653814097,2.71374612015167,0.431
"6852",8,37,12,"BMA",4.35269549866151,3.40517225706234,0.094
"6853",8,37,13,"BMA",1.27008353664593,2.58291889548811,0.4765
"6854",8,37,14,"BMA",6.39632566974449,3.98438037195452,0.0395
"6855",8,37,15,"BMA",1.57068610990612,2.66886127548394,0.364
"6856",8,37,16,"BMA",2.98124772056491,2.95010711011498,0.8185
"6857",8,37,17,"BMA",1.27797044203191,2.67742973143028,0.5785
"6858",8,37,18,"BMA",1.88626156504229,2.76089729361483,0.2785
"6859",8,37,19,"BMA",1.13744245123258,2.48897265277112,0.484
"6860",8,37,20,"BMA",2.35835256003908,2.87461620450479,0.2125
"6861",8,37,21,"BMA",2.48744220157767,2.89813997628274,0.7735
"6862",8,37,22,"BMA",8.29310704814723,5.01112201989882,0.012
"6863",8,37,23,"BMA",4.47168341597016,3.41720763965903,0.9025
"6864",8,37,24,"BMA",1.93485653054417,2.78765019897418,0.7325
"6865",8,37,25,"BMA",1.21075972176403,2.64679838919796,0.511
"6866",8,37,26,"BMA",1.49991805301915,2.57475495489427,0.347
"6867",8,37,27,"BMA",13.1557642941454,6.68192374974354,0.999
"6868",8,37,28,"BMA",4.41292870619447,3.35108200274366,0.1155
"6869",8,37,29,"BMA",3.72464563808736,3.27767853469081,0.1375
"6870",8,37,30,"BMA",1.91505182040603,2.76352416279981,0.308
"6871",8,37,31,"BMA",1.94234301783269,2.81775123407491,0.293
"6872",8,37,32,"BMA",5.23232524539807,3.60886409983893,0.0825
"6873",8,37,33,"BMA",1.64603882469433,2.69738941675871,0.6475
"6874",8,37,34,"BMA",2.3861653502606,2.8522993942536,0.2315
"6875",8,37,35,"BMA",1.91089270407777,2.84273175646616,0.2945
"6876",8,37,36,"BMA",1.32897828049164,2.67966372143451,0.486
"6877",8,37,37,"BMA",4.37400257328736,3.54632450189715,0.1015
"6878",8,37,38,"BMA",3.36948408639011,3.04332597935085,0.1785
"6879",8,37,1,"AVS",2.77237083494812,3.16133571757967,0.2875
"6880",8,37,2,"AVS",2.07473496673949,2.86115136561312,0.286
"6881",8,37,3,"AVS",3.69375693041426,3.25681719046424,0.884
"6882",8,37,4,"AVS",1.55617129783853,2.69915405254098,0.356
"6883",8,37,5,"AVS",1.57470955577723,2.61595404557326,0.3115
"6884",8,37,6,"AVS",1.10565280031134,2.48356170851718,0.4925
"6885",8,37,7,"AVS",7.46737867958652,4.94366150235255,0.9855
"6886",8,37,8,"AVS",1.38906480377157,2.66510725573144,0.4905
"6887",8,37,9,"AVS",5.53101665514632,3.86576099781793,0.95
"6888",8,37,10,"AVS",5.37049520081166,3.71437512579015,0.9385
"6889",8,37,11,"AVS",1.33418114238203,2.56414561414589,0.386
"6890",8,37,12,"AVS",4.73578786961757,3.56266297629731,0.079
"6891",8,37,13,"AVS",1.29086888078209,2.68466067302597,0.525
"6892",8,37,14,"AVS",6.12408083702421,3.96251406305062,0.045
"6893",8,37,15,"AVS",1.57022182198389,2.74943769174181,0.367
"6894",8,37,16,"AVS",2.93297305561348,2.99807846532353,0.83
"6895",8,37,17,"AVS",1.28190606448123,2.58770344805282,0.5685
"6896",8,37,18,"AVS",1.90329109956055,2.74260871247141,0.2845
"6897",8,37,19,"AVS",1.13890822641149,2.51814878203595,0.4915
"6898",8,37,20,"AVS",2.39579175166511,2.84245663760827,0.2115
"6899",8,37,21,"AVS",2.53547758115678,2.79340783610337,0.803
"6900",8,37,22,"AVS",8.2456786763666,5.08358721605597,0.014
"6901",8,37,23,"AVS",4.49071329658979,3.37510444188138,0.9035
"6902",8,37,24,"AVS",1.9050826319074,2.7923638425429,0.72
"6903",8,37,25,"AVS",1.18434498795384,2.56748623593886,0.504
"6904",8,37,26,"AVS",1.44501865834481,2.6022963357884,0.356
"6905",8,37,27,"AVS",13.2194749265843,6.94640475363456,0.9995
"6906",8,37,28,"AVS",4.461642415458,3.4145327093903,0.1115
"6907",8,37,29,"AVS",3.76984346075521,3.28528718237952,0.1385
"6908",8,37,30,"AVS",1.90593198303118,2.8579395400223,0.2905
"6909",8,37,31,"AVS",1.94485235890884,2.89123623583815,0.297
"6910",8,37,32,"AVS",5.19623562637185,3.74128847599618,0.0715
"6911",8,37,33,"AVS",1.66379101319038,2.74934508026203,0.629
"6912",8,37,34,"AVS",2.36274746540087,2.88865656081188,0.254
"6913",8,37,35,"AVS",1.90949314967032,2.79083339037078,0.2895
"6914",8,37,36,"AVS",1.32989350757082,2.67955090992212,0.491
"6915",8,37,37,"AVS",4.35577440799951,3.40704492503794,0.124
"6916",8,37,38,"AVS",3.49276047686819,3.19052933094859,0.1405
"6917",8,37,1,"EQW",2.77237083494812,3.08893589575973,0.2985
"6918",8,37,2,"EQW",3.31280007057531,3.17584344750237,0.2225
"6919",8,37,3,"EQW",2.56436521865577,3.23429125659084,0.6835
"6920",8,37,4,"EQW",1.84883524236297,2.85200291336089,0.3525
"6921",8,37,5,"EQW",1.82427622075192,2.74840808057302,0.331
"6922",8,37,6,"EQW",1.33442117378444,2.62597962489407,0.475
"6923",8,37,7,"EQW",7.44583004367967,4.35829441875285,0.9585
"6924",8,37,8,"EQW",2.0282137528694,2.95794534768074,0.5985
"6925",8,37,9,"EQW",6.94197270832061,4.01345676165878,0.939
"6926",8,37,10,"EQW",8.17636020284081,4.16828827295613,0.959
"6927",8,37,11,"EQW",3.20713253616147,3.18508171202046,0.6595
"6928",8,37,12,"EQW",2.6389267461188,3.31521565606321,0.376
"6929",8,37,13,"EQW",1.89155196095015,2.93107870545017,0.5765
"6930",8,37,14,"EQW",4.5353037526775,3.64109998503032,0.185
"6931",8,37,15,"EQW",2.0596797005861,2.95816683981637,0.385
"6932",8,37,16,"EQW",3.23932911237306,3.21083239739358,0.787
"6933",8,37,17,"EQW",2.17264219819139,2.94313219447438,0.675
"6934",8,37,18,"EQW",1.73880558702292,2.92968498682932,0.442
"6935",8,37,19,"EQW",1.63331868360648,2.7804893280992,0.594
"6936",8,37,20,"EQW",1.88307970033627,2.9556501145689,0.3755
"6937",8,37,21,"EQW",2.97851665533846,3.13683430517437,0.7935
"6938",8,37,22,"EQW",5.22760997622844,3.76644610957659,0.1265
"6939",8,37,23,"EQW",3.96984834701102,3.36086332982884,0.845
"6940",8,37,24,"EQW",3.52687099262724,3.23737643552514,0.822
"6941",8,37,25,"EQW",2.62100723364034,3.073986286885,0.6815
"6942",8,37,26,"EQW",2.01318570995672,2.95012600845273,0.5715
"6943",8,37,27,"EQW",15.2680709816324,6.78472576093754,0.999
"6944",8,37,28,"EQW",3.60475414936717,3.73084763276056,0.5285
"6945",8,37,29,"EQW",2.5050827379511,3.23447143708109,0.448
"6946",8,37,30,"EQW",1.94320764775385,3.04208482736536,0.4745
"6947",8,37,31,"EQW",1.92429933885336,3.04913938457141,0.4185
"6948",8,37,32,"EQW",4.34483484900045,3.5650711445377,0.174
"6949",8,37,33,"EQW",1.79370291811818,2.97267692192631,0.549
"6950",8,37,34,"EQW",2.57218667880269,3.04952688785836,0.2835
"6951",8,37,35,"EQW",2.36984526574341,2.96854830149161,0.3185
"6952",8,37,36,"EQW",1.66360810161547,2.89857039758507,0.423
"6953",8,37,37,"EQW",4.69149710532751,3.54463634086672,0.102
"6954",8,37,38,"EQW",5.24244405322109,3.52114602505039,0.1065
"6955",8,37,1,"SGP",2.77237083494812,3.07974505257073,0.2975
"6956",8,37,2,"SGP",2.17383473957828,2.88434209307543,0.275
"6957",8,37,3,"SGP",3.6125830917007,3.2171353422232,0.8775
"6958",8,37,4,"SGP",1.51647672346262,2.64815133629669,0.3445
"6959",8,37,5,"SGP",1.48234301753176,2.60390571939554,0.311
"6960",8,37,6,"SGP",1.09910413282574,2.48205934047404,0.49
"6961",8,37,7,"SGP",7.49527569917997,4.74216042588634,0.9905
"6962",8,37,8,"SGP",1.32450787035892,2.65386036784317,0.426
"6963",8,37,9,"SGP",5.48787976970737,3.77083224029914,0.9425
"6964",8,37,10,"SGP",5.43683985708601,3.74996368288868,0.9475
"6965",8,37,11,"SGP",1.29325450291635,2.65340828798336,0.44
"6966",8,37,12,"SGP",4.32313527182997,3.3488833924358,0.1
"6967",8,37,13,"SGP",1.26215641634343,2.63711126916126,0.507
"6968",8,37,14,"SGP",6.59139165790932,4.12527004771296,0.035
"6969",8,37,15,"SGP",1.56236203736637,2.72279371747041,0.372
"6970",8,37,16,"SGP",3.02477642438187,3.06049521772114,0.829
"6971",8,37,17,"SGP",1.28182579780738,2.6188809735113,0.5825
"6972",8,37,18,"SGP",1.87703865381808,2.76095183862677,0.281
"6973",8,37,19,"SGP",1.1486623853491,2.51928680083293,0.492
"6974",8,37,20,"SGP",2.31997128445223,2.87664669796619,0.2205
"6975",8,37,21,"SGP",2.46573739063689,2.80883100936537,0.7855
"6976",8,37,22,"SGP",8.27473314807726,4.94010004654532,0.0115
"6977",8,37,23,"SGP",4.48958598235922,3.56559546594032,0.903
"6978",8,37,24,"SGP",1.92123051990325,2.79806375331309,0.739
"6979",8,37,25,"SGP",1.22340264461106,2.6056994954936,0.512
"6980",8,37,26,"SGP",1.52550869001012,2.61716980425293,0.3105
"6981",8,37,27,"SGP",13.1340063014758,7.06612119610152,0.999
"6982",8,37,28,"SGP",4.38897957722537,3.46040640403606,0.1315
"6983",8,37,29,"SGP",3.65450555022576,3.28597518199933,0.15
"6984",8,37,30,"SGP",1.95876955188359,2.84539407492106,0.3045
"6985",8,37,31,"SGP",1.89149943553467,2.82313671552853,0.307
"6986",8,37,32,"SGP",5.2873569071031,3.67238430108186,0.08
"6987",8,37,33,"SGP",1.61063176108964,2.74379886524163,0.6255
"6988",8,37,34,"SGP",2.43755556083706,2.88399102545489,0.23
"6989",8,37,35,"SGP",1.89752643729316,2.82256401655368,0.3105
"6990",8,37,36,"SGP",1.322182284441,2.74645913984079,0.5105
"6991",8,37,37,"SGP",4.44998807638165,3.45244389944381,0.0995
"6992",8,37,38,"SGP",3.11257885737181,3.09207562259984,0.193
"6993",8,37,1,"SGP50",2.77237083494812,3.10698684589415,0.3015
"6994",8,37,2,"SGP50",3.24619202000915,3.18788770322236,0.2125
"6995",8,37,3,"SGP50",2.62919043417782,3.19181232984509,0.7145
"6996",8,37,4,"SGP50",1.8064837351837,2.82920550067007,0.339
"6997",8,37,5,"SGP50",1.78679798239347,2.81479081999963,0.338
"6998",8,37,6,"SGP50",1.30496074046078,2.60671676229444,0.483
"6999",8,37,7,"SGP50",7.38549487945464,4.50219618955075,0.96
"7000",8,37,8,"SGP50",1.83926407430037,2.9069987425956,0.5875
"7001",8,37,9,"SGP50",6.62061130713906,4.06255905718705,0.944
"7002",8,37,10,"SGP50",7.51549921578678,4.06763884831915,0.955
"7003",8,37,11,"SGP50",2.55829763198196,3.05869418418165,0.6205
"7004",8,37,12,"SGP50",2.81032797986901,3.28304497921756,0.3015
"7005",8,37,13,"SGP50",1.66225233523036,2.77579044624289,0.5565
"7006",8,37,14,"SGP50",4.9951839054822,3.59895378576812,0.132
"7007",8,37,15,"SGP50",1.88382498184358,2.83234455596538,0.3665
"7008",8,37,16,"SGP50",3.14044997035524,3.15411441811919,0.8055
"7009",8,37,17,"SGP50",1.80810051540199,2.81623854326987,0.634
"7010",8,37,18,"SGP50",1.69785841451955,2.88386992102961,0.3825
"7011",8,37,19,"SGP50",1.39710932799593,2.66239598786877,0.56
"7012",8,37,20,"SGP50",2.0037301597192,2.84899925767593,0.292
"7013",8,37,21,"SGP50",2.72209550211614,3.05301767555301,0.788
"7014",8,37,22,"SGP50",6.35773298419876,3.95524099478039,0.0735
"7015",8,37,23,"SGP50",4.06399157352525,3.44040210310305,0.87
"7016",8,37,24,"SGP50",2.78866322042631,3.01194793007003,0.7755
"7017",8,37,25,"SGP50",1.87211281876336,2.87389241199122,0.619
"7018",8,37,26,"SGP50",1.59910649435675,2.81902105148896,0.4805
"7019",8,37,27,"SGP50",14.1806502797591,6.53218349933657,0.9975
"7020",8,37,28,"SGP50",3.10532406344968,3.47081696907546,0.361
"7021",8,37,29,"SGP50",2.62574558032054,3.31804309891745,0.3005
"7022",8,37,30,"SGP50",1.80512977176569,2.8898177159269,0.376
"7023",8,37,31,"SGP50",1.90519500314207,2.94809473945986,0.3485
"7024",8,37,32,"SGP50",5.03578509335711,3.68345245332494,0.124
"7025",8,37,33,"SGP50",1.64762752624965,2.858132123704,0.554
"7026",8,37,34,"SGP50",2.66234759343218,3.06298277650396,0.2505
"7027",8,37,35,"SGP50",2.29023347256078,2.94401825958256,0.2885
"7028",8,37,36,"SGP50",1.5327315962219,2.74827854280804,0.4465
"7029",8,37,37,"SGP50",4.77010823799146,3.50947439472177,0.093
"7030",8,37,38,"SGP50",4.32023682374979,3.3049002114047,0.1395
"7031",8,38,1,"BMA",7.78188671886527,4.23459783568958,0.8675
"7032",8,38,2,"BMA",12.3790849251856,4.67806309262998,0.9415
"7033",8,38,3,"BMA",11.9189072763719,4.54873554970457,0.885
"7034",8,38,4,"BMA",5.30431861736194,4.07987681938091,0.553
"7035",8,38,5,"BMA",4.79810672802944,3.98283451793476,0.51
"7036",8,38,6,"BMA",7.38306352979056,4.16649311917702,0.7595
"7037",8,38,7,"BMA",5.49998759522403,3.86956908960141,0.63
"7038",8,38,8,"BMA",3.8929124145496,3.67726548132489,0.423
"7039",8,38,9,"BMA",4.38143370407564,3.69467289952701,0.53
"7040",8,38,10,"BMA",4.96926710007881,3.66087526588725,0.661
"7041",8,38,11,"BMA",7.57932587487185,4.45295249210084,0.1905
"7042",8,38,12,"BMA",13.9463351704023,5.12409906098724,0.9715
"7043",8,38,13,"BMA",8.1540557287416,4.11886583874006,0.834
"7044",8,38,14,"BMA",3.29112814419881,3.61831547597486,0.5515
"7045",8,38,15,"BMA",2.80141367536773,3.35613024851073,0.4175
"7046",8,38,16,"BMA",6.8919875605901,3.8867916750904,0.132
"7047",8,38,17,"BMA",7.2808326854603,3.95745875812464,0.1485
"7048",8,38,18,"BMA",10.9377274521727,4.28517055703316,0.078
"7049",8,38,19,"BMA",3.89093935854568,3.62072225579226,0.335
"7050",8,38,20,"BMA",4.48795909628583,3.45753524314267,0.2325
"7051",8,38,21,"BMA",2.3336281638323,3.17693749913468,0.519
"7052",8,38,22,"BMA",2.22861001241929,3.162185385021,0.4375
"7053",8,38,23,"BMA",2.62314429797998,3.22954174985718,0.667
"7054",8,38,24,"BMA",2.21646059400028,3.0872763541047,0.3565
"7055",8,38,25,"BMA",3.39039689699389,3.21024008795658,0.754
"7056",8,38,26,"BMA",2.17559098565745,3.09300144806197,0.615
"7057",8,38,27,"BMA",2.23216194457681,3.04985065185568,0.353
"7058",8,38,28,"BMA",1.69611813623104,2.96114436910318,0.464
"7059",8,38,29,"BMA",1.68951121384273,2.84458903060183,0.4805
"7060",8,38,30,"BMA",2.07132396599199,2.99541895885212,0.67
"7061",8,38,31,"BMA",1.42855166439034,2.71709058354139,0.5605
"7062",8,38,32,"BMA",1.63994800653987,2.81530876271256,0.406
"7063",8,38,33,"BMA",2.27006059102092,2.89946196856145,0.268
"7064",8,38,34,"BMA",2.23742026278384,2.92327768236728,0.678
"7065",8,38,35,"BMA",1.32497639139819,2.68772358542064,0.4365
"7066",8,38,36,"BMA",1.22524181028114,2.5123451897685,0.547
"7067",8,38,37,"BMA",0.994382824853921,2.36416977368394,0.498
"7068",8,38,38,"BMA",0.935442610674545,2.2797870031142,0.5105
"7069",8,38,1,"AVS",7.78188671886527,4.28661160031238,0.86
"7070",8,38,2,"AVS",10.8150777312014,4.62811455918737,0.928
"7071",8,38,3,"AVS",14.4375822886235,4.96756368088094,0.946
"7072",8,38,4,"AVS",7.97413998963842,4.26169669447034,0.8055
"7073",8,38,5,"AVS",5.52518971204506,3.92400494111118,0.656
"7074",8,38,6,"AVS",5.16649514280578,3.56513917344961,0.8455
"7075",8,38,7,"AVS",3.35510723866096,3.2898622873269,0.2275
"7076",8,38,8,"AVS",4.71618942309198,3.44560540944688,0.1055
"7077",8,38,9,"AVS",4.76415333179851,3.47936736977924,0.15
"7078",8,38,10,"AVS",2.11986260972997,3.01601317967013,0.347
"7079",8,38,11,"AVS",11.7033148914689,5.65942495160722,0.0115
"7080",8,38,12,"AVS",14.9400452838428,6.33597732674351,0.994
"7081",8,38,13,"AVS",3.96692189945679,3.2863583532548,0.1875
"7082",8,38,14,"AVS",9.01266434366723,4.36449613138496,0.053
"7083",8,38,15,"AVS",6.82595672613922,3.93901146760279,0.154
"7084",8,38,16,"AVS",8.48524122832498,4.11118781311956,0.102
"7085",8,38,17,"AVS",4.11556858466092,3.57228354869323,0.295
"7086",8,38,18,"AVS",5.22185748217443,3.53929044864998,0.198
"7087",8,38,19,"AVS",2.58081013567242,3.17452531615127,0.67
"7088",8,38,20,"AVS",2.09427661511678,3.11068748709099,0.3945
"7089",8,38,21,"AVS",2.53965679425401,3.14337561956868,0.703
"7090",8,38,22,"AVS",1.90740022543844,3.00628168480033,0.5195
"7091",8,38,23,"AVS",3.04171616278844,3.22323214300605,0.7365
"7092",8,38,24,"AVS",2.21735850745567,3.00215556158297,0.344
"7093",8,38,25,"AVS",3.4394998662017,3.19755211052398,0.7645
"7094",8,38,26,"AVS",1.77300628927688,2.93886351572422,0.5405
"7095",8,38,27,"AVS",2.36539641324775,2.96799332117677,0.311
"7096",8,38,28,"AVS",1.68070614723075,2.82331565891038,0.4655
"7097",8,38,29,"AVS",1.71991111984407,2.93871096918837,0.465
"7098",8,38,30,"AVS",2.13850182584341,3.01217394839821,0.696
"7099",8,38,31,"AVS",1.40931115705745,2.77489768908314,0.518
"7100",8,38,32,"AVS",1.75803264211638,2.86386742696239,0.3695
"7101",8,38,33,"AVS",2.08031748281075,2.93183011607506,0.317
"7102",8,38,34,"AVS",3.21448582341699,3.13922050939148,0.7955
"7103",8,38,35,"AVS",1.53962499393686,2.83607460740086,0.5265
"7104",8,38,36,"AVS",1.87872480324779,2.84134720587747,0.6575
"7105",8,38,37,"AVS",1.39365453670863,2.73618438073695,0.51
"7106",8,38,38,"AVS",1.52521081908602,2.77186621963594,0.497
"7107",8,38,1,"EQW",7.78188671886527,4.25721725573183,0.877
"7108",8,38,2,"EQW",15.3023822260258,5.43293327344601,0.966
"7109",8,38,3,"EQW",9.12876510313197,4.26183905844708,0.8775
"7110",8,38,4,"EQW",4.30881651504918,3.88793170579798,0.503
"7111",8,38,5,"EQW",3.85214497353886,3.7169259778064,0.5845
"7112",8,38,6,"EQW",6.92382041027315,3.88409655243302,0.7945
"7113",8,38,7,"EQW",4.84287797808347,3.77072482097877,0.6135
"7114",8,38,8,"EQW",3.46914659863271,3.65781471695241,0.466
"7115",8,38,9,"EQW",3.94966959444169,3.71368470050628,0.5315
"7116",8,38,10,"EQW",5.70336006585703,3.66417752593273,0.724
"7117",8,38,11,"EQW",4.15318427191877,3.84620893434504,0.4315
"7118",8,38,12,"EQW",14.3543838617636,5.07515349925764,0.96
"7119",8,38,13,"EQW",6.44759707438389,3.91412119295981,0.678
"7120",8,38,14,"EQW",4.92747020732969,3.95391233432971,0.5595
"7121",8,38,15,"EQW",4.37690876820605,3.93102294651761,0.4755
"7122",8,38,16,"EQW",4.83556276917557,3.91700434653744,0.32
"7123",8,38,17,"EQW",3.82290255922143,3.73161948671834,0.467
"7124",8,38,18,"EQW",5.41764794013228,3.89733655246375,0.2845
"7125",8,38,19,"EQW",3.3547305270158,3.55431918460013,0.5035
"7126",8,38,20,"EQW",3.49417226933109,3.53217719178403,0.375
"7127",8,38,21,"EQW",2.77526495378098,3.47371019522436,0.542
"7128",8,38,22,"EQW",2.56721309121259,3.30788320167345,0.5065
"7129",8,38,23,"EQW",3.41351346959615,3.47590625593683,0.6775
"7130",8,38,24,"EQW",2.62271532171751,3.35735557742799,0.5285
"7131",8,38,25,"EQW",4.4361085393733,3.54315301977487,0.7515
"7132",8,38,26,"EQW",4.08771764101214,3.53130232230957,0.702
"7133",8,38,27,"EQW",3.04977862228341,3.4271710791949,0.5575
"7134",8,38,28,"EQW",2.7184246624714,3.25602566774044,0.6085
"7135",8,38,29,"EQW",2.46266318158844,3.25423140569479,0.5865
"7136",8,38,30,"EQW",2.85945390639214,3.28185943555235,0.691
"7137",8,38,31,"EQW",2.43687614864691,3.17694967321405,0.6055
"7138",8,38,32,"EQW",2.01854338754913,3.10276641599538,0.502
"7139",8,38,33,"EQW",2.31079774694488,3.10374207748196,0.3455
"7140",8,38,34,"EQW",2.05700010252198,2.96858406140618,0.614
"7141",8,38,35,"EQW",1.64873183845487,2.91210954558828,0.503
"7142",8,38,36,"EQW",1.7267652287001,2.84417650694746,0.6145
"7143",8,38,37,"EQW",1.60764164598811,2.67963467998384,0.552
"7144",8,38,38,"EQW",1.57526977518914,2.73506663885823,0.562
"7145",8,38,1,"SGP",7.78188671886527,4.217852767261,0.8745
"7146",8,38,2,"SGP",16.7100012829461,5.9358842514339,0.983
"7147",8,38,3,"SGP",10.8568467653729,4.35493486224749,0.923
"7148",8,38,4,"SGP",4.22519950581498,3.5492609652906,0.2085
"7149",8,38,5,"SGP",1.957434165571,3.07527910401089,0.506
"7150",8,38,6,"SGP",4.55037934916531,3.43281612059474,0.828
"7151",8,38,7,"SGP",3.29936243146229,3.25955341034767,0.2165
"7152",8,38,8,"SGP",4.64367881333482,3.46898883660783,0.112
"7153",8,38,9,"SGP",4.70520947433184,3.44593190172106,0.1745
"7154",8,38,10,"SGP",2.10917588874125,3.01277401701028,0.3405
"7155",8,38,11,"SGP",11.4962103876358,5.33813102370809,0.021
"7156",8,38,12,"SGP",14.9069275109117,6.3758377250883,0.9965
"7157",8,38,13,"SGP",3.94892342939102,3.4235336593431,0.181
"7158",8,38,14,"SGP",8.8944213189018,4.34277554499181,0.062
"7159",8,38,15,"SGP",9.31936486330337,4.24421832923566,0.0625
"7160",8,38,16,"SGP",5.51091057168199,3.69100395690895,0.1435
"7161",8,38,17,"SGP",2.29872484053944,3.03691491324994,0.5785
"7162",8,38,18,"SGP",3.63161166925753,3.23215433021506,0.246
"7163",8,38,19,"SGP",2.57829974908181,3.22301315721949,0.685
"7164",8,38,20,"SGP",2.10994701867917,3.09070993473391,0.39
"7165",8,38,21,"SGP",2.53291310051377,3.13156034999722,0.669
"7166",8,38,22,"SGP",1.91207652104219,3.04191179775812,0.5125
"7167",8,38,23,"SGP",3.0366505159907,3.22317933431927,0.7475
"7168",8,38,24,"SGP",2.2193847950685,3.00930522623687,0.359
"7169",8,38,25,"SGP",3.43800707621033,3.20187959457807,0.7815
"7170",8,38,26,"SGP",1.78166050589637,2.94718948519298,0.5435
"7171",8,38,27,"SGP",2.36295865466754,2.98459323546248,0.324
"7172",8,38,28,"SGP",1.68465112108466,2.83253976068527,0.422
"7173",8,38,29,"SGP",1.72298606747395,2.92690380480632,0.4665
"7174",8,38,30,"SGP",2.13926085164422,2.96586282361114,0.668
"7175",8,38,31,"SGP",1.41498383651412,2.77090606718389,0.5155
"7176",8,38,32,"SGP",1.76026543067924,2.92951319465267,0.3755
"7177",8,38,33,"SGP",2.08614850466611,2.98510021192844,0.331
"7178",8,38,34,"SGP",3.19265041531754,3.14199299537583,0.8
"7179",8,38,35,"SGP",1.53956868404965,2.82384927681358,0.5435
"7180",8,38,36,"SGP",1.87445825875824,2.92136447358053,0.637
"7181",8,38,37,"SGP",1.3949080681266,2.71373279972832,0.54
"7182",8,38,38,"SGP",1.52429444750407,2.73384921110962,0.4885
"7183",8,38,1,"SGP50",7.78188671886527,4.24278493430969,0.8595
"7184",8,38,2,"SGP50",15.3453763388503,5.30991102410318,0.961
"7185",8,38,3,"SGP50",9.23193354754014,4.2021205507422,0.871
"7186",8,38,4,"SGP50",4.2531515712801,3.86936335957093,0.517
"7187",8,38,5,"SGP50",3.72795077149976,3.59637063720003,0.579
"7188",8,38,6,"SGP50",6.80213693752064,3.85031809026133,0.8005
"7189",8,38,7,"SGP50",4.27059070759019,3.7512561113839,0.5895
"7190",8,38,8,"SGP50",3.34710160144137,3.57053907272063,0.387
"7191",8,38,9,"SGP50",3.48372124099468,3.64367288772444,0.507
"7192",8,38,10,"SGP50",4.05076040976315,3.50175402651131,0.6195
"7193",8,38,11,"SGP50",5.27291423093686,4.0985445310226,0.3105
"7194",8,38,12,"SGP50",13.9884968859221,5.17963345223099,0.968
"7195",8,38,13,"SGP50",4.15299738991619,3.65042613623249,0.502
"7196",8,38,14,"SGP50",4.75996161227208,3.94990982757222,0.357
"7197",8,38,15,"SGP50",5.06598243957188,3.88416192443586,0.3055
"7198",8,38,16,"SGP50",5.41585374631103,3.86737696159088,0.2115
"7199",8,38,17,"SGP50",2.95284869985678,3.44131440536963,0.467
"7200",8,38,18,"SGP50",5.1488680706707,3.62836530175378,0.2425
"7201",8,38,19,"SGP50",2.73945945782356,3.42658997138184,0.5485
"7202",8,38,20,"SGP50",3.123167911947,3.32838123568312,0.333
"7203",8,38,21,"SGP50",2.46063763383291,3.2888727525901,0.5535
"7204",8,38,22,"SGP50",2.24802833828996,3.17734962046095,0.4795
"7205",8,38,23,"SGP50",2.89904463745234,3.34110761795373,0.658
"7206",8,38,24,"SGP50",2.37686213072843,3.19364488698496,0.4075
"7207",8,38,25,"SGP50",3.47563112520046,3.31776145370425,0.735
"7208",8,38,26,"SGP50",2.42099193095262,3.16361633383246,0.5875
"7209",8,38,27,"SGP50",2.38886481461724,3.28619185058026,0.4075
"7210",8,38,28,"SGP50",1.96831312656062,3.06754310752671,0.5055
"7211",8,38,29,"SGP50",1.92495634758089,3.02051753042889,0.4815
"7212",8,38,30,"SGP50",2.22837638950425,3.13164172391355,0.6475
"7213",8,38,31,"SGP50",1.72993074173942,2.8912861012797,0.548
"7214",8,38,32,"SGP50",1.85757763013302,2.93757237954065,0.4135
"7215",8,38,33,"SGP50",2.36925364203097,3.06565074858485,0.2965
"7216",8,38,34,"SGP50",2.34320890405949,3.01401093045689,0.659
"7217",8,38,35,"SGP50",1.56168977350883,2.83443205166416,0.475
"7218",8,38,36,"SGP50",1.68858782439113,2.80624187234697,0.6065
"7219",8,38,37,"SGP50",1.44313751950475,2.75071073058115,0.5235
"7220",8,38,38,"SGP50",1.47750327400328,2.72964320415582,0.52
"7221",8,39,1,"BMA",6.55169115049729,4.22085472446181,0.8215
"7222",8,39,2,"BMA",8.92310155224749,4.38895784659485,0.847
"7223",8,39,3,"BMA",5.90412821631226,3.90696187829729,0.746
"7224",8,39,4,"BMA",3.72601479947257,3.6537482829263,0.5815
"7225",8,39,5,"BMA",6.11846420661507,3.85549824161572,0.7915
"7226",8,39,6,"BMA",8.14467182900463,4.03976025130833,0.8545
"7227",8,39,7,"BMA",4.38573752711927,3.63199214985344,0.2735
"7228",8,39,8,"BMA",2.89412346341608,3.35957277474641,0.396
"7229",8,39,9,"BMA",4.90545054334148,3.55273605130658,0.806
"7230",8,39,10,"BMA",6.23782781907155,3.84249147431194,0.1355
"7231",8,39,11,"BMA",4.67063722457521,3.58474108482223,0.215
"7232",8,39,12,"BMA",2.26791694071593,3.21717017423476,0.566
"7233",8,39,13,"BMA",3.45815349339702,3.29716123860378,0.724
"7234",8,39,14,"BMA",8.40671256946187,4.05037689966263,0.07
"7235",8,39,15,"BMA",2.44278094286404,3.1566140739737,0.659
"7236",8,39,16,"BMA",2.25824826244218,3.12080253231021,0.393
"7237",8,39,17,"BMA",5.49371514238603,3.61742481811247,0.141
"7238",8,39,18,"BMA",2.97539709112123,3.30561037029032,0.2875
"7239",8,39,19,"BMA",3.3149667847112,3.20144795060604,0.219
"7240",8,39,20,"BMA",1.92489712620862,2.99558122464256,0.4105
"7241",8,39,21,"BMA",1.59057076628214,2.80859363676556,0.4745
"7242",8,39,22,"BMA",2.30936182247026,2.8117152145646,0.285
"7243",8,39,23,"BMA",1.54392090023011,2.68842152886955,0.578
"7244",8,39,24,"BMA",2.8446237771226,2.83299049190379,0.175
"7245",8,39,25,"BMA",2.22254593545758,2.7278709620101,0.185
"7246",8,39,26,"BMA",1.15929346705463,2.48166462842702,0.4165
"7247",8,39,27,"BMA",3.18627972507493,3.00492692242764,0.112
"7248",8,39,28,"BMA",1.00651089871365,2.29926569062077,0.3795
"7249",8,39,29,"BMA",1.59768840142953,2.55879248510986,0.7505
"7250",8,39,30,"BMA",1.47853478281431,2.45356613419994,0.7295
"7251",8,39,31,"BMA",1.64993528179431,2.52493767507006,0.7835
"7252",8,39,32,"BMA",1.3171335414884,2.37297569417504,0.732
"7253",8,39,33,"BMA",2.24542214960006,2.69499954382566,0.1205
"7254",8,39,34,"BMA",6.59437110522015,5.78837872831653,0.002
"7255",8,39,35,"BMA",2.73111398241809,3.1155749094426,0.108
"7256",8,39,36,"BMA",2.363223636672,2.71602098716091,0.1185
"7257",8,39,37,"BMA",1.46611156196202,2.34462089586946,0.1955
"7258",8,39,38,"BMA",0.664956108526803,1.99821031880671,0.4375
"7259",8,39,1,"AVS",6.55169115049729,4.11561748137778,0.8225
"7260",8,39,2,"AVS",4.94054087357591,3.88812404896633,0.6295
"7261",8,39,3,"AVS",5.86591181680942,4.05193523075815,0.6795
"7262",8,39,4,"AVS",5.1400130366396,3.92257574352688,0.6265
"7263",8,39,5,"AVS",8.79980630380085,4.17242625017751,0.785
"7264",8,39,6,"AVS",14.6325690184482,4.75746782032233,0.8975
"7265",8,39,7,"AVS",5.33835111683601,3.61427547272629,0.214
"7266",8,39,8,"AVS",2.48768392363536,3.25409845179969,0.379
"7267",8,39,9,"AVS",4.82168924222082,3.44324171561795,0.8355
"7268",8,39,10,"AVS",6.66302178629296,3.77737553210652,0.11
"7269",8,39,11,"AVS",4.77620766668004,3.51773808406341,0.2065
"7270",8,39,12,"AVS",2.18651294263342,3.14684024199074,0.571
"7271",8,39,13,"AVS",3.22525144771565,3.25879740351198,0.7005
"7272",8,39,14,"AVS",8.79348032736146,4.16827490757525,0.052
"7273",8,39,15,"AVS",2.43001618803243,3.142961495192,0.633
"7274",8,39,16,"AVS",2.31560411868293,3.14448999782106,0.382
"7275",8,39,17,"AVS",5.71512244348469,3.54590188482727,0.137
"7276",8,39,18,"AVS",2.66088225055289,3.12556780320467,0.283
"7277",8,39,19,"AVS",2.84177631646194,3.0718671997648,0.2535
"7278",8,39,20,"AVS",1.5026220803396,2.71573169646019,0.4185
"7279",8,39,21,"AVS",1.31957630752003,2.63128492660484,0.5235
"7280",8,39,22,"AVS",1.67500897479279,2.72206452142766,0.316
"7281",8,39,23,"AVS",1.44645410583798,2.58507190301158,0.663
"7282",8,39,24,"AVS",2.46903613967924,2.74406601066577,0.1835
"7283",8,39,25,"AVS",2.23076047925713,2.72642498105736,0.1765
"7284",8,39,26,"AVS",1.12160240596342,2.45450527017815,0.396
"7285",8,39,27,"AVS",3.18702727775559,3.02572979858268,0.09
"7286",8,39,28,"AVS",0.988893897495624,2.30212488884119,0.3835
"7287",8,39,29,"AVS",1.60063489378152,2.54794397066157,0.778
"7288",8,39,30,"AVS",1.49763010841323,2.43588513846733,0.745
"7289",8,39,31,"AVS",1.66304313377846,2.51236122225213,0.8015
"7290",8,39,32,"AVS",1.3227289657798,2.40828215921836,0.75
"7291",8,39,33,"AVS",2.23923325244584,2.60909076444988,0.1175
"7292",8,39,34,"AVS",6.61045952445619,5.98622118868647,5e-04
"7293",8,39,35,"AVS",2.97615974163198,3.05677763566768,0.068
"7294",8,39,36,"AVS",2.54462430455259,2.71186663805296,0.08
"7295",8,39,37,"AVS",1.52544064689811,2.35885462381515,0.1655
"7296",8,39,38,"AVS",0.640684749862179,1.95116585741084,0.4175
"7297",8,39,1,"EQW",6.55169115049729,4.28948112383114,0.822
"7298",8,39,2,"EQW",10.5933893892354,4.48814819961281,0.8745
"7299",8,39,3,"EQW",6.16753145932745,3.86316747950604,0.796
"7300",8,39,4,"EQW",2.94372351056833,3.37744666436754,0.5015
"7301",8,39,5,"EQW",4.17795516745179,3.59070401485549,0.7215
"7302",8,39,6,"EQW",6.49132829119695,3.82107916151193,0.833
"7303",8,39,7,"EQW",4.97843237003167,3.96903467382321,0.3045
"7304",8,39,8,"EQW",3.60801105079122,3.67930398180097,0.3845
"7305",8,39,9,"EQW",5.23288379721677,3.5710220833264,0.771
"7306",8,39,10,"EQW",5.43985805454924,4.00413894955036,0.308
"7307",8,39,11,"EQW",4.44673364752041,3.7154650217695,0.293
"7308",8,39,12,"EQW",3.09204183612252,3.38117115956368,0.5695
"7309",8,39,13,"EQW",5.49153185391824,3.55433464514685,0.7645
"7310",8,39,14,"EQW",5.29772154901022,4.08548993376728,0.3015
"7311",8,39,15,"EQW",4.64814258709875,3.43385822817012,0.7655
"7312",8,39,16,"EQW",3.200908112717,3.40167840928011,0.576
"7313",8,39,17,"EQW",3.4284468929283,3.56075054271107,0.365
"7314",8,39,18,"EQW",2.51839569075355,3.3132444604199,0.463
"7315",8,39,19,"EQW",2.42368954517959,3.2577963256088,0.4345
"7316",8,39,20,"EQW",2.40613803849232,3.16562795874616,0.595
"7317",8,39,21,"EQW",2.43958193042938,3.08843508354362,0.6305
"7318",8,39,22,"EQW",2.27443330858359,3.18005932424051,0.4395
"7319",8,39,23,"EQW",2.71394662004132,3.11804268660639,0.6855
"7320",8,39,24,"EQW",2.74351365059217,3.38696161233074,0.349
"7321",8,39,25,"EQW",1.96184049222095,2.99687674919454,0.4515
"7322",8,39,26,"EQW",2.00430834026262,3.0442830721387,0.602
"7323",8,39,27,"EQW",2.35295196635877,3.15865605126787,0.326
"7324",8,39,28,"EQW",2.099498826287,2.94153499783226,0.66
"7325",8,39,29,"EQW",2.99876801913057,3.07726021079098,0.7735
"7326",8,39,30,"EQW",2.24490900253326,2.9870988705143,0.6745
"7327",8,39,31,"EQW",2.55560552257511,3.02212298500543,0.708
"7328",8,39,32,"EQW",2.2745997104104,2.94756572525745,0.6815
"7329",8,39,33,"EQW",2.16927264612989,3.15492452861253,0.375
"7330",8,39,34,"EQW",2.66491709304795,3.18309190376814,0.305
"7331",8,39,35,"EQW",1.71509563589756,3.01249749312699,0.5725
"7332",8,39,36,"EQW",1.51491923471013,2.90241003599194,0.494
"7333",8,39,37,"EQW",1.45538658274037,2.77443936741437,0.53
"7334",8,39,38,"EQW",1.65730483036904,2.70702926159749,0.645
"7335",8,39,1,"SGP",6.55169115049729,4.12552130653305,0.828
"7336",8,39,2,"SGP",12.7186341629376,4.84880062683099,0.9575
"7337",8,39,3,"SGP",6.10556101433429,3.65712783405357,0.834
"7338",8,39,4,"SGP",2.57156331942273,3.18264132580974,0.599
"7339",8,39,5,"SGP",5.80319717745884,3.72633172756565,0.858
"7340",8,39,6,"SGP",5.73377258632232,3.63446805663313,0.893
"7341",8,39,7,"SGP",9.84655400915439,4.72132094743001,0.0365
"7342",8,39,8,"SGP",4.88295809923477,3.59897741770137,0.1495
"7343",8,39,9,"SGP",2.13051279228607,2.96022407355692,0.6525
"7344",8,39,10,"SGP",12.7919273083707,5.29259823123494,0.0155
"7345",8,39,11,"SGP",8.23910924680797,4.15350336389132,0.0565
"7346",8,39,12,"SGP",2.20998826105026,3.0982820464866,0.3815
"7347",8,39,13,"SGP",2.05243363248239,3.14325270651021,0.5785
"7348",8,39,14,"SGP",12.097208276695,5.12184026295257,0.018
"7349",8,39,15,"SGP",3.71300307633359,3.3428337515011,0.7745
"7350",8,39,16,"SGP",2.51859387908785,3.19415897701685,0.3555
"7351",8,39,17,"SGP",4.92500726545092,3.54145988301033,0.1595
"7352",8,39,18,"SGP",2.04466785772147,3.09321376041085,0.44
"7353",8,39,19,"SGP",2.01591141788582,3.03725767710989,0.392
"7354",8,39,20,"SGP",2.23675895815205,3.0657622113512,0.6225
"7355",8,39,21,"SGP",2.06681823003201,3.11312161177734,0.6045
"7356",8,39,22,"SGP",3.02315198441119,3.17560684311735,0.256
"7357",8,39,23,"SGP",1.89890597286077,3.03714791319054,0.5915
"7358",8,39,24,"SGP",4.43668170715311,3.35863255140886,0.179
"7359",8,39,25,"SGP",2.21832522184923,3.06460689230261,0.3655
"7360",8,39,26,"SGP",1.79503983088589,2.89513752538273,0.508
"7361",8,39,27,"SGP",3.29744755540283,3.20694591044299,0.227
"7362",8,39,28,"SGP",2.67686239554122,3.16035889967834,0.7465
"7363",8,39,29,"SGP",2.73938166371004,3.07284243369451,0.7565
"7364",8,39,30,"SGP",1.7030035926183,3.00022379149301,0.518
"7365",8,39,31,"SGP",1.72126938545743,2.90761084131949,0.5635
"7366",8,39,32,"SGP",1.52621716905678,2.86046756337345,0.508
"7367",8,39,33,"SGP",3.0092673927256,3.0264469171512,0.2165
"7368",8,39,34,"SGP",3.25190444924302,3.26514066805398,0.209
"7369",8,39,35,"SGP",1.84639234188202,3.0215978590724,0.5495
"7370",8,39,36,"SGP",2.21658473530072,2.83456477638745,0.133
"7371",8,39,37,"SGP",1.49210574304793,2.36804506991355,0.19
"7372",8,39,38,"SGP",0.649948539305105,1.99579574142031,0.432
"7373",8,39,1,"SGP50",6.55169115049729,4.04706399999027,0.821
"7374",8,39,2,"SGP50",10.8219207950954,4.56469469301875,0.8815
"7375",8,39,3,"SGP50",6.19212735997986,3.80999324458673,0.7945
"7376",8,39,4,"SGP50",2.8507967980107,3.39156437807375,0.4745
"7377",8,39,5,"SGP50",4.03506473828092,3.51867201895214,0.6985
"7378",8,39,6,"SGP50",6.08342874132632,3.71512485273175,0.828
"7379",8,39,7,"SGP50",5.35386540704015,3.98783967288332,0.238
"7380",8,39,8,"SGP50",3.55807474811045,3.54773497073427,0.3175
"7381",8,39,9,"SGP50",4.32108314824407,3.4875769668366,0.763
"7382",8,39,10,"SGP50",6.61238983015146,3.99668154455731,0.2125
"7383",8,39,11,"SGP50",5.11125179496481,3.76931629921897,0.2185
"7384",8,39,12,"SGP50",2.51975412046652,3.32745469998015,0.538
"7385",8,39,13,"SGP50",3.92346795780096,3.39370536691413,0.7185
"7386",8,39,14,"SGP50",7.10913258545666,4.06993463685039,0.1815
"7387",8,39,15,"SGP50",3.58802832652487,3.33859957496546,0.735
"7388",8,39,16,"SGP50",2.42686821360693,3.20801072768534,0.4915
"7389",8,39,17,"SGP50",4.12761837769015,3.47483742593383,0.2465
"7390",8,39,18,"SGP50",2.38749620857853,3.19216889295101,0.401
"7391",8,39,19,"SGP50",2.44794710068666,3.21534456114875,0.352
"7392",8,39,20,"SGP50",2.03196294783314,3.09336186922584,0.5175
"7393",8,39,21,"SGP50",1.93924460369598,3.00626427912258,0.5635
"7394",8,39,22,"SGP50",2.52213066162457,3.13358582181469,0.315
"7395",8,39,23,"SGP50",2.03542016028369,2.89378812564391,0.627
"7396",8,39,24,"SGP50",3.45919254038963,3.24570619778107,0.2165
"7397",8,39,25,"SGP50",2.04919806880092,3.06741589906775,0.363
"7398",8,39,26,"SGP50",1.68821345135481,2.86785192533407,0.504
"7399",8,39,27,"SGP50",2.8867551012474,3.19183640987454,0.233
"7400",8,39,28,"SGP50",1.75892686573887,2.89054100067696,0.593
"7401",8,39,29,"SGP50",2.29131051099046,2.92922846780352,0.7295
"7402",8,39,30,"SGP50",1.64890745468017,2.83907356954231,0.571
"7403",8,39,31,"SGP50",1.80772657888189,2.82203962917621,0.6335
"7404",8,39,32,"SGP50",1.57782623281727,2.78848951631011,0.612
"7405",8,39,33,"SGP50",2.52276137063734,3.09513349791911,0.2365
"7406",8,39,34,"SGP50",3.44916582870413,3.37477755374677,0.216
"7407",8,39,35,"SGP50",1.65603880752741,3.03671671819731,0.4675
"7408",8,39,36,"SGP50",1.54235861755019,2.81376898730018,0.406
"7409",8,39,37,"SGP50",1.32394499870389,2.61105919486561,0.4715
"7410",8,39,38,"SGP50",1.30505022988464,2.54554527233971,0.582
"7411",8,40,1,"BMA",3.67527179904621,3.2944288869029,0.141
"7412",8,40,2,"BMA",3.77172784369565,3.2791508644222,0.094
"7413",8,40,3,"BMA",1.97469625815721,2.61494072369535,0.2525
"7414",8,40,4,"BMA",2.95055158568788,3.15662405024161,0.8355
"7415",8,40,5,"BMA",1.54958507565223,2.59898985153704,0.7015
"7416",8,40,6,"BMA",2.22454010521406,2.81924405107273,0.79
"7417",8,40,7,"BMA",4.07187315536342,3.43370600585105,0.9185
"7418",8,40,8,"BMA",3.52815827407467,3.25548307912336,0.8615
"7419",8,40,9,"BMA",1.5211018840675,2.65043362863343,0.698
"7420",8,40,10,"BMA",1.82709936924365,2.68726265540847,0.2365
"7421",8,40,11,"BMA",3.22931312499323,3.10613979784412,0.9095
"7422",8,40,12,"BMA",0.995390404633082,2.38585927881797,0.5185
"7423",8,40,13,"BMA",1.17796166447313,2.39731071965637,0.6705
"7424",8,40,14,"BMA",2.76897035088106,3.01967690531748,0.1195
"7425",8,40,15,"BMA",0.966129269040177,2.22406083547231,0.614
"7426",8,40,16,"BMA",1.29784932931863,2.39792364087076,0.2755
"7427",8,40,17,"BMA",0.921595188650288,2.26060971521395,0.607
"7428",8,40,18,"BMA",0.916748316806285,2.16481720800202,0.617
"7429",8,40,19,"BMA",1.23296149507769,2.32145103561203,0.738
"7430",8,40,20,"BMA",9.42756453017553,7.5729593762689,5e-04
"7431",8,40,21,"BMA",2.59354731630706,2.87890252880349,0.185
"7432",8,40,22,"BMA",1.5887785530027,2.62756448117155,0.745
"7433",8,40,23,"BMA",1.74751088366579,2.51974462686413,0.2395
"7434",8,40,24,"BMA",3.30148097136473,3.18314183731196,0.0855
"7435",8,40,25,"BMA",0.998753522720277,2.34374956492172,0.5515
"7436",8,40,26,"BMA",7.73364556496149,5.72650685010789,0.9935
"7437",8,40,27,"BMA",2.10260536596262,2.89846162751265,0.2685
"7438",8,40,28,"BMA",1.80927118126633,2.66422745927759,0.2645
"7439",8,40,29,"BMA",0.924483559997426,2.32248987445295,0.4915
"7440",8,40,30,"BMA",1.45964210990865,2.49356559508614,0.724
"7441",8,40,31,"BMA",1.1265653893086,2.43579038486128,0.601
"7442",8,40,32,"BMA",3.89519200767174,3.27000096300452,0.0815
"7443",8,40,33,"BMA",3.46674301736686,3.17537795028256,0.106
"7444",8,40,34,"BMA",1.17318449962762,2.44678729363217,0.571
"7445",8,40,35,"BMA",1.80296717788385,2.58513668342787,0.78
"7446",8,40,36,"BMA",1.26312768913172,2.43799848000783,0.6575
"7447",8,40,37,"BMA",1.03421737842288,2.43202557498084,0.591
"7448",8,40,38,"BMA",2.65048491595854,2.9707230145522,0.1255
"7449",8,40,1,"AVS",3.67527179904621,3.28896310094163,0.132
"7450",8,40,2,"AVS",3.50729731768526,3.13661862194157,0.1155
"7451",8,40,3,"AVS",2.06589288717451,2.66063260788974,0.243
"7452",8,40,4,"AVS",3.60087427400288,3.43297420794456,0.886
"7453",8,40,5,"AVS",1.62238448194921,2.65626397226288,0.7075
"7454",8,40,6,"AVS",2.16827456456493,2.8568655354938,0.7585
"7455",8,40,7,"AVS",4.17072268019002,3.47658038865457,0.8985
"7456",8,40,8,"AVS",3.13152793745658,3.10569901750208,0.8575
"7457",8,40,9,"AVS",1.31378584949361,2.53249074742176,0.6735
"7458",8,40,10,"AVS",1.83425918358324,2.56189738702337,0.2285
"7459",8,40,11,"AVS",3.3063842276194,3.09688499112667,0.911
"7460",8,40,12,"AVS",0.93648465177119,2.26687085843212,0.5085
"7461",8,40,13,"AVS",1.26306869884023,2.49923668363267,0.7015
"7462",8,40,14,"AVS",2.52354539835808,2.85553758300232,0.141
"7463",8,40,15,"AVS",0.942456425411195,2.18941724007089,0.609
"7464",8,40,16,"AVS",1.3092598136163,2.38658191240175,0.276
"7465",8,40,17,"AVS",0.908851071642294,2.23623952714892,0.638
"7466",8,40,18,"AVS",0.923748712769869,2.21120178768277,0.634
"7467",8,40,19,"AVS",1.23750626530634,2.29289834474378,0.7505
"7468",8,40,20,"AVS",9.30037546669438,9.71359386449967,0
"7469",8,40,21,"AVS",1.88730674360399,2.68756450919449,0.2155
"7470",8,40,22,"AVS",1.7485013903921,2.51304859373091,0.8005
"7471",8,40,23,"AVS",1.75170246139053,2.61004425134643,0.2265
"7472",8,40,24,"AVS",3.25929435789648,3.07590388179734,0.0885
"7473",8,40,25,"AVS",0.996541611783594,2.32344399949445,0.606
"7474",8,40,26,"AVS",7.83503620846268,5.93682810022066,0.9955
"7475",8,40,27,"AVS",3.1011915200453,3.15564937729295,0.1015
"7476",8,40,28,"AVS",2.39908013097376,2.79771134652917,0.165
"7477",8,40,29,"AVS",1.03270316880713,2.34456797458453,0.505
"7478",8,40,30,"AVS",1.42797415387065,2.49225817543114,0.7
"7479",8,40,31,"AVS",0.950860615664145,2.34505779902769,0.5005
"7480",8,40,32,"AVS",4.77041431513926,3.51944995757621,0.054
"7481",8,40,33,"AVS",2.15345476070744,2.69987424972982,0.201
"7482",8,40,34,"AVS",1.76687298738397,2.50902824129329,0.7505
"7483",8,40,35,"AVS",2.3213726141275,2.79170487208873,0.84
"7484",8,40,36,"AVS",1.07594148499863,2.29717056814639,0.5845
"7485",8,40,37,"AVS",0.880256969540378,2.33234785661772,0.495
"7486",8,40,38,"AVS",3.20387276273307,3.05913737920011,0.1095
"7487",8,40,1,"EQW",3.67527179904621,3.22728681974899,0.1445
"7488",8,40,2,"EQW",4.49476805907675,3.37134862144546,0.074
"7489",8,40,3,"EQW",2.60275823377691,2.7926720805598,0.2485
"7490",8,40,4,"EQW",2.35062270688283,3.0630641347423,0.7235
"7491",8,40,5,"EQW",1.49789545959632,2.78705249290452,0.601
"7492",8,40,6,"EQW",1.98581943833421,2.84623683876562,0.7195
"7493",8,40,7,"EQW",3.90532914861501,3.36693440570375,0.87
"7494",8,40,8,"EQW",3.97018782729271,3.30285054497139,0.8485
"7495",8,40,9,"EQW",2.2051530683516,2.82967201542757,0.696
"7496",8,40,10,"EQW",1.79985865702097,2.82371069586698,0.366
"7497",8,40,11,"EQW",3.32530527801823,3.3634781346018,0.854
"7498",8,40,12,"EQW",1.63538776228904,2.6659532857919,0.6175
"7499",8,40,13,"EQW",1.87296191036293,2.71131914993566,0.7055
"7500",8,40,14,"EQW",2.00935765411282,3.01419069093664,0.3255
"7501",8,40,15,"EQW",1.43170020543804,2.50458034441338,0.6245
"7502",8,40,16,"EQW",1.31607094448811,2.57812796650998,0.4025
"7503",8,40,17,"EQW",1.36655099658881,2.51993527059423,0.6425
"7504",8,40,18,"EQW",1.53891556240687,2.52831777708816,0.6655
"7505",8,40,19,"EQW",2.09760106323268,2.69855363371606,0.785
"7506",8,40,20,"EQW",6.00763848992165,3.97611951321213,0.104
"7507",8,40,21,"EQW",2.50300718854001,2.91487155800868,0.215
"7508",8,40,22,"EQW",1.49496361884543,2.70336983563293,0.658
"7509",8,40,23,"EQW",1.51282023096312,2.6373663271193,0.3255
"7510",8,40,24,"EQW",2.80715662475645,3.03035652925885,0.1605
"7511",8,40,25,"EQW",1.10980766031498,2.51251835960614,0.5145
"7512",8,40,26,"EQW",7.90825498945211,5.17747094642812,0.9895
"7513",8,40,27,"EQW",1.83226678266857,3.11429911116194,0.4855
"7514",8,40,28,"EQW",1.49434492376945,2.80407517522094,0.408
"7515",8,40,29,"EQW",1.25204841889289,2.49349567846919,0.598
"7516",8,40,30,"EQW",2.15566291846262,2.75571992792747,0.765
"7517",8,40,31,"EQW",1.71927413327518,2.6631772746043,0.6585
"7518",8,40,32,"EQW",2.72089554099743,3.17793842899225,0.233
"7519",8,40,33,"EQW",2.06251028362042,2.85499321708611,0.2385
"7520",8,40,34,"EQW",1.4068557378919,2.64459141517199,0.6185
"7521",8,40,35,"EQW",2.61637562343018,2.82037990974233,0.827
"7522",8,40,36,"EQW",2.05663175549635,2.70544589488209,0.7095
"7523",8,40,37,"EQW",1.84938190897808,2.66603465930781,0.694
"7524",8,40,38,"EQW",1.92613525664677,3.03860471692837,0.3445
"7525",8,40,1,"SGP",3.67527179904621,3.39668946792394,0.129
"7526",8,40,2,"SGP",3.39567016972063,3.1826084829384,0.073
"7527",8,40,3,"SGP",1.42024736805939,2.46471383057608,0.3205
"7528",8,40,4,"SGP",3.82673945352225,3.45014166401309,0.9045
"7529",8,40,5,"SGP",1.24313504367299,2.5520671970277,0.6265
"7530",8,40,6,"SGP",1.84875346623536,2.68642734492092,0.7855
"7531",8,40,7,"SGP",3.47458518409227,3.15923667486954,0.915
"7532",8,40,8,"SGP",2.81505766295422,2.93562739606532,0.8695
"7533",8,40,9,"SGP",1.30137375427167,2.48322758438073,0.6775
"7534",8,40,10,"SGP",1.82824138733968,2.60133104185423,0.215
"7535",8,40,11,"SGP",3.28179873844764,3.14649061756404,0.915
"7536",8,40,12,"SGP",0.954436931659862,2.31647436524699,0.4995
"7537",8,40,13,"SGP",1.21600666530889,2.40299918391941,0.6745
"7538",8,40,14,"SGP",2.62062533410466,2.92797887493687,0.121
"7539",8,40,15,"SGP",0.956175997926977,2.19697168924853,0.6055
"7540",8,40,16,"SGP",1.30110625990054,2.3826098184605,0.299
"7541",8,40,17,"SGP",0.920161059328861,2.29877453964989,0.603
"7542",8,40,18,"SGP",0.923074481166887,2.21132246769185,0.616
"7543",8,40,19,"SGP",1.24353852745978,2.30801913330315,0.7375
"7544",8,40,20,"SGP",9.31565910050203,7.47703129394603,0.0015
"7545",8,40,21,"SGP",1.87086622097338,2.69230201870753,0.2345
"7546",8,40,22,"SGP",1.75065467547776,2.6813188465779,0.783
"7547",8,40,23,"SGP",1.74422042231144,2.69891020437925,0.2165
"7548",8,40,24,"SGP",3.24790276247177,3.09513793892499,0.0965
"7549",8,40,25,"SGP",1.01049355502342,2.31277286794455,0.5875
"7550",8,40,26,"SGP",7.84551985877731,5.57669178984881,0.997
"7551",8,40,27,"SGP",3.05620844165598,2.97710760368083,0.1165
"7552",8,40,28,"SGP",2.37518704716438,2.7565572707957,0.1765
"7553",8,40,29,"SGP",1.02033094340158,2.32836769366167,0.51
"7554",8,40,30,"SGP",1.43143551122076,2.57607031139583,0.699
"7555",8,40,31,"SGP",0.946522374192617,2.33613699669674,0.4785
"7556",8,40,32,"SGP",4.82469191795555,3.6255361826651,0.046
"7557",8,40,33,"SGP",1.93161326470471,2.65464435813268,0.2125
"7558",8,40,34,"SGP",1.67161388770038,2.59763604676885,0.7395
"7559",8,40,35,"SGP",2.2707654173236,2.6245519519074,0.8195
"7560",8,40,36,"SGP",1.05794995793184,2.34261961744385,0.5645
"7561",8,40,37,"SGP",0.90038057650829,2.33549958191624,0.5145
"7562",8,40,38,"SGP",3.25561611303776,3.19819722275666,0.092
"7563",8,40,1,"SGP50",3.67527179904621,3.31032556449511,0.126
"7564",8,40,2,"SGP50",4.36266132011852,3.2953905366359,0.0875
"7565",8,40,3,"SGP50",2.38817050162874,2.75581039044347,0.2495
"7566",8,40,4,"SGP50",2.45673452986847,3.02048612606975,0.762
"7567",8,40,5,"SGP50",1.43980536975492,2.57796279373666,0.6025
"7568",8,40,6,"SGP50",1.98796587428129,2.82156350926777,0.732
"7569",8,40,7,"SGP50",3.90646283854931,3.52115403774406,0.886
"7570",8,40,8,"SGP50",3.82464008664421,3.29587782488696,0.8625
"7571",8,40,9,"SGP50",1.92422838885419,2.74580513877444,0.686
"7572",8,40,10,"SGP50",1.76991821216721,2.72846696573086,0.3375
"7573",8,40,11,"SGP50",3.21295025754383,3.15666844100365,0.8615
"7574",8,40,12,"SGP50",1.3539206613253,2.58370524712628,0.584
"7575",8,40,13,"SGP50",1.54948387457916,2.57754470193438,0.6745
"7576",8,40,14,"SGP50",2.17829526605965,3.07279759961527,0.2565
"7577",8,40,15,"SGP50",1.23561764420065,2.45221113731087,0.6365
"7578",8,40,16,"SGP50",1.2517343043431,2.49164026512262,0.3655
"7579",8,40,17,"SGP50",1.15629132423915,2.39702092149615,0.619
"7580",8,40,18,"SGP50",1.23981244468708,2.36591169420459,0.667
"7581",8,40,19,"SGP50",1.69672961820106,2.5076324169601,0.747
"7582",8,40,20,"SGP50",7.35000387711566,4.43192091163029,0.0595
"7583",8,40,21,"SGP50",2.39411331646558,2.84934275362652,0.1965
"7584",8,40,22,"SGP50",1.4924013190775,2.68924513733713,0.6875
"7585",8,40,23,"SGP50",1.61865016986193,2.62469356680969,0.2835
"7586",8,40,24,"SGP50",3.0782132509282,3.00425540825522,0.124
"7587",8,40,25,"SGP50",1.05335008848853,2.44431954202734,0.5275
"7588",8,40,26,"SGP50",7.74237811556702,5.22783310209783,0.9925
"7589",8,40,27,"SGP50",1.91606768343136,2.99371062196403,0.337
"7590",8,40,28,"SGP50",1.70512419131222,2.71030283967054,0.3105
"7591",8,40,29,"SGP50",1.06140804871541,2.46134227041165,0.55
"7592",8,40,30,"SGP50",1.72605639206245,2.55477943619437,0.7385
"7593",8,40,31,"SGP50",1.24987880837256,2.45061878958052,0.596
"7594",8,40,32,"SGP50",3.57470808673709,3.28052805500806,0.135
"7595",8,40,33,"SGP50",2.29927984443022,2.83292000228144,0.2315
"7596",8,40,34,"SGP50",1.2924671382088,2.50997761774761,0.622
"7597",8,40,35,"SGP50",2.18801251106862,2.65739228174208,0.803
"7598",8,40,36,"SGP50",1.4445944284332,2.49129576135777,0.647
"7599",8,40,37,"SGP50",1.23651558735996,2.49264878163789,0.5975
"7600",8,40,38,"SGP50",2.36019779309355,2.94576997472765,0.226
"7601",8,41,1,"BMA",2.75652098081482,3.36925109025134,0.561
"7602",8,41,2,"BMA",1.78663254350272,2.85014684481258,0.57
"7603",8,41,3,"BMA",11.0768148025661,5.73269197642983,0.975
"7604",8,41,4,"BMA",9.63188570461303,4.17778307481667,0.8845
"7605",8,41,5,"BMA",3.94438806705259,3.51074613909519,0.6325
"7606",8,41,6,"BMA",3.14164181070638,3.50724334679394,0.467
"7607",8,41,7,"BMA",3.0678894255247,3.50826397810078,0.4535
"7608",8,41,8,"BMA",3.48442277205018,3.53371121282803,0.5915
"7609",8,41,9,"BMA",3.09496573500984,3.49773511321699,0.539
"7610",8,41,10,"BMA",8.11770516244666,4.07955221699848,0.1865
"7611",8,41,11,"BMA",7.46956847438769,4.30238579017463,0.342
"7612",8,41,12,"BMA",6.25539295287036,4.04926610431701,0.657
"7613",8,41,13,"BMA",5.13810857540257,3.73456794062194,0.7115
"7614",8,41,14,"BMA",12.6989211031037,4.82119639259033,0.964
"7615",8,41,15,"BMA",2.2374789111526,3.26168225355008,0.524
"7616",8,41,16,"BMA",2.31964007968606,3.12861891200042,0.356
"7617",8,41,17,"BMA",1.81553324592061,2.91621301083493,0.6285
"7618",8,41,18,"BMA",1.47340996978626,2.79778355872487,0.4475
"7619",8,41,19,"BMA",2.56029548244459,2.81416600330991,0.1905
"7620",8,41,20,"BMA",4.677781334924,3.56976447501045,0.0575
"7621",8,41,21,"BMA",1.07289792591215,2.39505827746434,0.56
"7622",8,41,22,"BMA",1.02481171625114,2.33459388514913,0.371
"7623",8,41,23,"BMA",1.09676527083527,2.31406696703958,0.3485
"7624",8,41,24,"BMA",2.84336824462888,2.98260150933861,0.082
"7625",8,41,25,"BMA",0.804188605327922,2.12688157078955,0.625
"7626",8,41,26,"BMA",0.894591053960147,2.16980503412296,0.662
"7627",8,41,27,"BMA",0.713595245371438,1.96489852625913,0.3845
"7628",8,41,28,"BMA",2.17870098560544,2.8485754022468,0.8995
"7629",8,41,29,"BMA",0.667872956162546,1.94468852953092,0.422
"7630",8,41,30,"BMA",0.587295664255857,1.89354615675826,0.479
"7631",8,41,31,"BMA",0.950658961515345,2.07483353980957,0.254
"7632",8,41,32,"BMA",1.25747821257044,2.17041527925313,0.162
"7633",8,41,33,"BMA",0.837325234828124,1.8508014566704,0.2755
"7634",8,41,34,"BMA",4.82241636438124,6.34975946114737,0
"7635",8,41,35,"BMA",4.59631131786993,5.01346563642764,0.002
"7636",8,41,36,"BMA",6.42842536004348,7.02587012587205,0
"7637",8,41,37,"BMA",6.61589128584384,8.92834519417896,5e-04
"7638",8,41,38,"BMA",1.09610225925443,1.83404823881988,0.302
"7639",8,41,1,"AVS",2.75652098081482,3.29504851786978,0.5875
"7640",8,41,2,"AVS",1.65810427633302,2.70444256428811,0.6525
"7641",8,41,3,"AVS",11.4429649201553,7.84299215558753,0.997
"7642",8,41,4,"AVS",7.64659200543471,4.06601068871438,0.8845
"7643",8,41,5,"AVS",3.15298263080853,3.4993590824858,0.6035
"7644",8,41,6,"AVS",3.01637878557293,3.49270898137781,0.4405
"7645",8,41,7,"AVS",2.67421654987171,3.28348323245354,0.444
"7646",8,41,8,"AVS",1.95647712734868,2.95003356772022,0.5155
"7647",8,41,9,"AVS",2.79190169571657,2.99844156525602,0.2115
"7648",8,41,10,"AVS",14.8905161411801,6.73400069105118,0.018
"7649",8,41,11,"AVS",7.48791026040016,4.43107007761517,0.3305
"7650",8,41,12,"AVS",6.27363527120603,4.04290802290146,0.636
"7651",8,41,13,"AVS",5.16401088773319,3.69467679839313,0.7195
"7652",8,41,14,"AVS",12.7739051944141,5.07808905746624,0.9625
"7653",8,41,15,"AVS",2.24743831852874,3.30320902294874,0.55
"7654",8,41,16,"AVS",2.30385825743841,3.02823788657473,0.3715
"7655",8,41,17,"AVS",1.81549596557073,2.90551070278872,0.638
"7656",8,41,18,"AVS",1.47171488639003,2.77002056159088,0.4525
"7657",8,41,19,"AVS",2.55943894914061,2.82415602492238,0.191
"7658",8,41,20,"AVS",4.67762644630043,3.59373188854546,0.063
"7659",8,41,21,"AVS",1.07277869970262,2.39637187708951,0.5885
"7660",8,41,22,"AVS",1.02466076574963,2.29542287456904,0.3725
"7661",8,41,23,"AVS",1.09675252000679,2.27973403841764,0.352
"7662",8,41,24,"AVS",2.84351995991465,3.03554687837065,0.081
"7663",8,41,25,"AVS",0.804067760248958,2.07612372806191,0.596
"7664",8,41,26,"AVS",0.894453639997574,2.08836081932379,0.638
"7665",8,41,27,"AVS",0.713597360001499,1.93455527742783,0.405
"7666",8,41,28,"AVS",2.17861736000051,2.74041491331736,0.885
"7667",8,41,29,"AVS",0.667872040000778,1.8913632157126,0.422
"7668",8,41,30,"AVS",0.587294520000017,1.84890388334972,0.5055
"7669",8,41,31,"AVS",0.950659160000004,2.01619606126552,0.26
"7670",8,41,32,"AVS",1.25747827999999,2.14356351476096,0.154
"7671",8,41,33,"AVS",0.837325239999999,1.86624989697571,0.283
"7672",8,41,34,"AVS",4.82241637599998,5.57310651125221,0.002
"7673",8,41,35,"AVS",4.5963119639994,4.82685204111976,0.0035
"7674",8,41,36,"AVS",6.42843345198635,7.37008691714706,0
"7675",8,41,37,"AVS",6.61962837205898,10.0938598007326,0
"7676",8,41,38,"AVS",4.44071045975631,4.67777564600456,0.0015
"7677",8,41,1,"EQW",2.75652098081482,3.361861191979,0.574
"7678",8,41,2,"EQW",2.04037768350121,2.93744740084168,0.506
"7679",8,41,3,"EQW",9.66607918310989,4.65550202069043,0.9085
"7680",8,41,4,"EQW",11.535577100712,4.60105749601476,0.941
"7681",8,41,5,"EQW",5.80264142444426,3.81058173290499,0.667
"7682",8,41,6,"EQW",5.35115710646798,3.71308022724605,0.6845
"7683",8,41,7,"EQW",5.51696777669946,3.63971336439556,0.6815
"7684",8,41,8,"EQW",6.0154585157321,3.5790057591863,0.7015
"7685",8,41,9,"EQW",4.74874724119484,3.61049269030966,0.581
"7686",8,41,10,"EQW",6.94151222206876,4.31665849183139,0.2735
"7687",8,41,11,"EQW",8.59983852086581,4.40477211884686,0.2165
"7688",8,41,12,"EQW",3.58604505188267,3.61864688403914,0.4445
"7689",8,41,13,"EQW",3.18990501833757,3.48414870004378,0.417
"7690",8,41,14,"EQW",5.90522894604261,3.84287754325013,0.773
"7691",8,41,15,"EQW",5.89193861277149,3.89950735222761,0.278
"7692",8,41,16,"EQW",3.35509394776414,3.38742720342397,0.3425
"7693",8,41,17,"EQW",2.48583926329921,3.28577615045306,0.529
"7694",8,41,18,"EQW",2.90927464096414,3.18349759634111,0.322
"7695",8,41,19,"EQW",3.20550566962861,3.18282324252807,0.2625
"7696",8,41,20,"EQW",3.8627440182152,3.40806374172177,0.225
"7697",8,41,21,"EQW",2.12772270512089,2.87233464000804,0.5985
"7698",8,41,22,"EQW",2.45823436569477,2.96138787660782,0.3095
"7699",8,41,23,"EQW",1.61665739335826,2.74710091796494,0.4065
"7700",8,41,24,"EQW",2.3954000672213,3.05332741050543,0.2575
"7701",8,41,25,"EQW",1.91886324195645,2.7960742507752,0.6885
"7702",8,41,26,"EQW",1.61762284077814,2.81948982817634,0.5755
"7703",8,41,27,"EQW",1.39539926943363,2.60658812431487,0.502
"7704",8,41,28,"EQW",3.24731253189497,3.27883195826952,0.8295
"7705",8,41,29,"EQW",1.81076805529521,2.94233163436069,0.4795
"7706",8,41,30,"EQW",2.01970761799731,2.79939578213365,0.654
"7707",8,41,31,"EQW",1.66494677980353,2.86383393410301,0.5075
"7708",8,41,32,"EQW",1.74216955105544,2.92611605669627,0.569
"7709",8,41,33,"EQW",1.77173905025037,2.84367700786617,0.587
"7710",8,41,34,"EQW",2.30177697478465,3.23489558525184,0.336
"7711",8,41,35,"EQW",1.69624417089233,3.05549388517506,0.514
"7712",8,41,36,"EQW",1.9738249121613,2.70956051418621,0.325
"7713",8,41,37,"EQW",1.78683851331226,2.16778526094229,0.288
"7714",8,41,38,"EQW",1.24158562425679,1.93359051753097,0.373
"7715",8,41,1,"SGP",2.75652098081482,3.33249321036288,0.5905
"7716",8,41,2,"SGP",1.6366114163079,2.604684018982,0.656
"7717",8,41,3,"SGP",11.3660861700324,8.32403180655908,0.9925
"7718",8,41,4,"SGP",9.25446865654073,4.69018361740286,0.981
"7719",8,41,5,"SGP",2.97053391601517,3.21771883027176,0.2415
"7720",8,41,6,"SGP",1.56609759630521,2.85651260555994,0.439
"7721",8,41,7,"SGP",1.40015972934675,2.78689116233477,0.4975
"7722",8,41,8,"SGP",1.28007811396167,2.63876916335987,0.511
"7723",8,41,9,"SGP",2.90604035683327,2.97676491956801,0.188
"7724",8,41,10,"SGP",15.518717064397,7.62498164134795,0.0035
"7725",8,41,11,"SGP",19.3702367774015,6.9241949146663,0.003
"7726",8,41,12,"SGP",1.79193947258431,2.96742113281972,0.558
"7727",8,41,13,"SGP",1.70452465135063,2.86056016974612,0.42
"7728",8,41,14,"SGP",7.25222772250426,3.88507087984217,0.932
"7729",8,41,15,"SGP",14.1139182009002,6.22818223937491,0.006
"7730",8,41,16,"SGP",2.36250204920141,3.07980885205337,0.6465
"7731",8,41,17,"SGP",4.63474042470641,3.33406550056111,0.8215
"7732",8,41,18,"SGP",2.61913123570704,3.08831546947048,0.3215
"7733",8,41,19,"SGP",1.68840229747067,2.98854760405887,0.4965
"7734",8,41,20,"SGP",1.96193202212028,2.98216822255524,0.557
"7735",8,41,21,"SGP",6.10730351399328,3.83699797156226,0.903
"7736",8,41,22,"SGP",5.18339943272038,3.51928096681491,0.1145
"7737",8,41,23,"SGP",1.83946840591824,2.9504617267551,0.54
"7738",8,41,24,"SGP",2.06743479584466,3.01188851033142,0.3515
"7739",8,41,25,"SGP",3.97023038299186,3.30664691512147,0.8125
"7740",8,41,26,"SGP",3.06073226678652,3.07262511147825,0.23
"7741",8,41,27,"SGP",1.79802145914286,2.93929951576539,0.385
"7742",8,41,28,"SGP",3.2410150927234,3.23991692500879,0.8005
"7743",8,41,29,"SGP",4.23503472726431,3.42235069884943,0.156
"7744",8,41,30,"SGP",2.38573819455806,2.99077332134058,0.687
"7745",8,41,31,"SGP",1.91685401006755,2.99149538734146,0.373
"7746",8,41,32,"SGP",1.77702190056176,2.9667668774169,0.5785
"7747",8,41,33,"SGP",1.66278185901701,2.81959142395687,0.56
"7748",8,41,34,"SGP",3.01233988393539,3.12432963529317,0.212
"7749",8,41,35,"SGP",2.12335196732048,3.00345465404838,0.718
"7750",8,41,36,"SGP",1.51597078626301,2.80027793881922,0.417
"7751",8,41,37,"SGP",0.90579104097845,1.80234701225832,0.531
"7752",8,41,38,"SGP",0.674639685067444,2.15162483893432,0.6485
"7753",8,41,1,"SGP50",2.75652098081482,3.30920184631334,0.5775
"7754",8,41,2,"SGP50",1.99375217875588,2.92457142337188,0.5225
"7755",8,41,3,"SGP50",9.86396863468048,4.82022701284693,0.923
"7756",8,41,4,"SGP50",11.2663205657622,4.65516328389202,0.947
"7757",8,41,5,"SGP50",4.93291803702124,3.67748691788169,0.623
"7758",8,41,6,"SGP50",4.21045358855575,3.5317566005393,0.626
"7759",8,41,7,"SGP50",3.91962464630986,3.40360332219912,0.6535
"7760",8,41,8,"SGP50",3.90654491506851,3.33217993189482,0.65
"7761",8,41,9,"SGP50",3.06065433747859,3.36323663216955,0.478
"7762",8,41,10,"SGP50",9.4255162907958,4.6031696873182,0.162
"7763",8,41,11,"SGP50",11.7034580395833,4.72965476521933,0.142
"7764",8,41,12,"SGP50",2.8852727395903,3.37681074556228,0.476
"7765",8,41,13,"SGP50",2.62724831189117,3.17824333254513,0.4225
"7766",8,41,14,"SGP50",6.10950196169957,3.83257206789248,0.8135
"7767",8,41,15,"SGP50",9.09459019245852,4.40586904336783,0.139
"7768",8,41,16,"SGP50",2.65205044989188,3.29939523103987,0.461
"7769",8,41,17,"SGP50",2.95685138896842,3.35447136264902,0.65
"7770",8,41,18,"SGP50",2.79041074513479,3.18124496541235,0.311
"7771",8,41,19,"SGP50",2.38593255895349,3.09584693152654,0.343
"7772",8,41,20,"SGP50",2.6139796093518,3.25630302340812,0.36
"7773",8,41,21,"SGP50",3.26522694368279,3.27384187425306,0.7295
"7774",8,41,22,"SGP50",3.28577042503757,3.12857934895476,0.232
"7775",8,41,23,"SGP50",1.61932390135855,2.80362974740549,0.4645
"7776",8,41,24,"SGP50",2.29424584553526,2.98940305685231,0.29
"7777",8,41,25,"SGP50",2.39405549509608,2.81223873614731,0.7185
"7778",8,41,26,"SGP50",1.77309535565051,2.8167210700577,0.419
"7779",8,41,27,"SGP50",1.40817822655509,2.65862861944548,0.4355
"7780",8,41,28,"SGP50",2.97050387360486,3.15590255508073,0.81
"7781",8,41,29,"SGP50",2.0550249787285,2.87428391261521,0.3625
"7782",8,41,30,"SGP50",1.67548240554491,2.61691431152669,0.6435
"7783",8,41,31,"SGP50",1.45181622695866,2.64379311804128,0.409
"7784",8,41,32,"SGP50",1.4434941881548,2.72138201119873,0.4735
"7785",8,41,33,"SGP50",1.33499550747669,2.56653218407145,0.482
"7786",8,41,34,"SGP50",2.93670074770515,3.45974723833564,0.221
"7787",8,41,35,"SGP50",1.88847267502902,3.34157005301406,0.44
"7788",8,41,36,"SGP50",2.58621293330712,3.05941252157637,0.291
"7789",8,41,37,"SGP50",2.23141817968199,2.27961134223159,0.2865
"7790",8,41,38,"SGP50",1.45613609528119,2.07092140891691,0.3405
"7791",8,42,1,"BMA",3.94729091482166,3.7941437671111,0.8235
"7792",8,42,2,"BMA",12.0127833016337,4.85936566185672,0.9265
"7793",8,42,3,"BMA",3.47616932085531,3.58627300214946,0.6535
"7794",8,42,4,"BMA",6.81374973284879,3.9999029926321,0.814
"7795",8,42,5,"BMA",8.08256260408118,4.15818192699081,0.839
"7796",8,42,6,"BMA",25.812716733713,6.16931963282926,0.9825
"7797",8,42,7,"BMA",16.2744630277894,4.63759808557547,0.8725
"7798",8,42,8,"BMA",5.14800506437008,3.95853232296154,0.3885
"7799",8,42,9,"BMA",5.39554026886738,4.00405331130725,0.6825
"7800",8,42,10,"BMA",4.67199014426931,3.76899894183855,0.5915
"7801",8,42,11,"BMA",6.78989686733594,3.95759992090653,0.6835
"7802",8,42,12,"BMA",6.00201626601137,3.98102015354179,0.4095
"7803",8,42,13,"BMA",5.19886301541388,3.89267824103571,0.541
"7804",8,42,14,"BMA",10.5781716013517,4.23076393476194,0.1765
"7805",8,42,15,"BMA",4.10929183819923,3.724786263776,0.636
"7806",8,42,16,"BMA",9.25644549594017,4.18775078328422,0.908
"7807",8,42,17,"BMA",2.39172181735209,3.26028056943141,0.6105
"7808",8,42,18,"BMA",2.00530726865861,3.03424110407248,0.4565
"7809",8,42,19,"BMA",1.69046029277986,2.93645525315991,0.519
"7810",8,42,20,"BMA",2.06719583262173,3.00024924822969,0.6805
"7811",8,42,21,"BMA",2.18109914170638,2.80931625001548,0.7265
"7812",8,42,22,"BMA",1.18722431822966,2.57898081684647,0.624
"7813",8,42,23,"BMA",1.12279011498157,2.4399344866155,0.6205
"7814",8,42,24,"BMA",0.961480089464816,2.35864848454564,0.4065
"7815",8,42,25,"BMA",1.2131025705412,2.27802605323822,0.287
"7816",8,42,26,"BMA",1.48408020328166,2.37756557086372,0.2155
"7817",8,42,27,"BMA",1.08371211263143,2.1630638001886,0.2865
"7818",8,42,28,"BMA",2.27107944393814,2.66842465418989,0.095
"7819",8,42,29,"BMA",5.1314630464115,4.9973685162811,0.003
"7820",8,42,30,"BMA",1.96927642876662,2.60334290940297,0.0995
"7821",8,42,31,"BMA",3.17668037391929,3.47060562704828,0.0255
"7822",8,42,32,"BMA",2.75488882599886,3.00326694119964,0.0445
"7823",8,42,33,"BMA",2.51073908281835,2.9109204629405,0.0525
"7824",8,42,34,"BMA",4.25510514358227,4.76289591065686,0.0055
"7825",8,42,35,"BMA",2.46296751743418,2.9074029439261,0.073
"7826",8,42,36,"BMA",1.10673775700801,2.1403155569643,0.2235
"7827",8,42,37,"BMA",0.649022309870412,1.89705914141619,0.4325
"7828",8,42,38,"BMA",0.564668635486315,1.65794540618156,0.439
"7829",8,42,1,"AVS",3.94729091482166,3.88741806006698,0.821
"7830",8,42,2,"AVS",9.26143172649593,4.32133202642324,0.887
"7831",8,42,3,"AVS",3.45026474527463,3.53855744140528,0.654
"7832",8,42,4,"AVS",6.96796709859808,4.06864803015012,0.812
"7833",8,42,5,"AVS",8.56506895829952,4.14419617491816,0.8585
"7834",8,42,6,"AVS",27.2712215765946,6.37946679281898,0.987
"7835",8,42,7,"AVS",6.0810553370611,3.89706147030725,0.706
"7836",8,42,8,"AVS",5.35853253466888,3.82666893478982,0.3175
"7837",8,42,9,"AVS",5.07671362828743,3.96633770340471,0.6555
"7838",8,42,10,"AVS",4.62397586818596,3.78429449527576,0.6235
"7839",8,42,11,"AVS",6.78296830997371,3.92911742076778,0.673
"7840",8,42,12,"AVS",6.00275612577184,4.04634216525614,0.412
"7841",8,42,13,"AVS",5.20987575999971,3.90586134238376,0.514
"7842",8,42,14,"AVS",10.5518812,4.30751346099055,0.1825
"7843",8,42,15,"AVS",4.1149748,3.69231264821921,0.648
"7844",8,42,16,"AVS",9.281452,4.19985032949637,0.885
"7845",8,42,17,"AVS",2.39202492000003,3.22058955886902,0.61
"7846",8,42,18,"AVS",2.00165884,3.11350743486488,0.484
"7847",8,42,19,"AVS",1.68951076,2.91964197669517,0.5285
"7848",8,42,20,"AVS",2.06757584,3.01099555194245,0.6705
"7849",8,42,21,"AVS",2.18142408,2.83001555817017,0.746
"7850",8,42,22,"AVS",1.18721352,2.50970739732097,0.613
"7851",8,42,23,"AVS",1.12278028,2.32984947315727,0.603
"7852",8,42,24,"AVS",0.96144272,2.35843690674031,0.412
"7853",8,42,25,"AVS",1.21308768,2.35048869775307,0.2945
"7854",8,42,26,"AVS",1.48407664,2.33562948598831,0.209
"7855",8,42,27,"AVS",1.08371136,2.16625413064123,0.264
"7856",8,42,28,"AVS",2.27109116,2.75274048165137,0.0855
"7857",8,42,29,"AVS",5.13151268,5.19590045103759,0.002
"7858",8,42,30,"AVS",1.96952508,2.55501805277842,0.0995
"7859",8,42,31,"AVS",3.17734524,3.56087412014679,0.0325
"7860",8,42,32,"AVS",2.757640252,3.15071438547981,0.038
"7861",8,42,33,"AVS",2.518553412,2.9520386143124,0.05
"7862",8,42,34,"AVS",4.289044736,4.89962040665949,0.004
"7863",8,42,35,"AVS",2.87327685199998,3.20688377137559,0.026
"7864",8,42,36,"AVS",1.84198875999993,2.42089631504133,0.0765
"7865",8,42,37,"AVS",1.35892213599994,2.20406007791465,0.1245
"7866",8,42,38,"AVS",1.54105519599989,2.25229223434973,0.0805
"7867",8,42,1,"EQW",3.94729091482166,3.8140123256884,0.8315
"7868",8,42,2,"EQW",14.1944790583337,5.44691598839084,0.958
"7869",8,42,3,"EQW",2.90166375005458,3.29609729379786,0.616
"7870",8,42,4,"EQW",6.80053892658422,4.13519979928886,0.8355
"7871",8,42,5,"EQW",4.44790510104832,3.59038464253389,0.7385
"7872",8,42,6,"EQW",21.2183866808131,5.87916571629699,0.981
"7873",8,42,7,"EQW",9.52754272760195,4.37410896689494,0.722
"7874",8,42,8,"EQW",6.10374744086548,4.20559292427821,0.5405
"7875",8,42,9,"EQW",10.3762258076753,4.28602874383269,0.833
"7876",8,42,10,"EQW",5.3239057874138,3.88653464558518,0.6005
"7877",8,42,11,"EQW",4.83054799030548,3.78478624812336,0.6115
"7878",8,42,12,"EQW",9.23408628762595,4.30529732937585,0.2025
"7879",8,42,13,"EQW",5.4990221921083,3.96789833939367,0.2965
"7880",8,42,14,"EQW",14.8236797655902,4.81525286293092,0.0715
"7881",8,42,15,"EQW",4.68669629751375,3.81166486512825,0.385
"7882",8,42,16,"EQW",3.77958123082587,3.75356936881308,0.513
"7883",8,42,17,"EQW",6.56310228748374,3.79344632213228,0.232
"7884",8,42,18,"EQW",5.17753411725645,3.67268270632509,0.2615
"7885",8,42,19,"EQW",3.65778920258539,3.50299133573562,0.3895
"7886",8,42,20,"EQW",3.03872789393129,3.40967579650819,0.4555
"7887",8,42,21,"EQW",2.58921505967795,3.32067594059338,0.46
"7888",8,42,22,"EQW",2.60335848691716,3.08831488320993,0.4135
"7889",8,42,23,"EQW",2.14614572716467,3.07814565121835,0.47
"7890",8,42,24,"EQW",2.25675254134849,2.98687596957275,0.364
"7891",8,42,25,"EQW",2.20895533622272,2.90104925681674,0.3215
"7892",8,42,26,"EQW",2.11711420251996,2.87931973635062,0.3245
"7893",8,42,27,"EQW",1.69996548977953,2.78688889045358,0.394
"7894",8,42,28,"EQW",2.29579216490532,2.98829143310978,0.2755
"7895",8,42,29,"EQW",3.368004387495,3.28527591197754,0.1815
"7896",8,42,30,"EQW",1.52208162719738,2.77696158868051,0.4155
"7897",8,42,31,"EQW",2.59130511622487,3.05035532328987,0.2355
"7898",8,42,32,"EQW",1.6455258880801,2.7116630612971,0.3645
"7899",8,42,33,"EQW",1.53281212892213,2.73856028932966,0.401
"7900",8,42,34,"EQW",2.12796943896026,2.89207211019419,0.2595
"7901",8,42,35,"EQW",1.38241292067468,2.68963724552572,0.3795
"7902",8,42,36,"EQW",1.1652999315601,2.44141487306154,0.403
"7903",8,42,37,"EQW",1.07666193077256,2.37337425093114,0.458
"7904",8,42,38,"EQW",1.11018721400338,2.27854793074428,0.3975
"7905",8,42,1,"SGP",3.94729091482166,3.8930572967362,0.8285
"7906",8,42,2,"SGP",16.3695875284809,6.96198153390469,0.993
"7907",8,42,3,"SGP",2.4601861789613,3.25195283791453,0.633
"7908",8,42,4,"SGP",9.32265524847892,4.32244429535852,0.939
"7909",8,42,5,"SGP",5.20644729891937,3.5607368713863,0.832
"7910",8,42,6,"SGP",21.8135978301793,8.40769278036625,0.9985
"7911",8,42,7,"SGP",5.02624556721446,3.72641801019226,0.266
"7912",8,42,8,"SGP",10.7733205347678,4.50712939987236,0.069
"7913",8,42,9,"SGP",6.03567427583157,3.82779596928141,0.8225
"7914",8,42,10,"SGP",4.93394321858095,3.47904098710035,0.2
"7915",8,42,11,"SGP",4.03619777520397,3.39911930455293,0.2575
"7916",8,42,12,"SGP",21.4167855890012,6.580743104092,0.009
"7917",8,42,13,"SGP",9.93245033700559,4.16595982493789,0.0785
"7918",8,42,14,"SGP",15.3092781028504,5.31204180759187,0.028
"7919",8,42,15,"SGP",3.21686308182463,3.41316919301781,0.6095
"7920",8,42,16,"SGP",2.78558556912976,3.44120549342794,0.547
"7921",8,42,17,"SGP",9.75545633403023,4.2707823184237,0.0815
"7922",8,42,18,"SGP",3.6654801463441,3.39018662806577,0.291
"7923",8,42,19,"SGP",3.59212294777076,3.44915253846124,0.6965
"7924",8,42,20,"SGP",3.7831631176731,3.50720523651541,0.7105
"7925",8,42,21,"SGP",2.5608080139839,3.31117056712554,0.6375
"7926",8,42,22,"SGP",2.29187294232866,3.24036564543108,0.51
"7927",8,42,23,"SGP",2.45508389795331,3.27237553733489,0.603
"7928",8,42,24,"SGP",2.22872064388118,3.22317262129906,0.5195
"7929",8,42,25,"SGP",2.32927831925862,3.12565821428414,0.348
"7930",8,42,26,"SGP",2.19333131931154,3.12281622958538,0.389
"7931",8,42,27,"SGP",1.95632061247831,3.07298580012548,0.395
"7932",8,42,28,"SGP",3.2906856297178,3.31286815129002,0.2575
"7933",8,42,29,"SGP",3.79300977403283,3.29306435451755,0.225
"7934",8,42,30,"SGP",1.83495286715357,2.9965078425182,0.564
"7935",8,42,31,"SGP",4.85443388298353,3.55180278780197,0.163
"7936",8,42,32,"SGP",1.92324981084053,3.07254807017619,0.498
"7937",8,42,33,"SGP",1.80973125765684,3.09014400349514,0.534
"7938",8,42,34,"SGP",2.03266895342642,3.11343997756392,0.3675
"7939",8,42,35,"SGP",1.58223207236548,3.04757358281656,0.602
"7940",8,42,36,"SGP",1.48984145966439,3.0076448364394,0.561
"7941",8,42,37,"SGP",1.44632753346156,2.92731166802547,0.495
"7942",8,42,38,"SGP",1.50506640201696,2.82151847193698,0.4515
"7943",8,42,1,"SGP50",3.94729091482166,3.72176973417616,0.8105
"7944",8,42,2,"SGP50",14.3364630359378,5.37153721413578,0.967
"7945",8,42,3,"SGP50",2.87741830638234,3.32258283843674,0.6055
"7946",8,42,4,"SGP50",6.98838472648734,4.19606836273499,0.8405
"7947",8,42,5,"SGP50",4.46882782452627,3.57723295295021,0.73
"7948",8,42,6,"SGP50",21.5043336967721,6.18316003421911,0.983
"7949",8,42,7,"SGP50",8.70029480383459,4.32189896237719,0.704
"7950",8,42,8,"SGP50",5.74576242833774,4.17893052925893,0.4665
"7951",8,42,9,"SGP50",9.48926326512079,4.25905146890455,0.836
"7952",8,42,10,"SGP50",4.50407548072917,3.88255032807276,0.5695
"7953",8,42,11,"SGP50",4.11947235966288,3.7827519420124,0.5565
"7954",8,42,12,"SGP50",11.0364429965421,4.5244166259245,0.162
"7955",8,42,13,"SGP50",6.00673062147242,3.99382403049355,0.2595
"7956",8,42,14,"SGP50",15.182362873632,4.85652860636151,0.056
"7957",8,42,15,"SGP50",4.08633341582903,3.74096620496097,0.423
"7958",8,42,16,"SGP50",3.43035781876696,3.58164375682358,0.523
"7959",8,42,17,"SGP50",7.81718768954244,3.97956999673837,0.1875
"7960",8,42,18,"SGP50",4.86298395774166,3.55837587225305,0.253
"7961",8,42,19,"SGP50",3.1625940195153,3.53497019518252,0.5015
"7962",8,42,20,"SGP50",2.96742257207676,3.44610785634502,0.554
"7963",8,42,21,"SGP50",2.47459899435474,3.31035887070645,0.5405
"7964",8,42,22,"SGP50",2.42083194561417,3.1362583248885,0.444
"7965",8,42,23,"SGP50",2.11464147639061,3.08625530973741,0.5235
"7966",8,42,24,"SGP50",2.07837637702515,2.99782222661382,0.436
"7967",8,42,25,"SGP50",2.14353431106403,2.93659301835262,0.318
"7968",8,42,26,"SGP50",2.06856021699883,2.89730256407442,0.327
"7969",8,42,27,"SGP50",1.70004904106921,2.79404730316233,0.401
"7970",8,42,28,"SGP50",2.52361586893569,2.98774871337596,0.259
"7971",8,42,29,"SGP50",3.65550317871574,3.42991551551569,0.1775
"7972",8,42,30,"SGP50",1.52863679168831,2.78257370528342,0.4235
"7973",8,42,31,"SGP50",3.08517275764323,3.18474439765576,0.17
"7974",8,42,32,"SGP50",1.73923035930831,2.75451707737946,0.3335
"7975",8,42,33,"SGP50",1.59884418801851,2.73240729769162,0.349
"7976",8,42,34,"SGP50",2.3621389511114,3.05510952488685,0.223
"7977",8,42,35,"SGP50",1.48776324131712,2.79662671607476,0.3425
"7978",8,42,36,"SGP50",1.20695735095516,2.49324145993984,0.3665
"7979",8,42,37,"SGP50",1.08782851191556,2.31382804374934,0.385
"7980",8,42,38,"SGP50",1.14681596360082,2.32572409230543,0.351
"7981",8,43,1,"BMA",0.687458821655756,2.00087027551144,0.511
"7982",8,43,2,"BMA",3.41323130873702,3.75394253203634,0.9365
"7983",8,43,3,"BMA",3.04247228614553,3.23781244320517,0.849
"7984",8,43,4,"BMA",2.5024107541235,2.9194689734841,0.182
"7985",8,43,5,"BMA",1.21712919135649,2.58572559282706,0.5455
"7986",8,43,6,"BMA",2.98619584872162,2.94920317878396,0.139
"7987",8,43,7,"BMA",2.89776535384841,2.92574463134911,0.1245
"7988",8,43,8,"BMA",1.06517456172354,2.25225543212766,0.396
"7989",8,43,9,"BMA",0.96908693072018,2.29292659529753,0.608
"7990",8,43,10,"BMA",5.40655824080572,4.07393120450363,0.965
"7991",8,43,11,"BMA",3.0909177126802,3.09869168776615,0.817
"7992",8,43,12,"BMA",4.41676469996423,3.61494116644393,0.941
"7993",8,43,13,"BMA",6.19570121905052,4.08158898380355,0.063
"7994",8,43,14,"BMA",5.11155107837377,3.57486083183747,0.0605
"7995",8,43,15,"BMA",1.03208900835775,2.40064388399674,0.512
"7996",8,43,16,"BMA",1.11626577779321,2.38401483814457,0.6385
"7997",8,43,17,"BMA",1.09099962219946,2.32041960872432,0.6415
"7998",8,43,18,"BMA",3.60531963305407,3.35609962550189,0.9035
"7999",8,43,19,"BMA",3.0118648086292,3.07550416799035,0.8435
"8000",8,43,20,"BMA",1.23202130374579,2.65241006546016,0.5625
"8001",8,43,21,"BMA",1.65362367321572,2.60165092099673,0.2725
"8002",8,43,22,"BMA",1.18512662264328,2.41495032549908,0.6365
"8003",8,43,23,"BMA",0.958755702904059,2.37182666083397,0.5665
"8004",8,43,24,"BMA",0.932708332115471,2.29166808901195,0.496
"8005",8,43,25,"BMA",0.892587148941548,2.29937816480285,0.5245
"8006",8,43,26,"BMA",0.906991422949047,2.31749033084761,0.433
"8007",8,43,27,"BMA",1.73396248974605,2.47901490953174,0.7865
"8008",8,43,28,"BMA",3.38460835058708,3.22953502584044,0.9145
"8009",8,43,29,"BMA",2.96092713466428,2.90816816882766,0.8685
"8010",8,43,30,"BMA",1.63698168704492,2.60011706591435,0.257
"8011",8,43,31,"BMA",1.30448975180251,2.45905377267732,0.7255
"8012",8,43,32,"BMA",2.47600415793264,2.68766942212518,0.1225
"8013",8,43,33,"BMA",1.27976938776099,2.38825675175155,0.7045
"8014",8,43,34,"BMA",0.98226744237639,2.29384913289111,0.615
"8015",8,43,35,"BMA",0.786645890032639,2.12838701677297,0.517
"8016",8,43,36,"BMA",1.2431347885366,2.28049244525956,0.6985
"8017",8,43,37,"BMA",3.18214089841267,3.13644875317982,0.083
"8018",8,43,38,"BMA",0.904112382120938,2.16157707296742,0.6305
"8019",8,43,1,"AVS",0.687458821655756,1.99008178196137,0.5265
"8020",8,43,2,"AVS",3.4556846829673,3.97130826309275,0.939
"8021",8,43,3,"AVS",2.78431505886826,3.11233374121137,0.829
"8022",8,43,4,"AVS",2.83839765765294,2.95076104698258,0.141
"8023",8,43,5,"AVS",1.21708818884323,2.49695920345991,0.499
"8024",8,43,6,"AVS",3.39484247139477,3.12965456070711,0.11
"8025",8,43,7,"AVS",2.84848393859607,2.95503110218484,0.1225
"8026",8,43,8,"AVS",0.864110961530163,2.2068353220918,0.466
"8027",8,43,9,"AVS",1.02936875367766,2.23791103842581,0.66
"8028",8,43,10,"AVS",5.35524228382431,4.40302320442968,0.975
"8029",8,43,11,"AVS",2.17681228401804,2.76065320328115,0.7675
"8030",8,43,12,"AVS",3.53353008929139,3.23415516416392,0.9345
"8031",8,43,13,"AVS",8.04379029435455,6.88789087201049,5e-04
"8032",8,43,14,"AVS",4.28436918556319,3.39405077668532,0.0575
"8033",8,43,15,"AVS",1.48059105188616,2.51815961817544,0.715
"8034",8,43,16,"AVS",1.11451345183091,2.37427953027072,0.628
"8035",8,43,17,"AVS",0.958905423892697,2.38538947172649,0.5495
"8036",8,43,18,"AVS",2.8464342443458,3.00445416778706,0.876
"8037",8,43,19,"AVS",1.20783164854858,2.39211471579118,0.6375
"8038",8,43,20,"AVS",1.27017773201654,2.3560281311749,0.3085
"8039",8,43,21,"AVS",2.38219078349765,2.7773209530322,0.158
"8040",8,43,22,"AVS",1.2717563922778,2.43004621059352,0.6885
"8041",8,43,23,"AVS",0.897647979186123,2.28445531155611,0.51
"8042",8,43,24,"AVS",0.916790420930082,2.2699836904611,0.4185
"8043",8,43,25,"AVS",0.883930641007427,2.26273786966764,0.4915
"8044",8,43,26,"AVS",0.936694107646209,2.20457119461802,0.4055
"8045",8,43,27,"AVS",1.76467197546985,2.63366477979926,0.8105
"8046",8,43,28,"AVS",2.60012170528646,2.86457762022297,0.8785
"8047",8,43,29,"AVS",1.98003643963817,2.63873889358869,0.802
"8048",8,43,30,"AVS",1.80419154764384,2.56021320807829,0.196
"8049",8,43,31,"AVS",1.23149857220449,2.2985517123275,0.706
"8050",8,43,32,"AVS",2.51814506031273,2.733524749802,0.1265
"8051",8,43,33,"AVS",1.268151441371,2.34039140806767,0.699
"8052",8,43,34,"AVS",0.972669588502707,2.20711923160637,0.612
"8053",8,43,35,"AVS",0.787372938048586,2.10152866439886,0.4935
"8054",8,43,36,"AVS",1.24294505695784,2.34891755379346,0.688
"8055",8,43,37,"AVS",3.17618838507479,3.11081165911917,0.075
"8056",8,43,38,"AVS",0.906772050772237,2.22916074352216,0.6335
"8057",8,43,1,"EQW",0.687458821655756,1.99001950991,0.49
"8058",8,43,2,"EQW",3.0850285572115,3.52862023574144,0.8985
"8059",8,43,3,"EQW",3.33429607956434,3.24443023933624,0.89
"8060",8,43,4,"EQW",1.59827206559668,2.67295433314845,0.3425
"8061",8,43,5,"EQW",1.57598421923713,2.65088265091326,0.716
"8062",8,43,6,"EQW",2.51180077821744,2.82234314845345,0.1295
"8063",8,43,7,"EQW",2.00233830396653,2.53932222177325,0.1935
"8064",8,43,8,"EQW",0.979991870022836,2.28213180194356,0.3965
"8065",8,43,9,"EQW",0.980736856360458,2.31850802073872,0.669
"8066",8,43,10,"EQW",5.5706739579078,4.56868659017572,0.9755
"8067",8,43,11,"EQW",2.66412394995871,2.88093303082197,0.831
"8068",8,43,12,"EQW",4.47435465525427,3.6072935997547,0.9245
"8069",8,43,13,"EQW",5.01663093316755,3.54423586122913,0.1065
"8070",8,43,14,"EQW",4.64942423785365,3.56742219034067,0.051
"8071",8,43,15,"EQW",1.11111251644991,2.48106220170252,0.571
"8072",8,43,16,"EQW",1.05130458665562,2.43319983698775,0.596
"8073",8,43,17,"EQW",0.986288712529231,2.36694169047138,0.5685
"8074",8,43,18,"EQW",3.00259779904004,3.13285644453714,0.8915
"8075",8,43,19,"EQW",2.20322086173125,2.79293678487266,0.7985
"8076",8,43,20,"EQW",1.15983388612069,2.44625182717542,0.581
"8077",8,43,21,"EQW",1.56527679573276,2.59061213408167,0.2585
"8078",8,43,22,"EQW",1.18878489250673,2.4561767978021,0.646
"8079",8,43,23,"EQW",0.949187727391919,2.37832541087816,0.5735
"8080",8,43,24,"EQW",0.908968362156737,2.32209944246759,0.4875
"8081",8,43,25,"EQW",0.895110747723293,2.28693432727766,0.5435
"8082",8,43,26,"EQW",0.88671301883335,2.32377478631584,0.447
"8083",8,43,27,"EQW",1.82849159841524,2.64091367337174,0.815
"8084",8,43,28,"EQW",3.7425939950614,3.32416135448083,0.936
"8085",8,43,29,"EQW",4.19876639111832,3.32384317910952,0.928
"8086",8,43,30,"EQW",1.57028305073732,2.87357029135075,0.5275
"8087",8,43,31,"EQW",2.50856820337813,2.80504590064672,0.8185
"8088",8,43,32,"EQW",1.37450492815899,2.7751064234814,0.4055
"8089",8,43,33,"EQW",1.74941127159839,2.55804998612688,0.7475
"8090",8,43,34,"EQW",1.6685757857388,2.55566889609097,0.7375
"8091",8,43,35,"EQW",1.29175187292441,2.49958870595796,0.6635
"8092",8,43,36,"EQW",2.1976560136008,2.66799445275322,0.8095
"8093",8,43,37,"EQW",1.76476898702136,2.72424911334655,0.287
"8094",8,43,38,"EQW",1.03169107001058,2.37451642031689,0.627
"8095",8,43,1,"SGP",0.687458821655756,1.91036902216663,0.5175
"8096",8,43,2,"SGP",3.53716206667912,3.98128811725499,0.954
"8097",8,43,3,"SGP",3.59400060447897,3.27605350791309,0.9165
"8098",8,43,4,"SGP",2.16162964549828,2.96843232072242,0.218
"8099",8,43,5,"SGP",1.90571398342861,2.65168934241191,0.832
"8100",8,43,6,"SGP",2.45267054019219,2.82213342288166,0.1025
"8101",8,43,7,"SGP",1.35697033260704,2.31631728482673,0.2345
"8102",8,43,8,"SGP",0.831911241907067,2.17456950174456,0.558
"8103",8,43,9,"SGP",1.15581804031976,2.25688750817253,0.739
"8104",8,43,10,"SGP",5.46264200737527,4.6392618688757,0.987
"8105",8,43,11,"SGP",1.28800741290751,2.35419998370829,0.6765
"8106",8,43,12,"SGP",3.51979152194353,3.28714787802681,0.9375
"8107",8,43,13,"SGP",7.80699334966997,5.5601180959203,0.0115
"8108",8,43,14,"SGP",4.06737844294588,3.34447978290358,0.064
"8109",8,43,15,"SGP",1.64713196092153,2.58741851836822,0.746
"8110",8,43,16,"SGP",1.09701795375829,2.35182694921759,0.587
"8111",8,43,17,"SGP",0.927674969608371,2.34117451986718,0.5
"8112",8,43,18,"SGP",2.45707674674029,2.87595561637769,0.8535
"8113",8,43,19,"SGP",1.2153527455466,2.38939553781451,0.654
"8114",8,43,20,"SGP",1.06476391483089,2.2535814090775,0.386
"8115",8,43,21,"SGP",2.04917068267761,2.69853425644113,0.1945
"8116",8,43,22,"SGP",1.20031791172192,2.31227970452157,0.664
"8117",8,43,23,"SGP",0.857381560270174,2.22114128031277,0.5255
"8118",8,43,24,"SGP",0.85158074419447,2.14528074373842,0.429
"8119",8,43,25,"SGP",0.810587513195415,2.16102942475628,0.4975
"8120",8,43,26,"SGP",0.900221405178844,2.23914095270298,0.3955
"8121",8,43,27,"SGP",1.62844622772858,2.44434208749031,0.8035
"8122",8,43,28,"SGP",3.17668774181029,3.2866426126178,0.9375
"8123",8,43,29,"SGP",2.97641950813457,2.96540183958531,0.9225
"8124",8,43,30,"SGP",1.73427702393567,2.57829230242639,0.216
"8125",8,43,31,"SGP",1.31862065105193,2.40756041595703,0.711
"8126",8,43,32,"SGP",2.43419792305081,2.89204974002321,0.1325
"8127",8,43,33,"SGP",1.29432916437349,2.32616869466748,0.718
"8128",8,43,34,"SGP",0.9643655611821,2.25292104639045,0.6255
"8129",8,43,35,"SGP",0.772510282115721,2.20203319290629,0.5095
"8130",8,43,36,"SGP",1.28883430520243,2.34490011713863,0.7275
"8131",8,43,37,"SGP",3.2622843114838,3.18831409437631,0.077
"8132",8,43,38,"SGP",0.903418144572754,2.19092421875088,0.6285
"8133",8,43,1,"SGP50",0.687458821655756,1.99086781773067,0.5145
"8134",8,43,2,"SGP50",3.10228843594861,3.67799741609085,0.9235
"8135",8,43,3,"SGP50",3.35130895478309,3.36240636987546,0.888
"8136",8,43,4,"SGP50",1.595815791762,2.69030048253194,0.3225
"8137",8,43,5,"SGP50",1.59450311832123,2.72248542199509,0.727
"8138",8,43,6,"SGP50",2.49814133085206,2.78229084790076,0.1455
"8139",8,43,7,"SGP50",1.95305191866814,2.53961737632582,0.178
"8140",8,43,8,"SGP50",0.956620144979087,2.27034305592801,0.3785
"8141",8,43,9,"SGP50",0.986630998443295,2.24662356098099,0.6635
"8142",8,43,10,"SGP50",5.56790287975531,4.48320876626403,0.971
"8143",8,43,11,"SGP50",2.58086154157767,2.86576817746035,0.8185
"8144",8,43,12,"SGP50",4.36813687773377,3.47596704320691,0.929
"8145",8,43,13,"SGP50",5.28214088713614,3.65442594596609,0.0925
"8146",8,43,14,"SGP50",4.57539379755951,3.47414025221796,0.0575
"8147",8,43,15,"SGP50",1.12796315998265,2.48757610330781,0.5965
"8148",8,43,16,"SGP50",1.04847870210201,2.42233379593002,0.602
"8149",8,43,17,"SGP50",0.9770177929403,2.28703072927082,0.5725
"8150",8,43,18,"SGP50",2.95103368401498,2.96517414669563,0.8695
"8151",8,43,19,"SGP50",2.09143482177173,2.85047119553636,0.767
"8152",8,43,20,"SGP50",1.11970085501233,2.51135928981476,0.553
"8153",8,43,21,"SGP50",1.61435073462023,2.59577814337667,0.2665
"8154",8,43,22,"SGP50",1.18915126153456,2.4762040168833,0.663
"8155",8,43,23,"SGP50",0.932874531559818,2.43643870893577,0.588
"8156",8,43,24,"SGP50",0.900366870310023,2.29362396558374,0.493
"8157",8,43,25,"SGP50",0.886160939416266,2.30502365969803,0.5385
"8158",8,43,26,"SGP50",0.887918755285002,2.24292053912865,0.4365
"8159",8,43,27,"SGP50",1.79793674525134,2.56227932538712,0.804
"8160",8,43,28,"SGP50",3.61709355671021,3.42774359057994,0.919
"8161",8,43,29,"SGP50",3.94162152879328,3.29973921518303,0.9195
"8162",8,43,30,"SGP50",1.47933840895123,2.79479032882839,0.5185
"8163",8,43,31,"SGP50",2.29986312529887,2.71341947586978,0.796
"8164",8,43,32,"SGP50",1.45896247320579,2.69653578588706,0.376
"8165",8,43,33,"SGP50",1.67725004109392,2.53463061789751,0.744
"8166",8,43,34,"SGP50",1.54865758304885,2.53061737400079,0.724
"8167",8,43,35,"SGP50",1.18656559677546,2.43594973722458,0.6425
"8168",8,43,36,"SGP50",2.02780278623823,2.61706764735978,0.7795
"8169",8,43,37,"SGP50",1.94563922134428,2.77433384823023,0.2555
"8170",8,43,38,"SGP50",1.01065006919245,2.37208461922505,0.603
"8171",8,44,1,"BMA",5.71238149629821,3.8772838307788,0.7245
"8172",8,44,2,"BMA",8.88341628208344,4.35701537949627,0.8335
"8173",8,44,3,"BMA",14.3191535552415,4.62987365317168,0.8815
"8174",8,44,4,"BMA",6.17211498277645,3.95207005623215,0.6805
"8175",8,44,5,"BMA",3.46633813968346,3.59057892409075,0.526
"8176",8,44,6,"BMA",2.89175728226975,3.36868784891463,0.5485
"8177",8,44,7,"BMA",3.1590086094035,3.38043391585818,0.3235
"8178",8,44,8,"BMA",9.54317583719458,4.97254744577423,0.972
"8179",8,44,9,"BMA",6.35530175887547,3.55709473333737,0.8715
"8180",8,44,10,"BMA",18.226368896289,7.27983296114204,0.03
"8181",8,44,11,"BMA",8.2439964093186,4.00715631979263,0.8175
"8182",8,44,12,"BMA",4.78967300437442,4.09353696296399,0.43
"8183",8,44,13,"BMA",7.41332183940415,4.28165557080647,0.279
"8184",8,44,14,"BMA",6.34241074804183,3.70249873383175,0.5855
"8185",8,44,15,"BMA",3.42847107290291,3.53968110990616,0.3385
"8186",8,44,16,"BMA",10.4746570719668,4.56115804600943,0.0765
"8187",8,44,17,"BMA",12.526730341098,4.79871082595479,0.926
"8188",8,44,18,"BMA",6.64399587129502,4.10559641748822,0.319
"8189",8,44,19,"BMA",11.0711756894826,4.34533429560146,0.898
"8190",8,44,20,"BMA",10.2271546004046,4.29387281147841,0.8365
"8191",8,44,21,"BMA",5.21285904342304,3.8455676465118,0.6625
"8192",8,44,22,"BMA",4.95365358186026,3.6385309410918,0.7185
"8193",8,44,23,"BMA",6.44840955106364,3.81576476005264,0.818
"8194",8,44,24,"BMA",2.92121848094403,3.42185020112328,0.4785
"8195",8,44,25,"BMA",2.78024597724148,3.33838171815619,0.4045
"8196",8,44,26,"BMA",3.39205378008271,3.37434531437175,0.704
"8197",8,44,27,"BMA",4.65133584981336,3.53084063536562,0.2105
"8198",8,44,28,"BMA",2.94946281274879,3.32741074809896,0.652
"8199",8,44,29,"BMA",6.72488311629847,3.7855945755832,0.859
"8200",8,44,30,"BMA",4.21690352366019,3.49015571916658,0.2195
"8201",8,44,31,"BMA",2.59293004586823,3.23837890383221,0.596
"8202",8,44,32,"BMA",2.34671967993719,3.19882238200639,0.5025
"8203",8,44,33,"BMA",2.25868914865577,3.10414998940083,0.525
"8204",8,44,34,"BMA",2.35441303335811,3.23958937938947,0.564
"8205",8,44,35,"BMA",2.15619792019289,3.18508256200459,0.5175
"8206",8,44,36,"BMA",2.7891222796933,3.19440433148897,0.358
"8207",8,44,37,"BMA",2.34737134763569,3.13278257543519,0.5685
"8208",8,44,38,"BMA",4.21505826707641,3.43559379453389,0.8015
"8209",8,44,1,"AVS",5.71238149629821,3.92861129431352,0.7355
"8210",8,44,2,"AVS",8.41615799330414,4.1704593028693,0.8625
"8211",8,44,3,"AVS",9.8210840052248,4.23326007878849,0.7975
"8212",8,44,4,"AVS",5.25543317874525,3.85714271745494,0.6315
"8213",8,44,5,"AVS",4.35973039151694,3.89299617619329,0.5195
"8214",8,44,6,"AVS",4.69171637540036,3.90389722168374,0.575
"8215",8,44,7,"AVS",4.45796521724002,3.87378415377996,0.567
"8216",8,44,8,"AVS",11.7388587420151,4.43700131443457,0.881
"8217",8,44,9,"AVS",5.2923286949423,3.39560898914395,0.8425
"8218",8,44,10,"AVS",19.2711535257318,9.17112804812435,0
"8219",8,44,11,"AVS",2.26437286731507,3.20077447399351,0.559
"8220",8,44,12,"AVS",7.6509420029883,3.96546159288935,0.0845
"8221",8,44,13,"AVS",11.4067758170569,4.53273838736445,0.0355
"8222",8,44,14,"AVS",2.47848552888323,3.20754666715881,0.4065
"8223",8,44,15,"AVS",3.52632978913799,3.35971797234644,0.2625
"8224",8,44,16,"AVS",10.979512784174,4.71788439604389,0.034
"8225",8,44,17,"AVS",13.9659805049907,5.45030782608927,0.985
"8226",8,44,18,"AVS",15.9932441461531,5.37185429479425,0.0185
"8227",8,44,19,"AVS",10.2358794454187,4.3379427709767,0.918
"8228",8,44,20,"AVS",3.34862320409585,3.4395735214549,0.3665
"8229",8,44,21,"AVS",3.85510024980294,3.4532232468448,0.298
"8230",8,44,22,"AVS",2.7882737391555,3.46346805683994,0.578
"8231",8,44,23,"AVS",3.86175932893881,3.50669778713728,0.7065
"8232",8,44,24,"AVS",2.71117692745131,3.25622166562927,0.411
"8233",8,44,25,"AVS",2.79338380344128,3.30222443721382,0.388
"8234",8,44,26,"AVS",3.36358796990906,3.35327469157148,0.7005
"8235",8,44,27,"AVS",4.65659972536492,3.5635516142437,0.218
"8236",8,44,28,"AVS",2.94882268631559,3.27634265269338,0.632
"8237",8,44,29,"AVS",6.72658633794066,3.83313704688295,0.852
"8238",8,44,30,"AVS",4.22330220723126,3.42468167841368,0.234
"8239",8,44,31,"AVS",2.5949880097988,3.32671536712941,0.5815
"8240",8,44,32,"AVS",2.35061812150812,3.25335142239186,0.5045
"8241",8,44,33,"AVS",2.26542655152328,3.20725129001119,0.5185
"8242",8,44,34,"AVS",2.36487747655975,3.24520794778079,0.568
"8243",8,44,35,"AVS",2.16644127863936,3.22599702386166,0.5105
"8244",8,44,36,"AVS",2.77076077208403,3.23597472931812,0.3765
"8245",8,44,37,"AVS",2.36088758607146,3.21423894039842,0.599
"8246",8,44,38,"AVS",4.2975463969271,3.46125559558608,0.8035
"8247",8,44,1,"EQW",5.71238149629821,3.88353631409265,0.728
"8248",8,44,2,"EQW",8.71357695028373,4.37540791473225,0.838
"8249",8,44,3,"EQW",13.2839005645741,4.56062038246897,0.9045
"8250",8,44,4,"EQW",12.7005530155751,4.22072600724224,0.8275
"8251",8,44,5,"EQW",11.1455465841215,4.17599082838892,0.7345
"8252",8,44,6,"EQW",10.7722843728127,4.09082153454248,0.753
"8253",8,44,7,"EQW",8.67616652289306,4.00490679239636,0.6285
"8254",8,44,8,"EQW",16.5546508677461,4.73675013931604,0.9485
"8255",8,44,9,"EQW",20.3371764013876,4.49839384409069,0.9305
"8256",8,44,10,"EQW",10.9810211366557,4.90753085837028,0.651
"8257",8,44,11,"EQW",10.7131731980442,4.21222304951751,0.817
"8258",8,44,12,"EQW",7.49558896840055,4.32512065260711,0.622
"8259",8,44,13,"EQW",5.92631871270754,4.19220784021937,0.4875
"8260",8,44,14,"EQW",4.66635961808237,3.76792989552808,0.556
"8261",8,44,15,"EQW",3.99606803574894,3.68604140522046,0.432
"8262",8,44,16,"EQW",9.9223284856856,4.31920478822947,0.152
"8263",8,44,17,"EQW",6.57583200781756,4.08994199322655,0.7075
"8264",8,44,18,"EQW",7.65016390742501,4.11968847463849,0.2415
"8265",8,44,19,"EQW",5.71837640176085,3.9711807129388,0.689
"8266",8,44,20,"EQW",4.43783618790054,3.8375494999745,0.5655
"8267",8,44,21,"EQW",4.09795575162531,3.67316249169028,0.474
"8268",8,44,22,"EQW",3.80832375211281,3.66332255745307,0.5625
"8269",8,44,23,"EQW",5.03977363020935,3.85584574186032,0.6645
"8270",8,44,24,"EQW",4.64256861087706,3.79755743537186,0.633
"8271",8,44,25,"EQW",4.1681366660177,3.78729338413549,0.5415
"8272",8,44,26,"EQW",5.25909953489641,3.88188899628473,0.704
"8273",8,44,27,"EQW",4.09860546084791,3.71158421905029,0.4285
"8274",8,44,28,"EQW",3.80426738704169,3.63988084283733,0.5745
"8275",8,44,29,"EQW",6.31794811272695,3.83164197277889,0.788
"8276",8,44,30,"EQW",4.10420320637048,3.75401112456261,0.5035
"8277",8,44,31,"EQW",4.24985403044352,3.6235128028771,0.6345
"8278",8,44,32,"EQW",3.89435972710243,3.61059642297132,0.5685
"8279",8,44,33,"EQW",3.64772241963581,3.51488699559146,0.5715
"8280",8,44,34,"EQW",3.6811276433029,3.52121293842418,0.5655
"8281",8,44,35,"EQW",3.55843248004398,3.45518587667707,0.5265
"8282",8,44,36,"EQW",3.79503184913158,3.71925802902213,0.421
"8283",8,44,37,"EQW",3.70653979088349,3.70317717743307,0.45
"8284",8,44,38,"EQW",3.96718671059114,3.66407925177402,0.595
"8285",8,44,1,"SGP",5.71238149629821,3.92621282823361,0.726
"8286",8,44,2,"SGP",9.44154329991437,4.36479912517913,0.877
"8287",8,44,3,"SGP",12.7037142140768,4.64224541645192,0.97
"8288",8,44,4,"SGP",2.85687820873206,3.17697704090419,0.6705
"8289",8,44,5,"SGP",1.83837374635939,3.02213034505065,0.4865
"8290",8,44,6,"SGP",1.77439960887081,2.92214108957347,0.49
"8291",8,44,7,"SGP",3.43908999788685,3.27346155526258,0.1695
"8292",8,44,8,"SGP",9.45727606940364,4.80448292614801,0.9895
"8293",8,44,9,"SGP",3.55784012487437,3.27546930539915,0.8095
"8294",8,44,10,"SGP",19.0324540538151,9.09949643301088,0.0055
"8295",8,44,11,"SGP",2.28114653523485,3.21648839937979,0.564
"8296",8,44,12,"SGP",7.5894732128802,4.01255046537739,0.085
"8297",8,44,13,"SGP",11.3352552550051,4.73919781205192,0.0355
"8298",8,44,14,"SGP",2.480624399474,3.2458700789056,0.402
"8299",8,44,15,"SGP",3.52395671112109,3.3647839795767,0.262
"8300",8,44,16,"SGP",10.9716375710127,4.66113756818056,0.0425
"8301",8,44,17,"SGP",13.919692761933,5.10256871489689,0.9805
"8302",8,44,18,"SGP",15.9398327976291,5.28468826383957,0.018
"8303",8,44,19,"SGP",10.2080875450902,4.37467116364531,0.93
"8304",8,44,20,"SGP",3.3458146312034,3.40302563806105,0.3545
"8305",8,44,21,"SGP",3.8507759012387,3.51762234334282,0.2855
"8306",8,44,22,"SGP",2.79109019343541,3.41439744702381,0.5785
"8307",8,44,23,"SGP",3.8667215856401,3.48695119905156,0.7155
"8308",8,44,24,"SGP",2.71277436622262,3.35945497824236,0.4185
"8309",8,44,25,"SGP",2.79276024398471,3.34804474900021,0.37
"8310",8,44,26,"SGP",3.37017231827137,3.35027898549687,0.6645
"8311",8,44,27,"SGP",4.6461293258979,3.55508060597775,0.2245
"8312",8,44,28,"SGP",2.95043508509048,3.35308425431908,0.66
"8313",8,44,29,"SGP",6.72257471802126,3.78931250424824,0.857
"8314",8,44,30,"SGP",4.21077805449354,3.40331373188171,0.235
"8315",8,44,31,"SGP",2.59874243986069,3.2387802054074,0.599
"8316",8,44,32,"SGP",2.35294711627157,3.25788823043811,0.505
"8317",8,44,33,"SGP",2.26735616096644,3.06146481985151,0.5315
"8318",8,44,34,"SGP",2.3670371466141,3.27686761705212,0.57
"8319",8,44,35,"SGP",2.16894434235307,3.21312034435924,0.5105
"8320",8,44,36,"SGP",2.77291896926721,3.27625156507243,0.376
"8321",8,44,37,"SGP",2.36263863270637,3.16616443808608,0.5865
"8322",8,44,38,"SGP",4.28755150845431,3.5174116056002,0.8005
"8323",8,44,1,"SGP50",5.71238149629821,3.9208262893794,0.737
"8324",8,44,2,"SGP50",8.95831433423773,4.35330783612501,0.8295
"8325",8,44,3,"SGP50",13.761530043444,4.60580850568408,0.907
"8326",8,44,4,"SGP50",12.103916311972,4.15228394515011,0.8245
"8327",8,44,5,"SGP50",8.83528094701033,3.98689842790007,0.706
"8328",8,44,6,"SGP50",6.63963223304995,3.71190968937817,0.6545
"8329",8,44,7,"SGP50",4.59647776245574,3.70602811377463,0.4885
"8330",8,44,8,"SGP50",11.8690892816669,4.69863702502276,0.9545
"8331",8,44,9,"SGP50",9.02824549067662,3.72534611124537,0.88
"8332",8,44,10,"SGP50",10.8092346078638,5.5249425886402,0.295
"8333",8,44,11,"SGP50",4.07908291865038,3.50606524737162,0.659
"8334",8,44,12,"SGP50",5.45201065296278,4.04633169841895,0.2685
"8335",8,44,13,"SGP50",8.2440397923917,4.40393601250697,0.181
"8336",8,44,14,"SGP50",2.76583054534336,3.36216260639941,0.446
"8337",8,44,15,"SGP50",3.46097939403599,3.40330001591894,0.314
"8338",8,44,16,"SGP50",10.586890454514,4.65650292006828,0.069
"8339",8,44,17,"SGP50",11.6435632609397,4.68494144124111,0.905
"8340",8,44,18,"SGP50",13.3081107793176,4.91564322406408,0.0765
"8341",8,44,19,"SGP50",8.81327246969195,4.14981552977439,0.855
"8342",8,44,20,"SGP50",3.30654168913942,3.49763915657782,0.414
"8343",8,44,21,"SGP50",3.68155114080028,3.53290464144699,0.3485
"8344",8,44,22,"SGP50",2.95143419954027,3.47352770911462,0.5695
"8345",8,44,23,"SGP50",4.12662558478393,3.518281765469,0.711
"8346",8,44,24,"SGP50",2.89268287287746,3.46041383056907,0.4855
"8347",8,44,25,"SGP50",2.84163922723698,3.42015449707078,0.4275
"8348",8,44,26,"SGP50",3.73609690102323,3.496037182588,0.7065
"8349",8,44,27,"SGP50",4.17625597685246,3.61357749199806,0.2665
"8350",8,44,28,"SGP50",3.03124901459495,3.37015371189979,0.6215
"8351",8,44,29,"SGP50",6.50026288669447,3.83142372230818,0.846
"8352",8,44,30,"SGP50",3.68359570725201,3.54209236525827,0.314
"8353",8,44,31,"SGP50",2.81200168694822,3.35799129058173,0.583
"8354",8,44,32,"SGP50",2.49768857315303,3.38544780427055,0.5215
"8355",8,44,33,"SGP50",2.38561692484094,3.14652697910657,0.513
"8356",8,44,34,"SGP50",2.48343584601855,3.25605693087731,0.548
"8357",8,44,35,"SGP50",2.30704480375176,3.25977116828513,0.4995
"8358",8,44,36,"SGP50",2.90514040776701,3.35441461799687,0.3645
"8359",8,44,37,"SGP50",2.50410922790227,3.30453519730262,0.526
"8360",8,44,38,"SGP50",3.79796472015272,3.46119287997426,0.7215
"8361",8,45,1,"BMA",2.34972626718786,2.80084402335077,0.508
"8362",8,45,2,"BMA",9.7872810771095,5.52517140498443,0.9625
"8363",8,45,3,"BMA",23.0063756861918,5.68556953156934,0.974
"8364",8,45,4,"BMA",7.42412594775231,4.24894649641061,0.563
"8365",8,45,5,"BMA",8.00693662139538,4.34272843234137,0.3175
"8366",8,45,6,"BMA",11.8895441377021,4.64369870855688,0.203
"8367",8,45,7,"BMA",6.50912132025261,4.19187927459012,0.3905
"8368",8,45,8,"BMA",4.56871757632809,3.78791541720852,0.5465
"8369",8,45,9,"BMA",9.96767935083158,4.08815824617863,0.873
"8370",8,45,10,"BMA",3.24311925542858,3.39421254572084,0.634
"8371",8,45,11,"BMA",2.42755929127677,3.15810538359625,0.5055
"8372",8,45,12,"BMA",3.25014939563584,3.39933875847336,0.351
"8373",8,45,13,"BMA",7.23156646257858,4.05484262105305,0.127
"8374",8,45,14,"BMA",4.17959585425635,3.4505389862619,0.2475
"8375",8,45,15,"BMA",7.88721750156417,3.94485292719767,0.0935
"8376",8,45,16,"BMA",5.14245791733138,3.51661708158155,0.171
"8377",8,45,17,"BMA",5.57503430941308,3.72997466618253,0.119
"8378",8,45,18,"BMA",2.57727898540089,3.07164461595849,0.309
"8379",8,45,19,"BMA",1.95673530800084,2.9114467251316,0.361
"8380",8,45,20,"BMA",2.39766729863146,2.92764914049555,0.246
"8381",8,45,21,"BMA",9.41873152447284,5.15237496611055,0.0075
"8382",8,45,22,"BMA",10.5283001694877,5.64274635978187,0.0045
"8383",8,45,23,"BMA",4.52096071164378,3.52274518954854,0.076
"8384",8,45,24,"BMA",2.80572836674807,2.84445621141652,0.1565
"8385",8,45,25,"BMA",5.11386991658389,3.76282207889693,0.0235
"8386",8,45,26,"BMA",4.24851927002904,3.80729633570441,0.038
"8387",8,45,27,"BMA",1.61885973167325,2.36392560275761,0.194
"8388",8,45,28,"BMA",1.68428739361781,2.32325230895801,0.158
"8389",8,45,29,"BMA",0.552334953326833,1.79096279725858,0.52
"8390",8,45,30,"BMA",0.528782592611667,1.73496123511083,0.521
"8391",8,45,31,"BMA",0.605041115862422,1.81452982386442,0.6375
"8392",8,45,32,"BMA",0.500093868012447,1.49255921177684,0.379
"8393",8,45,33,"BMA",0.619647148361448,1.764956606764,0.7025
"8394",8,45,34,"BMA",0.383525291151128,1.44202425826534,0.5815
"8395",8,45,35,"BMA",0.445414211140734,1.49316351374584,0.6535
"8396",8,45,36,"BMA",0.308745507994403,1.05720138142028,0.46
"8397",8,45,37,"BMA",0.626304562005984,1.80676158448964,0.7815
"8398",8,45,38,"BMA",0.651754310183802,1.79110194322645,0.799
"8399",8,45,1,"AVS",2.34972626718786,2.89260941067447,0.5345
"8400",8,45,2,"AVS",10.4787718853534,10.288580100377,0.9975
"8401",8,45,3,"AVS",22.5169922622707,6.71858482358077,0.9865
"8402",8,45,4,"AVS",5.4728179925787,3.94966899586101,0.324
"8403",8,45,5,"AVS",9.73352571131311,4.19722282656522,0.1665
"8404",8,45,6,"AVS",8.91944561930852,4.2049676114666,0.083
"8405",8,45,7,"AVS",8.61356313124408,4.12071308508206,0.0955
"8406",8,45,8,"AVS",7.476284833613,3.88555653075947,0.1385
"8407",8,45,9,"AVS",3.3636460776947,3.42747416340215,0.655
"8408",8,45,10,"AVS",8.51113100469657,3.96461983183017,0.113
"8409",8,45,11,"AVS",4.5352402800728,3.63776131432843,0.286
"8410",8,45,12,"AVS",4.04128433656736,3.55532226138731,0.3175
"8411",8,45,13,"AVS",6.5608929654054,3.76250617275996,0.1915
"8412",8,45,14,"AVS",4.06119951134687,3.51423428155247,0.31
"8413",8,45,15,"AVS",8.54685030706106,4.08934658535352,0.1215
"8414",8,45,16,"AVS",3.05154255132074,3.52827490499928,0.5165
"8415",8,45,17,"AVS",3.05954704208808,3.36691255762358,0.385
"8416",8,45,18,"AVS",3.21662790615381,3.26358551652652,0.6915
"8417",8,45,19,"AVS",2.23732001543958,3.17930175390936,0.5485
"8418",8,45,20,"AVS",2.40672302100174,3.20922447326303,0.3635
"8419",8,45,21,"AVS",5.48015726111123,3.52733383148306,0.137
"8420",8,45,22,"AVS",2.10693326446671,3.15843047024844,0.513
"8421",8,45,23,"AVS",3.00853221000993,3.27831086334621,0.7015
"8422",8,45,24,"AVS",2.32468133755136,3.16828584029641,0.4125
"8423",8,45,25,"AVS",2.94577146637517,3.17326172999423,0.284
"8424",8,45,26,"AVS",2.09213138695909,3.15780765725134,0.6285
"8425",8,45,27,"AVS",2.27853283135977,3.10846467687996,0.7095
"8426",8,45,28,"AVS",1.63635185404953,3.01280900876193,0.517
"8427",8,45,29,"AVS",1.77711956407614,2.97531152892032,0.628
"8428",8,45,30,"AVS",1.60348416234423,3.05210818317358,0.499
"8429",8,45,31,"AVS",1.60519328162689,2.97301181243535,0.522
"8430",8,45,32,"AVS",1.94986859849424,2.92142661415716,0.407
"8431",8,45,33,"AVS",1.50145429557736,3.13576993261936,0.6305
"8432",8,45,34,"AVS",1.47905917247591,2.74847942688215,0.4365
"8433",8,45,35,"AVS",1.37602559788585,2.77356368257931,0.536
"8434",8,45,36,"AVS",1.31618718134736,2.55576397451273,0.4615
"8435",8,45,37,"AVS",1.25004374712237,2.94600312071605,0.578
"8436",8,45,38,"AVS",1.41399971730965,2.854289439002,0.4925
"8437",8,45,1,"EQW",2.34972626718786,2.92575011956034,0.5285
"8438",8,45,2,"EQW",8.16352068458532,4.58072474121666,0.858
"8439",8,45,3,"EQW",25.3414645917983,6.44688693262179,0.9825
"8440",8,45,4,"EQW",5.38964344844575,4.00908777181488,0.578
"8441",8,45,5,"EQW",5.39692095933306,3.95471167494547,0.5105
"8442",8,45,6,"EQW",6.27514272193404,4.26039963808252,0.35
"8443",8,45,7,"EQW",5.36255080540552,4.01687770045542,0.412
"8444",8,45,8,"EQW",4.55545261157245,3.87743326237939,0.455
"8445",8,45,9,"EQW",8.1654324630276,3.99396077309687,0.7895
"8446",8,45,10,"EQW",4.74215136755044,3.88390241992739,0.4935
"8447",8,45,11,"EQW",4.4992824183614,3.76262855162781,0.498
"8448",8,45,12,"EQW",4.64052655926548,3.83117186973122,0.4305
"8449",8,45,13,"EQW",4.77956803247323,3.90997824150848,0.3905
"8450",8,45,14,"EQW",3.99591400860917,3.67794354245947,0.517
"8451",8,45,15,"EQW",5.10659596051055,3.9735084989131,0.328
"8452",8,45,16,"EQW",3.68337286885761,3.70876340958036,0.4875
"8453",8,45,17,"EQW",3.74526287027975,3.65383110466658,0.382
"8454",8,45,18,"EQW",2.96613161319786,3.44477476417075,0.534
"8455",8,45,19,"EQW",2.7342773060436,3.3559022669985,0.5185
"8456",8,45,20,"EQW",2.70178670894826,3.34370524793465,0.44
"8457",8,45,21,"EQW",5.77647652872704,3.80435677468858,0.1785
"8458",8,45,22,"EQW",4.44660589521039,3.46291708799811,0.2445
"8459",8,45,23,"EQW",2.32472009992012,3.18830201903648,0.3835
"8460",8,45,24,"EQW",2.20178263430197,3.08543821618434,0.3645
"8461",8,45,25,"EQW",3.7916791137136,3.3835596872595,0.1875
"8462",8,45,26,"EQW",2.56433680663069,3.22854673429769,0.292
"8463",8,45,27,"EQW",1.54083841272954,2.73499626826343,0.398
"8464",8,45,28,"EQW",1.68864782932722,2.76351922349285,0.3125
"8465",8,45,29,"EQW",1.11657780785915,2.5068003764504,0.539
"8466",8,45,30,"EQW",1.08635408456432,2.33209020318486,0.4845
"8467",8,45,31,"EQW",1.05108188019796,2.32335850531017,0.571
"8468",8,45,32,"EQW",1.07879665123389,2.14634451014307,0.402
"8469",8,45,33,"EQW",1.00058423657263,2.33742495756067,0.6285
"8470",8,45,34,"EQW",0.865610761812761,2.1484179067556,0.5345
"8471",8,45,35,"EQW",0.860661768263005,2.19336338390894,0.598
"8472",8,45,36,"EQW",0.761286062984817,1.9298209213626,0.4945
"8473",8,45,37,"EQW",0.939528727162448,2.38706367203984,0.7115
"8474",8,45,38,"EQW",0.972831344439632,2.42893499951455,0.6525
"8475",8,45,1,"SGP",2.34972626718786,2.87061306572298,0.514
"8476",8,45,2,"SGP",10.2864180190516,6.93836078325406,0.9915
"8477",8,45,3,"SGP",25.6868158517936,9.3585869388247,0.999
"8478",8,45,4,"SGP",3.42924762371684,3.53936569761072,0.3795
"8479",8,45,5,"SGP",3.02460533085287,3.4080462481538,0.3975
"8480",8,45,6,"SGP",8.76460618349921,4.17284530052316,0.095
"8481",8,45,7,"SGP",8.4679626328489,4.18124250467041,0.1035
"8482",8,45,8,"SGP",7.37949262307877,3.86517873883372,0.124
"8483",8,45,9,"SGP",2.75044141985171,3.35234079287855,0.5875
"8484",8,45,10,"SGP",8.44284886415348,4.19415265633954,0.1035
"8485",8,45,11,"SGP",6.75195035628288,3.83132479247166,0.142
"8486",8,45,12,"SGP",7.59596857451637,3.99561857025444,0.13
"8487",8,45,13,"SGP",3.62943307190836,3.47524417414154,0.314
"8488",8,45,14,"SGP",3.36099898469431,3.47120932318539,0.698
"8489",8,45,15,"SGP",4.77904868863716,3.53996309764047,0.2025
"8490",8,45,16,"SGP",3.72473527326536,3.4275892417695,0.695
"8491",8,45,17,"SGP",2.67341107800547,3.27212925716611,0.432
"8492",8,45,18,"SGP",3.19391555321107,3.29458392731025,0.6875
"8493",8,45,19,"SGP",2.23789173698499,3.19736018961893,0.555
"8494",8,45,20,"SGP",2.4157581134185,3.20430577753682,0.36
"8495",8,45,21,"SGP",5.50581246977152,3.66987861531984,0.129
"8496",8,45,22,"SGP",2.12479755802423,3.20003273421854,0.502
"8497",8,45,23,"SGP",2.97743328895554,3.23327204214617,0.7065
"8498",8,45,24,"SGP",2.32338592016675,3.16338682796597,0.3945
"8499",8,45,25,"SGP",2.96082374131977,3.21966801486306,0.282
"8500",8,45,26,"SGP",2.08157921963691,3.23484474602051,0.631
"8501",8,45,27,"SGP",2.25573315852671,3.13041297358426,0.716
"8502",8,45,28,"SGP",1.63418273147498,3.00169876234694,0.494
"8503",8,45,29,"SGP",1.76321401036645,2.99305929451895,0.6325
"8504",8,45,30,"SGP",1.59349608112988,2.97786226550881,0.479
"8505",8,45,31,"SGP",1.59354017259292,2.99927359104137,0.541
"8506",8,45,32,"SGP",1.93032936539875,2.91660837778442,0.3875
"8507",8,45,33,"SGP",1.48983549175556,3.04306739431413,0.6355
"8508",8,45,34,"SGP",1.46396560157007,2.83595921345851,0.448
"8509",8,45,35,"SGP",1.36167161407557,2.75939030515353,0.51
"8510",8,45,36,"SGP",1.30101949469954,2.48899684557847,0.4445
"8511",8,45,37,"SGP",1.23921326432645,2.85673701793117,0.584
"8512",8,45,38,"SGP",1.39627925068479,2.81940335591534,0.4785
"8513",8,45,1,"SGP50",2.34972626718786,2.89465493329773,0.549
"8514",8,45,2,"SGP50",8.36039129573372,4.47774890491373,0.87
"8515",8,45,3,"SGP50",25.4251219493129,6.52579009238146,0.9835
"8516",8,45,4,"SGP50",4.7532660189651,3.88532961669224,0.5305
"8517",8,45,5,"SGP50",4.6318841068004,3.8797769012728,0.48
"8518",8,45,6,"SGP50",6.58396534048149,4.08186292303763,0.295
"8519",8,45,7,"SGP50",5.53424864873102,3.97912727311556,0.3215
"8520",8,45,8,"SGP50",4.53066749635487,3.75367227570527,0.371
"8521",8,45,9,"SGP50",5.48765830786988,3.74309298763093,0.726
"8522",8,45,10,"SGP50",4.58524796986356,3.76732688192227,0.35
"8523",8,45,11,"SGP50",4.17745969256746,3.68752452136551,0.3465
"8524",8,45,12,"SGP50",4.78468520227505,3.78149783639163,0.2855
"8525",8,45,13,"SGP50",4.71532905511533,3.65877890461321,0.2855
"8526",8,45,14,"SGP50",3.14127642639305,3.51728967878856,0.519
"8527",8,45,15,"SGP50",5.87909340476628,3.821114847666,0.206
"8528",8,45,16,"SGP50",3.17684950047213,3.58475900638177,0.4795
"8529",8,45,17,"SGP50",3.82994263098757,3.52376531548153,0.3225
"8530",8,45,18,"SGP50",2.5869051634203,3.30695011620669,0.5305
"8531",8,45,19,"SGP50",2.39784159696942,3.20742801060033,0.4695
"8532",8,45,20,"SGP50",2.76441696990565,3.19863924776117,0.329
"8533",8,45,21,"SGP50",6.85746968783863,3.87847184798677,0.1305
"8534",8,45,22,"SGP50",3.88097835711999,3.5606395850423,0.296
"8535",8,45,23,"SGP50",2.36610830928203,3.29867659560349,0.484
"8536",8,45,24,"SGP50",2.31081779084177,3.12803080371388,0.3515
"8537",8,45,25,"SGP50",3.67465696619858,3.41294982489002,0.19
"8538",8,45,26,"SGP50",2.22185089560241,3.31288179612902,0.3845
"8539",8,45,27,"SGP50",1.61631205576205,2.89441013934495,0.4875
"8540",8,45,28,"SGP50",1.63549966616505,2.79930854959639,0.3765
"8541",8,45,29,"SGP50",1.2508056596194,2.48588535523893,0.5655
"8542",8,45,30,"SGP50",1.18933094557211,2.50388596917388,0.484
"8543",8,45,31,"SGP50",1.15554854078616,2.48281626583987,0.5715
"8544",8,45,32,"SGP50",1.22982741627379,2.29777593959844,0.4015
"8545",8,45,33,"SGP50",1.05684634347264,2.37417515553708,0.6735
"8546",8,45,34,"SGP50",0.93058117313739,2.19946399348427,0.5235
"8547",8,45,35,"SGP50",0.891842812045996,2.19902816076681,0.587
"8548",8,45,36,"SGP50",0.794236976903338,1.89989860714751,0.507
"8549",8,45,37,"SGP50",0.910938493620481,2.23612588971215,0.6685
"8550",8,45,38,"SGP50",0.92578336123544,2.29325149513443,0.6255
"8551",8,46,1,"BMA",2.03511704427845,3.09060975649611,0.6995
"8552",8,46,2,"BMA",1.17165879939741,2.51358340953627,0.462
"8553",8,46,3,"BMA",1.23356177613153,2.35578839537863,0.682
"8554",8,46,4,"BMA",1.76265935792647,2.63309753020284,0.8095
"8555",8,46,5,"BMA",0.734691929316756,2.08525581970638,0.493
"8556",8,46,6,"BMA",9.26618920657546,7.24917424397787,0.9975
"8557",8,46,7,"BMA",6.26520068885354,3.96906081936376,0.936
"8558",8,46,8,"BMA",1.61794310977204,2.86440702636522,0.4965
"8559",8,46,9,"BMA",3.20441676650059,3.22180328032489,0.833
"8560",8,46,10,"BMA",1.3809542968172,2.66247011480008,0.4965
"8561",8,46,11,"BMA",2.12876883073859,2.79525776111065,0.7575
"8562",8,46,12,"BMA",2.80961038405069,2.96541324767384,0.832
"8563",8,46,13,"BMA",1.26683631090282,2.5203738364786,0.602
"8564",8,46,14,"BMA",1.09637006228709,2.4226223955069,0.57
"8565",8,46,15,"BMA",8.11409824946542,4.97660460805947,0.025
"8566",8,46,16,"BMA",12.0813382479238,5.85605847692366,0.9925
"8567",8,46,17,"BMA",8.51329180565089,4.12098132415557,0.9445
"8568",8,46,18,"BMA",2.12624991940683,2.91015074179097,0.6525
"8569",8,46,19,"BMA",4.13487107434735,3.37777090243209,0.12
"8570",8,46,20,"BMA",1.90834717506181,2.82887764183143,0.2885
"8571",8,46,21,"BMA",3.60006715793375,3.20013700949853,0.1405
"8572",8,46,22,"BMA",2.94606184296436,3.05032687204123,0.1915
"8573",8,46,23,"BMA",6.18382083993504,3.96105019768398,0.052
"8574",8,46,24,"BMA",3.05959337207841,3.10336498041568,0.2145
"8575",8,46,25,"BMA",2.34064798107834,2.98653007708128,0.2385
"8576",8,46,26,"BMA",2.7861855678529,2.97641890800667,0.2235
"8577",8,46,27,"BMA",1.98827683406694,2.8689222810969,0.2985
"8578",8,46,28,"BMA",1.31661837713087,2.69854446602764,0.4925
"8579",8,46,29,"BMA",2.76379403077441,2.81977736807957,0.211
"8580",8,46,30,"BMA",1.20806249889804,2.51489228719529,0.6025
"8581",8,46,31,"BMA",4.67781777841518,3.57867543424236,0.897
"8582",8,46,32,"BMA",2.48413740325306,2.95713842909217,0.237
"8583",8,46,33,"BMA",2.54895655252035,2.95308399704563,0.19
"8584",8,46,34,"BMA",2.74466775887304,3.02138646182788,0.159
"8585",8,46,35,"BMA",1.21958196846802,2.49236828152067,0.577
"8586",8,46,36,"BMA",1.68787633425873,2.59401864577691,0.2205
"8587",8,46,37,"BMA",1.71649237904511,2.56669533143441,0.2335
"8588",8,46,38,"BMA",1.35634126177344,2.50927780997196,0.244
"8589",8,46,1,"AVS",2.03511704427845,3.0366179606252,0.7005
"8590",8,46,2,"AVS",1.02176510007269,2.37595277484295,0.4855
"8591",8,46,3,"AVS",1.25676674512948,2.31558001334451,0.7405
"8592",8,46,4,"AVS",1.8249822471164,2.56270159352477,0.8395
"8593",8,46,5,"AVS",0.71212568679641,2.05566357942578,0.4935
"8594",8,46,6,"AVS",9.33801142746939,7.36535323594653,0.998
"8595",8,46,7,"AVS",5.05799713668986,3.56525097181848,0.9295
"8596",8,46,8,"AVS",1.56680376451778,2.52342306188402,0.315
"8597",8,46,9,"AVS",3.2539007012773,3.09202107904697,0.8765
"8598",8,46,10,"AVS",1.38882046089786,2.5448737929351,0.315
"8599",8,46,11,"AVS",1.58597910108427,2.50289932233914,0.7125
"8600",8,46,12,"AVS",1.72078545802125,2.61982591544286,0.7715
"8601",8,46,13,"AVS",0.900476388141413,2.25361787623074,0.4085
"8602",8,46,14,"AVS",0.922019995852285,2.20179750259137,0.429
"8603",8,46,15,"AVS",9.73307850755043,7.62939882334057,5e-04
"8604",8,46,16,"AVS",10.976983818002,6.69804275026096,0.9995
"8605",8,46,17,"AVS",4.31818121949353,3.46058192568713,0.917
"8606",8,46,18,"AVS",1.3386949127735,2.60769482832278,0.6275
"8607",8,46,19,"AVS",6.24459074577624,4.20395682418209,0.025
"8608",8,46,20,"AVS",2.39998533577337,2.86368662837975,0.231
"8609",8,46,21,"AVS",3.89275671661525,3.35705578180831,0.1165
"8610",8,46,22,"AVS",2.93735697896226,2.98496353427198,0.187
"8611",8,46,23,"AVS",6.17542027132903,3.89590491919261,0.0505
"8612",8,46,24,"AVS",3.05932394064104,3.15590776063079,0.1995
"8613",8,46,25,"AVS",2.44748946341467,2.95290330467564,0.231
"8614",8,46,26,"AVS",3.02614883319345,3.13060781051396,0.1835
"8615",8,46,27,"AVS",2.12696566045576,2.88876481874762,0.2775
"8616",8,46,28,"AVS",1.36995346574089,2.71892655788443,0.5115
"8617",8,46,29,"AVS",3.39909376932012,3.06003804145399,0.163
"8618",8,46,30,"AVS",1.71575019191237,2.73363059429258,0.6405
"8619",8,46,31,"AVS",3.37478792008758,3.18013464528824,0.841
"8620",8,46,32,"AVS",2.93733458904444,3.08367862270878,0.162
"8621",8,46,33,"AVS",2.91616871155753,2.96861677240412,0.1685
"8622",8,46,34,"AVS",2.57268018819142,2.90959411105367,0.2325
"8623",8,46,35,"AVS",1.90367847215171,2.78831491773547,0.708
"8624",8,46,36,"AVS",1.85826786784338,2.75703509087086,0.287
"8625",8,46,37,"AVS",1.36278717631915,2.68162974540169,0.3765
"8626",8,46,38,"AVS",1.19256344821822,2.51414608001248,0.4615
"8627",8,46,1,"EQW",2.03511704427845,3.0943492765587,0.709
"8628",8,46,2,"EQW",1.27831412720629,2.5212352694723,0.4365
"8629",8,46,3,"EQW",1.31300017316095,2.57295324941846,0.59
"8630",8,46,4,"EQW",1.58930748517352,2.6982637410971,0.7095
"8631",8,46,5,"EQW",0.999971661009778,2.35895332285207,0.489
"8632",8,46,6,"EQW",8.23008488893003,5.03077990840077,0.975
"8633",8,46,7,"EQW",5.20416410211955,3.52409737635597,0.9195
"8634",8,46,8,"EQW",1.64019876394137,2.91544401462346,0.447
"8635",8,46,9,"EQW",3.08955669694658,3.1266996488078,0.8255
"8636",8,46,10,"EQW",1.48569691054766,2.74808141007674,0.4665
"8637",8,46,11,"EQW",2.11083892697256,2.78815530614534,0.7105
"8638",8,46,12,"EQW",2.9621468167154,3.06686029790532,0.8155
"8639",8,46,13,"EQW",1.91793121373043,2.73784342422995,0.646
"8640",8,46,14,"EQW",1.79470939538828,2.68505415626491,0.652
"8641",8,46,15,"EQW",5.26435297588619,3.87342757745684,0.126
"8642",8,46,16,"EQW",10.563169061879,5.1328686749631,0.9765
"8643",8,46,17,"EQW",6.7562071104284,3.74012064014965,0.928
"8644",8,46,18,"EQW",3.78669214153663,3.140985551328,0.7735
"8645",8,46,19,"EQW",2.64493635237486,3.35572374691173,0.3705
"8646",8,46,20,"EQW",1.91868451691365,3.01157387862554,0.379
"8647",8,46,21,"EQW",3.53001219022348,3.29284153816575,0.1805
"8648",8,46,22,"EQW",3.57666080705025,3.20611830878945,0.17
"8649",8,46,23,"EQW",6.31918536533629,3.97454311782144,0.065
"8650",8,46,24,"EQW",3.41725948437961,3.24244031290109,0.1885
"8651",8,46,25,"EQW",2.36804220204751,3.01016836264768,0.2915
"8652",8,46,26,"EQW",2.13646412519699,2.91264624681335,0.3065
"8653",8,46,27,"EQW",1.74477588888974,2.79612451567377,0.363
"8654",8,46,28,"EQW",1.40555906836708,2.76888820804118,0.5535
"8655",8,46,29,"EQW",2.21800077515172,2.73503408446298,0.24
"8656",8,46,30,"EQW",1.28768664668762,2.63384684062314,0.579
"8657",8,46,31,"EQW",4.40837351608167,3.45124004629643,0.9055
"8658",8,46,32,"EQW",1.47949117841764,2.78638282095879,0.463
"8659",8,46,33,"EQW",1.50499821505032,2.49059809924476,0.317
"8660",8,46,34,"EQW",2.30591889846991,2.85064305399998,0.19
"8661",8,46,35,"EQW",1.18068183072838,2.468930240892,0.6075
"8662",8,46,36,"EQW",1.31354686731156,2.46147846253484,0.305
"8663",8,46,37,"EQW",1.30819562529086,2.41982510444423,0.3095
"8664",8,46,38,"EQW",1.11783993407763,2.372120363891,0.3375
"8665",8,46,1,"SGP",2.03511704427845,3.01843704127486,0.6925
"8666",8,46,2,"SGP",0.937469968729268,2.32373828917019,0.499
"8667",8,46,3,"SGP",1.24165498359058,2.34688960538072,0.721
"8668",8,46,4,"SGP",1.79252530959243,2.63715250994148,0.8335
"8669",8,46,5,"SGP",0.715838551503209,2.14541749342792,0.5205
"8670",8,46,6,"SGP",9.28508671351257,6.5694649361672,0.9985
"8671",8,46,7,"SGP",4.11319094593542,3.28412226547045,0.924
"8672",8,46,8,"SGP",1.58185228986326,2.62142393783819,0.29
"8673",8,46,9,"SGP",2.78827396077242,3.06760577337766,0.8565
"8674",8,46,10,"SGP",1.44178089173708,2.46993261911365,0.3075
"8675",8,46,11,"SGP",1.32741089630925,2.45034339926551,0.7135
"8676",8,46,12,"SGP",1.66540486175913,2.45960883529245,0.761
"8677",8,46,13,"SGP",0.910014526597305,2.30735166055065,0.408
"8678",8,46,14,"SGP",0.924992596287374,2.29207804499991,0.443
"8679",8,46,15,"SGP",9.47957666301387,6.37418668987922,0.0055
"8680",8,46,16,"SGP",10.4712409060977,6.2736596968646,0.9985
"8681",8,46,17,"SGP",4.36121076377742,3.45052687904759,0.9225
"8682",8,46,18,"SGP",1.3693870529986,2.59027141325138,0.651
"8683",8,46,19,"SGP",6.29876214975794,4.38300861367975,0.035
"8684",8,46,20,"SGP",3.04652375548606,3.00219501439777,0.159
"8685",8,46,21,"SGP",5.0836065883054,3.76495052932043,0.069
"8686",8,46,22,"SGP",4.22392711124307,3.32536192726948,0.0995
"8687",8,46,23,"SGP",6.14330897826231,3.95130015444772,0.055
"8688",8,46,24,"SGP",2.9980005581614,3.05910339117365,0.1905
"8689",8,46,25,"SGP",2.43773663809856,2.93842379134504,0.2355
"8690",8,46,26,"SGP",1.45595890753965,2.78488792859655,0.403
"8691",8,46,27,"SGP",1.29122295581426,2.60542725636726,0.517
"8692",8,46,28,"SGP",2.05170991547527,2.83650003448858,0.7155
"8693",8,46,29,"SGP",1.90468487535775,2.76817213122398,0.294
"8694",8,46,30,"SGP",2.32676123741442,2.90887104398858,0.762
"8695",8,46,31,"SGP",5.25785074050815,3.5853885071199,0.9295
"8696",8,46,32,"SGP",2.35253915435963,2.88667311377797,0.23
"8697",8,46,33,"SGP",2.08340090139577,2.71597554533773,0.2635
"8698",8,46,34,"SGP",1.64829334062887,2.78169957388829,0.3335
"8699",8,46,35,"SGP",2.89229263981163,2.99715864394179,0.8135
"8700",8,46,36,"SGP",1.30493585992437,2.63567951195858,0.418
"8701",8,46,37,"SGP",1.21000906553133,2.63132984405296,0.5055
"8702",8,46,38,"SGP",1.29658669934589,2.65340440943503,0.57
"8703",8,46,1,"SGP50",2.03511704427845,2.97668385607604,0.706
"8704",8,46,2,"SGP50",1.2550217939351,2.58832985596246,0.439
"8705",8,46,3,"SGP50",1.30250428446587,2.48862682433321,0.5895
"8706",8,46,4,"SGP50",1.60898657488028,2.71485091182045,0.7315
"8707",8,46,5,"SGP50",0.964267906469215,2.36202088999741,0.483
"8708",8,46,6,"SGP50",8.31829333060152,4.82259404388329,0.9755
"8709",8,46,7,"SGP50",4.99742433585589,3.66821654291185,0.9215
"8710",8,46,8,"SGP50",1.57852413881507,2.85065604225286,0.4305
"8711",8,46,9,"SGP50",3.01009835844899,3.1081338199735,0.829
"8712",8,46,10,"SGP50",1.41510164572267,2.6897979872354,0.4535
"8713",8,46,11,"SGP50",1.99518777433148,2.69325709121606,0.725
"8714",8,46,12,"SGP50",2.77514896940658,2.96702578292686,0.8015
"8715",8,46,13,"SGP50",1.65102591732326,2.67279078097497,0.622
"8716",8,46,14,"SGP50",1.5594360137069,2.64316686348531,0.6195
"8717",8,46,15,"SGP50",5.89566288759752,4.06200074369185,0.1005
"8718",8,46,16,"SGP50",10.7893951041814,5.77987931222659,0.9845
"8719",8,46,17,"SGP50",5.83664714100394,3.56529085638517,0.911
"8720",8,46,18,"SGP50",2.83593937623871,2.98123762591369,0.72
"8721",8,46,19,"SGP50",3.26198430066691,3.43381600198733,0.259
"8722",8,46,20,"SGP50",2.05058818740061,2.94834785511176,0.3215
"8723",8,46,21,"SGP50",3.78699643305098,3.36742242369614,0.159
"8724",8,46,22,"SGP50",3.57558534795877,3.20759765402512,0.1745
"8725",8,46,23,"SGP50",6.24689843315017,3.94748524496765,0.063
"8726",8,46,24,"SGP50",3.2535977146358,3.22163173774206,0.1885
"8727",8,46,25,"SGP50",2.35322916211032,2.92610964863652,0.2725
"8728",8,46,26,"SGP50",2.05462740095109,2.92174022208952,0.3065
"8729",8,46,27,"SGP50",1.64746031035725,2.64245902234977,0.385
"8730",8,46,28,"SGP50",1.44064962146598,2.72221614668542,0.577
"8731",8,46,29,"SGP50",2.29084579744914,2.77665097589594,0.255
"8732",8,46,30,"SGP50",1.40109092449798,2.70890144834613,0.6165
"8733",8,46,31,"SGP50",4.33092299152755,3.45239911594252,0.8905
"8734",8,46,32,"SGP50",1.66461343362627,2.87500549944234,0.407
"8735",8,46,33,"SGP50",1.73350023658626,2.61639457560261,0.2665
"8736",8,46,34,"SGP50",2.24318094163319,2.84339868234809,0.207
"8737",8,46,35,"SGP50",1.37314291414946,2.48012210477584,0.6335
"8738",8,46,36,"SGP50",1.37616031110497,2.44634778067536,0.338
"8739",8,46,37,"SGP50",1.29406911224017,2.45466069187773,0.3485
"8740",8,46,38,"SGP50",1.11983945076426,2.42865543021367,0.37
"8741",8,47,1,"BMA",2.62278702576792,3.26500078197948,0.5835
"8742",8,47,2,"BMA",3.49332446172929,3.44024187976911,0.7375
"8743",8,47,3,"BMA",3.74573839301977,3.38487247612681,0.771
"8744",8,47,4,"BMA",1.99961899113627,2.91143243099168,0.58
"8745",8,47,5,"BMA",6.44036080895575,3.92085762535539,0.9245
"8746",8,47,6,"BMA",2.35442617808356,2.92068749021997,0.6965
"8747",8,47,7,"BMA",5.42638594007295,3.6926615899871,0.9235
"8748",8,47,8,"BMA",1.52699641947556,2.67491177500945,0.406
"8749",8,47,9,"BMA",7.3917901510455,4.70517814608603,0.9765
"8750",8,47,10,"BMA",1.40865307731087,2.71225426564899,0.488
"8751",8,47,11,"BMA",2.04825419925161,2.7547243503879,0.744
"8752",8,47,12,"BMA",6.36882836779085,4.07250170104633,0.9645
"8753",8,47,13,"BMA",3.30543995178455,3.19041080875056,0.088
"8754",8,47,14,"BMA",6.65639815906049,4.03316447268694,0.9615
"8755",8,47,15,"BMA",1.9737193489677,2.84489789169229,0.2195
"8756",8,47,16,"BMA",5.44391710587803,3.93997152748807,0.033
"8757",8,47,17,"BMA",16.4740142482048,14.188418082606,0
"8758",8,47,18,"BMA",3.90065538856822,3.60721295843395,0.401
"8759",8,47,19,"BMA",3.31789921989294,3.44781727767957,0.51
"8760",8,47,20,"BMA",9.60388968193313,4.36069781614552,0.9355
"8761",8,47,21,"BMA",3.36833511046258,3.39005874351796,0.687
"8762",8,47,22,"BMA",8.32525682459285,3.96554791245396,0.1175
"8763",8,47,23,"BMA",4.98471561001505,3.68176503945503,0.2005
"8764",8,47,24,"BMA",2.39837823258522,3.25562016183719,0.4905
"8765",8,47,25,"BMA",9.92357720214543,4.38630429211439,0.0675
"8766",8,47,26,"BMA",6.6033679366991,3.67524622085393,0.1395
"8767",8,47,27,"BMA",6.98046154154208,3.80523407935825,0.1215
"8768",8,47,28,"BMA",6.14645325375598,3.71813601725576,0.138
"8769",8,47,29,"BMA",2.48410455401102,3.26107149862224,0.591
"8770",8,47,30,"BMA",4.45341022220414,3.39232682052832,0.281
"8771",8,47,31,"BMA",1.96761573442823,2.9641343105684,0.446
"8772",8,47,32,"BMA",1.7327301151592,2.87595471480093,0.446
"8773",8,47,33,"BMA",3.69450347363852,3.31170345048678,0.8095
"8774",8,47,34,"BMA",3.8590218154723,3.42291995866985,0.8375
"8775",8,47,35,"BMA",1.82389691914405,2.72131726908613,0.336
"8776",8,47,36,"BMA",3.97086332136702,3.36878592628957,0.8755
"8777",8,47,37,"BMA",3.9032645802795,3.2018245638656,0.886
"8778",8,47,38,"BMA",3.49400328890241,3.22555494625454,0.8715
"8779",8,47,1,"AVS",2.62278702576792,3.24728063936782,0.5635
"8780",8,47,2,"AVS",4.39007792510123,3.49730137775237,0.838
"8781",8,47,3,"AVS",3.51090964103612,3.39485677905395,0.7355
"8782",8,47,4,"AVS",2.65410254447998,3.20178672614268,0.6265
"8783",8,47,5,"AVS",7.87597362629347,4.13188817906978,0.903
"8784",8,47,6,"AVS",2.33072034488493,3.11497445660223,0.621
"8785",8,47,7,"AVS",5.07124381327244,3.60783551886191,0.885
"8786",8,47,8,"AVS",1.64355400092422,2.84419461301944,0.413
"8787",8,47,9,"AVS",7.3528202523827,4.25391763537587,0.9625
"8788",8,47,10,"AVS",1.32881776813186,2.64792554484794,0.4505
"8789",8,47,11,"AVS",1.93487457863763,2.71794778909159,0.7425
"8790",8,47,12,"AVS",6.30348192018424,4.11729469495349,0.9585
"8791",8,47,13,"AVS",3.3556579799206,3.25618029592491,0.09
"8792",8,47,14,"AVS",6.63132346559603,3.97223200314787,0.966
"8793",8,47,15,"AVS",1.98125308947272,2.84751515084339,0.2425
"8794",8,47,16,"AVS",5.452029900044,3.82212679495184,0.0385
"8795",8,47,17,"AVS",16.5059244963366,14.1948572204117,0
"8796",8,47,18,"AVS",10.4407716929897,5.51048656907014,0.005
"8797",8,47,19,"AVS",6.06095908992706,3.82162985407418,0.092
"8798",8,47,20,"AVS",3.75953300861035,3.28904872406539,0.8315
"8799",8,47,21,"AVS",3.11497723496919,3.03052009375949,0.224
"8800",8,47,22,"AVS",17.4045547378882,8.21720110911321,5e-04
"8801",8,47,23,"AVS",10.0587865146799,4.6283865281124,0.037
"8802",8,47,24,"AVS",2.05493161577158,3.13489139329344,0.4905
"8803",8,47,25,"AVS",8.90905592968215,4.30577697418579,0.052
"8804",8,47,26,"AVS",2.67038523088844,3.11650833803272,0.3
"8805",8,47,27,"AVS",2.36125471913909,3.12304664508764,0.2785
"8806",8,47,28,"AVS",1.82838907214614,3.07313637812957,0.398
"8807",8,47,29,"AVS",7.25391293304746,3.95606672964649,0.9365
"8808",8,47,30,"AVS",4.38008537839826,3.46004005458118,0.159
"8809",8,47,31,"AVS",1.85466853978523,2.96621278746805,0.5755
"8810",8,47,32,"AVS",1.83928398224775,2.99818831847954,0.44
"8811",8,47,33,"AVS",4.46421490292207,3.46412004157659,0.8345
"8812",8,47,34,"AVS",1.75626891798958,3.0535578492859,0.5255
"8813",8,47,35,"AVS",4.66284051095048,3.48282596014319,0.142
"8814",8,47,36,"AVS",6.47169732072541,3.82545335941546,0.9195
"8815",8,47,37,"AVS",1.67019892035453,2.82818374823847,0.5485
"8816",8,47,38,"AVS",1.62824719562135,2.91080153955992,0.5075
"8817",8,47,1,"EQW",2.62278702576792,3.32363108116273,0.5665
"8818",8,47,2,"EQW",3.26080615881868,3.47391997300156,0.691
"8819",8,47,3,"EQW",3.45006634461978,3.47100467748961,0.7085
"8820",8,47,4,"EQW",1.99672377731214,3.06161287819292,0.5605
"8821",8,47,5,"EQW",6.31243153500534,3.8794600022263,0.865
"8822",8,47,6,"EQW",3.7858833210237,3.26392890287708,0.7505
"8823",8,47,7,"EQW",7.97895878385923,4.19577948476612,0.9275
"8824",8,47,8,"EQW",3.1132364224435,3.22810125430165,0.625
"8825",8,47,9,"EQW",10.583563888244,4.49033681536328,0.95
"8826",8,47,10,"EQW",4.43647134079836,3.33276525830387,0.728
"8827",8,47,11,"EQW",6.37931296144121,3.67568901721756,0.8565
"8828",8,47,12,"EQW",12.0196838687031,4.63234086125707,0.963
"8829",8,47,13,"EQW",4.2909088525457,3.62538483513675,0.636
"8830",8,47,14,"EQW",12.8164307263079,4.69662006032486,0.9695
"8831",8,47,15,"EQW",5.96633334969206,3.66904102725111,0.7155
"8832",8,47,16,"EQW",4.88223033367221,3.77762566168633,0.629
"8833",8,47,17,"EQW",4.32625806807577,3.81952773180593,0.472
"8834",8,47,18,"EQW",4.13353965067982,3.74804285913077,0.3515
"8835",8,47,19,"EQW",3.11161667616116,3.51499305140686,0.4395
"8836",8,47,20,"EQW",8.8902322254902,4.0089627602467,0.9205
"8837",8,47,21,"EQW",4.88007785486255,3.67783065379389,0.6785
"8838",8,47,22,"EQW",5.49016593830805,3.93190925627186,0.3015
"8839",8,47,23,"EQW",4.52501317578924,3.75491041051059,0.2935
"8840",8,47,24,"EQW",2.69171402682912,3.349581555166,0.577
"8841",8,47,25,"EQW",6.09910719520435,3.8479720624701,0.197
"8842",8,47,26,"EQW",3.99682790146461,3.41765496163781,0.2655
"8843",8,47,27,"EQW",4.33151697798182,3.39376228646419,0.2155
"8844",8,47,28,"EQW",4.26365052206872,3.42633701806834,0.203
"8845",8,47,29,"EQW",3.03725873962237,3.2866052642576,0.678
"8846",8,47,30,"EQW",3.85207557759758,3.35819248114946,0.2415
"8847",8,47,31,"EQW",2.2664369307314,3.0584919977433,0.404
"8848",8,47,32,"EQW",2.75297606319422,3.18334452141903,0.307
"8849",8,47,33,"EQW",2.4493157610617,3.15878540886367,0.6265
"8850",8,47,34,"EQW",2.00008666471193,3.0940871998699,0.5375
"8851",8,47,35,"EQW",4.44305724315524,3.4279844690451,0.1525
"8852",8,47,36,"EQW",2.80570946099319,3.23708297501953,0.709
"8853",8,47,37,"EQW",1.85975291197933,2.96519828855849,0.5605
"8854",8,47,38,"EQW",1.79235431540596,3.03163697296079,0.547
"8855",8,47,1,"SGP",2.62278702576792,3.28030872672658,0.5625
"8856",8,47,2,"SGP",4.27635626484097,3.44214927343637,0.843
"8857",8,47,3,"SGP",4.84089229658136,3.56705055459922,0.857
"8858",8,47,4,"SGP",1.64177126293523,2.84381297546017,0.5875
"8859",8,47,5,"SGP",5.62585807626879,3.98140780280925,0.947
"8860",8,47,6,"SGP",1.39338555682706,2.63658013970555,0.6435
"8861",8,47,7,"SGP",5.2412208593801,3.79737565013586,0.955
"8862",8,47,8,"SGP",1.4837422509724,2.58304767737974,0.3395
"8863",8,47,9,"SGP",7.40139076947963,4.57983349892216,0.982
"8864",8,47,10,"SGP",1.31238653859158,2.65217875249482,0.4585
"8865",8,47,11,"SGP",1.98955718197156,2.74756357843327,0.728
"8866",8,47,12,"SGP",6.37218365569704,4.22666709020854,0.962
"8867",8,47,13,"SGP",3.2755461187067,3.28006714357748,0.097
"8868",8,47,14,"SGP",6.68852742134294,4.13160153692696,0.9665
"8869",8,47,15,"SGP",1.95423964581018,2.80655287195769,0.2415
"8870",8,47,16,"SGP",5.35220190432702,3.77015205063803,0.0455
"8871",8,47,17,"SGP",16.2531565207971,8.98408169363777,0.0055
"8872",8,47,18,"SGP",10.3345273607008,5.13811102264014,0.0125
"8873",8,47,19,"SGP",6.00201193429105,3.76720109576455,0.0845
"8874",8,47,20,"SGP",3.78962232160118,3.24960796160146,0.8375
"8875",8,47,21,"SGP",3.08618521572858,3.12433097157533,0.2215
"8876",8,47,22,"SGP",17.2638420593106,8.91647213839416,0.001
"8877",8,47,23,"SGP",10.0159366224315,4.72992212947547,0.039
"8878",8,47,24,"SGP",1.87402084587441,3.02240948178867,0.467
"8879",8,47,25,"SGP",8.30583146970241,4.34106355329914,0.048
"8880",8,47,26,"SGP",2.4993342488192,3.09004885521809,0.302
"8881",8,47,27,"SGP",2.3757351413779,3.1327576992284,0.294
"8882",8,47,28,"SGP",1.84574882612248,2.93815724910671,0.3725
"8883",8,47,29,"SGP",7.19109687093014,3.92847984639174,0.9295
"8884",8,47,30,"SGP",4.38304378097432,3.34867260884043,0.1565
"8885",8,47,31,"SGP",1.85415695347719,2.9636444134965,0.576
"8886",8,47,32,"SGP",1.84705463343262,2.97934206177162,0.426
"8887",8,47,33,"SGP",4.43537080921343,3.38565937497959,0.8285
"8888",8,47,34,"SGP",1.75947467061988,2.9784968339305,0.55
"8889",8,47,35,"SGP",4.6657851072858,3.33935416760767,0.132
"8890",8,47,36,"SGP",6.42345649433116,3.9197340209951,0.923
"8891",8,47,37,"SGP",1.67267762178517,2.890838514447,0.5605
"8892",8,47,38,"SGP",1.63144098205972,2.92633915909212,0.5165
"8893",8,47,1,"SGP50",2.62278702576792,3.30861513367764,0.5865
"8894",8,47,2,"SGP50",3.2882337138072,3.40942314490414,0.6665
"8895",8,47,3,"SGP50",3.51775881609948,3.4434358344039,0.729
"8896",8,47,4,"SGP50",1.97345840974603,3.00625503345687,0.561
"8897",8,47,5,"SGP50",6.40543986350703,4.0517391509469,0.889
"8898",8,47,6,"SGP50",3.62220033190996,3.18928697459406,0.766
"8899",8,47,7,"SGP50",7.73547895689154,4.0122966646423,0.928
"8900",8,47,8,"SGP50",2.72845752744794,3.19015246068475,0.602
"8901",8,47,9,"SGP50",10.003069090557,4.6273364759412,0.9615
"8902",8,47,10,"SGP50",3.48754379591811,3.2539572260249,0.697
"8903",8,47,11,"SGP50",5.10572927496257,3.37740578725772,0.8125
"8904",8,47,12,"SGP50",10.1545586567431,4.51411276835823,0.969
"8905",8,47,13,"SGP50",2.94478906263519,3.4085858107552,0.486
"8906",8,47,14,"SGP50",10.3216782837315,4.47059173509814,0.971
"8907",8,47,15,"SGP50",3.18311404018455,3.22024575217288,0.558
"8908",8,47,16,"SGP50",3.36810268321057,3.61806350156323,0.4235
"8909",8,47,17,"SGP50",7.05644067227398,4.20939073027721,0.259
"8910",8,47,18,"SGP50",5.92865390305531,4.08533645717217,0.208
"8911",8,47,19,"SGP50",3.72679130583631,3.52902561571658,0.2875
"8912",8,47,20,"SGP50",6.00808017849817,3.54343516150815,0.8835
"8913",8,47,21,"SGP50",2.65471329772311,3.32257723301264,0.4575
"8914",8,47,22,"SGP50",10.7566937047555,4.62288262629528,0.121
"8915",8,47,23,"SGP50",6.79492775470282,4.02083258035707,0.158
"8916",8,47,24,"SGP50",2.17626850212998,3.17581294583526,0.492
"8917",8,47,25,"SGP50",7.78935776845126,4.07546328466895,0.1055
"8918",8,47,26,"SGP50",3.52730040014988,3.24453789732504,0.256
"8919",8,47,27,"SGP50",3.61473001167926,3.31120740291586,0.249
"8920",8,47,28,"SGP50",3.12697827972841,3.22460996321691,0.2925
"8921",8,47,29,"SGP50",4.42982402804265,3.57386015414402,0.773
"8922",8,47,30,"SGP50",4.57624688587695,3.38352484112663,0.184
"8923",8,47,31,"SGP50",2.06570424613313,3.06530378171453,0.451
"8924",8,47,32,"SGP50",2.42949835272972,3.12487284501797,0.3635
"8925",8,47,33,"SGP50",3.14053444095723,3.31422993311342,0.733
"8926",8,47,34,"SGP50",1.9382538450229,3.07254744622078,0.5065
"8927",8,47,35,"SGP50",4.82678456089486,3.45860853573665,0.144
"8928",8,47,36,"SGP50",4.17247917399119,3.5489661354635,0.797
"8929",8,47,37,"SGP50",1.80820275456443,2.91461402205105,0.5605
"8930",8,47,38,"SGP50",1.78407554690345,3.00904598815024,0.5155
"8931",8,48,1,"BMA",2.3200556400532,3.19280880514839,0.572
"8932",8,48,2,"BMA",2.73209709024928,3.08664834934362,0.79
"8933",8,48,3,"BMA",2.11571934117519,2.70631115530698,0.8245
"8934",8,48,4,"BMA",6.77145933826619,5.64036786234949,0.975
"8935",8,48,5,"BMA",10.7039934213438,4.40688029360587,0.939
"8936",8,48,6,"BMA",8.68048620245568,4.12854684459517,0.882
"8937",8,48,7,"BMA",3.40755415738032,3.60193211453202,0.6275
"8938",8,48,8,"BMA",7.81912434885009,4.02616776799731,0.153
"8939",8,48,9,"BMA",4.67308202454746,3.70478771345676,0.687
"8940",8,48,10,"BMA",3.20090948796876,3.5417900622273,0.5595
"8941",8,48,11,"BMA",8.68787388446849,4.00959621519326,0.826
"8942",8,48,12,"BMA",11.0402879782654,4.13930409751654,0.8705
"8943",8,48,13,"BMA",5.72994721900724,3.63212764014744,0.6945
"8944",8,48,14,"BMA",13.0789937513273,4.13636332976069,0.865
"8945",8,48,15,"BMA",19.1292394315659,5.47060130208599,0.972
"8946",8,48,16,"BMA",18.3386185953672,5.47757866152834,0.974
"8947",8,48,17,"BMA",6.65838855281174,3.95650142227657,0.772
"8948",8,48,18,"BMA",4.55313356786797,3.62354747414435,0.724
"8949",8,48,19,"BMA",7.76959542836604,3.92636580572665,0.157
"8950",8,48,20,"BMA",13.1754494005928,4.70448962973722,0.056
"8951",8,48,21,"BMA",5.76786735913625,3.75486540278892,0.247
"8952",8,48,22,"BMA",5.1563549688953,3.71843066129397,0.264
"8953",8,48,23,"BMA",4.18597120840107,3.63831890151042,0.7175
"8954",8,48,24,"BMA",5.92355692672187,3.96425408241177,0.812
"8955",8,48,25,"BMA",3.08880536884824,3.47383381910534,0.62
"8956",8,48,26,"BMA",3.47842080202359,3.46086217922358,0.712
"8957",8,48,27,"BMA",4.90192752261998,3.61733042160939,0.827
"8958",8,48,28,"BMA",2.07932228037224,3.05363974284601,0.531
"8959",8,48,29,"BMA",1.80766652442477,2.93128998542015,0.4185
"8960",8,48,30,"BMA",1.47215263685388,2.79615555754025,0.53
"8961",8,48,31,"BMA",2.3465226054949,2.89088978582524,0.748
"8962",8,48,32,"BMA",3.08645112503489,3.05543685375839,0.8285
"8963",8,48,33,"BMA",4.60160722239338,3.49960528335081,0.901
"8964",8,48,34,"BMA",4.8575260443352,3.63929642424133,0.9255
"8965",8,48,35,"BMA",6.07120362983947,4.11723766352744,0.952
"8966",8,48,36,"BMA",5.41736223591999,3.73548440194138,0.9325
"8967",8,48,37,"BMA",1.42357806039528,2.62438814254919,0.64
"8968",8,48,38,"BMA",1.056368306614,2.43974505482951,0.5955
"8969",8,48,1,"AVS",2.3200556400532,3.13636846614087,0.6
"8970",8,48,2,"AVS",3.12687565776388,3.10791974917048,0.91
"8971",8,48,3,"AVS",1.55723856880586,2.43872864871666,0.86
"8972",8,48,4,"AVS",6.84403378443601,6.84852300367856,0.991
"8973",8,48,5,"AVS",10.1241834463779,5.26498892707984,0.9675
"8974",8,48,6,"AVS",6.66609000804106,3.7857591330556,0.839
"8975",8,48,7,"AVS",4.20671685217749,3.41002750993619,0.065
"8976",8,48,8,"AVS",9.67628130481781,6.26137149139948,0.0065
"8977",8,48,9,"AVS",12.945444785836,5.92391118108625,0.97
"8978",8,48,10,"AVS",3.19839210212395,3.51995715096247,0.5575
"8979",8,48,11,"AVS",8.68766787011185,4.01591201045998,0.837
"8980",8,48,12,"AVS",11.0167973539136,4.17490588891559,0.879
"8981",8,48,13,"AVS",9.05327936369369,4.6359706904196,0.0485
"8982",8,48,14,"AVS",8.39559738874404,3.78696168333788,0.758
"8983",8,48,15,"AVS",1.85673011680168,2.95448514662638,0.645
"8984",8,48,16,"AVS",1.64505788882183,2.81917121916115,0.3665
"8985",8,48,17,"AVS",10.392015845265,5.16171470535398,0.009
"8986",8,48,18,"AVS",5.79558082217609,3.64917372267987,0.091
"8987",8,48,19,"AVS",22.5751826853266,12.5962587680503,0
"8988",8,48,20,"AVS",6.28973834967982,3.740159821929,0.0905
"8989",8,48,21,"AVS",2.13237580144366,3.10175110111229,0.5925
"8990",8,48,22,"AVS",2.24493909489957,3.02194028052208,0.3385
"8991",8,48,23,"AVS",6.0033851056632,3.63193005355395,0.8955
"8992",8,48,24,"AVS",2.43206771130021,3.07309002431842,0.677
"8993",8,48,25,"AVS",4.38965741315213,3.39552049384996,0.18
"8994",8,48,26,"AVS",2.03740635610236,3.07846674077646,0.6345
"8995",8,48,27,"AVS",2.341142609014,3.02722710097975,0.663
"8996",8,48,28,"AVS",4.26103217855965,3.37067671065658,0.171
"8997",8,48,29,"AVS",1.69224221820806,2.95074020443294,0.523
"8998",8,48,30,"AVS",2.56402729118285,3.10664941386059,0.719
"8999",8,48,31,"AVS",3.42570466015774,3.19637382442934,0.802
"9000",8,48,32,"AVS",1.65758472565444,2.93045235340484,0.5775
"9001",8,48,33,"AVS",2.05655615242581,2.93842251911169,0.6225
"9002",8,48,34,"AVS",1.61081431297849,2.82523657858636,0.529
"9003",8,48,35,"AVS",1.8842420390561,2.947833870863,0.637
"9004",8,48,36,"AVS",1.57260948811079,2.81079624997614,0.48
"9005",8,48,37,"AVS",3.0467942726129,3.080322364234,0.2175
"9006",8,48,38,"AVS",1.78625740558008,2.8726231070585,0.633
"9007",8,48,1,"EQW",2.3200556400532,3.15206852759536,0.5825
"9008",8,48,2,"EQW",2.57330699763467,3.17342066939452,0.729
"9009",8,48,3,"EQW",2.5459887487115,3.06934068698507,0.756
"9010",8,48,4,"EQW",7.1834190497585,4.36955925905327,0.9165
"9011",8,48,5,"EQW",12.8211168477888,5.11971615745483,0.97
"9012",8,48,6,"EQW",9.17596123798053,3.73719128827001,0.842
"9013",8,48,7,"EQW",5.9730818897298,3.85873464409885,0.642
"9014",8,48,8,"EQW",4.69246434850601,4.0390795701554,0.402
"9015",8,48,9,"EQW",11.7473298470399,4.73105486762833,0.9115
"9016",8,48,10,"EQW",4.57953621197056,3.91889669995542,0.5475
"9017",8,48,11,"EQW",7.51980890784035,3.80988347927207,0.839
"9018",8,48,12,"EQW",7.79883617407603,3.72256327253473,0.8105
"9019",8,48,13,"EQW",4.37381152753199,3.87821638073861,0.518
"9020",8,48,14,"EQW",5.93120752335464,3.61594150588974,0.7285
"9021",8,48,15,"EQW",9.5693397558293,3.90981210535257,0.8535
"9022",8,48,16,"EQW",8.44718923418493,3.90125536879235,0.772
"9023",8,48,17,"EQW",5.31296288400223,4.14415983430569,0.559
"9024",8,48,18,"EQW",4.58635500654735,3.80017674493439,0.6
"9025",8,48,19,"EQW",7.83531521059197,4.16686805230601,0.2405
"9026",8,48,20,"EQW",8.17469649076889,4.06443473030975,0.135
"9027",8,48,21,"EQW",3.90751164342785,3.4933689202618,0.323
"9028",8,48,22,"EQW",5.2516871832088,3.64295732684213,0.2275
"9029",8,48,23,"EQW",3.26453800721775,3.5850007992524,0.5995
"9030",8,48,24,"EQW",2.96965479004845,3.50004453882934,0.573
"9031",8,48,25,"EQW",3.5134965230272,3.45736137093646,0.3445
"9032",8,48,26,"EQW",2.55073297020961,3.24810626071139,0.509
"9033",8,48,27,"EQW",2.58557570257331,3.3247553122191,0.61
"9034",8,48,28,"EQW",3.89485679099791,3.41877372342918,0.2725
"9035",8,48,29,"EQW",3.39645025222585,3.28044079490112,0.2955
"9036",8,48,30,"EQW",2.59834896267777,3.23489508638037,0.4045
"9037",8,48,31,"EQW",2.27210193624821,3.25623967692899,0.5375
"9038",8,48,32,"EQW",2.03153084571822,3.12512869345009,0.4965
"9039",8,48,33,"EQW",2.18358076823203,3.12720815585076,0.6045
"9040",8,48,34,"EQW",2.05476982103991,3.1493222237313,0.568
"9041",8,48,35,"EQW",2.49988257385767,3.25462715177775,0.6825
"9042",8,48,36,"EQW",2.33005559952435,3.17848905410084,0.6475
"9043",8,48,37,"EQW",1.98270348065094,2.94416750510772,0.4005
"9044",8,48,38,"EQW",1.50182010894523,2.77724764858234,0.5155
"9045",8,48,1,"SGP",2.3200556400532,3.18469374698382,0.6075
"9046",8,48,2,"SGP",3.05395457645701,3.05988285457922,0.89
"9047",8,48,3,"SGP",1.66828018880197,2.39290761597683,0.8675
"9048",8,48,4,"SGP",6.92261414394314,6.46628174365692,0.9925
"9049",8,48,5,"SGP",11.2196540923217,7.99933831652278,0.997
"9050",8,48,6,"SGP",1.15888274843904,2.52903563772066,0.6125
"9051",8,48,7,"SGP",4.08068444241319,3.38135866075355,0.082
"9052",8,48,8,"SGP",9.54846181389245,6.60175108797669,0.01
"9053",8,48,9,"SGP",14.0408673181738,7.70257485728261,0.996
"9054",8,48,10,"SGP",9.17215855496049,4.35066624805894,0.0505
"9055",8,48,11,"SGP",2.0624377736579,3.0259704921496,0.6625
"9056",8,48,12,"SGP",1.88763577535064,2.90456096873287,0.634
"9057",8,48,13,"SGP",9.65699167822239,4.87637730447664,0.021
"9058",8,48,14,"SGP",1.74966944322,2.93663774181178,0.3995
"9059",8,48,15,"SGP",1.88132359714417,2.83107631855745,0.6245
"9060",8,48,16,"SGP",1.64589728473143,2.75508255105173,0.3935
"9061",8,48,17,"SGP",10.2904084557679,4.87257208717474,0.0165
"9062",8,48,18,"SGP",5.74391006065705,3.74116082864455,0.098
"9063",8,48,19,"SGP",22.4410206860877,9.30341634206278,0
"9064",8,48,20,"SGP",6.30755689651378,3.74475001178995,0.107
"9065",8,48,21,"SGP",2.13108892176583,3.03332732756171,0.592
"9066",8,48,22,"SGP",2.26177006683106,3.06022458101817,0.3325
"9067",8,48,23,"SGP",5.96601112421329,3.66214685003097,0.8815
"9068",8,48,24,"SGP",2.43197098751583,3.11529701952008,0.6715
"9069",8,48,25,"SGP",4.38520438820725,3.4161692454927,0.162
"9070",8,48,26,"SGP",2.03865007853611,3.01085286138166,0.622
"9071",8,48,27,"SGP",2.3404379401698,3.05558038093588,0.678
"9072",8,48,28,"SGP",4.25982923062966,3.33769731181417,0.1655
"9073",8,48,29,"SGP",1.69829536574789,2.94488757861926,0.5055
"9074",8,48,30,"SGP",2.55251514666126,3.07712558868591,0.7025
"9075",8,48,31,"SGP",3.41109063920096,3.21846585384827,0.793
"9076",8,48,32,"SGP",1.66008264761813,2.99923448298045,0.5505
"9077",8,48,33,"SGP",2.05750631620088,2.96232955586283,0.6645
"9078",8,48,34,"SGP",1.61368330976495,2.91030978203442,0.52
"9079",8,48,35,"SGP",1.88811137857337,3.02401362313716,0.632
"9080",8,48,36,"SGP",1.5753395416769,2.82616190656229,0.468
"9081",8,48,37,"SGP",3.03783528684067,3.09556105392705,0.208
"9082",8,48,38,"SGP",1.78209164672222,2.87127779283415,0.6285
"9083",8,48,1,"SGP50",2.3200556400532,3.16564711549932,0.5745
"9084",8,48,2,"SGP50",2.5871551309075,3.15518471186411,0.7365
"9085",8,48,3,"SGP50",2.5229930140466,2.9292623919837,0.744
"9086",8,48,4,"SGP50",7.16454768786382,4.41364771941233,0.917
"9087",8,48,5,"SGP50",12.5521796514616,5.26737051449642,0.97
"9088",8,48,6,"SGP50",7.66264813453295,3.60003425956185,0.8355
"9089",8,48,7,"SGP50",4.55565720484554,3.67769979277575,0.549
"9090",8,48,8,"SGP50",5.09300805548568,4.20226467437622,0.2995
"9091",8,48,9,"SGP50",11.4457306514968,4.77700553257166,0.912
"9092",8,48,10,"SGP50",4.29825062636807,3.94784299668193,0.404
"9093",8,48,11,"SGP50",5.29566948026725,3.55755620788347,0.765
"9094",8,48,12,"SGP50",4.89335475772375,3.39238433886276,0.7665
"9095",8,48,13,"SGP50",4.90266968847478,4.00107185150769,0.296
"9096",8,48,14,"SGP50",3.15945897440549,3.29981558157628,0.5945
"9097",8,48,15,"SGP50",4.53339864330309,3.32964674188885,0.7595
"9098",8,48,16,"SGP50",3.04546381434989,3.22157506643925,0.563
"9099",8,48,17,"SGP50",6.16673519867378,4.34165684523297,0.245
"9100",8,48,18,"SGP50",3.82903203632136,3.65742897535081,0.295
"9101",8,48,19,"SGP50",15.8467329636278,5.10442168410234,0.072
"9102",8,48,20,"SGP50",7.44340293434219,3.93756317265004,0.105
"9103",8,48,21,"SGP50",2.54613255249395,3.28219725283481,0.465
"9104",8,48,22,"SGP50",3.48940135873084,3.28104560500597,0.2695
"9105",8,48,23,"SGP50",4.29378358493859,3.63808282282938,0.753
"9106",8,48,24,"SGP50",2.51424494263234,3.3007484973355,0.632
"9107",8,48,25,"SGP50",4.22066464640027,3.55898031871352,0.2
"9108",8,48,26,"SGP50",2.19866799104376,3.14538047610777,0.5705
"9109",8,48,27,"SGP50",2.36194327135503,3.15949916460037,0.63
"9110",8,48,28,"SGP50",4.25909069501387,3.47039571111697,0.1955
"9111",8,48,29,"SGP50",2.18891776739115,3.0757513596026,0.4265
"9112",8,48,30,"SGP50",2.19212136854949,3.10061417675701,0.5855
"9113",8,48,31,"SGP50",2.76505001537271,3.22948819699027,0.686
"9114",8,48,32,"SGP50",1.80588439562551,2.97838758103554,0.5265
"9115",8,48,33,"SGP50",2.11578770384011,3.02673759478776,0.6425
"9116",8,48,34,"SGP50",1.78809775302358,2.94984836496477,0.5245
"9117",8,48,35,"SGP50",2.11085296152781,3.11841904152057,0.637
"9118",8,48,36,"SGP50",1.78387869173849,3.05021067397447,0.511
"9119",8,48,37,"SGP50",2.60278624444783,3.06258726218572,0.2965
"9120",8,48,38,"SGP50",1.61682530493909,2.87839689186763,0.568
"9121",8,49,1,"BMA",3.69526706584817,3.45835770208609,0.715
"9122",8,49,2,"BMA",2.47950823402107,3.09150011839225,0.335
"9123",8,49,3,"BMA",1.88741820518542,2.80723052308063,0.6535
"9124",8,49,4,"BMA",2.47860407683818,2.84353674316402,0.8265
"9125",8,49,5,"BMA",5.77963965204303,4.54999310943164,0.0705
"9126",8,49,6,"BMA",17.3794273315189,6.58997309097969,0.9935
"9127",8,49,7,"BMA",9.36692249739677,4.19592520359317,0.8875
"9128",8,49,8,"BMA",8.49425192723168,4.06572352512731,0.867
"9129",8,49,9,"BMA",9.9588056377513,4.41719824938355,0.9035
"9130",8,49,10,"BMA",2.97168680044248,3.40203756771803,0.443
"9131",8,49,11,"BMA",3.20749753358734,3.47782107675382,0.5725
"9132",8,49,12,"BMA",3.43251500340395,3.46903652384498,0.5515
"9133",8,49,13,"BMA",4.78901534597355,3.56276532690252,0.632
"9134",8,49,14,"BMA",9.94571706944898,4.12517351948032,0.902
"9135",8,49,15,"BMA",8.80803968009215,4.03712417333731,0.8835
"9136",8,49,16,"BMA",5.69772068351283,3.5025055494797,0.8295
"9137",8,49,17,"BMA",1.9700406749504,3.0188497958238,0.462
"9138",8,49,18,"BMA",4.68175467518156,3.61416908847732,0.1695
"9139",8,49,19,"BMA",1.98814099679502,3.0569616935116,0.533
"9140",8,49,20,"BMA",2.29202162037502,3.16391383345295,0.3665
"9141",8,49,21,"BMA",2.52246091655499,3.20673017620922,0.3205
"9142",8,49,22,"BMA",7.12530245231114,3.91553183388394,0.091
"9143",8,49,23,"BMA",2.12848913302079,3.15374401765527,0.3885
"9144",8,49,24,"BMA",3.05119629229573,3.24754804468209,0.265
"9145",8,49,25,"BMA",19.2674513688531,6.75070744028892,5e-04
"9146",8,49,26,"BMA",12.6810324699759,4.6934883913197,0.0255
"9147",8,49,27,"BMA",6.47883304575234,3.79301721893003,0.153
"9148",8,49,28,"BMA",2.93349578949405,3.36283033927639,0.3625
"9149",8,49,29,"BMA",5.67867219989921,3.64537841180439,0.1875
"9150",8,49,30,"BMA",2.44231614632185,3.29061442112761,0.496
"9151",8,49,31,"BMA",2.17101219789862,3.18766125580692,0.478
"9152",8,49,32,"BMA",2.2276249290141,3.07998900466659,0.4145
"9153",8,49,33,"BMA",2.09395400114814,3.13725574881309,0.427
"9154",8,49,34,"BMA",2.05691179109541,3.01310585427121,0.59
"9155",8,49,35,"BMA",3.30952972210976,3.30128306641672,0.221
"9156",8,49,36,"BMA",2.14780198518855,3.01569333348404,0.65
"9157",8,49,37,"BMA",2.77196057870115,3.12869670706431,0.2615
"9158",8,49,38,"BMA",1.81665876157409,2.95104911645303,0.3885
"9159",8,49,1,"AVS",3.69526706584817,3.45045853151828,0.716
"9160",8,49,2,"AVS",3.30163356194911,3.1789519318297,0.3015
"9161",8,49,3,"AVS",2.1006661802845,2.94792100843855,0.629
"9162",8,49,4,"AVS",2.71157719425976,2.84538957589025,0.8325
"9163",8,49,5,"AVS",6.75763714845643,5.71988360031189,0.0065
"9164",8,49,6,"AVS",15.9391981644223,7.74263387483628,0.9985
"9165",8,49,7,"AVS",1.96168846607004,2.91169400690629,0.696
"9166",8,49,8,"AVS",3.31744530194234,3.1163005004083,0.834
"9167",8,49,9,"AVS",4.24993214348161,3.30498137195803,0.875
"9168",8,49,10,"AVS",8.26340685255654,4.51004036178721,0.026
"9169",8,49,11,"AVS",1.72129510254162,2.91411325479951,0.3915
"9170",8,49,12,"AVS",3.24312601821957,3.16851072669858,0.2075
"9171",8,49,13,"AVS",3.74856585299626,3.33415167035537,0.15
"9172",8,49,14,"AVS",2.20905310141471,2.92501276719674,0.7045
"9173",8,49,15,"AVS",1.46507676051672,2.81634794848293,0.4695
"9174",8,49,16,"AVS",1.71908011546864,2.78324863394596,0.6465
"9175",8,49,17,"AVS",2.33254620916036,2.9303559091615,0.286
"9176",8,49,18,"AVS",7.0022494099217,4.09067706464791,0.039
"9177",8,49,19,"AVS",2.18629862517885,2.8962875476706,0.2925
"9178",8,49,20,"AVS",3.6612132032157,3.22155589022047,0.1485
"9179",8,49,21,"AVS",4.38618095259476,3.39806352795334,0.117
"9180",8,49,22,"AVS",11.4074815373452,5.43020980325363,0.007
"9181",8,49,23,"AVS",1.57097058341533,2.85461351697113,0.483
"9182",8,49,24,"AVS",2.14577415051533,2.91065137345249,0.3135
"9183",8,49,25,"AVS",17.6404747037762,8.83610481173358,0.002
"9184",8,49,26,"AVS",3.88124022254776,3.35151499326482,0.208
"9185",8,49,27,"AVS",2.32493643791466,3.09286009850496,0.7005
"9186",8,49,28,"AVS",4.5635385101607,3.45949076295401,0.854
"9187",8,49,29,"AVS",1.67617783359891,2.84560760740978,0.4795
"9188",8,49,30,"AVS",3.36350326165295,3.17981382857006,0.7635
"9189",8,49,31,"AVS",2.82547319095272,3.07573293501135,0.76
"9190",8,49,32,"AVS",1.8710211580329,2.91021085042661,0.565
"9191",8,49,33,"AVS",1.68143333915448,2.90094051020322,0.5805
"9192",8,49,34,"AVS",2.36429120308396,3.00508701823079,0.695
"9193",8,49,35,"AVS",2.58912377227,3.09259248442604,0.2645
"9194",8,49,36,"AVS",2.42516564124096,3.04788872215561,0.718
"9195",8,49,37,"AVS",2.33257864385627,3.04722070880003,0.296
"9196",8,49,38,"AVS",1.59079197832034,2.82674273398471,0.4155
"9197",8,49,1,"EQW",3.69526706584817,3.41726654587875,0.7035
"9198",8,49,2,"EQW",2.56762402931864,3.10865371072442,0.3325
"9199",8,49,3,"EQW",1.98157130762946,2.98353205913599,0.593
"9200",8,49,4,"EQW",3.14057582535022,3.11788242486443,0.7445
"9201",8,49,5,"EQW",3.19020816526688,3.50787700420686,0.2955
"9202",8,49,6,"EQW",16.2246432476207,5.98997148308313,0.983
"9203",8,49,7,"EQW",7.17400487732856,3.66002311088735,0.849
"9204",8,49,8,"EQW",8.7504398836874,3.90804661815424,0.888
"9205",8,49,9,"EQW",10.2537318039664,4.20014893034125,0.9215
"9206",8,49,10,"EQW",3.82413129419762,3.72851465372263,0.4335
"9207",8,49,11,"EQW",3.68468488815252,3.4277253781618,0.6525
"9208",8,49,12,"EQW",3.28347317386075,3.51818542562739,0.5575
"9209",8,49,13,"EQW",3.49051033637645,3.52402520893184,0.545
"9210",8,49,14,"EQW",7.61695200190069,3.71593896870609,0.864
"9211",8,49,15,"EQW",7.35282418692634,3.72351987233946,0.8
"9212",8,49,16,"EQW",9.37448563433255,3.85640891857081,0.87
"9213",8,49,17,"EQW",6.94598924184706,3.72112788406064,0.7135
"9214",8,49,18,"EQW",5.13821989367025,3.89996057012202,0.5565
"9215",8,49,19,"EQW",5.79772058948709,3.64677477003194,0.6975
"9216",8,49,20,"EQW",4.98438195737937,3.68030117610189,0.6495
"9217",8,49,21,"EQW",4.38323719716333,3.62819866917022,0.5865
"9218",8,49,22,"EQW",4.61922023290697,3.9085182470099,0.398
"9219",8,49,23,"EQW",2.98607635630386,3.25028764132373,0.5795
"9220",8,49,24,"EQW",2.99585855360776,3.48949872713309,0.4525
"9221",8,49,25,"EQW",12.8992644171188,4.78292920706051,0.12
"9222",8,49,26,"EQW",9.55637920580585,4.03645673795863,0.115
"9223",8,49,27,"EQW",5.76179693129683,3.74644669941326,0.2455
"9224",8,49,28,"EQW",3.0672476168835,3.42334766375168,0.4205
"9225",8,49,29,"EQW",3.85643977594659,3.3811391405359,0.2685
"9226",8,49,30,"EQW",2.46470326855608,3.34291198050939,0.499
"9227",8,49,31,"EQW",2.38230226333364,3.2512480023189,0.563
"9228",8,49,32,"EQW",2.27686418558759,3.21556122633137,0.524
"9229",8,49,33,"EQW",2.18064244012158,3.16684156904471,0.5215
"9230",8,49,34,"EQW",2.57082822907652,3.23309006319397,0.6335
"9231",8,49,35,"EQW",2.36927592682523,3.21437172628168,0.4215
"9232",8,49,36,"EQW",2.24971385170001,3.12846814762827,0.6185
"9233",8,49,37,"EQW",2.35279726982708,2.99795679573539,0.3375
"9234",8,49,38,"EQW",2.62559728854013,3.02752835020537,0.275
"9235",8,49,1,"SGP",3.69526706584817,3.45365078688533,0.7305
"9236",8,49,2,"SGP",1.84512039354541,2.89413518384223,0.3705
"9237",8,49,3,"SGP",1.09125283545152,2.36587726984161,0.63
"9238",8,49,4,"SGP",1.82791879869347,2.54175424989394,0.827
"9239",8,49,5,"SGP",6.42308701226508,5.12937946978839,0.0185
"9240",8,49,6,"SGP",14.1494852724779,17.5847337593624,0.9985
"9241",8,49,7,"SGP",2.02483646725619,2.89067492639136,0.686
"9242",8,49,8,"SGP",3.42156349720222,3.18014572089984,0.826
"9243",8,49,9,"SGP",4.3420791162037,3.40763249783566,0.8805
"9244",8,49,10,"SGP",8.07264258502999,4.47054320083806,0.0385
"9245",8,49,11,"SGP",1.72465718363284,2.85658502513757,0.4195
"9246",8,49,12,"SGP",3.19456452975471,3.09991188539505,0.2015
"9247",8,49,13,"SGP",3.68927868555342,3.29434964664772,0.1645
"9248",8,49,14,"SGP",2.252479496349,2.98228194624229,0.719
"9249",8,49,15,"SGP",1.48140403575642,2.79503964951061,0.4895
"9250",8,49,16,"SGP",1.75059855221752,2.79997138696863,0.6565
"9251",8,49,17,"SGP",2.30936426365624,2.88741175770164,0.2645
"9252",8,49,18,"SGP",6.91255099662371,4.12805122022967,0.0445
"9253",8,49,19,"SGP",2.16860084662164,2.8262300457421,0.286
"9254",8,49,20,"SGP",3.62239125655728,3.09873370456851,0.1445
"9255",8,49,21,"SGP",4.34012603041325,3.34330218697087,0.135
"9256",8,49,22,"SGP",11.3140787199203,5.23524313115857,0.011
"9257",8,49,23,"SGP",1.57526616191914,2.9067677492669,0.4545
"9258",8,49,24,"SGP",2.14926443664079,2.93222765082121,0.3135
"9259",8,49,25,"SGP",17.6296884727394,9.1545027045931,5e-04
"9260",8,49,26,"SGP",3.92313455272699,3.345244209134,0.1685
"9261",8,49,27,"SGP",2.31069533901032,3.01449959734401,0.6925
"9262",8,49,28,"SGP",4.51711805145471,3.55354568792766,0.86
"9263",8,49,29,"SGP",1.68732047042385,2.89290699239065,0.4645
"9264",8,49,30,"SGP",3.34071639333096,3.24301691191464,0.792
"9265",8,49,31,"SGP",2.81291873808718,3.05608128489369,0.704
"9266",8,49,32,"SGP",1.87151266483313,2.92212767412803,0.5695
"9267",8,49,33,"SGP",1.68465292887388,2.88024511878283,0.5615
"9268",8,49,34,"SGP",2.36244013448994,2.98398780309846,0.6865
"9269",8,49,35,"SGP",2.59106728121125,3.06283789868754,0.2785
"9270",8,49,36,"SGP",2.42080445097227,3.01394975612055,0.7185
"9271",8,49,37,"SGP",2.33644412888221,3.02795294707054,0.271
"9272",8,49,38,"SGP",1.59778373623594,2.81164042381717,0.429
"9273",8,49,1,"SGP50",3.69526706584817,3.4728358643312,0.7345
"9274",8,49,2,"SGP50",2.52494514942713,3.11975074468039,0.331
"9275",8,49,3,"SGP50",1.95395527343008,2.88246670295388,0.5795
"9276",8,49,4,"SGP50",3.12978207056863,3.17252767051029,0.7675
"9277",8,49,5,"SGP50",3.25569084039174,3.42978472624621,0.2845
"9278",8,49,6,"SGP50",16.1511799761277,6.48598345296313,0.989
"9279",8,49,7,"SGP50",6.34494870481226,3.58764424211882,0.8215
"9280",8,49,8,"SGP50",7.63919583289258,3.80000005847201,0.882
"9281",8,49,9,"SGP50",8.61990958638196,3.99650118440536,0.921
"9282",8,49,10,"SGP50",4.05197501412546,3.72961584031593,0.35
"9283",8,49,11,"SGP50",2.77488928639614,3.23833397319219,0.571
"9284",8,49,12,"SGP50",2.64392325016881,3.37693438702753,0.4505
"9285",8,49,13,"SGP50",2.77327800498508,3.36448049142539,0.427
"9286",8,49,14,"SGP50",5.08065953997588,3.37864618262797,0.823
"9287",8,49,15,"SGP50",3.76305602694721,3.27188084960952,0.692
"9288",8,49,16,"SGP50",4.58793964802948,3.33442201657277,0.7725
"9289",8,49,17,"SGP50",2.79795181038972,3.20665716506137,0.5135
"9290",8,49,18,"SGP50",4.10367285332104,3.80886578466397,0.284
"9291",8,49,19,"SGP50",2.37068894239279,3.11143527020254,0.5035
"9292",8,49,20,"SGP50",2.6555826349479,3.293958461871,0.381
"9293",8,49,21,"SGP50",2.888356285005,3.34887093233796,0.3405
"9294",8,49,22,"SGP50",7.344071761769,4.46838543867773,0.136
"9295",8,49,23,"SGP50",1.86651410237657,3.05467710193168,0.469
"9296",8,49,24,"SGP50",2.39097170669811,3.11168202753643,0.3235
"9297",8,49,25,"SGP50",17.0239697001464,6.30415438663221,0.024
"9298",8,49,26,"SGP50",6.69247892405822,3.70866278884521,0.1395
"9299",8,49,27,"SGP50",2.83146927729958,3.31491235800482,0.46
"9300",8,49,28,"SGP50",2.94408755285939,3.44920274556692,0.6535
"9301",8,49,29,"SGP50",2.5952584008018,3.13569132951333,0.3605
"9302",8,49,30,"SGP50",2.52538384739597,3.26996394961925,0.619
"9303",8,49,31,"SGP50",2.37124229632089,3.17192503401358,0.623
"9304",8,49,32,"SGP50",1.98396112557525,3.10000392706264,0.547
"9305",8,49,33,"SGP50",1.89200100545908,3.04651480388606,0.5145
"9306",8,49,34,"SGP50",2.31346290595424,3.08486498949733,0.656
"9307",8,49,35,"SGP50",2.68982712977158,3.17194985372306,0.3
"9308",8,49,36,"SGP50",2.24994358737247,3.11686087150637,0.6445
"9309",8,49,37,"SGP50",2.53456218291024,3.09241503935478,0.31
"9310",8,49,38,"SGP50",2.02610910199999,2.96744363759268,0.352
"9311",8,50,1,"BMA",8.80208387314014,4.18784969257339,0.9125
"9312",8,50,2,"BMA",2.72759444722712,3.35080908518791,0.624
"9313",8,50,3,"BMA",11.0902496580668,4.57472827758656,0.9265
"9314",8,50,4,"BMA",7.1369815543272,4.14075025413597,0.8175
"9315",8,50,5,"BMA",4.78318300439784,3.85513443106905,0.611
"9316",8,50,6,"BMA",3.96372290023399,3.7519688029346,0.464
"9317",8,50,7,"BMA",3.56384940529122,3.59707182594179,0.5305
"9318",8,50,8,"BMA",3.43262076990101,3.62033568307986,0.515
"9319",8,50,9,"BMA",9.32134090034357,4.01372324703196,0.901
"9320",8,50,10,"BMA",6.77518860407672,4.32877384548578,0.2515
"9321",8,50,11,"BMA",14.6386118066938,4.75482415327443,0.9575
"9322",8,50,12,"BMA",5.45002600832375,3.83638653930906,0.354
"9323",8,50,13,"BMA",6.22866495274359,3.81148765855009,0.8315
"9324",8,50,14,"BMA",2.4464410541238,3.25708328872999,0.48
"9325",8,50,15,"BMA",6.13391517960114,3.65071643740923,0.868
"9326",8,50,16,"BMA",6.40010318325891,3.7994193319954,0.8685
"9327",8,50,17,"BMA",2.19904647334283,3.16938137960924,0.552
"9328",8,50,18,"BMA",1.90555349873547,3.02091265095848,0.473
"9329",8,50,19,"BMA",6.96138305503333,3.92947335419023,0.1015
"9330",8,50,20,"BMA",7.62190019794275,4.12423726842855,0.0865
"9331",8,50,21,"BMA",6.6752435135488,3.90831749373685,0.1245
"9332",8,50,22,"BMA",7.8258794262664,3.98994181315158,0.088
"9333",8,50,23,"BMA",5.34680598450407,3.58698801110739,0.144
"9334",8,50,24,"BMA",9.9626857099285,4.39151517832192,0.0545
"9335",8,50,25,"BMA",7.63291061404878,3.8446264239514,0.105
"9336",8,50,26,"BMA",3.61428653225673,3.53992365377579,0.701
"9337",8,50,27,"BMA",3.35487704787214,3.51493923276984,0.692
"9338",8,50,28,"BMA",5.33194986068219,3.56799736355271,0.1615
"9339",8,50,29,"BMA",4.6747004033228,3.5107940059774,0.177
"9340",8,50,30,"BMA",2.94255079476635,3.25163402128722,0.336
"9341",8,50,31,"BMA",2.24919763074098,3.15619255090864,0.6145
"9342",8,50,32,"BMA",2.43101910670758,3.19842606815441,0.6305
"9343",8,50,33,"BMA",1.92478199169877,3.02675832180337,0.5825
"9344",8,50,34,"BMA",1.64715713385339,2.8906553587997,0.5085
"9345",8,50,35,"BMA",1.89204951399382,2.95873141634349,0.3825
"9346",8,50,36,"BMA",1.69563081725472,2.86371975609076,0.542
"9347",8,50,37,"BMA",2.56541440185373,3.03537174186229,0.732
"9348",8,50,38,"BMA",1.6462163625789,2.85102279680428,0.444
"9349",8,50,1,"AVS",8.80208387314014,4.20532534146164,0.902
"9350",8,50,2,"AVS",2.44407200831409,3.21847868701298,0.6015
"9351",8,50,3,"AVS",11.3911664242586,4.59216864719043,0.9335
"9352",8,50,4,"AVS",10.1569861662423,4.37099836732652,0.9225
"9353",8,50,5,"AVS",3.92729189980866,3.79868634267059,0.4255
"9354",8,50,6,"AVS",5.63222551009762,3.76139155195859,0.2455
"9355",8,50,7,"AVS",3.97841468737049,3.6815403760872,0.45
"9356",8,50,8,"AVS",3.73507517973263,3.68942857661961,0.5265
"9357",8,50,9,"AVS",12.0807517332388,4.37542517682039,0.9255
"9358",8,50,10,"AVS",13.8710842304956,6.32240340889745,0.004
"9359",8,50,11,"AVS",12.7155847525871,4.47474849811406,0.945
"9360",8,50,12,"AVS",17.9357953602213,7.05573677120427,5e-04
"9361",8,50,13,"AVS",4.51946862605557,3.57860761262609,0.799
"9362",8,50,14,"AVS",2.14686974322349,3.12935075009863,0.4675
"9363",8,50,15,"AVS",5.97619560889227,3.62985390937986,0.879
"9364",8,50,16,"AVS",7.00962532617056,3.91629622002913,0.8965
"9365",8,50,17,"AVS",2.09509981026716,3.08000583352544,0.619
"9366",8,50,18,"AVS",1.86306656972705,3.03531397747425,0.4665
"9367",8,50,19,"AVS",6.97389303878095,3.93038800291185,0.093
"9368",8,50,20,"AVS",7.9434389204145,4.13951177533448,0.065
"9369",8,50,21,"AVS",7.26889577242137,3.9449394170455,0.0905
"9370",8,50,22,"AVS",7.71782996978935,3.9584235471763,0.0855
"9371",8,50,23,"AVS",1.58658190427094,2.8654805463181,0.4595
"9372",8,50,24,"AVS",3.51711596104574,3.23471603406924,0.202
"9373",8,50,25,"AVS",3.40358528488432,3.13871621750241,0.199
"9374",8,50,26,"AVS",6.62380559753065,3.85584263213457,0.9425
"9375",8,50,27,"AVS",7.01491510300096,4.01090464717427,0.9295
"9376",8,50,28,"AVS",4.08308977295014,3.33566261361939,0.146
"9377",8,50,29,"AVS",3.77173455733893,3.20898765433813,0.181
"9378",8,50,30,"AVS",1.74798790293977,2.96500763380613,0.539
"9379",8,50,31,"AVS",2.88797839330014,3.12048491913403,0.7635
"9380",8,50,32,"AVS",3.07705419428462,3.1501345563566,0.779
"9381",8,50,33,"AVS",1.95404801514009,2.93795623101781,0.633
"9382",8,50,34,"AVS",1.56962349158061,2.87313290002465,0.526
"9383",8,50,35,"AVS",1.77254573388239,2.88582688689937,0.3865
"9384",8,50,36,"AVS",1.68414193592036,2.78668281069943,0.571
"9385",8,50,37,"AVS",2.6811904085754,3.03175327375407,0.7415
"9386",8,50,38,"AVS",1.6104015538661,2.79021336756859,0.427
"9387",8,50,1,"EQW",8.80208387314014,4.299236782357,0.915
"9388",8,50,2,"EQW",3.51037041635744,3.40316886062083,0.73
"9389",8,50,3,"EQW",12.5358594327753,4.70887181137733,0.9405
"9390",8,50,4,"EQW",5.25641470906327,3.6278731246436,0.7485
"9391",8,50,5,"EQW",4.51689658981873,3.6746279473769,0.685
"9392",8,50,6,"EQW",3.22412659696981,3.52754958324582,0.5355
"9393",8,50,7,"EQW",3.02013223075169,3.39594095133082,0.551
"9394",8,50,8,"EQW",2.98332970450742,3.50151919098076,0.4965
"9395",8,50,9,"EQW",8.0071817186487,3.85203604871353,0.889
"9396",8,50,10,"EQW",4.40640858876392,3.79313060062066,0.3715
"9397",8,50,11,"EQW",10.6030242572823,4.31342562380972,0.933
"9398",8,50,12,"EQW",5.23526831702675,3.84439868327424,0.347
"9399",8,50,13,"EQW",4.84144700752915,3.67344710332283,0.737
"9400",8,50,14,"EQW",3.73944942819104,3.75566803752051,0.434
"9401",8,50,15,"EQW",7.13958783983958,3.70658859375772,0.866
"9402",8,50,16,"EQW",5.85654748858251,3.73917977855471,0.7145
"9403",8,50,17,"EQW",5.00636257420389,4.05394278672286,0.475
"9404",8,50,18,"EQW",3.57263153791382,3.44007035895456,0.5275
"9405",8,50,19,"EQW",4.17940626708927,3.79351371982851,0.3495
"9406",8,50,20,"EQW",3.55332872155416,3.63642733347359,0.4465
"9407",8,50,21,"EQW",3.61416344725222,3.67960323095991,0.5225
"9408",8,50,22,"EQW",3.83635582176289,3.69610407954754,0.346
"9409",8,50,23,"EQW",3.05099239098403,3.44091293502137,0.448
"9410",8,50,24,"EQW",5.09738184568822,3.78844758452351,0.2575
"9411",8,50,25,"EQW",5.73368588798293,3.70592743577824,0.2055
"9412",8,50,26,"EQW",3.0895766064198,3.61018368008089,0.4685
"9413",8,50,27,"EQW",2.80961481302544,3.33447568102105,0.601
"9414",8,50,28,"EQW",3.6187402879838,3.38869798632612,0.241
"9415",8,50,29,"EQW",4.2564051457165,3.39636313529644,0.1855
"9416",8,50,30,"EQW",4.34065788401662,3.509940275834,0.2265
"9417",8,50,31,"EQW",3.15562859854969,3.42719118965618,0.2935
"9418",8,50,32,"EQW",2.59875209190226,3.27179017318507,0.3355
"9419",8,50,33,"EQW",1.78324747465414,2.86841185606405,0.3815
"9420",8,50,34,"EQW",1.59938923893149,2.69216177283766,0.402
"9421",8,50,35,"EQW",1.88366085912482,2.79046465332968,0.305
"9422",8,50,36,"EQW",1.39842563050777,2.65080623976343,0.4125
"9423",8,50,37,"EQW",1.76917724098304,2.71328057458182,0.716
"9424",8,50,38,"EQW",1.24636795024891,2.55617731495345,0.5185
"9425",8,50,1,"SGP",8.80208387314014,4.30026945969689,0.9155
"9426",8,50,2,"SGP",3.46090275398165,3.31675010271772,0.7285
"9427",8,50,3,"SGP",14.5185738827408,5.24161657334761,0.962
"9428",8,50,4,"SGP",7.56688872752424,3.95271777807744,0.857
"9429",8,50,5,"SGP",3.13552404457009,3.24942293712987,0.723
"9430",8,50,6,"SGP",1.83400613458731,3.02211088752592,0.4355
"9431",8,50,7,"SGP",1.92543856594764,2.91528431332314,0.369
"9432",8,50,8,"SGP",3.96036403282357,3.30533762464288,0.175
"9433",8,50,9,"SGP",2.85598488839668,3.05326930109662,0.739
"9434",8,50,10,"SGP",13.4507429952714,6.15769465154569,0.012
"9435",8,50,11,"SGP",4.40710620386493,3.48230775304876,0.8195
"9436",8,50,12,"SGP",17.5160963898567,6.43566636686691,0.0105
"9437",8,50,13,"SGP",2.24466001395456,3.29095454050837,0.463
"9438",8,50,14,"SGP",9.03577600625543,4.26848755315993,0.0705
"9439",8,50,15,"SGP",2.80410335753104,3.08613454696309,0.753
"9440",8,50,16,"SGP",2.35218853683386,3.17570306471632,0.3595
"9441",8,50,17,"SGP",15.4868471637825,7.12150684205324,0.0065
"9442",8,50,18,"SGP",2.70029866659934,3.08926599579861,0.297
"9443",8,50,19,"SGP",2.8554077895137,3.09997703644802,0.265
"9444",8,50,20,"SGP",1.77384050504829,2.8661132500191,0.4385
"9445",8,50,21,"SGP",2.88458031529014,3.13690726908612,0.7455
"9446",8,50,22,"SGP",2.50230854421328,3.02064938701567,0.298
"9447",8,50,23,"SGP",1.52394917442048,2.79053352938941,0.479
"9448",8,50,24,"SGP",3.52890217931092,3.27069048902594,0.179
"9449",8,50,25,"SGP",3.43457782172051,3.27953786617325,0.1925
"9450",8,50,26,"SGP",6.52290213035702,3.86747692160103,0.9285
"9451",8,50,27,"SGP",6.93084662171404,3.9516214701576,0.934
"9452",8,50,28,"SGP",4.08453663830402,3.42518093555355,0.15
"9453",8,50,29,"SGP",3.78125143838881,3.2943487100162,0.192
"9454",8,50,30,"SGP",1.75371739524234,2.95264641502642,0.5345
"9455",8,50,31,"SGP",2.85780431395435,3.20134226509629,0.765
"9456",8,50,32,"SGP",3.04576454291154,3.08813388385181,0.778
"9457",8,50,33,"SGP",1.94604380068484,2.87886769545018,0.646
"9458",8,50,34,"SGP",1.56813432657486,2.72898140693542,0.536
"9459",8,50,35,"SGP",1.77348474448062,2.90614709831196,0.393
"9460",8,50,36,"SGP",1.67836605637115,2.82365599199954,0.5605
"9461",8,50,37,"SGP",2.66973390114936,3.00034977437815,0.744
"9462",8,50,38,"SGP",1.60650534833448,2.79172369312964,0.43
"9463",8,50,1,"SGP50",8.80208387314014,4.25575088896664,0.9155
"9464",8,50,2,"SGP50",3.51140420310634,3.3832831364459,0.72
"9465",8,50,3,"SGP50",12.6945495063469,4.88286019077223,0.947
"9466",8,50,4,"SGP50",5.32937689012043,3.73261742214816,0.761
"9467",8,50,5,"SGP50",4.5349148037726,3.65347876961857,0.7115
"9468",8,50,6,"SGP50",3.13928659239876,3.51725797456957,0.5515
"9469",8,50,7,"SGP50",2.88263497873553,3.35318973057464,0.548
"9470",8,50,8,"SGP50",2.91675819280043,3.44649430124736,0.44
"9471",8,50,9,"SGP50",7.08956399880329,3.79572071553875,0.859
"9472",8,50,10,"SGP50",5.34694214538948,3.94655584348966,0.296
"9473",8,50,11,"SGP50",9.35875599537655,4.07920798376076,0.9135
"9474",8,50,12,"SGP50",6.86654361625211,4.0935801166781,0.2595
"9475",8,50,13,"SGP50",4.21827315263242,3.589745337254,0.688
"9476",8,50,14,"SGP50",4.23980136314787,3.81427174510601,0.3605
"9477",8,50,15,"SGP50",5.96514599267728,3.62853580914793,0.8505
"9478",8,50,16,"SGP50",4.07150939458986,3.5189446913312,0.639
"9479",8,50,17,"SGP50",5.90179811853017,4.08953333064466,0.3185
"9480",8,50,18,"SGP50",2.67125856278939,3.32730878409706,0.448
"9481",8,50,19,"SGP50",4.10681899870369,3.49150037883814,0.257
"9482",8,50,20,"SGP50",2.84061951539709,3.26528829591482,0.393
"9483",8,50,21,"SGP50",2.76949596997617,3.42377332718933,0.537
"9484",8,50,22,"SGP50",3.65811482460202,3.42727101926036,0.2645
"9485",8,50,23,"SGP50",2.47289043712375,3.15049150399415,0.3825
"9486",8,50,24,"SGP50",5.26886492519185,3.59036182303375,0.1795
"9487",8,50,25,"SGP50",5.35591920076415,3.52774532278751,0.17
"9488",8,50,26,"SGP50",3.47390921805138,3.72193138290695,0.6085
"9489",8,50,27,"SGP50",3.70066604806487,3.57413360361273,0.7155
"9490",8,50,28,"SGP50",4.22651792107229,3.460593873158,0.184
"9491",8,50,29,"SGP50",4.31668373352066,3.38882418190966,0.1855
"9492",8,50,30,"SGP50",2.89139370680317,3.2519765103184,0.3575
"9493",8,50,31,"SGP50",2.33067338855173,3.31679596009798,0.5105
"9494",8,50,32,"SGP50",2.2155989328565,3.21764477262394,0.526
"9495",8,50,33,"SGP50",1.72525153236426,2.92239547340468,0.485
"9496",8,50,34,"SGP50",1.55151460271244,2.72859723308632,0.45
"9497",8,50,35,"SGP50",1.84360105372969,2.8436927577089,0.358
"9498",8,50,36,"SGP50",1.46374232647033,2.750384477897,0.4975
"9499",8,50,37,"SGP50",2.11178345654093,2.8842888471005,0.715
"9500",8,50,38,"SGP50",1.40013057870993,2.72783601182495,0.4935
"9501",8,51,1,"BMA",3.65968762064552,3.51932503109454,0.4105
"9502",8,51,2,"BMA",3.5077528086319,3.43848538821849,0.69
"9503",8,51,3,"BMA",6.58596494692359,3.81688153171721,0.911
"9504",8,51,4,"BMA",2.70663121017898,3.22184480681017,0.3045
"9505",8,51,5,"BMA",3.81811223269802,3.22122411072594,0.8295
"9506",8,51,6,"BMA",1.41988132382683,2.68645442234623,0.4195
"9507",8,51,7,"BMA",9.05640864283229,5.23945982659079,0.99
"9508",8,51,8,"BMA",4.68473670935342,3.34109868959509,0.876
"9509",8,51,9,"BMA",3.38789510262059,3.18238606146215,0.1925
"9510",8,51,10,"BMA",6.42064632351235,3.96827662405712,0.07
"9511",8,51,11,"BMA",3.24715701180256,3.19989277724145,0.199
"9512",8,51,12,"BMA",1.5253489768433,2.82042816556856,0.4345
"9513",8,51,13,"BMA",5.85624324776649,3.89286240756863,0.0755
"9514",8,51,14,"BMA",5.41467815789849,3.68978674672557,0.0995
"9515",8,51,15,"BMA",4.61889606055887,3.37526546197277,0.159
"9516",8,51,16,"BMA",8.90638908107589,4.38365160769268,0.0605
"9517",8,51,17,"BMA",3.04105549940905,3.20951804781828,0.251
"9518",8,51,18,"BMA",2.47845642707197,3.15646976402338,0.665
"9519",8,51,19,"BMA",12.1257959057839,5.50463932249334,0.014
"9520",8,51,20,"BMA",2.3970894330921,3.15980247036033,0.4015
"9521",8,51,21,"BMA",4.14219684502133,3.53036971937746,0.7855
"9522",8,51,22,"BMA",7.04349687521997,3.8386294545559,0.1055
"9523",8,51,23,"BMA",2.69994193961909,3.0240670698317,0.3085
"9524",8,51,24,"BMA",2.05461893653514,3.02511815836418,0.633
"9525",8,51,25,"BMA",2.17937103390716,2.95546235294397,0.344
"9526",8,51,26,"BMA",1.61816241287588,2.79399906579133,0.419
"9527",8,51,27,"BMA",1.43804841945918,2.73436813604973,0.4505
"9528",8,51,28,"BMA",1.20761397559093,2.60359716813444,0.5515
"9529",8,51,29,"BMA",1.29027144100825,2.49677969612058,0.631
"9530",8,51,30,"BMA",1.64348050371101,2.70088983302549,0.7315
"9531",8,51,31,"BMA",1.20737402305731,2.41851010054406,0.337
"9532",8,51,32,"BMA",1.13759365353397,2.32805873996362,0.305
"9533",8,51,33,"BMA",1.06871153661839,2.09178414872172,0.257
"9534",8,51,34,"BMA",1.24206768887063,2.15003442937499,0.2155
"9535",8,51,35,"BMA",1.74716874723849,2.4382270479181,0.1195
"9536",8,51,36,"BMA",0.563967855258893,1.84570646101109,0.608
"9537",8,51,37,"BMA",1.70761870559463,2.50074533099677,0.8805
"9538",8,51,38,"BMA",0.876015481514173,2.01868654531953,0.7445
"9539",8,51,1,"AVS",3.65968762064552,3.56672719095203,0.4005
"9540",8,51,2,"AVS",4.10314651573515,3.2861211815546,0.7955
"9541",8,51,3,"AVS",6.70084550266998,3.85797101746752,0.9435
"9542",8,51,4,"AVS",3.58166364296696,3.22499953335119,0.1375
"9543",8,51,5,"AVS",2.77240382861801,2.92831927441755,0.8245
"9544",8,51,6,"AVS",1.32355092501149,2.56553021490173,0.3725
"9545",8,51,7,"AVS",8.86656032685972,5.55763124456782,0.9955
"9546",8,51,8,"AVS",4.11038682850597,3.35958674301233,0.883
"9547",8,51,9,"AVS",3.62323911165369,3.23989067986129,0.1435
"9548",8,51,10,"AVS",6.73051622102096,3.99967455171673,0.043
"9549",8,51,11,"AVS",3.50164429520576,3.15047586062391,0.174
"9550",8,51,12,"AVS",1.49414689241795,2.82146395443527,0.395
"9551",8,51,13,"AVS",6.15304038703041,3.81243599196733,0.0595
"9552",8,51,14,"AVS",5.87484543187102,3.79406771901552,0.0715
"9553",8,51,15,"AVS",5.30735381063784,3.55229683141105,0.099
"9554",8,51,16,"AVS",10.349950938701,4.87799789500992,0.0215
"9555",8,51,17,"AVS",3.49218603804554,3.22955412314259,0.24
"9556",8,51,18,"AVS",2.76276550834881,3.12900619670235,0.7575
"9557",8,51,19,"AVS",12.5186654876829,5.35429253443941,0.014
"9558",8,51,20,"AVS",2.07719483274905,3.09322593811095,0.4725
"9559",8,51,21,"AVS",5.64249362903119,3.66326721384427,0.883
"9560",8,51,22,"AVS",4.48160849941501,3.42349249872472,0.2155
"9561",8,51,23,"AVS",2.5725447345973,3.00293168959857,0.26
"9562",8,51,24,"AVS",1.61904482781344,2.84073837445078,0.572
"9563",8,51,25,"AVS",1.82720122465755,2.8086708209051,0.3415
"9564",8,51,26,"AVS",1.61569339367182,2.66750333199237,0.319
"9565",8,51,27,"AVS",1.53859261167451,2.54623404539211,0.3355
"9566",8,51,28,"AVS",0.992059915649491,2.44817937559397,0.475
"9567",8,51,29,"AVS",1.10508264894507,2.40713744323675,0.626
"9568",8,51,30,"AVS",1.78480631423182,2.6119987643173,0.7765
"9569",8,51,31,"AVS",1.00773703232656,2.22671898447745,0.384
"9570",8,51,32,"AVS",1.15101533980566,2.22083569569835,0.3025
"9571",8,51,33,"AVS",1.08859744632943,2.0647340011757,0.2485
"9572",8,51,34,"AVS",1.25894676346788,2.16960679376632,0.2125
"9573",8,51,35,"AVS",1.76710763304377,2.47616955405991,0.1055
"9574",8,51,36,"AVS",0.55718973313367,1.7575148797963,0.587
"9575",8,51,37,"AVS",1.70866319013789,2.51856096472413,0.886
"9576",8,51,38,"AVS",0.876983383353643,1.98077620396708,0.743
"9577",8,51,1,"EQW",3.65968762064552,3.54140362202822,0.3905
"9578",8,51,2,"EQW",3.28836775831437,3.54582990038232,0.612
"9579",8,51,3,"EQW",6.31269232464808,3.90524390319082,0.8425
"9580",8,51,4,"EQW",2.921488973279,3.40524297184449,0.4605
"9581",8,51,5,"EQW",5.76066532179725,3.67427676359499,0.8125
"9582",8,51,6,"EQW",3.97353098562685,3.37075101577283,0.6405
"9583",8,51,7,"EQW",13.4792288244144,4.99352127963079,0.9715
"9584",8,51,8,"EQW",11.3343034435434,4.0904313477264,0.92
"9585",8,51,9,"EQW",4.95633716908322,3.67218355430121,0.562
"9586",8,51,10,"EQW",4.2476791483843,3.71721626325785,0.458
"9587",8,51,11,"EQW",4.06876758379505,3.57638618605761,0.5155
"9588",8,51,12,"EQW",5.49502577677941,3.56857518728986,0.6775
"9589",8,51,13,"EQW",4.48679190597741,3.69130736545078,0.51
"9590",8,51,14,"EQW",4.12557361683887,3.69714059848057,0.526
"9591",8,51,15,"EQW",3.77403400498891,3.63109047373048,0.5115
"9592",8,51,16,"EQW",4.52219427545486,3.89839718679364,0.351
"9593",8,51,17,"EQW",3.1799868068126,3.51370396394733,0.4265
"9594",8,51,18,"EQW",4.04571135318951,3.45630966077775,0.709
"9595",8,51,19,"EQW",7.02846317967668,4.19760715120596,0.2305
"9596",8,51,20,"EQW",2.64428537558429,3.34424078273577,0.483
"9597",8,51,21,"EQW",4.86068061595174,3.53631177490004,0.77
"9598",8,51,22,"EQW",4.10172636408356,3.59796959676417,0.3155
"9599",8,51,23,"EQW",2.64402301612197,3.22300014526943,0.355
"9600",8,51,24,"EQW",2.23494660290726,3.13972771711332,0.5905
"9601",8,51,25,"EQW",2.4578649839422,3.14151445681096,0.352
"9602",8,51,26,"EQW",2.01861003869309,2.95933005375255,0.416
"9603",8,51,27,"EQW",1.83259132862845,2.91918648847722,0.3815
"9604",8,51,28,"EQW",1.5725555923801,2.80083043863851,0.47
"9605",8,51,29,"EQW",1.52426722268757,2.72794711467086,0.574
"9606",8,51,30,"EQW",1.61384743888708,2.89647668078097,0.598
"9607",8,51,31,"EQW",2.11021267848531,2.74604291223699,0.3
"9608",8,51,32,"EQW",1.49840359130444,2.64622376114436,0.384
"9609",8,51,33,"EQW",1.38482793754003,2.5334239340623,0.3695
"9610",8,51,34,"EQW",1.41532838889934,2.53955890862779,0.3635
"9611",8,51,35,"EQW",1.63270614847795,2.67064202499427,0.303
"9612",8,51,36,"EQW",1.14654108610516,2.34254693678864,0.5785
"9613",8,51,37,"EQW",1.46869938512674,2.65363687364921,0.7035
"9614",8,51,38,"EQW",1.06341316490919,2.37264522812613,0.577
"9615",8,51,1,"SGP",3.65968762064552,3.52287875977577,0.392
"9616",8,51,2,"SGP",3.92831548725815,3.3615691568337,0.7635
"9617",8,51,3,"SGP",6.59920413436514,3.80907021544674,0.941
"9618",8,51,4,"SGP",3.3163637311999,3.1642032376262,0.1665
"9619",8,51,5,"SGP",2.86348650470682,2.98563091238184,0.8125
"9620",8,51,6,"SGP",1.31748467235852,2.58946590862599,0.3895
"9621",8,51,7,"SGP",8.94463617668812,5.60458436045982,0.9915
"9622",8,51,8,"SGP",4.19557550484425,3.21064227852453,0.8685
"9623",8,51,9,"SGP",3.54061842314072,3.1412110197805,0.1415
"9624",8,51,10,"SGP",6.6047151089102,4.06084038246363,0.0565
"9625",8,51,11,"SGP",3.45286564467237,3.13587313387429,0.1925
"9626",8,51,12,"SGP",1.49664844826264,2.77364743851102,0.4095
"9627",8,51,13,"SGP",6.06114668853064,3.78450266498888,0.0705
"9628",8,51,14,"SGP",5.79433185113833,3.84604241153589,0.0685
"9629",8,51,15,"SGP",5.2415719467626,3.44261220559037,0.1085
"9630",8,51,16,"SGP",10.2999104059835,4.82885472679285,0.0205
"9631",8,51,17,"SGP",1.99409993305505,2.90676086463754,0.318
"9632",8,51,18,"SGP",3.27193357457073,3.10484353512181,0.808
"9633",8,51,19,"SGP",11.5395725243063,5.49048863119145,0.013
"9634",8,51,20,"SGP",1.92161629193279,2.89342395924336,0.63
"9635",8,51,21,"SGP",6.09194188828421,3.74060497148461,0.9135
"9636",8,51,22,"SGP",6.67119638492087,3.86981407926415,0.072
"9637",8,51,23,"SGP",1.86710789645601,2.934421559387,0.3855
"9638",8,51,24,"SGP",2.82061427086353,3.03372160900086,0.754
"9639",8,51,25,"SGP",2.00875426482978,2.98399983495938,0.3305
"9640",8,51,26,"SGP",1.73719782745686,2.87486502603476,0.5675
"9641",8,51,27,"SGP",1.7951656896423,2.89724035110567,0.607
"9642",8,51,28,"SGP",2.00025229051995,2.8392531410571,0.696
"9643",8,51,29,"SGP",1.90585252045054,2.82772086674311,0.6685
"9644",8,51,30,"SGP",1.54142492152428,2.90493752412079,0.481
"9645",8,51,31,"SGP",3.32657127744515,3.13917423688251,0.216
"9646",8,51,32,"SGP",1.64942599651444,2.80374898100981,0.5585
"9647",8,51,33,"SGP",1.65874396348639,2.77122605913713,0.5835
"9648",8,51,34,"SGP",1.52208065551025,2.70158564498113,0.5705
"9649",8,51,35,"SGP",1.42662354242433,2.69338173257828,0.5445
"9650",8,51,36,"SGP",2.4374270328343,2.8933823890844,0.752
"9651",8,51,37,"SGP",1.75190025708455,2.82143398086547,0.685
"9652",8,51,38,"SGP",1.49715715661364,2.66532621324266,0.4305
"9653",8,51,1,"SGP50",3.65968762064552,3.55212902048129,0.4135
"9654",8,51,2,"SGP50",3.29648624272108,3.5287984356875,0.625
"9655",8,51,3,"SGP50",6.35696415987373,3.85632382433398,0.853
"9656",8,51,4,"SGP50",2.81626444228941,3.38933089040859,0.4515
"9657",8,51,5,"SGP50",5.43202353356212,3.47137161002746,0.816
"9658",8,51,6,"SGP50",3.2158523475244,3.19117727885153,0.6155
"9659",8,51,7,"SGP50",12.1232018243986,5.09209562064553,0.9745
"9660",8,51,8,"SGP50",8.61820922424237,3.84465170925256,0.9195
"9661",8,51,9,"SGP50",3.12337636681809,3.41721097792698,0.464
"9662",8,51,10,"SGP50",3.84074974159434,3.62451451247744,0.326
"9663",8,51,11,"SGP50",2.83616179255772,3.36308886579293,0.417
"9664",8,51,12,"SGP50",2.77743992667037,3.19095139231681,0.582
"9665",8,51,13,"SGP50",3.6599292202547,3.55609263626096,0.3105
"9666",8,51,14,"SGP50",3.52441086030419,3.54670758118382,0.2945
"9667",8,51,15,"SGP50",3.24473352836095,3.39808649558195,0.3015
"9668",8,51,16,"SGP50",6.48163776642708,3.95884766396029,0.1665
"9669",8,51,17,"SGP50",2.71972494522209,3.14762245348991,0.3195
"9670",8,51,18,"SGP50",2.81428915465268,3.20157343788028,0.689
"9671",8,51,19,"SGP50",10.4545639125718,4.82670818408672,0.0675
"9672",8,51,20,"SGP50",2.19236245664531,3.14143115867176,0.477
"9673",8,51,21,"SGP50",4.40906005566282,3.58616448195694,0.796
"9674",8,51,22,"SGP50",6.10848537180843,3.75338314090438,0.157
"9675",8,51,23,"SGP50",2.60376216155405,3.105957367756,0.3265
"9676",8,51,24,"SGP50",2.21276110441635,3.11366647777932,0.609
"9677",8,51,25,"SGP50",2.62171075567007,3.172226208341,0.308
"9678",8,51,26,"SGP50",1.93390194520831,2.97381072945903,0.4335
"9679",8,51,27,"SGP50",1.75435693526528,2.97305310088422,0.4575
"9680",8,51,28,"SGP50",1.65670859899895,2.84428510961447,0.5485
"9681",8,51,29,"SGP50",1.66131212580918,2.82192770039355,0.5985
"9682",8,51,30,"SGP50",1.58987580009556,2.90848509880518,0.5235
"9683",8,51,31,"SGP50",2.77609321531301,2.97837149794983,0.2445
"9684",8,51,32,"SGP50",1.53373652420252,2.73399366037334,0.433
"9685",8,51,33,"SGP50",1.41987927312299,2.62873435493062,0.4625
"9686",8,51,34,"SGP50",1.37962373260876,2.70673342728798,0.4435
"9687",8,51,35,"SGP50",1.44598127586201,2.71052630041156,0.399
"9688",8,51,36,"SGP50",1.59409188485748,2.59042562605275,0.6685
"9689",8,51,37,"SGP50",1.59889476451157,2.70699139449163,0.6855
"9690",8,51,38,"SGP50",1.2202291092212,2.49330654749401,0.514
"9691",8,52,1,"BMA",3.37597406538751,3.4853041387728,0.6455
"9692",8,52,2,"BMA",1.93154655160312,2.94115765637258,0.428
"9693",8,52,3,"BMA",3.91473746864704,3.32365699997627,0.88
"9694",8,52,4,"BMA",1.41025285428576,2.49320976585467,0.6675
"9695",8,52,5,"BMA",3.46390204492252,3.21761711841959,0.926
"9696",8,52,6,"BMA",7.38738152933667,5.40423338763041,0.989
"9697",8,52,7,"BMA",1.85744119467,2.82849273752701,0.2895
"9698",8,52,8,"BMA",6.52557207303731,4.21379924585679,0.0425
"9699",8,52,9,"BMA",6.16107357182201,3.98630271472009,0.0825
"9700",8,52,10,"BMA",2.14670185219239,2.98115590246527,0.6515
"9701",8,52,11,"BMA",6.90668172076855,4.26716788137441,0.0995
"9702",8,52,12,"BMA",2.01237416140105,3.05502237178816,0.494
"9703",8,52,13,"BMA",2.66906427351203,3.09212274355283,0.699
"9704",8,52,14,"BMA",2.54693841780763,3.14352844856352,0.2965
"9705",8,52,15,"BMA",10.2674275440037,4.89960846998945,0.0335
"9706",8,52,16,"BMA",1.94114440413271,3.13596346940233,0.4895
"9707",8,52,17,"BMA",3.25959182123884,3.21174765650237,0.7515
"9708",8,52,18,"BMA",8.530389472379,4.36235676838834,0.057
"9709",8,52,19,"BMA",4.57028346107351,3.48465424413724,0.1715
"9710",8,52,20,"BMA",4.19754985934833,3.32704141708404,0.1745
"9711",8,52,21,"BMA",3.37517739262821,3.25717993667768,0.208
"9712",8,52,22,"BMA",1.83580343857642,2.87447861846051,0.393
"9713",8,52,23,"BMA",4.81509716610961,3.47480865211349,0.113
"9714",8,52,24,"BMA",2.30522699279075,2.8732241129953,0.2535
"9715",8,52,25,"BMA",2.70417974035849,2.96229880250027,0.182
"9716",8,52,26,"BMA",1.91724516998689,2.68561113982025,0.2385
"9717",8,52,27,"BMA",4.85383515818147,3.72880183067733,0.0465
"9718",8,52,28,"BMA",2.82189190832199,3.05403550753586,0.1535
"9719",8,52,29,"BMA",2.52843262880508,2.89933842522082,0.862
"9720",8,52,30,"BMA",0.976854583818686,2.21503769272671,0.416
"9721",8,52,31,"BMA",2.08680957382632,2.61244530198789,0.091
"9722",8,52,32,"BMA",1.75408127149761,2.43071621098261,0.139
"9723",8,52,33,"BMA",2.62058627485006,3.32202570312482,0.036
"9724",8,52,34,"BMA",2.71553849853309,3.61818499311322,0.041
"9725",8,52,35,"BMA",1.25344669121347,2.19864900357158,0.159
"9726",8,52,36,"BMA",2.00272039370156,3.09126868862446,0.0375
"9727",8,52,37,"BMA",1.88284537766284,3.2754142186637,0.063
"9728",8,52,38,"BMA",0.883408070684515,2.03732524595338,0.2925
"9729",8,52,1,"AVS",3.37597406538751,3.57228960603834,0.6615
"9730",8,52,2,"AVS",1.49165176529993,2.78779532176726,0.422
"9731",8,52,3,"AVS",4.09904863325484,3.22377999684915,0.917
"9732",8,52,4,"AVS",0.968138817754198,2.32999282157823,0.622
"9733",8,52,5,"AVS",3.31303591757603,3.31291612121578,0.9435
"9734",8,52,6,"AVS",7.32486579651644,5.26327463517442,0.991
"9735",8,52,7,"AVS",1.99333000968537,2.6745051500498,0.1975
"9736",8,52,8,"AVS",6.91376597753285,4.74069489537615,0.012
"9737",8,52,9,"AVS",6.88486621057083,4.17171813894707,0.023
"9738",8,52,10,"AVS",1.49116998672904,2.70491010291834,0.6025
"9739",8,52,11,"AVS",8.99837577883199,5.30141383997282,0.0135
"9740",8,52,12,"AVS",2.2607603851763,3.12280922906877,0.486
"9741",8,52,13,"AVS",2.31016302315895,3.01631837350883,0.6425
"9742",8,52,14,"AVS",4.07955986709002,3.40160086787928,0.126
"9743",8,52,15,"AVS",13.1508241748244,6.5881638231604,0.0085
"9744",8,52,16,"AVS",2.44764801907079,3.26729257116657,0.3745
"9745",8,52,17,"AVS",3.42633478765332,3.28791888453096,0.7615
"9746",8,52,18,"AVS",6.95328332580781,3.90104755875027,0.0975
"9747",8,52,19,"AVS",4.99181612095677,3.57137733375958,0.144
"9748",8,52,20,"AVS",4.33715912770692,3.44228247310663,0.1505
"9749",8,52,21,"AVS",3.20307897803286,3.13444241007889,0.2175
"9750",8,52,22,"AVS",1.62767498487348,2.78303159046281,0.4075
"9751",8,52,23,"AVS",3.93081403428631,3.33613082711825,0.117
"9752",8,52,24,"AVS",2.3287350073657,2.82399747192968,0.224
"9753",8,52,25,"AVS",2.63555138723554,2.84250227969765,0.157
"9754",8,52,26,"AVS",1.89423198802982,2.65215161026985,0.216
"9755",8,52,27,"AVS",4.9300495682014,3.61207778485626,0.031
"9756",8,52,28,"AVS",3.14186526141339,3.0126421287902,0.088
"9757",8,52,29,"AVS",2.50810578571412,2.75156239403904,0.8655
"9758",8,52,30,"AVS",0.789466142244163,2.08724694892786,0.422
"9759",8,52,31,"AVS",2.09432832258068,2.55745677637915,0.1055
"9760",8,52,32,"AVS",1.79886557835547,2.37212050074615,0.1105
"9761",8,52,33,"AVS",2.67132495986649,3.18072937270162,0.026
"9762",8,52,34,"AVS",2.74177944338757,3.48214825368515,0.0345
"9763",8,52,35,"AVS",1.16706112733442,2.31257001463867,0.194
"9764",8,52,36,"AVS",1.81664038846153,3.07784676048256,0.082
"9765",8,52,37,"AVS",1.39628621301049,2.57425321827255,0.218
"9766",8,52,38,"AVS",0.70691692686469,1.89411474597286,0.445
"9767",8,52,1,"EQW",3.37597406538751,3.50217350463283,0.6575
"9768",8,52,2,"EQW",2.29434541594201,3.12401178347603,0.417
"9769",8,52,3,"EQW",3.98169196706167,3.49889679219457,0.78
"9770",8,52,4,"EQW",3.03414129418599,3.01733939919437,0.7145
"9771",8,52,5,"EQW",5.68018275062286,3.60192220784301,0.877
"9772",8,52,6,"EQW",10.5386449728661,4.79960112966233,0.9535
"9773",8,52,7,"EQW",3.57763197255283,3.31385117041606,0.5685
"9774",8,52,8,"EQW",3.6717264503339,3.72930184928841,0.379
"9775",8,52,9,"EQW",3.80878067847421,3.70774379198631,0.3445
"9776",8,52,10,"EQW",4.29389049535911,3.41381304118168,0.73
"9777",8,52,11,"EQW",3.89677408927773,3.7567059259047,0.4055
"9778",8,52,12,"EQW",3.16782148906009,3.379801770541,0.5875
"9779",8,52,13,"EQW",4.84467673876003,3.41282473711253,0.771
"9780",8,52,14,"EQW",3.27182330781345,3.43543372743676,0.529
"9781",8,52,15,"EQW",6.17196840566629,4.38723623313785,0.2335
"9782",8,52,16,"EQW",4.16565567641859,3.58165772547834,0.6975
"9783",8,52,17,"EQW",5.79785899114998,3.59498358270904,0.8515
"9784",8,52,18,"EQW",5.61981645224034,4.07227626015499,0.273
"9785",8,52,19,"EQW",2.92359082511162,3.4690480278567,0.37
"9786",8,52,20,"EQW",2.69600518482464,3.29737431091335,0.3905
"9787",8,52,21,"EQW",2.30020499475248,3.20051474533685,0.4245
"9788",8,52,22,"EQW",2.06473058301933,3.07467422419983,0.576
"9789",8,52,23,"EQW",3.12394334484168,3.2703714851586,0.268
"9790",8,52,24,"EQW",1.77650702652743,2.98184272135453,0.465
"9791",8,52,25,"EQW",1.93475578575804,2.92898395886708,0.3595
"9792",8,52,26,"EQW",1.63572381533994,2.77092629802607,0.391
"9793",8,52,27,"EQW",3.68936469705248,3.26047129148964,0.146
"9794",8,52,28,"EQW",1.96458424930178,2.89157176612955,0.314
"9795",8,52,29,"EQW",2.97341255295558,3.05918897622281,0.843
"9796",8,52,30,"EQW",1.54505109344949,2.63671845501905,0.369
"9797",8,52,31,"EQW",1.85672342675346,2.68025125869925,0.2375
"9798",8,52,32,"EQW",1.39389396309954,2.54251231636286,0.3185
"9799",8,52,33,"EQW",1.84921912892731,2.88155285391517,0.2675
"9800",8,52,34,"EQW",1.79630190606175,2.92564171933229,0.2295
"9801",8,52,35,"EQW",1.13662191915268,2.46823978637899,0.357
"9802",8,52,36,"EQW",1.55809229272855,2.63580217813685,0.2205
"9803",8,52,37,"EQW",1.41014292131525,2.23909510304149,0.2745
"9804",8,52,38,"EQW",1.00171558304116,1.98921244563828,0.298
"9805",8,52,1,"SGP",3.37597406538751,3.55828802685059,0.6505
"9806",8,52,2,"SGP",1.48781553125006,2.78561707168889,0.4695
"9807",8,52,3,"SGP",3.27512308114108,3.13649692368324,0.908
"9808",8,52,4,"SGP",1.03176202677857,2.29743966459762,0.616
"9809",8,52,5,"SGP",3.39007044962465,3.27536709552645,0.9355
"9810",8,52,6,"SGP",7.38419702409225,5.66170861593801,0.9945
"9811",8,52,7,"SGP",1.94758174329564,2.78098451040447,0.222
"9812",8,52,8,"SGP",6.75080621817376,4.33609460040603,0.0295
"9813",8,52,9,"SGP",6.78139655662682,4.18605248230299,0.03
"9814",8,52,10,"SGP",1.47616740878899,2.74076176071529,0.6175
"9815",8,52,11,"SGP",8.85463026635416,5.12279448577747,0.0165
"9816",8,52,12,"SGP",2.39721551924413,3.05972637717287,0.251
"9817",8,52,13,"SGP",1.39868261443643,2.66628961920181,0.5245
"9818",8,52,14,"SGP",4.08989860677532,3.28588635385071,0.119
"9819",8,52,15,"SGP",13.9862073862202,6.72397172237657,0.0055
"9820",8,52,16,"SGP",9.2145100366355,4.63180474641363,0.9735
"9821",8,52,17,"SGP",4.8019136312745,3.48878824453472,0.887
"9822",8,52,18,"SGP",9.97762058366007,4.761531679198,0.0275
"9823",8,52,19,"SGP",2.21072235655362,3.02280532900739,0.322
"9824",8,52,20,"SGP",1.86686065642869,2.94856328437228,0.3895
"9825",8,52,21,"SGP",1.64032507770343,2.92397414944704,0.486
"9826",8,52,22,"SGP",1.97042965100093,2.96353470555712,0.66
"9827",8,52,23,"SGP",2.87557127299877,3.11337925616625,0.228
"9828",8,52,24,"SGP",1.79945581164374,2.92894860136798,0.644
"9829",8,52,25,"SGP",1.45855374697189,2.80104843248352,0.486
"9830",8,52,26,"SGP",1.62168750861026,2.81030292833541,0.4555
"9831",8,52,27,"SGP",3.41300561319929,3.17471479792584,0.2065
"9832",8,52,28,"SGP",1.64812947298541,2.75858200078201,0.5985
"9833",8,52,29,"SGP",4.2345923431112,3.29981141408271,0.854
"9834",8,52,30,"SGP",2.34965556602483,2.89719883132018,0.238
"9835",8,52,31,"SGP",1.46313758474858,2.74971494261478,0.391
"9836",8,52,32,"SGP",1.58161498016031,2.74060709343294,0.6185
"9837",8,52,33,"SGP",1.31581036364011,2.74560329482799,0.5305
"9838",8,52,34,"SGP",1.24060150565097,2.59038695819581,0.582
"9839",8,52,35,"SGP",1.49202980428337,2.82785879964803,0.691
"9840",8,52,36,"SGP",1.01224299548792,2.43698336606431,0.496
"9841",8,52,37,"SGP",0.731423128727801,1.82836557810428,0.574
"9842",8,52,38,"SGP",0.674453106168457,1.94367075231328,0.613
"9843",8,52,1,"SGP50",3.37597406538751,3.52072123528553,0.6235
"9844",8,52,2,"SGP50",2.22094569666255,3.12717494359626,0.3985
"9845",8,52,3,"SGP50",3.97657658435423,3.50949792871534,0.7875
"9846",8,52,4,"SGP50",2.78375756097744,2.99245710867663,0.7155
"9847",8,52,5,"SGP50",5.27065984945187,3.55176256838948,0.8695
"9848",8,52,6,"SGP50",9.71227186519948,4.78808986303536,0.959
"9849",8,52,7,"SGP50",2.60462935907508,3.19749798826993,0.5265
"9850",8,52,8,"SGP50",3.81614156608193,3.65324145310746,0.2965
"9851",8,52,9,"SGP50",4.17431974685635,3.71746123318388,0.26
"9852",8,52,10,"SGP50",3.07901397470546,3.17336890440797,0.6965
"9853",8,52,11,"SGP50",4.59573889386755,3.7519524266706,0.2555
"9854",8,52,12,"SGP50",2.2076394953452,3.15003904214721,0.4715
"9855",8,52,13,"SGP50",2.84777420095109,3.06823442247754,0.6635
"9856",8,52,14,"SGP50",2.52740175038794,3.22664447809915,0.376
"9857",8,52,15,"SGP50",9.04322363468258,4.63678904493634,0.098
"9858",8,52,16,"SGP50",4.13138774051033,3.59984746757207,0.723
"9859",8,52,17,"SGP50",4.41352603784184,3.40483786225288,0.833
"9860",8,52,18,"SGP50",7.9608216679973,4.48065112649632,0.1015
"9861",8,52,19,"SGP50",2.96660315748697,3.23225401385783,0.285
"9862",8,52,20,"SGP50",2.67257056192784,3.12786383579052,0.31
"9863",8,52,21,"SGP50",2.23873849592388,3.05712694643989,0.3695
"9864",8,52,22,"SGP50",1.80858408635095,2.96892913243259,0.525
"9865",8,52,23,"SGP50",3.74258384302201,3.26832401240389,0.1965
"9866",8,52,24,"SGP50",1.72883669278819,3.01252793348638,0.459
"9867",8,52,25,"SGP50",2.00137097932972,2.88139303133624,0.3385
"9868",8,52,26,"SGP50",1.74899574732085,2.84491826635828,0.388
"9869",8,52,27,"SGP50",3.94669755704582,3.31297225502914,0.144
"9870",8,52,28,"SGP50",1.78073773420994,2.9633878490885,0.3955
"9871",8,52,29,"SGP50",3.24501715919997,3.15737072499309,0.8175
"9872",8,52,30,"SGP50",1.96206647383222,2.75687654380795,0.324
"9873",8,52,31,"SGP50",1.87148737397235,2.70645220117788,0.2745
"9874",8,52,32,"SGP50",1.37095054898631,2.62028753572035,0.419
"9875",8,52,33,"SGP50",1.65436703373737,2.84237403761711,0.328
"9876",8,52,34,"SGP50",1.52915235303588,2.88132017403807,0.349
"9877",8,52,35,"SGP50",1.12073308100412,2.58543381829671,0.4325
"9878",8,52,36,"SGP50",1.34560520987383,2.62475848347172,0.3035
"9879",8,52,37,"SGP50",1.1441506032755,2.06654068839888,0.343
"9880",8,52,38,"SGP50",0.849168680911971,1.88474238341067,0.3885
"9881",8,53,1,"BMA",8.17935425647465,4.57395982158299,0.881
"9882",8,53,2,"BMA",3.12842619477097,3.37847507450837,0.607
"9883",8,53,3,"BMA",5.33250318869408,3.84756586433075,0.7815
"9884",8,53,4,"BMA",5.91459685535438,3.82134467930795,0.7735
"9885",8,53,5,"BMA",6.40531155421157,3.80749265996074,0.77
"9886",8,53,6,"BMA",8.12132273421506,4.05340638716893,0.8925
"9887",8,53,7,"BMA",3.92044623106186,3.7778184455533,0.378
"9888",8,53,8,"BMA",2.90708510466922,3.39312503398042,0.48
"9889",8,53,9,"BMA",2.93567947179657,3.52782112396778,0.413
"9890",8,53,10,"BMA",7.07426032590414,3.74559207926416,0.8535
"9891",8,53,11,"BMA",5.10660119718836,3.44039530398492,0.7465
"9892",8,53,12,"BMA",5.39155110565397,3.4388377870556,0.869
"9893",8,53,13,"BMA",4.65585081068998,3.27267062858397,0.8935
"9894",8,53,14,"BMA",17.4237405489153,10.1334346887865,0.0025
"9895",8,53,15,"BMA",6.97745492363558,4.25143122334391,0.1975
"9896",8,53,16,"BMA",12.0296357942713,4.79052832241848,0.188
"9897",8,53,17,"BMA",18.9509222260814,4.56736612118908,0.8875
"9898",8,53,18,"BMA",4.84372246248749,3.79244787041632,0.321
"9899",8,53,19,"BMA",4.46555845803643,3.84198014948161,0.3605
"9900",8,53,20,"BMA",5.07148165293762,3.84519949912739,0.7225
"9901",8,53,21,"BMA",3.71765760797556,3.57699503388492,0.6285
"9902",8,53,22,"BMA",6.27338857483117,3.74425675694984,0.182
"9903",8,53,23,"BMA",2.72356177022848,3.26304220484535,0.3775
"9904",8,53,24,"BMA",4.34161665908301,3.5044209349232,0.2105
"9905",8,53,25,"BMA",2.06582015569712,3.09540530231977,0.5485
"9906",8,53,26,"BMA",2.73406118410887,3.00133415673054,0.2805
"9907",8,53,27,"BMA",1.90750263585992,2.84257336752267,0.369
"9908",8,53,28,"BMA",1.35434899201669,2.69698005183366,0.477
"9909",8,53,29,"BMA",1.44049159110724,2.64907196453053,0.626
"9910",8,53,30,"BMA",4.39479756957036,3.58649756567037,0.903
"9911",8,53,31,"BMA",4.04469442416628,3.5721283906635,0.92
"9912",8,53,32,"BMA",2.39013062419083,2.85647399371485,0.814
"9913",8,53,33,"BMA",1.44411513316632,2.50832530686297,0.7065
"9914",8,53,34,"BMA",1.5821982115256,2.52684032391723,0.759
"9915",8,53,35,"BMA",0.783723753811676,2.15603931401966,0.5335
"9916",8,53,36,"BMA",0.857187571872348,2.10519706518528,0.5885
"9917",8,53,37,"BMA",2.21912101718786,2.75865797939422,0.8835
"9918",8,53,38,"BMA",0.702793454727623,2.01850490895297,0.5845
"9919",8,53,1,"AVS",8.17935425647465,4.68368087205285,0.8805
"9920",8,53,2,"AVS",2.92952301049925,3.41796351459109,0.5445
"9921",8,53,3,"AVS",5.79705052019977,3.85315470734509,0.783
"9922",8,53,4,"AVS",8.62194110949788,4.19358306343402,0.8605
"9923",8,53,5,"AVS",8.96386144696193,4.10572743681879,0.817
"9924",8,53,6,"AVS",6.61875306822619,3.7735706540048,0.8455
"9925",8,53,7,"AVS",4.20150478361866,3.72460862227927,0.3115
"9926",8,53,8,"AVS",3.05789365741605,3.47008407260373,0.5245
"9927",8,53,9,"AVS",2.95526658408104,3.50392349786606,0.459
"9928",8,53,10,"AVS",8.60274797945992,3.9520193528497,0.8565
"9929",8,53,11,"AVS",8.76303776255232,3.92107204740853,0.843
"9930",8,53,12,"AVS",3.04266040673951,3.05747363167344,0.8045
"9931",8,53,13,"AVS",4.44313912820392,3.36462250592897,0.895
"9932",8,53,14,"AVS",17.5063468901274,8.19252282390596,0.001
"9933",8,53,15,"AVS",10.735124118547,4.89225971841835,0.031
"9934",8,53,16,"AVS",24.0483760488903,8.99659116003274,0
"9935",8,53,17,"AVS",18.1820665089385,6.40385581579571,0.9955
"9936",8,53,18,"AVS",20.7186037258372,7.07328281389821,0.0045
"9937",8,53,19,"AVS",4.42783355880786,3.77960304293519,0.3345
"9938",8,53,20,"AVS",5.17221901967351,3.79066967718715,0.691
"9939",8,53,21,"AVS",3.79336947145408,3.62712846422074,0.679
"9940",8,53,22,"AVS",6.07595182745828,3.70749699029351,0.191
"9941",8,53,23,"AVS",2.70324879952396,3.24867127365583,0.375
"9942",8,53,24,"AVS",4.31925959942417,3.50511017792044,0.1845
"9943",8,53,25,"AVS",2.06463080259893,3.08558486276807,0.551
"9944",8,53,26,"AVS",2.73117520000212,3.02051285863614,0.2855
"9945",8,53,27,"AVS",1.90714307992067,2.81892545194871,0.3685
"9946",8,53,28,"AVS",1.35421120019933,2.67030785715248,0.482
"9947",8,53,29,"AVS",1.44046836003036,2.69449085764252,0.622
"9948",8,53,30,"AVS",4.39486331997553,3.5210351007058,0.9055
"9949",8,53,31,"AVS",4.04484563970346,3.39188518702636,0.913
"9950",8,53,32,"AVS",2.39023719828628,2.81699194491119,0.81
"9951",8,53,33,"AVS",1.44411975995589,2.47629033020612,0.6995
"9952",8,53,34,"AVS",1.58218760053328,2.53386911002114,0.7635
"9953",8,53,35,"AVS",0.783712680391984,2.11862038247005,0.515
"9954",8,53,36,"AVS",0.857183400143811,2.18307253695709,0.589
"9955",8,53,37,"AVS",2.21912123999744,2.79281040784646,0.8775
"9956",8,53,38,"AVS",0.702792120033816,1.93632677534977,0.576
"9957",8,53,1,"EQW",8.17935425647465,4.59534637538533,0.8715
"9958",8,53,2,"EQW",3.84480126387799,3.50531797815905,0.7365
"9959",8,53,3,"EQW",5.47483804862879,3.69302568307434,0.8325
"9960",8,53,4,"EQW",4.76451762814916,3.5773759666076,0.7935
"9961",8,53,5,"EQW",5.75671188363054,3.63781006811464,0.801
"9962",8,53,6,"EQW",11.8921859356063,4.30033520918243,0.932
"9963",8,53,7,"EQW",5.23281300060754,4.09905145920487,0.571
"9964",8,53,8,"EQW",5.16237409864348,3.77499973189779,0.648
"9965",8,53,9,"EQW",4.06455778432243,3.62492629508979,0.534
"9966",8,53,10,"EQW",8.89090942660041,3.94735371686767,0.888
"9967",8,53,11,"EQW",7.30602815576025,3.66157786700333,0.7855
"9968",8,53,12,"EQW",13.3142643503927,4.19638794012018,0.932
"9969",8,53,13,"EQW",16.3094208625642,4.50286862358321,0.965
"9970",8,53,14,"EQW",6.61848546648788,4.30776323931276,0.5755
"9971",8,53,15,"EQW",4.7496768093242,3.92202029984083,0.505
"9972",8,53,16,"EQW",9.11769517484722,4.33317863479345,0.212
"9973",8,53,17,"EQW",11.3830962118792,4.34198982834151,0.862
"9974",8,53,18,"EQW",7.48052747485018,4.05632187268483,0.2585
"9975",8,53,19,"EQW",6.25505868459413,3.88975106774045,0.2485
"9976",8,53,20,"EQW",3.83165565545502,3.58531516700554,0.6435
"9977",8,53,21,"EQW",3.05990596971783,3.51879358622751,0.458
"9978",8,53,22,"EQW",9.71446855240484,4.11831174579467,0.101
"9979",8,53,23,"EQW",3.70770749282773,3.50079098344761,0.3415
"9980",8,53,24,"EQW",7.43993939191969,3.85487682383996,0.1565
"9981",8,53,25,"EQW",3.52037025937292,3.54018797444981,0.413
"9982",8,53,26,"EQW",6.76657069094354,3.77403374867484,0.1775
"9983",8,53,27,"EQW",4.69704108940371,3.53035016117699,0.283
"9984",8,53,28,"EQW",4.00913612015147,3.58148007029885,0.3585
"9985",8,53,29,"EQW",3.50281439273011,3.43127909918449,0.3915
"9986",8,53,30,"EQW",3.0476579499953,3.60615433583049,0.5395
"9987",8,53,31,"EQW",2.97839926278959,3.47742507660146,0.456
"9988",8,53,32,"EQW",3.09955381402383,3.28902038041301,0.386
"9989",8,53,33,"EQW",2.82792844328727,3.25164545113262,0.398
"9990",8,53,34,"EQW",2.45449279337006,3.2214821302635,0.4725
"9991",8,53,35,"EQW",2.77765884560113,3.10367789376148,0.3615
"9992",8,53,36,"EQW",2.23264845717775,2.9855065998499,0.3965
"9993",8,53,37,"EQW",2.06538045770873,3.08390043627712,0.559
"9994",8,53,38,"EQW",2.30336241172866,2.91290216860891,0.358
"9995",8,53,1,"SGP",8.17935425647465,4.6939181588673,0.885
"9996",8,53,2,"SGP",4.45369337669175,3.43640103173965,0.797
"9997",8,53,3,"SGP",6.55302557623228,3.72811891815263,0.918
"9998",8,53,4,"SGP",3.58108299869656,3.13437390494945,0.8455
"9999",8,53,5,"SGP",2.21436938224399,2.89286032765185,0.697
"10000",8,53,6,"SGP",6.05467547237252,3.82860126534021,0.94
"10001",8,53,7,"SGP",9.04001745540993,4.64697500709854,0.046
"10002",8,53,8,"SGP",2.89755955822277,3.1321477428474,0.2165
"10003",8,53,9,"SGP",3.8255398711449,3.26354584630168,0.1575
"10004",8,53,10,"SGP",3.3339455360339,3.12388467668404,0.8175
"10005",8,53,11,"SGP",1.49122110895405,2.72809165334153,0.525
"10006",8,53,12,"SGP",3.08550023982943,3.09723904522733,0.8145
"10007",8,53,13,"SGP",4.49290066933616,3.36717107232158,0.8915
"10008",8,53,14,"SGP",17.2696840659141,7.84992070152581,0.0055
"10009",8,53,15,"SGP",10.6302116669362,4.81975201543243,0.0335
"10010",8,53,16,"SGP",23.8901482882942,7.67875498936441,0.002
"10011",8,53,17,"SGP",18.1071844695236,6.00353614404344,0.9935
"10012",8,53,18,"SGP",20.5907206481807,6.86938465521922,0.002
"10013",8,53,19,"SGP",14.2590067412449,4.92354810852467,0.0305
"10014",8,53,20,"SGP",4.92523597693251,3.47295425938575,0.8005
"10015",8,53,21,"SGP",2.88209951379239,3.26621948058972,0.328
"10016",8,53,22,"SGP",13.4520358470554,5.10978733743037,0.0195
"10017",8,53,23,"SGP",2.87838525945417,3.36230083887218,0.6285
"10018",8,53,24,"SGP",3.71647267024338,3.34230930723769,0.265
"10019",8,53,25,"SGP",4.6952503692407,3.51862037395644,0.7765
"10020",8,53,26,"SGP",2.92016516563513,3.31844867705174,0.3475
"10021",8,53,27,"SGP",2.3262502332607,3.19874912169746,0.5545
"10022",8,53,28,"SGP",3.61089978096536,3.38024677751826,0.708
"10023",8,53,29,"SGP",2.57075179902175,3.22962793547897,0.6285
"10024",8,53,30,"SGP",3.66859946508307,3.36584097997817,0.7515
"10025",8,53,31,"SGP",2.11386371519983,3.27272795049086,0.4715
"10026",8,53,32,"SGP",2.42843093388229,3.1678857075534,0.4125
"10027",8,53,33,"SGP",1.94157620418054,3.10540317291995,0.5485
"10028",8,53,34,"SGP",2.46667451902432,3.20948058208479,0.665
"10029",8,53,35,"SGP",2.03277025751098,3.12326114572535,0.475
"10030",8,53,36,"SGP",2.18863961815508,3.10532958681235,0.5635
"10031",8,53,37,"SGP",2.87541645911698,3.17439324395905,0.7105
"10032",8,53,38,"SGP",2.46890183439542,3.12914971859156,0.3485
"10033",8,53,1,"SGP50",8.17935425647465,4.44795342131843,0.8745
"10034",8,53,2,"SGP50",3.86204055146665,3.43424819868655,0.737
"10035",8,53,3,"SGP50",5.53367093198986,3.77898196353542,0.8405
"10036",8,53,4,"SGP50",4.7487438680482,3.518293624196,0.795
"10037",8,53,5,"SGP50",5.49678251877971,3.54142997028939,0.777
"10038",8,53,6,"SGP50",11.1364130632573,4.33423044733945,0.936
"10039",8,53,7,"SGP50",4.77611062434629,4.00999748868007,0.4985
"10040",8,53,8,"SGP50",4.070608694388,3.63953794460708,0.5865
"10041",8,53,9,"SGP50",3.36218459931212,3.6065477693917,0.464
"10042",8,53,10,"SGP50",7.09745788962868,3.70176860476533,0.8715
"10043",8,53,11,"SGP50",4.87227563643987,3.38923779544636,0.7275
"10044",8,53,12,"SGP50",8.63103259729333,3.78056998944482,0.8895
"10045",8,53,13,"SGP50",9.7362231737165,3.87898420871906,0.931
"10046",8,53,14,"SGP50",8.30708516609099,4.72575306623425,0.316
"10047",8,53,15,"SGP50",6.18360807470947,4.20807126737984,0.2685
"10048",8,53,16,"SGP50",15.9711661815108,4.895358058879,0.0875
"10049",8,53,17,"SGP50",14.1030121623455,4.88245281823243,0.9315
"10050",8,53,18,"SGP50",14.0691551691147,4.71415451128108,0.11
"10051",8,53,19,"SGP50",10.1954764211515,4.26637161356187,0.1285
"10052",8,53,20,"SGP50",4.04020628562516,3.47586435093896,0.6925
"10053",8,53,21,"SGP50",3.09233242871597,3.4592985632791,0.3755
"10054",8,53,22,"SGP50",12.3160846033324,4.59504340843532,0.0575
"10055",8,53,23,"SGP50",2.90976896215436,3.45297135303493,0.4925
"10056",8,53,24,"SGP50",5.41637668041176,3.63126786820375,0.1975
"10057",8,53,25,"SGP50",3.44884663442437,3.55191569943105,0.604
"10058",8,53,26,"SGP50",4.38566174443647,3.47510932927854,0.258
"10059",8,53,27,"SGP50",2.81167192167268,3.33586169732161,0.4565
"10060",8,53,28,"SGP50",2.95513772864467,3.45491177071727,0.5635
"10061",8,53,29,"SGP50",2.54356212199372,3.33559046708826,0.5255
"10062",8,53,30,"SGP50",3.18233710599377,3.45131756720658,0.6655
"10063",8,53,31,"SGP50",2.39661260469632,3.32141503890865,0.476
"10064",8,53,32,"SGP50",2.57240899584227,3.22255355706451,0.4115
"10065",8,53,33,"SGP50",2.11889264826986,3.09480914830682,0.4885
"10066",8,53,34,"SGP50",2.24286754522412,3.10007725521242,0.615
"10067",8,53,35,"SGP50",2.13369649563535,3.06729642824334,0.4325
"10068",8,53,36,"SGP50",1.97925066591262,3.02874189327293,0.5075
"10069",8,53,37,"SGP50",2.40259791412083,3.14563546841854,0.6755
"10070",8,53,38,"SGP50",2.22608317599999,2.89642936605032,0.366
"10071",8,54,1,"BMA",9.58341945097081,4.89119011923993,0.945
"10072",8,54,2,"BMA",4.49952958016259,3.55576637492016,0.8125
"10073",8,54,3,"BMA",13.5986236169125,5.12553032539409,0.9595
"10074",8,54,4,"BMA",7.36330375896094,4.07789839520152,0.8195
"10075",8,54,5,"BMA",16.0287903178844,5.11342164479653,0.9075
"10076",8,54,6,"BMA",8.43138828425984,4.25115432117525,0.749
"10077",8,54,7,"BMA",5.64227805781667,4.01006018942734,0.6365
"10078",8,54,8,"BMA",4.5772744216875,3.77517133174823,0.5695
"10079",8,54,9,"BMA",5.56267646625452,3.89328738173274,0.654
"10080",8,54,10,"BMA",10.447315068037,4.22394620147099,0.861
"10081",8,54,11,"BMA",11.046768879856,4.4457331156356,0.9145
"10082",8,54,12,"BMA",17.2017072880056,5.43332181940167,0.9755
"10083",8,54,13,"BMA",3.04124646884647,3.43261788638901,0.4295
"10084",8,54,14,"BMA",3.73220404724482,3.57101880162001,0.344
"10085",8,54,15,"BMA",4.29920497908448,3.57121882783412,0.302
"10086",8,54,16,"BMA",4.64851652185075,3.64343174910778,0.2225
"10087",8,54,17,"BMA",3.23104386789584,3.31000170683503,0.292
"10088",8,54,18,"BMA",3.04979221914956,3.29709023399215,0.7075
"10089",8,54,19,"BMA",9.31940847478146,4.51152748093283,0.9445
"10090",8,54,20,"BMA",13.2239759661392,5.43830792973355,0.985
"10091",8,54,21,"BMA",6.202861602197,3.84097236896894,0.888
"10092",8,54,22,"BMA",5.89951713147797,3.58189357500678,0.866
"10093",8,54,23,"BMA",9.51469056627946,4.59969135379683,0.957
"10094",8,54,24,"BMA",2.96489217792804,3.07745554354389,0.2545
"10095",8,54,25,"BMA",7.51852987371747,4.28337844724193,0.0465
"10096",8,54,26,"BMA",1.73478365470708,2.82089903300378,0.376
"10097",8,54,27,"BMA",1.5116013299201,2.78779577097791,0.6045
"10098",8,54,28,"BMA",3.80242324137321,3.21137565100505,0.1365
"10099",8,54,29,"BMA",3.03761782176124,2.994108990636,0.158
"10100",8,54,30,"BMA",1.06708383416284,2.43079289527403,0.4255
"10101",8,54,31,"BMA",1.46780997523776,2.50346022007546,0.71
"10102",8,54,32,"BMA",1.1851689177906,2.46927638347649,0.6935
"10103",8,54,33,"BMA",2.21587675052358,2.8422038149948,0.8355
"10104",8,54,34,"BMA",0.936385435820302,2.29673112095791,0.624
"10105",8,54,35,"BMA",0.773182472429821,2.12721350563756,0.44
"10106",8,54,36,"BMA",0.843156897013658,2.09619494752368,0.3795
"10107",8,54,37,"BMA",2.21194209983431,2.69367043847587,0.061
"10108",8,54,38,"BMA",2.47245273657637,3.0151438576442,0.026
"10109",8,54,1,"AVS",9.58341945097081,4.72321709934134,0.9465
"10110",8,54,2,"AVS",4.32210055528315,3.4385448093922,0.808
"10111",8,54,3,"AVS",13.8956734216955,5.20177565973841,0.963
"10112",8,54,4,"AVS",8.6368790974048,4.07413097704533,0.8955
"10113",8,54,5,"AVS",18.5086763691393,5.33244665626651,0.967
"10114",8,54,6,"AVS",4.01106686734741,3.74513162224759,0.4945
"10115",8,54,7,"AVS",4.10687222536646,3.89597831121915,0.532
"10116",8,54,8,"AVS",4.38714742093162,3.80939976232996,0.5475
"10117",8,54,9,"AVS",5.85707916490916,3.94464359758997,0.664
"10118",8,54,10,"AVS",11.9002090043712,4.39280101454619,0.8885
"10119",8,54,11,"AVS",3.13746045855782,3.16191472018715,0.663
"10120",8,54,12,"AVS",2.67114680231528,3.02470054651286,0.7615
"10121",8,54,13,"AVS",27.9349088526703,26.0459625596314,0
"10122",8,54,14,"AVS",11.1435652471213,4.53533013135769,0.0695
"10123",8,54,15,"AVS",9.22859570705611,4.20213961130552,0.145
"10124",8,54,16,"AVS",6.33143780068532,3.71726970873286,0.1955
"10125",8,54,17,"AVS",2.34847516774361,3.20569605417176,0.594
"10126",8,54,18,"AVS",7.11148459292652,3.91796564469766,0.904
"10127",8,54,19,"AVS",5.26533878998602,3.61457315744551,0.827
"10128",8,54,20,"AVS",2.06257123900321,3.00666952285438,0.439
"10129",8,54,21,"AVS",6.4752426151357,3.812225758614,0.118
"10130",8,54,22,"AVS",2.28880988261815,3.18434668187514,0.6175
"10131",8,54,23,"AVS",5.20730498813454,3.62076465478004,0.823
"10132",8,54,24,"AVS",12.7011668055391,5.05570836050331,0.021
"10133",8,54,25,"AVS",2.42426825123975,3.25846228521059,0.3935
"10134",8,54,26,"AVS",11.1443948036815,4.62240199266184,0.9635
"10135",8,54,27,"AVS",2.58540794199471,3.14236560397725,0.6385
"10136",8,54,28,"AVS",7.17140247112138,4.04044091891406,0.0505
"10137",8,54,29,"AVS",4.39021265728048,3.50163193809195,0.084
"10138",8,54,30,"AVS",1.44851107910928,2.61190615535923,0.3835
"10139",8,54,31,"AVS",1.06328907034083,2.44933686305309,0.5775
"10140",8,54,32,"AVS",0.931909941101146,2.28413134192609,0.549
"10141",8,54,33,"AVS",1.39559099064958,2.46026203964978,0.734
"10142",8,54,34,"AVS",0.822684511357674,2.14689017099099,0.4385
"10143",8,54,35,"AVS",1.1780555077416,2.17042746509488,0.246
"10144",8,54,36,"AVS",1.66163647336509,2.33322344548882,0.1635
"10145",8,54,37,"AVS",3.69183181150521,3.73199274078642,0.02
"10146",8,54,38,"AVS",3.64665773466771,3.96807334866289,0.0095
"10147",8,54,1,"EQW",9.58341945097081,4.92520231386019,0.946
"10148",8,54,2,"EQW",6.40945296455556,3.97810478606286,0.9005
"10149",8,54,3,"EQW",11.1839729391406,4.87276155602637,0.945
"10150",8,54,4,"EQW",4.239704014117,3.95176125761987,0.507
"10151",8,54,5,"EQW",11.9804779653002,4.76946909289704,0.8885
"10152",8,54,6,"EQW",6.75085197734774,3.819662490939,0.7895
"10153",8,54,7,"EQW",5.66293301960732,3.87395924909958,0.6195
"10154",8,54,8,"EQW",4.02729285722249,3.78506631723915,0.5355
"10155",8,54,9,"EQW",3.86761452219508,3.83586441190274,0.51
"10156",8,54,10,"EQW",4.77346598860987,3.55078689406459,0.7155
"10157",8,54,11,"EQW",5.37958470206159,3.6275753620787,0.7475
"10158",8,54,12,"EQW",9.0701466395973,3.94088868502456,0.8785
"10159",8,54,13,"EQW",8.62003329783483,4.00232028302916,0.232
"10160",8,54,14,"EQW",5.96298059473886,3.75810112624601,0.2355
"10161",8,54,15,"EQW",5.6338398869087,3.71535128874604,0.244
"10162",8,54,16,"EQW",6.24152737663958,3.67017026887426,0.177
"10163",8,54,17,"EQW",3.43468476639039,3.40168282581416,0.355
"10164",8,54,18,"EQW",3.84163166613945,3.5631301479833,0.712
"10165",8,54,19,"EQW",5.39085231143778,3.89037277850123,0.776
"10166",8,54,20,"EQW",5.02656433664191,3.85977190685813,0.6775
"10167",8,54,21,"EQW",3.59152960790348,3.68986416010226,0.481
"10168",8,54,22,"EQW",3.19699558851525,3.41451295460029,0.6395
"10169",8,54,23,"EQW",5.9590269854879,3.94986645912434,0.8165
"10170",8,54,24,"EQW",5.83959069589603,3.62671624026529,0.207
"10171",8,54,25,"EQW",4.92773770479643,3.61190954641858,0.19
"10172",8,54,26,"EQW",2.64997265194127,3.18769179606281,0.547
"10173",8,54,27,"EQW",1.98546920264729,3.04433844465077,0.5885
"10174",8,54,28,"EQW",5.38353625715186,3.51915843794098,0.1125
"10175",8,54,29,"EQW",2.55092811634852,3.27206055328095,0.3475
"10176",8,54,30,"EQW",1.66221425045839,2.82554557230324,0.5155
"10177",8,54,31,"EQW",1.60945737330525,2.8593398814392,0.559
"10178",8,54,32,"EQW",1.63630868886582,2.76398096714579,0.4795
"10179",8,54,33,"EQW",1.91150647679931,2.92340334977992,0.6855
"10180",8,54,34,"EQW",1.46861822577898,2.68263670346443,0.4735
"10181",8,54,35,"EQW",1.38600004948127,2.55801156665349,0.422
"10182",8,54,36,"EQW",1.35882734419928,2.50620051234238,0.3935
"10183",8,54,37,"EQW",2.25471879894208,3.11099757020734,0.219
"10184",8,54,38,"EQW",2.10022389869633,3.17827675914876,0.248
"10185",8,54,1,"SGP",9.58341945097081,4.61393147933657,0.941
"10186",8,54,2,"SGP",6.4324051096337,3.94453241607295,0.913
"10187",8,54,3,"SGP",15.5797373936174,5.96509932771399,0.9845
"10188",8,54,4,"SGP",6.21627619163088,4.21401901857346,0.1355
"10189",8,54,5,"SGP",11.1393191206308,4.91358724695648,0.969
"10190",8,54,6,"SGP",2.95001335936209,3.05237682285145,0.7895
"10191",8,54,7,"SGP",3.34665879923679,3.13402635297641,0.182
"10192",8,54,8,"SGP",5.35906018387879,3.67954848387124,0.0875
"10193",8,54,9,"SGP",6.79875291224056,3.94822800934895,0.071
"10194",8,54,10,"SGP",1.61275174845849,2.9071683547479,0.5175
"10195",8,54,11,"SGP",1.59982934847244,2.82626219787102,0.536
"10196",8,54,12,"SGP",2.71105728645951,2.95481862024057,0.7405
"10197",8,54,13,"SGP",27.6061201146419,8.546838663669,0.005
"10198",8,54,14,"SGP",12.6970869429795,4.57205378738069,0.052
"10199",8,54,15,"SGP",4.61248898208599,3.5250130037585,0.226
"10200",8,54,16,"SGP",4.2673736211177,3.52534132510065,0.2305
"10201",8,54,17,"SGP",2.37234181896755,3.21374941904743,0.6025
"10202",8,54,18,"SGP",7.14677585260339,3.97170001599771,0.8955
"10203",8,54,19,"SGP",3.70486894595388,3.35207873908651,0.77
"10204",8,54,20,"SGP",2.07119497223742,3.07497885390684,0.445
"10205",8,54,21,"SGP",6.41983691650206,3.80904417969477,0.1275
"10206",8,54,22,"SGP",2.29754365552216,3.13679311888054,0.6205
"10207",8,54,23,"SGP",5.21170137842014,3.6822429996402,0.834
"10208",8,54,24,"SGP",12.609132145114,4.98206952828466,0.0215
"10209",8,54,25,"SGP",2.41976501186236,3.21405128756604,0.402
"10210",8,54,26,"SGP",10.9899287084364,4.53997065202291,0.9585
"10211",8,54,27,"SGP",2.88143872581808,3.27302051885334,0.683
"10212",8,54,28,"SGP",9.15943940741694,4.38064510840162,0.052
"10213",8,54,29,"SGP",2.61287255627936,3.21021858747663,0.6665
"10214",8,54,30,"SGP",0.996530021890035,2.36714918325234,0.45
"10215",8,54,31,"SGP",2.21097714225058,3.24577152937729,0.421
"10216",8,54,32,"SGP",3.51501501764467,3.3046987035106,0.23
"10217",8,54,33,"SGP",2.25296536224046,3.1362187909856,0.614
"10218",8,54,34,"SGP",2.4315131166252,3.14806404847301,0.3885
"10219",8,54,35,"SGP",1.89865635920947,3.08148260878536,0.448
"10220",8,54,36,"SGP",1.84496577054573,2.97846713426815,0.5255
"10221",8,54,37,"SGP",1.97049816195368,3.07183570442498,0.437
"10222",8,54,38,"SGP",2.35795302212861,3.10625868014955,0.0275
"10223",8,54,1,"SGP50",9.58341945097081,4.69299590718451,0.9325
"10224",8,54,2,"SGP50",6.41023509838775,3.97201045181055,0.913
"10225",8,54,3,"SGP50",11.3241040500377,4.9108914511483,0.935
"10226",8,54,4,"SGP50",4.22847187590646,3.9772043380331,0.489
"10227",8,54,5,"SGP50",12.2592025204526,4.68117319282025,0.903
"10228",8,54,6,"SGP50",6.57299299206241,3.80793469788725,0.798
"10229",8,54,7,"SGP50",5.017388437437,3.8629903531287,0.5885
"10230",8,54,8,"SGP50",3.76336129399984,3.7925401887511,0.486
"10231",8,54,9,"SGP50",3.85359706351041,3.77384717859344,0.41
"10232",8,54,10,"SGP50",3.74150655841063,3.38915386093864,0.6575
"10233",8,54,11,"SGP50",3.84361567452417,3.34866405257514,0.6955
"10234",8,54,12,"SGP50",6.25606962050377,3.6289777469761,0.8445
"10235",8,54,13,"SGP50",14.0662542557983,4.58262013926699,0.1315
"10236",8,54,14,"SGP50",7.68298328853798,4.00271991464904,0.167
"10237",8,54,15,"SGP50",5.31674790127073,3.73843834025611,0.195
"10238",8,54,16,"SGP50",5.68871860269822,3.64084197171664,0.181
"10239",8,54,17,"SGP50",2.89325240270576,3.40091106590464,0.4315
"10240",8,54,18,"SGP50",4.56281976845632,3.66992104306655,0.7505
"10241",8,54,19,"SGP50",4.65184448625617,3.63418536683291,0.76
"10242",8,54,20,"SGP50",3.53587892939311,3.52660722447771,0.5975
"10243",8,54,21,"SGP50",4.20595001969039,3.80446904677999,0.342
"10244",8,54,22,"SGP50",2.85309712807692,3.36082121873279,0.6235
"10245",8,54,23,"SGP50",5.60710297853901,3.83304210657509,0.826
"10246",8,54,24,"SGP50",8.08911888632156,3.92876556942992,0.165
"10247",8,54,25,"SGP50",3.76898817440919,3.40776728415703,0.2585
"10248",8,54,26,"SGP50",4.54009867478595,3.53139240529862,0.7
"10249",8,54,27,"SGP50",2.20902452144378,3.10204126576042,0.6295
"10250",8,54,28,"SGP50",6.24518366993624,3.67856102735019,0.099
"10251",8,54,29,"SGP50",2.24874406285804,3.23765621985236,0.4035
"10252",8,54,30,"SGP50",1.81927098481449,2.89498811932905,0.5645
"10253",8,54,31,"SGP50",1.64472306684865,2.88684709260198,0.548
"10254",8,54,32,"SGP50",1.7413740447707,2.88134525638797,0.468
"10255",8,54,33,"SGP50",1.94360422147797,2.97189126179534,0.6855
"10256",8,54,34,"SGP50",1.40267913243442,2.68585530708087,0.4915
"10257",8,54,35,"SGP50",1.25214015478729,2.56371315478982,0.4435
"10258",8,54,36,"SGP50",1.18860700207599,2.4610220733605,0.423
"10259",8,54,37,"SGP50",2.11477302349894,2.91742320868443,0.195
"10260",8,54,38,"SGP50",2.08089015072903,3.19315848725937,0.2145
"10261",8,55,1,"BMA",2.45312660390834,3.01022853953845,0.0645
"10262",8,55,2,"BMA",0.895502424005169,2.01058193554138,0.348
"10263",8,55,3,"BMA",0.8596973918803,1.79081751176878,0.234
"10264",8,55,4,"BMA",0.577964617607474,1.58394444284963,0.709
"10265",8,55,5,"BMA",0.587917354967626,1.58215539097589,0.7095
"10266",8,55,6,"BMA",3.0860875765931,4.72699433770811,0.9905
"10267",8,55,7,"BMA",0.601505619405137,1.83499254122915,0.3855
"10268",8,55,8,"BMA",2.96242621259811,3.47290140518779,0.9705
"10269",8,55,9,"BMA",0.841597779191565,1.9145796350384,0.6895
"10270",8,55,10,"BMA",2.07429472287064,2.65697224310603,0.9235
"10271",8,55,11,"BMA",0.670065842214355,1.85472529716289,0.308
"10272",8,55,12,"BMA",1.9637056128089,2.7585188524643,0.9245
"10273",8,55,13,"BMA",0.688179062370877,1.76195985077714,0.6915
"10274",8,55,14,"BMA",1.17264615427361,2.06770475006016,0.2085
"10275",8,55,15,"BMA",1.1552523773516,2.06629488991552,0.8465
"10276",8,55,16,"BMA",1.97620795593386,2.67254504773935,0.071
"10277",8,55,17,"BMA",1.24186866992308,2.15362114871776,0.17
"10278",8,55,18,"BMA",3.78284803493291,4.14543152269589,0.989
"10279",8,55,19,"BMA",1.14395377368763,2.23742311996286,0.2035
"10280",8,55,20,"BMA",1.17710366442,2.09997882044698,0.8015
"10281",8,55,21,"BMA",0.572846380565149,1.79767009232393,0.4735
"10282",8,55,22,"BMA",0.555445510909242,1.72691320820237,0.4845
"10283",8,55,23,"BMA",1.98278779127939,2.61200598703928,0.9135
"10284",8,55,24,"BMA",2.00160952159367,2.66216962277413,0.9115
"10285",8,55,25,"BMA",1.23439616840812,2.12193690153376,0.811
"10286",8,55,26,"BMA",1.91543762108325,2.51226637951284,0.098
"10287",8,55,27,"BMA",1.81550303843543,2.58923814209809,0.111
"10288",8,55,28,"BMA",4.59663911109601,4.93162339954965,0.9965
"10289",8,55,29,"BMA",1.98716898148122,2.68043328011494,0.1075
"10290",8,55,30,"BMA",1.21453435382528,2.2684011588586,0.794
"10291",8,55,31,"BMA",1.80282504541965,2.56112621349187,0.1295
"10292",8,55,32,"BMA",5.5728226607038,5.89066457975008,5e-04
"10293",8,55,33,"BMA",1.18430775678734,2.11837727061253,0.7625
"10294",8,55,34,"BMA",0.645789424826323,1.88438655012394,0.5075
"10295",8,55,35,"BMA",1.90103087968557,2.64695863848225,0.872
"10296",8,55,36,"BMA",5.52902955547254,5.05965449891892,0.005
"10297",8,55,37,"BMA",1.25377135647318,2.28175332936189,0.755
"10298",8,55,38,"BMA",0.85788513942549,2.07932136953276,0.353
"10299",8,55,1,"AVS",2.45312660390834,2.91840067753594,0.064
"10300",8,55,2,"AVS",0.689184546401604,1.83021844566697,0.382
"10301",8,55,3,"AVS",0.670335509767759,1.6303366778657,0.245
"10302",8,55,4,"AVS",0.61096516775112,1.59416511744643,0.7375
"10303",8,55,5,"AVS",0.601328395196824,1.59861898936656,0.7475
"10304",8,55,6,"AVS",3.12639771054641,4.75563787222871,0.996
"10305",8,55,7,"AVS",0.620013989504718,1.71387579799495,0.331
"10306",8,55,8,"AVS",2.99924375927402,3.42470944278551,0.9825
"10307",8,55,9,"AVS",0.717722332717661,1.82581507425394,0.67
"10308",8,55,10,"AVS",2.05806492241496,2.55850763255054,0.9345
"10309",8,55,11,"AVS",0.674608785767967,1.78515606319056,0.3015
"10310",8,55,12,"AVS",1.95767441249558,2.83923173893539,0.9305
"10311",8,55,13,"AVS",0.677089847387831,1.73795697965622,0.691
"10312",8,55,14,"AVS",1.18350632634188,2.09201677774082,0.1835
"10313",8,55,15,"AVS",1.15337242726382,2.08325219236927,0.8405
"10314",8,55,16,"AVS",1.98130590649324,2.59367453648938,0.0765
"10315",8,55,17,"AVS",1.24232136002865,2.10912680024672,0.1815
"10316",8,55,18,"AVS",3.790018950805,4.13418560914589,0.989
"10317",8,55,19,"AVS",1.16114996347983,2.21284193317521,0.2015
"10318",8,55,20,"AVS",1.16908178919272,2.12075633474805,0.8045
"10319",8,55,21,"AVS",0.569964426620214,1.75405009002677,0.4635
"10320",8,55,22,"AVS",0.553953814535854,1.83698170274929,0.506
"10321",8,55,23,"AVS",1.98010060388682,2.6576957006896,0.925
"10322",8,55,24,"AVS",1.99867341723528,2.67932147602948,0.903
"10323",8,55,25,"AVS",1.23342182231541,2.07263256390339,0.821
"10324",8,55,26,"AVS",1.9155702431906,2.61213786684092,0.088
"10325",8,55,27,"AVS",1.81593498773471,2.5316554970733,0.101
"10326",8,55,28,"AVS",4.59717395623153,5.02909183876954,0.9975
"10327",8,55,29,"AVS",1.98881194994316,2.54112571002714,0.113
"10328",8,55,30,"AVS",1.21463204020988,2.20465678919999,0.796
"10329",8,55,31,"AVS",1.80368975951473,2.58190559219675,0.1315
"10330",8,55,32,"AVS",5.57489294283696,5.89188419309813,0.0015
"10331",8,55,33,"AVS",1.19513501625061,2.15684017804291,0.7555
"10332",8,55,34,"AVS",0.644274407649958,1.97293399691735,0.5085
"10333",8,55,35,"AVS",1.90369527894151,2.54806016966843,0.8665
"10334",8,55,36,"AVS",5.53697899142288,5.24070599781799,0.0045
"10335",8,55,37,"AVS",1.28315457335814,2.35266672258004,0.76
"10336",8,55,38,"AVS",0.852774887261006,2.19510925844395,0.3505
"10337",8,55,1,"EQW",2.45312660390834,2.97844659921702,0.064
"10338",8,55,2,"EQW",1.4810353485269,2.23610415017172,0.2195
"10339",8,55,3,"EQW",1.39837114226511,2.12531407466289,0.175
"10340",8,55,4,"EQW",0.684466179032091,1.91227962780508,0.459
"10341",8,55,5,"EQW",0.586548478746248,1.77594941972126,0.559
"10342",8,55,6,"EQW",2.37538980689948,3.23262768732459,0.887
"10343",8,55,7,"EQW",0.664059147962187,1.91842544177704,0.519
"10344",8,55,8,"EQW",3.01290782102493,3.45961317101881,0.938
"10345",8,55,9,"EQW",1.48281721704654,2.3295800515176,0.772
"10346",8,55,10,"EQW",2.6183770089384,3.11390258528469,0.904
"10347",8,55,11,"EQW",0.953838625406787,2.35077722715443,0.4235
"10348",8,55,12,"EQW",2.21502836392863,2.85251708106012,0.8645
"10349",8,55,13,"EQW",1.31831420755516,2.20570479481304,0.748
"10350",8,55,14,"EQW",1.33566062661259,2.53336601600569,0.322
"10351",8,55,15,"EQW",1.27561359931855,2.34856650120406,0.7655
"10352",8,55,16,"EQW",1.52572405447696,2.57330530494865,0.2285
"10353",8,55,17,"EQW",1.45899094443478,2.32031807732963,0.187
"10354",8,55,18,"EQW",2.54473152955559,3.21427348764409,0.8295
"10355",8,55,19,"EQW",1.0242291169765,2.29034071502436,0.3315
"10356",8,55,20,"EQW",1.25917704555164,2.29462036408122,0.7495
"10357",8,55,21,"EQW",0.806822609941483,2.11673049488317,0.5675
"10358",8,55,22,"EQW",0.765967384948499,2.09687117314652,0.5675
"10359",8,55,23,"EQW",2.16320126317625,2.73841025344094,0.8585
"10360",8,55,24,"EQW",2.7280524606397,2.94768784421871,0.906
"10361",8,55,25,"EQW",2.47592757635088,2.61098716362217,0.848
"10362",8,55,26,"EQW",1.28170627380776,2.70838191461362,0.423
"10363",8,55,27,"EQW",1.34914963097504,2.49975023275944,0.3105
"10364",8,55,28,"EQW",4.13075621997233,3.86799263874379,0.9315
"10365",8,55,29,"EQW",1.27106771744561,2.66702224480954,0.3835
"10366",8,55,30,"EQW",1.69123672129323,2.50853004034503,0.785
"10367",8,55,31,"EQW",1.27192528068716,2.60467822902035,0.336
"10368",8,55,32,"EQW",4.85305506571581,3.6886211319067,0.048
"10369",8,55,33,"EQW",1.00951085594979,2.27692740148939,0.4955
"10370",8,55,34,"EQW",0.886692152522348,2.13472527962642,0.4095
"10371",8,55,35,"EQW",1.47776862001036,2.46962003082556,0.762
"10372",8,55,36,"EQW",4.39131107787447,3.80714601017908,0.041
"10373",8,55,37,"EQW",0.966558530697047,2.3607318705218,0.522
"10374",8,55,38,"EQW",1.12952635157462,2.19535423179654,0.321
"10375",8,55,1,"SGP",2.45312660390834,2.88797000503761,0.0695
"10376",8,55,2,"SGP",1.09955676150621,2.1456484677185,0.257
"10377",8,55,3,"SGP",0.819980507383792,1.79376052527775,0.218
"10378",8,55,4,"SGP",0.571210159574976,1.63854676337588,0.694
"10379",8,55,5,"SGP",0.568142105320692,1.5483147897132,0.6975
"10380",8,55,6,"SGP",3.03646467450737,4.28861802725791,0.982
"10381",8,55,7,"SGP",0.561646689210904,1.71209859505548,0.3785
"10382",8,55,8,"SGP",3.10139472238388,3.8882089691069,0.987
"10383",8,55,9,"SGP",0.881780698861146,1.93869191508505,0.7275
"10384",8,55,10,"SGP",2.20874772849212,2.74582526105504,0.9295
"10385",8,55,11,"SGP",0.790237023932443,1.93054964984513,0.2585
"10386",8,55,12,"SGP",1.97044597118059,2.75915933236586,0.925
"10387",8,55,13,"SGP",0.738504492678757,1.90576893349541,0.728
"10388",8,55,14,"SGP",1.59317932518531,2.26489471244077,0.162
"10389",8,55,15,"SGP",1.16499933999943,2.06224233674391,0.8305
"10390",8,55,16,"SGP",1.95632030414776,2.72769628178896,0.072
"10391",8,55,17,"SGP",1.2389807817769,2.18426258946572,0.171
"10392",8,55,18,"SGP",3.72656536367034,4.07421554199422,0.9815
"10393",8,55,19,"SGP",1.14937096344295,2.17253851243237,0.213
"10394",8,55,20,"SGP",1.18871177014101,2.19575860813843,0.8015
"10395",8,55,21,"SGP",0.570509143954993,1.75435883781556,0.5185
"10396",8,55,22,"SGP",0.554603324268519,1.74624043846461,0.4825
"10397",8,55,23,"SGP",1.99838158345914,2.59461492524145,0.9055
"10398",8,55,24,"SGP",2.001379125902,2.63977009132604,0.9085
"10399",8,55,25,"SGP",1.23948230053901,2.14462255664336,0.8115
"10400",8,55,26,"SGP",1.86587922099642,2.54471923732109,0.1025
"10401",8,55,27,"SGP",1.82469737602378,2.55638572139215,0.105
"10402",8,55,28,"SGP",4.59964286562141,5.0372763386417,0.9975
"10403",8,55,29,"SGP",1.93024002440294,2.68244779454273,0.11
"10404",8,55,30,"SGP",1.22002755150958,2.16356178558436,0.795
"10405",8,55,31,"SGP",1.79960195625086,2.57805777795041,0.138
"10406",8,55,32,"SGP",5.7141985245043,5.91129258946389,0.002
"10407",8,55,33,"SGP",1.1778221692203,2.17912354904781,0.7595
"10408",8,55,34,"SGP",0.654519859510788,1.95838812526418,0.504
"10409",8,55,35,"SGP",1.88899686572533,2.55172641906027,0.8525
"10410",8,55,36,"SGP",5.48794587999776,4.97485298962288,0.0055
"10411",8,55,37,"SGP",1.247324795353,2.23552745362288,0.731
"10412",8,55,38,"SGP",0.845794518734005,2.07990530732588,0.3845
"10413",8,55,1,"SGP50",2.45312660390834,2.92055997970721,0.073
"10414",8,55,2,"SGP50",1.46679267942335,2.29871966323642,0.198
"10415",8,55,3,"SGP50",1.36768263027872,2.10203994828395,0.1745
"10416",8,55,4,"SGP50",0.66508563535554,1.89039061227453,0.4665
"10417",8,55,5,"SGP50",0.574999375863017,1.7475035265747,0.551
"10418",8,55,6,"SGP50",2.4214339983881,3.36246419940968,0.918
"10419",8,55,7,"SGP50",0.6467457374764,1.89858927732845,0.4945
"10420",8,55,8,"SGP50",3.02666629140313,3.51367638701295,0.9405
"10421",8,55,9,"SGP50",1.42815787448733,2.31665324598029,0.7725
"10422",8,55,10,"SGP50",2.57586269941168,2.92538280133323,0.898
"10423",8,55,11,"SGP50",0.926902721380171,2.2459005739337,0.3855
"10424",8,55,12,"SGP50",2.17225959077712,2.86142815971089,0.872
"10425",8,55,13,"SGP50",1.2236066146943,2.12282423459832,0.76
"10426",8,55,14,"SGP50",1.41355632479611,2.6033173784162,0.2865
"10427",8,55,15,"SGP50",1.25695455786466,2.27643145004361,0.787
"10428",8,55,16,"SGP50",1.57213806495335,2.61833343661857,0.2
"10429",8,55,17,"SGP50",1.39046910868994,2.25269205474211,0.2015
"10430",8,55,18,"SGP50",2.76629931866835,3.42126745485566,0.885
"10431",8,55,19,"SGP50",1.01874967331388,2.24264845042068,0.3155
"10432",8,55,20,"SGP50",1.26091861445966,2.32206931965403,0.7555
"10433",8,55,21,"SGP50",0.748124037853983,2.07447257552442,0.5655
"10434",8,55,22,"SGP50",0.714175843473109,2.04376330709246,0.5435
"10435",8,55,23,"SGP50",2.15196342532988,2.75263864349716,0.881
"10436",8,55,24,"SGP50",2.55662031426025,2.98933459066812,0.9025
"10437",8,55,25,"SGP50",2.13109676430124,2.55065025140002,0.856
"10438",8,55,26,"SGP50",1.30583392856236,2.70436595104302,0.356
"10439",8,55,27,"SGP50",1.42803804280633,2.58784118234572,0.2535
"10440",8,55,28,"SGP50",4.28980372706743,3.9341279043591,0.946
"10441",8,55,29,"SGP50",1.33765799283673,2.70492156612654,0.3145
"10442",8,55,30,"SGP50",1.55350079070597,2.35858664921192,0.7995
"10443",8,55,31,"SGP50",1.36216620051438,2.53300512265736,0.314
"10444",8,55,32,"SGP50",5.13435313676845,4.03171235205675,0.0485
"10445",8,55,33,"SGP50",0.969601403296042,2.33471091222654,0.5885
"10446",8,55,34,"SGP50",0.800584305305442,2.08348496791298,0.4295
"10447",8,55,35,"SGP50",1.58222263315091,2.50743303273988,0.786
"10448",8,55,36,"SGP50",4.68658514122698,3.7853031896574,0.0365
"10449",8,55,37,"SGP50",0.971097528790871,2.32727758758929,0.584
"10450",8,55,38,"SGP50",1.03428914624327,2.26337655671116,0.309
"10451",8,56,1,"BMA",1.36687881498085,2.52753405136322,0.793
"10452",8,56,2,"BMA",2.05571512002793,2.51186849138118,0.118
"10453",8,56,3,"BMA",0.984071948862438,2.17216472736274,0.743
"10454",8,56,4,"BMA",0.589994570818313,1.80425772627421,0.4735
"10455",8,56,5,"BMA",0.675505053585751,1.74664967636832,0.3235
"10456",8,56,6,"BMA",1.74983355423531,2.55807561786033,0.09
"10457",8,56,7,"BMA",2.94613609108057,3.62242830212469,0.0425
"10458",8,56,8,"BMA",2.27183510419011,2.76280286024058,0.872
"10459",8,56,9,"BMA",1.65094704833336,2.4918546197215,0.853
"10460",8,56,10,"BMA",1.07311732248978,2.33309204803098,0.7085
"10461",8,56,11,"BMA",0.839655625652572,2.13729099300572,0.637
"10462",8,56,12,"BMA",0.63290833834275,1.97231840095984,0.4575
"10463",8,56,13,"BMA",1.05719724282691,2.1486896972748,0.2595
"10464",8,56,14,"BMA",0.834950404603378,1.90355809904229,0.2855
"10465",8,56,15,"BMA",0.867127830571244,1.94534912705328,0.7005
"10466",8,56,16,"BMA",1.35841044436293,2.27799877186976,0.835
"10467",8,56,17,"BMA",1.16518158437187,2.11476459965657,0.778
"10468",8,56,18,"BMA",0.936944348065178,1.96921368145663,0.7055
"10469",8,56,19,"BMA",0.762678167056777,1.90765851116155,0.6865
"10470",8,56,20,"BMA",2.83426803464488,3.31795472295814,0.9625
"10471",8,56,21,"BMA",1.85675837464468,2.48799858635999,0.89
"10472",8,56,22,"BMA",6.6352141883493,6.92595462449596,0.9985
"10473",8,56,23,"BMA",0.812694869061906,1.93593551112621,0.639
"10474",8,56,24,"BMA",1.22389723083629,2.27713686539997,0.773
"10475",8,56,25,"BMA",0.627685091934037,1.94467419822919,0.49
"10476",8,56,26,"BMA",2.63721178294003,2.8798490603345,0.92
"10477",8,56,27,"BMA",7.54063813236764,7.40054660571032,1
"10478",8,56,28,"BMA",15.7999849956879,44.0636636982885,1
"10479",8,56,29,"BMA",19.1574866454513,5.54930483295629,0.99
"10480",8,56,30,"BMA",28.3759941772434,6.73718424610542,0.9975
"10481",8,56,31,"BMA",14.1002412129827,4.64816995900829,0.9335
"10482",8,56,32,"BMA",11.0389791674288,4.5212734077982,0.905
"10483",8,56,33,"BMA",6.6662633607532,3.88294519483556,0.7885
"10484",8,56,34,"BMA",3.29719726167185,3.49955283765734,0.4915
"10485",8,56,35,"BMA",3.60234494530115,3.52621307344543,0.383
"10486",8,56,36,"BMA",5.36004996036096,3.70635636368684,0.2815
"10487",8,56,37,"BMA",7.17979941921421,3.8119451226368,0.1735
"10488",8,56,38,"BMA",5.86952305086612,3.7403941725005,0.2425
"10489",8,56,1,"AVS",1.36687881498085,2.50696247782865,0.7735
"10490",8,56,2,"AVS",2.16541200587238,2.60919327864702,0.1105
"10491",8,56,3,"AVS",0.972042402381875,2.14508278316267,0.741
"10492",8,56,4,"AVS",0.571217601974993,1.74916044833807,0.517
"10493",8,56,5,"AVS",0.670701366449468,1.77811639676554,0.319
"10494",8,56,6,"AVS",1.77332283573206,2.65716308966916,0.066
"10495",8,56,7,"AVS",3.06262720333102,3.82777302136377,0.033
"10496",8,56,8,"AVS",1.89769633088239,2.50041835489069,0.847
"10497",8,56,9,"AVS",1.81040341927295,2.66738600702706,0.8845
"10498",8,56,10,"AVS",1.33226660237239,2.48509927899214,0.7785
"10499",8,56,11,"AVS",1.00473700364976,2.28015541309637,0.705
"10500",8,56,12,"AVS",0.651099870902673,2.01399457102535,0.512
"10501",8,56,13,"AVS",1.01883310693735,2.07099752424109,0.26
"10502",8,56,14,"AVS",0.887531781965855,1.99794193419657,0.2645
"10503",8,56,15,"AVS",0.776490942110877,1.89526339376586,0.687
"10504",8,56,16,"AVS",1.42783155070405,2.29442736659097,0.8485
"10505",8,56,17,"AVS",1.49087528209059,2.44291031747455,0.8355
"10506",8,56,18,"AVS",1.0348369428187,2.05635951377252,0.741
"10507",8,56,19,"AVS",0.74276260145465,1.89716430372906,0.682
"10508",8,56,20,"AVS",2.8138595537915,3.15559495045343,0.961
"10509",8,56,21,"AVS",1.85154784363073,2.54576497924834,0.9035
"10510",8,56,22,"AVS",6.6345905585503,6.43600494127615,0.998
"10511",8,56,23,"AVS",0.81228381619507,1.96214687140175,0.64
"10512",8,56,24,"AVS",1.22426295596992,2.27466653774296,0.7595
"10513",8,56,25,"AVS",0.627664714810484,1.90399347110068,0.511
"10514",8,56,26,"AVS",2.63803127534157,2.93325329170376,0.922
"10515",8,56,27,"AVS",7.54098066944411,8.29084190497911,1
"10516",8,56,28,"AVS",15.9911870941275,51.8844936212595,1
"10517",8,56,29,"AVS",9.27053207956202,3.71964999281115,0.098
"10518",8,56,30,"AVS",12.4753514633512,7.43810811706587,0.9995
"10519",8,56,31,"AVS",4.56708371126934,3.42757799215822,0.071
"10520",8,56,32,"AVS",1.53414719552078,2.72630467340125,0.635
"10521",8,56,33,"AVS",1.32541763784144,2.53854183407101,0.405
"10522",8,56,34,"AVS",4.75585680144751,3.43728763001204,0.0835
"10523",8,56,35,"AVS",1.17699735786982,2.56498451887028,0.487
"10524",8,56,36,"AVS",1.45096416405313,2.62617586259192,0.3565
"10525",8,56,37,"AVS",1.94722155896726,2.769811968478,0.265
"10526",8,56,38,"AVS",1.17842156551833,2.485018688178,0.582
"10527",8,56,1,"EQW",1.36687881498085,2.49940031328834,0.779
"10528",8,56,2,"EQW",1.733685840795,2.43816484461465,0.1435
"10529",8,56,3,"EQW",0.965441089829487,2.15527827527101,0.7145
"10530",8,56,4,"EQW",0.669834608786604,1.91070502044557,0.445
"10531",8,56,5,"EQW",0.845118832824148,1.83956659006574,0.295
"10532",8,56,6,"EQW",1.84131367880027,2.58468381214271,0.0945
"10533",8,56,7,"EQW",2.73303054242632,3.10677457978286,0.062
"10534",8,56,8,"EQW",1.29258780885882,2.29575983153331,0.7525
"10535",8,56,9,"EQW",1.73197623747093,2.49785940310503,0.8405
"10536",8,56,10,"EQW",1.18273428764214,2.36325399156867,0.732
"10537",8,56,11,"EQW",1.02800536443618,2.25441436046539,0.71
"10538",8,56,12,"EQW",0.682944588289715,1.98828534967183,0.562
"10539",8,56,13,"EQW",0.966143570800636,2.11343250689559,0.2675
"10540",8,56,14,"EQW",0.999205457556412,2.01012491358385,0.2635
"10541",8,56,15,"EQW",0.709190660171089,1.98928042832025,0.644
"10542",8,56,16,"EQW",1.40570520344843,2.40767256978857,0.8375
"10543",8,56,17,"EQW",1.60293593544663,2.42448561210527,0.831
"10544",8,56,18,"EQW",1.72709340451,2.48046463561979,0.8465
"10545",8,56,19,"EQW",1.943207180324,2.58063922065974,0.849
"10546",8,56,20,"EQW",4.40954449253645,4.02603220281256,0.9785
"10547",8,56,21,"EQW",3.66595245634829,3.14903909316047,0.9415
"10548",8,56,22,"EQW",8.78710233522882,6.29016562520403,0.998
"10549",8,56,23,"EQW",3.29179900880699,2.7745989455491,0.801
"10550",8,56,24,"EQW",3.09266297665819,2.74761825660965,0.8455
"10551",8,56,25,"EQW",1.78558459797149,2.52764823034088,0.671
"10552",8,56,26,"EQW",3.7925796661306,3.19846811087007,0.9195
"10553",8,56,27,"EQW",8.68497630693212,5.67662467433109,0.996
"10554",8,56,28,"EQW",18.3942871903978,9.24876063104252,0.9995
"10555",8,56,29,"EQW",6.68742116467395,4.11998877004038,0.5585
"10556",8,56,30,"EQW",15.7096906662248,5.95355770526645,0.998
"10557",8,56,31,"EQW",4.49936795207767,4.00343812895746,0.4625
"10558",8,56,32,"EQW",3.58159803596836,3.51611969465825,0.627
"10559",8,56,33,"EQW",2.79836564419375,3.04690923144841,0.6865
"10560",8,56,34,"EQW",3.55295582174431,3.51234823389724,0.26
"10561",8,56,35,"EQW",1.72800037814996,2.86268473822155,0.439
"10562",8,56,36,"EQW",2.25659745869704,2.96065080479453,0.3355
"10563",8,56,37,"EQW",2.90036977987596,3.03471872738275,0.2415
"10564",8,56,38,"EQW",1.85344769944053,2.89746298002373,0.4605
"10565",8,56,1,"SGP",1.36687881498085,2.43022201715634,0.7805
"10566",8,56,2,"SGP",1.60970759243898,2.2885600722554,0.1565
"10567",8,56,3,"SGP",1.0395991063921,2.12835327295615,0.7935
"10568",8,56,4,"SGP",0.515231354091171,1.70888656185771,0.547
"10569",8,56,5,"SGP",0.565250188932369,1.65031141073525,0.356
"10570",8,56,6,"SGP",1.70969290238038,2.58135025961907,0.085
"10571",8,56,7,"SGP",3.14240166586999,4.04005688100405,0.0255
"10572",8,56,8,"SGP",0.813756977125493,1.94581962191317,0.7185
"10573",8,56,9,"SGP",1.94457688094963,2.64484718363389,0.9045
"10574",8,56,10,"SGP",1.65030762937843,2.5542784659715,0.8665
"10575",8,56,11,"SGP",1.5373246719907,2.51920562179578,0.8595
"10576",8,56,12,"SGP",0.807287660562173,1.99088904231701,0.7295
"10577",8,56,13,"SGP",0.615373192408074,1.72000864259263,0.378
"10578",8,56,14,"SGP",0.895573258375788,1.97889180044315,0.235
"10579",8,56,15,"SGP",0.542207625867092,1.66600186583988,0.61
"10580",8,56,16,"SGP",1.52568053447851,2.37829642462406,0.8805
"10581",8,56,17,"SGP",2.19181662111816,2.97523020513293,0.942
"10582",8,56,18,"SGP",2.13136741050279,2.72053739137796,0.9465
"10583",8,56,19,"SGP",2.5058040403734,2.9843780277473,0.9505
"10584",8,56,20,"SGP",4.71779228949642,5.05660961704015,0.9955
"10585",8,56,21,"SGP",2.00841613987961,2.65615530318393,0.911
"10586",8,56,22,"SGP",6.81708683335998,7.12251907587247,0.999
"10587",8,56,23,"SGP",0.887162995098227,2.14549293157072,0.6475
"10588",8,56,24,"SGP",0.895320211301747,2.02143453837424,0.6945
"10589",8,56,25,"SGP",0.710119126233723,1.98036484001664,0.386
"10590",8,56,26,"SGP",2.0189070310164,2.68989730341744,0.888
"10591",8,56,27,"SGP",5.56824600120313,4.95995489755408,0.996
"10592",8,56,28,"SGP",12.6782447946651,39.676957345928,1
"10593",8,56,29,"SGP",17.4910079839256,6.15052451607672,0.021
"10594",8,56,30,"SGP",12.3805651623105,7.0818907070232,0.9995
"10595",8,56,31,"SGP",7.99602074551871,5.05646220064816,0.0165
"10596",8,56,32,"SGP",3.36604563909677,3.40647788508114,0.2655
"10597",8,56,33,"SGP",1.32125839345641,2.59168699680982,0.422
"10598",8,56,34,"SGP",4.76266015511585,3.59093431882104,0.076
"10599",8,56,35,"SGP",1.17971574840816,2.5453446142211,0.512
"10600",8,56,36,"SGP",1.46426701547623,2.63458027732931,0.3555
"10601",8,56,37,"SGP",1.95959573046502,2.79874989028459,0.2565
"10602",8,56,38,"SGP",1.17896795646411,2.48181724330858,0.575
"10603",8,56,1,"SGP50",1.36687881498085,2.38453054576572,0.774
"10604",8,56,2,"SGP50",1.73074631261406,2.32321763094602,0.1515
"10605",8,56,3,"SGP50",0.968794433261697,2.09975399625152,0.696
"10606",8,56,4,"SGP50",0.66406016701595,1.88194754620875,0.4365
"10607",8,56,5,"SGP50",0.832829725035957,1.98268415674707,0.315
"10608",8,56,6,"SGP50",1.82730254848308,2.50190907979923,0.098
"10609",8,56,7,"SGP50",2.72582382596913,3.12725310464374,0.066
"10610",8,56,8,"SGP50",1.28791982719603,2.37632911137801,0.7605
"10611",8,56,9,"SGP50",1.72822427583044,2.55313288092643,0.8435
"10612",8,56,10,"SGP50",1.18497938576879,2.38050253814899,0.7365
"10613",8,56,11,"SGP50",1.03306558096289,2.3277181712786,0.704
"10614",8,56,12,"SGP50",0.680713971271802,1.94856213980283,0.568
"10615",8,56,13,"SGP50",0.950385433846543,2.04400106775211,0.2775
"10616",8,56,14,"SGP50",0.987190885923373,2.02048041140493,0.2455
"10617",8,56,15,"SGP50",0.706053876091279,1.95479458007539,0.6505
"10618",8,56,16,"SGP50",1.40803722465155,2.3682408675418,0.84
"10619",8,56,17,"SGP50",1.60897231387125,2.45526999239338,0.8475
"10620",8,56,18,"SGP50",1.72472532456377,2.43926000795438,0.849
"10621",8,56,19,"SGP50",1.94055647824666,2.56619361106659,0.8525
"10622",8,56,20,"SGP50",4.38830098713086,3.89067228187931,0.979
"10623",8,56,21,"SGP50",3.50180575543822,3.10607569280477,0.929
"10624",8,56,22,"SGP50",8.52938832258875,7.13976703822417,0.999
"10625",8,56,23,"SGP50",2.85652778454563,2.6120396143468,0.7875
"10626",8,56,24,"SGP50",2.63962589965516,2.67790911724198,0.8195
"10627",8,56,25,"SGP50",1.43782287482053,2.3939735796295,0.6425
"10628",8,56,26,"SGP50",3.37474500879353,3.08091302958901,0.915
"10629",8,56,27,"SGP50",7.96603867321281,5.27954698578344,0.9935
"10630",8,56,28,"SGP50",16.8027069165717,12.3350228489972,1
"10631",8,56,29,"SGP50",5.58543320649798,4.0104211895466,0.4315
"10632",8,56,30,"SGP50",13.1436012481857,5.77867624975843,0.9975
"10633",8,56,31,"SGP50",4.30221799129774,4.02839326290117,0.293
"10634",8,56,32,"SGP50",2.57835220257008,3.28669684242662,0.4935
"10635",8,56,33,"SGP50",1.94974758598937,2.85610290001688,0.6285
"10636",8,56,34,"SGP50",4.43686804875126,3.76264298226482,0.1425
"10637",8,56,35,"SGP50",1.40674713136967,2.78135188118652,0.459
"10638",8,56,36,"SGP50",1.88967252286811,2.8610583642488,0.328
"10639",8,56,37,"SGP50",2.40593644429983,2.98622549820165,0.2505
"10640",8,56,38,"SGP50",1.35750491090543,2.66648882357615,0.5085
"10641",8,57,1,"BMA",7.15687075103727,3.84507740304756,0.8105
"10642",8,57,2,"BMA",3.14121278753101,3.27668346366331,0.317
"10643",8,57,3,"BMA",2.41782510083227,3.24397444392929,0.4505
"10644",8,57,4,"BMA",6.85849150208038,4.15351241678006,0.8975
"10645",8,57,5,"BMA",8.05683620676665,4.13501482782062,0.922
"10646",8,57,6,"BMA",4.27907256224392,3.43685937961874,0.7745
"10647",8,57,7,"BMA",15.8657302002367,6.32007507457927,0.994
"10648",8,57,8,"BMA",3.86502675210034,3.4789493529543,0.673
"10649",8,57,9,"BMA",2.82685457413808,3.40477372570398,0.4345
"10650",8,57,10,"BMA",2.70357560964502,3.34057675271886,0.4735
"10651",8,57,11,"BMA",3.58977728006067,3.61048919142885,0.348
"10652",8,57,12,"BMA",3.53329654719187,3.51021518623538,0.5185
"10653",8,57,13,"BMA",5.07102086620228,3.43113960826802,0.743
"10654",8,57,14,"BMA",2.99928760572661,3.29291401045646,0.6415
"10655",8,57,15,"BMA",2.90348116648871,3.35800694635436,0.336
"10656",8,57,16,"BMA",4.13362585618543,3.62096845347196,0.221
"10657",8,57,17,"BMA",3.24300909731312,3.3172019011995,0.2815
"10658",8,57,18,"BMA",3.14922041116319,3.24485544164595,0.265
"10659",8,57,19,"BMA",8.41765844928591,4.230461435188,0.058
"10660",8,57,20,"BMA",17.4461705157522,6.49492058826813,5e-04
"10661",8,57,21,"BMA",6.47834681683535,4.13898825458257,0.6925
"10662",8,57,22,"BMA",2.27447283344219,3.16813636772116,0.48
"10663",8,57,23,"BMA",2.26133475785319,3.24371435315793,0.524
"10664",8,57,24,"BMA",3.46387691054595,3.42800157110658,0.2885
"10665",8,57,25,"BMA",3.3243755673162,3.36482041636015,0.6985
"10666",8,57,26,"BMA",3.36861110433461,3.32637798539453,0.289
"10667",8,57,27,"BMA",2.28585052201746,3.18621612826614,0.4025
"10668",8,57,28,"BMA",5.91061482339197,3.66307023394096,0.1265
"10669",8,57,29,"BMA",2.06698621394797,3.13053469769969,0.4745
"10670",8,57,30,"BMA",5.28178385108034,3.52299750249349,0.1475
"10671",8,57,31,"BMA",2.02821086354872,3.04302934031771,0.443
"10672",8,57,32,"BMA",2.58150881637912,3.05471854414191,0.3175
"10673",8,57,33,"BMA",1.99771324752507,3.07357748991955,0.4025
"10674",8,57,34,"BMA",1.73591532100827,2.89997211501136,0.4255
"10675",8,57,35,"BMA",1.68631463546667,2.79657635116993,0.4245
"10676",8,57,36,"BMA",1.40932471092765,2.69825688639501,0.5055
"10677",8,57,37,"BMA",1.19132837353716,2.5226602380958,0.506
"10678",8,57,38,"BMA",1.0609849093815,2.35722043825306,0.411
"10679",8,57,1,"AVS",7.15687075103727,3.90711610799857,0.818
"10680",8,57,2,"AVS",3.69795600249808,3.35107327758474,0.241
"10681",8,57,3,"AVS",2.66437962424929,3.25309554371054,0.4015
"10682",8,57,4,"AVS",7.21852880579988,4.18933892057744,0.9025
"10683",8,57,5,"AVS",11.0845981207175,4.56525440104015,0.9425
"10684",8,57,6,"AVS",4.93136673233516,3.59133981475221,0.8265
"10685",8,57,7,"AVS",15.3146747032645,5.35946164390021,0.979
"10686",8,57,8,"AVS",3.55318351716681,3.42218264565447,0.664
"10687",8,57,9,"AVS",2.68972114330362,3.27755410969582,0.355
"10688",8,57,10,"AVS",2.30983578642869,3.16403350100256,0.386
"10689",8,57,11,"AVS",4.59873682132642,3.60231003419576,0.1795
"10690",8,57,12,"AVS",3.72690355176377,3.55380633234031,0.4785
"10691",8,57,13,"AVS",4.91370770860065,3.49818146028285,0.746
"10692",8,57,14,"AVS",1.85159294519382,2.79702450155121,0.354
"10693",8,57,15,"AVS",4.67248830958982,3.47755964894604,0.1045
"10694",8,57,16,"AVS",6.06525343633279,3.79068763000846,0.097
"10695",8,57,17,"AVS",2.76525861401366,3.11498495676724,0.3065
"10696",8,57,18,"AVS",3.25100077976889,3.2149903131909,0.262
"10697",8,57,19,"AVS",8.81252680063114,4.27481385340084,0.0445
"10698",8,57,20,"AVS",19.252355884418,6.97780661962095,5e-04
"10699",8,57,21,"AVS",14.3686892115799,5.72390035233923,0.9815
"10700",8,57,22,"AVS",2.34036170741209,3.23992824965106,0.424
"10701",8,57,23,"AVS",2.23967045535733,3.15792264529169,0.4075
"10702",8,57,24,"AVS",4.24726780496432,3.44212238140881,0.219
"10703",8,57,25,"AVS",2.51018378107648,3.10727624373207,0.6295
"10704",8,57,26,"AVS",3.60479513924836,3.29516828367391,0.252
"10705",8,57,27,"AVS",2.40530307945102,3.1875835522303,0.377
"10706",8,57,28,"AVS",6.42560670589373,3.71076948856734,0.113
"10707",8,57,29,"AVS",2.20964386647629,3.13495525877417,0.4035
"10708",8,57,30,"AVS",6.27079621879485,3.71202891926064,0.1265
"10709",8,57,31,"AVS",2.59857951676365,3.17302578041712,0.3475
"10710",8,57,32,"AVS",3.54484840000946,3.31889563576928,0.229
"10711",8,57,33,"AVS",2.47476236548438,3.15763873902637,0.343
"10712",8,57,34,"AVS",1.96148789495739,2.98525524789179,0.4275
"10713",8,57,35,"AVS",1.78831253875026,2.95557488896953,0.4915
"10714",8,57,36,"AVS",1.69837607845255,2.84024744419089,0.5755
"10715",8,57,37,"AVS",1.62355120531304,2.93015988234498,0.563
"10716",8,57,38,"AVS",1.64214814217508,2.87140546272301,0.4545
"10717",8,57,1,"EQW",7.15687075103727,3.86927419544223,0.8235
"10718",8,57,2,"EQW",3.26519285077156,3.30782553569696,0.2695
"10719",8,57,3,"EQW",2.32571879129965,3.09325533281465,0.364
"10720",8,57,4,"EQW",4.95458477982244,3.71735747600564,0.835
"10721",8,57,5,"EQW",5.96918338472241,3.71967911761813,0.8755
"10722",8,57,6,"EQW",3.82045620419105,3.26055777613794,0.7365
"10723",8,57,7,"EQW",17.3039900620007,6.11128343691606,0.992
"10724",8,57,8,"EQW",4.34942818513648,3.4842143904098,0.681
"10725",8,57,9,"EQW",3.16786122484936,3.45307152740488,0.57
"10726",8,57,10,"EQW",3.00512909402384,3.39811250373569,0.58
"10727",8,57,11,"EQW",3.12173636672527,3.56484079064287,0.4295
"10728",8,57,12,"EQW",2.86545973675257,3.4399994198906,0.4945
"10729",8,57,13,"EQW",4.50436985341044,3.48475307612052,0.731
"10730",8,57,14,"EQW",4.43520711911003,3.48093801160877,0.7075
"10731",8,57,15,"EQW",3.55532378358535,3.62328278200203,0.598
"10732",8,57,16,"EQW",3.11610488336191,3.51563479405589,0.4715
"10733",8,57,17,"EQW",2.95961054011606,3.44073244353474,0.4435
"10734",8,57,18,"EQW",2.71904950752119,3.37906397108004,0.418
"10735",8,57,19,"EQW",5.25646342072014,3.87655131152767,0.2045
"10736",8,57,20,"EQW",14.1167595333943,5.0971587536943,0.023
"10737",8,57,21,"EQW",3.70457098998175,3.7293999970669,0.4085
"10738",8,57,22,"EQW",2.44242485187331,3.22572394595489,0.614
"10739",8,57,23,"EQW",2.91440847436801,3.24637044782817,0.7005
"10740",8,57,24,"EQW",2.27238329783616,3.25879511652704,0.5175
"10741",8,57,25,"EQW",6.31415871089304,3.88808261212808,0.857
"10742",8,57,26,"EQW",3.16672901763922,3.5083491610465,0.6045
"10743",8,57,27,"EQW",3.68486589699631,3.40402714466602,0.697
"10744",8,57,28,"EQW",2.60217928215545,3.31594441672951,0.455
"10745",8,57,29,"EQW",2.87397020978384,3.26332855197236,0.6975
"10746",8,57,30,"EQW",2.42678109715848,3.00341604047043,0.353
"10747",8,57,31,"EQW",1.63382819947977,2.89821189059428,0.4965
"10748",8,57,32,"EQW",1.95126799322831,2.8074269187611,0.3295
"10749",8,57,33,"EQW",1.76076252399589,2.85441304514369,0.38
"10750",8,57,34,"EQW",1.57224878666593,2.71760705289868,0.367
"10751",8,57,35,"EQW",1.56717863337499,2.71348995522203,0.3665
"10752",8,57,36,"EQW",1.20314070218269,2.55182722483144,0.4685
"10753",8,57,37,"EQW",1.13132707032682,2.49907759796455,0.5115
"10754",8,57,38,"EQW",1.10989318331441,2.401459581674,0.446
"10755",8,57,1,"SGP",7.15687075103727,3.87162753900785,0.816
"10756",8,57,2,"SGP",2.21063178558679,3.15421074061144,0.399
"10757",8,57,3,"SGP",2.22168526581926,3.07902761701343,0.613
"10758",8,57,4,"SGP",7.72741012264361,4.16453179419219,0.946
"10759",8,57,5,"SGP",4.29731148696518,3.32276648854191,0.8875
"10760",8,57,6,"SGP",1.25813472441517,2.57870140833286,0.601
"10761",8,57,7,"SGP",14.4352748863021,10.6624192983863,0.999
"10762",8,57,8,"SGP",1.84941069637305,2.94833233300194,0.345
"10763",8,57,9,"SGP",2.61490680641784,3.06626485465045,0.262
"10764",8,57,10,"SGP",2.08570237253563,2.95084850757599,0.3135
"10765",8,57,11,"SGP",5.56925783888757,3.75381344184224,0.0775
"10766",8,57,12,"SGP",4.23011204330769,3.39823585793498,0.115
"10767",8,57,13,"SGP",1.56594681015734,2.85933232973066,0.46
"10768",8,57,14,"SGP",1.85794679508046,2.78206707847196,0.3575
"10769",8,57,15,"SGP",4.63674776638188,3.55217972342536,0.101
"10770",8,57,16,"SGP",6.96790496647717,4.09064023402788,0.059
"10771",8,57,17,"SGP",6.40143226286954,4.00919857261492,0.056
"10772",8,57,18,"SGP",3.57637244877681,3.22040563552115,0.1565
"10773",8,57,19,"SGP",6.06766843894681,3.77282819467183,0.071
"10774",8,57,20,"SGP",11.7869085351183,5.5827120089309,0.009
"10775",8,57,21,"SGP",14.7377505165815,5.85215968072328,0.988
"10776",8,57,22,"SGP",5.13725395720978,3.54408657857894,0.864
"10777",8,57,23,"SGP",2.60682619907377,3.04770740103274,0.725
"10778",8,57,24,"SGP",2.39028820518433,3.08343336368603,0.3335
"10779",8,57,25,"SGP",5.47320086161319,3.59453743819864,0.8675
"10780",8,57,26,"SGP",2.77048055039353,3.10455863989551,0.2685
"10781",8,57,27,"SGP",1.70023903366623,2.83548617816773,0.5475
"10782",8,57,28,"SGP",4.1597290422507,3.39159711407132,0.178
"10783",8,57,29,"SGP",2.73102448813777,3.08601021619994,0.736
"10784",8,57,30,"SGP",3.30827165987373,3.06735423394124,0.2365
"10785",8,57,31,"SGP",2.06781390020828,2.89675188653663,0.668
"10786",8,57,32,"SGP",1.64834645557171,2.90979762853941,0.4445
"10787",8,57,33,"SGP",1.77134336696645,2.89204503208445,0.5945
"10788",8,57,34,"SGP",1.67370412360853,2.79831006632305,0.5905
"10789",8,57,35,"SGP",1.66538942310016,2.78522009270816,0.5825
"10790",8,57,36,"SGP",1.75314612085156,2.78094797395559,0.6495
"10791",8,57,37,"SGP",1.65554106112073,2.86925195758533,0.587
"10792",8,57,38,"SGP",1.51324950225814,2.86065271897577,0.491
"10793",8,57,1,"SGP50",7.15687075103727,3.90451512875322,0.8375
"10794",8,57,2,"SGP50",3.22066374657423,3.29389992979776,0.275
"10795",8,57,3,"SGP50",2.28046361626281,3.07138154216385,0.3875
"10796",8,57,4,"SGP50",5.09645891416716,3.62966341900515,0.828
"10797",8,57,5,"SGP50",6.01880222694229,3.72853841746647,0.888
"10798",8,57,6,"SGP50",3.69829979318026,3.26145324263231,0.748
"10799",8,57,7,"SGP50",17.1118918046414,6.3520778623215,0.993
"10800",8,57,8,"SGP50",3.73215112795327,3.46531125641616,0.65
"10801",8,57,9,"SGP50",2.81949177102473,3.41422901124026,0.5
"10802",8,57,10,"SGP50",2.61069254935058,3.32841215460477,0.556
"10803",8,57,11,"SGP50",3.23712376555069,3.59767584611216,0.336
"10804",8,57,12,"SGP50",2.75466157044154,3.37645790473147,0.44
"10805",8,57,13,"SGP50",3.30334474979192,3.265394829805,0.658
"10806",8,57,14,"SGP50",2.92137176574244,3.23740908688782,0.6385
"10807",8,57,15,"SGP50",2.83750227825047,3.42349338136633,0.43
"10808",8,57,16,"SGP50",3.46059398678006,3.55291174494162,0.334
"10809",8,57,17,"SGP50",3.37634848646313,3.54147322120795,0.302
"10810",8,57,18,"SGP50",2.8852642303514,3.31189069093044,0.3005
"10811",8,57,19,"SGP50",6.21315321076317,3.86319305360188,0.132
"10812",8,57,20,"SGP50",14.2376201800532,5.41230830782636,0.0115
"10813",8,57,21,"SGP50",4.91849190031451,4.01532666261365,0.605
"10814",8,57,22,"SGP50",2.82639185907527,3.29191400212554,0.686
"10815",8,57,23,"SGP50",2.57507834578624,3.18631258266357,0.6735
"10816",8,57,24,"SGP50",2.37478267734655,3.27036726216722,0.409
"10817",8,57,25,"SGP50",5.29222569418903,3.5822050159586,0.8305
"10818",8,57,26,"SGP50",2.60032004116037,3.30737866677357,0.4495
"10819",8,57,27,"SGP50",2.54834504806498,3.26095371616629,0.632
"10820",8,57,28,"SGP50",3.25064985128637,3.39239374120356,0.314
"10821",8,57,29,"SGP50",2.52801387532004,3.14566486752434,0.672
"10822",8,57,30,"SGP50",3.06606179125697,3.16833187010157,0.276
"10823",8,57,31,"SGP50",1.7313574913439,2.95402002338795,0.5215
"10824",8,57,32,"SGP50",1.98348748908651,2.98696320569483,0.365
"10825",8,57,33,"SGP50",1.73719216017785,2.8948290568053,0.4125
"10826",8,57,34,"SGP50",1.57409548095457,2.80168552602235,0.4495
"10827",8,57,35,"SGP50",1.56885642595526,2.70481650943613,0.435
"10828",8,57,36,"SGP50",1.33416814386303,2.55875552405223,0.529
"10829",8,57,37,"SGP50",1.26643195743967,2.58835511635888,0.499
"10830",8,57,38,"SGP50",1.24929603009171,2.52536541340759,0.459
"10831",8,58,1,"BMA",1.2925661076381,2.69649639615602,0.469
"10832",8,58,2,"BMA",1.99907008957213,2.5118828499394,0.161
"10833",8,58,3,"BMA",0.975704692879529,2.19444630090911,0.309
"10834",8,58,4,"BMA",0.712167729316665,2.07626082756522,0.4025
"10835",8,58,5,"BMA",0.960038535517663,2.08918127683644,0.7295
"10836",8,58,6,"BMA",7.79799897105357,6.35497192001807,0.995
"10837",8,58,7,"BMA",17.2627487593931,5.58129814933591,0.9735
"10838",8,58,8,"BMA",4.62498595445576,3.95752811166151,0.5525
"10839",8,58,9,"BMA",4.177113640701,3.71403420291421,0.686
"10840",8,58,10,"BMA",16.6782965716805,5.24824995407417,0.957
"10841",8,58,11,"BMA",11.4255051076039,4.44715704934346,0.864
"10842",8,58,12,"BMA",16.7798872494621,4.86826684875713,0.9415
"10843",8,58,13,"BMA",11.2294883300573,4.2712715359843,0.8375
"10844",8,58,14,"BMA",7.37293747638166,3.99891364097834,0.7635
"10845",8,58,15,"BMA",7.49346469137352,3.89069438733616,0.769
"10846",8,58,16,"BMA",10.6845010378628,4.28689014118638,0.903
"10847",8,58,17,"BMA",13.4927137405787,4.83132361987275,0.9535
"10848",8,58,18,"BMA",12.1401607985542,4.7103179310861,0.9425
"10849",8,58,19,"BMA",5.66216034611851,3.7303183214184,0.8225
"10850",8,58,20,"BMA",3.36576911174271,3.42247740764036,0.34
"10851",8,58,21,"BMA",9.96347115056555,4.31330191920963,0.076
"10852",8,58,22,"BMA",5.15739663317432,3.72376727754172,0.2475
"10853",8,58,23,"BMA",7.99179361099623,4.02252895435068,0.1415
"10854",8,58,24,"BMA",2.80312117490689,3.36095852098466,0.601
"10855",8,58,25,"BMA",2.6566533992176,3.23574240395062,0.404
"10856",8,58,26,"BMA",2.98282872517228,3.30108779134852,0.313
"10857",8,58,27,"BMA",2.0359505768243,3.06053584097865,0.5475
"10858",8,58,28,"BMA",3.16041081612766,3.16697994535596,0.2595
"10859",8,58,29,"BMA",3.20400502111171,3.18242184751329,0.237
"10860",8,58,30,"BMA",4.05229886643824,3.34619419014595,0.1595
"10861",8,58,31,"BMA",2.66329349820479,2.96569527403701,0.239
"10862",8,58,32,"BMA",3.07450298698111,3.02610731460514,0.165
"10863",8,58,33,"BMA",1.23153767728134,2.61178291880588,0.4815
"10864",8,58,34,"BMA",1.47679362343138,2.58592470157897,0.657
"10865",8,58,35,"BMA",1.78436863433944,2.69623881044939,0.726
"10866",8,58,36,"BMA",2.22834037845835,2.71525649376269,0.197
"10867",8,58,37,"BMA",1.65825827410085,2.55860931710507,0.251
"10868",8,58,38,"BMA",1.37002890072232,2.36859092629644,0.2945
"10869",8,58,1,"AVS",1.2925661076381,2.6676468436605,0.4815
"10870",8,58,2,"AVS",1.71617993596412,2.53591857409043,0.1685
"10871",8,58,3,"AVS",0.995708095769636,2.19376544396391,0.316
"10872",8,58,4,"AVS",0.715843333378596,2.00920910161813,0.427
"10873",8,58,5,"AVS",0.980791211805915,2.1091073747522,0.7275
"10874",8,58,6,"AVS",7.69437223325079,6.0609009706613,0.996
"10875",8,58,7,"AVS",15.4791947725974,6.79481592730667,0.9915
"10876",8,58,8,"AVS",5.11199160085439,3.56141075626303,0.9065
"10877",8,58,9,"AVS",3.53773192067548,3.1575207136273,0.8315
"10878",8,58,10,"AVS",14.4688658521325,6.78172902936149,0.9955
"10879",8,58,11,"AVS",6.27085698875234,4.00853849715878,0.81
"10880",8,58,12,"AVS",5.36260053548393,3.75800799227101,0.9325
"10881",8,58,13,"AVS",6.11132211016819,3.86280530298173,0.0575
"10882",8,58,14,"AVS",4.28455698314569,3.35784699270215,0.119
"10883",8,58,15,"AVS",2.35242352854769,2.92181402093781,0.254
"10884",8,58,16,"AVS",3.51360236222942,3.17625761966016,0.8545
"10885",8,58,17,"AVS",1.41651707414447,2.74531803006325,0.537
"10886",8,58,18,"AVS",2.97492300797055,3.05191213420085,0.1945
"10887",8,58,19,"AVS",4.7816640895001,3.60589884300114,0.0905
"10888",8,58,20,"AVS",6.19381817907907,3.94787495472889,0.0495
"10889",8,58,21,"AVS",2.01165443149755,2.82566586688667,0.293
"10890",8,58,22,"AVS",6.57837287636363,3.97847765554275,0.9505
"10891",8,58,23,"AVS",7.91570336408682,4.45818362987583,0.0365
"10892",8,58,24,"AVS",7.63855665892413,4.38933688753894,0.9655
"10893",8,58,25,"AVS",7.77263216561191,4.25850372269666,0.0385
"10894",8,58,26,"AVS",1.74500890006099,2.90325801737018,0.374
"10895",8,58,27,"AVS",3.10236809087183,3.06849893897026,0.768
"10896",8,58,28,"AVS",4.33769439906224,3.35381230740996,0.1405
"10897",8,58,29,"AVS",1.66704356426856,2.82298103900396,0.5785
"10898",8,58,30,"AVS",1.67445059982331,2.85886517740113,0.536
"10899",8,58,31,"AVS",1.94299165310154,2.87287503529298,0.674
"10900",8,58,32,"AVS",1.59690413336662,2.84992406103934,0.5275
"10901",8,58,33,"AVS",3.60188677259354,3.16252218643603,0.829
"10902",8,58,34,"AVS",1.56035857548148,2.78053301984444,0.5425
"10903",8,58,35,"AVS",1.47181170325935,2.70320970731335,0.49
"10904",8,58,36,"AVS",4.1496675656591,3.40432670580532,0.1185
"10905",8,58,37,"AVS",2.4511280341111,3.02869299923652,0.744
"10906",8,58,38,"AVS",1.56387566197816,2.76006689038315,0.603
"10907",8,58,1,"EQW",1.2925661076381,2.58074130190091,0.491
"10908",8,58,2,"EQW",2.35067780024669,2.62579825903173,0.1605
"10909",8,58,3,"EQW",1.60151955700368,2.39607378349068,0.2705
"10910",8,58,4,"EQW",1.18966049907024,2.28632890235682,0.3285
"10911",8,58,5,"EQW",0.890293132920656,2.17166580743393,0.608
"10912",8,58,6,"EQW",7.18530324968153,5.06228182248279,0.9775
"10913",8,58,7,"EQW",17.0669589246293,7.11150009862154,0.996
"10914",8,58,8,"EQW",4.27992133904205,3.72130542525202,0.644
"10915",8,58,9,"EQW",3.75354221019906,3.33721705666651,0.703
"10916",8,58,10,"EQW",14.2911604908406,5.44500179172641,0.9795
"10917",8,58,11,"EQW",7.93152138811993,4.00382806194813,0.7375
"10918",8,58,12,"EQW",14.4294147481017,4.58020494686844,0.9645
"10919",8,58,13,"EQW",8.07492003300873,4.09353171176325,0.688
"10920",8,58,14,"EQW",5.10362253289555,3.69812110529262,0.613
"10921",8,58,15,"EQW",3.83430437951756,3.46512571380161,0.581
"10922",8,58,16,"EQW",5.55078453354161,3.64353962667221,0.795
"10923",8,58,17,"EQW",5.13432427661823,3.53073325289409,0.7355
"10924",8,58,18,"EQW",3.96042149181349,3.56717604416126,0.579
"10925",8,58,19,"EQW",3.32520892476809,3.52164099310321,0.4155
"10926",8,58,20,"EQW",6.16455618095691,3.85964276819981,0.18
"10927",8,58,21,"EQW",7.11413601298456,3.71543447706286,0.1425
"10928",8,58,22,"EQW",3.4207536321903,3.64146171880686,0.4655
"10929",8,58,23,"EQW",7.94177547596325,4.05172226915698,0.12
"10930",8,58,24,"EQW",3.44748179936467,3.55132335615536,0.6635
"10931",8,58,25,"EQW",4.68116277947362,3.75516293255854,0.2305
"10932",8,58,26,"EQW",3.29013480142005,3.30976097585997,0.3215
"10933",8,58,27,"EQW",2.34420190173304,3.22631557289718,0.533
"10934",8,58,28,"EQW",4.37348121848375,3.45619014911077,0.227
"10935",8,58,29,"EQW",2.86149091420089,3.21229606097821,0.326
"10936",8,58,30,"EQW",3.14405940370876,3.3098205904156,0.2955
"10937",8,58,31,"EQW",2.28162139747435,3.06146262258963,0.3775
"10938",8,58,32,"EQW",2.44917939808333,3.14706545825106,0.3115
"10939",8,58,33,"EQW",1.91257706506095,3.04515998570743,0.5975
"10940",8,58,34,"EQW",1.78339836641468,2.9097942113795,0.5715
"10941",8,58,35,"EQW",1.84302450696151,2.98445965640259,0.5905
"10942",8,58,36,"EQW",3.00039254754408,3.10388292807813,0.254
"10943",8,58,37,"EQW",1.60636431725108,2.86959495598587,0.4915
"10944",8,58,38,"EQW",1.45613999543131,2.79529223884227,0.473
"10945",8,58,1,"SGP",1.2925661076381,2.66488198865364,0.48
"10946",8,58,2,"SGP",1.8882025392101,2.50158448216308,0.1615
"10947",8,58,3,"SGP",0.907764179476239,2.1334780013775,0.346
"10948",8,58,4,"SGP",0.660903167034396,2.03783349052161,0.435
"10949",8,58,5,"SGP",1.02053843983401,2.04251513463418,0.757
"10950",8,58,6,"SGP",7.73076644416646,7.50368817066343,0.999
"10951",8,58,7,"SGP",14.9390558766695,10.2568563850228,0.999
"10952",8,58,8,"SGP",4.80883607742305,3.52813623383307,0.8665
"10953",8,58,9,"SGP",3.44354140324915,3.17613763678107,0.8135
"10954",8,58,10,"SGP",14.0297018329038,6.15700650897147,0.997
"10955",8,58,11,"SGP",2.66424342448917,3.16279109937714,0.2705
"10956",8,58,12,"SGP",5.40949025632433,3.80834392388611,0.92
"10957",8,58,13,"SGP",5.91923543746971,3.83988637677513,0.054
"10958",8,58,14,"SGP",4.20291153395595,3.3086100182893,0.116
"10959",8,58,15,"SGP",2.33514851330453,2.94779666647789,0.259
"10960",8,58,16,"SGP",3.5254026277122,3.12494542738057,0.8495
"10961",8,58,17,"SGP",1.43587252371134,2.72159787973576,0.5595
"10962",8,58,18,"SGP",2.94398262227405,3.14013863334453,0.187
"10963",8,58,19,"SGP",4.74980124832436,3.49846588499021,0.094
"10964",8,58,20,"SGP",6.19657215132936,3.85219945524607,0.051
"10965",8,58,21,"SGP",2.03799113840585,2.84324096571747,0.299
"10966",8,58,22,"SGP",6.49877861984892,4.10261918992352,0.941
"10967",8,58,23,"SGP",7.91389653433909,4.59382940976857,0.029
"10968",8,58,24,"SGP",7.57241265953361,4.35069214272119,0.962
"10969",8,58,25,"SGP",7.7415772539264,4.19452213633878,0.041
"10970",8,58,26,"SGP",1.76028429424933,2.86255792753632,0.3595
"10971",8,58,27,"SGP",3.0828506357001,3.04617430474469,0.7545
"10972",8,58,28,"SGP",4.34473021031308,3.39093704622747,0.139
"10973",8,58,29,"SGP",1.66728763587848,2.86086843465553,0.5555
"10974",8,58,30,"SGP",1.67631930486217,2.86005440428821,0.5095
"10975",8,58,31,"SGP",1.93457334587696,2.77925811066378,0.6915
"10976",8,58,32,"SGP",1.59895438487643,2.85227675683695,0.51
"10977",8,58,33,"SGP",3.57701448160829,3.19897270462306,0.823
"10978",8,58,34,"SGP",1.56201647815452,2.78626924147202,0.535
"10979",8,58,35,"SGP",1.4735987405836,2.78816104760457,0.512
"10980",8,58,36,"SGP",4.14347668778362,3.29951649643001,0.131
"10981",8,58,37,"SGP",2.43438405814111,3.05262077288652,0.739
"10982",8,58,38,"SGP",1.56087680503942,2.74334109210342,0.6025
"10983",8,58,1,"SGP50",1.2925661076381,2.67019496943053,0.477
"10984",8,58,2,"SGP50",2.3232361353222,2.60446428701001,0.1625
"10985",8,58,3,"SGP50",1.53872340246748,2.36736517557494,0.267
"10986",8,58,4,"SGP50",1.12595431251591,2.22636587953893,0.3115
"10987",8,58,5,"SGP50",0.883137167074433,2.18146176372999,0.6235
"10988",8,58,6,"SGP50",7.27607414131363,4.8279664777128,0.9765
"10989",8,58,7,"SGP50",17.0625677278445,6.70655318442585,0.9935
"10990",8,58,8,"SGP50",3.99062467364562,3.64557585781682,0.629
"10991",8,58,9,"SGP50",3.32050469226924,3.27790428533902,0.686
"10992",8,58,10,"SGP50",13.637733526392,5.91025090309134,0.9895
"10993",8,58,11,"SGP50",6.41755721416236,3.89928133513817,0.7005
"10994",8,58,12,"SGP50",12.5221487949709,4.42156635849994,0.957
"10995",8,58,13,"SGP50",5.6293011355189,3.97564416879593,0.598
"10996",8,58,14,"SGP50",3.46624003693501,3.62342386515408,0.5495
"10997",8,58,15,"SGP50",2.61029552472344,3.24785516688124,0.5065
"10998",8,58,16,"SGP50",4.49719990073829,3.39418485792045,0.7995
"10999",8,58,17,"SGP50",3.48448520468278,3.30026814447477,0.713
"11000",8,58,18,"SGP50",2.62927530771915,3.36140525999475,0.458
"11001",8,58,19,"SGP50",3.46821570891058,3.4273044945763,0.286
"11002",8,58,20,"SGP50",6.45126313447483,3.90838169834667,0.0975
"11003",8,58,21,"SGP50",4.54607187032398,3.33339178268361,0.187
"11004",8,58,22,"SGP50",3.51166200801521,3.54874425565352,0.6765
"11005",8,58,23,"SGP50",7.89023518603607,4.33211351903336,0.072
"11006",8,58,24,"SGP50",4.58154372630501,3.68786423297455,0.78
"11007",8,58,25,"SGP50",6.15997931345419,3.89828046862049,0.121
"11008",8,58,26,"SGP50",2.79847075194224,3.14796948122951,0.3175
"11009",8,58,27,"SGP50",2.34617981010035,3.16313691015347,0.61
"11010",8,58,28,"SGP50",4.81477960738986,3.5314689804562,0.159
"11011",8,58,29,"SGP50",2.16281258481371,3.03839638672768,0.3955
"11012",8,58,30,"SGP50",2.26944512633016,3.10760001431749,0.396
"11013",8,58,31,"SGP50",1.86088106293163,2.96315767259972,0.4985
"11014",8,58,32,"SGP50",1.94297521228037,2.98073916590827,0.402
"11015",8,58,33,"SGP50",2.4729911741932,3.13556299229779,0.7105
"11016",8,58,34,"SGP50",1.66586788024463,2.86748432170672,0.5335
"11017",8,58,35,"SGP50",1.60319480198093,2.92266556245269,0.533
"11018",8,58,36,"SGP50",3.8270251377047,3.29634678568395,0.167
"11019",8,58,37,"SGP50",1.79738235434739,2.90109212429438,0.5945
"11020",8,58,38,"SGP50",1.48214972954382,2.82751860228561,0.498
"11021",8,59,1,"BMA",6.13275441620316,4.21234498069472,0.9345
"11022",8,59,2,"BMA",1.66640004421799,2.89988555056298,0.5535
"11023",8,59,3,"BMA",1.49345641551964,2.79230121164787,0.595
"11024",8,59,4,"BMA",2.00804938286997,2.91596287934535,0.737
"11025",8,59,5,"BMA",7.27946701771246,4.3677315915903,0.9465
"11026",8,59,6,"BMA",4.56026848391887,3.49806991837639,0.838
"11027",8,59,7,"BMA",4.77425678589596,3.49421938950453,0.8495
"11028",8,59,8,"BMA",3.04135294802035,3.14194856860984,0.7495
"11029",8,59,9,"BMA",7.07396825852693,4.11744037537678,0.922
"11030",8,59,10,"BMA",4.56153080759319,3.58376160747261,0.7925
"11031",8,59,11,"BMA",2.17854527764368,3.09429512860774,0.577
"11032",8,59,12,"BMA",1.80232978305497,2.90057807225839,0.4555
"11033",8,59,13,"BMA",2.76539602680153,3.13432273230851,0.7615
"11034",8,59,14,"BMA",1.6226742861906,2.86562828713326,0.4115
"11035",8,59,15,"BMA",1.80025568445537,2.80494601261492,0.354
"11036",8,59,16,"BMA",5.97436810311064,3.82788930061553,0.0765
"11037",8,59,17,"BMA",2.71723635936223,3.01521595202822,0.2465
"11038",8,59,18,"BMA",1.46819397845085,2.69123963092148,0.595
"11039",8,59,19,"BMA",2.75359287159732,2.92759489556705,0.7895
"11040",8,59,20,"BMA",3.57108033224262,3.21758465949572,0.861
"11041",8,59,21,"BMA",1.51796825470346,2.66239971788972,0.6335
"11042",8,59,22,"BMA",6.56469242077471,4.22356781029021,0.9715
"11043",8,59,23,"BMA",1.97775160140818,2.93512561523056,0.3395
"11044",8,59,24,"BMA",5.39064464857877,3.63784304536436,0.0615
"11045",8,59,25,"BMA",1.44393851506743,2.73729908478514,0.449
"11046",8,59,26,"BMA",9.59976512715546,5.10911377361245,0.006
"11047",8,59,27,"BMA",7.17798701334056,4.11826727723078,0.0555
"11048",8,59,28,"BMA",1.57078487676795,2.8022609906602,0.5505
"11049",8,59,29,"BMA",1.58446099349956,2.73938002690147,0.6445
"11050",8,59,30,"BMA",2.4116003054967,2.83125604116977,0.2395
"11051",8,59,31,"BMA",1.62751647759368,2.78315665347292,0.636
"11052",8,59,32,"BMA",3.89592838484949,3.24189153861838,0.1225
"11053",8,59,33,"BMA",1.55658192478915,2.72782040342328,0.553
"11054",8,59,34,"BMA",1.80305757455243,2.77336661458806,0.3115
"11055",8,59,35,"BMA",1.33080516914716,2.61950653209412,0.5635
"11056",8,59,36,"BMA",1.66786804282714,2.71444055937619,0.685
"11057",8,59,37,"BMA",2.30524805996486,2.81211890640908,0.239
"11058",8,59,38,"BMA",1.48072396731656,2.68505411963938,0.657
"11059",8,59,1,"AVS",6.13275441620316,4.09114403172104,0.94
"11060",8,59,2,"AVS",1.52842724155822,2.88575749608041,0.531
"11061",8,59,3,"AVS",1.37775288757375,2.7906270520715,0.553
"11062",8,59,4,"AVS",1.883454930978,2.87940008911111,0.7055
"11063",8,59,5,"AVS",6.37333164811421,4.09686773582713,0.9155
"11064",8,59,6,"AVS",5.03109794392844,3.61132055737631,0.8475
"11065",8,59,7,"AVS",5.0718920721636,3.72168205698519,0.853
"11066",8,59,8,"AVS",3.45067501928594,3.35025021015456,0.7645
"11067",8,59,9,"AVS",7.14864447901533,4.09002940374674,0.9165
"11068",8,59,10,"AVS",5.27990962326536,3.7480083083633,0.833
"11069",8,59,11,"AVS",2.11383059944517,3.08771630134067,0.561
"11070",8,59,12,"AVS",1.68927129173053,2.91395754250385,0.438
"11071",8,59,13,"AVS",3.10453346122939,3.17360252862026,0.774
"11072",8,59,14,"AVS",1.70905702939468,2.80746232074834,0.355
"11073",8,59,15,"AVS",1.75210610014035,2.78077633569436,0.3305
"11074",8,59,16,"AVS",5.39609264429939,3.69188733922574,0.0715
"11075",8,59,17,"AVS",2.9509432879064,3.0818298553759,0.23
"11076",8,59,18,"AVS",1.41778480109471,2.7445799590705,0.563
"11077",8,59,19,"AVS",2.97913017212715,3.00420133038721,0.778
"11078",8,59,20,"AVS",3.64775137138321,3.30684008962775,0.8675
"11079",8,59,21,"AVS",1.79667858945828,2.74346008443746,0.719
"11080",8,59,22,"AVS",6.84507202250544,4.1115665724018,0.9715
"11081",8,59,23,"AVS",2.07253663025048,2.89784317921,0.324
"11082",8,59,24,"AVS",5.32997940649352,3.70877549625694,0.0625
"11083",8,59,25,"AVS",1.61972107996234,2.72841509680642,0.378
"11084",8,59,26,"AVS",9.73792673998726,5.30007827010159,0.006
"11085",8,59,27,"AVS",8.40040746233825,4.56351280039586,0.023
"11086",8,59,28,"AVS",1.943200102615,2.77940069471105,0.7385
"11087",8,59,29,"AVS",1.7785356406391,2.76260987778213,0.718
"11088",8,59,30,"AVS",2.43268423993687,2.88640612541074,0.215
"11089",8,59,31,"AVS",1.90470722289238,2.81534782988242,0.719
"11090",8,59,32,"AVS",3.7270210281539,3.32440674866071,0.1085
"11091",8,59,33,"AVS",1.79789092384549,2.7939070879901,0.677
"11092",8,59,34,"AVS",1.50988321673569,2.6866169820276,0.3265
"11093",8,59,35,"AVS",1.41830114151592,2.65096870074406,0.666
"11094",8,59,36,"AVS",1.74713502217917,2.70995979449602,0.7005
"11095",8,59,37,"AVS",2.30013193290243,2.79616026193159,0.2305
"11096",8,59,38,"AVS",1.58175590292908,2.67950812460751,0.6645
"11097",8,59,1,"EQW",6.13275441620316,4.03516939451183,0.938
"11098",8,59,2,"EQW",2.47639144174064,3.09638334653373,0.685
"11099",8,59,3,"EQW",2.61645508210114,3.11407385352309,0.726
"11100",8,59,4,"EQW",2.35018232089338,3.0077024871236,0.729
"11101",8,59,5,"EQW",7.21825351514821,4.37707352403738,0.932
"11102",8,59,6,"EQW",3.9565635592815,3.37719311452309,0.813
"11103",8,59,7,"EQW",3.03174889592458,3.15396279121279,0.7285
"11104",8,59,8,"EQW",2.11794932461768,3.06923584663536,0.5605
"11105",8,59,9,"EQW",5.91896687027024,3.80878708007913,0.8735
"11106",8,59,10,"EQW",3.23892293842711,3.35345563701388,0.667
"11107",8,59,11,"EQW",2.15628238453934,3.17291240319077,0.5315
"11108",8,59,12,"EQW",1.89997256281483,2.93133808161673,0.461
"11109",8,59,13,"EQW",3.14237573612765,3.12949188280019,0.75
"11110",8,59,14,"EQW",1.9884328819037,3.05806220675816,0.513
"11111",8,59,15,"EQW",1.94231512157971,3.00431401728313,0.468
"11112",8,59,16,"EQW",4.52115223837191,3.53348890164838,0.174
"11113",8,59,17,"EQW",2.25883814819373,2.93564627125796,0.338
"11114",8,59,18,"EQW",1.81987736731929,2.85638687132677,0.6335
"11115",8,59,19,"EQW",3.4218161174965,3.15686157416846,0.805
"11116",8,59,20,"EQW",5.5783344097881,3.54089349698941,0.888
"11117",8,59,21,"EQW",4.36825912702239,3.32593759355477,0.7765
"11118",8,59,22,"EQW",10.7731323854642,4.54522097743264,0.988
"11119",8,59,23,"EQW",5.24958108255883,3.65101126633183,0.6325
"11120",8,59,24,"EQW",3.67207164409356,3.79522886292798,0.474
"11121",8,59,25,"EQW",2.87987147294972,3.09082793874554,0.6765
"11122",8,59,26,"EQW",5.46199282561891,4.02126812885605,0.196
"11123",8,59,27,"EQW",6.02776065828165,3.65296820140582,0.134
"11124",8,59,28,"EQW",3.20107785675938,3.25693179711639,0.357
"11125",8,59,29,"EQW",2.2380320613792,3.16905997404734,0.4595
"11126",8,59,30,"EQW",2.82576208967668,3.11705591440171,0.2845
"11127",8,59,31,"EQW",1.93507041025742,2.99635787483812,0.521
"11128",8,59,32,"EQW",3.60329678856459,3.35478764756074,0.2175
"11129",8,59,33,"EQW",2.16917132873252,3.01162815515739,0.4005
"11130",8,59,34,"EQW",2.79001291765218,3.06655056997291,0.2555
"11131",8,59,35,"EQW",1.82848993964809,2.85832956254672,0.3955
"11132",8,59,36,"EQW",1.55208054334452,2.78198614965498,0.586
"11133",8,59,37,"EQW",1.93571752585325,2.83810825442748,0.344
"11134",8,59,38,"EQW",1.38965648116084,2.77419226022309,0.533
"11135",8,59,1,"SGP",6.13275441620316,4.1125720895409,0.935
"11136",8,59,2,"SGP",2.16569986071402,3.00823005951314,0.6455
"11137",8,59,3,"SGP",1.79947728266826,2.75367986197521,0.6605
"11138",8,59,4,"SGP",2.32305602117019,2.86259099442782,0.7985
"11139",8,59,5,"SGP",8.13476502129062,4.98747295278475,0.9795
"11140",8,59,6,"SGP",3.72870890124431,3.26888593203925,0.8525
"11141",8,59,7,"SGP",4.21384664096027,3.345949704677,0.877
"11142",8,59,8,"SGP",2.33283646002837,2.89118530339445,0.7155
"11143",8,59,9,"SGP",7.70752696327864,4.40804776467865,0.9705
"11144",8,59,10,"SGP",1.8474271758764,2.98531429357421,0.416
"11145",8,59,11,"SGP",2.80218900456942,2.90037453944789,0.1905
"11146",8,59,12,"SGP",1.44254704323793,2.58650834790298,0.356
"11147",8,59,13,"SGP",1.55565686891164,2.70303677101268,0.7215
"11148",8,59,14,"SGP",2.21621876584935,2.75701425501414,0.2035
"11149",8,59,15,"SGP",2.66096768992655,2.96388555110308,0.1675
"11150",8,59,16,"SGP",8.66955815187487,5.38278354491364,0.0125
"11151",8,59,17,"SGP",1.09246085855357,2.44790063054094,0.4775
"11152",8,59,18,"SGP",2.46118248200007,2.85600550833189,0.8395
"11153",8,59,19,"SGP",2.09210374540803,2.72900318179386,0.7945
"11154",8,59,20,"SGP",2.06439294020687,2.7165922563261,0.787
"11155",8,59,21,"SGP",1.05856046205607,2.42849038966212,0.4495
"11156",8,59,22,"SGP",5.8466009634768,4.19910096969547,0.976
"11157",8,59,23,"SGP",4.21094842891522,3.36677548203842,0.095
"11158",8,59,24,"SGP",5.53491649308898,3.78814280223076,0.0515
"11159",8,59,25,"SGP",1.71153341372891,2.64549239220465,0.712
"11160",8,59,26,"SGP",9.13227206270551,5.07779661263514,0.009
"11161",8,59,27,"SGP",2.77003330982828,2.98896630828579,0.1815
"11162",8,59,28,"SGP",1.96261571936058,2.77412353399568,0.7315
"11163",8,59,29,"SGP",1.78029257787962,2.81028456762779,0.7155
"11164",8,59,30,"SGP",2.43681150699217,2.82460968664094,0.219
"11165",8,59,31,"SGP",1.93051175845283,2.81536205543726,0.723
"11166",8,59,32,"SGP",3.69163870921656,3.23898869138956,0.1235
"11167",8,59,33,"SGP",1.83558137350102,2.73621441314271,0.6785
"11168",8,59,34,"SGP",1.50277642470952,2.73587673825316,0.33
"11169",8,59,35,"SGP",1.41294390741237,2.65856044500579,0.6305
"11170",8,59,36,"SGP",1.74286383754328,2.66856197880602,0.716
"11171",8,59,37,"SGP",2.29612289140566,2.84175105172872,0.242
"11172",8,59,38,"SGP",1.57805983444738,2.66951787151762,0.675
"11173",8,59,1,"SGP50",6.13275441620316,4.0724995022029,0.928
"11174",8,59,2,"SGP50",2.46733849787017,3.15779735688128,0.685
"11175",8,59,3,"SGP50",2.60233106440811,3.06345174744901,0.7105
"11176",8,59,4,"SGP50",2.34546409537676,3.037279276847,0.7435
"11177",8,59,5,"SGP50",7.2474039461045,4.23091218789474,0.919
"11178",8,59,6,"SGP50",3.94677195401111,3.30701472738754,0.8105
"11179",8,59,7,"SGP50",3.03255819735545,3.1682919441062,0.7535
"11180",8,59,8,"SGP50",2.06397468299215,3.02200303330558,0.5595
"11181",8,59,9,"SGP50",5.97482018352351,3.94254045856421,0.9045
"11182",8,59,10,"SGP50",3.04164119553894,3.32101182169733,0.6575
"11183",8,59,11,"SGP50",2.05772127276031,3.09296967111611,0.5135
"11184",8,59,12,"SGP50",1.78004219474611,2.9256521065506,0.454
"11185",8,59,13,"SGP50",2.89793992977172,3.0484018728676,0.751
"11186",8,59,14,"SGP50",1.79760136034342,2.89923920922382,0.457
"11187",8,59,15,"SGP50",1.8548349044687,2.89757728601498,0.4155
"11188",8,59,16,"SGP50",5.15345738301801,3.75984999301774,0.1315
"11189",8,59,17,"SGP50",2.07259176735399,2.8891574842515,0.323
"11190",8,59,18,"SGP50",1.77517923350844,2.86478073656421,0.658
"11191",8,59,19,"SGP50",3.04248445357699,2.97263084209368,0.8135
"11192",8,59,20,"SGP50",4.51863353209379,3.28578516126027,0.8585
"11193",8,59,21,"SGP50",2.92390658329594,2.97340065543383,0.7005
"11194",8,59,22,"SGP50",8.61913565004527,4.41475780260836,0.9815
"11195",8,59,23,"SGP50",3.0060266638602,3.35680968848463,0.5055
"11196",8,59,24,"SGP50",3.73737107328571,3.80810932716888,0.2725
"11197",8,59,25,"SGP50",1.8738064620986,2.88019842876727,0.623
"11198",8,59,26,"SGP50",7.37727463204097,4.47263581057839,0.1
"11199",8,59,27,"SGP50",5.45703531280098,3.57464806784705,0.132
"11200",8,59,28,"SGP50",2.11490725234831,3.02323617648196,0.4335
"11201",8,59,29,"SGP50",1.70748759112738,2.89233687818113,0.563
"11202",8,59,30,"SGP50",2.56746577615344,3.00601024924613,0.254
"11203",8,59,31,"SGP50",1.66409523187136,2.87401367345426,0.552
"11204",8,59,32,"SGP50",3.78675961728296,3.30390021824384,0.165
"11205",8,59,33,"SGP50",1.74667589854299,2.88058759701334,0.4605
"11206",8,59,34,"SGP50",2.30003817786766,2.92759870994304,0.2575
"11207",8,59,35,"SGP50",1.46490400839854,2.76602775455215,0.4655
"11208",8,59,36,"SGP50",1.55736541196856,2.67870748485158,0.6065
"11209",8,59,37,"SGP50",2.12810908220742,2.81171470146634,0.271
"11210",8,59,38,"SGP50",1.3894773458978,2.69035517628653,0.548
"11211",8,60,1,"BMA",0.869832197273591,1.97140272231668,0.323
"11212",8,60,2,"BMA",0.57086450986702,1.74547666132102,0.603
"11213",8,60,3,"BMA",2.76591814319429,3.83889095817858,0.946
"11214",8,60,4,"BMA",1.10649886964699,2.28715628512109,0.6965
"11215",8,60,5,"BMA",0.823663118304918,2.08706615400056,0.367
"11216",8,60,6,"BMA",0.832293549240983,1.88951856974551,0.3035
"11217",8,60,7,"BMA",0.955880969341512,1.84679823453064,0.237
"11218",8,60,8,"BMA",1.04788172851686,1.96497331932844,0.2065
"11219",8,60,9,"BMA",0.527159470794169,1.64148332365773,0.39
"11220",8,60,10,"BMA",0.463118290350628,1.54424745944977,0.571
"11221",8,60,11,"BMA",0.809433265026134,1.72836421426469,0.791
"11222",8,60,12,"BMA",2.04804408171871,2.87909291423644,0.0635
"11223",8,60,13,"BMA",0.661956842454198,1.72622722645969,0.2955
"11224",8,60,14,"BMA",0.677004315298455,1.65152983910261,0.259
"11225",8,60,15,"BMA",0.675392388505598,1.66123147476119,0.258
"11226",8,60,16,"BMA",0.381262024565919,1.31908770814017,0.4805
"11227",8,60,17,"BMA",0.626085044131526,1.63429438375575,0.252
"11228",8,60,18,"BMA",0.347821657206602,1.42414689661541,0.497
"11229",8,60,19,"BMA",0.360718064556023,1.36543706997021,0.502
"11230",8,60,20,"BMA",0.622459343771831,1.5797905584495,0.7645
"11231",8,60,21,"BMA",0.595091313482648,1.50649673787457,0.761
"11232",8,60,22,"BMA",0.574757247822001,1.55265328120137,0.7385
"11233",8,60,23,"BMA",0.354740878700603,1.3455834256062,0.5065
"11234",8,60,24,"BMA",0.325170387788249,1.28963935195262,0.495
"11235",8,60,25,"BMA",2.25215713691839,3.55073097077809,0.0085
"11236",8,60,26,"BMA",0.617272049323787,1.54612974541086,0.225
"11237",8,60,27,"BMA",0.608207175030013,1.51320423470418,0.2455
"11238",8,60,28,"BMA",0.320971953065411,1.2953211982088,0.508
"11239",8,60,29,"BMA",0.581146289612451,0.632757147267865,0.2585
"11240",8,60,30,"BMA",0.160466815713339,-0.373354003786754,0.5355
"11241",8,60,31,"BMA",0.152801603206045,-0.381885300015951,0.5085
"11242",8,60,32,"BMA",0.153022907653004,-0.333798832460798,0.509
"11243",8,60,33,"BMA",0.165211966693212,-0.377689081879697,0.4995
"11244",8,60,34,"BMA",0.160170589331176,-0.34426797949017,0.508
"11245",8,60,35,"BMA",0.14733441175195,-0.356539865468707,0.503
"11246",8,60,36,"BMA",0.163197548852338,-0.305548631282401,0.4775
"11247",8,60,37,"BMA",0.158853940925596,-0.397028643192719,0.509
"11248",8,60,38,"BMA",0.134491839447716,-0.501969424471041,0.472
"11249",8,60,1,"AVS",0.869832197273591,1.93898585686727,0.3615
"11250",8,60,2,"AVS",0.565349132631816,1.7612457838318,0.6595
"11251",8,60,3,"AVS",2.87764854572695,3.88566378676032,0.959
"11252",8,60,4,"AVS",1.01963054507555,2.16201740882428,0.712
"11253",8,60,5,"AVS",0.887827673172433,2.0942107617376,0.298
"11254",8,60,6,"AVS",0.782925216240626,1.8735770978353,0.317
"11255",8,60,7,"AVS",0.86166320183902,1.87073268853329,0.2555
"11256",8,60,8,"AVS",0.894531405680629,1.87215061877066,0.213
"11257",8,60,9,"AVS",0.445789903924541,1.52386133500099,0.438
"11258",8,60,10,"AVS",0.489197476443326,1.61550446360436,0.628
"11259",8,60,11,"AVS",0.904951874979996,1.82848634314593,0.8115
"11260",8,60,12,"AVS",1.94108455546492,2.89993838685085,0.0615
"11261",8,60,13,"AVS",0.603360536911724,1.680935620516,0.314
"11262",8,60,14,"AVS",0.68663021562233,1.71284704574998,0.238
"11263",8,60,15,"AVS",0.728364209418574,1.72265034086859,0.244
"11264",8,60,16,"AVS",0.376364961085513,1.36366646568954,0.4745
"11265",8,60,17,"AVS",0.617868402841183,1.62862269680988,0.261
"11266",8,60,18,"AVS",0.346947279816993,1.3552625160693,0.521
"11267",8,60,19,"AVS",0.358954921565868,1.38460955976364,0.493
"11268",8,60,20,"AVS",0.619828063317068,1.50660357647779,0.7425
"11269",8,60,21,"AVS",0.589698883698961,1.49772491590692,0.754
"11270",8,60,22,"AVS",0.569050756899416,1.58040435220873,0.7205
"11271",8,60,23,"AVS",0.35307099105456,1.4136127755744,0.505
"11272",8,60,24,"AVS",0.324788212265877,1.24383317153189,0.499
"11273",8,60,25,"AVS",2.25599579273158,3.61248326867829,0.0085
"11274",8,60,26,"AVS",0.613332746865049,1.5458302730831,0.229
"11275",8,60,27,"AVS",0.608085956400629,1.60152292522911,0.2315
"11276",8,60,28,"AVS",0.319311409771889,1.24773008553773,0.4805
"11277",8,60,29,"AVS",0.579831799187007,0.686511575190602,0.2485
"11278",8,60,30,"AVS",0.155645658599121,-0.262419632378799,0.5145
"11279",8,60,31,"AVS",0.152616734282699,-0.325461555464001,0.5035
"11280",8,60,32,"AVS",0.153136945808759,-0.404934102344349,0.53
"11281",8,60,33,"AVS",0.164329357604925,-0.311829477448003,0.4855
"11282",8,60,34,"AVS",0.159497554879583,-0.354098623265727,0.494
"11283",8,60,35,"AVS",0.147678542427082,-0.399483329939299,0.52
"11284",8,60,36,"AVS",0.162538236651672,-0.225278540415282,0.4725
"11285",8,60,37,"AVS",0.159262979517517,-0.371407219279552,0.503
"11286",8,60,38,"AVS",0.140155708297038,-0.480401384000133,0.505
"11287",8,60,1,"EQW",0.869832197273591,1.9597897321228,0.3445
"11288",8,60,2,"EQW",0.643761014361399,1.89068828138809,0.4975
"11289",8,60,3,"EQW",2.2068369213357,3.27457901106321,0.8705
"11290",8,60,4,"EQW",1.00595057406717,2.19727714312309,0.6815
"11291",8,60,5,"EQW",0.81695486506298,2.08068234611434,0.3645
"11292",8,60,6,"EQW",0.897621526388115,2.03250379401158,0.308
"11293",8,60,7,"EQW",1.08347146048132,2.04545662859669,0.215
"11294",8,60,8,"EQW",1.29153585085027,2.11951024465527,0.1675
"11295",8,60,9,"EQW",0.802767772861177,1.84771722713739,0.2735
"11296",8,60,10,"EQW",0.520394117077295,1.67048095004773,0.4955
"11297",8,60,11,"EQW",0.823461431744194,1.89588991890693,0.7375
"11298",8,60,12,"EQW",1.20930148468354,2.31379248899115,0.2365
"11299",8,60,13,"EQW",0.670069886457101,1.7005790583617,0.316
"11300",8,60,14,"EQW",0.950829060869267,1.85658008473878,0.21
"11301",8,60,15,"EQW",1.15204676884017,1.97340476356208,0.17
"11302",8,60,16,"EQW",0.611393333563993,1.56801645624506,0.311
"11303",8,60,17,"EQW",0.800197752544254,1.69531762156439,0.202
"11304",8,60,18,"EQW",0.440480530049281,1.42106585355947,0.4045
"11305",8,60,19,"EQW",0.392749288879361,1.34786033458827,0.438
"11306",8,60,20,"EQW",0.56565030942936,1.66634604070381,0.736
"11307",8,60,21,"EQW",0.848549882538801,1.86021815251607,0.8105
"11308",8,60,22,"EQW",1.05059193228496,1.95623975594888,0.8165
"11309",8,60,23,"EQW",0.733190223598821,1.80437539503249,0.703
"11310",8,60,24,"EQW",0.690048811750347,1.71560631832709,0.683
"11311",8,60,25,"EQW",1.23340643170676,2.09638690744651,0.1605
"11312",8,60,26,"EQW",0.777464531997766,1.62640942262561,0.1935
"11313",8,60,27,"EQW",0.998518264425131,1.83100247304938,0.143
"11314",8,60,28,"EQW",0.549571006222339,1.51328566680958,0.325
"11315",8,60,29,"EQW",1.05908174342538,1.55863997467933,0.1025
"11316",8,60,30,"EQW",0.336763332959064,0.287800065203581,0.2885
"11317",8,60,31,"EQW",0.243168044638184,-0.048874438125074,0.2555
"11318",8,60,32,"EQW",0.18309114066493,-0.267032376388354,0.26
"11319",8,60,33,"EQW",0.152166109426895,-0.437936627598043,0.2625
"11320",8,60,34,"EQW",0.122843715610852,-0.652198211357953,0.2445
"11321",8,60,35,"EQW",0.109442049714845,-0.736396096640856,0.2475
"11322",8,60,36,"EQW",0.100038260112669,-0.791960952467532,0.252
"11323",8,60,37,"EQW",0.0898152790301784,-1.1181477939696,0.2425
"11324",8,60,38,"EQW",0.0810672244193319,-1.08556190334946,0.2495
"11325",8,60,1,"SGP",0.869832197273591,1.91264912504478,0.338
"11326",8,60,2,"SGP",0.566983854673465,1.76559365031341,0.624
"11327",8,60,3,"SGP",2.82279993281269,3.98590878911888,0.964
"11328",8,60,4,"SGP",0.886902174769803,2.08569180487315,0.6775
"11329",8,60,5,"SGP",0.819659974421677,1.89839205923925,0.3245
"11330",8,60,6,"SGP",0.696778151368347,1.82268398816376,0.34
"11331",8,60,7,"SGP",0.753715111277268,1.78567096892427,0.282
"11332",8,60,8,"SGP",0.793191416229669,1.85797771315169,0.246
"11333",8,60,9,"SGP",0.444461492992948,1.5518125161713,0.424
"11334",8,60,10,"SGP",0.477965861521539,1.53996638841344,0.6165
"11335",8,60,11,"SGP",0.877294227244744,1.88604420400401,0.81
"11336",8,60,12,"SGP",1.83217351856823,2.72213582219857,0.071
"11337",8,60,13,"SGP",0.550802763356655,1.60580901565627,0.3235
"11338",8,60,14,"SGP",0.774135111282045,1.76371910892185,0.2055
"11339",8,60,15,"SGP",1.01552078575576,2.00998888642587,0.173
"11340",8,60,16,"SGP",0.429366231482878,1.41459251626321,0.3845
"11341",8,60,17,"SGP",0.635189616288111,1.60100891003781,0.267
"11342",8,60,18,"SGP",0.355379154170752,1.35545153155894,0.5045
"11343",8,60,19,"SGP",0.357564361427492,1.37524259759613,0.462
"11344",8,60,20,"SGP",0.590190118247954,1.53901157505607,0.7405
"11345",8,60,21,"SGP",0.62876412697002,1.52731013797763,0.7665
"11346",8,60,22,"SGP",0.604325261590645,1.63995832918349,0.7495
"11347",8,60,23,"SGP",0.360065085324737,1.37635045017776,0.52
"11348",8,60,24,"SGP",0.339681003029994,1.31142986063102,0.5295
"11349",8,60,25,"SGP",2.18276081624026,3.258194434363,0.0215
"11350",8,60,26,"SGP",0.628958462744943,1.56744963725808,0.231
"11351",8,60,27,"SGP",0.63985056278846,1.56879310870526,0.2345
"11352",8,60,28,"SGP",0.317827494440608,1.30992245414528,0.4955
"11353",8,60,29,"SGP",0.601785270966405,0.787814434624738,0.2215
"11354",8,60,30,"SGP",0.141039111162441,-0.490784961487556,0.542
"11355",8,60,31,"SGP",0.158663326521338,-0.371764857829556,0.493
"11356",8,60,32,"SGP",0.155820901995374,-0.451896926822104,0.5205
"11357",8,60,33,"SGP",0.15652581073309,-0.459094281751655,0.4915
"11358",8,60,34,"SGP",0.151142349094695,-0.395680855704577,0.47
"11359",8,60,35,"SGP",0.148488477344292,-0.447682154165255,0.488
"11360",8,60,36,"SGP",0.147903577970701,-0.363905445680531,0.482
"11361",8,60,37,"SGP",0.150317990647434,-0.414466296039555,0.473
"11362",8,60,38,"SGP",0.139395957497808,-0.570009039451661,0.4895
"11363",8,60,1,"SGP50",0.869832197273591,1.95160487346105,0.3335
"11364",8,60,2,"SGP50",0.639425952598041,1.90681767434603,0.5425
"11365",8,60,3,"SGP50",2.23078824545534,3.07716932186984,0.8755
"11366",8,60,4,"SGP50",1.0032492096704,2.26610131277778,0.692
"11367",8,60,5,"SGP50",0.810582555927193,2.07374707223503,0.366
"11368",8,60,6,"SGP50",0.881309385393758,1.9909211744337,0.2885
"11369",8,60,7,"SGP50",1.05832327224053,1.95314094383736,0.232
"11370",8,60,8,"SGP50",1.25447268480631,2.08287475525263,0.1785
"11371",8,60,9,"SGP50",0.769664127155765,1.69940608739983,0.2905
"11372",8,60,10,"SGP50",0.509144667659548,1.68385519633161,0.505
"11373",8,60,11,"SGP50",0.813694952033358,1.8727463126934,0.7435
"11374",8,60,12,"SGP50",1.2636964185697,2.23776669912537,0.2085
"11375",8,60,13,"SGP50",0.659073986104968,1.68400975559084,0.305
"11376",8,60,14,"SGP50",0.936531979445606,1.87675170381463,0.2035
"11377",8,60,15,"SGP50",1.1466394289453,2.00553148834724,0.1545
"11378",8,60,16,"SGP50",0.595881123071324,1.61990384933697,0.285
"11379",8,60,17,"SGP50",0.783825769315768,1.61946163451574,0.2055
"11380",8,60,18,"SGP50",0.429163487656903,1.45562777194089,0.3935
"11381",8,60,19,"SGP50",0.388720732336053,1.35417009636948,0.441
"11382",8,60,20,"SGP50",0.566082890940383,1.60193344244822,0.724
"11383",8,60,21,"SGP50",0.822402960967914,1.77364911888957,0.802
"11384",8,60,22,"SGP50",0.993650119552303,1.98274787291636,0.8205
"11385",8,60,23,"SGP50",0.672965279903186,1.70231507788881,0.678
"11386",8,60,24,"SGP50",0.631817289386402,1.70131639898724,0.665
"11387",8,60,25,"SGP50",1.32864624841666,2.16151625536111,0.132
"11388",8,60,26,"SGP50",0.766413908910538,1.63024488705086,0.211
"11389",8,60,27,"SGP50",0.960139896748926,1.78383982878017,0.176
"11390",8,60,28,"SGP50",0.512850821990535,1.49752068220267,0.359
"11391",8,60,29,"SGP50",1.0035118080781,1.46580488405801,0.129
"11392",8,60,30,"SGP50",0.30945822630789,0.27032830971724,0.299
"11393",8,60,31,"SGP50",0.232668263331565,-0.0402214384205468,0.2855
"11394",8,60,32,"SGP50",0.179839349764027,-0.316978311338472,0.276
"11395",8,60,33,"SGP50",0.152526830416529,-0.421450902029639,0.275
"11396",8,60,34,"SGP50",0.125737473502582,-0.575554034308081,0.2885
"11397",8,60,35,"SGP50",0.113260772945838,-0.609188557912284,0.274
"11398",8,60,36,"SGP50",0.104449469182078,-0.728539759115737,0.273
"11399",8,60,37,"SGP50",0.0951335776090667,-0.854103303835933,0.2785
"11400",8,60,38,"SGP50",0.08606027659791,-1.03862499818616,0.2595
