"","seq","rep","time","method","crps","logs","pit"
"1",10,1,1,"BMA",2.06452156798482,2.75360528212934,0.101
"2",10,1,2,"BMA",1.53270480153681,2.32452933529487,0.1815
"3",10,1,3,"BMA",0.980536666219539,2.03074949575341,0.255
"4",10,1,4,"BMA",1.06944076106529,2.08813173149604,0.8075
"5",10,1,5,"BMA",1.15300990339651,2.19662130250789,0.819
"6",10,1,6,"BMA",1.16427167425434,2.08529647512358,0.182
"7",10,1,7,"BMA",1.8712404407318,2.64811142677207,0.908
"8",10,1,8,"BMA",0.998685469169771,1.98428778175472,0.2105
"9",10,1,9,"BMA",2.1166038477084,2.65688390313373,0.077
"10",10,1,10,"BMA",1.44441929590403,2.20143378016822,0.1625
"11",10,1,11,"BMA",0.545165961572652,1.77533284836038,0.5245
"12",10,1,12,"BMA",0.454380736381099,1.61413162183008,0.495
"13",10,1,13,"BMA",0.477270631969279,1.64861550894584,0.514
"14",10,1,14,"BMA",0.669586767556981,1.83110801277726,0.6805
"15",10,1,15,"BMA",0.458872265940863,1.64663660815706,0.49
"16",10,1,16,"BMA",1.16535523266312,2.06568615264921,0.8385
"17",10,1,17,"BMA",0.445484417667591,1.54997119759835,0.4815
"18",10,1,18,"BMA",0.405731574338207,1.58479226482892,0.472
"19",10,1,19,"BMA",0.41707607751244,1.53852205344892,0.5055
"20",10,1,20,"BMA",0.590133036408283,1.69114594631317,0.261
"21",10,1,21,"BMA",1.25589381921828,2.19830666997312,0.126
"22",10,1,22,"BMA",1.2236816036568,2.13013284826935,0.8965
"23",10,1,23,"BMA",0.633316026706554,1.68759333652062,0.2725
"24",10,1,24,"BMA",1.22308114911363,2.07116868597435,0.874
"25",10,1,25,"BMA",1.27213658146507,2.12048310161242,0.8775
"26",10,1,26,"BMA",1.25021986255407,2.06557834854963,0.1235
"27",10,1,27,"BMA",0.423436243727606,1.51008079205142,0.5365
"28",10,1,28,"BMA",1.23905600544016,2.06802491209933,0.8655
"29",10,1,29,"BMA",0.37986145069943,1.42607859958936,0.4935
"30",10,1,30,"BMA",0.403613262815845,1.51743272434172,0.4925
"31",10,1,31,"BMA",0.38375645562917,1.49549363704766,0.5115
"32",10,1,32,"BMA",1.21237682289366,2.13479184687654,0.1285
"33",10,1,33,"BMA",1.24969516331885,2.18611648907206,0.8895
"34",10,1,34,"BMA",1.22803184631104,2.1639181689898,0.8825
"35",10,1,35,"BMA",1.15909899696119,2.11795198615411,0.122
"36",10,1,36,"BMA",0.396399840275377,1.46274136066701,0.5215
"37",10,1,37,"BMA",2.00363396337751,2.84143744935733,0.051
"38",10,1,38,"BMA",0.419313527686646,1.55954000168825,0.466
"39",10,1,1,"AVS",2.06452156798482,2.76379345908758,0.0855
"40",10,1,2,"AVS",1.29748285039553,2.20604412462868,0.2075
"41",10,1,3,"AVS",0.740278426358507,1.91066646339581,0.297
"42",10,1,4,"AVS",1.18279234579899,2.13144808435973,0.831
"43",10,1,5,"AVS",1.22220515555448,2.1275044435267,0.847
"44",10,1,6,"AVS",1.1773145196137,2.02778572178115,0.183
"45",10,1,7,"AVS",1.98205865217846,2.7382377183188,0.9385
"46",10,1,8,"AVS",1.04355106997155,2.00671660804311,0.203
"47",10,1,9,"AVS",2.07491503608568,2.57366194000346,0.076
"48",10,1,10,"AVS",1.29851705357247,2.1525629790136,0.178
"49",10,1,11,"AVS",0.53582065164211,1.80257499602061,0.539
"50",10,1,12,"AVS",0.451853389664446,1.64932473058333,0.5165
"51",10,1,13,"AVS",0.477781776644139,1.60564811996248,0.5145
"52",10,1,14,"AVS",0.675104616511599,1.87051568304843,0.6815
"53",10,1,15,"AVS",0.459683800484332,1.74050991180754,0.4825
"54",10,1,16,"AVS",1.1528322325486,1.97461660992394,0.8425
"55",10,1,17,"AVS",0.442190749709029,1.50714788996824,0.486
"56",10,1,18,"AVS",0.40476319274116,1.50818601704762,0.469
"57",10,1,19,"AVS",0.416727313439167,1.57944274311385,0.5155
"58",10,1,20,"AVS",0.591483421154416,1.6105040408835,0.301
"59",10,1,21,"AVS",1.25784121146755,2.08928413658756,0.131
"60",10,1,22,"AVS",1.23094745102859,2.18839665105944,0.876
"61",10,1,23,"AVS",0.634798689426167,1.6642391388441,0.284
"62",10,1,24,"AVS",1.22865227789849,2.24692574284496,0.8965
"63",10,1,25,"AVS",1.25492994134244,2.22047619498314,0.883
"64",10,1,26,"AVS",1.26340401155721,2.13803762961034,0.117
"65",10,1,27,"AVS",0.420893029856074,1.49434790570824,0.5075
"66",10,1,28,"AVS",1.23473406729863,2.06481814898872,0.883
"67",10,1,29,"AVS",0.378844560593909,1.45088478504967,0.508
"68",10,1,30,"AVS",0.402217375896176,1.52153695348005,0.499
"69",10,1,31,"AVS",0.385633565500789,1.46320431058193,0.495
"70",10,1,32,"AVS",1.21590107842704,2.02776643189404,0.128
"71",10,1,33,"AVS",1.25146052964788,2.08313870016927,0.881
"72",10,1,34,"AVS",1.23505587741183,2.12741238607527,0.876
"73",10,1,35,"AVS",1.14741669640269,2.09843554503997,0.1395
"74",10,1,36,"AVS",0.396225662914041,1.51413504802395,0.5165
"75",10,1,37,"AVS",1.99770086961231,2.84762589108504,0.0345
"76",10,1,38,"AVS",0.419743422273321,1.54787400994997,0.4775
"77",10,1,1,"EQW",2.06452156798482,2.64508138908233,0.094
"78",10,1,2,"EQW",2.05548390199802,2.67181909036451,0.1045
"79",10,1,3,"EQW",1.5348492999121,2.35496384021638,0.182
"80",10,1,4,"EQW",0.778725545242586,2.12888952702208,0.564
"81",10,1,5,"EQW",0.919055872303812,2.15969404064323,0.705
"82",10,1,6,"EQW",1.14433788909462,2.16418830514937,0.229
"83",10,1,7,"EQW",1.4258144357723,2.47315433955493,0.827
"84",10,1,8,"EQW",0.76876312024981,1.93894339971812,0.357
"85",10,1,9,"EQW",2.33789443341736,2.81059112522052,0.0615
"86",10,1,10,"EQW",2.11260197190264,2.66168031865292,0.113
"87",10,1,11,"EQW",0.920083436885138,2.02511991142894,0.32
"88",10,1,12,"EQW",0.622187041168481,1.74024731327048,0.395
"89",10,1,13,"EQW",0.461205202114106,1.53913810956183,0.445
"90",10,1,14,"EQW",0.588627256954563,1.7519672557797,0.6855
"91",10,1,15,"EQW",0.484214103771137,1.61764739298279,0.6055
"92",10,1,16,"EQW",1.50910947386484,2.31772707449391,0.8815
"93",10,1,17,"EQW",0.817281461568464,1.962857180407,0.6995
"94",10,1,18,"EQW",0.759525411980554,1.96623692032812,0.6975
"95",10,1,19,"EQW",0.728955057888411,1.93564423170642,0.6795
"96",10,1,20,"EQW",0.502584733442993,1.79428145155339,0.4945
"97",10,1,21,"EQW",0.984376294984673,1.90429945606016,0.1865
"98",10,1,22,"EQW",0.940991413083094,1.99053774147276,0.804
"99",10,1,23,"EQW",0.504525275238548,1.6453702824849,0.396
"100",10,1,24,"EQW",1.24197014899344,2.16253398376005,0.8605
"101",10,1,25,"EQW",1.87337373934307,2.60114673056419,0.924
"102",10,1,26,"EQW",0.698881887717854,2.05370436352361,0.4465
"103",10,1,27,"EQW",0.57801221259502,1.68207469809468,0.627
"104",10,1,28,"EQW",1.65738197836722,2.41132059515144,0.9035
"105",10,1,29,"EQW",0.808645041084838,1.92000698864604,0.6845
"106",10,1,30,"EQW",0.762445070235839,1.80635103698741,0.639
"107",10,1,31,"EQW",0.727235768984209,1.85820346249205,0.658
"108",10,1,32,"EQW",0.744011171311803,1.90059897953367,0.3395
"109",10,1,33,"EQW",1.28256741616854,2.26632777835823,0.8495
"110",10,1,34,"EQW",1.89905643036508,2.59286569533291,0.906
"111",10,1,35,"EQW",0.680501106850773,2.05281770324948,0.4555
"112",10,1,36,"EQW",0.631658159864257,1.75847421783051,0.6655
"113",10,1,37,"EQW",1.30859523720941,2.17327086559559,0.169
"114",10,1,38,"EQW",0.588067608118467,1.70677205902943,0.38
"115",10,1,1,"SGP",2.06452156798482,2.58408714657758,0.0995
"116",10,1,2,"SGP",1.78727675645965,2.48725580574459,0.147
"117",10,1,3,"SGP",0.956357892473658,1.93651355768136,0.264
"118",10,1,4,"SGP",1.00305646088681,2.10838179078241,0.763
"119",10,1,5,"SGP",1.16736434579387,2.12223542344781,0.8125
"120",10,1,6,"SGP",1.17895392136585,2.02699653154745,0.179
"121",10,1,7,"SGP",1.91182458209613,2.54372897346697,0.914
"122",10,1,8,"SGP",0.76714726793834,1.93721083145175,0.3005
"123",10,1,9,"SGP",2.19617571611875,2.88614566084284,0.0495
"124",10,1,10,"SGP",1.29354283907334,2.24492046765099,0.172
"125",10,1,11,"SGP",0.534570699163486,1.81775519822388,0.482
"126",10,1,12,"SGP",0.473983662534451,1.66743546471433,0.4905
"127",10,1,13,"SGP",0.469785175756947,1.71031981677384,0.492
"128",10,1,14,"SGP",0.674579004933831,1.81742936459632,0.6825
"129",10,1,15,"SGP",0.462343082864319,1.6671172863442,0.4995
"130",10,1,16,"SGP",1.2068975638033,2.10800942156479,0.855
"131",10,1,17,"SGP",0.458860342234139,1.53925155674796,0.511
"132",10,1,18,"SGP",0.435578935897647,1.59314602934129,0.5015
"133",10,1,19,"SGP",0.439337348482364,1.61419840199395,0.519
"134",10,1,20,"SGP",0.576940289957094,1.59477610679032,0.311
"135",10,1,21,"SGP",1.24324216395308,2.12378986843683,0.1205
"136",10,1,22,"SGP",1.21228685672776,2.04082369872306,0.858
"137",10,1,23,"SGP",0.608632177857813,1.63105747165218,0.306
"138",10,1,24,"SGP",1.22056827358483,2.06515886296134,0.8695
"139",10,1,25,"SGP",1.28220435016323,2.10109595488938,0.8665
"140",10,1,26,"SGP",1.19047901676527,2.16132395032301,0.132
"141",10,1,27,"SGP",0.41986690081986,1.56199305812527,0.5185
"142",10,1,28,"SGP",1.27011268075119,2.02756190733519,0.8675
"143",10,1,29,"SGP",0.397470247598804,1.47606891525791,0.529
"144",10,1,30,"SGP",0.413864700642969,1.47200346593117,0.5155
"145",10,1,31,"SGP",0.416972293647985,1.46135597905022,0.534
"146",10,1,32,"SGP",1.19289221238129,2.1003129795233,0.1345
"147",10,1,33,"SGP",1.26695714655101,2.12676796033588,0.896
"148",10,1,34,"SGP",1.36536408147312,2.23714755532491,0.908
"149",10,1,35,"SGP",0.922687396461999,1.86971432248251,0.1945
"150",10,1,36,"SGP",0.4048423606617,1.47308823733549,0.517
"151",10,1,37,"SGP",1.88148947329173,2.66270500534481,0.043
"152",10,1,38,"SGP",0.438394376507142,1.47412663045867,0.4405
"153",10,1,1,"SGP50",2.06452156798482,2.66955894450676,0.097
"154",10,1,2,"SGP50",2.04433752136747,2.70169825018034,0.116
"155",10,1,3,"SGP50",1.50601393626344,2.31620002805472,0.188
"156",10,1,4,"SGP50",0.778373273632524,2.1041020900878,0.579
"157",10,1,5,"SGP50",0.927686884758704,2.14655034531088,0.718
"158",10,1,6,"SGP50",1.14354910253254,2.07212357188584,0.218
"159",10,1,7,"SGP50",1.45020789894284,2.41317495988409,0.799
"160",10,1,8,"SGP50",0.766075220106194,1.95092020166337,0.346
"161",10,1,9,"SGP50",2.32869538652629,2.78755024116901,0.0725
"162",10,1,10,"SGP50",2.04573361292814,2.66420793151774,0.101
"163",10,1,11,"SGP50",0.877650497372443,1.96858575451818,0.344
"164",10,1,12,"SGP50",0.604863507754009,1.72873331590688,0.395
"165",10,1,13,"SGP50",0.460138771371973,1.60288100194346,0.442
"166",10,1,14,"SGP50",0.593726634948093,1.78850405301194,0.6745
"167",10,1,15,"SGP50",0.479313567682548,1.67905685805258,0.598
"168",10,1,16,"SGP50",1.47618628455634,2.24043117659533,0.8805
"169",10,1,17,"SGP50",0.769254167955546,1.9258497254509,0.6735
"170",10,1,18,"SGP50",0.715420667199049,1.87315935287749,0.6665
"171",10,1,19,"SGP50",0.689418062911909,1.84044589609564,0.661
"172",10,1,20,"SGP50",0.498477306895322,1.71279319070389,0.479
"173",10,1,21,"SGP50",1.01039066655339,1.90455474364159,0.1755
"174",10,1,22,"SGP50",0.954267503668153,1.91345018196757,0.7885
"175",10,1,23,"SGP50",0.511679828705107,1.64235045828487,0.381
"176",10,1,24,"SGP50",1.23042178006085,2.14544911307603,0.861
"177",10,1,25,"SGP50",1.80966467274234,2.59111104801182,0.92
"178",10,1,26,"SGP50",0.711536466665343,2.12127638908454,0.4085
"179",10,1,27,"SGP50",0.558393961473867,1.78729596506111,0.6405
"180",10,1,28,"SGP50",1.61823249194368,2.42466700765191,0.907
"181",10,1,29,"SGP50",0.757796153755263,1.84150594225088,0.6735
"182",10,1,30,"SGP50",0.72146007369005,1.84660630895498,0.6845
"183",10,1,31,"SGP50",0.687855280790129,1.88380101975915,0.664
"184",10,1,32,"SGP50",0.771596401109842,2.03836270322887,0.3245
"185",10,1,33,"SGP50",1.28767481860038,2.20804726381404,0.856
"186",10,1,34,"SGP50",1.84834884375973,2.61595531159781,0.912
"187",10,1,35,"SGP50",0.677569614304733,2.02256321949226,0.441
"188",10,1,36,"SGP50",0.60358744649119,1.75498033005544,0.63
"189",10,1,37,"SGP50",1.35646320928044,2.22944235693324,0.144
"190",10,1,38,"SGP50",0.56490289662584,1.6800013847921,0.3855
"191",10,2,1,"BMA",2.71643896383061,3.1702619908147,0.8115
"192",10,2,2,"BMA",3.24656113370607,3.35011637725745,0.805
"193",10,2,3,"BMA",1.41679972015738,2.65036663080503,0.603
"194",10,2,4,"BMA",1.20389645249157,2.53837080688533,0.568
"195",10,2,5,"BMA",6.32954949573516,4.44642918057438,0.9485
"196",10,2,6,"BMA",11.9339487684976,5.22158545148176,0.977
"197",10,2,7,"BMA",4.23134705182177,3.55236750146475,0.755
"198",10,2,8,"BMA",2.72269970917217,3.27690261569757,0.5985
"199",10,2,9,"BMA",7.73543153965304,3.99228374249171,0.8785
"200",10,2,10,"BMA",12.7188204676314,4.77609155946035,0.964
"201",10,2,11,"BMA",6.45348999439285,3.7692250142264,0.832
"202",10,2,12,"BMA",10.4605903264403,4.44703622707323,0.9335
"203",10,2,13,"BMA",2.9897738265332,3.48429179744398,0.4825
"204",10,2,14,"BMA",7.29057723667336,4.01754580214175,0.139
"205",10,2,15,"BMA",12.546255697784,5.1169904934271,0.194
"206",10,2,16,"BMA",17.9143399722618,4.82018619555913,0.828
"207",10,2,17,"BMA",4.25179269795013,3.75495695716321,0.632
"208",10,2,18,"BMA",6.18047817270768,3.76019320228503,0.802
"209",10,2,19,"BMA",2.36752013992067,3.33196400282873,0.557
"210",10,2,20,"BMA",1.98557637353108,3.03810885393788,0.5775
"211",10,2,21,"BMA",4.46806759049237,3.56502257277545,0.858
"212",10,2,22,"BMA",5.30157725439601,3.6452906127999,0.9025
"213",10,2,23,"BMA",9.04621640792836,4.65806747374704,0.972
"214",10,2,24,"BMA",2.58326389046633,3.00117953612028,0.78
"215",10,2,25,"BMA",1.34985655805773,2.66611626490844,0.624
"216",10,2,26,"BMA",4.29983110582467,3.56624393881808,0.909
"217",10,2,27,"BMA",2.18391578018508,2.78780662471064,0.791
"218",10,2,28,"BMA",1.03620204977722,2.49572855944109,0.6155
"219",10,2,29,"BMA",2.1860771135976,2.7236372049682,0.822
"220",10,2,30,"BMA",1.66275717140299,2.60963144191091,0.7845
"221",10,2,31,"BMA",3.67878522142279,3.47238855160504,0.935
"222",10,2,32,"BMA",2.14910516495155,2.93740659325755,0.853
"223",10,2,33,"BMA",3.60402462543136,3.30315149283579,0.9195
"224",10,2,34,"BMA",2.43792474241108,2.87421452820768,0.865
"225",10,2,35,"BMA",0.962770580550341,2.21795755928221,0.664
"226",10,2,36,"BMA",1.71857842831477,2.60610692916435,0.7825
"227",10,2,37,"BMA",2.55290585079494,3.03350926339917,0.8805
"228",10,2,38,"BMA",0.891227049574939,2.22238351698348,0.629
"229",10,2,1,"AVS",2.71643896383061,3.13599280059782,0.8045
"230",10,2,2,"AVS",2.09982876822629,2.9307075270243,0.7035
"231",10,2,3,"AVS",1.4645392842635,2.75951275436212,0.5535
"232",10,2,4,"AVS",1.41999069656317,2.66068578325945,0.522
"233",10,2,5,"AVS",5.77711465177368,3.84799668005953,0.913
"234",10,2,6,"AVS",12.7601763691453,5.55991312085686,0.9845
"235",10,2,7,"AVS",3.91906241120019,3.83110186088278,0.6655
"236",10,2,8,"AVS",2.29955557992622,3.16998606408218,0.4875
"237",10,2,9,"AVS",6.5786350439708,3.85520693606994,0.862
"238",10,2,10,"AVS",11.5438732906189,4.49759969787106,0.947
"239",10,2,11,"AVS",5.05529637462346,3.53667849696261,0.074
"240",10,2,12,"AVS",5.18162245636006,3.61390324662975,0.9355
"241",10,2,13,"AVS",18.7798672243494,38.1751764629898,0
"242",10,2,14,"AVS",7.2754242675231,4.05622551151751,0.1245
"243",10,2,15,"AVS",12.2915228937908,5.06862245934611,0.219
"244",10,2,16,"AVS",18.2218850242772,4.80518617053971,0.8235
"245",10,2,17,"AVS",4.28532137578548,3.73022342037072,0.644
"246",10,2,18,"AVS",6.29554056634836,3.82000648622876,0.8305
"247",10,2,19,"AVS",2.35869601244368,3.29565298548399,0.564
"248",10,2,20,"AVS",1.98299821746683,3.04696130295096,0.563
"249",10,2,21,"AVS",4.47676311396559,3.57486657608509,0.845
"250",10,2,22,"AVS",5.31563360929964,3.69333883547183,0.9015
"251",10,2,23,"AVS",9.06600003803431,4.87643819103242,0.9845
"252",10,2,24,"AVS",2.28237298513489,3.22821674898848,0.511
"253",10,2,25,"AVS",1.36149979933061,2.6875832449878,0.62
"254",10,2,26,"AVS",4.33064263732831,3.33498272474037,0.9025
"255",10,2,27,"AVS",2.19427889645959,2.91740044204861,0.795
"256",10,2,28,"AVS",1.03552285744658,2.39884726181174,0.578
"257",10,2,29,"AVS",2.1926560467482,2.78618261272087,0.826
"258",10,2,30,"AVS",1.66024101033963,2.59516083470035,0.7775
"259",10,2,31,"AVS",3.67312711388979,3.38680700399341,0.9355
"260",10,2,32,"AVS",2.12854457295087,2.95095723296593,0.845
"261",10,2,33,"AVS",3.58183978988771,3.37835563103815,0.921
"262",10,2,34,"AVS",2.3483807249517,2.94443198488862,0.8735
"263",10,2,35,"AVS",0.96238058225353,2.2241526345606,0.674
"264",10,2,36,"AVS",1.71908998563755,2.6242284720443,0.813
"265",10,2,37,"AVS",2.54746912278986,2.90038623226477,0.89
"266",10,2,38,"AVS",0.891463880714657,2.20815481525365,0.626
"267",10,2,1,"EQW",2.71643896383061,3.21515654566442,0.7955
"268",10,2,2,"EQW",3.82933748691011,3.36416974876584,0.846
"269",10,2,3,"EQW",1.42308876481298,2.58903785678458,0.6285
"270",10,2,4,"EQW",1.24860015898935,2.56682998847861,0.5705
"271",10,2,5,"EQW",6.132798064028,4.04393244292578,0.9075
"272",10,2,6,"EQW",10.5265449814139,5.25967492992643,0.97
"273",10,2,7,"EQW",3.0070359799207,3.65050627168126,0.57
"274",10,2,8,"EQW",2.51920574589452,3.08229233059613,0.6535
"275",10,2,9,"EQW",8.81483951790099,4.42685952828684,0.9435
"276",10,2,10,"EQW",9.56077656939785,3.9135655215706,0.8975
"277",10,2,11,"EQW",5.05978035971311,3.81363930608569,0.68
"278",10,2,12,"EQW",10.4050690383278,4.38708941107861,0.9575
"279",10,2,13,"EQW",3.88695237761692,3.63261287463692,0.462
"280",10,2,14,"EQW",8.20128955927874,4.12898668450145,0.1205
"281",10,2,15,"EQW",16.0364169481924,5.46531848790993,0.061
"282",10,2,16,"EQW",5.1333743428608,3.95496167266694,0.5675
"283",10,2,17,"EQW",6.33383727188291,4.05568677143434,0.2275
"284",10,2,18,"EQW",3.19271154610403,3.54431878874651,0.4715
"285",10,2,19,"EQW",7.02077025902882,3.94762584375044,0.1865
"286",10,2,20,"EQW",4.26089911507448,3.51562944691458,0.2985
"287",10,2,21,"EQW",3.03180452279728,3.63777935020506,0.547
"288",10,2,22,"EQW",2.64173677181164,3.37003283423152,0.457
"289",10,2,23,"EQW",3.23185966217348,3.44110589903699,0.6925
"290",10,2,24,"EQW",3.31807359198921,3.37886485031619,0.349
"291",10,2,25,"EQW",2.10481925812495,3.06022407332518,0.412
"292",10,2,26,"EQW",2.95614613233883,3.36097932890843,0.733
"293",10,2,27,"EQW",1.88612950871641,2.93105183072103,0.473
"294",10,2,28,"EQW",1.67690656121964,2.76762244120336,0.429
"295",10,2,29,"EQW",2.12940380612508,3.01324486481927,0.7205
"296",10,2,30,"EQW",1.63342211090783,2.80696549859321,0.5885
"297",10,2,31,"EQW",2.92310985209801,3.34823431791467,0.7595
"298",10,2,32,"EQW",1.94913336471946,3.10135937439295,0.6065
"299",10,2,33,"EQW",2.86846062649225,3.36125067804913,0.741
"300",10,2,34,"EQW",2.24962768060629,3.24264800714067,0.597
"301",10,2,35,"EQW",1.77148976193857,2.85042091352993,0.583
"302",10,2,36,"EQW",2.77411604338242,3.07236469596804,0.782
"303",10,2,37,"EQW",2.97765727088782,3.24269140858188,0.755
"304",10,2,38,"EQW",1.93581638591014,2.98499675188353,0.5695
"305",10,2,1,"SGP",2.71643896383061,3.20274089994319,0.795
"306",10,2,2,"SGP",4.37678081304063,3.69164217773547,0.902
"307",10,2,3,"SGP",1.34821680717347,2.42146864918591,0.6745
"308",10,2,4,"SGP",0.889982923473428,2.1283562147995,0.635
"309",10,2,5,"SGP",6.91898484238149,6.28942144079476,0.991
"310",10,2,6,"SGP",9.50633648775345,6.45466891915329,0.9945
"311",10,2,7,"SGP",6.61595707919305,4.67317436531296,0.0735
"312",10,2,8,"SGP",1.37577857664668,2.69658075195826,0.6045
"313",10,2,9,"SGP",7.44691795510051,4.59163186774245,0.982
"314",10,2,10,"SGP",2.03507381075425,2.80374513445625,0.7155
"315",10,2,11,"SGP",4.88504062020426,3.58374288487691,0.095
"316",10,2,12,"SGP",5.25892040617126,3.63340618819875,0.928
"317",10,2,13,"SGP",18.2252253265314,6.96427999969002,0.012
"318",10,2,14,"SGP",14.5639286206919,6.86381273201976,0.0065
"319",10,2,15,"SGP",18.1005739788456,7.0150085183979,0.0025
"320",10,2,16,"SGP",7.90965303571398,4.3296705708318,0.953
"321",10,2,17,"SGP",7.10344062989917,4.03740662266848,0.071
"322",10,2,18,"SGP",1.91599520330261,3.00617533850333,0.5735
"323",10,2,19,"SGP",8.37514597018868,4.15782852373891,0.057
"324",10,2,20,"SGP",1.87811914460073,2.98315147896305,0.4275
"325",10,2,21,"SGP",4.68312289794935,3.47745879410985,0.839
"326",10,2,22,"SGP",2.05840697798812,3.01903635112573,0.414
"327",10,2,23,"SGP",3.11819002050138,3.25148890740906,0.7275
"328",10,2,24,"SGP",6.19091978505854,3.64055728250319,0.114
"329",10,2,25,"SGP",2.04374920232958,3.14105206631461,0.585
"330",10,2,26,"SGP",5.35963640509547,3.71186815483235,0.863
"331",10,2,27,"SGP",2.36330219188655,3.10302703859656,0.3655
"332",10,2,28,"SGP",1.85407255907708,3.02409148912685,0.434
"333",10,2,29,"SGP",3.24981652411247,3.13831494488629,0.7495
"334",10,2,30,"SGP",1.95277700153846,2.97285053912831,0.425
"335",10,2,31,"SGP",2.458959820264,3.10717299411844,0.699
"336",10,2,32,"SGP",2.22014417742127,2.96928287513771,0.3015
"337",10,2,33,"SGP",1.52662028883874,2.87087335364044,0.5375
"338",10,2,34,"SGP",3.20395959381728,3.22800635099103,0.194
"339",10,2,35,"SGP",1.76862823790446,2.87076305884755,0.408
"340",10,2,36,"SGP",2.28557428925137,2.96805013030257,0.688
"341",10,2,37,"SGP",1.63700007106281,2.88422532400812,0.5805
"342",10,2,38,"SGP",2.25586620020854,2.90409101419864,0.3055
"343",10,2,1,"SGP50",2.71643896383061,3.11947610772105,0.7885
"344",10,2,2,"SGP50",3.84366767786522,3.47737971680749,0.847
"345",10,2,3,"SGP50",1.41439811779442,2.51799831406013,0.627
"346",10,2,4,"SGP50",1.236191255688,2.54167075163291,0.575
"347",10,2,5,"SGP50",6.23717000772373,4.16727268978733,0.9295
"348",10,2,6,"SGP50",10.5374769920752,5.38442311360429,0.98
"349",10,2,7,"SGP50",3.00471979097131,3.6308936374761,0.514
"350",10,2,8,"SGP50",2.48085409114835,3.11244714325314,0.654
"351",10,2,9,"SGP50",8.81488769512123,4.35360355795028,0.949
"352",10,2,10,"SGP50",8.77416636867974,3.92554379397541,0.897
"353",10,2,11,"SGP50",4.50952292388977,3.80960978593894,0.6385
"354",10,2,12,"SGP50",9.76785773408054,4.31678763545388,0.9525
"355",10,2,13,"SGP50",4.74279070517889,3.69005384072773,0.412
"356",10,2,14,"SGP50",8.53394683111089,4.11359328473743,0.129
"357",10,2,15,"SGP50",16.051742041384,5.5388909481841,0.0615
"358",10,2,16,"SGP50",4.81094783874421,3.97101807371673,0.5915
"359",10,2,17,"SGP50",6.8251556541754,4.04935545287036,0.1625
"360",10,2,18,"SGP50",2.88644131215873,3.37059098530063,0.4665
"361",10,2,19,"SGP50",7.92605782812189,4.20087317173109,0.124
"362",10,2,20,"SGP50",3.82711013973677,3.43387933696123,0.3015
"363",10,2,21,"SGP50",3.12832494872391,3.53782895898748,0.6155
"364",10,2,22,"SGP50",2.56722015424371,3.2041707112557,0.4325
"365",10,2,23,"SGP50",3.0158384905908,3.3342506161361,0.665
"366",10,2,24,"SGP50",4.27341172329447,3.39867494662779,0.2305
"367",10,2,25,"SGP50",2.07218139147938,3.12808384586276,0.4465
"368",10,2,26,"SGP50",3.4226500955528,3.3306304936212,0.7425
"369",10,2,27,"SGP50",2.05425111542134,3.01850841894947,0.437
"370",10,2,28,"SGP50",1.76697858938482,2.89725465487647,0.4445
"371",10,2,29,"SGP50",2.35334880864256,3.08485621333079,0.7175
"372",10,2,30,"SGP50",1.67770749933171,2.90390403718188,0.531
"373",10,2,31,"SGP50",2.80811165043127,3.25177717625255,0.763
"374",10,2,32,"SGP50",1.87030616217624,3.04476628245482,0.5485
"375",10,2,33,"SGP50",2.50549048107471,3.20478777612995,0.6835
"376",10,2,34,"SGP50",2.13556317381067,3.25891307118414,0.5305
"377",10,2,35,"SGP50",1.70605298913197,2.934905215512,0.5465
"378",10,2,36,"SGP50",2.67626649677901,3.11229329375005,0.7565
"379",10,2,37,"SGP50",2.66134711692767,3.15857199836702,0.7205
"380",10,2,38,"SGP50",1.81567707112975,2.94772991233312,0.5245
"381",10,3,1,"BMA",1.95072091895251,2.95895501480516,0.55
"382",10,3,2,"BMA",1.48331432834095,2.73330049402044,0.6155
"383",10,3,3,"BMA",1.6615878229614,2.65447301928927,0.701
"384",10,3,4,"BMA",5.86349383902528,4.56091264668507,0.978
"385",10,3,5,"BMA",8.41724025790556,4.40173648598284,0.0485
"386",10,3,6,"BMA",4.07608703420631,3.43971782444747,0.792
"387",10,3,7,"BMA",2.3419569823093,3.08026342024157,0.6395
"388",10,3,8,"BMA",4.12366941256937,3.47411663201146,0.811
"389",10,3,9,"BMA",6.7434255299338,3.97852353376102,0.9255
"390",10,3,10,"BMA",2.66938127531963,3.09582446199836,0.712
"391",10,3,11,"BMA",3.59900272537484,3.31789060903981,0.2055
"392",10,3,12,"BMA",8.28852242442785,4.37699776313852,0.072
"393",10,3,13,"BMA",3.72669659586671,3.35668410122821,0.7405
"394",10,3,14,"BMA",1.99252909782372,3.05841979893745,0.4065
"395",10,3,15,"BMA",2.97012237307986,3.22903745496722,0.237
"396",10,3,16,"BMA",1.6273049849202,2.88781709407745,0.4975
"397",10,3,17,"BMA",1.63390803663648,2.87278106677371,0.475
"398",10,3,18,"BMA",3.70934362884095,3.20564585607243,0.1495
"399",10,3,19,"BMA",2.8116537429867,3.09741836887749,0.8045
"400",10,3,20,"BMA",1.52282904626846,2.79451609617477,0.5785
"401",10,3,21,"BMA",1.77796714347788,2.94380897801707,0.674
"402",10,3,22,"BMA",1.90896446082705,2.87223754466889,0.6715
"403",10,3,23,"BMA",1.61905976929248,2.77382665148315,0.639
"404",10,3,24,"BMA",1.44075657214236,2.74639480570631,0.538
"405",10,3,25,"BMA",1.5684559808418,2.79074222476852,0.6175
"406",10,3,26,"BMA",1.9708632482403,2.81187421006064,0.294
"407",10,3,27,"BMA",1.51071827023403,2.68405029619276,0.368
"408",10,3,28,"BMA",1.50737330664861,2.56167959450313,0.3205
"409",10,3,29,"BMA",1.29528259473771,2.47633068240077,0.3485
"410",10,3,30,"BMA",2.83336217838911,2.99563152775227,0.1705
"411",10,3,31,"BMA",1.16363312753511,2.55051059294406,0.463
"412",10,3,32,"BMA",2.22054835940438,2.80517460336467,0.2045
"413",10,3,33,"BMA",2.37762376376582,2.92323904855474,0.1995
"414",10,3,34,"BMA",1.79198717978026,2.81792956936957,0.287
"415",10,3,35,"BMA",1.70482119713473,2.64269598752681,0.713
"416",10,3,36,"BMA",1.19309067917976,2.52831827977466,0.5855
"417",10,3,37,"BMA",1.12695725008133,2.39737427147241,0.441
"418",10,3,38,"BMA",2.32988268602733,2.75034356730918,0.161
"419",10,3,1,"AVS",1.95072091895251,3.00381302654839,0.579
"420",10,3,2,"AVS",1.41260174973568,2.57196173093444,0.663
"421",10,3,3,"AVS",1.74410835807093,2.6966983971519,0.7485
"422",10,3,4,"AVS",5.99391315325572,4.67992859425631,0.986
"423",10,3,5,"AVS",11.0289624925399,5.92171673856574,0.007
"424",10,3,6,"AVS",3.46310588761352,3.35097386465592,0.77
"425",10,3,7,"AVS",1.7741792712225,3.02886725925451,0.536
"426",10,3,8,"AVS",3.35496827000289,3.27441454412407,0.7615
"427",10,3,9,"AVS",7.13100382473981,4.08991955934631,0.914
"428",10,3,10,"AVS",2.70420454634329,3.08859917431172,0.709
"429",10,3,11,"AVS",7.547304570342,4.30829107716369,0.058
"430",10,3,12,"AVS",8.1992521016622,4.57075101201063,0.0985
"431",10,3,13,"AVS",4.81309373154061,3.55226176695864,0.7615
"432",10,3,14,"AVS",2.05959329773785,2.94597936947068,0.363
"433",10,3,15,"AVS",3.23330643215761,3.14866734115206,0.21
"434",10,3,16,"AVS",1.63145390268595,2.88037702761737,0.5465
"435",10,3,17,"AVS",1.64022475426732,2.95717225573013,0.465
"436",10,3,18,"AVS",3.96241444021051,3.30408857002509,0.1415
"437",10,3,19,"AVS",3.01661805383545,2.97089153175899,0.8405
"438",10,3,20,"AVS",1.71230684652313,2.77929452292962,0.6655
"439",10,3,21,"AVS",2.13117154214452,2.87036815781174,0.7675
"440",10,3,22,"AVS",2.15575255001581,2.92778965481953,0.7195
"441",10,3,23,"AVS",1.39791635600936,2.75171889469161,0.5695
"442",10,3,24,"AVS",1.44654954503411,2.75415633579907,0.432
"443",10,3,25,"AVS",1.35650341953741,2.67636553341424,0.5775
"444",10,3,26,"AVS",2.28805815974145,2.90113565014186,0.2325
"445",10,3,27,"AVS",1.65840412552873,2.75826874902147,0.356
"446",10,3,28,"AVS",1.57218064576539,2.57444630522568,0.348
"447",10,3,29,"AVS",1.25038383331845,2.5852820835947,0.401
"448",10,3,30,"AVS",2.41036889001423,2.89842163912137,0.2405
"449",10,3,31,"AVS",1.23049274386503,2.64907676761216,0.6135
"450",10,3,32,"AVS",1.90187841890603,2.81702261937496,0.2565
"451",10,3,33,"AVS",1.88716055802615,2.81296544304265,0.28
"452",10,3,34,"AVS",1.4940218624606,2.64539719588967,0.344
"453",10,3,35,"AVS",1.80356843747498,2.59879032425634,0.7425
"454",10,3,36,"AVS",1.24720013935564,2.55912831036527,0.572
"455",10,3,37,"AVS",1.24750315729751,2.52286181743809,0.4245
"456",10,3,38,"AVS",2.38658801781583,2.8729681924332,0.1915
"457",10,3,1,"EQW",1.95072091895251,3.00240893121463,0.578
"458",10,3,2,"EQW",1.666769524246,2.81147714402296,0.5155
"459",10,3,3,"EQW",1.65992801506789,2.80192247348431,0.6125
"460",10,3,4,"EQW",5.2310870050777,4.0189954103704,0.903
"461",10,3,5,"EQW",7.08418349406187,4.075383577657,0.0805
"462",10,3,6,"EQW",4.55587539596074,3.55460287023858,0.837
"463",10,3,7,"EQW",2.09154982193503,2.95284197012774,0.6395
"464",10,3,8,"EQW",3.65084724233968,3.18513666725051,0.791
"465",10,3,9,"EQW",6.8694319980712,3.94024457414156,0.9285
"466",10,3,10,"EQW",2.90592125407996,3.0418331954928,0.6895
"467",10,3,11,"EQW",3.68149157234796,3.50268835124349,0.2865
"468",10,3,12,"EQW",8.46560706546247,4.21833768604652,0.1045
"469",10,3,13,"EQW",3.085903510732,3.2946512052207,0.7155
"470",10,3,14,"EQW",1.93131617781944,3.07640016495447,0.4655
"471",10,3,15,"EQW",2.48309836028866,3.11848349919254,0.342
"472",10,3,16,"EQW",1.70491044439471,2.96587136002436,0.548
"473",10,3,17,"EQW",1.64478141791099,2.85488988628354,0.547
"474",10,3,18,"EQW",2.92095315521733,3.031455617782,0.2125
"475",10,3,19,"EQW",3.32661853783081,3.18285644063093,0.8405
"476",10,3,20,"EQW",1.67663868304182,2.87320755758202,0.597
"477",10,3,21,"EQW",2.1122980925309,3.01328599581796,0.7275
"478",10,3,22,"EQW",2.46948304186971,3.03965202606583,0.7275
"479",10,3,23,"EQW",2.59792404705611,3.03240305179844,0.726
"480",10,3,24,"EQW",2.29886785321125,2.93978629865347,0.682
"481",10,3,25,"EQW",3.00932047771899,3.11896792308902,0.777
"482",10,3,26,"EQW",1.79629411437601,2.99105209075915,0.5235
"483",10,3,27,"EQW",1.59376884616549,2.85785050022591,0.537
"484",10,3,28,"EQW",1.47850032391992,2.75484436086313,0.4945
"485",10,3,29,"EQW",1.44657291337474,2.73149839807532,0.5385
"486",10,3,30,"EQW",1.83210504650487,2.94346479956585,0.361
"487",10,3,31,"EQW",1.55508916845896,2.78412905724931,0.5965
"488",10,3,32,"EQW",1.54176916655526,2.83752922920685,0.374
"489",10,3,33,"EQW",1.62396558303934,2.68480024572887,0.342
"490",10,3,34,"EQW",1.5064693790023,2.60955549453905,0.3455
"491",10,3,35,"EQW",1.57834392074695,2.51938258369387,0.6995
"492",10,3,36,"EQW",1.52266743305053,2.61518972755651,0.7205
"493",10,3,37,"EQW",1.15069438221762,2.51731397242199,0.5855
"494",10,3,38,"EQW",1.50968972850911,2.46016661469734,0.2885
"495",10,3,1,"SGP",1.95072091895251,3.0635129767192,0.5435
"496",10,3,2,"SGP",1.41681258271261,2.57843028494344,0.6375
"497",10,3,3,"SGP",1.7124763118701,2.64815557016865,0.7365
"498",10,3,4,"SGP",5.99939651687023,4.67023080182315,0.983
"499",10,3,5,"SGP",10.4890930888577,5.50947128932162,0.013
"500",10,3,6,"SGP",5.95084296119853,3.87621968219305,0.926
"501",10,3,7,"SGP",1.49643026321319,2.65312560248191,0.654
"502",10,3,8,"SGP",1.62698699367721,2.60966275451176,0.705
"503",10,3,9,"SGP",4.65251301695109,3.63907302711006,0.9495
"504",10,3,10,"SGP",1.08267336091416,2.48982642313225,0.5445
"505",10,3,11,"SGP",9.18101034996758,5.67556725511041,0.0145
"506",10,3,12,"SGP",15.943461740651,7.91632746249482,0.0015
"507",10,3,13,"SGP",2.52154792705919,2.99965898260848,0.74
"508",10,3,14,"SGP",2.06980441926919,2.93347720748274,0.333
"509",10,3,15,"SGP",3.46505073059224,3.2627143550547,0.1695
"510",10,3,16,"SGP",1.65797654602499,2.89987630873142,0.4465
"511",10,3,17,"SGP",1.81459660687864,2.90877427541581,0.3575
"512",10,3,18,"SGP",4.97505913888578,3.56946842094941,0.092
"513",10,3,19,"SGP",3.91832790284659,3.32709728411872,0.852
"514",10,3,20,"SGP",1.61071128239378,2.83349130117978,0.405
"515",10,3,21,"SGP",1.39577923460637,2.64827073898285,0.5455
"516",10,3,22,"SGP",1.42708848826198,2.64919358406348,0.544
"517",10,3,23,"SGP",1.38212112615559,2.73188282276214,0.5545
"518",10,3,24,"SGP",1.35849713448912,2.68891366384893,0.456
"519",10,3,25,"SGP",1.55759142048461,2.71422785941268,0.6185
"520",10,3,26,"SGP",2.47266877123972,2.87428896768208,0.2505
"521",10,3,27,"SGP",1.45019545962648,2.69125146730944,0.395
"522",10,3,28,"SGP",1.42494292994815,2.70786082479555,0.379
"523",10,3,29,"SGP",1.20224288058187,2.5942804237279,0.484
"524",10,3,30,"SGP",1.81041304078142,2.74610753632139,0.296
"525",10,3,31,"SGP",1.6811532387726,2.732025194491,0.6715
"526",10,3,32,"SGP",1.55194092919684,2.71211067782916,0.353
"527",10,3,33,"SGP",1.37332548663576,2.60802617588546,0.3565
"528",10,3,34,"SGP",1.21426600872002,2.54239892639156,0.452
"529",10,3,35,"SGP",2.75971391270186,2.96434480943023,0.825
"530",10,3,36,"SGP",1.47477885987602,2.69744562789672,0.648
"531",10,3,37,"SGP",1.08749499513006,2.47185025510269,0.4785
"532",10,3,38,"SGP",2.09074891983671,2.81764483729806,0.2495
"533",10,3,1,"SGP50",1.95072091895251,3.04899892146131,0.537
"534",10,3,2,"SGP50",1.64668900425046,2.80448075269342,0.5415
"535",10,3,3,"SGP50",1.65135547352429,2.8608013222291,0.6095
"536",10,3,4,"SGP50",5.29168125972246,4.05379040704794,0.9105
"537",10,3,5,"SGP50",7.32601029499629,4.11033799932302,0.08
"538",10,3,6,"SGP50",4.6610077530457,3.52395967492031,0.845
"539",10,3,7,"SGP50",1.99318378697259,2.88150526574095,0.649
"540",10,3,8,"SGP50",3.3811159276408,3.15018678976856,0.79
"541",10,3,9,"SGP50",6.42495928094584,3.92650505040191,0.9445
"542",10,3,10,"SGP50",2.41807042316745,2.96302619109173,0.6885
"543",10,3,11,"SGP50",4.24106876570779,3.73796547387973,0.227
"544",10,3,12,"SGP50",9.36045329067989,4.47407851403143,0.0745
"545",10,3,13,"SGP50",2.97262681939644,3.11392504632327,0.718
"546",10,3,14,"SGP50",1.9344264512237,2.9772533153814,0.4385
"547",10,3,15,"SGP50",2.7142248824675,3.09701155420796,0.268
"548",10,3,16,"SGP50",1.65930373601065,2.89711483409009,0.5255
"549",10,3,17,"SGP50",1.62659894335847,2.8891593125362,0.4915
"550",10,3,18,"SGP50",3.39067244794296,3.11363793323194,0.199
"551",10,3,19,"SGP50",3.26821499267038,3.09738479325113,0.8235
"552",10,3,20,"SGP50",1.60087713933961,2.86785532753947,0.5235
"553",10,3,21,"SGP50",1.87286699047838,2.88403393914815,0.654
"554",10,3,22,"SGP50",2.11055614487352,2.97662223466158,0.687
"555",10,3,23,"SGP50",2.18135936843642,2.99657600951518,0.702
"556",10,3,24,"SGP50",1.91411091801793,2.93472457788178,0.61
"557",10,3,25,"SGP50",2.46919911638411,3.02567757475851,0.723
"558",10,3,26,"SGP50",1.7163031574735,2.85449348151634,0.4345
"559",10,3,27,"SGP50",1.46054164713704,2.75233077107338,0.4965
"560",10,3,28,"SGP50",1.4050025570795,2.75375535640769,0.4355
"561",10,3,29,"SGP50",1.31484163933404,2.69181150698407,0.4795
"562",10,3,30,"SGP50",1.9924242219672,2.8787551518032,0.2955
"563",10,3,31,"SGP50",1.43583019309302,2.69096059760088,0.584
"564",10,3,32,"SGP50",1.65122543807231,2.79902445349925,0.33
"565",10,3,33,"SGP50",1.75734923196327,2.75654549580474,0.305
"566",10,3,34,"SGP50",1.5712930413249,2.71616163700076,0.336
"567",10,3,35,"SGP50",1.61071494079173,2.5472329167405,0.711
"568",10,3,36,"SGP50",1.39249035795684,2.51650197949276,0.6685
"569",10,3,37,"SGP50",1.06888298520968,2.51067939061616,0.5555
"570",10,3,38,"SGP50",1.71922457755765,2.62856875806609,0.2505
"571",10,4,1,"BMA",3.74408021520517,3.67492294227558,0.62
"572",10,4,2,"BMA",3.41264754225444,3.32019398993528,0.7415
"573",10,4,3,"BMA",2.50735697669083,2.89233101513567,0.7
"574",10,4,4,"BMA",1.89758816438772,2.49311376713024,0.7445
"575",10,4,5,"BMA",5.2124094812624,4.70294511405192,0.038
"576",10,4,6,"BMA",4.28337972978183,3.49895319183783,0.928
"577",10,4,7,"BMA",4.48159006493623,3.71912159363939,0.079
"578",10,4,8,"BMA",16.1452239820612,5.6767364516129,0.0295
"579",10,4,9,"BMA",3.83597768561046,3.45402110392619,0.723
"580",10,4,10,"BMA",3.15174712394757,3.19429221474905,0.694
"581",10,4,11,"BMA",2.21587192495199,3.23485200549542,0.565
"582",10,4,12,"BMA",11.4057140879724,4.56461967483543,0.968
"583",10,4,13,"BMA",2.60663871436447,3.27375779192087,0.609
"584",10,4,14,"BMA",2.14304466452311,3.06887065920782,0.5795
"585",10,4,15,"BMA",5.39023788607013,3.60036163779074,0.153
"586",10,4,16,"BMA",4.06288278045812,3.30947660293678,0.1975
"587",10,4,17,"BMA",2.05176342074672,3.15016758284388,0.501
"588",10,4,18,"BMA",16.4923164492797,6.67673987176028,0.0065
"589",10,4,19,"BMA",2.14521526625753,3.18430279167322,0.472
"590",10,4,20,"BMA",3.40097093821814,3.26626684518285,0.271
"591",10,4,21,"BMA",14.0892613021008,5.21791686761675,0.021
"592",10,4,22,"BMA",2.55003001765189,3.24065455036229,0.388
"593",10,4,23,"BMA",2.87836463196721,3.28938459159906,0.646
"594",10,4,24,"BMA",2.24993477495904,3.16188215576793,0.4535
"595",10,4,25,"BMA",3.6357520601788,3.31260337993258,0.259
"596",10,4,26,"BMA",2.56121268296213,3.20767022208741,0.3615
"597",10,4,27,"BMA",4.23857764782647,3.4146089744017,0.2055
"598",10,4,28,"BMA",2.48621014850616,3.28446163021126,0.4005
"599",10,4,29,"BMA",4.74045370457079,3.49175341320692,0.1665
"600",10,4,30,"BMA",2.80324763075509,3.24871139226289,0.308
"601",10,4,31,"BMA",2.60648719294308,3.12175309038291,0.335
"602",10,4,32,"BMA",2.18177340094976,3.07835875905302,0.391
"603",10,4,33,"BMA",2.74754724015746,3.17095022638535,0.3095
"604",10,4,34,"BMA",1.87317520438675,2.95949511204185,0.45
"605",10,4,35,"BMA",3.02422952066676,3.19557684367066,0.2525
"606",10,4,36,"BMA",1.99999943189306,2.90472573599763,0.6155
"607",10,4,37,"BMA",1.58241663770384,2.92736813375602,0.5645
"608",10,4,38,"BMA",1.82482994047615,2.82243586404286,0.341
"609",10,4,1,"AVS",3.74408021520517,3.70162155888731,0.641
"610",10,4,2,"AVS",3.13017782444612,3.24919061682623,0.752
"611",10,4,3,"AVS",2.91933019382593,2.97176977585026,0.724
"612",10,4,4,"AVS",1.34889263778105,2.30951023947059,0.7535
"613",10,4,5,"AVS",5.5680560443825,5.09173532730719,0.0095
"614",10,4,6,"AVS",3.77340187232449,3.31403037083056,0.935
"615",10,4,7,"AVS",4.90811467437553,3.66969180246018,0.037
"616",10,4,8,"AVS",18.0075333168905,48.8894535028464,0
"617",10,4,9,"AVS",5.63424251389542,3.71187247255186,0.758
"618",10,4,10,"AVS",3.35643841116025,3.326666212797,0.664
"619",10,4,11,"AVS",3.28761699487451,3.35189649032922,0.2235
"620",10,4,12,"AVS",10.1073238295737,4.92917763820621,0.9815
"621",10,4,13,"AVS",2.10722732046696,2.98650275119314,0.3165
"622",10,4,14,"AVS",2.34142814340501,2.89138205509713,0.283
"623",10,4,15,"AVS",10.34054298857,4.95488601853373,0.034
"624",10,4,16,"AVS",4.07846955176696,3.40023339854741,0.174
"625",10,4,17,"AVS",2.05152808919189,3.09838921847681,0.5115
"626",10,4,18,"AVS",16.4953502336949,6.89893807367588,0.003
"627",10,4,19,"AVS",2.13095853283853,3.17561706148956,0.475
"628",10,4,20,"AVS",3.39445152496126,3.29002402186388,0.261
"629",10,4,21,"AVS",14.0862054271422,5.28876361789313,0.013
"630",10,4,22,"AVS",2.54280899857336,3.15325906000316,0.3875
"631",10,4,23,"AVS",2.87962200465698,3.27200296505761,0.665
"632",10,4,24,"AVS",2.24982723241717,3.15335897919761,0.4435
"633",10,4,25,"AVS",3.63912876831972,3.31041706859059,0.2555
"634",10,4,26,"AVS",2.56292282031096,3.15668948652897,0.3445
"635",10,4,27,"AVS",4.24368942041247,3.33049166413396,0.209
"636",10,4,28,"AVS",2.48813502293312,3.21914148038191,0.3935
"637",10,4,29,"AVS",4.74977000438482,3.49419404416811,0.163
"638",10,4,30,"AVS",2.8032510699467,3.29225467418638,0.3045
"639",10,4,31,"AVS",2.6039708345759,3.18065322274937,0.3305
"640",10,4,32,"AVS",2.15998499180345,3.05650851715847,0.38
"641",10,4,33,"AVS",2.71406722530252,3.14522923274799,0.333
"642",10,4,34,"AVS",1.88550725013041,3.06759187788254,0.476
"643",10,4,35,"AVS",2.9364084801693,3.15520744300145,0.264
"644",10,4,36,"AVS",2.46631795625899,3.14255455861695,0.6775
"645",10,4,37,"AVS",1.75061689076747,2.92107410606928,0.5235
"646",10,4,38,"AVS",2.44973950206319,3.05110251910103,0.3075
"647",10,4,1,"EQW",3.74408021520517,3.64675071376268,0.6305
"648",10,4,2,"EQW",3.40093275468723,3.36172610591421,0.71
"649",10,4,3,"EQW",3.01721164490264,3.22383609711837,0.7085
"650",10,4,4,"EQW",3.86846234153196,3.3150742066356,0.7305
"651",10,4,5,"EQW",3.06444117000085,3.59974761408584,0.4405
"652",10,4,6,"EQW",7.64352349094991,3.98983313132544,0.9035
"653",10,4,7,"EQW",3.66133365687563,3.62750234212208,0.5305
"654",10,4,8,"EQW",4.99655962169695,3.89994762616994,0.3625
"655",10,4,9,"EQW",3.86144953302016,3.40856678212375,0.6635
"656",10,4,10,"EQW",4.20103485526977,3.43411113759487,0.669
"657",10,4,11,"EQW",3.80191940133637,3.59693614323796,0.593
"658",10,4,12,"EQW",14.7977212059279,5.26366699960244,0.989
"659",10,4,13,"EQW",7.36301001421096,3.73677529459392,0.6935
"660",10,4,14,"EQW",6.9395293846227,3.73478951290403,0.677
"661",10,4,15,"EQW",5.28318485417634,4.07992738220619,0.4775
"662",10,4,16,"EQW",4.1403627133271,3.81209466764744,0.4045
"663",10,4,17,"EQW",3.66927801792697,3.33698918078294,0.665
"664",10,4,18,"EQW",10.1872145614318,4.88874185114005,0.1845
"665",10,4,19,"EQW",3.70228291242738,3.70302085998562,0.563
"666",10,4,20,"EQW",3.31183916148708,3.52431246699486,0.456
"667",10,4,21,"EQW",9.06760704736281,4.38061445457276,0.147
"668",10,4,22,"EQW",2.83548496629203,3.48987742920986,0.5035
"669",10,4,23,"EQW",4.94723716346079,3.67261812056442,0.794
"670",10,4,24,"EQW",3.84082476182651,3.51446705703802,0.6965
"671",10,4,25,"EQW",2.91164472373253,3.39144203321489,0.5375
"672",10,4,26,"EQW",2.98631449649298,3.40843271469509,0.653
"673",10,4,27,"EQW",2.5030856465821,3.33212221816202,0.495
"674",10,4,28,"EQW",2.52517882188898,3.22503112460376,0.586
"675",10,4,29,"EQW",2.67766321805505,3.20919841326296,0.38
"676",10,4,30,"EQW",2.04929198798838,3.05222597339573,0.486
"677",10,4,31,"EQW",1.97716276564492,3.03057529673248,0.426
"678",10,4,32,"EQW",1.66362763916172,2.94874927556815,0.482
"679",10,4,33,"EQW",1.77849244255669,2.85787240145785,0.387
"680",10,4,34,"EQW",1.57222946426352,2.79956593089318,0.5335
"681",10,4,35,"EQW",2.0214989756979,2.86797321673426,0.3205
"682",10,4,36,"EQW",2.074495232238,2.85783977382778,0.705
"683",10,4,37,"EQW",1.76538819908059,2.96701096287381,0.6615
"684",10,4,38,"EQW",1.34374207837146,2.64524502770559,0.4505
"685",10,4,1,"SGP",3.74408021520517,3.67380921967924,0.6185
"686",10,4,2,"SGP",3.91787603125028,3.38784112565521,0.8655
"687",10,4,3,"SGP",1.17692516705007,2.3482873713554,0.665
"688",10,4,4,"SGP",1.40491740445322,2.38392863115281,0.7485
"689",10,4,5,"SGP",5.31801616661205,4.7130126597729,0.0325
"690",10,4,6,"SGP",3.83906596854213,3.40284592990073,0.9435
"691",10,4,7,"SGP",4.75450132373448,3.67544331949333,0.055
"692",10,4,8,"SGP",17.5549015388287,7.19705886676464,0.009
"693",10,4,9,"SGP",1.915281262107,2.78692041617,0.3125
"694",10,4,10,"SGP",2.19279349918475,2.92787046725653,0.256
"695",10,4,11,"SGP",3.83485755463295,3.30856421361485,0.144
"696",10,4,12,"SGP",9.59423574229895,4.94372555820617,0.9885
"697",10,4,13,"SGP",2.29789082974976,2.91910841633024,0.2505
"698",10,4,14,"SGP",2.58268601455229,2.89482154995326,0.2345
"699",10,4,15,"SGP",12.0604340597636,5.99991016511,0.01
"700",10,4,16,"SGP",8.72701230339874,4.58650179403682,0.0265
"701",10,4,17,"SGP",1.96557106524889,3.00494969858387,0.636
"702",10,4,18,"SGP",15.931273381922,7.08246618465077,0.0025
"703",10,4,19,"SGP",5.32627267257782,3.57963715360827,0.866
"704",10,4,20,"SGP",1.87417845556097,2.99771787851967,0.539
"705",10,4,21,"SGP",9.56534819850398,4.34519656090896,0.026
"706",10,4,22,"SGP",4.07783164547759,3.37617369898217,0.803
"707",10,4,23,"SGP",7.54043219498469,4.19737519964078,0.931
"708",10,4,24,"SGP",2.39198693213746,3.15335350203914,0.6285
"709",10,4,25,"SGP",2.26216162008699,3.07974964831807,0.357
"710",10,4,26,"SGP",1.84062299555047,2.96962079646876,0.5335
"711",10,4,27,"SGP",2.19274604445556,3.00389367069441,0.33
"712",10,4,28,"SGP",2.0271973795798,3.01362690297368,0.578
"713",10,4,29,"SGP",3.78956184599558,3.29571200237179,0.223
"714",10,4,30,"SGP",2.00474484638227,3.0259059123797,0.4975
"715",10,4,31,"SGP",2.07674050644133,3.07435857403534,0.396
"716",10,4,32,"SGP",1.8481347533148,2.91314448345619,0.6285
"717",10,4,33,"SGP",1.76365937214849,2.93732074216617,0.4995
"718",10,4,34,"SGP",2.25288572072689,2.95794582190975,0.6675
"719",10,4,35,"SGP",1.81014056879045,2.91044973351526,0.3865
"720",10,4,36,"SGP",3.93201690067607,3.33624763372498,0.8465
"721",10,4,37,"SGP",1.68200832891306,2.9163524657595,0.6065
"722",10,4,38,"SGP",1.97482229002284,2.89673611449014,0.3245
"723",10,4,1,"SGP50",3.74408021520517,3.67062609958808,0.637
"724",10,4,2,"SGP50",3.41724292943506,3.33752925646156,0.734
"725",10,4,3,"SGP50",2.97687207083619,3.07395770447446,0.6905
"726",10,4,4,"SGP50",3.78851470358814,3.23160045623553,0.7505
"727",10,4,5,"SGP50",3.03408409723485,3.59420359102188,0.389
"728",10,4,6,"SGP50",7.12132204746624,3.82827271802099,0.904
"729",10,4,7,"SGP50",3.26514331406025,3.58399771514296,0.4685
"730",10,4,8,"SGP50",6.47382731864518,4.07599986802623,0.282
"731",10,4,9,"SGP50",2.96114595896608,3.28748661650564,0.594
"732",10,4,10,"SGP50",2.99484340865736,3.36492852704759,0.5925
"733",10,4,11,"SGP50",2.88751306732378,3.45010726766668,0.4875
"734",10,4,12,"SGP50",12.3499197027007,4.99085961543734,0.985
"735",10,4,13,"SGP50",3.58157314113995,3.36463048336498,0.539
"736",10,4,14,"SGP50",3.07222042136252,3.29005101955562,0.5
"737",10,4,15,"SGP50",6.5069785227247,4.41085896716811,0.23
"738",10,4,16,"SGP50",5.16146203327728,3.99480340677966,0.205
"739",10,4,17,"SGP50",2.28276506171033,3.13298497561107,0.5905
"740",10,4,18,"SGP50",14.1728618269532,5.885106235853,0.06
"741",10,4,19,"SGP50",3.37583614093448,3.57066204963656,0.6595
"742",10,4,20,"SGP50",2.49443025806925,3.25508691048692,0.4205
"743",10,4,21,"SGP50",10.5597693747749,4.57906736334487,0.062
"744",10,4,22,"SGP50",2.77191505226001,3.42973441092831,0.6195
"745",10,4,23,"SGP50",5.33181973044113,3.68582830710099,0.8105
"746",10,4,24,"SGP50",2.59007824392497,3.23358712704045,0.61
"747",10,4,25,"SGP50",2.46026836465971,3.15352169072033,0.4115
"748",10,4,26,"SGP50",2.10916704804084,3.07481340591542,0.518
"749",10,4,27,"SGP50",2.51739363993259,3.2269368391985,0.332
"750",10,4,28,"SGP50",2.08960154727268,3.074012822268,0.548
"751",10,4,29,"SGP50",3.51510165621479,3.35242807703052,0.2545
"752",10,4,30,"SGP50",2.09390252115493,3.11598183962972,0.432
"753",10,4,31,"SGP50",2.12825199071965,3.04555573657398,0.3725
"754",10,4,32,"SGP50",1.68812301435232,2.87898991921966,0.5215
"755",10,4,33,"SGP50",1.88155810932555,3.03852133495389,0.435
"756",10,4,34,"SGP50",1.77707322246421,2.96358976399536,0.5905
"757",10,4,35,"SGP50",2.0961577866228,2.87706054940238,0.334
"758",10,4,36,"SGP50",2.64794973312131,3.01978967443481,0.75
"759",10,4,37,"SGP50",1.65549582679878,2.85287312586543,0.6245
"760",10,4,38,"SGP50",1.73340380812966,2.79054785411266,0.3605
"761",10,5,1,"BMA",1.76247390965918,2.90500613488,0.4955
"762",10,5,2,"BMA",2.07113085123462,2.78928050994124,0.801
"763",10,5,3,"BMA",2.23752749079001,2.87411888928364,0.88
"764",10,5,4,"BMA",5.32999815167848,4.79618027985375,0.973
"765",10,5,5,"BMA",4.83100870935529,3.67811486372543,0.884
"766",10,5,6,"BMA",3.00986986682607,2.94725841051255,0.753
"767",10,5,7,"BMA",7.01750163623182,4.5959702886958,0.093
"768",10,5,8,"BMA",3.36071525235306,3.39169136821523,0.311
"769",10,5,9,"BMA",2.61313297757687,3.27761682018158,0.5035
"770",10,5,10,"BMA",3.17484792800944,3.29558091758277,0.675
"771",10,5,11,"BMA",7.88259925392654,3.94776600267,0.919
"772",10,5,12,"BMA",2.90671437249546,3.18943546613393,0.64
"773",10,5,13,"BMA",3.48703521508745,3.24722000993451,0.7835
"774",10,5,14,"BMA",2.69724981809315,3.01887240265614,0.7175
"775",10,5,15,"BMA",1.62228533688865,2.8168361609749,0.5535
"776",10,5,16,"BMA",1.63345712337115,2.89140214186793,0.4025
"777",10,5,17,"BMA",4.11469229833705,3.34526328887568,0.909
"778",10,5,18,"BMA",2.40265665271459,3.01157796525797,0.2515
"779",10,5,19,"BMA",3.90074640197241,3.26038376538626,0.157
"780",10,5,20,"BMA",5.06808861428167,3.62078759347723,0.089
"781",10,5,21,"BMA",3.67181129895409,3.20728220534706,0.156
"782",10,5,22,"BMA",3.55020026557057,3.19277009747581,0.165
"783",10,5,23,"BMA",1.50427516893917,2.73929057779281,0.452
"784",10,5,24,"BMA",1.68300241153139,2.76458780311874,0.6515
"785",10,5,25,"BMA",3.04009223600487,3.03530845773698,0.19
"786",10,5,26,"BMA",4.26396874466762,3.46223614323962,0.114
"787",10,5,27,"BMA",1.81413398935361,2.85295810613627,0.3035
"788",10,5,28,"BMA",1.92052190944206,2.82086717028726,0.331
"789",10,5,29,"BMA",1.3259584928129,2.64048670574126,0.434
"790",10,5,30,"BMA",2.23231358851702,2.92366218093494,0.2405
"791",10,5,31,"BMA",5.70729563142581,3.88949011460679,0.05
"792",10,5,32,"BMA",1.74497101447223,2.75072738544596,0.372
"793",10,5,33,"BMA",1.32856269558871,2.73337940897098,0.4845
"794",10,5,34,"BMA",1.77278873460113,2.76439870170318,0.6885
"795",10,5,35,"BMA",6.6219789180389,4.07476256515651,0.036
"796",10,5,36,"BMA",1.35313047022013,2.6695728201736,0.445
"797",10,5,37,"BMA",1.22761354773156,2.57889462867849,0.526
"798",10,5,38,"BMA",2.67472193643869,3.05538863609509,0.8165
"799",10,5,1,"AVS",1.76247390965918,2.8974026997746,0.512
"800",10,5,2,"AVS",2.33463368826278,2.78220772778113,0.885
"801",10,5,3,"AVS",2.08220755833795,2.70949602078512,0.9195
"802",10,5,4,"AVS",5.30011224751287,5.59661992611359,0.993
"803",10,5,5,"AVS",4.04028005929002,3.69849016089152,0.928
"804",10,5,6,"AVS",1.26001095473195,2.28635085322181,0.6915
"805",10,5,7,"AVS",9.26199872157745,6.65960582576991,0.0045
"806",10,5,8,"AVS",3.59414310825102,3.29181817339313,0.2345
"807",10,5,9,"AVS",1.69197107505595,2.71342126251922,0.428
"808",10,5,10,"AVS",1.48545177862225,2.6548530057485,0.344
"809",10,5,11,"AVS",1.79159296384812,2.50880568759424,0.7675
"810",10,5,12,"AVS",4.5518122096826,3.55117478660866,0.0335
"811",10,5,13,"AVS",1.34913292370741,2.50931376138463,0.277
"812",10,5,14,"AVS",1.39490401232267,2.42505486865817,0.2905
"813",10,5,15,"AVS",2.34810359549186,2.70610161210002,0.1295
"814",10,5,16,"AVS",3.7814689864976,3.17259687610943,0.069
"815",10,5,17,"AVS",2.95703698195619,2.97108921613071,0.892
"816",10,5,18,"AVS",5.53179207708939,4.45176948569767,0.0185
"817",10,5,19,"AVS",7.9001984629387,5.85287769213234,0.0055
"818",10,5,20,"AVS",4.0474452371301,3.41828990017043,0.0915
"819",10,5,21,"AVS",1.14199782388598,2.52355786051517,0.487
"820",10,5,22,"AVS",1.02490783825926,2.41355147876859,0.496
"821",10,5,23,"AVS",3.17689649434306,3.13636206567116,0.874
"822",10,5,24,"AVS",3.51534193644729,3.26257228518844,0.9235
"823",10,5,25,"AVS",3.1686378504212,3.05728810675498,0.1135
"824",10,5,26,"AVS",2.58024030673125,2.86689545604011,0.1625
"825",10,5,27,"AVS",1.40986869933258,2.5182180998272,0.6715
"826",10,5,28,"AVS",1.07255071978973,2.4384399574147,0.575
"827",10,5,29,"AVS",1.50140176681492,2.60481016772748,0.72
"828",10,5,30,"AVS",1.16707771904538,2.3998732107063,0.3435
"829",10,5,31,"AVS",3.77613635130807,3.32303805844829,0.0915
"830",10,5,32,"AVS",1.20585451061556,2.46983320159372,0.6645
"831",10,5,33,"AVS",1.7489176042956,2.60178265810849,0.7645
"832",10,5,34,"AVS",2.92525439357702,3.02156785180861,0.8825
"833",10,5,35,"AVS",6.09174094962067,4.32710594603618,0.019
"834",10,5,36,"AVS",1.7197718519461,2.6048083648509,0.7625
"835",10,5,37,"AVS",1.64946110556527,2.65909594931397,0.731
"836",10,5,38,"AVS",3.83158428999559,3.31531799814776,0.915
"837",10,5,1,"EQW",1.76247390965918,2.93581165314185,0.485
"838",10,5,2,"EQW",1.97107756678406,2.89142034089462,0.7085
"839",10,5,3,"EQW",2.39142990643146,3.07793902990051,0.7785
"840",10,5,4,"EQW",5.46257175594097,4.03662916444551,0.9095
"841",10,5,5,"EQW",5.64971749025899,3.81875331056116,0.9065
"842",10,5,6,"EQW",4.64374152005621,3.20135940772871,0.818
"843",10,5,7,"EQW",3.19521399909753,3.4741312478824,0.3885
"844",10,5,8,"EQW",2.14020485149281,3.11253121573163,0.425
"845",10,5,9,"EQW",2.04994510610035,3.02864792784779,0.5385
"846",10,5,10,"EQW",2.22465786678289,2.99728200887147,0.6015
"847",10,5,11,"EQW",5.44166514183041,3.38156808352153,0.8755
"848",10,5,12,"EQW",2.646668192579,3.4227723634699,0.5465
"849",10,5,13,"EQW",3.21984527811046,3.18933027226777,0.705
"850",10,5,14,"EQW",3.55812131582159,3.19749035105061,0.7055
"851",10,5,15,"EQW",3.13238571830266,3.19851431762791,0.649
"852",10,5,16,"EQW",2.76125965752514,3.28781076121214,0.5545
"853",10,5,17,"EQW",6.7268835507968,3.59287697766392,0.9285
"854",10,5,18,"EQW",3.32830880294991,3.61863452295419,0.5315
"855",10,5,19,"EQW",2.98146032671637,3.56767997860426,0.4035
"856",10,5,20,"EQW",3.06972163279588,3.43527340961253,0.288
"857",10,5,21,"EQW",2.37770123882998,3.12992345154257,0.375
"858",10,5,22,"EQW",2.40431403106492,3.1129920666689,0.348
"859",10,5,23,"EQW",2.10393061034058,3.12106228772939,0.593
"860",10,5,24,"EQW",3.56884074057442,3.2010137158805,0.7975
"861",10,5,25,"EQW",2.26210848897171,3.17601462388032,0.4525
"862",10,5,26,"EQW",2.24987961590044,3.11175190473715,0.3895
"863",10,5,27,"EQW",1.84062331152668,2.90352858471388,0.5685
"864",10,5,28,"EQW",1.84111782389863,2.94371491309267,0.5625
"865",10,5,29,"EQW",2.42439441816072,2.91843673828381,0.699
"866",10,5,30,"EQW",1.87031828765019,2.94006333813024,0.559
"867",10,5,31,"EQW",2.64551887576692,3.33295883110895,0.2735
"868",10,5,32,"EQW",1.52698590793893,2.82189521574916,0.491
"869",10,5,33,"EQW",1.52052558287651,2.71943370709357,0.596
"870",10,5,34,"EQW",2.81068510006249,3.01953423537871,0.793
"871",10,5,35,"EQW",3.25627173010347,3.33004675150348,0.224
"872",10,5,36,"EQW",1.29554291103975,2.61579445737896,0.5215
"873",10,5,37,"EQW",1.40031120949012,2.61139986170481,0.6015
"874",10,5,38,"EQW",3.85585338852462,3.34472759576646,0.8875
"875",10,5,1,"SGP",1.76247390965918,2.94193700965918,0.499
"876",10,5,2,"SGP",2.23968407805065,2.76525368048224,0.863
"877",10,5,3,"SGP",2.16599626582917,2.77161612611235,0.9135
"878",10,5,4,"SGP",5.38724784912754,5.11567945298533,0.9905
"879",10,5,5,"SGP",4.32480780980805,3.97822598215337,0.9635
"880",10,5,6,"SGP",0.911702523042888,2.10589093572961,0.669
"881",10,5,7,"SGP",8.98523099882168,6.24189724302359,0.0175
"882",10,5,8,"SGP",2.28937598260767,2.78902353351766,0.175
"883",10,5,9,"SGP",1.22244762240478,2.3472924371864,0.3475
"884",10,5,10,"SGP",1.51617997150112,2.53948437450519,0.2795
"885",10,5,11,"SGP",1.75826462363542,2.51862876311001,0.774
"886",10,5,12,"SGP",4.4307030828911,3.65296307915264,0.053
"887",10,5,13,"SGP",1.33275109137714,2.4729494730255,0.295
"888",10,5,14,"SGP",1.37542888803524,2.38226328519859,0.3005
"889",10,5,15,"SGP",2.30227019530152,2.66613833016513,0.166
"890",10,5,16,"SGP",3.70933957290583,3.36108979132018,0.0685
"891",10,5,17,"SGP",2.98221169470195,3.12602407443542,0.9085
"892",10,5,18,"SGP",5.43888704202901,4.39635518908352,0.0305
"893",10,5,19,"SGP",7.8069058254661,5.5393249873325,0.009
"894",10,5,20,"SGP",3.86998741876668,3.47091330975117,0.0885
"895",10,5,21,"SGP",1.10545387693272,2.47514190658713,0.5225
"896",10,5,22,"SGP",1.03091206675603,2.41604502939914,0.4955
"897",10,5,23,"SGP",3.14198975085058,3.00525164733731,0.8765
"898",10,5,24,"SGP",3.50702461833133,3.25426546047223,0.9125
"899",10,5,25,"SGP",3.15244959512488,3.04144875005611,0.099
"900",10,5,26,"SGP",2.5467197684701,2.82674197723855,0.171
"901",10,5,27,"SGP",1.41063287669271,2.50865605050658,0.6475
"902",10,5,28,"SGP",1.07551152290184,2.49292672744921,0.569
"903",10,5,29,"SGP",1.50306757182569,2.50715090467693,0.721
"904",10,5,30,"SGP",1.16947552213867,2.45961130384602,0.329
"905",10,5,31,"SGP",3.77114980051963,3.34427858250561,0.0765
"906",10,5,32,"SGP",1.2027821431893,2.44340770124299,0.6685
"907",10,5,33,"SGP",1.73679792952704,2.60718823702842,0.7595
"908",10,5,34,"SGP",2.91135287973315,2.9788819406127,0.8755
"909",10,5,35,"SGP",6.06670428473663,4.26264036678619,0.0175
"910",10,5,36,"SGP",1.70458212639821,2.61701138502001,0.757
"911",10,5,37,"SGP",1.63999835061843,2.54482319647922,0.729
"912",10,5,38,"SGP",3.82053820838648,3.26462354914241,0.913
"913",10,5,1,"SGP50",1.76247390965918,2.89573576470035,0.489
"914",10,5,2,"SGP50",1.97320097911102,2.90520945778958,0.724
"915",10,5,3,"SGP50",2.40492210587384,3.04924473895055,0.7685
"916",10,5,4,"SGP50",5.49654197436557,4.0430879238885,0.9135
"917",10,5,5,"SGP50",5.54248233906347,3.77552827729576,0.905
"918",10,5,6,"SGP50",4.19484305739201,3.08770226495088,0.816
"919",10,5,7,"SGP50",3.48593245702004,3.62290496714133,0.349
"920",10,5,8,"SGP50",2.07539072332664,3.14101109573914,0.376
"921",10,5,9,"SGP50",1.84022113296855,2.88334789799007,0.5065
"922",10,5,10,"SGP50",1.90737011134674,3.0088045651381,0.559
"923",10,5,11,"SGP50",4.47927319270359,3.17375972398313,0.864
"924",10,5,12,"SGP50",2.40195967411315,3.32334983294554,0.429
"925",10,5,13,"SGP50",2.26162282016697,3.03225832445079,0.63
"926",10,5,14,"SGP50",2.31372680940347,2.97771974336596,0.6195
"927",10,5,15,"SGP50",2.09466627861713,3.00896304272939,0.4685
"928",10,5,16,"SGP50",2.19747682771883,3.21068788500738,0.4265
"929",10,5,17,"SGP50",4.87535070785342,3.4400193158044,0.924
"930",10,5,18,"SGP50",2.8805864050572,3.54035183971952,0.36
"931",10,5,19,"SGP50",3.99790950746441,3.8225094848057,0.2355
"932",10,5,20,"SGP50",3.63265601747422,3.40643712557883,0.18
"933",10,5,21,"SGP50",2.00388620903997,2.89562723403921,0.373
"934",10,5,22,"SGP50",1.95838886259881,2.8922900251932,0.336
"935",10,5,23,"SGP50",2.04853209146776,3.05240240721434,0.642
"936",10,5,24,"SGP50",3.01269103296028,3.13451483403894,0.808
"937",10,5,25,"SGP50",2.39786341786471,3.12925253416661,0.2835
"938",10,5,26,"SGP50",2.55063850925723,3.0549339899321,0.2615
"939",10,5,27,"SGP50",1.44531727257762,2.73294558152977,0.5565
"940",10,5,28,"SGP50",1.33574380688442,2.66696725802036,0.5195
"941",10,5,29,"SGP50",1.65155666322509,2.68157413722153,0.638
"942",10,5,30,"SGP50",1.41122521667483,2.64687239767411,0.393
"943",10,5,31,"SGP50",3.5236339802688,3.28255432869204,0.1615
"944",10,5,32,"SGP50",1.31886546613916,2.64519597340987,0.498
"945",10,5,33,"SGP50",1.39998392227385,2.68485534449101,0.617
"946",10,5,34,"SGP50",2.43068921740658,2.90218541998502,0.816
"947",10,5,35,"SGP50",4.85007921230114,3.78508083567637,0.1035
"948",10,5,36,"SGP50",1.29783643081652,2.64591819094384,0.5935
"949",10,5,37,"SGP50",1.33973584534892,2.58617906792881,0.6275
"950",10,5,38,"SGP50",3.4230099181817,3.27479789659147,0.888
"951",10,6,1,"BMA",4.17618727909524,3.72316293912857,0.4935
"952",10,6,2,"BMA",11.4695869165009,5.67362510693089,0.9075
"953",10,6,3,"BMA",12.4475002398899,4.48008484525326,0.788
"954",10,6,4,"BMA",5.59538330608983,4.02187345118617,0.599
"955",10,6,5,"BMA",10.0001367026716,4.29266260628439,0.217
"956",10,6,6,"BMA",5.94121136898909,4.10355597138046,0.67
"957",10,6,7,"BMA",6.02816681832139,4.08585554440601,0.346
"958",10,6,8,"BMA",10.2006852823745,4.27527830285943,0.4835
"959",10,6,9,"BMA",7.96492401298442,3.99712607354495,0.6235
"960",10,6,10,"BMA",5.9121653527439,4.09410612310431,0.3585
"961",10,6,11,"BMA",4.41130885100828,3.88344874993641,0.5455
"962",10,6,12,"BMA",4.19692255173151,3.62858461069462,0.3295
"963",10,6,13,"BMA",3.12710206121218,3.53836517596824,0.557
"964",10,6,14,"BMA",3.0737765441696,3.45933657567932,0.6385
"965",10,6,15,"BMA",6.5440175110696,3.6968634118771,0.8575
"966",10,6,16,"BMA",2.27759424745201,3.12857204073805,0.6145
"967",10,6,17,"BMA",2.2351190808122,3.14001111127584,0.6485
"968",10,6,18,"BMA",3.27293590550215,3.18162274652363,0.8015
"969",10,6,19,"BMA",5.37781505434565,3.62235632774485,0.91
"970",10,6,20,"BMA",2.95680391229309,3.13208882917748,0.7875
"971",10,6,21,"BMA",1.66513205301094,2.77332817301957,0.6495
"972",10,6,22,"BMA",2.46193014811445,2.78773384519718,0.195
"973",10,6,23,"BMA",1.2209414546633,2.43166027772511,0.658
"974",10,6,24,"BMA",1.69474964397925,2.62147656594639,0.758
"975",10,6,25,"BMA",1.15766988813755,2.41162866361749,0.687
"976",10,6,26,"BMA",0.825912568840995,2.27189999757645,0.518
"977",10,6,27,"BMA",1.19228758930419,2.1980634104676,0.271
"978",10,6,28,"BMA",3.54075664295384,3.33882141417154,0.032
"979",10,6,29,"BMA",2.56638161623378,2.79409592427507,0.0695
"980",10,6,30,"BMA",3.03044035865112,3.23362592267394,0.03
"981",10,6,31,"BMA",2.67832817838139,3.37374775351376,0.0195
"982",10,6,32,"BMA",1.09001571131721,2.00598186701526,0.198
"983",10,6,33,"BMA",0.538683874900244,1.74395333881431,0.5775
"984",10,6,34,"BMA",0.428337937767296,1.51930409432609,0.542
"985",10,6,35,"BMA",0.747599793143435,1.63856826409043,0.2115
"986",10,6,36,"BMA",0.870617555663047,1.63897390792327,0.151
"987",10,6,37,"BMA",1.11422962219377,1.97140622930728,0.0885
"988",10,6,38,"BMA",1.56572995018151,2.53208284906896,0.024
"989",10,6,1,"AVS",4.17618727909524,3.64317267928705,0.4865
"990",10,6,2,"AVS",12.1968669492511,8.20729007733034,0.995
"991",10,6,3,"AVS",6.86086071870007,4.16540057949865,0.7065
"992",10,6,4,"AVS",5.15304833268291,3.92775818559431,0.607
"993",10,6,5,"AVS",10.2262182750244,4.31788175059946,0.212
"994",10,6,6,"AVS",5.80814596707251,3.97939615605649,0.658
"995",10,6,7,"AVS",6.0401523189983,4.05950800639309,0.3405
"996",10,6,8,"AVS",10.2876941277127,4.25748263654002,0.502
"997",10,6,9,"AVS",8.04538271999999,4.12915340949478,0.63
"998",10,6,10,"AVS",5.88367,4.11131051742735,0.3645
"999",10,6,11,"AVS",4.4039624,3.89695291287747,0.5475
"1000",10,6,12,"AVS",4.1389536,3.63636890620009,0.346
"1001",10,6,13,"AVS",3.1233448,3.49708607776875,0.584
"1002",10,6,14,"AVS",3.0753776,3.39122063340616,0.647
"1003",10,6,15,"AVS",6.5529528,3.70236274689293,0.8695
"1004",10,6,16,"AVS",2.2773712,3.15182683146555,0.6005
"1005",10,6,17,"AVS",2.23517288,3.10440611112308,0.6425
"1006",10,6,18,"AVS",3.2731562,3.20614731111362,0.7915
"1007",10,6,19,"AVS",5.37805432,3.61148498723232,0.8975
"1008",10,6,20,"AVS",2.95689156,3.11245349609248,0.7955
"1009",10,6,21,"AVS",1.66513684,2.79918962308935,0.656
"1010",10,6,22,"AVS",2.46190908,2.88178672758537,0.185
"1011",10,6,23,"AVS",1.22094248,2.50318261182863,0.648
"1012",10,6,24,"AVS",1.69475596,2.61251966800792,0.757
"1013",10,6,25,"AVS",1.157673,2.38672818096691,0.689
"1014",10,6,26,"AVS",0.82591172,2.20816527078799,0.5135
"1015",10,6,27,"AVS",1.19228528,2.22918305250906,0.278
"1016",10,6,28,"AVS",3.54075972,3.47458920808742,0.033
"1017",10,6,29,"AVS",2.56638388,2.7848368851841,0.0725
"1018",10,6,30,"AVS",3.03044028,3.31928677211647,0.0305
"1019",10,6,31,"AVS",2.67831628,3.2178558743022,0.0265
"1020",10,6,32,"AVS",1.09000246,1.98823137932662,0.2055
"1021",10,6,33,"AVS",0.538685196,1.75736917743536,0.593
"1022",10,6,34,"AVS",0.428336852,1.53739691457011,0.553
"1023",10,6,35,"AVS",0.747608548,1.62466401956614,0.222
"1024",10,6,36,"AVS",0.870632236,1.59592297472136,0.161
"1025",10,6,37,"AVS",1.114258636,1.93911682253796,0.1035
"1026",10,6,38,"AVS",1.565810992,2.43922230096034,0.0335
"1027",10,6,1,"EQW",4.17618727909524,3.72983420370077,0.49
"1028",10,6,2,"EQW",11.4713586598646,4.86400024789849,0.837
"1029",10,6,3,"EQW",18.1720082926895,5.04239880593365,0.912
"1030",10,6,4,"EQW",11.6107318429385,4.23319966332635,0.702
"1031",10,6,5,"EQW",9.3499762211954,4.69557525901613,0.4585
"1032",10,6,6,"EQW",13.3104730356693,4.30548875707032,0.818
"1033",10,6,7,"EQW",8.41014799494182,4.63889988750094,0.4475
"1034",10,6,8,"EQW",8.83206142528364,4.60389565890677,0.4585
"1035",10,6,9,"EQW",7.53773583533024,4.34989054492741,0.4965
"1036",10,6,10,"EQW",6.15709827970263,4.24698190656167,0.4125
"1037",10,6,11,"EQW",5.37846692030523,4.00479034263199,0.58
"1038",10,6,12,"EQW",5.9098463156319,4.07828989813957,0.3545
"1039",10,6,13,"EQW",4.22039022749281,3.77324361840361,0.565
"1040",10,6,14,"EQW",3.68972370316995,3.63653085971717,0.538
"1041",10,6,15,"EQW",4.71863109638521,3.80344768494156,0.6745
"1042",10,6,16,"EQW",4.07434895745731,3.67816312385072,0.3865
"1043",10,6,17,"EQW",2.95794733026231,3.35802781874006,0.516
"1044",10,6,18,"EQW",3.03970099855641,3.47822024197128,0.592
"1045",10,6,19,"EQW",2.87333313056914,3.39377827728782,0.62
"1046",10,6,20,"EQW",2.73558966140935,3.2690485926026,0.459
"1047",10,6,21,"EQW",2.42576827535998,3.0442435784726,0.4025
"1048",10,6,22,"EQW",4.42400288604571,3.39278215255499,0.1625
"1049",10,6,23,"EQW",1.89149300916135,2.83357296575419,0.533
"1050",10,6,24,"EQW",1.82944231690507,2.93621557340791,0.516
"1051",10,6,25,"EQW",1.99002564253914,2.85930710177079,0.4385
"1052",10,6,26,"EQW",1.87924203984869,2.77126153948089,0.382
"1053",10,6,27,"EQW",1.78590159982936,2.67097866354761,0.354
"1054",10,6,28,"EQW",2.91491710089664,3.47561249494955,0.2275
"1055",10,6,29,"EQW",2.09431518861023,3.03705447864115,0.3125
"1056",10,6,30,"EQW",2.42826440829239,3.26666736764192,0.24
"1057",10,6,31,"EQW",2.22570828762687,3.14614034726726,0.257
"1058",10,6,32,"EQW",1.42319880554381,2.60872546147084,0.371
"1059",10,6,33,"EQW",1.13849127359985,2.31959642628139,0.537
"1060",10,6,34,"EQW",1.1118683752232,2.14017281982575,0.495
"1061",10,6,35,"EQW",1.20393746848863,2.23973624765727,0.3445
"1062",10,6,36,"EQW",1.06065910108212,2.1865631180052,0.3535
"1063",10,6,37,"EQW",1.10704044445298,2.20274035737393,0.3325
"1064",10,6,38,"EQW",1.23124285881273,2.4879923104664,0.2805
"1065",10,6,1,"SGP",4.17618727909524,3.62651594399081,0.503
"1066",10,6,2,"SGP",11.842383072968,6.96822210959845,0.983
"1067",10,6,3,"SGP",15.700768761082,7.402429957136,0.9945
"1068",10,6,4,"SGP",2.39958843738258,3.02700391183455,0.3
"1069",10,6,5,"SGP",16.0418245558923,6.59978121170028,0.006
"1070",10,6,6,"SGP",4.02633647699501,3.37469846595757,0.767
"1071",10,6,7,"SGP",17.428508895503,5.71159719954336,0.0135
"1072",10,6,8,"SGP",20.4294580699803,6.05763130918266,0.014
"1073",10,6,9,"SGP",15.822035859917,4.86892673925374,0.0425
"1074",10,6,10,"SGP",7.40392270380477,3.99609547816808,0.144
"1075",10,6,11,"SGP",3.64065078185398,3.54419209737303,0.625
"1076",10,6,12,"SGP",7.84570239838627,3.92016861513014,0.1665
"1077",10,6,13,"SGP",4.30545347614061,3.6787848937945,0.7325
"1078",10,6,14,"SGP",2.87111620122753,3.45626187705005,0.474
"1079",10,6,15,"SGP",3.91021288976594,3.46331376634026,0.742
"1080",10,6,16,"SGP",6.25270137105412,3.79360682853108,0.1735
"1081",10,6,17,"SGP",3.69994317432693,3.37606705647489,0.707
"1082",10,6,18,"SGP",4.17593666886332,3.50168323936704,0.747
"1083",10,6,19,"SGP",2.08548682963189,3.01244663732887,0.478
"1084",10,6,20,"SGP",4.27093241773769,3.43148389950225,0.194
"1085",10,6,21,"SGP",3.60700040880364,3.30548723310311,0.2415
"1086",10,6,22,"SGP",4.75933710448623,3.50197103957691,0.1625
"1087",10,6,23,"SGP",3.00863399493231,3.15849891812354,0.7335
"1088",10,6,24,"SGP",2.23616358212254,3.12824662963163,0.38
"1089",10,6,25,"SGP",4.88938402990666,3.59958151453545,0.1605
"1090",10,6,26,"SGP",3.46056715172681,3.2947215261082,0.238
"1091",10,6,27,"SGP",2.0371719066603,3.08508817805213,0.5055
"1092",10,6,28,"SGP",2.17255692789224,3.20243587712905,0.439
"1093",10,6,29,"SGP",2.63354944605329,3.12860756618193,0.666
"1094",10,6,30,"SGP",1.94340742980033,3.10265315390803,0.507
"1095",10,6,31,"SGP",1.71329115290216,2.9987917113617,0.5105
"1096",10,6,32,"SGP",1.89218782851357,3.09031989611144,0.614
"1097",10,6,33,"SGP",1.89123790072344,2.98883623174361,0.552
"1098",10,6,34,"SGP",2.06771729280021,3.15205341996666,0.425
"1099",10,6,35,"SGP",1.83359691796838,2.94596282194461,0.3975
"1100",10,6,36,"SGP",1.45000715843381,2.88857497775614,0.5235
"1101",10,6,37,"SGP",1.47165067674453,2.88561176789107,0.497
"1102",10,6,38,"SGP",1.30152073086062,2.55234165092506,0.503
"1103",10,6,1,"SGP50",4.17618727909524,3.69947313886772,0.481
"1104",10,6,2,"SGP50",11.6838440107947,4.82767357719255,0.846
"1105",10,6,3,"SGP50",17.9712840608091,5.18349634210797,0.9255
"1106",10,6,4,"SGP50",8.33126139085538,3.97785564191745,0.615
"1107",10,6,5,"SGP50",9.24393502440958,4.89632736289494,0.3105
"1108",10,6,6,"SGP50",7.46270884181597,3.84549061477488,0.8025
"1109",10,6,7,"SGP50",10.3686302403565,4.75291063254027,0.2285
"1110",10,6,8,"SGP50",12.1792293086255,4.7818402277221,0.2245
"1111",10,6,9,"SGP50",9.68371661228183,4.50900968622413,0.2435
"1112",10,6,10,"SGP50",6.72696643368492,3.96905068861538,0.2455
"1113",10,6,11,"SGP50",3.93127178284923,3.64927055193087,0.5905
"1114",10,6,12,"SGP50",7.26606402366955,4.00082569607232,0.183
"1115",10,6,13,"SGP50",3.94407631212827,3.70827285819446,0.645
"1116",10,6,14,"SGP50",3.10648824356143,3.54853349155782,0.488
"1117",10,6,15,"SGP50",4.08042436108567,3.58325960940578,0.7025
"1118",10,6,16,"SGP50",5.25911649472973,3.70825308057802,0.245
"1119",10,6,17,"SGP50",3.21624782478414,3.40409009811817,0.623
"1120",10,6,18,"SGP50",3.65225565436146,3.50462990749693,0.722
"1121",10,6,19,"SGP50",2.33562081382992,3.23854927923666,0.5495
"1122",10,6,20,"SGP50",3.35627924620368,3.3694041900361,0.3185
"1123",10,6,21,"SGP50",2.96120397021981,3.16905295270562,0.3225
"1124",10,6,22,"SGP50",4.44563450166943,3.3877696375107,0.163
"1125",10,6,23,"SGP50",2.39477428326613,2.98377796520094,0.6545
"1126",10,6,24,"SGP50",1.94795445441565,3.00890046377308,0.465
"1127",10,6,25,"SGP50",3.18496397292143,3.17475719439728,0.275
"1128",10,6,26,"SGP50",2.49591579510973,2.96037390822583,0.318
"1129",10,6,27,"SGP50",1.75714519697667,2.84742617620388,0.4195
"1130",10,6,28,"SGP50",2.36566902281382,3.21344820721837,0.319
"1131",10,6,29,"SGP50",1.97476879386456,3.06581307055459,0.4805
"1132",10,6,30,"SGP50",2.00817928190269,3.22567682032914,0.3235
"1133",10,6,31,"SGP50",1.8051434068979,3.03889849914409,0.357
"1134",10,6,32,"SGP50",1.36541999108332,2.63392105930749,0.4595
"1135",10,6,33,"SGP50",1.24189802931942,2.37800027335237,0.551
"1136",10,6,34,"SGP50",1.2087572434904,2.36715954950251,0.497
"1137",10,6,35,"SGP50",1.19529765821012,2.2646506706907,0.35
"1138",10,6,36,"SGP50",0.985538950474854,2.21909523163525,0.381
"1139",10,6,37,"SGP50",1.06256508705543,2.30346147793601,0.33
"1140",10,6,38,"SGP50",1.20333347230165,2.46225830874107,0.272
"1141",10,7,1,"BMA",6.59922292948421,5.00977345726938,0.9825
"1142",10,7,2,"BMA",3.42251846753177,3.35873163084251,0.8825
"1143",10,7,3,"BMA",3.95896053521419,3.32658939663598,0.852
"1144",10,7,4,"BMA",1.5546875134135,2.78479632790912,0.5595
"1145",10,7,5,"BMA",2.32966333939386,3.03676886074802,0.7095
"1146",10,7,6,"BMA",1.88328898932559,2.75132378465485,0.374
"1147",10,7,7,"BMA",9.24047446381159,4.6012797321745,0.026
"1148",10,7,8,"BMA",6.65242434507327,3.90456489089872,0.054
"1149",10,7,9,"BMA",9.23588537006408,4.60950040892642,0.022
"1150",10,7,10,"BMA",1.99561646405139,2.7675253437004,0.308
"1151",10,7,11,"BMA",1.01977970198185,2.36353461791299,0.491
"1152",10,7,12,"BMA",0.942315053628354,2.35191406207365,0.656
"1153",10,7,13,"BMA",1.16472931363069,2.36394183440591,0.7375
"1154",10,7,14,"BMA",1.2975056171116,2.35447366558563,0.7815
"1155",10,7,15,"BMA",0.813791297197856,2.04281853918619,0.6745
"1156",10,7,16,"BMA",0.767554285420215,1.93617546698349,0.6555
"1157",10,7,17,"BMA",1.13488982802045,2.19639633369632,0.7665
"1158",10,7,18,"BMA",0.966273626168678,2.13100674261485,0.753
"1159",10,7,19,"BMA",1.4825402367507,2.46275008152813,0.857
"1160",10,7,20,"BMA",0.626315109111818,1.77399284967231,0.35
"1161",10,7,21,"BMA",0.84568469738725,2.07906398129423,0.728
"1162",10,7,22,"BMA",2.04848712910432,2.86852685599943,0.899
"1163",10,7,23,"BMA",5.3533249270826,4.64350602363556,0.9835
"1164",10,7,24,"BMA",3.8863556713635,3.38528015643791,0.8935
"1165",10,7,25,"BMA",1.13201746405002,2.41351428357209,0.339
"1166",10,7,26,"BMA",1.16618187698559,2.35109730508076,0.2885
"1167",10,7,27,"BMA",0.88267461608878,2.12166818368763,0.6385
"1168",10,7,28,"BMA",0.805720626560389,2.12963514737852,0.4165
"1169",10,7,29,"BMA",1.76029325810425,2.58436785332834,0.167
"1170",10,7,30,"BMA",1.25508516523844,2.27295263678527,0.727
"1171",10,7,31,"BMA",1.23433518826331,2.22317768008077,0.744
"1172",10,7,32,"BMA",4.37681511176135,4.02451085433721,0.974
"1173",10,7,33,"BMA",1.73322584327883,2.54313660191663,0.827
"1174",10,7,34,"BMA",1.21785289123696,2.30553143480169,0.733
"1175",10,7,35,"BMA",1.75800822826588,2.51593936229451,0.824
"1176",10,7,36,"BMA",5.26668979439521,4.29280347253662,0.986
"1177",10,7,37,"BMA",1.75909864439915,2.50571830741207,0.1835
"1178",10,7,38,"BMA",2.49059953720226,2.77951835123159,0.111
"1179",10,7,1,"AVS",6.59922292948421,5.69333245526062,0.983
"1180",10,7,2,"AVS",3.22745510880508,3.2299199332022,0.8675
"1181",10,7,3,"AVS",3.46371790809258,3.12821128343444,0.881
"1182",10,7,4,"AVS",1.1126281111724,2.58548087387329,0.5315
"1183",10,7,5,"AVS",3.59177686333325,3.31402419211875,0.881
"1184",10,7,6,"AVS",1.5326927241017,2.67433049765699,0.3765
"1185",10,7,7,"AVS",7.07607211553248,4.23716752403575,0.024
"1186",10,7,8,"AVS",1.35648788975104,2.48550327967735,0.3175
"1187",10,7,9,"AVS",4.73805756403215,3.62453563201719,0.051
"1188",10,7,10,"AVS",1.03707079454556,2.4199399802811,0.497
"1189",10,7,11,"AVS",1.1194485293374,2.47706555925317,0.3915
"1190",10,7,12,"AVS",1.04401178437916,2.42346687216567,0.51
"1191",10,7,13,"AVS",0.9383235446571,2.42673130390259,0.5065
"1192",10,7,14,"AVS",0.857503801864869,2.29839049510285,0.502
"1193",10,7,15,"AVS",0.983882076894394,2.29546291200033,0.3795
"1194",10,7,16,"AVS",0.848786398853934,2.26712559644592,0.4835
"1195",10,7,17,"AVS",0.980901344248395,2.30816061888652,0.614
"1196",10,7,18,"AVS",0.881846968817829,2.31009617194457,0.486
"1197",10,7,19,"AVS",0.944922349051095,2.16640602968732,0.627
"1198",10,7,20,"AVS",1.83949382016668,2.59012003970802,0.1905
"1199",10,7,21,"AVS",1.29260889625456,2.36076311724923,0.7535
"1200",10,7,22,"AVS",1.28583491645474,2.36386475023175,0.7235
"1201",10,7,23,"AVS",2.5189502485703,2.85912525868276,0.8745
"1202",10,7,24,"AVS",0.86261314644178,2.15260471691061,0.6215
"1203",10,7,25,"AVS",1.26722394934942,2.37753580538946,0.2655
"1204",10,7,26,"AVS",1.21759790047841,2.32196524309456,0.2505
"1205",10,7,27,"AVS",0.8561701492381,2.12483216801535,0.6265
"1206",10,7,28,"AVS",0.80872511548225,2.09418639500276,0.4105
"1207",10,7,29,"AVS",1.77714909103951,2.49551179777593,0.1595
"1208",10,7,30,"AVS",1.25889970415069,2.34577592924793,0.764
"1209",10,7,31,"AVS",1.21928298489064,2.18500570179318,0.739
"1210",10,7,32,"AVS",4.34243053034757,3.94376469882147,0.973
"1211",10,7,33,"AVS",1.72224811994989,2.58628825289065,0.8085
"1212",10,7,34,"AVS",1.21783720671326,2.37568012220744,0.725
"1213",10,7,35,"AVS",1.75906370122557,2.55714338499792,0.8205
"1214",10,7,36,"AVS",5.26724903475146,4.33034268581632,0.983
"1215",10,7,37,"AVS",1.75934993780214,2.55599749766775,0.189
"1216",10,7,38,"AVS",2.49053756384941,2.83168374251487,0.1165
"1217",10,7,1,"EQW",6.59922292948421,5.80521843646058,0.983
"1218",10,7,2,"EQW",3.97019844596738,3.35404789053256,0.8765
"1219",10,7,3,"EQW",3.90431979124484,3.26922155843858,0.8875
"1220",10,7,4,"EQW",1.35389271639852,2.59863652188654,0.5155
"1221",10,7,5,"EQW",3.0140686850442,3.34687342591668,0.81
"1222",10,7,6,"EQW",1.74230207054673,2.63778242927386,0.3205
"1223",10,7,7,"EQW",7.17076030875714,4.44376454564237,0.035
"1224",10,7,8,"EQW",2.35940998829244,2.8212359541709,0.279
"1225",10,7,9,"EQW",5.19600604048053,3.70703080148366,0.065
"1226",10,7,10,"EQW",1.25735835626535,2.56670001055356,0.419
"1227",10,7,11,"EQW",1.07319181172073,2.41782942328881,0.435
"1228",10,7,12,"EQW",0.928864420335078,2.35585860318779,0.56
"1229",10,7,13,"EQW",1.00059625548987,2.30440145982832,0.6325
"1230",10,7,14,"EQW",1.08169012513214,2.31066404514701,0.6685
"1231",10,7,15,"EQW",0.873264332344992,2.23555791745762,0.5685
"1232",10,7,16,"EQW",0.977025785366532,2.33083350409613,0.6535
"1233",10,7,17,"EQW",1.37774595700295,2.41062205763741,0.7515
"1234",10,7,18,"EQW",1.1986757810101,2.38495922090492,0.687
"1235",10,7,19,"EQW",1.64934368876014,2.58541433449416,0.784
"1236",10,7,20,"EQW",0.980513982465002,2.2996576821793,0.4055
"1237",10,7,21,"EQW",1.56616199211955,2.430691324009,0.799
"1238",10,7,22,"EQW",2.05390656533308,2.65494856177963,0.822
"1239",10,7,23,"EQW",4.24842302256214,3.42245997945969,0.9345
"1240",10,7,24,"EQW",2.64299242398571,2.71403140221751,0.769
"1241",10,7,25,"EQW",1.74660802373535,2.95893748404474,0.5545
"1242",10,7,26,"EQW",1.19391846924933,2.51388147864077,0.563
"1243",10,7,27,"EQW",1.85439669786871,2.56091766518643,0.7785
"1244",10,7,28,"EQW",1.11579605945064,2.37033363707895,0.607
"1245",10,7,29,"EQW",1.25685311131231,2.46901544093779,0.322
"1246",10,7,30,"EQW",1.36963690635084,2.3636982147819,0.753
"1247",10,7,31,"EQW",1.80577364332309,2.58019069301736,0.8045
"1248",10,7,32,"EQW",5.29597037213241,4.03279204624159,0.9675
"1249",10,7,33,"EQW",4.27035897203651,3.12711775077122,0.903
"1250",10,7,34,"EQW",3.94483542546423,2.95331427804702,0.864
"1251",10,7,35,"EQW",5.07811533195682,3.28242682828893,0.925
"1252",10,7,36,"EQW",9.16771005067781,4.87302906957242,0.992
"1253",10,7,37,"EQW",3.62526122196245,3.36982784596962,0.541
"1254",10,7,38,"EQW",2.49560186942636,3.04869596303656,0.5075
"1255",10,7,1,"SGP",6.59922292948421,5.55590170522292,0.986
"1256",10,7,2,"SGP",3.90421747524031,3.34337943754349,0.8625
"1257",10,7,3,"SGP",3.56880573755715,3.22949006185508,0.882
"1258",10,7,4,"SGP",1.06705931505282,2.53390427140035,0.508
"1259",10,7,5,"SGP",3.83597026520323,3.43859350811024,0.9085
"1260",10,7,6,"SGP",1.20894181548255,2.47350554005034,0.392
"1261",10,7,7,"SGP",6.19966320220531,4.37842904055577,0.015
"1262",10,7,8,"SGP",1.40321697983091,2.48999503734506,0.3205
"1263",10,7,9,"SGP",4.79184554880917,3.72734974380364,0.04
"1264",10,7,10,"SGP",1.05019913797078,2.46125825593508,0.51
"1265",10,7,11,"SGP",1.11888039755906,2.48751116638396,0.397
"1266",10,7,12,"SGP",1.02092269534419,2.4879024270325,0.4965
"1267",10,7,13,"SGP",0.943362470923811,2.42018169491544,0.4995
"1268",10,7,14,"SGP",0.88104795869901,2.29056531865605,0.539
"1269",10,7,15,"SGP",0.961727380086748,2.31829224861059,0.396
"1270",10,7,16,"SGP",0.864486233061444,2.27145843909158,0.5015
"1271",10,7,17,"SGP",1.00444874908342,2.34758779873734,0.6245
"1272",10,7,18,"SGP",0.870483035860277,2.2420929815618,0.4995
"1273",10,7,19,"SGP",0.991012445521356,2.26726345130223,0.6425
"1274",10,7,20,"SGP",1.71325962538624,2.50311038644511,0.2085
"1275",10,7,21,"SGP",1.30431145806834,2.29552754125099,0.748
"1276",10,7,22,"SGP",1.29062670082451,2.33818641212383,0.7415
"1277",10,7,23,"SGP",2.62747801589204,2.93531248084984,0.884
"1278",10,7,24,"SGP",0.875603285668938,2.22595316052448,0.6105
"1279",10,7,25,"SGP",1.33608763921011,2.41545949257969,0.262
"1280",10,7,26,"SGP",1.11999593769198,2.24660458679571,0.2795
"1281",10,7,27,"SGP",1.00328360918536,2.18569989672589,0.702
"1282",10,7,28,"SGP",0.770055629426569,2.0621569452314,0.4565
"1283",10,7,29,"SGP",1.94169918052372,2.58560208670549,0.1475
"1284",10,7,30,"SGP",1.31259273587085,2.37152491796638,0.766
"1285",10,7,31,"SGP",1.34823668945315,2.31961405271569,0.7795
"1286",10,7,32,"SGP",3.96796033976857,3.75542191716109,0.9725
"1287",10,7,33,"SGP",1.80615369277614,2.51950538805341,0.848
"1288",10,7,34,"SGP",1.38552798110796,2.36109118811784,0.7815
"1289",10,7,35,"SGP",2.4637558449389,2.74490907394962,0.8995
"1290",10,7,36,"SGP",6.02680721587905,5.28819324912511,0.996
"1291",10,7,37,"SGP",2.57290500061327,3.03480130636106,0.1175
"1292",10,7,38,"SGP",1.94741637886159,2.54034917876026,0.1625
"1293",10,7,1,"SGP50",6.59922292948421,5.53509634508268,0.9855
"1294",10,7,2,"SGP50",3.968006835854,3.45342721671947,0.8745
"1295",10,7,3,"SGP50",3.89631128926735,3.3683054898844,0.889
"1296",10,7,4,"SGP50",1.33979116203676,2.62142597000198,0.505
"1297",10,7,5,"SGP50",3.05571489838325,3.253959653394,0.8095
"1298",10,7,6,"SGP50",1.71172381903944,2.67409768669427,0.32
"1299",10,7,7,"SGP50",7.18700324204492,4.4562548395809,0.0355
"1300",10,7,8,"SGP50",2.29751705149682,2.84671083737841,0.295
"1301",10,7,9,"SGP50",5.21580503577677,3.66902326459542,0.0565
"1302",10,7,10,"SGP50",1.23735309178479,2.45605329818074,0.4435
"1303",10,7,11,"SGP50",1.0797957966262,2.4314570574716,0.442
"1304",10,7,12,"SGP50",0.933747896986683,2.36494852113471,0.528
"1305",10,7,13,"SGP50",0.987169036259054,2.37991950800992,0.619
"1306",10,7,14,"SGP50",1.04903062450209,2.368411293977,0.657
"1307",10,7,15,"SGP50",0.866507411913767,2.28095241855088,0.5485
"1308",10,7,16,"SGP50",0.956691489684357,2.27271053659136,0.6275
"1309",10,7,17,"SGP50",1.31938503558957,2.41935553543884,0.7375
"1310",10,7,18,"SGP50",1.13343146644553,2.41410951682411,0.69
"1311",10,7,19,"SGP50",1.54987014199197,2.55641139203204,0.7765
"1312",10,7,20,"SGP50",1.02141010179663,2.32926520917995,0.3735
"1313",10,7,21,"SGP50",1.50208236561232,2.41862701272701,0.776
"1314",10,7,22,"SGP50",1.91760242896971,2.67542361594329,0.8155
"1315",10,7,23,"SGP50",4.00350825747544,3.29842698860876,0.9315
"1316",10,7,24,"SGP50",2.30248048876818,2.70299430111469,0.743
"1317",10,7,25,"SGP50",1.55062968438353,2.80233275155595,0.531
"1318",10,7,26,"SGP50",1.08711476745513,2.47441876114773,0.538
"1319",10,7,27,"SGP50",1.6983213823176,2.522727327857,0.7835
"1320",10,7,28,"SGP50",0.998620205450071,2.30345153584509,0.598
"1321",10,7,29,"SGP50",1.34159167954558,2.49056951995495,0.2825
"1322",10,7,30,"SGP50",1.3350010617714,2.38275465273055,0.7725
"1323",10,7,31,"SGP50",1.70968522201513,2.47194913686308,0.8115
"1324",10,7,32,"SGP50",5.04276892686145,4.00907953216448,0.973
"1325",10,7,33,"SGP50",3.7179364644128,3.06805409728165,0.9015
"1326",10,7,34,"SGP50",3.26650845863705,2.78604056383961,0.843
"1327",10,7,35,"SGP50",4.23758088746311,3.17435211544142,0.9215
"1328",10,7,36,"SGP50",7.99150642132203,4.7021414742759,0.989
"1329",10,7,37,"SGP50",2.61131237938722,3.23386226309497,0.394
"1330",10,7,38,"SGP50",1.86262159298817,2.88071556467238,0.393
"1331",10,8,1,"BMA",1.01427013505242,2.23017923408883,0.4955
"1332",10,8,2,"BMA",2.10435502751676,2.87152697174594,0.858
"1333",10,8,3,"BMA",0.931330669652256,2.13226681462962,0.652
"1334",10,8,4,"BMA",5.53919625604152,5.21729817502383,0.9805
"1335",10,8,5,"BMA",2.08955261375499,2.87937733540256,0.7105
"1336",10,8,6,"BMA",1.37129699128287,2.55174103179821,0.4095
"1337",10,8,7,"BMA",9.22320466830055,5.04096716126043,0.974
"1338",10,8,8,"BMA",1.72010057909297,2.96630893971454,0.472
"1339",10,8,9,"BMA",5.34050481790997,3.751616692932,0.887
"1340",10,8,10,"BMA",6.07996983788353,3.86119856791658,0.899
"1341",10,8,11,"BMA",2.48768484589269,3.0763608015533,0.677
"1342",10,8,12,"BMA",3.35951412491177,3.24307594421121,0.7635
"1343",10,8,13,"BMA",2.46421194792145,3.15357416994821,0.332
"1344",10,8,14,"BMA",2.60772354400527,3.0997418349161,0.665
"1345",10,8,15,"BMA",5.96047673946049,3.64979368499412,0.899
"1346",10,8,16,"BMA",2.40215816283068,3.02054274154625,0.6605
"1347",10,8,17,"BMA",2.06256288756966,2.96049530630089,0.381
"1348",10,8,18,"BMA",2.39316879753474,2.95067412180653,0.703
"1349",10,8,19,"BMA",9.03070864288463,4.54952325783002,0.9775
"1350",10,8,20,"BMA",5.68008379520825,3.75029986980072,0.906
"1351",10,8,21,"BMA",7.27308628559671,4.04981250386744,0.948
"1352",10,8,22,"BMA",3.62687362273241,3.14326412607488,0.8245
"1353",10,8,23,"BMA",1.32265522299486,2.64546903357607,0.4765
"1354",10,8,24,"BMA",2.87937345145583,3.00331437208537,0.1985
"1355",10,8,25,"BMA",1.85929773067627,2.66156331667942,0.309
"1356",10,8,26,"BMA",1.85306168390399,2.74201948502662,0.7255
"1357",10,8,27,"BMA",1.59476189539748,2.54893038057482,0.6585
"1358",10,8,28,"BMA",1.49898928379957,2.58662120368286,0.6475
"1359",10,8,29,"BMA",1.83581845738395,2.65778724373009,0.26
"1360",10,8,30,"BMA",1.18871364617848,2.42152904815354,0.5815
"1361",10,8,31,"BMA",1.34960134404556,2.47705661452716,0.3225
"1362",10,8,32,"BMA",1.84332279076397,2.64033702750983,0.2425
"1363",10,8,33,"BMA",2.33532947706825,2.75687433263344,0.202
"1364",10,8,34,"BMA",8.61364788644979,5.16872466740688,0.0055
"1365",10,8,35,"BMA",1.8797155009095,2.74335313076005,0.281
"1366",10,8,36,"BMA",1.48908538542823,2.60358513393119,0.645
"1367",10,8,37,"BMA",1.17115656915587,2.5761575269005,0.3855
"1368",10,8,38,"BMA",8.41838436345734,5.0112362788667,0.0095
"1369",10,8,1,"AVS",1.01427013505242,2.2577689668843,0.4925
"1370",10,8,2,"AVS",2.25457466059054,2.94907662778613,0.893
"1371",10,8,3,"AVS",0.989731428641793,2.06922973253351,0.711
"1372",10,8,4,"AVS",5.75451408260322,5.2845171274893,0.992
"1373",10,8,5,"AVS",1.25957425302327,2.3694492393378,0.675
"1374",10,8,6,"AVS",1.13159796629292,2.38114227220896,0.2995
"1375",10,8,7,"AVS",10.777221939932,8.04196617229669,0.998
"1376",10,8,8,"AVS",1.96336809796465,2.95609564555131,0.372
"1377",10,8,9,"AVS",5.73765519990204,3.72310999685875,0.9015
"1378",10,8,10,"AVS",6.13096142649463,3.93701843792596,0.923
"1379",10,8,11,"AVS",1.9344521355365,2.97326360236516,0.6195
"1380",10,8,12,"AVS",2.65096148235462,3.01719555029555,0.723
"1381",10,8,13,"AVS",3.59264082507324,3.49781359408753,0.1615
"1382",10,8,14,"AVS",2.71774089392963,3.04379706925045,0.7125
"1383",10,8,15,"AVS",5.36229462368453,3.55726506113959,0.916
"1384",10,8,16,"AVS",1.78156822303737,2.67087414328129,0.2705
"1385",10,8,17,"AVS",6.4587427074614,4.23849632247416,0.044
"1386",10,8,18,"AVS",2.2421939828903,2.96061526628511,0.7555
"1387",10,8,19,"AVS",6.81246513338773,4.17719659526999,0.9465
"1388",10,8,20,"AVS",1.20440080622593,2.66619847715614,0.496
"1389",10,8,21,"AVS",1.97522653697703,2.67368139370629,0.77
"1390",10,8,22,"AVS",1.18031472061089,2.44948871912851,0.625
"1391",10,8,23,"AVS",1.81693030388988,2.69758012256403,0.2565
"1392",10,8,24,"AVS",5.88704895971368,3.90432239891822,0.0415
"1393",10,8,25,"AVS",2.16254039413813,2.81943007397201,0.25
"1394",10,8,26,"AVS",1.76376622646535,2.75547411808655,0.708
"1395",10,8,27,"AVS",1.48316832050207,2.5858864560238,0.632
"1396",10,8,28,"AVS",1.3684889418946,2.5146036489288,0.6365
"1397",10,8,29,"AVS",2.06420594095234,2.68855034924497,0.233
"1398",10,8,30,"AVS",1.16533976312803,2.53343962972447,0.5915
"1399",10,8,31,"AVS",1.41818465322378,2.51113025665623,0.3195
"1400",10,8,32,"AVS",1.87122345016304,2.65912263818606,0.249
"1401",10,8,33,"AVS",2.35019970553965,2.71712131838624,0.2035
"1402",10,8,34,"AVS",8.6183237900689,5.17231625572041,0.003
"1403",10,8,35,"AVS",1.8780374237955,2.6692811740986,0.266
"1404",10,8,36,"AVS",1.49200583740211,2.62974235211726,0.6595
"1405",10,8,37,"AVS",1.17106361840107,2.6095027937366,0.4265
"1406",10,8,38,"AVS",8.41928562364928,5.07184065034911,0.0085
"1407",10,8,1,"EQW",1.01427013505242,2.25773926485115,0.491
"1408",10,8,2,"EQW",1.7532357539528,2.90086677523067,0.7595
"1409",10,8,3,"EQW",0.972760994503264,2.25185675764875,0.596
"1410",10,8,4,"EQW",4.53032848844757,3.89250343349455,0.9055
"1411",10,8,5,"EQW",1.37229826528975,2.46455578552086,0.6545
"1412",10,8,6,"EQW",1.35397592743823,2.59703086611268,0.3225
"1413",10,8,7,"EQW",9.10568998876797,5.15519386698089,0.98
"1414",10,8,8,"EQW",2.18877598548641,3.0044767801767,0.3005
"1415",10,8,9,"EQW",4.79758975684491,3.51471446682335,0.897
"1416",10,8,10,"EQW",5.89626361174391,3.82295579929676,0.931
"1417",10,8,11,"EQW",1.69036458770498,2.86616969114153,0.5625
"1418",10,8,12,"EQW",2.54788202182612,2.96851203259963,0.737
"1419",10,8,13,"EQW",3.05804494739315,3.252435842166,0.2315
"1420",10,8,14,"EQW",1.78544113492823,2.95621167632714,0.583
"1421",10,8,15,"EQW",4.35284499547845,3.33262926094339,0.8745
"1422",10,8,16,"EQW",1.61787805118349,2.87497831316884,0.4895
"1423",10,8,17,"EQW",3.12395557718308,3.16650474120779,0.244
"1424",10,8,18,"EQW",2.04475961217951,2.8440663848449,0.717
"1425",10,8,19,"EQW",6.89757418483006,4.12319790540267,0.962
"1426",10,8,20,"EQW",2.878885227464,3.07069854973937,0.7045
"1427",10,8,21,"EQW",5.02076322238123,3.33719888664843,0.8755
"1428",10,8,22,"EQW",4.41315710968882,3.21661097794264,0.818
"1429",10,8,23,"EQW",2.8253226458916,3.20339775250324,0.635
"1430",10,8,24,"EQW",2.32843408369679,3.33096582469795,0.4195
"1431",10,8,25,"EQW",1.76602868710837,2.98495418784075,0.4215
"1432",10,8,26,"EQW",2.29280726478635,2.98521466415026,0.732
"1433",10,8,27,"EQW",2.53608102696062,2.95338749070578,0.7255
"1434",10,8,28,"EQW",2.94738834489684,2.96190070243413,0.741
"1435",10,8,29,"EQW",1.93049897475049,3.07303903535001,0.5075
"1436",10,8,30,"EQW",2.21177947661799,2.8675596802565,0.6725
"1437",10,8,31,"EQW",1.73968826756057,2.94194253183513,0.547
"1438",10,8,32,"EQW",1.67192612520558,2.83434612535829,0.4345
"1439",10,8,33,"EQW",2.03917734715914,2.95605035683741,0.32
"1440",10,8,34,"EQW",7.52921253206881,4.27506787985081,0.041
"1441",10,8,35,"EQW",2.922027400428,2.96139596372724,0.259
"1442",10,8,36,"EQW",1.7419380901053,2.86220616450733,0.5505
"1443",10,8,37,"EQW",1.43580492019176,2.70020273988355,0.4825
"1444",10,8,38,"EQW",6.7470601418748,4.00785662712073,0.0375
"1445",10,8,1,"SGP",1.01427013505242,2.21953416983734,0.503
"1446",10,8,2,"SGP",2.19547484811138,2.88404110247342,0.875
"1447",10,8,3,"SGP",0.829330771941373,2.02154331692615,0.6715
"1448",10,8,4,"SGP",5.67583211745699,5.63712971819116,0.989
"1449",10,8,5,"SGP",0.943609867826556,2.11442800843062,0.636
"1450",10,8,6,"SGP",1.28822534597748,2.36082968004191,0.2525
"1451",10,8,7,"SGP",10.2496816653209,7.95538499038327,0.998
"1452",10,8,8,"SGP",3.74041429393797,3.22912785202549,0.123
"1453",10,8,9,"SGP",3.7013743311946,3.11684314572214,0.8855
"1454",10,8,10,"SGP",6.90065636264917,4.65742445200801,0.976
"1455",10,8,11,"SGP",1.35869925055551,2.63578709137612,0.355
"1456",10,8,12,"SGP",1.19530260615764,2.48067662766032,0.631
"1457",10,8,13,"SGP",4.79601501793448,3.7959391510802,0.0495
"1458",10,8,14,"SGP",1.61425766884578,2.70936918068455,0.309
"1459",10,8,15,"SGP",3.21367670391395,3.10297761756836,0.8785
"1460",10,8,16,"SGP",1.86932994213331,2.68989062275108,0.2375
"1461",10,8,17,"SGP",7.28277429675065,4.83712477193643,0.0155
"1462",10,8,18,"SGP",1.39571083978626,2.52916746480269,0.6465
"1463",10,8,19,"SGP",4.33643819362929,3.41708377196731,0.914
"1464",10,8,20,"SGP",1.13047801219032,2.55185590445751,0.457
"1465",10,8,21,"SGP",1.5610808440526,2.59819507299882,0.701
"1466",10,8,22,"SGP",1.17167479540037,2.48544046545673,0.615
"1467",10,8,23,"SGP",1.82516844400109,2.65405665101489,0.245
"1468",10,8,24,"SGP",6.14119998419435,4.23811220372218,0.035
"1469",10,8,25,"SGP",3.23023780175615,3.1979792275817,0.125
"1470",10,8,26,"SGP",1.31102649640522,2.63060485359282,0.591
"1471",10,8,27,"SGP",1.21166544029288,2.58232553817354,0.474
"1472",10,8,28,"SGP",1.10701171840493,2.52693262360217,0.517
"1473",10,8,29,"SGP",2.9541882836365,3.08342334985841,0.1305
"1474",10,8,30,"SGP",1.16349591451245,2.48808227006131,0.4275
"1475",10,8,31,"SGP",2.25258681898921,2.8268263813067,0.1975
"1476",10,8,32,"SGP",2.88300365568756,3.03458514601537,0.14
"1477",10,8,33,"SGP",3.5545924038405,3.21906325710091,0.099
"1478",10,8,34,"SGP",9.76616169042391,5.99550004511399,0.0045
"1479",10,8,35,"SGP",1.15718253956336,2.53868442294309,0.4815
"1480",10,8,36,"SGP",2.73283650072904,2.929401239349,0.8225
"1481",10,8,37,"SGP",1.11269044891124,2.53458762422296,0.5665
"1482",10,8,38,"SGP",6.92252498199297,4.53259111413492,0.0205
"1483",10,8,1,"SGP50",1.01427013505242,2.28509263748346,0.5025
"1484",10,8,2,"SGP50",1.77293136084903,2.85680632926386,0.7825
"1485",10,8,3,"SGP50",0.962558653017108,2.30166302349129,0.607
"1486",10,8,4,"SGP50",4.66016943620155,4.09311265969001,0.912
"1487",10,8,5,"SGP50",1.33120221004105,2.45385637943012,0.6585
"1488",10,8,6,"SGP50",1.33947293026697,2.52324732620649,0.3275
"1489",10,8,7,"SGP50",9.23032369305581,5.1754061726652,0.974
"1490",10,8,8,"SGP50",2.28994502594003,3.00666249408232,0.301
"1491",10,8,9,"SGP50",4.73619637905049,3.4694550587392,0.8985
"1492",10,8,10,"SGP50",5.86331158263479,4.00143674916374,0.934
"1493",10,8,11,"SGP50",1.58880303059542,2.83019305335789,0.5865
"1494",10,8,12,"SGP50",2.40650514458707,3.00617354683465,0.7465
"1495",10,8,13,"SGP50",3.18526055934191,3.2740160576203,0.2025
"1496",10,8,14,"SGP50",1.71740739462459,2.87269711221669,0.566
"1497",10,8,15,"SGP50",4.22892434901829,3.29480886667251,0.8715
"1498",10,8,16,"SGP50",1.56763125486587,2.86484892064783,0.4585
"1499",10,8,17,"SGP50",3.48606591967337,3.28519776577796,0.2115
"1500",10,8,18,"SGP50",1.98987391457657,2.80407895949692,0.7325
"1501",10,8,19,"SGP50",6.45412681119458,4.04242549825565,0.9505
"1502",10,8,20,"SGP50",2.27221241080986,2.93573768743935,0.656
"1503",10,8,21,"SGP50",4.08165129553522,3.16524987387681,0.8495
"1504",10,8,22,"SGP50",3.27051278241719,2.98889589042887,0.759
"1505",10,8,23,"SGP50",2.04031640723026,3.01914234736256,0.566
"1506",10,8,24,"SGP50",2.73435498773447,3.35701706264029,0.326
"1507",10,8,25,"SGP50",1.93150995481261,2.9292364119771,0.3445
"1508",10,8,26,"SGP50",1.98199380074682,2.88967766867365,0.712
"1509",10,8,27,"SGP50",1.97046745087374,2.79256522746893,0.688
"1510",10,8,28,"SGP50",2.12991632356288,2.81586698266567,0.7015
"1511",10,8,29,"SGP50",1.8231003784268,3.02900412448006,0.4045
"1512",10,8,30,"SGP50",1.63537145587447,2.69230427802755,0.6195
"1513",10,8,31,"SGP50",1.56373117414359,2.77909323538714,0.44
"1514",10,8,32,"SGP50",1.79032922763117,2.7980344133096,0.329
"1515",10,8,33,"SGP50",2.35089089396748,2.94768706163208,0.2495
"1516",10,8,34,"SGP50",8.23740428310237,4.5824736359704,0.028
"1517",10,8,35,"SGP50",2.19611598008549,2.82609543843659,0.2845
"1518",10,8,36,"SGP50",1.75421804849723,2.83976545631758,0.6425
"1519",10,8,37,"SGP50",1.29984244359306,2.64848074980401,0.4745
"1520",10,8,38,"SGP50",7.08316985252292,4.16899910368123,0.0235
"1521",10,9,1,"BMA",7.67280259367757,4.25817919766715,0.6335
"1522",10,9,2,"BMA",12.7446454299614,4.73238935957688,0.868
"1523",10,9,3,"BMA",11.85925275111,4.41673125067975,0.8275
"1524",10,9,4,"BMA",7.6236532489116,3.95224050524295,0.81
"1525",10,9,5,"BMA",3.31732141598944,3.35381435457635,0.6075
"1526",10,9,6,"BMA",3.45130404241837,3.28855789340979,0.306
"1527",10,9,7,"BMA",12.7593720602519,4.88934558329565,0.0385
"1528",10,9,8,"BMA",11.8501691367074,4.6381263627422,0.0575
"1529",10,9,9,"BMA",5.74796715562784,3.84163772920561,0.1975
"1530",10,9,10,"BMA",3.4708361186194,3.4596737258124,0.3265
"1531",10,9,11,"BMA",6.36777408651059,3.80545066819731,0.167
"1532",10,9,12,"BMA",3.08068549019774,3.34691454938707,0.375
"1533",10,9,13,"BMA",4.66776903164828,3.67374669071621,0.7865
"1534",10,9,14,"BMA",2.84756378956452,3.32836261081335,0.611
"1535",10,9,15,"BMA",3.52628299652973,3.47860021767909,0.303
"1536",10,9,16,"BMA",2.30947842287413,3.25743761828409,0.474
"1537",10,9,17,"BMA",3.16090805829339,3.31065466943284,0.7115
"1538",10,9,18,"BMA",2.02608191477613,3.13624834245871,0.507
"1539",10,9,19,"BMA",4.49827011587237,3.50159804695936,0.2055
"1540",10,9,20,"BMA",3.19771416748388,3.22767300686936,0.7105
"1541",10,9,21,"BMA",7.14246980426786,4.0348475764405,0.9335
"1542",10,9,22,"BMA",11.6151806666282,5.13302468227111,0.0175
"1543",10,9,23,"BMA",2.06667884446181,3.04560379416206,0.4325
"1544",10,9,24,"BMA",1.92127288701099,3.00512527336583,0.5565
"1545",10,9,25,"BMA",3.07487508314908,3.21481683555858,0.246
"1546",10,9,26,"BMA",4.99951883721755,3.59824232805457,0.126
"1547",10,9,27,"BMA",1.76694779201778,3.02033231887729,0.484
"1548",10,9,28,"BMA",3.63272622438092,3.26162907825251,0.197
"1549",10,9,29,"BMA",2.00674150214106,3.09911387592802,0.5585
"1550",10,9,30,"BMA",1.87994678316706,3.10131005208396,0.4855
"1551",10,9,31,"BMA",1.88476476430324,3.04981904017435,0.527
"1552",10,9,32,"BMA",1.9078414719829,3.04058000984513,0.5995
"1553",10,9,33,"BMA",2.09073742384827,3.01341086336904,0.6045
"1554",10,9,34,"BMA",3.45030556381386,3.20915504314496,0.2235
"1555",10,9,35,"BMA",2.69831359653052,3.02285097933201,0.727
"1556",10,9,36,"BMA",1.27154234885003,2.56843340912395,0.523
"1557",10,9,37,"BMA",1.36307548792195,2.5402093991669,0.7085
"1558",10,9,38,"BMA",1.89320736470393,2.95692237353951,0.816
"1559",10,9,1,"AVS",7.67280259367757,4.26508682422692,0.6535
"1560",10,9,2,"AVS",17.7081309047949,4.9971617084215,0.9525
"1561",10,9,3,"AVS",8.26677312927965,4.4339924319915,0.6125
"1562",10,9,4,"AVS",8.28913157055794,4.29954469402466,0.7305
"1563",10,9,5,"AVS",2.90072624895393,3.32732385777901,0.613
"1564",10,9,6,"AVS",3.54807114321544,3.2938577166276,0.2555
"1565",10,9,7,"AVS",13.0650389696726,5.07092838885703,0.0265
"1566",10,9,8,"AVS",12.2668708475491,4.62972120537178,0.043
"1567",10,9,9,"AVS",5.91513230785073,3.753328104018,0.1775
"1568",10,9,10,"AVS",3.44463424650823,3.45808456500972,0.3175
"1569",10,9,11,"AVS",6.39952586938457,3.75063141420892,0.1615
"1570",10,9,12,"AVS",3.07586971939523,3.37455538502518,0.336
"1571",10,9,13,"AVS",4.65296400481697,3.57130059552134,0.767
"1572",10,9,14,"AVS",2.83600910371631,3.34571224444109,0.624
"1573",10,9,15,"AVS",3.52975619521281,3.39046390413083,0.297
"1574",10,9,16,"AVS",2.30887255330593,3.20680098971506,0.489
"1575",10,9,17,"AVS",3.16000179609973,3.20998241497494,0.6955
"1576",10,9,18,"AVS",2.02571141850718,3.18201199536216,0.5375
"1577",10,9,19,"AVS",4.49854295437143,3.49991416709919,0.201
"1578",10,9,20,"AVS",3.19772604900062,3.22359292662957,0.713
"1579",10,9,21,"AVS",7.14238030656444,3.95786348042973,0.9315
"1580",10,9,22,"AVS",11.615985759656,4.93928871893826,0.0255
"1581",10,9,23,"AVS",2.06677150681196,3.10046863034026,0.405
"1582",10,9,24,"AVS",1.92104203691501,3.01065174183308,0.5445
"1583",10,9,25,"AVS",3.07541804546537,3.16330122465428,0.2555
"1584",10,9,26,"AVS",5.00035104456332,3.48382903276254,0.1325
"1585",10,9,27,"AVS",1.7669683756516,3.0219785476312,0.4795
"1586",10,9,28,"AVS",3.63409475874705,3.23977499153485,0.2105
"1587",10,9,29,"AVS",2.00735568829439,3.06639754232089,0.564
"1588",10,9,30,"AVS",1.88137129348373,3.01110500037328,0.518
"1589",10,9,31,"AVS",1.88837990847994,3.06381375228925,0.508
"1590",10,9,32,"AVS",1.91854123588587,2.93149739955073,0.6085
"1591",10,9,33,"AVS",2.1116635742719,3.05491152055982,0.6
"1592",10,9,34,"AVS",3.57392162116615,3.27571890792359,0.2365
"1593",10,9,35,"AVS",3.12820878764818,3.27933217630396,0.7435
"1594",10,9,36,"AVS",1.72705578868086,3.01898822711861,0.5215
"1595",10,9,37,"AVS",1.86442112912817,2.9450667237934,0.5655
"1596",10,9,38,"AVS",1.69363383713697,2.98433193529099,0.529
"1597",10,9,1,"EQW",7.67280259367757,4.27209654237416,0.6615
"1598",10,9,2,"EQW",10.4347879907572,4.58148089098612,0.7875
"1599",10,9,3,"EQW",12.2288533980062,4.50913563323895,0.798
"1600",10,9,4,"EQW",17.2483158271794,4.55076980520347,0.8685
"1601",10,9,5,"EQW",18.1954066618108,4.52379100971237,0.8355
"1602",10,9,6,"EQW",15.7743423417413,4.43056627729225,0.7175
"1603",10,9,7,"EQW",11.0470738394176,4.60494172830902,0.585
"1604",10,9,8,"EQW",7.93891488050086,4.48258235120407,0.464
"1605",10,9,9,"EQW",6.6402199177149,4.20223478248417,0.4735
"1606",10,9,10,"EQW",5.64554386777528,4.00954134715129,0.4895
"1607",10,9,11,"EQW",6.24922229529946,4.17649769641104,0.3505
"1608",10,9,12,"EQW",5.36004185230925,3.83963085837844,0.3655
"1609",10,9,13,"EQW",4.83867465168672,3.94139080208746,0.5975
"1610",10,9,14,"EQW",5.00218404592681,3.85797530314373,0.6365
"1611",10,9,15,"EQW",4.31172785907231,3.85260330238248,0.497
"1612",10,9,16,"EQW",3.85924652744853,3.67828764746696,0.4955
"1613",10,9,17,"EQW",4.10188554263981,3.70129661909064,0.6345
"1614",10,9,18,"EQW",3.98247040972993,3.70095354489302,0.5945
"1615",10,9,19,"EQW",3.8285810529357,3.60324595423564,0.393
"1616",10,9,20,"EQW",3.54357568654609,3.59954246481058,0.4065
"1617",10,9,21,"EQW",4.59875675163405,3.69697277725052,0.6905
"1618",10,9,22,"EQW",4.33594789069001,3.70269034420599,0.3515
"1619",10,9,23,"EQW",2.88997476607783,3.38911535182352,0.4215
"1620",10,9,24,"EQW",2.57289091516366,3.27847279523633,0.5215
"1621",10,9,25,"EQW",2.58568454490286,3.30311310897629,0.482
"1622",10,9,26,"EQW",2.89236082627484,3.28549485993573,0.356
"1623",10,9,27,"EQW",2.11345535970858,3.09113855037221,0.5
"1624",10,9,28,"EQW",2.16545376621995,3.09501114607766,0.428
"1625",10,9,29,"EQW",1.93099121892886,2.89403714014354,0.513
"1626",10,9,30,"EQW",1.77955822457347,2.87028417245446,0.4705
"1627",10,9,31,"EQW",1.73614391507907,2.83132592003477,0.4325
"1628",10,9,32,"EQW",1.60295719011898,2.75581480652189,0.5165
"1629",10,9,33,"EQW",1.80698856004168,2.86151494613425,0.6345
"1630",10,9,34,"EQW",2.26421062081425,2.72628573162116,0.282
"1631",10,9,35,"EQW",1.59033450206247,2.65169448135133,0.4815
"1632",10,9,36,"EQW",1.43514414380504,2.54061867369815,0.472
"1633",10,9,37,"EQW",1.51266654007452,2.70515978429129,0.593
"1634",10,9,38,"EQW",1.61237440119772,2.75135075096542,0.6045
"1635",10,9,1,"SGP",7.67280259367757,4.33276794056391,0.646
"1636",10,9,2,"SGP",16.9522859299442,5.05143605398135,0.9465
"1637",10,9,3,"SGP",10.6857013503402,4.23531230300214,0.8985
"1638",10,9,4,"SGP",5.50783588052384,3.67096474736659,0.822
"1639",10,9,5,"SGP",2.67096874207201,3.25665136698251,0.6
"1640",10,9,6,"SGP",3.51702754778124,3.32784590646321,0.2785
"1641",10,9,7,"SGP",12.9148786031051,5.04176173041687,0.0255
"1642",10,9,8,"SGP",12.1838792549104,4.84094799179445,0.0475
"1643",10,9,9,"SGP",5.90901420562308,3.71832192526736,0.1955
"1644",10,9,10,"SGP",3.44915154028094,3.44006930831252,0.316
"1645",10,9,11,"SGP",6.3954731835093,3.83231058903839,0.1685
"1646",10,9,12,"SGP",3.08454319915488,3.30231397247891,0.343
"1647",10,9,13,"SGP",4.64720305277596,3.65632913153827,0.783
"1648",10,9,14,"SGP",2.84332130225148,3.34565212413509,0.6145
"1649",10,9,15,"SGP",3.52671597822995,3.33322511313535,0.294
"1650",10,9,16,"SGP",2.31455196905324,3.24927512497976,0.488
"1651",10,9,17,"SGP",3.16294769654564,3.32859872168869,0.721
"1652",10,9,18,"SGP",2.03255736026344,3.11531544071774,0.5215
"1653",10,9,19,"SGP",4.49010476251949,3.54401536687433,0.213
"1654",10,9,20,"SGP",3.19023564625133,3.21451629988154,0.7025
"1655",10,9,21,"SGP",7.12641395489436,3.89042274784732,0.9325
"1656",10,9,22,"SGP",11.5604372131298,4.90128500455802,0.0265
"1657",10,9,23,"SGP",2.06950151314191,3.07180881582867,0.395
"1658",10,9,24,"SGP",1.92350202889909,2.99119451576702,0.5485
"1659",10,9,25,"SGP",3.06705394900721,3.2085572266235,0.2645
"1660",10,9,26,"SGP",4.98361767827427,3.58557045784352,0.143
"1661",10,9,27,"SGP",1.76783121462277,2.98055700513755,0.462
"1662",10,9,28,"SGP",3.62104446915291,3.27468247827358,0.2105
"1663",10,9,29,"SGP",2.0062640670066,3.03712660238427,0.543
"1664",10,9,30,"SGP",1.8794874308783,3.04972435709362,0.483
"1665",10,9,31,"SGP",1.8860493401934,3.05824794040626,0.5185
"1666",10,9,32,"SGP",1.91494761238851,2.93149645508532,0.6025
"1667",10,9,33,"SGP",2.108310672065,3.02943972338171,0.604
"1668",10,9,34,"SGP",3.56276454479265,3.35711656274819,0.221
"1669",10,9,35,"SGP",3.11127917654142,3.26899856695201,0.7645
"1670",10,9,36,"SGP",1.7233496000372,2.98129622087087,0.5135
"1671",10,9,37,"SGP",1.860015840745,2.92966792097795,0.5555
"1672",10,9,38,"SGP",1.69085398511019,2.98644502612436,0.52
"1673",10,9,1,"SGP50",7.67280259367757,4.29384230182747,0.6755
"1674",10,9,2,"SGP50",11.0998208709959,4.57058512887503,0.82
"1675",10,9,3,"SGP50",13.0395249559975,4.50338456894646,0.826
"1676",10,9,4,"SGP50",16.4949203566964,4.45568725308535,0.8815
"1677",10,9,5,"SGP50",13.4593875677837,4.16429348679307,0.796
"1678",10,9,6,"SGP50",7.82854879245135,4.03679944462318,0.5635
"1679",10,9,7,"SGP50",8.4014804377754,4.61738770343363,0.3005
"1680",10,9,8,"SGP50",8.82560430919945,4.48753663641201,0.215
"1681",10,9,9,"SGP50",5.55883524505099,3.88872413342823,0.2935
"1682",10,9,10,"SGP50",3.89116304227219,3.58931311985719,0.339
"1683",10,9,11,"SGP50",6.29690506880963,3.8432097708657,0.2295
"1684",10,9,12,"SGP50",3.65654887307672,3.59271271141,0.354
"1685",10,9,13,"SGP50",4.46956668780284,3.70429304954478,0.721
"1686",10,9,14,"SGP50",3.29080221135266,3.52260918169391,0.6355
"1687",10,9,15,"SGP50",3.49032399657824,3.49366401428078,0.354
"1688",10,9,16,"SGP50",2.64577715119401,3.33564845190048,0.476
"1689",10,9,17,"SGP50",3.33952508107223,3.41280887086332,0.6865
"1690",10,9,18,"SGP50",2.42438116639208,3.27167554355241,0.5495
"1691",10,9,19,"SGP50",4.12888553160269,3.60646272885343,0.251
"1692",10,9,20,"SGP50",2.92812075927281,3.3343305110756,0.6525
"1693",10,9,21,"SGP50",6.35972600825915,3.95119140542334,0.8765
"1694",10,9,22,"SGP50",9.01794781203501,4.36235161901581,0.1145
"1695",10,9,23,"SGP50",2.2184742709435,3.10723384227084,0.435
"1696",10,9,24,"SGP50",2.05294942923098,3.06685886248375,0.537
"1697",10,9,25,"SGP50",2.7252733894083,3.22340644488221,0.313
"1698",10,9,26,"SGP50",4.20577539834517,3.40765738639304,0.2075
"1699",10,9,27,"SGP50",1.81347871588717,3.05071341192034,0.499
"1700",10,9,28,"SGP50",3.01995998066484,3.13683773012703,0.262
"1701",10,9,29,"SGP50",1.94517979546441,3.03743846606041,0.532
"1702",10,9,30,"SGP50",1.78697321600037,2.9670696201696,0.518
"1703",10,9,31,"SGP50",1.76952648257486,2.95162014451283,0.486
"1704",10,9,32,"SGP50",1.73794450128955,2.88881228424897,0.5675
"1705",10,9,33,"SGP50",1.94271327917109,2.98010724792116,0.631
"1706",10,9,34,"SGP50",3.01761070833059,3.05009108106922,0.2355
"1707",10,9,35,"SGP50",2.33732470258493,2.99565827736294,0.691
"1708",10,9,36,"SGP50",1.53454312980125,2.7958113515143,0.4685
"1709",10,9,37,"SGP50",1.64126172558421,2.78695057200109,0.5795
"1710",10,9,38,"SGP50",1.57109670870621,2.84067816433728,0.5575
"1711",10,10,1,"BMA",1.83456620031135,2.98351236515568,0.7975
"1712",10,10,2,"BMA",0.909990231903091,2.26364608474603,0.4995
"1713",10,10,3,"BMA",3.91962005676175,3.90869421525933,0.0295
"1714",10,10,4,"BMA",1.77969571890229,2.46726659774288,0.191
"1715",10,10,5,"BMA",2.26470298453977,2.7641056028625,0.108
"1716",10,10,6,"BMA",1.26920537171848,2.1851443074558,0.2655
"1717",10,10,7,"BMA",1.3095005558491,2.30417975755282,0.1875
"1718",10,10,8,"BMA",0.725848080983479,1.92982822843617,0.674
"1719",10,10,9,"BMA",1.89701620439186,2.6190158480375,0.902
"1720",10,10,10,"BMA",0.702115026932326,1.75187983049979,0.331
"1721",10,10,11,"BMA",0.766787481415821,1.93012417278731,0.659
"1722",10,10,12,"BMA",1.93758976005317,2.59390020856244,0.9085
"1723",10,10,13,"BMA",2.80963641798191,3.10471013350241,0.9685
"1724",10,10,14,"BMA",6.58673151769106,7.39668731635012,1
"1725",10,10,15,"BMA",1.73037809180124,2.50915890568753,0.176
"1726",10,10,16,"BMA",3.46590493709809,3.43917705034552,0.9445
"1727",10,10,17,"BMA",8.07127794325664,6.83924085225135,0.9995
"1728",10,10,18,"BMA",3.30948894797089,3.0462136000935,0.896
"1729",10,10,19,"BMA",1.00343099596887,2.34768673954578,0.5815
"1730",10,10,20,"BMA",1.18975161086015,2.35689314533058,0.681
"1731",10,10,21,"BMA",1.00737511450956,2.38986672842995,0.6365
"1732",10,10,22,"BMA",5.04498182187452,3.98587963112177,0.9765
"1733",10,10,23,"BMA",11.8904330336281,8.91247550944732,1
"1734",10,10,24,"BMA",3.81549699705351,3.25650464569887,0.0915
"1735",10,10,25,"BMA",1.75759748397322,2.72044244869599,0.265
"1736",10,10,26,"BMA",1.03496046782643,2.45645463810698,0.5115
"1737",10,10,27,"BMA",1.15692873038161,2.47804752965936,0.424
"1738",10,10,28,"BMA",1.34843502220856,2.52979828411046,0.3635
"1739",10,10,29,"BMA",5.72315057900935,4.0617256323751,0.0375
"1740",10,10,30,"BMA",4.77330494048322,3.65570670777771,0.049
"1741",10,10,31,"BMA",1.41597195967035,2.58822541079225,0.357
"1742",10,10,32,"BMA",4.70693834277944,3.66431306225107,0.062
"1743",10,10,33,"BMA",1.41397985875635,2.55351730470936,0.67
"1744",10,10,34,"BMA",2.40831069879773,2.8180257763465,0.1955
"1745",10,10,35,"BMA",4.57090439034545,3.75189293939112,0.0555
"1746",10,10,36,"BMA",3.74287458481303,3.30893413995969,0.116
"1747",10,10,37,"BMA",1.37574188038481,2.55325766486654,0.343
"1748",10,10,38,"BMA",1.86262510840059,2.70795469640263,0.264
"1749",10,10,1,"AVS",1.83456620031135,2.95615883152453,0.8105
"1750",10,10,2,"AVS",1.04055629471344,2.3543913071302,0.465
"1751",10,10,3,"AVS",4.0933839485183,3.93208213538807,0.026
"1752",10,10,4,"AVS",1.33690477294503,2.22371232858664,0.2415
"1753",10,10,5,"AVS",1.60355919861978,2.35040858846836,0.176
"1754",10,10,6,"AVS",0.794465484895885,2.03381662902817,0.3175
"1755",10,10,7,"AVS",1.17229987580122,2.22486426552693,0.1975
"1756",10,10,8,"AVS",0.733457764003311,1.89198819636609,0.673
"1757",10,10,9,"AVS",1.89803414767001,2.66330910926959,0.8945
"1758",10,10,10,"AVS",0.703574720480173,1.78848649365812,0.3365
"1759",10,10,11,"AVS",0.765113166167459,1.82525315562217,0.655
"1760",10,10,12,"AVS",1.93085512453318,2.6562099161275,0.9105
"1761",10,10,13,"AVS",2.8034060123798,3.24171051560084,0.972
"1762",10,10,14,"AVS",6.57989204585543,8.01626844988435,1
"1763",10,10,15,"AVS",1.7681126092786,2.44965660750926,0.1495
"1764",10,10,16,"AVS",3.45741686571165,3.45918487567415,0.95
"1765",10,10,17,"AVS",8.05118918416501,7.38684857654274,0.999
"1766",10,10,18,"AVS",3.13440545702365,3.0650096157949,0.907
"1767",10,10,19,"AVS",0.991281382967628,2.27368197856967,0.5815
"1768",10,10,20,"AVS",1.18747386628195,2.38181328155455,0.7195
"1769",10,10,21,"AVS",1.00691798790096,2.40531317216795,0.628
"1770",10,10,22,"AVS",5.04462308328079,3.88465680408613,0.9745
"1771",10,10,23,"AVS",11.8868491667546,13.7191925640501,1
"1772",10,10,24,"AVS",3.95860510366219,3.26731646931217,0.0825
"1773",10,10,25,"AVS",1.75784063486477,2.73514567631251,0.2705
"1774",10,10,26,"AVS",1.03489601180319,2.43112627311241,0.5045
"1775",10,10,27,"AVS",1.15692003381555,2.50877733553458,0.411
"1776",10,10,28,"AVS",1.34843074085394,2.54892660354864,0.3535
"1777",10,10,29,"AVS",5.72315364281383,3.92534544924732,0.0465
"1778",10,10,30,"AVS",4.77327842696693,3.63075985417924,0.0465
"1779",10,10,31,"AVS",1.41593608408038,2.59607360730053,0.3245
"1780",10,10,32,"AVS",4.70692475113518,3.76901916724063,0.0615
"1781",10,10,33,"AVS",1.41398372823849,2.58466985506652,0.6635
"1782",10,10,34,"AVS",2.40831986464,2.88261771923574,0.198
"1783",10,10,35,"AVS",4.57089654386272,3.62873721699988,0.062
"1784",10,10,36,"AVS",3.74285204774141,3.16965395552367,0.124
"1785",10,10,37,"AVS",1.37577066715454,2.56503862373701,0.339
"1786",10,10,38,"AVS",1.86266596349288,2.73593071047477,0.2305
"1787",10,10,1,"EQW",1.83456620031135,2.8958856112204,0.801
"1788",10,10,2,"EQW",1.04737212141118,2.38029247950015,0.604
"1789",10,10,3,"EQW",3.7793743457548,3.45917860456206,0.0485
"1790",10,10,4,"EQW",1.97779724576909,2.52430600464907,0.1825
"1791",10,10,5,"EQW",2.88433880148925,3.03368604983003,0.081
"1792",10,10,6,"EQW",2.43627845626071,2.70394731585575,0.1345
"1793",10,10,7,"EQW",2.34588172231231,2.59181324350258,0.1095
"1794",10,10,8,"EQW",0.674774514990464,1.99604931163383,0.5535
"1795",10,10,9,"EQW",1.9648328282473,2.71050110687106,0.8695
"1796",10,10,10,"EQW",0.734925635669234,2.05687492050425,0.5165
"1797",10,10,11,"EQW",1.07307296849006,2.17168879013845,0.726
"1798",10,10,12,"EQW",2.61689457421934,3.087144873904,0.926
"1799",10,10,13,"EQW",3.83185139858185,3.49017538170582,0.959
"1800",10,10,14,"EQW",8.41618399387811,6.26961695757452,0.9905
"1801",10,10,15,"EQW",1.5573205145871,2.79573097848852,0.512
"1802",10,10,16,"EQW",4.88274212803216,3.81607567572176,0.936
"1803",10,10,17,"EQW",10.3004433495534,5.86303407730241,0.9915
"1804",10,10,18,"EQW",5.23581859554817,3.30364320232941,0.8445
"1805",10,10,19,"EQW",3.3312085941474,3.14526078162804,0.638
"1806",10,10,20,"EQW",2.90504626734656,2.94198173393054,0.689
"1807",10,10,21,"EQW",2.38362421347465,2.83093958736852,0.6445
"1808",10,10,22,"EQW",5.74517810404309,3.83881356808864,0.928
"1809",10,10,23,"EQW",12.9064384313686,5.94139435374409,0.989
"1810",10,10,24,"EQW",4.24206835277809,4.0344952404897,0.4625
"1811",10,10,25,"EQW",2.46040373890395,3.21824151959396,0.4575
"1812",10,10,26,"EQW",1.99648853056928,2.94211117674716,0.571
"1813",10,10,27,"EQW",1.85772384493005,2.9495556419547,0.4615
"1814",10,10,28,"EQW",1.88118769423037,2.93976825398974,0.3875
"1815",10,10,29,"EQW",5.42002588599072,3.90348786058885,0.115
"1816",10,10,30,"EQW",6.40842356547242,3.82818746857614,0.065
"1817",10,10,31,"EQW",3.68215256110963,3.07468572699728,0.2195
"1818",10,10,32,"EQW",6.94961039513886,3.88462903869905,0.057
"1819",10,10,33,"EQW",2.12602817906774,2.92521699692574,0.452
"1820",10,10,34,"EQW",3.3081302707912,3.05652132512152,0.2015
"1821",10,10,35,"EQW",5.54069353139806,3.59240106632293,0.077
"1822",10,10,36,"EQW",5.62144282600772,3.69315013575519,0.063
"1823",10,10,37,"EQW",2.96896885615896,2.98684688623332,0.247
"1824",10,10,38,"EQW",3.4329205159451,3.05008871034632,0.1595
"1825",10,10,1,"SGP",1.83456620031135,2.95292690694663,0.7995
"1826",10,10,2,"SGP",1.01649709835272,2.31061146818928,0.647
"1827",10,10,3,"SGP",3.62192934881701,3.87234674953397,0.028
"1828",10,10,4,"SGP",1.13172203424147,2.20899636210551,0.273
"1829",10,10,5,"SGP",1.7835961137601,2.55274984754304,0.145
"1830",10,10,6,"SGP",1.1290271387263,2.1673357315225,0.271
"1831",10,10,7,"SGP",1.34188069617996,2.25072377476556,0.182
"1832",10,10,8,"SGP",0.712717311392199,1.95231933622941,0.677
"1833",10,10,9,"SGP",1.89819249452059,2.59440220620502,0.8985
"1834",10,10,10,"SGP",0.695602982272812,1.88668426829552,0.3495
"1835",10,10,11,"SGP",0.774615606266622,1.89115752456432,0.649
"1836",10,10,12,"SGP",1.96952083963589,2.67579919227219,0.905
"1837",10,10,13,"SGP",2.85139596199266,3.10199691371217,0.962
"1838",10,10,14,"SGP",6.73864684762795,6.77888018501548,1
"1839",10,10,15,"SGP",1.63644958647727,2.46671120785767,0.185
"1840",10,10,16,"SGP",3.57613642837589,3.48815135289366,0.9485
"1841",10,10,17,"SGP",8.18548265958385,6.48564746227911,0.997
"1842",10,10,18,"SGP",2.95258706515187,2.99895509885223,0.8695
"1843",10,10,19,"SGP",1.01011417543503,2.31780469767653,0.559
"1844",10,10,20,"SGP",1.16912467282124,2.37124239155214,0.683
"1845",10,10,21,"SGP",1.00064410546741,2.35540458550409,0.6155
"1846",10,10,22,"SGP",4.93099231107372,3.92454599284863,0.9705
"1847",10,10,23,"SGP",11.5949182879381,13.3070339364904,1
"1848",10,10,24,"SGP",6.08076983588788,3.69760063531115,0.0595
"1849",10,10,25,"SGP",1.81121399840742,2.69799354821235,0.2675
"1850",10,10,26,"SGP",1.04278044306752,2.4552030760035,0.51
"1851",10,10,27,"SGP",1.17275220081147,2.49133738773083,0.3985
"1852",10,10,28,"SGP",1.36477017838452,2.5957372291759,0.337
"1853",10,10,29,"SGP",5.74677265011953,4.03476823934175,0.0435
"1854",10,10,30,"SGP",4.77709266086398,3.55251404482576,0.0625
"1855",10,10,31,"SGP",1.42609544479134,2.73561515667204,0.338
"1856",10,10,32,"SGP",4.7163470146184,3.79173375033648,0.065
"1857",10,10,33,"SGP",1.41079216374918,2.61226119147545,0.667
"1858",10,10,34,"SGP",2.40524918212851,2.85366814402082,0.182
"1859",10,10,35,"SGP",4.58168294102757,3.59589487452381,0.0515
"1860",10,10,36,"SGP",3.75625410029995,3.29590655862749,0.119
"1861",10,10,37,"SGP",1.36304039887839,2.53707945014109,0.3675
"1862",10,10,38,"SGP",1.85208173317598,2.67972323628831,0.259
"1863",10,10,1,"SGP50",1.83456620031135,2.99901866952738,0.7955
"1864",10,10,2,"SGP50",1.04595506124055,2.40602311260686,0.611
"1865",10,10,3,"SGP50",3.76116260167455,3.60887721532516,0.0435
"1866",10,10,4,"SGP50",1.92065706843146,2.54086909930448,0.163
"1867",10,10,5,"SGP50",2.81677027243496,2.99718828510218,0.0705
"1868",10,10,6,"SGP50",2.39227322560933,2.713490580567,0.1395
"1869",10,10,7,"SGP50",2.31704955198238,2.64729989817554,0.1135
"1870",10,10,8,"SGP50",0.674421236575075,1.99615125296837,0.556
"1871",10,10,9,"SGP50",1.93869451612633,2.76749889795659,0.889
"1872",10,10,10,"SGP50",0.718468305938544,2.08129575028676,0.4955
"1873",10,10,11,"SGP50",1.02619450915412,2.14817994992676,0.7415
"1874",10,10,12,"SGP50",2.53333849604656,2.99705582255311,0.9225
"1875",10,10,13,"SGP50",3.69228377216959,3.47083084842181,0.952
"1876",10,10,14,"SGP50",8.22011822598574,6.27382272707699,0.993
"1877",10,10,15,"SGP50",1.42334810534076,2.68177444162934,0.462
"1878",10,10,16,"SGP50",4.69026115850403,3.79963937116697,0.9445
"1879",10,10,17,"SGP50",9.92668641502023,5.8479748201757,0.9955
"1880",10,10,18,"SGP50",4.21779588389721,3.10324624563118,0.815
"1881",10,10,19,"SGP50",2.43516752679101,2.99999510928959,0.5715
"1882",10,10,20,"SGP50",2.0701809221349,2.72276813978764,0.657
"1883",10,10,21,"SGP50",1.6731290022409,2.59909556767188,0.585
"1884",10,10,22,"SGP50",4.94201875485535,3.66698368080919,0.94
"1885",10,10,23,"SGP50",11.5073285375219,6.19406755072103,0.991
"1886",10,10,24,"SGP50",4.23463251123426,3.86020585682318,0.3045
"1887",10,10,25,"SGP50",2.19319723554567,3.05764188333275,0.3555
"1888",10,10,26,"SGP50",1.45642468800565,2.69268990199488,0.513
"1889",10,10,27,"SGP50",1.48724188351375,2.7556160085771,0.42
"1890",10,10,28,"SGP50",1.61868712775546,2.72726153208813,0.341
"1891",10,10,29,"SGP50",5.6727444105772,3.95250348873288,0.0785
"1892",10,10,30,"SGP50",5.29725835484091,3.68160009068124,0.07
"1893",10,10,31,"SGP50",2.13805319266774,2.79322215375808,0.2795
"1894",10,10,32,"SGP50",5.38982574990985,3.65932964889373,0.059
"1895",10,10,33,"SGP50",1.43489045329993,2.70555203460747,0.57
"1896",10,10,34,"SGP50",2.57994536543689,2.93548877739274,0.199
"1897",10,10,35,"SGP50",4.83744063490624,3.67590448421241,0.069
"1898",10,10,36,"SGP50",4.34159782236728,3.38324582680005,0.094
"1899",10,10,37,"SGP50",1.66793771610541,2.67880094185244,0.3245
"1900",10,10,38,"SGP50",2.19838630250822,2.83582077411073,0.2225
"1901",10,11,1,"BMA",1.18496204219658,2.06053196584214,0.1355
"1902",10,11,2,"BMA",7.98359281343132,6.00239280731618,0.982
"1903",10,11,3,"BMA",2.37123564024893,3.03999115292701,0.7175
"1904",10,11,4,"BMA",5.55819336177398,3.69282319143346,0.8925
"1905",10,11,5,"BMA",3.29953321422071,3.36862508131772,0.75
"1906",10,11,6,"BMA",2.72104064743612,3.19603740892834,0.6965
"1907",10,11,7,"BMA",2.07754270011714,3.07038636633411,0.584
"1908",10,11,8,"BMA",4.06164143664469,3.29039982046647,0.1995
"1909",10,11,9,"BMA",5.19318740212366,3.54486501030832,0.157
"1910",10,11,10,"BMA",3.54609908448134,3.22213632190532,0.232
"1911",10,11,11,"BMA",1.76998903842774,2.93598291414919,0.56
"1912",10,11,12,"BMA",2.2246379470051,2.99255327301899,0.683
"1913",10,11,13,"BMA",1.52741721631952,2.7948096398008,0.547
"1914",10,11,14,"BMA",5.56770531984301,3.63011121724296,0.925
"1915",10,11,15,"BMA",4.0805114930247,3.39424665062676,0.857
"1916",10,11,16,"BMA",7.62755559220045,4.41582722919225,0.9655
"1917",10,11,17,"BMA",11.8169870647077,5.66750763319149,0.992
"1918",10,11,18,"BMA",8.5226405324816,4.55548885733106,0.954
"1919",10,11,19,"BMA",7.83244835704109,4.14623380022966,0.948
"1920",10,11,20,"BMA",13.9527427924397,5.64261897012472,0.979
"1921",10,11,21,"BMA",13.7672116083127,4.99170350621909,0.9675
"1922",10,11,22,"BMA",3.81132083808252,3.41376470484938,0.7225
"1923",10,11,23,"BMA",6.02917496410679,3.72454007017255,0.835
"1924",10,11,24,"BMA",10.5431918381116,4.40572320099379,0.9355
"1925",10,11,25,"BMA",17.3209684515552,5.88902029248661,0.984
"1926",10,11,26,"BMA",4.69455163564496,3.54144196308873,0.7425
"1927",10,11,27,"BMA",4.96451332560943,3.57928361799217,0.2035
"1928",10,11,28,"BMA",8.89086540221342,4.01019387482633,0.092
"1929",10,11,29,"BMA",11.2641427994676,4.70803864854323,0.0365
"1930",10,11,30,"BMA",5.43184323087918,3.60211831814967,0.1595
"1931",10,11,31,"BMA",5.67492366760867,3.58551552918472,0.153
"1932",10,11,32,"BMA",8.75795815822462,4.25830355464684,0.0455
"1933",10,11,33,"BMA",6.46025948977209,3.6621999273704,0.0875
"1934",10,11,34,"BMA",3.77553718413868,3.30026830193349,0.1925
"1935",10,11,35,"BMA",1.78298597061731,2.87342985755222,0.432
"1936",10,11,36,"BMA",2.08950968194336,2.89078363613344,0.361
"1937",10,11,37,"BMA",1.59625903011561,2.84076511527438,0.495
"1938",10,11,38,"BMA",1.83104474010443,2.9395869267963,0.6355
"1939",10,11,1,"AVS",1.18496204219658,2.05759955601165,0.117
"1940",10,11,2,"AVS",8.41853548597949,6.61273626321309,0.99
"1941",10,11,3,"AVS",2.35722879401217,3.05082237203526,0.734
"1942",10,11,4,"AVS",5.39501525935612,3.79766376520402,0.889
"1943",10,11,5,"AVS",3.30985351913212,3.27733987983362,0.739
"1944",10,11,6,"AVS",2.70608198326065,3.09743436189049,0.7175
"1945",10,11,7,"AVS",1.96533483238756,2.958498098927,0.575
"1946",10,11,8,"AVS",3.78229455455871,3.28815712453693,0.164
"1947",10,11,9,"AVS",3.39018060687582,3.1718293337898,0.186
"1948",10,11,10,"AVS",1.24366531837346,2.57122892563297,0.399
"1949",10,11,11,"AVS",1.38225375548322,2.44501747171209,0.6875
"1950",10,11,12,"AVS",1.04902106073437,2.36041938558589,0.596
"1951",10,11,13,"AVS",1.74977017869783,2.59472897029934,0.2335
"1952",10,11,14,"AVS",3.90418465337056,3.31896432364317,0.935
"1953",10,11,15,"AVS",1.01738288358244,2.30450231787735,0.3905
"1954",10,11,16,"AVS",2.95338162888859,3.07955534576895,0.8975
"1955",10,11,17,"AVS",3.91376221617836,3.447012693713,0.913
"1956",10,11,18,"AVS",1.08987489566474,2.49102274950428,0.397
"1957",10,11,19,"AVS",1.00256317216729,2.34454487861202,0.6135
"1958",10,11,20,"AVS",5.73366447571307,4.24067964509135,0.981
"1959",10,11,21,"AVS",2.52566448503361,2.86275400642452,0.826
"1960",10,11,22,"AVS",5.60041873377022,4.12930953842393,0.035
"1961",10,11,23,"AVS",3.12263294731569,3.02934891686384,0.871
"1962",10,11,24,"AVS",5.91870229322326,3.96439239445283,0.9745
"1963",10,11,25,"AVS",8.42864159610977,5.27621441599343,0.9945
"1964",10,11,26,"AVS",7.2356368428341,4.77931684802893,0.019
"1965",10,11,27,"AVS",11.0977973479828,6.43023851758962,0.0015
"1966",10,11,28,"AVS",5.46272746635525,3.72196455379171,0.0765
"1967",10,11,29,"AVS",5.40044137333136,3.60848544086551,0.0675
"1968",10,11,30,"AVS",1.45413506201503,2.66652235437451,0.572
"1969",10,11,31,"AVS",2.53049154746537,2.95399696225041,0.229
"1970",10,11,32,"AVS",4.34983941306843,3.39719573005755,0.1145
"1971",10,11,33,"AVS",1.6174236656783,2.71079476093468,0.38
"1972",10,11,34,"AVS",1.29584640052631,2.70180578507708,0.4925
"1973",10,11,35,"AVS",1.67889517295317,2.80266182422913,0.6485
"1974",10,11,36,"AVS",1.87852575531441,2.74708820847026,0.298
"1975",10,11,37,"AVS",1.30063149698479,2.68371742074916,0.4955
"1976",10,11,38,"AVS",1.28585275749255,2.69205665706693,0.5615
"1977",10,11,1,"EQW",1.18496204219658,2.03845407626785,0.1305
"1978",10,11,2,"EQW",6.82426883170444,4.80608590749934,0.9655
"1979",10,11,3,"EQW",3.03642382536018,3.05957651943469,0.8
"1980",10,11,4,"EQW",8.26226716646771,4.61470174742854,0.9585
"1981",10,11,5,"EQW",1.9693605667842,2.93420481159133,0.643
"1982",10,11,6,"EQW",2.24254511272364,2.97500660172312,0.6985
"1983",10,11,7,"EQW",1.59812171183604,2.74330259804896,0.599
"1984",10,11,8,"EQW",3.7674153535636,3.33810198736513,0.1445
"1985",10,11,9,"EQW",2.43558814555727,2.92714633467033,0.2525
"1986",10,11,10,"EQW",1.61902465202618,2.79971706747986,0.372
"1987",10,11,11,"EQW",1.56865961851976,2.69824035262684,0.632
"1988",10,11,12,"EQW",1.50101728496474,2.62264984792764,0.6555
"1989",10,11,13,"EQW",1.36113111222673,2.5954526953242,0.367
"1990",10,11,14,"EQW",4.41393757518469,3.50505862761785,0.934
"1991",10,11,15,"EQW",1.61345357392306,2.73712712087628,0.6115
"1992",10,11,16,"EQW",4.77074970436718,3.50978743447785,0.9265
"1993",10,11,17,"EQW",6.82121343796545,3.90651041395257,0.954
"1994",10,11,18,"EQW",2.8868534172825,3.11327833121151,0.6515
"1995",10,11,19,"EQW",2.96842291000053,2.95317269358656,0.7425
"1996",10,11,20,"EQW",8.26956084362927,4.26794558847173,0.9765
"1997",10,11,21,"EQW",6.09648199332713,3.28560940206485,0.8765
"1998",10,11,22,"EQW",3.40658460806808,3.91649337833993,0.416
"1999",10,11,23,"EQW",4.67076070033663,3.27672581451231,0.8605
"2000",10,11,24,"EQW",8.0809198375446,4.06350072381386,0.9545
"2001",10,11,25,"EQW",12.1543860383877,5.02190499405263,0.9905
"2002",10,11,26,"EQW",4.57841087877572,4.15793544361125,0.419
"2003",10,11,27,"EQW",6.21978274544569,4.12591921367496,0.221
"2004",10,11,28,"EQW",5.15172443122613,3.57595472334819,0.1615
"2005",10,11,29,"EQW",6.71716185944998,3.84319911098793,0.085
"2006",10,11,30,"EQW",2.39176727111792,3.00436895628654,0.3805
"2007",10,11,31,"EQW",3.92430056052413,3.27504165486161,0.1915
"2008",10,11,32,"EQW",6.60353096231064,3.86268746048943,0.0645
"2009",10,11,33,"EQW",3.71536783607415,3.18466436728282,0.2345
"2010",10,11,34,"EQW",2.17032823163958,2.93160135638798,0.3755
"2011",10,11,35,"EQW",1.60294560744547,2.83897457934909,0.576
"2012",10,11,36,"EQW",1.85026944769391,2.8611733107187,0.36
"2013",10,11,37,"EQW",1.46095712572672,2.68792288821606,0.5135
"2014",10,11,38,"EQW",1.66666243878757,2.80448172741554,0.6415
"2015",10,11,1,"SGP",1.18496204219658,2.09092536942908,0.1235
"2016",10,11,2,"SGP",8.43843505821557,5.81300605947579,0.989
"2017",10,11,3,"SGP",2.89211704645096,2.98555034413313,0.789
"2018",10,11,4,"SGP",7.6321988261764,5.11914461414308,0.9845
"2019",10,11,5,"SGP",1.52478614345552,2.63956983683645,0.651
"2020",10,11,6,"SGP",2.2711527149616,2.74934531215824,0.7755
"2021",10,11,7,"SGP",1.33642410449521,2.55060176802265,0.6235
"2022",10,11,8,"SGP",3.17364049117274,3.08613775934757,0.117
"2023",10,11,9,"SGP",1.87818757914785,2.74489750098461,0.248
"2024",10,11,10,"SGP",1.21515307624154,2.56300072040761,0.404
"2025",10,11,11,"SGP",1.38566923903366,2.51649561221795,0.6935
"2026",10,11,12,"SGP",1.06585728232099,2.32589871367629,0.6045
"2027",10,11,13,"SGP",1.73089311110546,2.57350305853106,0.2345
"2028",10,11,14,"SGP",3.92380530143552,3.35030251014165,0.9285
"2029",10,11,15,"SGP",1.02129688268604,2.40076095654907,0.4065
"2030",10,11,16,"SGP",3.02540312133481,3.01012433174148,0.8905
"2031",10,11,17,"SGP",3.99074092983061,3.52811928486876,0.9255
"2032",10,11,18,"SGP",1.10628631115507,2.51845891830466,0.399
"2033",10,11,19,"SGP",1.01163688801007,2.37453582597966,0.6045
"2034",10,11,20,"SGP",5.70611197953197,4.04344098813859,0.974
"2035",10,11,21,"SGP",2.48537452953481,2.87323532107739,0.8275
"2036",10,11,22,"SGP",5.63168940819918,4.13622782389946,0.0305
"2037",10,11,23,"SGP",3.06608711321993,2.90796497425387,0.864
"2038",10,11,24,"SGP",5.80512833295789,3.91914425071531,0.9635
"2039",10,11,25,"SGP",8.30312402178337,4.97134639101883,0.9895
"2040",10,11,26,"SGP",7.49752558271274,4.81359462792285,0.0235
"2041",10,11,27,"SGP",11.2062386242585,5.86993410064781,0.008
"2042",10,11,28,"SGP",5.43970436976307,3.7182282381812,0.073
"2043",10,11,29,"SGP",5.40530351302743,3.70774638842364,0.074
"2044",10,11,30,"SGP",1.44213307008703,2.66672351800853,0.5695
"2045",10,11,31,"SGP",2.53057791142577,3.04276279074805,0.2385
"2046",10,11,32,"SGP",4.38355148374117,3.35766293853234,0.1175
"2047",10,11,33,"SGP",1.64198507369923,2.78983919318548,0.3845
"2048",10,11,34,"SGP",1.30565347048283,2.6377468706579,0.499
"2049",10,11,35,"SGP",1.63925088481729,2.69188417103076,0.6265
"2050",10,11,36,"SGP",1.88089160326145,2.77476249410278,0.306
"2051",10,11,37,"SGP",1.31689300910922,2.69642539232745,0.4995
"2052",10,11,38,"SGP",1.29708849674703,2.64082546663028,0.5795
"2053",10,11,1,"SGP50",1.18496204219658,2.00928998535126,0.1355
"2054",10,11,2,"SGP50",6.89285920885772,4.50092413320168,0.9525
"2055",10,11,3,"SGP50",3.0527855584334,3.14869917437145,0.8035
"2056",10,11,4,"SGP50",8.30823178423609,4.63449716968594,0.965
"2057",10,11,5,"SGP50",1.94735126433796,2.86365805347492,0.654
"2058",10,11,6,"SGP50",2.24236980530379,2.96077742390895,0.7005
"2059",10,11,7,"SGP50",1.57359789857809,2.73100097274106,0.6095
"2060",10,11,8,"SGP50",3.76441515112052,3.43237086864025,0.141
"2061",10,11,9,"SGP50",2.36377194338943,2.91525622738425,0.264
"2062",10,11,10,"SGP50",1.54958719650011,2.74209676470065,0.3835
"2063",10,11,11,"SGP50",1.53427150256979,2.64745286755347,0.6515
"2064",10,11,12,"SGP50",1.41669491004054,2.56232874557104,0.6465
"2065",10,11,13,"SGP50",1.40413132523544,2.62252650356163,0.3645
"2066",10,11,14,"SGP50",4.31671035835504,3.42605743302139,0.9325
"2067",10,11,15,"SGP50",1.42202494997901,2.65988999144413,0.5845
"2068",10,11,16,"SGP50",4.38512889419056,3.46416815010565,0.923
"2069",10,11,17,"SGP50",6.07675491176954,3.83925609375707,0.962
"2070",10,11,18,"SGP50",2.18344762712316,2.9166758825578,0.5655
"2071",10,11,19,"SGP50",2.20214513376926,2.77718181523905,0.6835
"2072",10,11,20,"SGP50",7.16272761087593,4.07995675962932,0.975
"2073",10,11,21,"SGP50",4.33353705048192,3.14165718287515,0.869
"2074",10,11,22,"SGP50",3.89802100195161,4.03552793869647,0.288
"2075",10,11,23,"SGP50",3.71759876445153,2.9957535832344,0.85
"2076",10,11,24,"SGP50",6.56422573938805,3.90839654497796,0.9565
"2077",10,11,25,"SGP50",9.64787258926419,5.01845531838691,0.9915
"2078",10,11,26,"SGP50",5.41698950166442,4.62083052948933,0.243
"2079",10,11,27,"SGP50",8.83678941437364,4.83638762509735,0.1015
"2080",10,11,28,"SGP50",5.24944434458519,3.75391035607125,0.112
"2081",10,11,29,"SGP50",5.92459119512199,3.76180077688689,0.0775
"2082",10,11,30,"SGP50",1.66295012958818,2.85873990862718,0.488
"2083",10,11,31,"SGP50",3.03657828149091,3.14685371015081,0.208
"2084",10,11,32,"SGP50",5.26455822061718,3.71016450957523,0.095
"2085",10,11,33,"SGP50",2.34039525870768,2.92290199634327,0.327
"2086",10,11,34,"SGP50",1.56769780237976,2.83096268608421,0.4285
"2087",10,11,35,"SGP50",1.5445443234301,2.81174312435048,0.5815
"2088",10,11,36,"SGP50",1.8689958033458,2.76073870579159,0.3245
"2089",10,11,37,"SGP50",1.39087371870069,2.69739156627059,0.5145
"2090",10,11,38,"SGP50",1.45368524629473,2.71090948526546,0.5835
"2091",10,12,1,"BMA",1.25251938230195,2.56960663996466,0.58
"2092",10,12,2,"BMA",1.98335681661065,2.81991052567582,0.774
"2093",10,12,3,"BMA",0.929900090020651,2.26854885388063,0.5585
"2094",10,12,4,"BMA",4.38081262900778,3.74668124198926,0.926
"2095",10,12,5,"BMA",1.20376888687232,2.62500725317434,0.572
"2096",10,12,6,"BMA",3.65011854800428,3.35291709833702,0.875
"2097",10,12,7,"BMA",6.20644468428652,4.16428306050656,0.949
"2098",10,12,8,"BMA",6.34242356016647,3.87505045994308,0.939
"2099",10,12,9,"BMA",9.01420610321954,4.15531799838313,0.946
"2100",10,12,10,"BMA",2.3612812423733,3.13087415520791,0.534
"2101",10,12,11,"BMA",7.95875729185615,4.58246820315736,0.967
"2102",10,12,12,"BMA",6.43820751933251,3.90781939940089,0.144
"2103",10,12,13,"BMA",5.375359549342,3.70936708915611,0.2375
"2104",10,12,14,"BMA",3.69747159830597,3.5610040561223,0.445
"2105",10,12,15,"BMA",4.86229319843885,3.74961535458164,0.2895
"2106",10,12,16,"BMA",15.3918542429538,5.07973325594962,0.9625
"2107",10,12,17,"BMA",2.08692603922932,3.13565802867029,0.507
"2108",10,12,18,"BMA",2.04761543399175,3.11323972887981,0.562
"2109",10,12,19,"BMA",2.42791617157608,3.10523981177083,0.324
"2110",10,12,20,"BMA",1.54961877637621,2.81053571140779,0.4355
"2111",10,12,21,"BMA",1.43546090611881,2.74032711990434,0.4775
"2112",10,12,22,"BMA",2.6491344618524,2.88289979030085,0.187
"2113",10,12,23,"BMA",1.18774012830037,2.5869171493972,0.5455
"2114",10,12,24,"BMA",1.02930221982789,2.36356818590798,0.4165
"2115",10,12,25,"BMA",2.56603187270861,2.8739161368327,0.1405
"2116",10,12,26,"BMA",1.28366674777654,2.44608086541898,0.717
"2117",10,12,27,"BMA",4.28084903212036,3.75610201697852,0.958
"2118",10,12,28,"BMA",7.61813938165224,5.92646491563867,0.9945
"2119",10,12,29,"BMA",1.00861090396981,2.29054909461681,0.6245
"2120",10,12,30,"BMA",1.34137779478765,2.37996247981535,0.251
"2121",10,12,31,"BMA",1.07216383040771,2.19707889013089,0.332
"2122",10,12,32,"BMA",0.685823716753215,1.99826112540913,0.494
"2123",10,12,33,"BMA",0.831251962069988,1.96289293292708,0.3645
"2124",10,12,34,"BMA",0.814975541784268,1.92264992287902,0.3405
"2125",10,12,35,"BMA",0.858367363431094,1.86159158020763,0.3075
"2126",10,12,36,"BMA",0.673745237770572,1.84072177745402,0.596
"2127",10,12,37,"BMA",3.86134942802395,4.2155239030883,0.007
"2128",10,12,38,"BMA",5.72352803968183,6.40636136943302,0.001
"2129",10,12,1,"AVS",1.25251938230195,2.59259572522018,0.598
"2130",10,12,2,"AVS",1.75827655525867,2.648871456912,0.773
"2131",10,12,3,"AVS",0.896129251748367,2.31020882578999,0.519
"2132",10,12,4,"AVS",4.31888815005837,3.89136011207033,0.92
"2133",10,12,5,"AVS",1.2263283652191,2.62854746502795,0.5965
"2134",10,12,6,"AVS",3.38588065357594,3.25657411064651,0.8635
"2135",10,12,7,"AVS",6.41901070897197,4.07676877289319,0.946
"2136",10,12,8,"AVS",7.15081186139818,4.03218725429196,0.938
"2137",10,12,9,"AVS",4.4305617912829,3.30048179115172,0.904
"2138",10,12,10,"AVS",2.41943311298595,2.87125072442608,0.1385
"2139",10,12,11,"AVS",6.61279324294803,4.74092568989755,0.9845
"2140",10,12,12,"AVS",11.4952999442524,9.02399352162004,0
"2141",10,12,13,"AVS",5.60029923994218,3.83723861051746,0.153
"2142",10,12,14,"AVS",3.45305103815716,3.51342272544908,0.4005
"2143",10,12,15,"AVS",5.19216932651338,3.81825448043343,0.2485
"2144",10,12,16,"AVS",15.5871119627835,5.4289769792005,0.968
"2145",10,12,17,"AVS",5.06089084485962,3.65386398512426,0.219
"2146",10,12,18,"AVS",2.05335524712912,3.181963399881,0.565
"2147",10,12,19,"AVS",2.38308535667011,3.07998156448862,0.317
"2148",10,12,20,"AVS",1.533049039336,2.83057198647466,0.4805
"2149",10,12,21,"AVS",1.41884625325934,2.72248160245795,0.442
"2150",10,12,22,"AVS",2.62431290805266,2.80733310418474,0.189
"2151",10,12,23,"AVS",1.18504655310047,2.49837735204244,0.538
"2152",10,12,24,"AVS",1.02194998072465,2.37832555797286,0.4115
"2153",10,12,25,"AVS",2.57138018785735,2.8095145796057,0.1405
"2154",10,12,26,"AVS",1.27871054615581,2.4470764964388,0.72
"2155",10,12,27,"AVS",4.27324326414313,3.7025597042426,0.9535
"2156",10,12,28,"AVS",7.61497316998816,5.23512146313728,0.9895
"2157",10,12,29,"AVS",1.00254053877168,2.27619642023157,0.647
"2158",10,12,30,"AVS",1.34341441888872,2.36838206031997,0.247
"2159",10,12,31,"AVS",1.07598734547313,2.2440685558525,0.321
"2160",10,12,32,"AVS",0.683813240271192,2.06576253393773,0.477
"2161",10,12,33,"AVS",0.831638222062759,2.04580672182018,0.3735
"2162",10,12,34,"AVS",0.815258007660042,1.90103538406068,0.3275
"2163",10,12,35,"AVS",0.858552443232468,1.92301335437831,0.296
"2164",10,12,36,"AVS",0.67363164417953,1.8799045026819,0.5985
"2165",10,12,37,"AVS",3.86144283635866,3.97396474759963,0.0075
"2166",10,12,38,"AVS",5.72513226766439,7.07191793157964,0
"2167",10,12,1,"EQW",1.25251938230195,2.57567512401454,0.6135
"2168",10,12,2,"EQW",2.16193780594826,2.87769810742144,0.759
"2169",10,12,3,"EQW",1.01477262957431,2.34190139726065,0.579
"2170",10,12,4,"EQW",4.19883426656174,3.87309892649789,0.916
"2171",10,12,5,"EQW",1.13501068267677,2.50460882983638,0.5955
"2172",10,12,6,"EQW",3.55113030695184,3.39985019379778,0.899
"2173",10,12,7,"EQW",5.54498858746248,4.07055978455683,0.9455
"2174",10,12,8,"EQW",3.85493521827281,3.27256178401147,0.8455
"2175",10,12,9,"EQW",7.01786659855432,3.76018774767044,0.941
"2176",10,12,10,"EQW",2.77632125389366,3.24517652701183,0.626
"2177",10,12,11,"EQW",10.9361644607167,4.77831089272805,0.9705
"2178",10,12,12,"EQW",4.13280460721901,3.55345790150372,0.2685
"2179",10,12,13,"EQW",4.92614990831148,3.63712219674845,0.1695
"2180",10,12,14,"EQW",3.77357324386286,3.52745037025503,0.255
"2181",10,12,15,"EQW",9.2172705504951,4.41492891288678,0.093
"2182",10,12,16,"EQW",6.83569922998476,3.86333978221737,0.8285
"2183",10,12,17,"EQW",4.26713949710321,3.57044596105406,0.2525
"2184",10,12,18,"EQW",2.30641845175712,3.10918444285684,0.401
"2185",10,12,19,"EQW",3.66158296039563,3.30472407874108,0.226
"2186",10,12,20,"EQW",2.1465023963939,3.05877933584744,0.376
"2187",10,12,21,"EQW",2.21640543581281,3.04516200843077,0.369
"2188",10,12,22,"EQW",4.08511134345844,3.23545552137987,0.167
"2189",10,12,23,"EQW",1.63629934541281,2.85843181307381,0.551
"2190",10,12,24,"EQW",1.55880012638605,2.79107951302624,0.4295
"2191",10,12,25,"EQW",2.7855957767521,2.98297585187589,0.212
"2192",10,12,26,"EQW",2.08599841867697,2.90435297779237,0.7265
"2193",10,12,27,"EQW",3.48142696664074,3.29566411632561,0.8255
"2194",10,12,28,"EQW",3.92376217329459,3.51613372223869,0.756
"2195",10,12,29,"EQW",2.40307180273179,3.00925438017986,0.4325
"2196",10,12,30,"EQW",1.57403582246189,2.7098931519491,0.362
"2197",10,12,31,"EQW",1.50773158849375,2.72522430596348,0.5875
"2198",10,12,32,"EQW",1.4828845201588,2.66564558650906,0.622
"2199",10,12,33,"EQW",1.28476237735382,2.57157248620701,0.5285
"2200",10,12,34,"EQW",1.23777632074252,2.55870455231303,0.523
"2201",10,12,35,"EQW",1.28787008145327,2.64384930811542,0.5715
"2202",10,12,36,"EQW",1.77137167115287,2.66809015039041,0.6995
"2203",10,12,37,"EQW",2.24800870470524,2.91071485062526,0.259
"2204",10,12,38,"EQW",1.94897836181841,2.69187788762688,0.2925
"2205",10,12,1,"SGP",1.25251938230195,2.60869404412557,0.5835
"2206",10,12,2,"SGP",2.32595080015325,2.86900871527923,0.843
"2207",10,12,3,"SGP",0.900971730419661,2.11348835271194,0.62
"2208",10,12,4,"SGP",5.12014519232426,4.38297545962393,0.969
"2209",10,12,5,"SGP",0.966476389228053,2.27961223088675,0.6045
"2210",10,12,6,"SGP",4.70362878875722,3.87627910438457,0.966
"2211",10,12,7,"SGP",6.03175983916922,4.65733287211457,0.979
"2212",10,12,8,"SGP",2.11510100902008,2.7194384495713,0.7575
"2213",10,12,9,"SGP",3.0712656136626,3.01756878009267,0.8885
"2214",10,12,10,"SGP",2.25890677523546,2.82572847828767,0.1565
"2215",10,12,11,"SGP",6.72341118573778,4.72419655747488,0.9835
"2216",10,12,12,"SGP",11.1011142251424,6.80232410656098,0.0065
"2217",10,12,13,"SGP",6.35440654866186,3.83856016374211,0.067
"2218",10,12,14,"SGP",4.23303646110497,3.40311320031908,0.128
"2219",10,12,15,"SGP",11.9963706980581,5.39817278588263,0.01
"2220",10,12,16,"SGP",5.84021576002594,3.75584581838968,0.9115
"2221",10,12,17,"SGP",8.83991581483085,4.29654739586286,0.036
"2222",10,12,18,"SGP",3.22791891753592,3.21967170478181,0.22
"2223",10,12,19,"SGP",4.79045428982794,3.53069196003775,0.1455
"2224",10,12,20,"SGP",2.61884874190027,3.07388386742564,0.307
"2225",10,12,21,"SGP",3.0299848710583,3.22221492573331,0.2655
"2226",10,12,22,"SGP",5.67280537555609,3.59574455589975,0.112
"2227",10,12,23,"SGP",3.20730176155132,3.15597502133964,0.7765
"2228",10,12,24,"SGP",1.69652319444082,2.80274671115826,0.595
"2229",10,12,25,"SGP",2.74025479163457,3.04709466211416,0.2655
"2230",10,12,26,"SGP",4.37139751901624,3.48482360639392,0.8655
"2231",10,12,27,"SGP",3.40823796724677,3.08781638627359,0.7845
"2232",10,12,28,"SGP",1.57569701962291,2.90509495301913,0.536
"2233",10,12,29,"SGP",7.19924037800923,4.06717890687753,0.0695
"2234",10,12,30,"SGP",2.06119432875731,2.9038459908461,0.326
"2235",10,12,31,"SGP",3.66742385327466,3.29884158020999,0.823
"2236",10,12,32,"SGP",1.95605965383573,2.93340845647906,0.6775
"2237",10,12,33,"SGP",1.56545167455239,2.79025125600787,0.505
"2238",10,12,34,"SGP",1.49784383971407,2.71001521272511,0.4515
"2239",10,12,35,"SGP",0.854178932696831,2.05130398077439,0.2985
"2240",10,12,36,"SGP",0.695940115570886,1.93400110437163,0.602
"2241",10,12,37,"SGP",3.78246932734682,4.17245979068157,0.016
"2242",10,12,38,"SGP",5.52502565391432,5.56644242141967,0.0115
"2243",10,12,1,"SGP50",1.25251938230195,2.60093800853259,0.609
"2244",10,12,2,"SGP50",2.16911756209627,2.85818114648636,0.795
"2245",10,12,3,"SGP50",1.01300546544132,2.33356547169368,0.585
"2246",10,12,4,"SGP50",4.23826049900174,3.70218271213335,0.926
"2247",10,12,5,"SGP50",1.12612365773357,2.44587898744019,0.5635
"2248",10,12,6,"SGP50",3.5918881339578,3.42106127428827,0.906
"2249",10,12,7,"SGP50",5.55775317656729,4.08113102576277,0.9415
"2250",10,12,8,"SGP50",3.77444231542583,3.30759513019473,0.849
"2251",10,12,9,"SGP50",6.83934277334661,3.76208084642211,0.9425
"2252",10,12,10,"SGP50",2.60262246273954,3.24957918507379,0.6125
"2253",10,12,11,"SGP50",10.6375657003537,5.01856942682557,0.9765
"2254",10,12,12,"SGP50",4.56052490744558,3.64495267430563,0.253
"2255",10,12,13,"SGP50",4.89221665650599,3.61806308772204,0.1585
"2256",10,12,14,"SGP50",3.63413960110861,3.40108246460923,0.267
"2257",10,12,15,"SGP50",9.33948550535955,4.45905597679222,0.0785
"2258",10,12,16,"SGP50",6.91994144425903,3.90753227006516,0.8615
"2259",10,12,17,"SGP50",4.93218162047414,3.62904911285429,0.188
"2260",10,12,18,"SGP50",2.39037867211825,3.09749678954522,0.3505
"2261",10,12,19,"SGP50",3.92319116154883,3.378705064768,0.2135
"2262",10,12,20,"SGP50",2.25131969859445,3.06065377416045,0.3415
"2263",10,12,21,"SGP50",2.38953144869286,3.05203813546352,0.344
"2264",10,12,22,"SGP50",4.39164480692443,3.38996033445776,0.149
"2265",10,12,23,"SGP50",1.73920558359936,2.89219682585149,0.5555
"2266",10,12,24,"SGP50",1.62385618611605,2.77909266032817,0.446
"2267",10,12,25,"SGP50",2.88851996643159,3.0648630345111,0.202
"2268",10,12,26,"SGP50",2.21825509522377,2.94482115807315,0.7445
"2269",10,12,27,"SGP50",3.33510316878817,3.26035932000323,0.8145
"2270",10,12,28,"SGP50",3.49468159974617,3.3361517383886,0.7295
"2271",10,12,29,"SGP50",2.74426791368816,3.19213340377835,0.3465
"2272",10,12,30,"SGP50",1.66840829199518,2.70360151540432,0.363
"2273",10,12,31,"SGP50",1.53849099620206,2.75018531440004,0.574
"2274",10,12,32,"SGP50",1.44911997535055,2.66892174163544,0.6235
"2275",10,12,33,"SGP50",1.27394260884815,2.58371294918224,0.495
"2276",10,12,34,"SGP50",1.21240594853951,2.56540251008375,0.492
"2277",10,12,35,"SGP50",1.24386920195685,2.55052730075181,0.544
"2278",10,12,36,"SGP50",1.6587398071973,2.64995043905954,0.6985
"2279",10,12,37,"SGP50",2.39184876201571,2.95951665981814,0.24
"2280",10,12,38,"SGP50",2.12109109202765,2.82499195230665,0.258
"2281",10,13,1,"BMA",6.3299148012618,3.88203809500438,0.812
"2282",10,13,2,"BMA",2.88323059284102,3.36596057926333,0.6015
"2283",10,13,3,"BMA",2.76918254525088,3.15946853619731,0.653
"2284",10,13,4,"BMA",2.26903650509926,3.11194449624631,0.382
"2285",10,13,5,"BMA",16.1142799104878,6.91240873823651,0.994
"2286",10,13,6,"BMA",18.5210621186228,4.99103269213625,0.949
"2287",10,13,7,"BMA",10.8573410734652,4.35277857627834,0.865
"2288",10,13,8,"BMA",6.45619090392085,3.85773025091541,0.728
"2289",10,13,9,"BMA",4.14789828659342,3.66890766163417,0.414
"2290",10,13,10,"BMA",9.00328090120393,4.10254307367615,0.793
"2291",10,13,11,"BMA",4.48301455810291,3.68974097813804,0.5915
"2292",10,13,12,"BMA",7.31259384464108,3.97046466049739,0.601
"2293",10,13,13,"BMA",7.94449213630705,3.99754281125206,0.4505
"2294",10,13,14,"BMA",6.55899872166107,3.99653941498706,0.624
"2295",10,13,15,"BMA",4.51138311726707,3.86923185796908,0.4285
"2296",10,13,16,"BMA",6.33859183643635,3.97929775821675,0.2605
"2297",10,13,17,"BMA",4.48727927713754,3.59073794410752,0.3265
"2298",10,13,18,"BMA",6.20516321972973,3.83128285368018,0.8205
"2299",10,13,19,"BMA",5.9544809029296,3.80145160493692,0.842
"2300",10,13,20,"BMA",2.32775411955925,3.12914080024226,0.57
"2301",10,13,21,"BMA",2.46182581504349,3.13956773113974,0.6615
"2302",10,13,22,"BMA",4.7853533036918,3.65423070283275,0.8635
"2303",10,13,23,"BMA",3.63526783996724,3.2394229798508,0.79
"2304",10,13,24,"BMA",7.78424642764381,4.43449786011426,0.9565
"2305",10,13,25,"BMA",12.147851153388,5.70643252013232,0.9895
"2306",10,13,26,"BMA",2.62265667409034,3.08995201173265,0.703
"2307",10,13,27,"BMA",1.68587554326208,2.83913571152905,0.3725
"2308",10,13,28,"BMA",1.54238772378226,2.72394452843066,0.648
"2309",10,13,29,"BMA",1.55551696112878,2.68179780746996,0.6695
"2310",10,13,30,"BMA",3.96044518499344,3.26236548833151,0.8925
"2311",10,13,31,"BMA",2.81692347843853,3.00007533555866,0.8525
"2312",10,13,32,"BMA",0.932267814447835,2.33793888084615,0.5475
"2313",10,13,33,"BMA",1.84167566753552,2.6959133557219,0.7895
"2314",10,13,34,"BMA",0.930513899148149,2.25733014461066,0.394
"2315",10,13,35,"BMA",0.817063878490303,2.14400253766585,0.577
"2316",10,13,36,"BMA",1.02514320555636,2.18020954926157,0.303
"2317",10,13,37,"BMA",0.700411254575637,2.01043213517995,0.4685
"2318",10,13,38,"BMA",2.37784420832379,2.83151960296099,0.0695
"2319",10,13,1,"AVS",6.3299148012618,3.89255187695677,0.8125
"2320",10,13,2,"AVS",2.86667299618095,3.25585718436575,0.615
"2321",10,13,3,"AVS",3.79431539699129,3.52392820972588,0.7155
"2322",10,13,4,"AVS",3.15549900692561,3.48472531970044,0.6035
"2323",10,13,5,"AVS",19.2212556640846,7.1825942672643,0.998
"2324",10,13,6,"AVS",10.8512015148683,4.77443697846044,0.9745
"2325",10,13,7,"AVS",2.07164466307625,3.1195962406372,0.403
"2326",10,13,8,"AVS",3.03498082476357,3.22347507002781,0.2605
"2327",10,13,9,"AVS",8.0309374473066,4.05687322206641,0.0615
"2328",10,13,10,"AVS",11.3772796342809,4.88305462516857,0.9765
"2329",10,13,11,"AVS",15.0234070360385,5.52775007314067,0.012
"2330",10,13,12,"AVS",7.80549698470294,4.28477545964657,0.136
"2331",10,13,13,"AVS",9.81844233612907,4.49430250312461,0.284
"2332",10,13,14,"AVS",6.68730312946106,4.01609060935151,0.6495
"2333",10,13,15,"AVS",4.48543996473503,3.86313327127873,0.43
"2334",10,13,16,"AVS",6.15876567624833,3.90824171891466,0.273
"2335",10,13,17,"AVS",4.35925076667559,3.60794727190985,0.3285
"2336",10,13,18,"AVS",6.27973169880269,3.83897047805326,0.82
"2337",10,13,19,"AVS",6.06083779899135,3.83028136666212,0.836
"2338",10,13,20,"AVS",2.32435727660427,3.13333579006565,0.5835
"2339",10,13,21,"AVS",2.46741237937278,3.15309743890618,0.669
"2340",10,13,22,"AVS",4.8009092369236,3.63642591600378,0.8605
"2341",10,13,23,"AVS",3.65355262547784,3.24826156508922,0.803
"2342",10,13,24,"AVS",7.82700775117353,4.29194927872239,0.963
"2343",10,13,25,"AVS",12.3631705523037,5.54589513564404,0.99
"2344",10,13,26,"AVS",5.42809168154876,3.73445068448756,0.193
"2345",10,13,27,"AVS",1.42255548873536,2.69547101292299,0.466
"2346",10,13,28,"AVS",1.79433850467086,2.82904532057043,0.705
"2347",10,13,29,"AVS",1.7643517692106,2.80061475554235,0.719
"2348",10,13,30,"AVS",4.50465631522993,3.39417659313421,0.93
"2349",10,13,31,"AVS",3.16080960261331,3.23040409113107,0.884
"2350",10,13,32,"AVS",1.0131916186534,2.42958724510787,0.55
"2351",10,13,33,"AVS",1.81283608922991,2.637439638581,0.7685
"2352",10,13,34,"AVS",1.19463536359619,2.29839468228377,0.3225
"2353",10,13,35,"AVS",0.856109764885771,2.23949736376276,0.459
"2354",10,13,36,"AVS",1.70512164423747,2.36114059653827,0.203
"2355",10,13,37,"AVS",1.24840758098411,2.20741941871485,0.2675
"2356",10,13,38,"AVS",4.10851076094635,3.77015682209609,0.0255
"2357",10,13,1,"EQW",6.3299148012618,3.8780294392097,0.816
"2358",10,13,2,"EQW",2.94681140265883,3.36449021219297,0.5805
"2359",10,13,3,"EQW",3.08838469779504,3.34242553354049,0.5975
"2360",10,13,4,"EQW",2.91795865321794,3.3476314389171,0.435
"2361",10,13,5,"EQW",17.0516714367214,5.48701227414455,0.964
"2362",10,13,6,"EQW",16.5014007902839,4.90470056202951,0.9605
"2363",10,13,7,"EQW",11.2335212709459,4.16924855553304,0.8125
"2364",10,13,8,"EQW",8.07126451286186,4.0110858798215,0.705
"2365",10,13,9,"EQW",5.02934154988138,4.02260720353251,0.5055
"2366",10,13,10,"EQW",13.5737590560078,4.67698604699684,0.9105
"2367",10,13,11,"EQW",5.47046550774087,4.17510735206343,0.506
"2368",10,13,12,"EQW",4.72045832811762,3.95769518272056,0.484
"2369",10,13,13,"EQW",7.27041805697793,4.14832214379487,0.2925
"2370",10,13,14,"EQW",4.2507552868305,3.6902236543091,0.6575
"2371",10,13,15,"EQW",4.42338423850296,3.7486669689833,0.352
"2372",10,13,16,"EQW",6.72854882971564,3.90959021947336,0.203
"2373",10,13,17,"EQW",5.66280019339367,3.77539632752428,0.2445
"2374",10,13,18,"EQW",3.97820307123701,3.63382753620709,0.6125
"2375",10,13,19,"EQW",3.3517172473055,3.55986294399308,0.451
"2376",10,13,20,"EQW",4.47003124030678,3.58159016885967,0.271
"2377",10,13,21,"EQW",3.08723391952745,3.37632189417274,0.4065
"2378",10,13,22,"EQW",2.8857052129853,3.42871981859898,0.5675
"2379",10,13,23,"EQW",2.77377599372437,3.3210419424228,0.418
"2380",10,13,24,"EQW",3.35612280677653,3.38878765553683,0.687
"2381",10,13,25,"EQW",4.52285672392412,3.74050093067891,0.7615
"2382",10,13,26,"EQW",3.29449330084185,3.33328899699526,0.373
"2383",10,13,27,"EQW",2.82870952461149,3.1493943267635,0.3135
"2384",10,13,28,"EQW",2.10656927711263,3.12023335851851,0.561
"2385",10,13,29,"EQW",1.801205564636,2.92714995610283,0.4835
"2386",10,13,30,"EQW",2.4441000838914,3.19920200833621,0.7035
"2387",10,13,31,"EQW",2.10127221743238,3.14594280883728,0.607
"2388",10,13,32,"EQW",2.03018915421849,2.79910314977645,0.3825
"2389",10,13,33,"EQW",2.17686508928284,2.88181265054865,0.7145
"2390",10,13,34,"EQW",1.7064983124918,2.6923230162814,0.3855
"2391",10,13,35,"EQW",1.42636385729868,2.62136102280528,0.583
"2392",10,13,36,"EQW",1.61292109047195,2.63840075813361,0.349
"2393",10,13,37,"EQW",1.29099559311282,2.52273944792611,0.471
"2394",10,13,38,"EQW",2.58229357861801,3.13277263343951,0.2
"2395",10,13,1,"SGP",6.3299148012618,3.87201185440973,0.8075
"2396",10,13,2,"SGP",3.08794677061131,3.27217393025029,0.692
"2397",10,13,3,"SGP",2.00490808150763,2.82173092319299,0.6775
"2398",10,13,4,"SGP",2.23856301159501,2.86518982230971,0.2355
"2399",10,13,5,"SGP",15.4076946635881,13.4835042084008,1
"2400",10,13,6,"SGP",11.0117708762001,5.05394416179672,0.976
"2401",10,13,7,"SGP",2.09004796921801,3.10984168277305,0.4265
"2402",10,13,8,"SGP",2.98974649704039,3.19581308482572,0.2495
"2403",10,13,9,"SGP",7.90051405711871,4.17784201204266,0.0685
"2404",10,13,10,"SGP",11.3836057872159,4.88281779512372,0.974
"2405",10,13,11,"SGP",14.7775086674234,5.39564358248969,0.0205
"2406",10,13,12,"SGP",9.17660087434951,4.2893402268289,0.056
"2407",10,13,13,"SGP",20.6966961259787,7.00003869004271,0.0065
"2408",10,13,14,"SGP",4.68605798479911,3.44661035634792,0.7945
"2409",10,13,15,"SGP",6.7281520646035,3.81332187958395,0.13
"2410",10,13,16,"SGP",6.74313163420526,3.94652539025765,0.1185
"2411",10,13,17,"SGP",2.47716265522522,3.28428100106579,0.454
"2412",10,13,18,"SGP",8.9529947437725,4.26719369013926,0.9145
"2413",10,13,19,"SGP",3.86635108591699,3.43229929181023,0.2825
"2414",10,13,20,"SGP",4.68910999334154,3.442664338483,0.2015
"2415",10,13,21,"SGP",2.50839063995925,3.12992327542385,0.628
"2416",10,13,22,"SGP",4.20851988662525,3.45701654701542,0.784
"2417",10,13,23,"SGP",2.2501753572085,3.15999619320952,0.423
"2418",10,13,24,"SGP",4.44461772985081,3.46971717140578,0.7985
"2419",10,13,25,"SGP",2.89647671137414,3.20322907724748,0.672
"2420",10,13,26,"SGP",7.05267243735707,3.76526189839761,0.113
"2421",10,13,27,"SGP",2.03182625231089,3.18994803688313,0.4815
"2422",10,13,28,"SGP",4.98778673840445,3.48460264213639,0.826
"2423",10,13,29,"SGP",2.07356933229647,3.15883239613263,0.4515
"2424",10,13,30,"SGP",1.85168989784399,3.09147710350024,0.508
"2425",10,13,31,"SGP",3.36721218111933,3.1330081886998,0.2345
"2426",10,13,32,"SGP",4.62162341997488,3.32676225695663,0.1505
"2427",10,13,33,"SGP",3.34456437774901,3.28428003709013,0.746
"2428",10,13,34,"SGP",2.53557019702651,3.20370113464284,0.31
"2429",10,13,35,"SGP",2.43430996568384,3.11115792471287,0.672
"2430",10,13,36,"SGP",2.05417489659836,3.11609927255521,0.396
"2431",10,13,37,"SGP",1.96827462100489,2.94145312151548,0.611
"2432",10,13,38,"SGP",2.3116071855315,3.01514596035409,0.341
"2433",10,13,1,"SGP50",6.3299148012618,3.9012666613123,0.815
"2434",10,13,2,"SGP50",2.95416912483162,3.37921365941902,0.5835
"2435",10,13,3,"SGP50",3.07334768121135,3.33246513577276,0.646
"2436",10,13,4,"SGP50",2.77658291404585,3.34392542363146,0.4645
"2437",10,13,5,"SGP50",17.2208900331009,5.72732138351918,0.9665
"2438",10,13,6,"SGP50",16.1296164755266,5.0141586219592,0.965
"2439",10,13,7,"SGP50",8.96405687047347,3.97537810579508,0.76
"2440",10,13,8,"SGP50",5.78502130239606,3.86640412180886,0.633
"2441",10,13,9,"SGP50",4.7460616784976,3.99051751243395,0.3765
"2442",10,13,10,"SGP50",12.4029808458776,4.71253335647693,0.9375
"2443",10,13,11,"SGP50",6.70378187456529,4.3238216167591,0.3385
"2444",10,13,12,"SGP50",5.18070699803348,4.00611385635661,0.321
"2445",10,13,13,"SGP50",11.7430624373778,4.59984108655778,0.17
"2446",10,13,14,"SGP50",4.12064288762837,3.57863184894112,0.683
"2447",10,13,15,"SGP50",5.50589320267965,3.73189962350038,0.2425
"2448",10,13,16,"SGP50",7.06345194978991,3.86268454020761,0.1415
"2449",10,13,17,"SGP50",3.92537399878566,3.50419562434634,0.328
"2450",10,13,18,"SGP50",5.67451226203067,3.97084915050485,0.744
"2451",10,13,19,"SGP50",3.6134984629087,3.4634614365784,0.3515
"2452",10,13,20,"SGP50",4.76824808746134,3.57281776477581,0.2055
"2453",10,13,21,"SGP50",2.58066265397535,3.31672947899799,0.5175
"2454",10,13,22,"SGP50",3.32114902646323,3.45111323175355,0.661
"2455",10,13,23,"SGP50",2.52573342401715,3.21580240049696,0.4235
"2456",10,13,24,"SGP50",3.79889989408307,3.40422911817601,0.7335
"2457",10,13,25,"SGP50",3.60267086897608,3.4343565302436,0.73
"2458",10,13,26,"SGP50",4.87872245555024,3.56027533322404,0.228
"2459",10,13,27,"SGP50",2.34117154956005,3.09428551106084,0.405
"2460",10,13,28,"SGP50",3.09192482898975,3.28412625186901,0.6925
"2461",10,13,29,"SGP50",1.88688044379966,2.91437995000805,0.4565
"2462",10,13,30,"SGP50",2.08236177304373,3.13902259726187,0.606
"2463",10,13,31,"SGP50",2.2821321510723,3.21621453710499,0.4315
"2464",10,13,32,"SGP50",2.83413879742833,3.02071971269453,0.285
"2465",10,13,33,"SGP50",2.56484496215662,3.05713368079892,0.7385
"2466",10,13,34,"SGP50",1.86782221938737,2.84226136343431,0.3395
"2467",10,13,35,"SGP50",1.62495664338937,2.73853352121383,0.608
"2468",10,13,36,"SGP50",1.61239517749602,2.71392473183512,0.374
"2469",10,13,37,"SGP50",1.30155531892686,2.52735944773849,0.543
"2470",10,13,38,"SGP50",2.36763143316482,3.09105091165803,0.22
"2471",10,14,1,"BMA",2.47763301839907,3.16585861206099,0.7325
"2472",10,14,2,"BMA",2.13685903569181,2.92840377592742,0.7245
"2473",10,14,3,"BMA",1.2714219484457,2.5716653350047,0.5375
"2474",10,14,4,"BMA",1.053013629229,2.43040714764679,0.515
"2475",10,14,5,"BMA",2.28374047828168,2.95653871280613,0.8115
"2476",10,14,6,"BMA",3.09087362225177,3.07999666215259,0.892
"2477",10,14,7,"BMA",1.03262938617196,2.35787409538499,0.5945
"2478",10,14,8,"BMA",2.42099666055441,2.90972654594463,0.8695
"2479",10,14,9,"BMA",1.98818375570502,2.63686530216434,0.1965
"2480",10,14,10,"BMA",0.891122306370764,2.25875315059102,0.506
"2481",10,14,11,"BMA",0.921183974888172,2.26300652244232,0.5775
"2482",10,14,12,"BMA",1.73794471327132,2.57632424157287,0.8045
"2483",10,14,13,"BMA",4.38293056306227,3.72109228439272,0.043
"2484",10,14,14,"BMA",2.47486219768015,2.86039563583035,0.1365
"2485",10,14,15,"BMA",4.24665904071457,3.63168335021533,0.963
"2486",10,14,16,"BMA",0.969521330095573,2.31156183323422,0.409
"2487",10,14,17,"BMA",0.844973173142697,2.19687670462329,0.5375
"2488",10,14,18,"BMA",5.98954986624804,4.6223396324526,0.013
"2489",10,14,19,"BMA",1.04929608819858,2.33740842977176,0.379
"2490",10,14,20,"BMA",1.82652662221038,2.50771546633597,0.786
"2491",10,14,21,"BMA",1.83090222491218,2.60882572063607,0.8055
"2492",10,14,22,"BMA",0.877893306309814,2.21265808543291,0.5205
"2493",10,14,23,"BMA",3.95467628346845,3.580161779069,0.058
"2494",10,14,24,"BMA",1.23980927720091,2.38906068489174,0.712
"2495",10,14,25,"BMA",0.896414689261118,2.24833901316673,0.4865
"2496",10,14,26,"BMA",1.71632467062593,2.53510041312941,0.2145
"2497",10,14,27,"BMA",3.29841970793009,3.09943560250767,0.0905
"2498",10,14,28,"BMA",4.17753336697411,3.68039812937088,0.051
"2499",10,14,29,"BMA",0.99665564826571,2.33836217609252,0.6015
"2500",10,14,30,"BMA",1.80672591964963,2.52462931236473,0.1945
"2501",10,14,31,"BMA",1.39955278949416,2.49208087068885,0.2955
"2502",10,14,32,"BMA",0.948117063166758,2.25943369056433,0.397
"2503",10,14,33,"BMA",0.951431584480956,2.31079900419198,0.4075
"2504",10,14,34,"BMA",2.28380230824849,2.74535830148564,0.1285
"2505",10,14,35,"BMA",1.25826319725738,2.31492412359259,0.3005
"2506",10,14,36,"BMA",1.19499891368252,2.40269489004856,0.281
"2507",10,14,37,"BMA",0.764566267365532,1.84622268596936,0.402
"2508",10,14,38,"BMA",0.746290823893876,2.20088551864928,0.6225
"2509",10,14,1,"AVS",2.47763301839907,3.14166214032297,0.7315
"2510",10,14,2,"AVS",1.6668986878774,2.80989210452957,0.671
"2511",10,14,3,"AVS",1.26428447547862,2.54291079745869,0.5055
"2512",10,14,4,"AVS",0.973951488565867,2.37570278649872,0.562
"2513",10,14,5,"AVS",2.4597166607493,2.83365083844624,0.873
"2514",10,14,6,"AVS",3.15307598103358,3.1566609851372,0.914
"2515",10,14,7,"AVS",1.0630169077601,2.39236256698853,0.6185
"2516",10,14,8,"AVS",2.51083998132943,2.86562103082439,0.8555
"2517",10,14,9,"AVS",1.87566300155111,2.61035182006481,0.2065
"2518",10,14,10,"AVS",0.888822389430553,2.2279836861707,0.524
"2519",10,14,11,"AVS",0.936671495875439,2.18635929435719,0.609
"2520",10,14,12,"AVS",1.79016556966236,2.54732754098979,0.826
"2521",10,14,13,"AVS",4.29601415711045,3.72637654996055,0.0405
"2522",10,14,14,"AVS",2.45039989280908,2.82365691602847,0.1395
"2523",10,14,15,"AVS",4.2839893645478,3.59698211268226,0.9615
"2524",10,14,16,"AVS",0.980529516528714,2.37855273736671,0.436
"2525",10,14,17,"AVS",0.829197863569673,2.21449910631713,0.526
"2526",10,14,18,"AVS",6.0394060542895,4.4830416324069,0.014
"2527",10,14,19,"AVS",1.04764794704988,2.39558492668562,0.387
"2528",10,14,20,"AVS",1.81264280581806,2.40142739554995,0.782
"2529",10,14,21,"AVS",1.78011028140569,2.56341891192974,0.7785
"2530",10,14,22,"AVS",0.868753251924372,2.29462742630027,0.538
"2531",10,14,23,"AVS",3.96823624047656,3.48744446743562,0.0555
"2532",10,14,24,"AVS",1.23437902822834,2.34992022466061,0.696
"2533",10,14,25,"AVS",0.895416713476259,2.22814770261343,0.4985
"2534",10,14,26,"AVS",1.73562879080648,2.49793437080812,0.211
"2535",10,14,27,"AVS",3.30946129082048,3.10145661903798,0.0805
"2536",10,14,28,"AVS",4.13713902803586,3.55635820854001,0.051
"2537",10,14,29,"AVS",0.981774102812973,2.33063443291706,0.587
"2538",10,14,30,"AVS",1.79350806820547,2.54801439529378,0.1945
"2539",10,14,31,"AVS",1.40908722116617,2.47411585856273,0.294
"2540",10,14,32,"AVS",0.948968534439636,2.22421154689965,0.4055
"2541",10,14,33,"AVS",0.951012020823589,2.29790882585823,0.401
"2542",10,14,34,"AVS",2.33071921555343,2.73055078330364,0.1375
"2543",10,14,35,"AVS",1.31019341779412,2.326452795146,0.2845
"2544",10,14,36,"AVS",1.24505096884546,2.3136690852926,0.2915
"2545",10,14,37,"AVS",0.805013714463865,1.85589966435508,0.3745
"2546",10,14,38,"AVS",0.731924550628257,2.20396332488955,0.6165
"2547",10,14,1,"EQW",2.47763301839907,3.09270130085259,0.7235
"2548",10,14,2,"EQW",2.99276172993196,3.23982863702805,0.745
"2549",10,14,3,"EQW",1.3831070222311,2.66289114246348,0.571
"2550",10,14,4,"EQW",1.31181806410935,2.62525256004946,0.493
"2551",10,14,5,"EQW",1.8674974902554,2.83759566072161,0.7095
"2552",10,14,6,"EQW",2.72980545635551,3.07096313923245,0.8125
"2553",10,14,7,"EQW",1.20831424658402,2.54839166339798,0.5225
"2554",10,14,8,"EQW",2.06549742904991,2.82032549198461,0.7645
"2555",10,14,9,"EQW",2.07826841868905,2.93034139368075,0.2545
"2556",10,14,10,"EQW",1.22200779061285,2.55679153074676,0.433
"2557",10,14,11,"EQW",1.16076886977558,2.42808579093043,0.542
"2558",10,14,12,"EQW",2.04802131604088,2.69093570396329,0.7895
"2559",10,14,13,"EQW",2.80201863842266,3.13606376430879,0.2225
"2560",10,14,14,"EQW",2.21001971237877,2.86172456765217,0.216
"2561",10,14,15,"EQW",3.98437020340251,3.39392281018981,0.908
"2562",10,14,16,"EQW",1.37771350136128,2.60715223405683,0.595
"2563",10,14,17,"EQW",1.50603485582989,2.61962263558475,0.6645
"2564",10,14,18,"EQW",3.60807237394225,3.35835274701807,0.141
"2565",10,14,19,"EQW",1.13736141509142,2.45441841795724,0.4015
"2566",10,14,20,"EQW",2.11171780325537,2.72090515525959,0.794
"2567",10,14,21,"EQW",3.27007901910213,3.06265034831509,0.8605
"2568",10,14,22,"EQW",2.18048714401613,2.78401132829294,0.7235
"2569",10,14,23,"EQW",2.05402485493009,3.09130373174354,0.3365
"2570",10,14,24,"EQW",1.94783990902283,2.67518466543431,0.76
"2571",10,14,25,"EQW",1.63329500295829,2.57434528760669,0.676
"2572",10,14,26,"EQW",1.28825912512553,2.60444903230705,0.47
"2573",10,14,27,"EQW",2.12465671215523,2.91478026259898,0.254
"2574",10,14,28,"EQW",3.7435663967361,3.32453276002083,0.0925
"2575",10,14,29,"EQW",1.11126708146531,2.54202513692851,0.515
"2576",10,14,30,"EQW",1.9648306538331,2.65497663179245,0.1955
"2577",10,14,31,"EQW",1.64213443229649,2.54326859445638,0.2495
"2578",10,14,32,"EQW",1.24197010259028,2.39972753138838,0.3
"2579",10,14,33,"EQW",1.0617534076997,2.22437952619679,0.3275
"2580",10,14,34,"EQW",2.5306321045859,2.93469491497546,0.109
"2581",10,14,35,"EQW",1.98146046040131,2.80057791896573,0.192
"2582",10,14,36,"EQW",2.18144522405444,2.79325124199766,0.1925
"2583",10,14,37,"EQW",1.70291487362263,2.30660850503396,0.2525
"2584",10,14,38,"EQW",0.808891578423168,2.21675229976517,0.4015
"2585",10,14,1,"SGP",2.47763301839907,3.09217946760778,0.72
"2586",10,14,2,"SGP",2.73303963320259,3.04892558813999,0.791
"2587",10,14,3,"SGP",1.1328541478137,2.4221969913719,0.596
"2588",10,14,4,"SGP",0.965965255987662,2.28961550174587,0.5845
"2589",10,14,5,"SGP",2.41571350715634,2.8614012760023,0.8375
"2590",10,14,6,"SGP",3.17305763931881,3.17178166308301,0.91
"2591",10,14,7,"SGP",0.942920558922305,2.30633490784026,0.6065
"2592",10,14,8,"SGP",2.33748417037392,2.79660285131236,0.851
"2593",10,14,9,"SGP",2.08520372942733,2.72126890649683,0.171
"2594",10,14,10,"SGP",0.880200197799728,2.25723854642474,0.5085
"2595",10,14,11,"SGP",0.883000317855192,2.17478572166382,0.5865
"2596",10,14,12,"SGP",1.61269449619049,2.43763780001888,0.798
"2597",10,14,13,"SGP",4.67525558141207,3.93683457878822,0.036
"2598",10,14,14,"SGP",2.48152350859516,2.81285039244194,0.134
"2599",10,14,15,"SGP",4.21447961958232,3.80600176865894,0.967
"2600",10,14,16,"SGP",0.983522870309539,2.36779716869243,0.3985
"2601",10,14,17,"SGP",0.849904607806498,2.1815938378155,0.523
"2602",10,14,18,"SGP",5.93412010455025,4.57464697693197,0.0175
"2603",10,14,19,"SGP",1.03368412818923,2.32803647939895,0.409
"2604",10,14,20,"SGP",1.79297430363209,2.51772180880694,0.7875
"2605",10,14,21,"SGP",1.81228554586004,2.57970777239058,0.787
"2606",10,14,22,"SGP",0.876305723791885,2.2299441125469,0.5085
"2607",10,14,23,"SGP",3.97022546758388,3.543932690654,0.068
"2608",10,14,24,"SGP",1.27611617512898,2.36540072895988,0.717
"2609",10,14,25,"SGP",0.893797862324478,2.2139124498818,0.517
"2610",10,14,26,"SGP",1.71878346575245,2.53248453050957,0.208
"2611",10,14,27,"SGP",3.25257577515653,3.094911550195,0.092
"2612",10,14,28,"SGP",4.1454315763434,3.76243998691878,0.039
"2613",10,14,29,"SGP",1.11198737293089,2.3816081693219,0.618
"2614",10,14,30,"SGP",1.85485002537552,2.54869608241413,0.1965
"2615",10,14,31,"SGP",1.36272372331036,2.4394425293914,0.3155
"2616",10,14,32,"SGP",0.953598770034834,2.25355412422955,0.3915
"2617",10,14,33,"SGP",0.955734017189765,2.28434666587316,0.403
"2618",10,14,34,"SGP",2.13277044820033,2.80577483571673,0.1535
"2619",10,14,35,"SGP",1.11977138874115,2.24767337377348,0.3525
"2620",10,14,36,"SGP",1.02836666443585,2.33042539486095,0.361
"2621",10,14,37,"SGP",0.611291435662803,1.86599508690131,0.5075
"2622",10,14,38,"SGP",0.895643324286191,2.3118703572214,0.7415
"2623",10,14,1,"SGP50",2.47763301839907,3.08426601298786,0.7335
"2624",10,14,2,"SGP50",2.99546627815363,3.20724475072018,0.7725
"2625",10,14,3,"SGP50",1.37465347997854,2.65060029998129,0.551
"2626",10,14,4,"SGP50",1.28896615189078,2.58903355354981,0.5075
"2627",10,14,5,"SGP50",1.89766233672219,2.84413168942054,0.732
"2628",10,14,6,"SGP50",2.76385889638841,3.07334253989216,0.8275
"2629",10,14,7,"SGP50",1.16878421827853,2.5228711490056,0.5145
"2630",10,14,8,"SGP50",2.03346648217546,2.82588462169349,0.7715
"2631",10,14,9,"SGP50",2.13084383449799,2.82312738559035,0.241
"2632",10,14,10,"SGP50",1.17446715499992,2.49185372526883,0.435
"2633",10,14,11,"SGP50",1.09163225038225,2.39663149241666,0.553
"2634",10,14,12,"SGP50",1.89790750453527,2.54639730215248,0.778
"2635",10,14,13,"SGP50",3.13993176706499,3.31193795369697,0.1865
"2636",10,14,14,"SGP50",2.2571870828467,2.8407556469565,0.1765
"2637",10,14,15,"SGP50",4.01238192479422,3.50655081178519,0.926
"2638",10,14,16,"SGP50",1.23767248909797,2.49617173040252,0.5535
"2639",10,14,17,"SGP50",1.31524230846614,2.50486684756225,0.624
"2640",10,14,18,"SGP50",4.07467098778307,3.54825117800486,0.1135
"2641",10,14,19,"SGP50",1.12290280197483,2.44449710350454,0.3845
"2642",10,14,20,"SGP50",2.02417130720921,2.68133775229816,0.795
"2643",10,14,21,"SGP50",2.8787805947136,3.04782361814653,0.864
"2644",10,14,22,"SGP50",1.726096454884,2.66862471184442,0.6675
"2645",10,14,23,"SGP50",2.40545328733089,3.11202754889621,0.2595
"2646",10,14,24,"SGP50",1.71555446487169,2.46148507575169,0.7315
"2647",10,14,25,"SGP50",1.33220158699993,2.45629806043176,0.629
"2648",10,14,26,"SGP50",1.296373576509,2.57295333784836,0.3695
"2649",10,14,27,"SGP50",2.44871573675694,2.9904490960532,0.192
"2650",10,14,28,"SGP50",3.99430450583335,3.50666889493101,0.0745
"2651",10,14,29,"SGP50",1.10830019274935,2.4807221162189,0.5415
"2652",10,14,30,"SGP50",2.02369688474292,2.59761107703194,0.1945
"2653",10,14,31,"SGP50",1.59504089831364,2.52516590595831,0.2515
"2654",10,14,32,"SGP50",1.18827056767987,2.32686752845978,0.3005
"2655",10,14,33,"SGP50",1.04821415206524,2.30988645920369,0.3585
"2656",10,14,34,"SGP50",2.40870124923909,2.84233132412026,0.1245
"2657",10,14,35,"SGP50",1.71253264808605,2.65800476095572,0.233
"2658",10,14,36,"SGP50",1.83520104861613,2.69302684404353,0.233
"2659",10,14,37,"SGP50",1.37260818401621,2.18617127916589,0.295
"2660",10,14,38,"SGP50",0.751561677714394,2.28616955301424,0.4845
"2661",10,15,1,"BMA",5.83857593649017,4.25535501435417,0.8615
"2662",10,15,2,"BMA",2.71557613287705,3.25882154850723,0.6005
"2663",10,15,3,"BMA",3.45106472832417,3.39551984120467,0.723
"2664",10,15,4,"BMA",4.94753736869123,3.69204023787016,0.787
"2665",10,15,5,"BMA",3.39057105505775,3.46336948935867,0.6265
"2666",10,15,6,"BMA",14.5359417731576,5.22583671490333,0.96
"2667",10,15,7,"BMA",4.48438782655741,3.62123093210818,0.705
"2668",10,15,8,"BMA",2.95032264691877,3.31516886483988,0.574
"2669",10,15,9,"BMA",2.9168229840294,3.37961786165723,0.5895
"2670",10,15,10,"BMA",4.83024896743325,3.55633571563175,0.748
"2671",10,15,11,"BMA",10.4658346784588,4.30878159587289,0.934
"2672",10,15,12,"BMA",15.4045133776459,4.99598942719001,0.971
"2673",10,15,13,"BMA",16.4345048888456,5.39953111205069,0.9755
"2674",10,15,14,"BMA",7.6457976751532,4.00395605152667,0.142
"2675",10,15,15,"BMA",5.68967875509394,3.92147113142768,0.4145
"2676",10,15,16,"BMA",6.67948538221635,3.89195845451369,0.622
"2677",10,15,17,"BMA",4.01901805424276,3.81911430206976,0.408
"2678",10,15,18,"BMA",5.14056811779071,3.76700459603617,0.706
"2679",10,15,19,"BMA",3.75439881166596,3.63313191659773,0.3935
"2680",10,15,20,"BMA",2.77962564041669,3.36754879669028,0.44
"2681",10,15,21,"BMA",3.20691004632894,3.48011285334704,0.677
"2682",10,15,22,"BMA",3.99350470396155,3.35487026266514,0.7745
"2683",10,15,23,"BMA",2.10598246446156,3.10281814130169,0.421
"2684",10,15,24,"BMA",1.83503819148751,3.01680716095317,0.481
"2685",10,15,25,"BMA",3.68019847458182,3.34721393563005,0.8235
"2686",10,15,26,"BMA",1.64839508851105,2.89647269666259,0.5995
"2687",10,15,27,"BMA",3.19682498770219,3.14297112654897,0.168
"2688",10,15,28,"BMA",1.87496482537977,2.66278325538267,0.2845
"2689",10,15,29,"BMA",1.12650467684812,2.61048328331733,0.4685
"2690",10,15,30,"BMA",1.66842040744015,2.62706842797124,0.744
"2691",10,15,31,"BMA",5.64591988275522,4.24159038638639,0.9795
"2692",10,15,32,"BMA",6.42224025141351,4.60379112064346,0.985
"2693",10,15,33,"BMA",3.52147045785848,3.35026810146493,0.901
"2694",10,15,34,"BMA",1.62018486865917,2.60883402219949,0.7345
"2695",10,15,35,"BMA",1.08062912371125,2.26249501941837,0.341
"2696",10,15,36,"BMA",0.857649248342979,2.14879720656957,0.529
"2697",10,15,37,"BMA",1.1680409012913,2.23161398202633,0.2745
"2698",10,15,38,"BMA",3.27072630769577,3.23482435059872,0.044
"2699",10,15,1,"AVS",5.83857593649017,4.33722896089591,0.865
"2700",10,15,2,"AVS",2.38353482089681,3.27023630404186,0.536
"2701",10,15,3,"AVS",3.53212398587168,3.46129980257219,0.72
"2702",10,15,4,"AVS",6.13146108212557,3.71436951199955,0.8295
"2703",10,15,5,"AVS",5.03771805909151,3.70951556110637,0.787
"2704",10,15,6,"AVS",16.677282034697,5.18311059504124,0.96
"2705",10,15,7,"AVS",2.73897952662664,3.37973523976839,0.584
"2706",10,15,8,"AVS",2.60462686906661,3.41433262449799,0.551
"2707",10,15,9,"AVS",2.81184842134428,3.32023225830863,0.579
"2708",10,15,10,"AVS",4.77400408754021,3.62135519509787,0.7495
"2709",10,15,11,"AVS",10.4438339139182,4.46803771475681,0.9305
"2710",10,15,12,"AVS",14.0043793376479,4.71018017500376,0.9555
"2711",10,15,13,"AVS",1.30729022691413,2.70940863971952,0.52
"2712",10,15,14,"AVS",32.3720422234097,143.165071307475,0
"2713",10,15,15,"AVS",5.39160229420368,3.8654143140295,0.287
"2714",10,15,16,"AVS",5.38258534057162,3.81203455863026,0.4845
"2715",10,15,17,"AVS",4.61535431718486,3.85869653075303,0.3585
"2716",10,15,18,"AVS",5.16174661666407,3.7392402196305,0.7155
"2717",10,15,19,"AVS",3.75633371060189,3.62486277156597,0.4175
"2718",10,15,20,"AVS",2.77451680239378,3.39202638497303,0.4435
"2719",10,15,21,"AVS",3.23740039806375,3.45828437816658,0.6765
"2720",10,15,22,"AVS",4.0547535842977,3.50610724586317,0.7695
"2721",10,15,23,"AVS",2.07952127876519,3.1955595164758,0.408
"2722",10,15,24,"AVS",1.82078080030146,2.97848294607017,0.48
"2723",10,15,25,"AVS",3.75666844323058,3.29390951446071,0.805
"2724",10,15,26,"AVS",1.66930763869263,2.87442849657543,0.6135
"2725",10,15,27,"AVS",3.09930124050975,3.08225030165129,0.197
"2726",10,15,28,"AVS",1.85030219400855,2.59770187479335,0.31
"2727",10,15,29,"AVS",1.12274804108496,2.53429236246771,0.469
"2728",10,15,30,"AVS",1.6701028802595,2.52761626770596,0.7315
"2729",10,15,31,"AVS",5.65100039956105,4.26261500799759,0.9775
"2730",10,15,32,"AVS",6.44499478411296,4.41666677398406,0.983
"2731",10,15,33,"AVS",3.59715446311914,3.31135299602146,0.9055
"2732",10,15,34,"AVS",1.67218931555918,2.64548436212118,0.7655
"2733",10,15,35,"AVS",1.04220567539882,2.25931356153418,0.344
"2734",10,15,36,"AVS",0.866338377117029,2.2244591313728,0.544
"2735",10,15,37,"AVS",1.15555988120357,2.23053743989439,0.272
"2736",10,15,38,"AVS",3.28862927226588,3.17214097999755,0.049
"2737",10,15,1,"EQW",5.83857593649017,4.34625965441729,0.866
"2738",10,15,2,"EQW",3.61447231769725,3.45052305347308,0.788
"2739",10,15,3,"EQW",3.82831503776009,3.43539718761068,0.795
"2740",10,15,4,"EQW",4.27180287493,3.5756594848035,0.8245
"2741",10,15,5,"EQW",2.49183309538104,3.26138262346948,0.557
"2742",10,15,6,"EQW",15.0226567683969,5.42719239207321,0.975
"2743",10,15,7,"EQW",4.72138635870276,3.94037164302233,0.5985
"2744",10,15,8,"EQW",4.5998749843456,3.82795691606689,0.6075
"2745",10,15,9,"EQW",4.49889360902811,3.49118377083567,0.738
"2746",10,15,10,"EQW",5.64095746288902,3.53870456901477,0.7955
"2747",10,15,11,"EQW",9.09857158093384,3.97142927509555,0.909
"2748",10,15,12,"EQW",11.2780184935322,4.15367827370295,0.916
"2749",10,15,13,"EQW",10.4703830919155,4.08631803394672,0.872
"2750",10,15,14,"EQW",10.5305397745159,4.25714658651198,0.1495
"2751",10,15,15,"EQW",4.18577032489755,3.73440329819506,0.346
"2752",10,15,16,"EQW",4.00009452006888,3.60959248272237,0.3685
"2753",10,15,17,"EQW",6.71669491593284,3.91545275420178,0.21
"2754",10,15,18,"EQW",3.37532516907869,3.47509529703613,0.623
"2755",10,15,19,"EQW",6.28506042646502,3.80358067988413,0.2125
"2756",10,15,20,"EQW",4.04497537969296,3.4981016170777,0.2875
"2757",10,15,21,"EQW",2.54583554357339,3.28232482327611,0.462
"2758",10,15,22,"EQW",2.55366607956765,3.34086097044988,0.532
"2759",10,15,23,"EQW",4.62776996685464,3.46100200789461,0.221
"2760",10,15,24,"EQW",2.74778909929816,3.22701843247009,0.38
"2761",10,15,25,"EQW",2.54287091952426,3.33778637382794,0.5945
"2762",10,15,26,"EQW",2.95864721040581,3.17074244705542,0.308
"2763",10,15,27,"EQW",5.45114114535446,3.68764448766935,0.135
"2764",10,15,28,"EQW",2.99182029247965,3.33263689187073,0.344
"2765",10,15,29,"EQW",2.37762450227628,3.11669009150916,0.401
"2766",10,15,30,"EQW",1.91127892458429,2.98432510595902,0.513
"2767",10,15,31,"EQW",2.88819917965762,3.27234943819487,0.7175
"2768",10,15,32,"EQW",2.51598803189157,3.29394520104458,0.6585
"2769",10,15,33,"EQW",1.98891231153466,3.04752816788208,0.576
"2770",10,15,34,"EQW",1.63907239094241,2.83374151553198,0.4965
"2771",10,15,35,"EQW",1.90312990956876,2.76310040738688,0.3085
"2772",10,15,36,"EQW",1.44509045981373,2.64717103349406,0.5595
"2773",10,15,37,"EQW",1.75379501378934,2.68281254724318,0.3185
"2774",10,15,38,"EQW",2.50385751493828,3.12997467540355,0.2195
"2775",10,15,1,"SGP",5.83857593649017,4.26021475788384,0.8685
"2776",10,15,2,"SGP",4.17235051932074,3.44960410733094,0.8515
"2777",10,15,3,"SGP",4.75227219352501,3.62389429922042,0.9195
"2778",10,15,4,"SGP",3.86275272030798,3.27930072001033,0.927
"2779",10,15,5,"SGP",2.20530592429186,2.81538364539346,0.2325
"2780",10,15,6,"SGP",13.5934790304917,11.8087447131493,0.9985
"2781",10,15,7,"SGP",10.1703520063849,4.83576249905514,0.0415
"2782",10,15,8,"SGP",5.79021665878985,3.85612277653713,0.0835
"2783",10,15,9,"SGP",1.54739344066536,2.75772175821273,0.5635
"2784",10,15,10,"SGP",1.61902363308783,2.79461442406768,0.605
"2785",10,15,11,"SGP",3.19877174851365,3.08035468406677,0.8325
"2786",10,15,12,"SGP",2.6685532043202,3.00451901243293,0.79
"2787",10,15,13,"SGP",1.33148419113135,2.68225950416197,0.496
"2788",10,15,14,"SGP",31.983414480477,8.28097325656458,0.002
"2789",10,15,15,"SGP",6.64219802035414,3.83622183813744,0.125
"2790",10,15,16,"SGP",7.42614164138687,3.93124625582325,0.1
"2791",10,15,17,"SGP",14.2862304856026,5.28140471917064,0.019
"2792",10,15,18,"SGP",4.00658741860368,3.50256971933135,0.752
"2793",10,15,19,"SGP",12.9062860578619,4.78048320152573,0.0245
"2794",10,15,20,"SGP",4.01675667821633,3.37509147505837,0.2435
"2795",10,15,21,"SGP",2.0967470507962,3.15418420104343,0.542
"2796",10,15,22,"SGP",2.16718425248223,3.10964941549647,0.5545
"2797",10,15,23,"SGP",4.66813478115976,3.49383756679797,0.191
"2798",10,15,24,"SGP",2.06822946739765,3.14434638975094,0.5975
"2799",10,15,25,"SGP",4.13211842209844,3.40834365613037,0.7665
"2800",10,15,26,"SGP",2.9564939601757,3.322582775033,0.29
"2801",10,15,27,"SGP",3.22324519543099,3.30316099574862,0.2695
"2802",10,15,28,"SGP",3.24095716522088,3.17047021493192,0.737
"2803",10,15,29,"SGP",2.94369053163544,3.12601281252302,0.7085
"2804",10,15,30,"SGP",2.71652878451427,3.19993671157451,0.7155
"2805",10,15,31,"SGP",3.77222392612181,3.29613196393262,0.776
"2806",10,15,32,"SGP",1.77505230540034,2.98488528870813,0.49
"2807",10,15,33,"SGP",2.28839879078182,3.02581822912294,0.379
"2808",10,15,34,"SGP",1.97431126025402,2.98443798017386,0.4275
"2809",10,15,35,"SGP",2.01016233790026,2.92373695947438,0.4085
"2810",10,15,36,"SGP",2.93741232163705,3.13282777858749,0.746
"2811",10,15,37,"SGP",1.9193967781094,3.01870596153174,0.4225
"2812",10,15,38,"SGP",1.74525003934118,2.96191216159571,0.478
"2813",10,15,1,"SGP50",5.83857593649017,4.17727682253005,0.862
"2814",10,15,2,"SGP50",3.63345356541455,3.45877081253044,0.7945
"2815",10,15,3,"SGP50",3.86907985251844,3.39031079378837,0.8015
"2816",10,15,4,"SGP50",4.29247623788252,3.51494848990245,0.826
"2817",10,15,5,"SGP50",2.41714364259027,3.26683837270907,0.5425
"2818",10,15,6,"SGP50",14.9569069383885,5.72281993014099,0.9845
"2819",10,15,7,"SGP50",4.52782808055936,4.05849269346523,0.5435
"2820",10,15,8,"SGP50",4.21547116332566,3.73283732130729,0.5655
"2821",10,15,9,"SGP50",3.97723410313978,3.36979105445548,0.6955
"2822",10,15,10,"SGP50",4.82230483767542,3.47202026314355,0.769
"2823",10,15,11,"SGP50",7.80020288222206,3.83235068018187,0.903
"2824",10,15,12,"SGP50",8.83945684158339,3.86726536461852,0.8975
"2825",10,15,13,"SGP50",6.85973512398212,3.58303423064924,0.7715
"2826",10,15,14,"SGP50",15.5248604724326,4.61201687358789,0.0975
"2827",10,15,15,"SGP50",4.52283956298214,3.69099840372955,0.305
"2828",10,15,16,"SGP50",4.58400421121561,3.72800444689486,0.3115
"2829",10,15,17,"SGP50",8.77276654611147,4.24604614259819,0.1515
"2830",10,15,18,"SGP50",3.42076817418579,3.42623432424458,0.6525
"2831",10,15,19,"SGP50",8.31071346748229,4.0399673677586,0.139
"2832",10,15,20,"SGP50",4.25251119070238,3.46552935438686,0.2555
"2833",10,15,21,"SGP50",2.44313460827621,3.30333007526828,0.4955
"2834",10,15,22,"SGP50",2.46900240573698,3.28497941119936,0.4995
"2835",10,15,23,"SGP50",4.96946944508983,3.52166530510096,0.211
"2836",10,15,24,"SGP50",2.4416110870984,3.25734791403934,0.402
"2837",10,15,25,"SGP50",2.88315384665767,3.30767506617404,0.6415
"2838",10,15,26,"SGP50",3.06369478025205,3.25589211350893,0.324
"2839",10,15,27,"SGP50",4.70914423786355,3.38693028043687,0.1865
"2840",10,15,28,"SGP50",2.52877571497931,3.28041184510368,0.4655
"2841",10,15,29,"SGP50",2.21786699411448,3.15498462552329,0.506
"2842",10,15,30,"SGP50",2.00396623954782,3.0828096132859,0.5755
"2843",10,15,31,"SGP50",3.15228789768744,3.31524400792137,0.7505
"2844",10,15,32,"SGP50",2.2905078613785,3.19870040194077,0.619
"2845",10,15,33,"SGP50",1.97442895434752,3.09653552642032,0.521
"2846",10,15,34,"SGP50",1.65752367788067,2.83454092717831,0.5015
"2847",10,15,35,"SGP50",1.83436788992087,2.82111194235871,0.3195
"2848",10,15,36,"SGP50",1.60423985735894,2.71509716596913,0.5975
"2849",10,15,37,"SGP50",1.68132963131964,2.68835847301524,0.3345
"2850",10,15,38,"SGP50",2.30614451000718,3.13459508137093,0.237
"2851",10,16,1,"BMA",1.40515474191808,2.70821932049752,0.517
"2852",10,16,2,"BMA",7.50748749551244,4.960595775819,0.027
"2853",10,16,3,"BMA",1.86875717630355,2.89507639550208,0.657
"2854",10,16,4,"BMA",1.357727963173,2.63822689822515,0.4675
"2855",10,16,5,"BMA",2.24586562444402,2.88068285128324,0.7625
"2856",10,16,6,"BMA",7.01581919040205,4.61696218551517,0.9605
"2857",10,16,7,"BMA",3.98864519631407,3.31746053601847,0.825
"2858",10,16,8,"BMA",3.79126655582056,3.18498566867746,0.848
"2859",10,16,9,"BMA",11.1202484529157,5.72528117396454,0.9845
"2860",10,16,10,"BMA",2.78854941056971,3.27214250515852,0.42
"2861",10,16,11,"BMA",4.49556001780903,3.53499419830203,0.795
"2862",10,16,12,"BMA",2.17653228667714,3.14760272095588,0.4155
"2863",10,16,13,"BMA",4.89159272459495,3.54954100018101,0.833
"2864",10,16,14,"BMA",5.79098227749283,3.54415860830104,0.875
"2865",10,16,15,"BMA",1.90437973980718,2.97099940289481,0.4705
"2866",10,16,16,"BMA",1.90535623754645,2.88008460309998,0.638
"2867",10,16,17,"BMA",1.91471893800618,2.83923403161055,0.668
"2868",10,16,18,"BMA",2.15020093459737,2.92781777952065,0.2835
"2869",10,16,19,"BMA",1.76645116774613,2.76696201107464,0.6535
"2870",10,16,20,"BMA",2.97950089416245,3.05297248638237,0.177
"2871",10,16,21,"BMA",1.90187188279962,2.76529742439885,0.7085
"2872",10,16,22,"BMA",1.53093023157886,2.68793816721231,0.4055
"2873",10,16,23,"BMA",2.3539475965854,2.84376723062938,0.2235
"2874",10,16,24,"BMA",4.42278447824712,3.4019795952643,0.0845
"2875",10,16,25,"BMA",3.04979951788646,3.01247936032156,0.1645
"2876",10,16,26,"BMA",1.80067735952949,2.70167595285446,0.706
"2877",10,16,27,"BMA",1.41034480022502,2.59545081122764,0.394
"2878",10,16,28,"BMA",2.87986931973862,3.08791083259508,0.17
"2879",10,16,29,"BMA",2.97397967410641,3.00601207789381,0.1625
"2880",10,16,30,"BMA",4.71660282421937,3.55528144839629,0.084
"2881",10,16,31,"BMA",6.0070680700518,3.79387006374694,0.9535
"2882",10,16,32,"BMA",4.43699968690235,3.40130123504801,0.1085
"2883",10,16,33,"BMA",9.73266334141613,5.81604984683185,0.0065
"2884",10,16,34,"BMA",1.5124232080319,2.79623019591226,0.5435
"2885",10,16,35,"BMA",3.1900695065254,3.10168049831966,0.158
"2886",10,16,36,"BMA",2.1189148876543,2.78282944368826,0.287
"2887",10,16,37,"BMA",1.40795307803487,2.62865070297341,0.4225
"2888",10,16,38,"BMA",1.28398325396328,2.52706983722701,0.4855
"2889",10,16,1,"AVS",1.40515474191808,2.68073292908005,0.553
"2890",10,16,2,"AVS",7.49944022158972,5.18406003291476,0.008
"2891",10,16,3,"AVS",2.3761747447249,2.91262533826319,0.7725
"2892",10,16,4,"AVS",1.32720486408824,2.57794954372838,0.4615
"2893",10,16,5,"AVS",2.22658534845233,2.95212967249356,0.778
"2894",10,16,6,"AVS",7.06836312063187,4.40577523491548,0.962
"2895",10,16,7,"AVS",3.71186425624684,3.25832515419648,0.835
"2896",10,16,8,"AVS",3.11433909944606,3.01165000679932,0.872
"2897",10,16,9,"AVS",10.8712082063763,7.57620038213859,1
"2898",10,16,10,"AVS",4.04174570947203,3.43238546726826,0.1305
"2899",10,16,11,"AVS",4.90105216303403,3.52714507987198,0.904
"2900",10,16,12,"AVS",3.02485935179186,3.01367846604359,0.206
"2901",10,16,13,"AVS",4.08799302875025,3.32478360143445,0.8665
"2902",10,16,14,"AVS",2.37145854229279,2.83418821027045,0.74
"2903",10,16,15,"AVS",3.72593454655449,3.23116168244529,0.1175
"2904",10,16,16,"AVS",1.35247443179262,2.6428646016432,0.4575
"2905",10,16,17,"AVS",1.31160179645117,2.70816897853567,0.522
"2906",10,16,18,"AVS",3.4193417959702,3.10202787237937,0.1565
"2907",10,16,19,"AVS",1.54219348460853,2.70364459709064,0.62
"2908",10,16,20,"AVS",3.53073478266321,3.20004878823347,0.134
"2909",10,16,21,"AVS",1.86210986431303,2.71353139603314,0.702
"2910",10,16,22,"AVS",1.63590503132453,2.76841075419763,0.351
"2911",10,16,23,"AVS",2.45347117836496,2.82610652105706,0.1945
"2912",10,16,24,"AVS",4.36139834713183,3.37774975313213,0.1015
"2913",10,16,25,"AVS",2.86484186275196,2.98381708735543,0.169
"2914",10,16,26,"AVS",1.85162964526281,2.74576533296022,0.7065
"2915",10,16,27,"AVS",1.41879670057913,2.57560287137501,0.362
"2916",10,16,28,"AVS",2.9342965676851,3.08984196875396,0.1705
"2917",10,16,29,"AVS",3.0148962870863,3.01393190272978,0.1685
"2918",10,16,30,"AVS",4.68925508988598,3.56646845720139,0.087
"2919",10,16,31,"AVS",6.25724091133456,3.87938157091388,0.946
"2920",10,16,32,"AVS",5.16605498673918,3.60264069840733,0.0795
"2921",10,16,33,"AVS",9.7916598020499,5.73304462283305,0.01
"2922",10,16,34,"AVS",1.61931594825729,2.70291312898836,0.6415
"2923",10,16,35,"AVS",3.0071741987729,2.99555971552504,0.1835
"2924",10,16,36,"AVS",1.98876174165423,2.75665779216839,0.3125
"2925",10,16,37,"AVS",1.38659671246137,2.66655030813122,0.4305
"2926",10,16,38,"AVS",1.31707781826279,2.68279699226247,0.505
"2927",10,16,1,"EQW",1.40515474191808,2.6135183253386,0.5515
"2928",10,16,2,"EQW",7.59218771063163,4.55713322831508,0.038
"2929",10,16,3,"EQW",2.00068866892678,2.92696363587973,0.6435
"2930",10,16,4,"EQW",1.52300443450427,2.66353154355665,0.382
"2931",10,16,5,"EQW",2.31445151232417,2.97444910347954,0.754
"2932",10,16,6,"EQW",6.93228306325082,4.2788320579985,0.952
"2933",10,16,7,"EQW",3.37673539867322,3.12756308360731,0.7805
"2934",10,16,8,"EQW",3.6929273024145,3.07423127180297,0.8175
"2935",10,16,9,"EQW",10.9663561411965,5.55844761425383,0.979
"2936",10,16,10,"EQW",2.80360263051977,3.40897192399451,0.3755
"2937",10,16,11,"EQW",4.67736199105655,3.43279739790337,0.834
"2938",10,16,12,"EQW",2.39412445071119,3.15676692496967,0.38
"2939",10,16,13,"EQW",4.08911568358998,3.43405852620212,0.819
"2940",10,16,14,"EQW",4.31722397203441,3.37556036227009,0.822
"2941",10,16,15,"EQW",2.25681346608433,3.22348258635398,0.4185
"2942",10,16,16,"EQW",1.96268658559623,3.02420557766505,0.5735
"2943",10,16,17,"EQW",2.18906332182583,2.9493776919586,0.625
"2944",10,16,18,"EQW",2.27738632875844,3.20646363879527,0.355
"2945",10,16,19,"EQW",1.84420825170901,2.91029677988129,0.6065
"2946",10,16,20,"EQW",2.61737181355462,3.13391488740858,0.2805
"2947",10,16,21,"EQW",1.96391154967436,2.80566038177212,0.656
"2948",10,16,22,"EQW",1.7083028354449,2.83182765705313,0.444
"2949",10,16,23,"EQW",2.26575859381839,3.00074935547798,0.3185
"2950",10,16,24,"EQW",4.13421860355576,3.40040121679483,0.161
"2951",10,16,25,"EQW",2.77697255056688,3.07611634742919,0.2385
"2952",10,16,26,"EQW",2.53083017414291,3.07470282666142,0.7375
"2953",10,16,27,"EQW",1.54327292659694,2.79474763569597,0.583
"2954",10,16,28,"EQW",1.78727701564808,2.86992167661895,0.332
"2955",10,16,29,"EQW",2.01714563902312,2.79513008468476,0.2885
"2956",10,16,30,"EQW",3.46094450495487,3.19356476700869,0.1315
"2957",10,16,31,"EQW",6.17765172550627,3.99674036409253,0.9475
"2958",10,16,32,"EQW",2.23725824775787,3.00557359009759,0.342
"2959",10,16,33,"EQW",8.41986203807479,4.52844241445217,0.0185
"2960",10,16,34,"EQW",1.50175077127923,2.80514493296344,0.4725
"2961",10,16,35,"EQW",2.65790007459671,2.95144715230595,0.1985
"2962",10,16,36,"EQW",2.36993643517248,2.98544295853765,0.2675
"2963",10,16,37,"EQW",1.61309079128247,2.77094010147219,0.3645
"2964",10,16,38,"EQW",1.20514643370165,2.50607692898126,0.499
"2965",10,16,1,"SGP",1.40515474191808,2.6269630498849,0.527
"2966",10,16,2,"SGP",7.56137946521029,4.99511792601559,0.012
"2967",10,16,3,"SGP",2.84458371967461,2.90869990690102,0.8295
"2968",10,16,4,"SGP",1.15165265587884,2.42221816773585,0.4465
"2969",10,16,5,"SGP",2.39919078604378,2.8599369080561,0.823
"2970",10,16,6,"SGP",6.73839217428846,4.49463141752429,0.9835
"2971",10,16,7,"SGP",1.95932362167936,2.78585592709983,0.761
"2972",10,16,8,"SGP",2.41889513783206,2.76977875266643,0.799
"2973",10,16,9,"SGP",9.86381830347499,6.68507739825684,0.9975
"2974",10,16,10,"SGP",4.40810010066224,3.5211027651921,0.1065
"2975",10,16,11,"SGP",3.41382243126513,3.12167736932607,0.848
"2976",10,16,12,"SGP",3.59934553733716,3.23217765262992,0.1305
"2977",10,16,13,"SGP",2.61790728547523,2.9338869943732,0.775
"2978",10,16,14,"SGP",2.02817646038444,2.74623662134159,0.708
"2979",10,16,15,"SGP",3.75126281077603,3.22869890592142,0.131
"2980",10,16,16,"SGP",1.47232400134601,2.61934261353236,0.373
"2981",10,16,17,"SGP",1.2447223862466,2.65372727110513,0.446
"2982",10,16,18,"SGP",4.19787957096232,3.3177916757066,0.1085
"2983",10,16,19,"SGP",1.18516968725775,2.57501201677012,0.4855
"2984",10,16,20,"SGP",4.72041812431599,3.63405661572602,0.073
"2985",10,16,21,"SGP",1.25007650735828,2.62799215897173,0.5775
"2986",10,16,22,"SGP",2.50044834685176,2.80709199405252,0.223
"2987",10,16,23,"SGP",3.80216179912013,3.3171072607524,0.1285
"2988",10,16,24,"SGP",5.96144774039681,3.9008467946112,0.0575
"2989",10,16,25,"SGP",1.49870191239609,2.67284091586436,0.341
"2990",10,16,26,"SGP",5.60990361359532,3.86210651787918,0.9325
"2991",10,16,27,"SGP",1.5572774442448,2.70370397561642,0.6375
"2992",10,16,28,"SGP",2.04591405353671,2.7634343017128,0.228
"2993",10,16,29,"SGP",2.08320870120274,2.79483567902165,0.258
"2994",10,16,30,"SGP",2.65105043587265,2.93955763848274,0.1665
"2995",10,16,31,"SGP",9.65969004366772,5.03398357560099,0.993
"2996",10,16,32,"SGP",4.41201220876477,3.55375234285138,0.097
"2997",10,16,33,"SGP",9.97656139369604,5.23746475647115,0.005
"2998",10,16,34,"SGP",2.01207275248483,2.80545984210354,0.708
"2999",10,16,35,"SGP",1.29136903976891,2.61278408192067,0.4665
"3000",10,16,36,"SGP",1.3277610752226,2.63628818374889,0.569
"3001",10,16,37,"SGP",1.84138214632882,2.78415894578848,0.694
"3002",10,16,38,"SGP",2.53747270158051,3.01017865862871,0.789
"3003",10,16,1,"SGP50",1.40515474191808,2.67066886432257,0.5245
"3004",10,16,2,"SGP50",7.56376744043217,4.67722498751317,0.043
"3005",10,16,3,"SGP50",2.02489954014606,3.01443971321326,0.6465
"3006",10,16,4,"SGP50",1.46171885996258,2.634207489331,0.4045
"3007",10,16,5,"SGP50",2.31506582821633,2.95480948915551,0.769
"3008",10,16,6,"SGP50",6.90042856782031,4.27456414639356,0.952
"3009",10,16,7,"SGP50",3.14483935824422,3.07766928480889,0.7845
"3010",10,16,8,"SGP50",3.41068716614719,3.12557639990094,0.823
"3011",10,16,9,"SGP50",10.7046260452848,5.15407108596645,0.973
"3012",10,16,10,"SGP50",2.87653277688972,3.29618808413579,0.3245
"3013",10,16,11,"SGP50",4.41008500117147,3.47526609805741,0.8635
"3014",10,16,12,"SGP50",2.4200655749452,3.21041869710481,0.3455
"3015",10,16,13,"SGP50",3.84722334597358,3.31844312240239,0.819
"3016",10,16,14,"SGP50",3.74756665851386,3.20683870272711,0.807
"3017",10,16,15,"SGP50",2.26101312763726,3.14854781853323,0.3795
"3018",10,16,16,"SGP50",1.69069695712246,2.90301514247902,0.554
"3019",10,16,17,"SGP50",1.8139085549454,2.93381020343207,0.595
"3020",10,16,18,"SGP50",2.51854842380061,3.09904106638201,0.301
"3021",10,16,19,"SGP50",1.61016256964056,2.77829483559145,0.574
"3022",10,16,20,"SGP50",3.03522752087077,3.24514915274038,0.211
"3023",10,16,21,"SGP50",1.7542553221762,2.79283646269303,0.6555
"3024",10,16,22,"SGP50",1.72712495609628,2.79443531523798,0.3935
"3025",10,16,23,"SGP50",2.57363576253059,3.00992225011766,0.245
"3026",10,16,24,"SGP50",4.61412817816139,3.48218274262007,0.113
"3027",10,16,25,"SGP50",2.54336432817386,2.9976882746809,0.225
"3028",10,16,26,"SGP50",2.81812771994824,3.07864476948878,0.772
"3029",10,16,27,"SGP50",1.42491990828847,2.78699069518392,0.562
"3030",10,16,28,"SGP50",2.03047418093256,2.83517531657514,0.276
"3031",10,16,29,"SGP50",2.21273825547617,2.85763204643407,0.2455
"3032",10,16,30,"SGP50",3.56299624440954,3.23677507511788,0.1285
"3033",10,16,31,"SGP50",6.67023112202107,4.00711699514334,0.9565
"3034",10,16,32,"SGP50",2.99494441866556,3.11974423939757,0.2215
"3035",10,16,33,"SGP50",9.05584957983776,4.97149137180417,0.015
"3036",10,16,34,"SGP50",1.49578475176637,2.80634771357599,0.5015
"3037",10,16,35,"SGP50",2.3962864778606,2.9916256275156,0.2475
"3038",10,16,36,"SGP50",2.04087053964344,2.91277127220459,0.3005
"3039",10,16,37,"SGP50",1.49830141705342,2.72166158219744,0.423
"3040",10,16,38,"SGP50",1.30857288883619,2.62285604571949,0.5205
"3041",10,17,1,"BMA",1.08718117340277,2.0571333149066,0.3225
"3042",10,17,2,"BMA",7.10119947803026,5.17916091522095,0.9685
"3043",10,17,3,"BMA",4.50340930276594,3.52026872376609,0.8195
"3044",10,17,4,"BMA",2.5500125830237,3.17635843943902,0.7015
"3045",10,17,5,"BMA",2.27226776605412,2.97506905160495,0.373
"3046",10,17,6,"BMA",4.37356480482788,3.55550290478603,0.8225
"3047",10,17,7,"BMA",8.55850012025062,4.51598234977352,0.9235
"3048",10,17,8,"BMA",4.97277711847946,3.56444253308088,0.8295
"3049",10,17,9,"BMA",6.19839532227108,3.75937695741767,0.8755
"3050",10,17,10,"BMA",8.10897735687797,4.0871518608674,0.88
"3051",10,17,11,"BMA",2.50674844872419,3.23423386216527,0.393
"3052",10,17,12,"BMA",9.34314074623546,4.13310336663501,0.9285
"3053",10,17,13,"BMA",3.91287624581666,3.4901043748119,0.72
"3054",10,17,14,"BMA",3.1490665446505,3.32652535602555,0.6575
"3055",10,17,15,"BMA",3.49251537837496,3.49912859715784,0.3115
"3056",10,17,16,"BMA",2.5373637050729,3.27350166991062,0.4625
"3057",10,17,17,"BMA",2.35148014212895,3.22402840138399,0.4905
"3058",10,17,18,"BMA",2.53799833698049,3.19009701245773,0.674
"3059",10,17,19,"BMA",3.69750288364011,3.35236518351649,0.2255
"3060",10,17,20,"BMA",2.32569058749639,3.09652051361719,0.3305
"3061",10,17,21,"BMA",1.94100959241906,2.91426464219005,0.4055
"3062",10,17,22,"BMA",2.99994503089817,3.14836160880084,0.2375
"3063",10,17,23,"BMA",1.55939313131188,2.8279924904474,0.489
"3064",10,17,24,"BMA",1.45619687642018,2.75585900870983,0.5705
"3065",10,17,25,"BMA",3.13993029229137,3.08924030309287,0.154
"3066",10,17,26,"BMA",6.41157309530404,4.14771729598293,0.0415
"3067",10,17,27,"BMA",1.2361493303044,2.53940400471994,0.4395
"3068",10,17,28,"BMA",2.167956801437,2.80982284084783,0.7775
"3069",10,17,29,"BMA",3.09120501275334,3.22163152881782,0.864
"3070",10,17,30,"BMA",1.2636997005274,2.48201730308174,0.671
"3071",10,17,31,"BMA",2.29096460575318,2.78703329500931,0.829
"3072",10,17,32,"BMA",1.2408547871381,2.34973129959832,0.7005
"3073",10,17,33,"BMA",0.900567812872234,2.31832294699183,0.387
"3074",10,17,34,"BMA",2.76934662560189,2.9621767730999,0.09
"3075",10,17,35,"BMA",3.57367413201858,3.37692069108287,0.036
"3076",10,17,36,"BMA",1.54001619052108,2.2490530711563,0.17
"3077",10,17,37,"BMA",4.37266546042238,4.81574003065947,0.002
"3078",10,17,38,"BMA",2.54171249978469,2.85069480445987,0.0445
"3079",10,17,1,"AVS",1.08718117340277,2.06240228245114,0.3095
"3080",10,17,2,"AVS",7.48589295109418,5.81430107374865,0.991
"3081",10,17,3,"AVS",4.8071250897702,3.59252540689002,0.8535
"3082",10,17,4,"AVS",2.34890108366268,3.05814717399418,0.6875
"3083",10,17,5,"AVS",2.15030594515928,2.94013627696337,0.358
"3084",10,17,6,"AVS",4.66318713525003,3.53729225389624,0.84
"3085",10,17,7,"AVS",8.75898317689052,4.40163556702762,0.9305
"3086",10,17,8,"AVS",5.50389429595594,3.62958118467893,0.8435
"3087",10,17,9,"AVS",6.5417414929382,3.85021722694672,0.881
"3088",10,17,10,"AVS",6.03491634530171,3.80229786876873,0.842
"3089",10,17,11,"AVS",3.85857735300404,3.45926720705527,0.2545
"3090",10,17,12,"AVS",10.5388663039299,4.32384857671381,0.932
"3091",10,17,13,"AVS",4.54054384967173,3.44963866640003,0.7345
"3092",10,17,14,"AVS",4.01127009515428,3.49860246431767,0.721
"3093",10,17,15,"AVS",3.842329407195,3.5104476842136,0.27
"3094",10,17,16,"AVS",2.51716716329652,3.29648080286442,0.511
"3095",10,17,17,"AVS",2.15632279594818,3.14855296277951,0.467
"3096",10,17,18,"AVS",2.14707313640502,3.00765062790626,0.629
"3097",10,17,19,"AVS",5.87717265320011,3.75711787017551,0.116
"3098",10,17,20,"AVS",2.23014863686209,3.01482980652636,0.339
"3099",10,17,21,"AVS",1.85269042681057,3.05817674198171,0.4305
"3100",10,17,22,"AVS",2.88998867781669,3.10187469555881,0.252
"3101",10,17,23,"AVS",1.60467241478808,2.89734316957428,0.4905
"3102",10,17,24,"AVS",1.46311894334524,2.81850716691778,0.5985
"3103",10,17,25,"AVS",2.97053500241929,3.03894996755309,0.166
"3104",10,17,26,"AVS",6.36110748532292,4.12562222743401,0.0455
"3105",10,17,27,"AVS",1.31076561851886,2.54412590135314,0.4135
"3106",10,17,28,"AVS",2.00060519895912,2.77904336398851,0.7585
"3107",10,17,29,"AVS",3.08917049789391,3.07977330925168,0.852
"3108",10,17,30,"AVS",1.32388621205012,2.49006994339394,0.693
"3109",10,17,31,"AVS",2.53640230626822,2.93233754633503,0.8605
"3110",10,17,32,"AVS",1.50800634963496,2.48184112126314,0.744
"3111",10,17,33,"AVS",0.810754749016512,2.20463011063292,0.5215
"3112",10,17,34,"AVS",2.06635869198676,2.6014589992828,0.135
"3113",10,17,35,"AVS",3.37477179848264,3.24722227903266,0.042
"3114",10,17,36,"AVS",1.52435871708062,2.30961043681511,0.149
"3115",10,17,37,"AVS",4.36662073866615,4.6098268595537,0.0055
"3116",10,17,38,"AVS",2.54111085207252,2.74655960741442,0.055
"3117",10,17,1,"EQW",1.08718117340277,2.08515109984691,0.3135
"3118",10,17,2,"EQW",5.33190430802253,3.96249031122511,0.8935
"3119",10,17,3,"EQW",5.82817244176911,3.75510290714622,0.9095
"3120",10,17,4,"EQW",2.69682669326958,2.97142471447631,0.775
"3121",10,17,5,"EQW",2.32433066187535,2.99916189684179,0.2515
"3122",10,17,6,"EQW",6.19980263407978,4.0452994764947,0.9065
"3123",10,17,7,"EQW",6.89464047284788,4.02381124163613,0.9405
"3124",10,17,8,"EQW",2.4106737948155,3.02011270204834,0.696
"3125",10,17,9,"EQW",4.50817714412407,3.40088258050938,0.8385
"3126",10,17,10,"EQW",5.73277608974778,3.62918500917491,0.8885
"3127",10,17,11,"EQW",3.57290693346152,3.46750294449919,0.2775
"3128",10,17,12,"EQW",10.3741094201243,4.74033022841128,0.961
"3129",10,17,13,"EQW",2.41437738510689,3.14933570386692,0.5655
"3130",10,17,14,"EQW",2.35645048873252,3.11064637402735,0.614
"3131",10,17,15,"EQW",3.93684515838273,3.43864914478584,0.239
"3132",10,17,16,"EQW",2.06254168831375,3.0864274952454,0.444
"3133",10,17,17,"EQW",2.05335869587632,3.07483963448528,0.435
"3134",10,17,18,"EQW",1.96706835726541,3.01531836729493,0.607
"3135",10,17,19,"EQW",6.13419966025768,3.82113761011866,0.115
"3136",10,17,20,"EQW",2.62727584777546,3.11781665712992,0.286
"3137",10,17,21,"EQW",2.52562197107707,3.06512051901741,0.286
"3138",10,17,22,"EQW",4.71453587846513,3.41402233652032,0.1455
"3139",10,17,23,"EQW",1.4924130594488,2.76990031834112,0.4835
"3140",10,17,24,"EQW",1.5333091675952,2.85556814858893,0.5275
"3141",10,17,25,"EQW",3.71990651795763,3.2196932531153,0.1475
"3142",10,17,26,"EQW",5.77394681788767,3.88538182413675,0.067
"3143",10,17,27,"EQW",1.6460568886759,2.77583030571981,0.5995
"3144",10,17,28,"EQW",2.96574858363565,3.11005397705156,0.7675
"3145",10,17,29,"EQW",2.59948708487805,3.20088844488925,0.744
"3146",10,17,30,"EQW",1.34783270063461,2.61877680823147,0.4775
"3147",10,17,31,"EQW",1.53495022124758,2.79313894385207,0.645
"3148",10,17,32,"EQW",1.32045471844596,2.62946203855884,0.443
"3149",10,17,33,"EQW",1.75728232536145,2.6667477944291,0.272
"3150",10,17,34,"EQW",3.12757728974522,3.09800071268594,0.1175
"3151",10,17,35,"EQW",2.81418860539282,3.18489440202703,0.1925
"3152",10,17,36,"EQW",1.48962609478344,2.78635040469224,0.3925
"3153",10,17,37,"EQW",3.11935173752219,3.42682285480604,0.188
"3154",10,17,38,"EQW",1.64402680898938,2.94021064165825,0.325
"3155",10,17,1,"SGP",1.08718117340277,2.03373147216662,0.319
"3156",10,17,2,"SGP",7.23483301239291,5.42862597991878,0.9735
"3157",10,17,3,"SGP",6.49886092850016,3.8224415056599,0.954
"3158",10,17,4,"SGP",2.44718138282848,2.7935714468563,0.821
"3159",10,17,5,"SGP",1.49087798036303,2.59763264963678,0.2985
"3160",10,17,6,"SGP",8.41307044771087,5.36674499705584,0.9835
"3161",10,17,7,"SGP",7.61140819893758,4.65080799865879,0.97
"3162",10,17,8,"SGP",2.13536025542363,2.93398189227563,0.726
"3163",10,17,9,"SGP",4.31860441484719,3.35654121275931,0.9015
"3164",10,17,10,"SGP",2.98651482275651,2.99951848466916,0.826
"3165",10,17,11,"SGP",8.84395642268421,4.95788841020534,0.027
"3166",10,17,12,"SGP",10.0330364880453,5.54398087560436,0.9935
"3167",10,17,13,"SGP",2.19831957049612,2.92589891254307,0.2795
"3168",10,17,14,"SGP",1.6070762154966,2.7960982698307,0.3925
"3169",10,17,15,"SGP",7.42680203786445,4.22942127763439,0.0425
"3170",10,17,16,"SGP",1.97192899986199,2.90742889212891,0.3345
"3171",10,17,17,"SGP",2.73809081907909,3.03612937754556,0.2235
"3172",10,17,18,"SGP",1.53157264184144,2.73288841494648,0.41
"3173",10,17,19,"SGP",11.0917863701226,5.33716430523613,0.0075
"3174",10,17,20,"SGP",3.58233389745349,3.13324076886947,0.1835
"3175",10,17,21,"SGP",4.02294063708529,3.25358792636647,0.149
"3176",10,17,22,"SGP",7.76410396278028,4.17290058619539,0.0465
"3177",10,17,23,"SGP",1.30882063585702,2.64949233086536,0.575
"3178",10,17,24,"SGP",1.9510852528731,2.7780283915698,0.709
"3179",10,17,25,"SGP",2.34070561197771,2.90895955879976,0.2275
"3180",10,17,26,"SGP",4.00882585871155,3.21278494043869,0.124
"3181",10,17,27,"SGP",3.99117454840474,3.24744216999955,0.8785
"3182",10,17,28,"SGP",8.80034658087941,4.78643767855334,0.9735
"3183",10,17,29,"SGP",4.54866503411773,3.61156008594432,0.911
"3184",10,17,30,"SGP",1.56998611974274,2.75461658830654,0.3805
"3185",10,17,31,"SGP",1.38846031855491,2.68835450710262,0.5525
"3186",10,17,32,"SGP",2.3488480048645,2.88243960733904,0.2305
"3187",10,17,33,"SGP",3.07472490400755,3.03791741953521,0.154
"3188",10,17,34,"SGP",2.91370779561747,3.05696770286404,0.1735
"3189",10,17,35,"SGP",1.36664674199495,2.71288490576673,0.473
"3190",10,17,36,"SGP",2.85130999754004,2.98086596650494,0.8155
"3191",10,17,37,"SGP",1.36043754375911,2.77085482409914,0.4975
"3192",10,17,38,"SGP",1.76229863302149,2.68384000602311,0.7195
"3193",10,17,1,"SGP50",1.08718117340277,2.02880660939908,0.329
"3194",10,17,2,"SGP50",5.43660179925676,4.05884054065724,0.8985
"3195",10,17,3,"SGP50",5.91441954389899,3.95748324587394,0.9205
"3196",10,17,4,"SGP50",2.69658963517694,3.04427979714245,0.784
"3197",10,17,5,"SGP50",2.29806389600132,2.93939756575644,0.2645
"3198",10,17,6,"SGP50",6.37278603217052,4.09349224644661,0.9195
"3199",10,17,7,"SGP50",6.87845815431254,4.25580499109253,0.9455
"3200",10,17,8,"SGP50",2.31130311264411,2.96095503120936,0.6825
"3201",10,17,9,"SGP50",4.46043624842506,3.43270878099253,0.844
"3202",10,17,10,"SGP50",5.52567601391842,3.58453468896218,0.889
"3203",10,17,11,"SGP50",3.85203892283652,3.4485875956688,0.2745
"3204",10,17,12,"SGP50",10.5481323002808,4.77508913333902,0.9575
"3205",10,17,13,"SGP50",2.23220701830693,3.13031162656409,0.538
"3206",10,17,14,"SGP50",2.1707403497566,3.06849167898593,0.582
"3207",10,17,15,"SGP50",4.26084421033007,3.54587456651006,0.21
"3208",10,17,16,"SGP50",1.96585702870678,3.00922215379488,0.476
"3209",10,17,17,"SGP50",2.04214995582782,3.04727429687315,0.396
"3210",10,17,18,"SGP50",1.80434810254398,2.95419033548243,0.554
"3211",10,17,19,"SGP50",6.95625702724494,3.8748693019753,0.1
"3212",10,17,20,"SGP50",2.6881243499492,3.09342805932376,0.267
"3213",10,17,21,"SGP50",2.70243348865714,3.13538587484003,0.263
"3214",10,17,22,"SGP50",5.19831793551051,3.51056055786917,0.1305
"3215",10,17,23,"SGP50",1.4796408738475,2.82765187888394,0.4735
"3216",10,17,24,"SGP50",1.55872742832991,2.87682553768658,0.5285
"3217",10,17,25,"SGP50",3.80879060937384,3.13497011996696,0.15
"3218",10,17,26,"SGP50",5.57350403623099,3.83001309743018,0.067
"3219",10,17,27,"SGP50",1.86817127207305,2.85192531146869,0.657
"3220",10,17,28,"SGP50",3.23703597049626,3.23987854105285,0.77
"3221",10,17,29,"SGP50",2.56007491550687,3.17329165277704,0.731
"3222",10,17,30,"SGP50",1.45941187705489,2.70107583161046,0.441
"3223",10,17,31,"SGP50",1.50319876642475,2.75797751599316,0.652
"3224",10,17,32,"SGP50",1.4311034626626,2.66835299269277,0.416
"3225",10,17,33,"SGP50",1.89985034613023,2.63925015454741,0.2665
"3226",10,17,34,"SGP50",3.10564203987785,3.08604440351076,0.1125
"3227",10,17,35,"SGP50",2.61811313221474,3.10628382935093,0.221
"3228",10,17,36,"SGP50",1.46597646164821,2.81950718352922,0.4365
"3229",10,17,37,"SGP50",2.92844550380652,3.38458523092664,0.187
"3230",10,17,38,"SGP50",1.57234849633833,2.91294043731189,0.3505
"3231",10,18,1,"BMA",1.65171738161416,2.55798909286478,0.31
"3232",10,18,2,"BMA",2.89803619341592,3.26585588890827,0.869
"3233",10,18,3,"BMA",2.90139806407447,3.12949787238759,0.822
"3234",10,18,4,"BMA",1.21328005444994,2.52444884480588,0.3985
"3235",10,18,5,"BMA",1.61572468995891,2.52526587020233,0.2725
"3236",10,18,6,"BMA",1.14946344993428,2.39023952142885,0.6525
"3237",10,18,7,"BMA",7.83977158287917,5.2334701974721,0.9855
"3238",10,18,8,"BMA",2.23480695960684,2.93711073178157,0.72
"3239",10,18,9,"BMA",8.03872299115268,4.86439852321578,0.9745
"3240",10,18,10,"BMA",4.32469410513016,3.49409711095031,0.852
"3241",10,18,11,"BMA",1.65618062168908,2.77326430389279,0.6055
"3242",10,18,12,"BMA",1.84776942081485,2.69073125895168,0.6755
"3243",10,18,13,"BMA",1.46103216778506,2.61451122112569,0.64
"3244",10,18,14,"BMA",5.05693918743684,3.7361124546081,0.945
"3245",10,18,15,"BMA",1.27121376257383,2.61228500888979,0.4355
"3246",10,18,16,"BMA",7.4359270603331,4.59788040866686,0.9805
"3247",10,18,17,"BMA",1.69056705068311,2.75074316782521,0.316
"3248",10,18,18,"BMA",1.27046784318517,2.62866626362901,0.4365
"3249",10,18,19,"BMA",9.57217081921327,5.72753878116811,0.993
"3250",10,18,20,"BMA",1.32028029081962,2.72755666026234,0.467
"3251",10,18,21,"BMA",2.73817899004353,3.09090225358591,0.2105
"3252",10,18,22,"BMA",1.53409080713166,2.71878646313511,0.393
"3253",10,18,23,"BMA",1.27015295671069,2.60696988014745,0.484
"3254",10,18,24,"BMA",1.47737605627453,2.67301879253819,0.3335
"3255",10,18,25,"BMA",1.85686462804326,2.74376204326671,0.284
"3256",10,18,26,"BMA",3.59840067800341,3.13931694107139,0.867
"3257",10,18,27,"BMA",1.30951451987308,2.6115291904183,0.367
"3258",10,18,28,"BMA",1.34602066152511,2.53088018567303,0.3945
"3259",10,18,29,"BMA",12.129884199578,6.76628682197518,0.0035
"3260",10,18,30,"BMA",1.42735761508113,2.68880998992735,0.4645
"3261",10,18,31,"BMA",1.38897734372471,2.68380953425667,0.4405
"3262",10,18,32,"BMA",2.20183923319064,2.92827626537097,0.2575
"3263",10,18,33,"BMA",6.76948719816313,4.20514468165529,0.043
"3264",10,18,34,"BMA",1.92735494675884,2.80820133206443,0.31
"3265",10,18,35,"BMA",1.57058609463978,2.72167677749936,0.628
"3266",10,18,36,"BMA",2.35950409560414,2.95194778837372,0.2485
"3267",10,18,37,"BMA",3.51063110716807,3.22714903286803,0.1435
"3268",10,18,38,"BMA",5.00976073783333,3.69425654364694,0.054
"3269",10,18,1,"AVS",1.65171738161416,2.64816653049962,0.3145
"3270",10,18,2,"AVS",3.27933153517706,3.37907117949124,0.9135
"3271",10,18,3,"AVS",3.56289622734988,3.36099600212996,0.863
"3272",10,18,4,"AVS",1.1592154346851,2.46364575816474,0.4475
"3273",10,18,5,"AVS",1.45590495935683,2.46957764693679,0.2815
"3274",10,18,6,"AVS",1.19983365407772,2.34791471163066,0.689
"3275",10,18,7,"AVS",7.95334866039629,5.4967333547859,0.9925
"3276",10,18,8,"AVS",1.51889341376239,2.67318435741539,0.6365
"3277",10,18,9,"AVS",7.72428735140236,5.05279843926853,0.9855
"3278",10,18,10,"AVS",2.354096168444,2.85563736178021,0.774
"3279",10,18,11,"AVS",1.17732951175577,2.55021367377851,0.568
"3280",10,18,12,"AVS",1.69116635916365,2.72572695482138,0.6985
"3281",10,18,13,"AVS",1.23551148720245,2.54355506598914,0.604
"3282",10,18,14,"AVS",4.76137372745434,3.73337833640758,0.9525
"3283",10,18,15,"AVS",1.4528162148204,2.56778196769467,0.301
"3284",10,18,16,"AVS",6.84518366959328,4.7598673135734,0.9865
"3285",10,18,17,"AVS",2.25296204850989,2.75841771502142,0.1925
"3286",10,18,18,"AVS",1.352446250035,2.51615319718165,0.318
"3287",10,18,19,"AVS",9.03043496738382,5.95244987476187,0.9965
"3288",10,18,20,"AVS",1.1507943117437,2.59572035612336,0.4165
"3289",10,18,21,"AVS",4.02280503327824,3.34598095641799,0.0825
"3290",10,18,22,"AVS",1.94674382654249,2.72024040787101,0.285
"3291",10,18,23,"AVS",1.24346308344315,2.56350310450473,0.4295
"3292",10,18,24,"AVS",1.66030976988869,2.57098537302062,0.2985
"3293",10,18,25,"AVS",1.95668454631033,2.80617741133899,0.244
"3294",10,18,26,"AVS",3.98327895916415,3.34254520136194,0.9
"3295",10,18,27,"AVS",1.33245098827964,2.53700504065082,0.3525
"3296",10,18,28,"AVS",1.37168053877122,2.61952638848978,0.3515
"3297",10,18,29,"AVS",11.9811503453186,6.7783621204047,5e-04
"3298",10,18,30,"AVS",1.29907123879411,2.63511350487285,0.564
"3299",10,18,31,"AVS",1.3099817883664,2.66768350693661,0.3915
"3300",10,18,32,"AVS",2.4421858785765,2.87047410482876,0.214
"3301",10,18,33,"AVS",7.30875687069818,4.32233096545744,0.0305
"3302",10,18,34,"AVS",1.33579882158759,2.63011436700042,0.4165
"3303",10,18,35,"AVS",1.67374434063439,2.76975037069821,0.675
"3304",10,18,36,"AVS",3.70695849068179,3.26890866132571,0.1175
"3305",10,18,37,"AVS",4.64734324393461,3.63603287574796,0.0945
"3306",10,18,38,"AVS",4.53237001913092,3.41121228863886,0.098
"3307",10,18,1,"EQW",1.65171738161416,2.60518803412054,0.323
"3308",10,18,2,"EQW",2.31871914542262,3.11257648217845,0.7825
"3309",10,18,3,"EQW",2.5576085790313,3.03983529275549,0.7765
"3310",10,18,4,"EQW",1.22549436813429,2.52950081952874,0.4115
"3311",10,18,5,"EQW",1.77990059690729,2.61040493258283,0.2585
"3312",10,18,6,"EQW",1.11681491256886,2.42813610515431,0.559
"3313",10,18,7,"EQW",7.42928077557473,4.7454079873835,0.9825
"3314",10,18,8,"EQW",1.72004458982828,2.76291018233663,0.665
"3315",10,18,9,"EQW",7.99819188388834,4.56711926920737,0.97
"3316",10,18,10,"EQW",3.37659751942324,3.02963722418874,0.7955
"3317",10,18,11,"EQW",1.71317597576776,2.800815219425,0.5955
"3318",10,18,12,"EQW",1.89019286324309,2.86104172491915,0.683
"3319",10,18,13,"EQW",1.64706551412805,2.75502626639565,0.6155
"3320",10,18,14,"EQW",4.94048047943071,3.60563747696225,0.915
"3321",10,18,15,"EQW",1.66149811049845,2.78258879325648,0.5405
"3322",10,18,16,"EQW",7.72780202981224,4.4299586315894,0.956
"3323",10,18,17,"EQW",1.93108648934783,3.0178979629111,0.515
"3324",10,18,18,"EQW",1.88493094147314,2.90576214348666,0.598
"3325",10,18,19,"EQW",10.6763310799738,5.46385756165755,0.99
"3326",10,18,20,"EQW",2.19497332198191,3.00526956062951,0.586
"3327",10,18,21,"EQW",2.05998312519542,3.09127784744605,0.426
"3328",10,18,22,"EQW",1.80684367774799,2.94014802376815,0.51
"3329",10,18,23,"EQW",1.81662787090433,2.79646607297116,0.6105
"3330",10,18,24,"EQW",1.66420233616984,2.88667638055143,0.4795
"3331",10,18,25,"EQW",1.68347187990904,2.9101125387203,0.4455
"3332",10,18,26,"EQW",4.30909033258678,3.33973017004076,0.8865
"3333",10,18,27,"EQW",1.91846397582294,2.90281614517774,0.589
"3334",10,18,28,"EQW",2.00196180575927,2.93703027445829,0.628
"3335",10,18,29,"EQW",7.22393471725265,3.95972715676802,0.0855
"3336",10,18,30,"EQW",1.5417775534758,2.69366734865202,0.4105
"3337",10,18,31,"EQW",1.61743839193173,2.72209574389109,0.3735
"3338",10,18,32,"EQW",2.65232465338099,3.08783629993297,0.219
"3339",10,18,33,"EQW",7.70627970709965,4.32851729200046,0.036
"3340",10,18,34,"EQW",1.95446231980282,2.81841544802929,0.3395
"3341",10,18,35,"EQW",1.96848322979015,2.94445202131195,0.6645
"3342",10,18,36,"EQW",1.82927166950907,2.80566540988025,0.3205
"3343",10,18,37,"EQW",3.30423391063227,3.10099342467285,0.1545
"3344",10,18,38,"EQW",4.33567716548399,3.45305619208972,0.0955
"3345",10,18,1,"SGP",1.65171738161416,2.62881303777414,0.329
"3346",10,18,2,"SGP",3.02917146909193,3.20193444610085,0.8795
"3347",10,18,3,"SGP",3.60325669952306,3.31828146992195,0.878
"3348",10,18,4,"SGP",1.04769845303212,2.36234777712616,0.42
"3349",10,18,5,"SGP",1.38043131411526,2.33979851410966,0.299
"3350",10,18,6,"SGP",1.22170575236244,2.37814107350414,0.692
"3351",10,18,7,"SGP",8.00020437068041,5.91284825676686,0.9935
"3352",10,18,8,"SGP",1.09642384150706,2.42726329173658,0.5255
"3353",10,18,9,"SGP",7.70985449651769,5.04535928687336,0.9945
"3354",10,18,10,"SGP",1.9471901229855,2.74054036968263,0.735
"3355",10,18,11,"SGP",1.0825672792851,2.51878895032458,0.4575
"3356",10,18,12,"SGP",1.23937961801785,2.55302195358695,0.6355
"3357",10,18,13,"SGP",1.0287149735338,2.4468431367527,0.4975
"3358",10,18,14,"SGP",3.95043545710321,3.608966384392,0.938
"3359",10,18,15,"SGP",1.52081549575476,2.59114373820709,0.295
"3360",10,18,16,"SGP",6.49087608817011,4.43190632722292,0.986
"3361",10,18,17,"SGP",2.20567779069841,2.75505663489441,0.1945
"3362",10,18,18,"SGP",1.42051291904987,2.544572294881,0.313
"3363",10,18,19,"SGP",8.82943959235201,6.11719348472802,0.995
"3364",10,18,20,"SGP",1.16239903000817,2.62533824515717,0.417
"3365",10,18,21,"SGP",3.86944962631343,3.30284396847062,0.101
"3366",10,18,22,"SGP",2.12814626732339,2.78397767819062,0.236
"3367",10,18,23,"SGP",1.33385331328297,2.5015985875579,0.3635
"3368",10,18,24,"SGP",1.9129770185085,2.65678552788541,0.245
"3369",10,18,25,"SGP",2.6373152951817,2.95894275738535,0.1615
"3370",10,18,26,"SGP",2.71618839886735,2.99069371203574,0.86
"3371",10,18,27,"SGP",1.38987914096454,2.55355526376641,0.314
"3372",10,18,28,"SGP",1.6972537360709,2.57085175292948,0.2435
"3373",10,18,29,"SGP",13.5592552110833,7.15573631402213,0.002
"3374",10,18,30,"SGP",1.25366545964036,2.57844595971398,0.437
"3375",10,18,31,"SGP",1.82115441842414,2.63390714097803,0.2835
"3376",10,18,32,"SGP",3.61167814069923,3.24281308151024,0.1285
"3377",10,18,33,"SGP",9.14700163426316,5.431799740289,0.0095
"3378",10,18,34,"SGP",1.21197868738457,2.5756496054428,0.552
"3379",10,18,35,"SGP",4.22862612943552,3.46759529894782,0.897
"3380",10,18,36,"SGP",1.18052729873363,2.57757534737333,0.417
"3381",10,18,37,"SGP",2.57125355267547,2.84762812549337,0.208
"3382",10,18,38,"SGP",2.84855446106959,2.9240507168431,0.168
"3383",10,18,1,"SGP50",1.65171738161416,2.59386706441369,0.319
"3384",10,18,2,"SGP50",2.34917910744406,3.08474404632903,0.78
"3385",10,18,3,"SGP50",2.60199808937845,3.0260910598626,0.773
"3386",10,18,4,"SGP50",1.21243820151668,2.50583477018406,0.436
"3387",10,18,5,"SGP50",1.75013726416177,2.61742494950891,0.259
"3388",10,18,6,"SGP50",1.11846159331367,2.48402208668461,0.605
"3389",10,18,7,"SGP50",7.46562966764807,4.75675977850678,0.979
"3390",10,18,8,"SGP50",1.65748330320071,2.73702602091986,0.6435
"3391",10,18,9,"SGP50",7.9670996434574,4.72962398382231,0.9765
"3392",10,18,10,"SGP50",3.20167320922475,3.04287411260502,0.7785
"3393",10,18,11,"SGP50",1.60756664519186,2.69398609163568,0.577
"3394",10,18,12,"SGP50",1.81249532616109,2.74307254129496,0.6665
"3395",10,18,13,"SGP50",1.55418411932168,2.69416237900842,0.5945
"3396",10,18,14,"SGP50",4.86358957447902,3.50287098254488,0.92
"3397",10,18,15,"SGP50",1.52800505823513,2.77578312582621,0.5025
"3398",10,18,16,"SGP50",7.58933797070909,4.47452345123116,0.9665
"3399",10,18,17,"SGP50",1.73919287204231,2.87362570573762,0.4585
"3400",10,18,18,"SGP50",1.64700017160863,2.80709667797874,0.5755
"3401",10,18,19,"SGP50",10.3244426858022,5.53303165745452,0.9895
"3402",10,18,20,"SGP50",1.74442786968382,2.91886936265283,0.5265
"3403",10,18,21,"SGP50",2.05199345639147,3.07794190889249,0.3915
"3404",10,18,22,"SGP50",1.62709747885324,2.81779870670355,0.459
"3405",10,18,23,"SGP50",1.52384907793493,2.7447643045072,0.534
"3406",10,18,24,"SGP50",1.52233956806917,2.77730304772658,0.4455
"3407",10,18,25,"SGP50",1.70978485367778,2.85234066096386,0.3665
"3408",10,18,26,"SGP50",3.86418157521197,3.2908926803531,0.8705
"3409",10,18,27,"SGP50",1.50083413526666,2.71848160633887,0.4995
"3410",10,18,28,"SGP50",1.55169877124503,2.79637685761569,0.5315
"3411",10,18,29,"SGP50",8.90995557735578,4.36163180520388,0.045
"3412",10,18,30,"SGP50",1.41418954421979,2.70531621927265,0.4645
"3413",10,18,31,"SGP50",1.58206178833653,2.7060883830796,0.352
"3414",10,18,32,"SGP50",2.72949248953102,3.07321621659736,0.2175
"3415",10,18,33,"SGP50",7.78601224172236,4.4683267314993,0.0285
"3416",10,18,34,"SGP50",1.59893355445706,2.69179744168444,0.385
"3417",10,18,35,"SGP50",2.20896449038885,2.9198210475403,0.746
"3418",10,18,36,"SGP50",1.88341768555361,2.73622780901264,0.3145
"3419",10,18,37,"SGP50",3.33134182528948,3.15511352564558,0.1515
"3420",10,18,38,"SGP50",4.05454570159482,3.21777912242453,0.1145
"3421",10,19,1,"BMA",2.15858624099024,2.69673632829542,0.1565
"3422",10,19,2,"BMA",1.41286488713192,2.42043671455068,0.252
"3423",10,19,3,"BMA",1.35488619026512,2.33305696096949,0.2365
"3424",10,19,4,"BMA",0.838176679068812,2.14572629116768,0.6275
"3425",10,19,5,"BMA",0.921130631816518,2.02894089119764,0.3095
"3426",10,19,6,"BMA",0.699678987109278,1.90069870936978,0.3705
"3427",10,19,7,"BMA",0.89669562567925,2.09154602833675,0.7025
"3428",10,19,8,"BMA",1.89905188138429,2.63873744199629,0.863
"3429",10,19,9,"BMA",0.791469175744448,2.14557145306975,0.411
"3430",10,19,10,"BMA",1.24923847949673,2.3077053697709,0.782
"3431",10,19,11,"BMA",1.54578035641934,2.38999873747321,0.817
"3432",10,19,12,"BMA",0.662769409465105,1.88145227742418,0.5835
"3433",10,19,13,"BMA",1.36105058833693,2.28258093602788,0.8295
"3434",10,19,14,"BMA",0.557758993204906,1.84508607092946,0.4975
"3435",10,19,15,"BMA",1.05646403184373,2.11444973512732,0.221
"3436",10,19,16,"BMA",1.20075816695769,2.20957649349378,0.8175
"3437",10,19,17,"BMA",0.771308257313025,1.88376633598833,0.313
"3438",10,19,18,"BMA",0.672808976972372,1.80736555591175,0.6535
"3439",10,19,19,"BMA",3.23731824874413,3.470987389049,0.02
"3440",10,19,20,"BMA",1.28413529841594,2.32293677137185,0.163
"3441",10,19,21,"BMA",0.689369277758673,1.8998571596085,0.3405
"3442",10,19,22,"BMA",1.90162566001389,2.53901932451283,0.9025
"3443",10,19,23,"BMA",0.696469414902578,1.90951075962085,0.6555
"3444",10,19,24,"BMA",0.545868198892284,1.7855992164889,0.4965
"3445",10,19,25,"BMA",0.691001745737474,1.8833391116226,0.6615
"3446",10,19,26,"BMA",1.31002255713831,2.19095441325776,0.844
"3447",10,19,27,"BMA",4.74470078267216,5.18512738253843,0.9965
"3448",10,19,28,"BMA",1.880968402636,2.60842558314716,0.0985
"3449",10,19,29,"BMA",0.714574448090666,1.8855315905082,0.329
"3450",10,19,30,"BMA",1.18564458733931,2.2009674470529,0.7965
"3451",10,19,31,"BMA",2.76728607293728,3.03711306847114,0.053
"3452",10,19,32,"BMA",0.74912084748282,1.93748910383597,0.35
"3453",10,19,33,"BMA",0.753942865433,2.0196497170059,0.6515
"3454",10,19,34,"BMA",7.65143093507872,14.2694292110337,1
"3455",10,19,35,"BMA",4.30930403533019,3.94132976882382,0.0355
"3456",10,19,36,"BMA",1.91176798538433,2.57955698264855,0.1645
"3457",10,19,37,"BMA",0.983663705587798,2.18392633667853,0.3385
"3458",10,19,38,"BMA",1.06617817908882,2.16982064409101,0.73
"3459",10,19,1,"AVS",2.15858624099024,2.65066701893132,0.148
"3460",10,19,2,"AVS",1.11989940905649,2.32630823039811,0.328
"3461",10,19,3,"AVS",0.973761923827868,2.14168060891781,0.3265
"3462",10,19,4,"AVS",1.10113215807915,2.22468468819063,0.749
"3463",10,19,5,"AVS",0.780643731943637,1.98359873732478,0.352
"3464",10,19,6,"AVS",0.608052596759266,1.8898980384875,0.503
"3465",10,19,7,"AVS",1.16121507754289,2.15293239712122,0.7705
"3466",10,19,8,"AVS",1.87611925448173,2.49435985220888,0.8835
"3467",10,19,9,"AVS",0.989877311683562,2.25954917935296,0.285
"3468",10,19,10,"AVS",1.18813915821683,2.14879812904531,0.766
"3469",10,19,11,"AVS",1.32842536112193,2.21574643683065,0.8085
"3470",10,19,12,"AVS",0.580802099905245,1.86061892089531,0.542
"3471",10,19,13,"AVS",1.25573880697597,2.10208639760084,0.8325
"3472",10,19,14,"AVS",0.53460808252705,1.79189697718615,0.505
"3473",10,19,15,"AVS",1.10284030083697,2.18049117057799,0.2045
"3474",10,19,16,"AVS",1.19284848724466,2.19273001284529,0.811
"3475",10,19,17,"AVS",0.736902440371715,1.88674533202264,0.3455
"3476",10,19,18,"AVS",0.709056476346641,1.81442281376209,0.66
"3477",10,19,19,"AVS",3.48029810155478,3.96204659505459,0.017
"3478",10,19,20,"AVS",1.25574145344446,2.16927609411593,0.201
"3479",10,19,21,"AVS",0.692866114657067,1.93111317753749,0.3695
"3480",10,19,22,"AVS",1.89638163768797,2.52938598288282,0.904
"3481",10,19,23,"AVS",0.707706724646927,1.95534998474609,0.6545
"3482",10,19,24,"AVS",0.54666380597158,1.84418108772456,0.478
"3483",10,19,25,"AVS",0.680038881494935,1.79732665817531,0.677
"3484",10,19,26,"AVS",1.28144618196643,2.17710124705748,0.84
"3485",10,19,27,"AVS",4.72060971664676,4.94044653441922,0.9965
"3486",10,19,28,"AVS",1.87458237377558,2.45316503120369,0.099
"3487",10,19,29,"AVS",0.712587964223788,1.90733452031548,0.3555
"3488",10,19,30,"AVS",1.18412022582131,2.06973885804298,0.7655
"3489",10,19,31,"AVS",2.74515978319034,3.15491032166455,0.0465
"3490",10,19,32,"AVS",0.745372943704143,1.85458730619401,0.3395
"3491",10,19,33,"AVS",0.755550760140953,1.96769299064054,0.6485
"3492",10,19,34,"AVS",7.65277206631136,12.8144455885558,1
"3493",10,19,35,"AVS",4.40286579032394,4.17121407983651,0.015
"3494",10,19,36,"AVS",1.82791175541728,2.38707597320024,0.1535
"3495",10,19,37,"AVS",0.828878347115802,2.10992239783462,0.3835
"3496",10,19,38,"AVS",1.20198270738059,2.25810200577888,0.7475
"3497",10,19,1,"EQW",2.15858624099024,2.65426594802765,0.143
"3498",10,19,2,"EQW",1.53068903302146,2.38383126216334,0.233
"3499",10,19,3,"EQW",1.47245616656231,2.3316564047433,0.2255
"3500",10,19,4,"EQW",0.788696646169563,2.05862763665578,0.546
"3501",10,19,5,"EQW",1.00723855781272,2.06125644650142,0.305
"3502",10,19,6,"EQW",0.765516245438521,1.94934131067099,0.3825
"3503",10,19,7,"EQW",0.824475398205517,2.07587078482223,0.6865
"3504",10,19,8,"EQW",1.92404991826009,2.70090414740593,0.8675
"3505",10,19,9,"EQW",0.75270886347737,2.12675172778745,0.507
"3506",10,19,10,"EQW",1.31789262374854,2.30505722206596,0.759
"3507",10,19,11,"EQW",1.83413240207595,2.68807602883162,0.8415
"3508",10,19,12,"EQW",1.07088167441266,2.22135255057018,0.675
"3509",10,19,13,"EQW",1.90279310256482,2.51893830509127,0.841
"3510",10,19,14,"EQW",1.00180662850544,2.19302460097764,0.625
"3511",10,19,15,"EQW",0.831871941636349,2.24567731884702,0.3855
"3512",10,19,16,"EQW",1.29748523899639,2.40257961374422,0.778
"3513",10,19,17,"EQW",0.777649690050891,2.16539758381605,0.4715
"3514",10,19,18,"EQW",0.835657163455621,2.07943341165889,0.6335
"3515",10,19,19,"EQW",2.70011272604686,3.05493014675149,0.0675
"3516",10,19,20,"EQW",2.07439378985695,2.54559600212874,0.123
"3517",10,19,21,"EQW",1.52041552334702,2.29645377167381,0.1935
"3518",10,19,22,"EQW",1.07954593241366,2.42005524917566,0.706
"3519",10,19,23,"EQW",0.812333085733867,2.11297845968642,0.654
"3520",10,19,24,"EQW",0.70289890326137,2.04708106094728,0.563
"3521",10,19,25,"EQW",0.937753214391716,2.20627169577942,0.708
"3522",10,19,26,"EQW",1.71972294229066,2.48815155114758,0.839
"3523",10,19,27,"EQW",5.536942019843,5.0767080205759,0.986
"3524",10,19,28,"EQW",1.41644652587318,2.83663220149403,0.477
"3525",10,19,29,"EQW",0.958505487456057,2.26890331200561,0.56
"3526",10,19,30,"EQW",1.91319529123927,2.61151509236914,0.828
"3527",10,19,31,"EQW",1.50657646006861,2.69652116561637,0.3175
"3528",10,19,32,"EQW",0.829059819227181,2.07711690982258,0.416
"3529",10,19,33,"EQW",0.835173273931062,2.17335655497131,0.6185
"3530",10,19,34,"EQW",7.17663734685921,5.0694701751511,0.981
"3531",10,19,35,"EQW",1.89476505409459,3.07943621354853,0.3715
"3532",10,19,36,"EQW",1.35472756305045,2.567643107414,0.2855
"3533",10,19,37,"EQW",1.01624002328652,2.2512302727421,0.36
"3534",10,19,38,"EQW",1.0548386882629,2.30246928303478,0.6515
"3535",10,19,1,"SGP",2.15858624099024,2.65838003663887,0.139
"3536",10,19,2,"SGP",1.37960384196357,2.37488739395152,0.254
"3537",10,19,3,"SGP",1.17854349543494,2.23543045259914,0.2665
"3538",10,19,4,"SGP",0.921912420742328,2.17902345496788,0.663
"3539",10,19,5,"SGP",0.828693901866614,2.01757222673318,0.346
"3540",10,19,6,"SGP",0.627836054114143,1.8688584436935,0.463
"3541",10,19,7,"SGP",1.06807628449584,2.17810341825465,0.7635
"3542",10,19,8,"SGP",1.88065903667361,2.54164854503504,0.892
"3543",10,19,9,"SGP",0.862986802831926,2.12750433960818,0.3595
"3544",10,19,10,"SGP",1.20089813866531,2.20036063089948,0.7645
"3545",10,19,11,"SGP",1.378017744578,2.22997643746631,0.8105
"3546",10,19,12,"SGP",0.619952232966894,1.89405656159564,0.553
"3547",10,19,13,"SGP",1.33543968475861,2.1996218680791,0.8375
"3548",10,19,14,"SGP",0.568707089080053,1.92310105445924,0.508
"3549",10,19,15,"SGP",1.04759479971278,2.20017662116911,0.2085
"3550",10,19,16,"SGP",1.20275207770379,2.1437541418248,0.8045
"3551",10,19,17,"SGP",0.746652870010478,1.90428271867965,0.35
"3552",10,19,18,"SGP",0.701327897006266,1.92025194574038,0.6805
"3553",10,19,19,"SGP",3.3294996085458,3.81018400034732,0.0175
"3554",10,19,20,"SGP",1.28720878125593,2.19079058643783,0.1835
"3555",10,19,21,"SGP",0.733642496465527,1.87914187393926,0.3325
"3556",10,19,22,"SGP",1.82451371148608,2.54362502773587,0.885
"3557",10,19,23,"SGP",0.720341855750553,1.90469405545584,0.6665
"3558",10,19,24,"SGP",0.555148571814835,1.83984062546262,0.497
"3559",10,19,25,"SGP",0.693108762540476,1.84159412550475,0.658
"3560",10,19,26,"SGP",1.30393533359583,2.22080055036931,0.8225
"3561",10,19,27,"SGP",4.76157782394264,5.12261601535323,0.995
"3562",10,19,28,"SGP",1.79687596606291,2.53694845441809,0.1405
"3563",10,19,29,"SGP",0.708824525994826,1.86903155311252,0.3715
"3564",10,19,30,"SGP",1.2102531453105,2.0963906694137,0.7855
"3565",10,19,31,"SGP",2.68788043587452,3.03907054115413,0.053
"3566",10,19,32,"SGP",0.749103432240828,1.97985565474214,0.341
"3567",10,19,33,"SGP",0.757030102092392,1.92452016055726,0.6455
"3568",10,19,34,"SGP",7.63550669292582,13.0553073028854,1
"3569",10,19,35,"SGP",4.26389138825305,3.97074494421706,0.026
"3570",10,19,36,"SGP",1.82209796542864,2.57743732487509,0.146
"3571",10,19,37,"SGP",0.838321281169892,2.12183428926618,0.3585
"3572",10,19,38,"SGP",1.18382189021808,2.24114743183664,0.756
"3573",10,19,1,"SGP50",2.15858624099024,2.6868847728642,0.146
"3574",10,19,2,"SGP50",1.52719730617036,2.42820129159948,0.2155
"3575",10,19,3,"SGP50",1.46158834889455,2.36285579293673,0.227
"3576",10,19,4,"SGP50",0.789110851738134,2.16245527397633,0.539
"3577",10,19,5,"SGP50",0.999500522578338,2.03248592495455,0.291
"3578",10,19,6,"SGP50",0.7582154198477,1.89703097523985,0.373
"3579",10,19,7,"SGP50",0.831767266096985,2.04120171561312,0.6795
"3580",10,19,8,"SGP50",1.92124697753634,2.72194627668874,0.884
"3581",10,19,9,"SGP50",0.752893703575776,2.20403895281465,0.5105
"3582",10,19,10,"SGP50",1.31110231701045,2.3199031192798,0.7645
"3583",10,19,11,"SGP50",1.81258631079417,2.57520934833558,0.832
"3584",10,19,12,"SGP50",1.04131157355738,2.14416938770876,0.671
"3585",10,19,13,"SGP50",1.86970803251603,2.48401685178913,0.8425
"3586",10,19,14,"SGP50",0.959026378633138,2.17525128119891,0.6305
"3587",10,19,15,"SGP50",0.835141535895397,2.11058959685939,0.4075
"3588",10,19,16,"SGP50",1.28959802130785,2.27642727083531,0.7565
"3589",10,19,17,"SGP50",0.771681511445953,2.12941613835999,0.417
"3590",10,19,18,"SGP50",0.814588892474161,2.04656481516178,0.6265
"3591",10,19,19,"SGP50",2.7172527146238,3.1133263618397,0.067
"3592",10,19,20,"SGP50",1.96632359529742,2.48778990315234,0.1325
"3593",10,19,21,"SGP50",1.38845731325747,2.22886512259864,0.2255
"3594",10,19,22,"SGP50",1.15050694144377,2.40736334334937,0.7175
"3595",10,19,23,"SGP50",0.803063415306384,2.08572079674782,0.661
"3596",10,19,24,"SGP50",0.682090276633905,1.99378745526875,0.5465
"3597",10,19,25,"SGP50",0.909976821172619,2.06006620131604,0.6885
"3598",10,19,26,"SGP50",1.67418263377483,2.4962144879885,0.861
"3599",10,19,27,"SGP50",5.42745599545342,4.91246674922003,0.9905
"3600",10,19,28,"SGP50",1.3557011496329,2.82133464141584,0.4355
"3601",10,19,29,"SGP50",0.879148630469988,2.23151882660931,0.513
"3602",10,19,30,"SGP50",1.78451699993165,2.56548008561563,0.8305
"3603",10,19,31,"SGP50",1.65799292684453,2.79472406458599,0.253
"3604",10,19,32,"SGP50",0.807862102197914,2.0620666678671,0.39
"3605",10,19,33,"SGP50",0.818552830298382,2.0598467366608,0.6325
"3606",10,19,34,"SGP50",7.28437224745375,5.30016546680999,0.9835
"3607",10,19,35,"SGP50",2.17720452122447,3.18693238120597,0.3195
"3608",10,19,36,"SGP50",1.42000112248708,2.46912762233825,0.2815
"3609",10,19,37,"SGP50",0.974790796947801,2.19085778155753,0.3705
"3610",10,19,38,"SGP50",1.07298395726339,2.20783528609967,0.654
"3611",10,20,1,"BMA",2.14416014750926,3.23267685511017,0.7595
"3612",10,20,2,"BMA",2.68840224221725,3.22934485187094,0.7795
"3613",10,20,3,"BMA",1.24788293196482,2.54758620230336,0.528
"3614",10,20,4,"BMA",4.00432813239738,3.68262456521069,0.8665
"3615",10,20,5,"BMA",1.70725669382237,2.81609248749226,0.592
"3616",10,20,6,"BMA",4.64898732551852,3.69560620839598,0.883
"3617",10,20,7,"BMA",1.79675207187401,2.94080307164181,0.539
"3618",10,20,8,"BMA",3.47876419400261,3.31711170211253,0.1935
"3619",10,20,9,"BMA",2.7407344716645,3.08844124137886,0.7315
"3620",10,20,10,"BMA",5.97442438647851,3.78789062557427,0.9275
"3621",10,20,11,"BMA",4.52632098169295,3.31909730983089,0.847
"3622",10,20,12,"BMA",3.7912738974395,3.36696282020631,0.1915
"3623",10,20,13,"BMA",1.72396251549109,2.85973813637442,0.4385
"3624",10,20,14,"BMA",2.41823831546677,2.97052197462846,0.7375
"3625",10,20,15,"BMA",2.31515039115895,3.00653324910856,0.2785
"3626",10,20,16,"BMA",1.39022154713976,2.65567549225733,0.4305
"3627",10,20,17,"BMA",1.54953195929797,2.70547960237816,0.338
"3628",10,20,18,"BMA",1.12774308537406,2.42688768851255,0.485
"3629",10,20,19,"BMA",3.57798571714561,3.2300867868726,0.8855
"3630",10,20,20,"BMA",1.90517179736533,2.8743328492363,0.6855
"3631",10,20,21,"BMA",1.37076516147735,2.65469598625223,0.604
"3632",10,20,22,"BMA",2.05337480102967,2.81814088416958,0.7545
"3633",10,20,23,"BMA",2.99263385967709,2.99890371154051,0.836
"3634",10,20,24,"BMA",3.25167786444436,3.07122755060653,0.8805
"3635",10,20,25,"BMA",1.83821020168969,2.70781809096783,0.785
"3636",10,20,26,"BMA",2.45077154026479,2.80528499823177,0.848
"3637",10,20,27,"BMA",1.06161708204723,2.41954946796692,0.41
"3638",10,20,28,"BMA",0.988570906147952,2.39492253635876,0.5145
"3639",10,20,29,"BMA",4.90163939836569,3.7925405768083,0.0355
"3640",10,20,30,"BMA",1.27777192588684,2.43943031130557,0.343
"3641",10,20,31,"BMA",3.16776095561487,3.03278051815021,0.1085
"3642",10,20,32,"BMA",0.962187262565043,2.35890085517198,0.4925
"3643",10,20,33,"BMA",6.66926949759539,4.92981772383296,0.014
"3644",10,20,34,"BMA",2.32182141995914,2.78152120850599,0.1645
"3645",10,20,35,"BMA",2.43517073593717,2.801649491266,0.1665
"3646",10,20,36,"BMA",1.05057091328332,2.37333539901826,0.5675
"3647",10,20,37,"BMA",3.20507070173089,3.02240914268303,0.892
"3648",10,20,38,"BMA",0.997644811716616,2.35996131384565,0.5055
"3649",10,20,1,"AVS",2.14416014750926,3.18047667638048,0.7705
"3650",10,20,2,"AVS",2.54549956149035,3.16680182867535,0.7505
"3651",10,20,3,"AVS",1.45021861521375,2.64547104189015,0.4265
"3652",10,20,4,"AVS",3.59162585812981,3.61496997130266,0.8415
"3653",10,20,5,"AVS",1.92201096579766,2.98968913845418,0.6015
"3654",10,20,6,"AVS",4.61241516320339,3.48317704684023,0.853
"3655",10,20,7,"AVS",2.04085595147938,3.01731543463582,0.6115
"3656",10,20,8,"AVS",3.10835894784938,3.13989011485353,0.252
"3657",10,20,9,"AVS",2.59778727581793,3.13911238665279,0.7335
"3658",10,20,10,"AVS",6.34714498238031,3.86180102596038,0.923
"3659",10,20,11,"AVS",5.21783011736508,3.63518380305899,0.871
"3660",10,20,12,"AVS",6.64449990103888,4.1768094778708,0.0585
"3661",10,20,13,"AVS",1.76026770912021,2.82580700428475,0.4315
"3662",10,20,14,"AVS",2.49105734724579,3.0573538340411,0.7265
"3663",10,20,15,"AVS",1.94267450188605,2.84665997921458,0.3335
"3664",10,20,16,"AVS",1.28875717169001,2.62283742853648,0.478
"3665",10,20,17,"AVS",1.3797611850175,2.66624115449858,0.38
"3666",10,20,18,"AVS",1.11005476473115,2.41968978483635,0.533
"3667",10,20,19,"AVS",3.98620759635097,3.33929834200485,0.903
"3668",10,20,20,"AVS",2.78978383020963,3.02244217310957,0.8445
"3669",10,20,21,"AVS",1.9290393415997,2.82874132624787,0.75
"3670",10,20,22,"AVS",3.08546178911574,3.16083479859342,0.872
"3671",10,20,23,"AVS",2.74356478098245,2.94593592649465,0.808
"3672",10,20,24,"AVS",2.41337574470014,2.75919753517856,0.829
"3673",10,20,25,"AVS",1.71331438471419,2.69250063017356,0.7655
"3674",10,20,26,"AVS",2.44525229113284,2.82582380276802,0.854
"3675",10,20,27,"AVS",1.06151250225179,2.45696116972375,0.4165
"3676",10,20,28,"AVS",0.988540323464871,2.39663710310601,0.5125
"3677",10,20,29,"AVS",4.90290262251261,3.64159425332121,0.0355
"3678",10,20,30,"AVS",1.27869881790778,2.43076822391414,0.3495
"3679",10,20,31,"AVS",3.16661535393955,3.10195004694965,0.1065
"3680",10,20,32,"AVS",0.961858756081999,2.40251900792016,0.512
"3681",10,20,33,"AVS",6.669059471621,4.93887957638986,0.015
"3682",10,20,34,"AVS",2.3206635388631,2.75984826746272,0.185
"3683",10,20,35,"AVS",2.43363035012883,2.79025275130019,0.1745
"3684",10,20,36,"AVS",1.05539249137617,2.34696223110204,0.578
"3685",10,20,37,"AVS",3.20462542632998,2.96488370742414,0.895
"3686",10,20,38,"AVS",0.999117284198814,2.40847055208071,0.5005
"3687",10,20,1,"EQW",2.14416014750926,3.2125818716726,0.768
"3688",10,20,2,"EQW",3.06137684321172,3.39970912824684,0.8185
"3689",10,20,3,"EQW",1.15102299503056,2.48456353895063,0.5845
"3690",10,20,4,"EQW",4.10188393337749,3.81384165486165,0.8845
"3691",10,20,5,"EQW",1.23630678062285,2.44570841264169,0.588
"3692",10,20,6,"EQW",4.25886758204193,3.68018606303569,0.908
"3693",10,20,7,"EQW",1.40257159592803,2.65540506667473,0.4315
"3694",10,20,8,"EQW",4.14351602369814,3.45159306998607,0.1265
"3695",10,20,9,"EQW",2.71831568229727,3.04513071612888,0.8
"3696",10,20,10,"EQW",4.74726325303427,3.57524744657338,0.928
"3697",10,20,11,"EQW",2.65995228182845,2.90151683839343,0.754
"3698",10,20,12,"EQW",4.69249721155132,3.68717039083896,0.165
"3699",10,20,13,"EQW",1.58222371476648,2.80198442767938,0.3885
"3700",10,20,14,"EQW",1.97022791506091,2.87704005556445,0.7015
"3701",10,20,15,"EQW",3.41269563527519,3.21447333815181,0.1995
"3702",10,20,16,"EQW",1.4613243061481,2.63462660161152,0.378
"3703",10,20,17,"EQW",1.92154084716508,2.77832968284303,0.2815
"3704",10,20,18,"EQW",1.2279862355651,2.57212094761732,0.4255
"3705",10,20,19,"EQW",2.66434466804784,2.83267302653181,0.824
"3706",10,20,20,"EQW",1.41411213434308,2.74361770760531,0.5105
"3707",10,20,21,"EQW",1.26570178081562,2.6675188596894,0.4465
"3708",10,20,22,"EQW",1.63837060268369,2.68626793834597,0.713
"3709",10,20,23,"EQW",2.97063862034692,3.11235607522891,0.8465
"3710",10,20,24,"EQW",4.90196960515674,3.44613838166396,0.9055
"3711",10,20,25,"EQW",5.05457708773024,3.2933502679766,0.882
"3712",10,20,26,"EQW",6.38217083283622,3.49359040502185,0.9235
"3713",10,20,27,"EQW",3.78768693424124,3.11757251061123,0.6945
"3714",10,20,28,"EQW",3.66074962713083,3.01471286401114,0.751
"3715",10,20,29,"EQW",2.71221726700844,3.47781719327093,0.4015
"3716",10,20,30,"EQW",1.63978259550016,2.73483120602321,0.5
"3717",10,20,31,"EQW",2.22408576132853,3.12319911639913,0.3
"3718",10,20,32,"EQW",1.41789404869538,2.67209087063219,0.5145
"3719",10,20,33,"EQW",4.97292452262627,3.71075033176694,0.1425
"3720",10,20,34,"EQW",3.30554227371706,3.05408566502744,0.1755
"3721",10,20,35,"EQW",3.75211067960113,3.11928353704045,0.1275
"3722",10,20,36,"EQW",1.65474344036579,2.71843150317127,0.3995
"3723",10,20,37,"EQW",2.1248341589431,2.95582887912362,0.687
"3724",10,20,38,"EQW",1.28818067245084,2.691736367018,0.5145
"3725",10,20,1,"SGP",2.14416014750926,3.07387351624415,0.763
"3726",10,20,2,"SGP",3.80234168258785,3.54653804825904,0.9265
"3727",10,20,3,"SGP",0.963112228563822,2.20848475515192,0.6415
"3728",10,20,4,"SGP",5.26062641336635,4.40038449247254,0.9755
"3729",10,20,5,"SGP",1.07851138586484,2.25438096648088,0.647
"3730",10,20,6,"SGP",5.20835633845682,4.30842937732432,0.9785
"3731",10,20,7,"SGP",1.2610988833275,2.49771935521211,0.32
"3732",10,20,8,"SGP",4.99233143971925,3.83311890210233,0.041
"3733",10,20,9,"SGP",2.95001189874642,3.07102058554826,0.879
"3734",10,20,10,"SGP",3.35369998189561,3.22140147775583,0.909
"3735",10,20,11,"SGP",0.965053463460641,2.34082255304464,0.5705
"3736",10,20,12,"SGP",9.2044440839388,6.19225170436015,0.0085
"3737",10,20,13,"SGP",1.71900606707807,2.6799633109727,0.283
"3738",10,20,14,"SGP",1.24842041037216,2.52783919124969,0.616
"3739",10,20,15,"SGP",6.26849467215629,4.42655677353024,0.0285
"3740",10,20,16,"SGP",1.47485935768994,2.57158130700348,0.328
"3741",10,20,17,"SGP",2.33062576638021,2.78772231074607,0.174
"3742",10,20,18,"SGP",1.46908722518601,2.58336265524286,0.3335
"3743",10,20,19,"SGP",1.81322053523803,2.67796181755686,0.7405
"3744",10,20,20,"SGP",1.79888863054011,2.72543578878298,0.2635
"3745",10,20,21,"SGP",1.82707703636156,2.69017248240226,0.2615
"3746",10,20,22,"SGP",1.1663261607069,2.46790067970789,0.6115
"3747",10,20,23,"SGP",1.88884091849014,2.74322937216932,0.766
"3748",10,20,24,"SGP",2.38181683983097,2.87531984961001,0.823
"3749",10,20,25,"SGP",1.76467479980321,2.57839531010397,0.7475
"3750",10,20,26,"SGP",2.36305565095305,2.77175209132851,0.829
"3751",10,20,27,"SGP",1.04064059741931,2.33741631664755,0.406
"3752",10,20,28,"SGP",1.00274778345523,2.4091903595597,0.525
"3753",10,20,29,"SGP",4.98360213379556,3.94819154356688,0.041
"3754",10,20,30,"SGP",1.38954795584356,2.45368168932729,0.3145
"3755",10,20,31,"SGP",3.04879076587464,3.00100077007019,0.12
"3756",10,20,32,"SGP",0.926870257017875,2.41352071584317,0.471
"3757",10,20,33,"SGP",6.61854902730976,4.42907995688884,0.025
"3758",10,20,34,"SGP",2.22345071306004,2.75476159822439,0.1985
"3759",10,20,35,"SGP",2.36078118635708,2.83687655206339,0.166
"3760",10,20,36,"SGP",1.36604760991417,2.44473039925667,0.656
"3761",10,20,37,"SGP",3.19443898798029,3.05926172593338,0.8855
"3762",10,20,38,"SGP",1.31220983931558,2.4859059804043,0.3415
"3763",10,20,1,"SGP50",2.14416014750926,3.1070450332119,0.7705
"3764",10,20,2,"SGP50",3.10525946694163,3.29555325854661,0.817
"3765",10,20,3,"SGP50",1.14532529096756,2.4500341379421,0.5895
"3766",10,20,4,"SGP50",4.18999113628317,3.84102871579478,0.889
"3767",10,20,5,"SGP50",1.20769076906325,2.53825891923113,0.603
"3768",10,20,6,"SGP50",4.29500099882708,3.65294144057906,0.912
"3769",10,20,7,"SGP50",1.37529755181514,2.6777356704216,0.4325
"3770",10,20,8,"SGP50",4.19193203031782,3.56507322735088,0.1235
"3771",10,20,9,"SGP50",2.75926370543911,3.04314534962358,0.8155
"3772",10,20,10,"SGP50",4.58586742177992,3.49690535790623,0.9205
"3773",10,20,11,"SGP50",2.35715561139125,2.84217023129386,0.743
"3774",10,20,12,"SGP50",5.21838550331484,3.85974502278767,0.1285
"3775",10,20,13,"SGP50",1.54816833356032,2.79118030827837,0.386
"3776",10,20,14,"SGP50",1.86549530387271,2.76807580337999,0.684
"3777",10,20,15,"SGP50",3.79531203378214,3.36116964573354,0.1605
"3778",10,20,16,"SGP50",1.45697936601474,2.67883408902026,0.3835
"3779",10,20,17,"SGP50",1.99632160170143,2.87499464962256,0.262
"3780",10,20,18,"SGP50",1.25873986171202,2.55174498817997,0.3885
"3781",10,20,19,"SGP50",2.47307994293781,2.85130709368701,0.811
"3782",10,20,20,"SGP50",1.39673247653033,2.77037426784302,0.4725
"3783",10,20,21,"SGP50",1.31606328621393,2.66514308231199,0.443
"3784",10,20,22,"SGP50",1.50590881244549,2.62702005877237,0.6785
"3785",10,20,23,"SGP50",2.66140845151876,3.00597812623469,0.809
"3786",10,20,24,"SGP50",4.2494506526966,3.24252790891675,0.886
"3787",10,20,25,"SGP50",4.06220058749561,3.16189226181297,0.8495
"3788",10,20,26,"SGP50",5.022471805243,3.30626213096891,0.8925
"3789",10,20,27,"SGP50",2.43955053474765,2.86464027956139,0.598
"3790",10,20,28,"SGP50",2.28571928940139,2.76541759563324,0.6745
"3791",10,20,29,"SGP50",3.06915709386789,3.49100784513967,0.2745
"3792",10,20,30,"SGP50",1.35959002755824,2.6105059569138,0.431
"3793",10,20,31,"SGP50",2.54929757230357,3.14390238032402,0.2165
"3794",10,20,32,"SGP50",1.16391040564159,2.53538531152864,0.493
"3795",10,20,33,"SGP50",5.92396910964838,4.30366100201428,0.071
"3796",10,20,34,"SGP50",3.01417510830126,2.91745173476159,0.151
"3797",10,20,35,"SGP50",3.25438803856083,3.00241636351756,0.14
"3798",10,20,36,"SGP50",1.35810741731195,2.63839611124591,0.475
"3799",10,20,37,"SGP50",2.44419760332087,2.96886259259515,0.7795
"3800",10,20,38,"SGP50",1.19664555384012,2.5525480244037,0.455
"3801",10,21,1,"BMA",1.62856551387136,2.86212373983699,0.4805
"3802",10,21,2,"BMA",3.70869096624951,3.35770255482155,0.823
"3803",10,21,3,"BMA",4.24290039029589,3.47251371426433,0.8285
"3804",10,21,4,"BMA",1.75371363927933,2.8462228129671,0.601
"3805",10,21,5,"BMA",12.331398746074,5.16057229093516,0.973
"3806",10,21,6,"BMA",3.92544830925277,3.54417014455715,0.7325
"3807",10,21,7,"BMA",2.59226680983586,3.21883190461277,0.5035
"3808",10,21,8,"BMA",4.28813666972316,3.54516933909252,0.776
"3809",10,21,9,"BMA",4.83139711039027,3.58918698437539,0.781
"3810",10,21,10,"BMA",3.35477482318392,3.31957279607635,0.719
"3811",10,21,11,"BMA",2.36944305453863,3.19561173902248,0.59
"3812",10,21,12,"BMA",2.74989869788715,3.26205804945642,0.6465
"3813",10,21,13,"BMA",3.01022569843042,3.20699746605363,0.286
"3814",10,21,14,"BMA",2.69972717428598,3.0859069702972,0.7005
"3815",10,21,15,"BMA",1.93911518039296,3.02532495941356,0.6165
"3816",10,21,16,"BMA",2.86737034680261,3.22488196713432,0.241
"3817",10,21,17,"BMA",1.59195943763354,2.86589449234717,0.4895
"3818",10,21,18,"BMA",2.87551846107226,3.2019497354193,0.2475
"3819",10,21,19,"BMA",2.36122762329907,2.95759165681364,0.2755
"3820",10,21,20,"BMA",1.69864114930377,2.86608270023222,0.384
"3821",10,21,21,"BMA",1.94896416795418,2.91226256071835,0.6465
"3822",10,21,22,"BMA",2.03104980598136,3.00750810330299,0.6425
"3823",10,21,23,"BMA",7.16335703597865,3.91017562535142,0.0685
"3824",10,21,24,"BMA",1.33037905383128,2.62504452579512,0.572
"3825",10,21,25,"BMA",3.56135934501529,3.30752260406502,0.8465
"3826",10,21,26,"BMA",1.5403174278855,2.84228072329563,0.51
"3827",10,21,27,"BMA",1.61793821848389,2.63497672824117,0.3325
"3828",10,21,28,"BMA",2.57040592563556,2.82983092256575,0.156
"3829",10,21,29,"BMA",1.84341971934628,2.72030628966536,0.769
"3830",10,21,30,"BMA",1.1291249879027,2.47275835322801,0.634
"3831",10,21,31,"BMA",2.51269416378933,2.91164207236301,0.839
"3832",10,21,32,"BMA",4.94665153263207,3.89214517582918,0.952
"3833",10,21,33,"BMA",4.26615238593594,3.62686722789054,0.879
"3834",10,21,34,"BMA",2.82960384297913,3.04604731068328,0.7575
"3835",10,21,35,"BMA",6.22888936125848,4.07087900173816,0.055
"3836",10,21,36,"BMA",1.51222641078498,2.65602964620256,0.372
"3837",10,21,37,"BMA",3.10578483393352,3.04686733052678,0.153
"3838",10,21,38,"BMA",2.84635333144785,3.08496443687245,0.1975
"3839",10,21,1,"AVS",1.62856551387136,2.85914932526968,0.4715
"3840",10,21,2,"AVS",4.25176198608499,3.47946835579099,0.8895
"3841",10,21,3,"AVS",4.17310604170657,3.43182564620166,0.848
"3842",10,21,4,"AVS",1.58036387850908,2.75396826395864,0.5675
"3843",10,21,5,"AVS",12.3721112120294,5.41236435628224,0.9845
"3844",10,21,6,"AVS",4.90652950746931,3.53027841999008,0.8
"3845",10,21,7,"AVS",2.25177920565489,3.19433631014398,0.5315
"3846",10,21,8,"AVS",5.10496406909374,3.65382020930668,0.864
"3847",10,21,9,"AVS",4.9405772202348,3.51978245123289,0.8155
"3848",10,21,10,"AVS",2.93907563286477,3.16110050907477,0.7515
"3849",10,21,11,"AVS",1.81839143359544,3.0224757608286,0.5605
"3850",10,21,12,"AVS",2.07265463433678,2.94067414780967,0.6605
"3851",10,21,13,"AVS",3.58296961964902,3.26966907212723,0.1725
"3852",10,21,14,"AVS",2.45962288047152,2.94367135320993,0.732
"3853",10,21,15,"AVS",1.42058946840887,2.77321448613032,0.52
"3854",10,21,16,"AVS",3.61822564026257,3.27820640769389,0.166
"3855",10,21,17,"AVS",1.47396518351804,2.75773155324423,0.4355
"3856",10,21,18,"AVS",3.55061348825972,3.22554397818243,0.1585
"3857",10,21,19,"AVS",2.57890285660199,3.01654557954385,0.2445
"3858",10,21,20,"AVS",1.6434086747014,2.832449705463,0.4355
"3859",10,21,21,"AVS",2.37118674981911,3.05011453671506,0.7285
"3860",10,21,22,"AVS",1.6616839245448,2.91193939851444,0.5315
"3861",10,21,23,"AVS",9.68331603335996,5.05429632682113,0.0105
"3862",10,21,24,"AVS",1.42648425395335,2.65907436818576,0.655
"3863",10,21,25,"AVS",4.89676017390316,3.72553633743998,0.9335
"3864",10,21,26,"AVS",1.93118564393495,3.04421218409513,0.423
"3865",10,21,27,"AVS",1.43563834105033,2.62250905429911,0.3695
"3866",10,21,28,"AVS",1.80617137461267,2.59897924059307,0.2165
"3867",10,21,29,"AVS",2.26753282935485,2.83784583722637,0.8375
"3868",10,21,30,"AVS",1.48876214727213,2.45636649836733,0.7715
"3869",10,21,31,"AVS",3.59548570149309,3.39207587519884,0.938
"3870",10,21,32,"AVS",5.18810006322549,4.09483122833804,0.971
"3871",10,21,33,"AVS",4.2505504612151,3.70058223134671,0.8925
"3872",10,21,34,"AVS",1.73916452944535,2.75583595545113,0.657
"3873",10,21,35,"AVS",6.36079328858528,4.26437049928579,0.041
"3874",10,21,36,"AVS",1.65477622984782,2.70103018178734,0.367
"3875",10,21,37,"AVS",3.09930775388495,3.05318655049145,0.1725
"3876",10,21,38,"AVS",2.39072702704942,2.86641041276871,0.229
"3877",10,21,1,"EQW",1.62856551387136,2.85159905971831,0.4805
"3878",10,21,2,"EQW",3.138846127778,3.41782603866372,0.7765
"3879",10,21,3,"EQW",4.1623098209656,3.49739145024948,0.8035
"3880",10,21,4,"EQW",1.83355063088995,2.86679116548694,0.6355
"3881",10,21,5,"EQW",12.1090930213036,5.32468348538346,0.9735
"3882",10,21,6,"EQW",2.66407184944047,3.28775928686235,0.6295
"3883",10,21,7,"EQW",2.14748991868746,3.04936287080718,0.4785
"3884",10,21,8,"EQW",4.55361435700066,3.54935579334629,0.811
"3885",10,21,9,"EQW",3.75343989625571,3.3795864863116,0.7805
"3886",10,21,10,"EQW",2.53862144001656,3.10499593038358,0.6755
"3887",10,21,11,"EQW",2.01367963262054,3.06454051840988,0.516
"3888",10,21,12,"EQW",2.24808420349833,3.08217154514026,0.6185
"3889",10,21,13,"EQW",3.42479641084908,3.32234543059238,0.255
"3890",10,21,14,"EQW",2.42150751388121,3.05139145597285,0.6855
"3891",10,21,15,"EQW",1.89317905535659,2.92885751481895,0.558
"3892",10,21,16,"EQW",2.92193538194324,3.2002393305334,0.2505
"3893",10,21,17,"EQW",1.69223812455659,2.90145958758337,0.44
"3894",10,21,18,"EQW",3.14580443249899,3.2684493169502,0.25
"3895",10,21,19,"EQW",2.77252317818222,3.13854955857414,0.243
"3896",10,21,20,"EQW",1.75230290286108,2.82945219806748,0.3635
"3897",10,21,21,"EQW",1.77066586401874,2.89508927930145,0.6225
"3898",10,21,22,"EQW",2.10052629965026,2.93748754828028,0.676
"3899",10,21,23,"EQW",5.41726506029194,3.51499354144389,0.108
"3900",10,21,24,"EQW",1.33134035627583,2.65770637603198,0.472
"3901",10,21,25,"EQW",2.86780552668208,3.08464272766781,0.8125
"3902",10,21,26,"EQW",1.45412453933842,2.73493658764766,0.5135
"3903",10,21,27,"EQW",1.92817190831508,2.68744940549329,0.2975
"3904",10,21,28,"EQW",3.06546444552455,2.937608634297,0.157
"3905",10,21,29,"EQW",1.7200746125879,2.62645224002531,0.7115
"3906",10,21,30,"EQW",1.17101002370045,2.5841238567193,0.4895
"3907",10,21,31,"EQW",2.50060410960387,2.93624924715643,0.7975
"3908",10,21,32,"EQW",4.4474062705873,3.57871911435643,0.908
"3909",10,21,33,"EQW",3.70602539667334,3.36394780021314,0.8195
"3910",10,21,34,"EQW",4.25411547436104,3.35311155566287,0.792
"3911",10,21,35,"EQW",2.77318807233475,3.28979673991251,0.383
"3912",10,21,36,"EQW",1.40361183602891,2.70313216601148,0.569
"3913",10,21,37,"EQW",1.8515437839329,2.88726502832509,0.316
"3914",10,21,38,"EQW",2.05925409417652,2.76559807634193,0.2775
"3915",10,21,1,"SGP",1.62856551387136,2.89561575571447,0.4955
"3916",10,21,2,"SGP",4.0766332810678,3.50047709901137,0.8755
"3917",10,21,3,"SGP",5.74489233959431,3.80467530952994,0.8915
"3918",10,21,4,"SGP",1.7933484757878,2.82332024842368,0.6415
"3919",10,21,5,"SGP",13.7117850719721,7.06764479180229,0.9945
"3920",10,21,6,"SGP",2.04529548782812,3.02185376650744,0.5925
"3921",10,21,7,"SGP",1.66115539762807,2.85847583682224,0.492
"3922",10,21,8,"SGP",5.47510444750421,3.64176219752286,0.897
"3923",10,21,9,"SGP",3.53666584667189,3.2820609586464,0.7925
"3924",10,21,10,"SGP",1.80479629009415,2.9286319269544,0.6015
"3925",10,21,11,"SGP",1.85186926522636,2.88860361382538,0.3685
"3926",10,21,12,"SGP",1.34149077440358,2.74642027280877,0.487
"3927",10,21,13,"SGP",6.16830016194929,3.85770783756634,0.061
"3928",10,21,14,"SGP",1.49397727798049,2.7334232795807,0.5765
"3929",10,21,15,"SGP",1.93067874257454,2.78439212708685,0.3025
"3930",10,21,16,"SGP",5.79125591914609,3.90260396408533,0.059
"3931",10,21,17,"SGP",2.15440406193544,2.86074695552803,0.2895
"3932",10,21,18,"SGP",5.30766600763226,3.69034773657325,0.073
"3933",10,21,19,"SGP",4.13383226573534,3.30863340318405,0.1305
"3934",10,21,20,"SGP",1.95427030096861,2.91419965624597,0.2955
"3935",10,21,21,"SGP",1.42560656394178,2.73217122933347,0.493
"3936",10,21,22,"SGP",1.40313462035906,2.67852868751264,0.561
"3937",10,21,23,"SGP",8.38810492756801,4.60582094318176,0.027
"3938",10,21,24,"SGP",1.50532484606913,2.7231030173894,0.411
"3939",10,21,25,"SGP",3.04244030160341,3.05592120456617,0.816
"3940",10,21,26,"SGP",1.37422295053499,2.65013627627333,0.494
"3941",10,21,27,"SGP",2.41444452609527,2.88514816086674,0.2265
"3942",10,21,28,"SGP",3.71151129379266,3.07683045216216,0.129
"3943",10,21,29,"SGP",2.48243711101101,2.87192074371254,0.7585
"3944",10,21,30,"SGP",1.36074939104516,2.70763317944828,0.448
"3945",10,21,31,"SGP",4.88705996363345,3.61422757806118,0.9275
"3946",10,21,32,"SGP",4.6023596735691,3.66182097799365,0.9235
"3947",10,21,33,"SGP",1.69870685418415,2.72946167974405,0.673
"3948",10,21,34,"SGP",1.32371270424087,2.61761210891703,0.575
"3949",10,21,35,"SGP",8.5270886597269,4.91697629112673,0.0295
"3950",10,21,36,"SGP",1.22835905168532,2.62880294011966,0.523
"3951",10,21,37,"SGP",1.89596050909568,2.75873489626833,0.2815
"3952",10,21,38,"SGP",1.48805005472031,2.66630227983293,0.3925
"3953",10,21,1,"SGP50",1.62856551387136,2.82787358845394,0.482
"3954",10,21,2,"SGP50",3.18108710537647,3.34756617568399,0.784
"3955",10,21,3,"SGP50",4.24793208672636,3.54667005034025,0.807
"3956",10,21,4,"SGP50",1.8391579888529,2.90261509897385,0.6395
"3957",10,21,5,"SGP50",12.2007628683672,5.27125431893756,0.9725
"3958",10,21,6,"SGP50",2.61715181062242,3.21391889112114,0.6315
"3959",10,21,7,"SGP50",2.10977147701273,3.11978458256412,0.464
"3960",10,21,8,"SGP50",4.6316594128275,3.70498828333633,0.808
"3961",10,21,9,"SGP50",3.67861585744904,3.22738638509753,0.7675
"3962",10,21,10,"SGP50",2.44089061405351,3.04190335408489,0.6645
"3963",10,21,11,"SGP50",1.94668557614177,3.03665307628034,0.4805
"3964",10,21,12,"SGP50",2.10273656048781,3.04899565507833,0.597
"3965",10,21,13,"SGP50",3.65029822351085,3.3056253728287,0.239
"3966",10,21,14,"SGP50",2.27507145508632,2.97925897924887,0.6825
"3967",10,21,15,"SGP50",1.75642186565856,2.96505242991006,0.52
"3968",10,21,16,"SGP50",3.27539015788208,3.30425270616443,0.224
"3969",10,21,17,"SGP50",1.69193890524409,2.84467710410629,0.437
"3970",10,21,18,"SGP50",3.40051537630083,3.26132882260125,0.2225
"3971",10,21,19,"SGP50",2.91962915921961,3.13392999996084,0.244
"3972",10,21,20,"SGP50",1.79790123978515,2.89411418777009,0.3565
"3973",10,21,21,"SGP50",1.65497183971414,2.83757688685803,0.59
"3974",10,21,22,"SGP50",1.86950430051406,2.88034083795401,0.622
"3975",10,21,23,"SGP50",6.12693745212895,3.72748094535235,0.087
"3976",10,21,24,"SGP50",1.35758246143381,2.67743314131304,0.4755
"3977",10,21,25,"SGP50",2.74326307881455,3.08723293660283,0.7845
"3978",10,21,26,"SGP50",1.52773312413887,2.77341555312941,0.468
"3979",10,21,27,"SGP50",2.09418875601344,2.73200197655837,0.267
"3980",10,21,28,"SGP50",3.1657188243201,3.05642282080015,0.158
"3981",10,21,29,"SGP50",1.80560558825945,2.70739790562339,0.721
"3982",10,21,30,"SGP50",1.21662369249203,2.6349426839204,0.5005
"3983",10,21,31,"SGP50",2.57245318514117,2.94654441345956,0.8085
"3984",10,21,32,"SGP50",4.28308538891912,3.48822719759367,0.8895
"3985",10,21,33,"SGP50",3.33118138839798,3.20153040092564,0.784
"3986",10,21,34,"SGP50",3.68024030635734,3.27679596343271,0.767
"3987",10,21,35,"SGP50",3.23362558370582,3.38604916686102,0.329
"3988",10,21,36,"SGP50",1.3469006180281,2.67835678666114,0.552
"3989",10,21,37,"SGP50",1.97629021381713,2.88100043676034,0.2905
"3990",10,21,38,"SGP50",2.10517075926985,2.79248117428326,0.2575
"3991",10,22,1,"BMA",2.65828981280504,3.29530996553164,0.563
"3992",10,22,2,"BMA",5.89850858820182,4.16046854579337,0.8825
"3993",10,22,3,"BMA",2.69680823012694,3.25961623410011,0.5705
"3994",10,22,4,"BMA",2.21676541360497,3.05326211190593,0.569
"3995",10,22,5,"BMA",1.74152633499861,2.66196170681879,0.609
"3996",10,22,6,"BMA",0.95616158511685,2.23391741144038,0.5005
"3997",10,22,7,"BMA",5.0204556486545,4.06119552236034,0.983
"3998",10,22,8,"BMA",11.2536964618113,7.53025659060658,0.9995
"3999",10,22,9,"BMA",4.09410176144727,3.85048422680096,0.2565
"4000",10,22,10,"BMA",2.3764233416557,3.15610283364932,0.581
"4001",10,22,11,"BMA",3.94725576757499,3.68337699877326,0.236
"4002",10,22,12,"BMA",8.88063609381425,4.46968594957447,0.1795
"4003",10,22,13,"BMA",4.90964587983601,3.65008798390267,0.628
"4004",10,22,14,"BMA",2.95742085249364,3.47749279922088,0.453
"4005",10,22,15,"BMA",2.95981468412947,3.40796257022776,0.392
"4006",10,22,16,"BMA",4.43447460648057,3.47774025075885,0.267
"4007",10,22,17,"BMA",2.7476853302773,3.31063697218431,0.596
"4008",10,22,18,"BMA",2.81617567748142,3.30721809926651,0.634
"4009",10,22,19,"BMA",2.31557764965088,3.18512943069184,0.4605
"4010",10,22,20,"BMA",1.95881807332256,3.11984690372238,0.5615
"4011",10,22,21,"BMA",5.57719231719885,3.78126455983541,0.86
"4012",10,22,22,"BMA",3.78445284076268,3.24025682279965,0.282
"4013",10,22,23,"BMA",1.46243939953717,2.82203821734048,0.5
"4014",10,22,24,"BMA",2.94673737043927,3.11271927433212,0.7785
"4015",10,22,25,"BMA",1.33761539449267,2.71238473619206,0.5175
"4016",10,22,26,"BMA",1.36332231017707,2.5868948783616,0.6115
"4017",10,22,27,"BMA",2.69647954021599,3.04214125025266,0.827
"4018",10,22,28,"BMA",1.65159880703226,2.54042689609566,0.266
"4019",10,22,29,"BMA",5.35908748337411,4.08153237956976,0.0285
"4020",10,22,30,"BMA",5.74372049119994,4.77016740161856,0.0115
"4021",10,22,31,"BMA",3.2495831427729,3.20158692948922,0.098
"4022",10,22,32,"BMA",1.6175104769928,2.47022378590785,0.2315
"4023",10,22,33,"BMA",1.77378103595453,2.44502305274765,0.169
"4024",10,22,34,"BMA",2.14233697384167,2.70999411906684,0.1
"4025",10,22,35,"BMA",1.23352708547917,2.13280426882454,0.2015
"4026",10,22,36,"BMA",0.803007406996992,1.84700405251352,0.289
"4027",10,22,37,"BMA",1.08756148485506,1.9411888977791,0.188
"4028",10,22,38,"BMA",0.878939458071029,1.70281213653666,0.221
"4029",10,22,1,"AVS",2.65828981280504,3.31387900089213,0.5585
"4030",10,22,2,"AVS",7.14268742980996,4.77797928790526,0.9525
"4031",10,22,3,"AVS",2.29398253869206,3.13056687858333,0.498
"4032",10,22,4,"AVS",1.32432586370712,2.59917819381785,0.497
"4033",10,22,5,"AVS",0.989604520276751,2.38206938629245,0.5905
"4034",10,22,6,"AVS",0.758442794489706,2.15315359321068,0.4905
"4035",10,22,7,"AVS",4.96974810460888,4.19163882007293,0.9825
"4036",10,22,8,"AVS",11.16865996462,7.13594095215339,1
"4037",10,22,9,"AVS",7.07929590642862,4.38140366034636,0.023
"4038",10,22,10,"AVS",1.33050644692347,2.67111033960392,0.4335
"4039",10,22,11,"AVS",6.1171562010965,3.80878685762057,0.069
"4040",10,22,12,"AVS",15.2418036225838,7.04659842816681,0
"4041",10,22,13,"AVS",5.75379338309538,3.85679638550402,0.6185
"4042",10,22,14,"AVS",3.61694786043614,3.63181241840458,0.3445
"4043",10,22,15,"AVS",2.97337326087619,3.44639090308461,0.4755
"4044",10,22,16,"AVS",3.42235959918504,3.38557459344841,0.3605
"4045",10,22,17,"AVS",3.3412539253424,3.40801354105086,0.7085
"4046",10,22,18,"AVS",4.07224080919125,3.4285815784853,0.776
"4047",10,22,19,"AVS",2.19745213886193,2.9901099207479,0.6405
"4048",10,22,20,"AVS",2.14406193669463,3.00671738644007,0.662
"4049",10,22,21,"AVS",7.20272008531488,4.11402441470112,0.9415
"4050",10,22,22,"AVS",1.46217042003793,2.78263251469367,0.455
"4051",10,22,23,"AVS",1.35925707726904,2.78355800238658,0.545
"4052",10,22,24,"AVS",3.17320793461124,3.14211914421218,0.846
"4053",10,22,25,"AVS",1.29224806936041,2.65302549059241,0.5775
"4054",10,22,26,"AVS",1.37009289391673,2.59727902026886,0.634
"4055",10,22,27,"AVS",2.75576277604552,3.06121084350507,0.843
"4056",10,22,28,"AVS",1.58895419742604,2.61300350068257,0.263
"4057",10,22,29,"AVS",5.36448347163086,4.2255066177179,0.0255
"4058",10,22,30,"AVS",5.84346842369,4.35892154854317,0.017
"4059",10,22,31,"AVS",3.55252787009118,3.35713533458715,0.0605
"4060",10,22,32,"AVS",1.70865325525996,2.44116995235651,0.194
"4061",10,22,33,"AVS",1.80399548897323,2.43437435125204,0.1425
"4062",10,22,34,"AVS",2.18527876700181,2.6577372551135,0.087
"4063",10,22,35,"AVS",1.24925639305184,2.08447099147992,0.1945
"4064",10,22,36,"AVS",0.801892474374065,1.92789121028646,0.2895
"4065",10,22,37,"AVS",1.08882645105846,2.03122374500432,0.186
"4066",10,22,38,"AVS",0.879846591603798,1.780575068723,0.2075
"4067",10,22,1,"EQW",2.65828981280504,3.29528288396316,0.5345
"4068",10,22,2,"EQW",5.2612351652096,3.97582867697385,0.8375
"4069",10,22,3,"EQW",2.36072883179141,3.19529393409851,0.597
"4070",10,22,4,"EQW",2.41298695562908,3.02794138822436,0.5975
"4071",10,22,5,"EQW",2.99380228463537,3.18682579984995,0.666
"4072",10,22,6,"EQW",3.09682290549286,3.17626058825891,0.69
"4073",10,22,7,"EQW",8.49843162129761,4.13067350145487,0.947
"4074",10,22,8,"EQW",16.2416736891885,5.87674462499972,0.993
"4075",10,22,9,"EQW",3.92978732689645,3.75296754421321,0.4975
"4076",10,22,10,"EQW",4.2774857216287,3.37825731764579,0.6765
"4077",10,22,11,"EQW",3.46941625616988,3.59621063424558,0.455
"4078",10,22,12,"EQW",6.20530983195351,4.12652707186022,0.2495
"4079",10,22,13,"EQW",3.1731808257563,3.47272234275274,0.523
"4080",10,22,14,"EQW",3.18730115682981,3.60577967882411,0.417
"4081",10,22,15,"EQW",3.27663352260504,3.67115517735755,0.379
"4082",10,22,16,"EQW",4.75723806805514,3.73250133130756,0.29
"4083",10,22,17,"EQW",3.07652979568966,3.31601964075753,0.695
"4084",10,22,18,"EQW",2.90552727720536,3.33160684052528,0.656
"4085",10,22,19,"EQW",2.41360814339076,3.300706270405,0.521
"4086",10,22,20,"EQW",2.2504792841239,3.09614972709881,0.5735
"4087",10,22,21,"EQW",5.79507496836444,3.76139535045189,0.8565
"4088",10,22,22,"EQW",3.57836514742076,3.5419807740013,0.369
"4089",10,22,23,"EQW",2.08927581310383,3.10031356002677,0.585
"4090",10,22,24,"EQW",3.45174283282616,3.32454355995599,0.754
"4091",10,22,25,"EQW",2.06919382455497,3.18656187756272,0.49
"4092",10,22,26,"EQW",2.03572321502569,2.96831658684144,0.616
"4093",10,22,27,"EQW",2.97348695597308,3.24012347807367,0.739
"4094",10,22,28,"EQW",2.4340113136418,2.99400838118917,0.3465
"4095",10,22,29,"EQW",3.72949380701953,3.19151632341901,0.1625
"4096",10,22,30,"EQW",2.60912728604165,3.06123364241121,0.2515
"4097",10,22,31,"EQW",1.72284320117967,2.89229703981671,0.39
"4098",10,22,32,"EQW",1.32514782374198,2.63823564887309,0.444
"4099",10,22,33,"EQW",1.42331453417222,2.54534149826682,0.3475
"4100",10,22,34,"EQW",1.59582727305743,2.68470094924995,0.29
"4101",10,22,35,"EQW",1.15012525227667,2.38107082328537,0.381
"4102",10,22,36,"EQW",1.02980274274462,2.30667132466248,0.412
"4103",10,22,37,"EQW",1.15783559713369,2.28888770724328,0.3395
"4104",10,22,38,"EQW",0.980971929232428,2.27244915594631,0.376
"4105",10,22,1,"SGP",2.65828981280504,3.31890142245206,0.5505
"4106",10,22,2,"SGP",7.29726272915153,4.53782622504637,0.957
"4107",10,22,3,"SGP",1.12658372058794,2.43859574951833,0.5155
"4108",10,22,4,"SGP",1.03062738947262,2.39861407180642,0.4935
"4109",10,22,5,"SGP",1.03498079611307,2.36616838875521,0.601
"4110",10,22,6,"SGP",0.788039064856998,2.20661433489523,0.48
"4111",10,22,7,"SGP",5.02124327999961,3.97667374860331,0.976
"4112",10,22,8,"SGP",11.2237932741496,7.40483940765451,1
"4113",10,22,9,"SGP",6.89718196043135,4.36933201449666,0.043
"4114",10,22,10,"SGP",1.34086954467979,2.73761633765882,0.44
"4115",10,22,11,"SGP",6.00868884242325,3.76306470982259,0.059
"4116",10,22,12,"SGP",15.0527498416549,7.06706876909069,0.005
"4117",10,22,13,"SGP",3.80687906078901,3.37166301540862,0.1985
"4118",10,22,14,"SGP",6.52508250162648,3.91805050477734,0.0785
"4119",10,22,15,"SGP",7.47009452810117,3.9916449470042,0.061
"4120",10,22,16,"SGP",11.738991217559,5.062794573182,0.023
"4121",10,22,17,"SGP",3.26804964029807,3.17942646071042,0.777
"4122",10,22,18,"SGP",1.63859947826215,2.85117420366437,0.5475
"4123",10,22,19,"SGP",2.24765189968648,2.96425370695046,0.2985
"4124",10,22,20,"SGP",1.63249946298371,2.78752726220553,0.5205
"4125",10,22,21,"SGP",5.02097052090721,3.50020031493705,0.9005
"4126",10,22,22,"SGP",7.91616292524201,4.46607342325422,0.0455
"4127",10,22,23,"SGP",1.87537770054048,2.86767629610429,0.61
"4128",10,22,24,"SGP",3.40055009418856,3.25839539393077,0.793
"4129",10,22,25,"SGP",2.45752051155585,3.02442195372773,0.2815
"4130",10,22,26,"SGP",1.73422878832293,2.91836380104175,0.597
"4131",10,22,27,"SGP",2.45385868265099,2.94999819279121,0.7165
"4132",10,22,28,"SGP",4.05179143825358,3.25309776246622,0.1475
"4133",10,22,29,"SGP",4.68415187108599,3.50329539994877,0.1065
"4134",10,22,30,"SGP",1.44922114778198,2.82786051537886,0.484
"4135",10,22,31,"SGP",3.39090174813044,3.10279033174604,0.838
"4136",10,22,32,"SGP",2.27782810720505,3.06299514582095,0.719
"4137",10,22,33,"SGP",1.45902348735266,2.74035201180202,0.516
"4138",10,22,34,"SGP",1.4294018286747,2.71934521997707,0.5105
"4139",10,22,35,"SGP",1.61847584892583,2.7234524086734,0.6055
"4140",10,22,36,"SGP",1.49447404288041,2.83421972593083,0.6075
"4141",10,22,37,"SGP",1.34857214290369,2.72478171325827,0.473
"4142",10,22,38,"SGP",1.22671649840596,2.70663988545956,0.5435
"4143",10,22,1,"SGP50",2.65828981280504,3.3738693869152,0.5395
"4144",10,22,2,"SGP50",5.33472208807778,3.91481353128603,0.827
"4145",10,22,3,"SGP50",2.31354791225948,3.08880180575562,0.611
"4146",10,22,4,"SGP50",2.3264868582243,3.0500765632864,0.603
"4147",10,22,5,"SGP50",2.80361620086609,3.08962324480693,0.6955
"4148",10,22,6,"SGP50",2.71471638484032,2.9798621914237,0.6735
"4149",10,22,7,"SGP50",7.7680207573121,4.09470921893283,0.941
"4150",10,22,8,"SGP50",14.809326509099,5.97964070632434,0.992
"4151",10,22,9,"SGP50",3.67686937253297,3.75576345974618,0.3745
"4152",10,22,10,"SGP50",2.93529877965276,3.20994310852478,0.6195
"4153",10,22,11,"SGP50",3.4688046891018,3.63027902715059,0.3245
"4154",10,22,12,"SGP50",8.49469257672752,4.42229810466456,0.1675
"4155",10,22,13,"SGP50",2.82894906731298,3.44365688226882,0.4205
"4156",10,22,14,"SGP50",3.77741931795616,3.56569425663052,0.3095
"4157",10,22,15,"SGP50",4.27758765331028,3.67579685367352,0.235
"4158",10,22,16,"SGP50",7.04760446500851,3.97341174273513,0.1555
"4159",10,22,17,"SGP50",2.76129504178749,3.28524272424091,0.6575
"4160",10,22,18,"SGP50",2.20883188327174,3.18933194668826,0.557
"4161",10,22,19,"SGP50",2.41257237581497,3.15651025787757,0.3915
"4162",10,22,20,"SGP50",1.97037109634436,3.05495440551101,0.495
"4163",10,22,21,"SGP50",4.72258498506036,3.51668748428582,0.826
"4164",10,22,22,"SGP50",5.43451201275031,3.8281193731986,0.1945
"4165",10,22,23,"SGP50",1.91889306880666,2.94967371623016,0.5375
"4166",10,22,24,"SGP50",2.98637724025994,3.29610893087653,0.752
"4167",10,22,25,"SGP50",2.26428281787671,3.11711474218593,0.3525
"4168",10,22,26,"SGP50",1.82548688860534,2.97855303446888,0.5625
"4169",10,22,27,"SGP50",2.4800237212996,3.08117027336107,0.7005
"4170",10,22,28,"SGP50",3.24533327691831,3.17796701376239,0.227
"4171",10,22,29,"SGP50",4.36357039095561,3.47106564518787,0.1365
"4172",10,22,30,"SGP50",2.22367843432623,3.00223000784903,0.312
"4173",10,22,31,"SGP50",1.86169205155164,3.11202189303825,0.549
"4174",10,22,32,"SGP50",1.51950541891653,2.76871826295358,0.5245
"4175",10,22,33,"SGP50",1.4533886468761,2.64961638838449,0.3895
"4176",10,22,34,"SGP50",1.52659684086211,2.74160953310234,0.345
"4177",10,22,35,"SGP50",1.23729705092444,2.56808625321561,0.4485
"4178",10,22,36,"SGP50",1.13022578895801,2.40237508364571,0.459
"4179",10,22,37,"SGP50",1.2019260842852,2.42385968271911,0.3555
"4180",10,22,38,"SGP50",1.01925858294799,2.34429823017889,0.399
"4181",10,23,1,"BMA",3.72680519420357,3.69476353440516,0.566
"4182",10,23,2,"BMA",7.34715439545828,4.13013422828899,0.834
"4183",10,23,3,"BMA",13.2708044828069,4.68861191087292,0.892
"4184",10,23,4,"BMA",4.99025194906803,3.98978967423058,0.4795
"4185",10,23,5,"BMA",6.13277662413773,3.9840598522285,0.305
"4186",10,23,6,"BMA",6.86493733405735,3.98350951781072,0.757
"4187",10,23,7,"BMA",5.87260212443267,3.77740105845763,0.7045
"4188",10,23,8,"BMA",15.0190555430596,4.72654146085391,0.976
"4189",10,23,9,"BMA",3.32850249039532,3.17612204816197,0.617
"4190",10,23,10,"BMA",11.4503106547549,5.13660385041868,0.0485
"4191",10,23,11,"BMA",4.99631474968309,3.90612508028316,0.2235
"4192",10,23,12,"BMA",2.50805842842447,3.19259618434789,0.5615
"4193",10,23,13,"BMA",16.318021815748,6.3075677295251,0.019
"4194",10,23,14,"BMA",3.83996284628793,3.69480332125735,0.4005
"4195",10,23,15,"BMA",3.29796758964487,3.62456073071766,0.5255
"4196",10,23,16,"BMA",12.4001747893605,4.6279542508442,0.094
"4197",10,23,17,"BMA",7.53108625581633,3.90189113086795,0.1675
"4198",10,23,18,"BMA",5.30240571992022,3.72328223022022,0.2835
"4199",10,23,19,"BMA",4.80246371251212,3.65391805841338,0.295
"4200",10,23,20,"BMA",7.15550744333727,3.84559974769485,0.1635
"4201",10,23,21,"BMA",2.94081573741751,3.53507558550456,0.5045
"4202",10,23,22,"BMA",2.61510869048413,3.32960361000942,0.497
"4203",10,23,23,"BMA",2.43781551180328,3.24168427688119,0.482
"4204",10,23,24,"BMA",3.06285230400521,3.37904104318236,0.3195
"4205",10,23,25,"BMA",2.43717650159018,3.22926195539806,0.3705
"4206",10,23,26,"BMA",2.13641964549295,3.12038232311321,0.528
"4207",10,23,27,"BMA",2.46783091167581,3.12356454194363,0.341
"4208",10,23,28,"BMA",2.04642236040626,3.04606100872412,0.5
"4209",10,23,29,"BMA",4.87614974530048,3.40839828557982,0.828
"4210",10,23,30,"BMA",1.87303284184515,3.1087720959867,0.517
"4211",10,23,31,"BMA",1.87859874176347,3.06531464688577,0.5845
"4212",10,23,32,"BMA",1.8270399017663,2.9640299982196,0.502
"4213",10,23,33,"BMA",1.58126763110809,2.94423271534819,0.5125
"4214",10,23,34,"BMA",1.58947117509865,2.79536767168363,0.4475
"4215",10,23,35,"BMA",3.1005743073985,3.03595386363634,0.772
"4216",10,23,36,"BMA",1.34040682455379,2.57504653667854,0.487
"4217",10,23,37,"BMA",1.9185250338425,2.74076657616209,0.24
"4218",10,23,38,"BMA",0.982209805774032,2.32117644991833,0.571
"4219",10,23,1,"AVS",3.72680519420357,3.71390798375403,0.5575
"4220",10,23,2,"AVS",7.23912464390913,4.07765372803563,0.8745
"4221",10,23,3,"AVS",13.2634388308388,4.61028863533414,0.8725
"4222",10,23,4,"AVS",5.15264293830947,3.87278133856669,0.332
"4223",10,23,5,"AVS",7.78222276368822,4.00511209268975,0.2295
"4224",10,23,6,"AVS",6.31846289120061,3.92529173006305,0.713
"4225",10,23,7,"AVS",7.8410648371699,4.0058726672454,0.7415
"4226",10,23,8,"AVS",8.77181002565369,4.45166156748003,0.9605
"4227",10,23,9,"AVS",1.62037325314059,2.84860731521264,0.4715
"4228",10,23,10,"AVS",12.4690377453332,5.2484374095157,0.011
"4229",10,23,11,"AVS",6.25040213039029,3.89459733176018,0.0805
"4230",10,23,12,"AVS",1.95201910727142,3.01438639993537,0.517
"4231",10,23,13,"AVS",17.2247301361862,6.64212814937223,5e-04
"4232",10,23,14,"AVS",6.09464026675683,3.721694638042,0.147
"4233",10,23,15,"AVS",3.54674612442268,3.3534780786835,0.264
"4234",10,23,16,"AVS",19.1604568431689,6.60706207296088,0.002
"4235",10,23,17,"AVS",5.9441277910371,3.74025526953837,0.1595
"4236",10,23,18,"AVS",2.32525475806234,3.21384609979503,0.4785
"4237",10,23,19,"AVS",2.19183666537298,3.11055187033638,0.4845
"4238",10,23,20,"AVS",3.93236121187007,3.40040009384517,0.24
"4239",10,23,21,"AVS",3.17253559816831,3.40176056505017,0.7065
"4240",10,23,22,"AVS",2.31075202193952,3.13787020811551,0.6105
"4241",10,23,23,"AVS",2.03100366564374,3.10866259394334,0.506
"4242",10,23,24,"AVS",2.64599334384737,3.2371421416057,0.338
"4243",10,23,25,"AVS",2.23013796889837,3.1138284916433,0.388
"4244",10,23,26,"AVS",2.10106826724804,3.07788762560561,0.5275
"4245",10,23,27,"AVS",2.3681517006434,3.16528664630001,0.332
"4246",10,23,28,"AVS",2.04471299324477,3.10124192933329,0.515
"4247",10,23,29,"AVS",5.2327400271824,3.58517367915128,0.8705
"4248",10,23,30,"AVS",1.90010047611369,3.1132742127533,0.488
"4249",10,23,31,"AVS",1.88526491212414,3.0177419994564,0.547
"4250",10,23,32,"AVS",1.89248658914262,3.0380025004959,0.4495
"4251",10,23,33,"AVS",1.69630996095718,2.99829597027049,0.5305
"4252",10,23,34,"AVS",1.74618878276493,2.89696481896336,0.502
"4253",10,23,35,"AVS",4.12935983501111,3.35839264711364,0.805
"4254",10,23,36,"AVS",2.01360467056035,3.09193915079534,0.3745
"4255",10,23,37,"AVS",2.09720432464133,2.98806167568033,0.3705
"4256",10,23,38,"AVS",2.08960240107797,3.09931569645102,0.7385
"4257",10,23,1,"EQW",3.72680519420357,3.69604224088611,0.546
"4258",10,23,2,"EQW",6.80495554233839,4.15286452464515,0.8095
"4259",10,23,3,"EQW",11.6630645452167,4.65682562637028,0.882
"4260",10,23,4,"EQW",5.44071631582518,4.01839975714923,0.556
"4261",10,23,5,"EQW",4.35026282040752,3.83794627339791,0.483
"4262",10,23,6,"EQW",8.30952882051098,3.91289105946908,0.8295
"4263",10,23,7,"EQW",6.70680466992766,3.84338460054141,0.7185
"4264",10,23,8,"EQW",19.0648549054784,4.90050261000738,0.9685
"4265",10,23,9,"EQW",12.0460343702919,4.13321995887125,0.8075
"4266",10,23,10,"EQW",7.24529414050647,4.33792728785033,0.535
"4267",10,23,11,"EQW",7.32401406276764,4.08360147170378,0.6505
"4268",10,23,12,"EQW",12.1276660704798,4.19403687284893,0.835
"4269",10,23,13,"EQW",6.7910761116933,4.36101363120868,0.5105
"4270",10,23,14,"EQW",6.40606004552918,4.02715929649704,0.6365
"4271",10,23,15,"EQW",8.06090920813082,4.02501226411447,0.7055
"4272",10,23,16,"EQW",6.69883661923127,4.31847108526816,0.435
"4273",10,23,17,"EQW",5.45896649656874,4.0469085006867,0.352
"4274",10,23,18,"EQW",4.66645148629256,3.96774925241428,0.451
"4275",10,23,19,"EQW",4.42251688800485,3.86708134352607,0.482
"4276",10,23,20,"EQW",5.19904024696198,3.96511256622638,0.34
"4277",10,23,21,"EQW",4.05581436684083,3.69008851310616,0.547
"4278",10,23,22,"EQW",4.04594932190578,3.65842398659558,0.6085
"4279",10,23,23,"EQW",3.94797173083128,3.60602001361761,0.6095
"4280",10,23,24,"EQW",3.75094804177757,3.60647571669288,0.5065
"4281",10,23,25,"EQW",3.29540544941705,3.51080565812307,0.477
"4282",10,23,26,"EQW",3.07668444325409,3.52456924103321,0.54
"4283",10,23,27,"EQW",3.24767925070808,3.47110922265016,0.404
"4284",10,23,28,"EQW",2.74401289737831,3.35199026550843,0.421
"4285",10,23,29,"EQW",3.38875301125192,3.40561412223039,0.6965
"4286",10,23,30,"EQW",2.44906084550582,3.30224528944831,0.5345
"4287",10,23,31,"EQW",2.40859115843566,3.30021554010018,0.5545
"4288",10,23,32,"EQW",2.16933695624075,3.16191467890097,0.5155
"4289",10,23,33,"EQW",2.02822993220003,3.07390342088017,0.475
"4290",10,23,34,"EQW",2.15209973377563,3.06148946352807,0.3925
"4291",10,23,35,"EQW",2.29909166564689,3.06869072375922,0.6575
"4292",10,23,36,"EQW",1.85524722491569,2.8384662355255,0.4175
"4293",10,23,37,"EQW",2.7072810595333,2.9819829348042,0.2605
"4294",10,23,38,"EQW",1.51001342245115,2.69990135471097,0.5135
"4295",10,23,1,"SGP",3.72680519420357,3.72303331238156,0.55
"4296",10,23,2,"SGP",7.65378230396837,4.09771398200947,0.884
"4297",10,23,3,"SGP",11.9785206740471,5.6650204830369,0.985
"4298",10,23,4,"SGP",5.92181417835181,3.87492835947259,0.136
"4299",10,23,5,"SGP",4.5978624535623,3.44707506787201,0.209
"4300",10,23,6,"SGP",3.03065258507504,3.20259950341223,0.756
"4301",10,23,7,"SGP",2.03449171923173,2.84628955284312,0.339
"4302",10,23,8,"SGP",8.24571761502611,4.40952059947562,0.9645
"4303",10,23,9,"SGP",1.63961815740989,2.89863617982613,0.482
"4304",10,23,10,"SGP",12.3051185599,5.16007508319893,0.015
"4305",10,23,11,"SGP",6.18149870778384,3.64454641061838,0.1295
"4306",10,23,12,"SGP",1.96726360358422,3.06454417763104,0.5115
"4307",10,23,13,"SGP",17.0737418049615,7.31976839700269,0.0035
"4308",10,23,14,"SGP",6.04873716124355,3.78475808437923,0.152
"4309",10,23,15,"SGP",3.52773068165823,3.43601917689724,0.2585
"4310",10,23,16,"SGP",19.0344702603637,6.32101584064555,0.0075
"4311",10,23,17,"SGP",5.94053927886455,3.71582633440206,0.165
"4312",10,23,18,"SGP",2.33459414641936,3.21032485466277,0.471
"4313",10,23,19,"SGP",2.19945122076594,3.29897482201488,0.4685
"4314",10,23,20,"SGP",3.94260040990894,3.33946300366413,0.245
"4315",10,23,21,"SGP",3.16716230908403,3.36576547777563,0.707
"4316",10,23,22,"SGP",2.31464122331398,3.16442759844484,0.615
"4317",10,23,23,"SGP",2.03627483340752,3.11512179448088,0.5215
"4318",10,23,24,"SGP",2.65141758927533,3.21826768926558,0.336
"4319",10,23,25,"SGP",2.23531502300149,3.20337703935883,0.3835
"4320",10,23,26,"SGP",2.10391195420069,3.0258288694952,0.5485
"4321",10,23,27,"SGP",2.37572025084355,3.10682214200635,0.3465
"4322",10,23,28,"SGP",2.04658994092458,3.06902345621657,0.51
"4323",10,23,29,"SGP",5.21346389587109,3.60523524981297,0.8605
"4324",10,23,30,"SGP",1.90322446481441,3.06582593566197,0.486
"4325",10,23,31,"SGP",1.88770835975415,2.97523306657924,0.546
"4326",10,23,32,"SGP",1.89480669747919,3.07361305608308,0.4515
"4327",10,23,33,"SGP",1.69855159161407,2.96421222899229,0.5015
"4328",10,23,34,"SGP",1.74777966310568,2.96167452609279,0.4995
"4329",10,23,35,"SGP",4.11423233851462,3.41169151083207,0.821
"4330",10,23,36,"SGP",2.01398688805814,3.00751189548311,0.3805
"4331",10,23,37,"SGP",2.1002270392726,3.10065574812097,0.37
"4332",10,23,38,"SGP",2.08371465994202,2.95840839689442,0.7045
"4333",10,23,1,"SGP50",3.72680519420357,3.70177924282093,0.57
"4334",10,23,2,"SGP50",6.95181871853744,4.17448812782807,0.82
"4335",10,23,3,"SGP50",12.1297415069181,4.64962178711034,0.891
"4336",10,23,4,"SGP50",5.3748454182009,4.07682387017865,0.5325
"4337",10,23,5,"SGP50",4.20754634049662,3.79912747529102,0.46
"4338",10,23,6,"SGP50",7.55090613982682,3.87368726543448,0.8335
"4339",10,23,7,"SGP50",5.27941260833284,3.71887151019508,0.6585
"4340",10,23,8,"SGP50",15.4061229559447,4.62604035738929,0.969
"4341",10,23,9,"SGP50",6.62231699702556,3.67478349177714,0.699
"4342",10,23,10,"SGP50",6.94292739691095,4.46060306863373,0.3215
"4343",10,23,11,"SGP50",4.56913044280159,3.86820356956133,0.389
"4344",10,23,12,"SGP50",4.39145664197465,3.45931002838256,0.662
"4345",10,23,13,"SGP50",10.4872298457122,4.9303782519106,0.2075
"4346",10,23,14,"SGP50",4.45886571565577,3.77975325557953,0.349
"4347",10,23,15,"SGP50",3.34171711962804,3.54982048225453,0.4465
"4348",10,23,16,"SGP50",13.1002074976533,4.99201984200471,0.1195
"4349",10,23,17,"SGP50",5.80114155769663,3.78574542913936,0.2135
"4350",10,23,18,"SGP50",2.93834089294275,3.4543355568616,0.4625
"4351",10,23,19,"SGP50",2.7295985290905,3.33244969483436,0.453
"4352",10,23,20,"SGP50",4.55225650345064,3.58200107460098,0.2435
"4353",10,23,21,"SGP50",3.03575164233284,3.50228085237533,0.6035
"4354",10,23,22,"SGP50",2.57461352501548,3.27832970470297,0.596
"4355",10,23,23,"SGP50",2.36829971241539,3.28183272193111,0.522
"4356",10,23,24,"SGP50",2.95668470574387,3.35523830880863,0.346
"4357",10,23,25,"SGP50",2.54822292448723,3.24537330632886,0.3905
"4358",10,23,26,"SGP50",2.30212001864649,3.14795290454071,0.528
"4359",10,23,27,"SGP50",2.79671769879942,3.24756069133847,0.3355
"4360",10,23,28,"SGP50",2.22408560046476,3.11731708256634,0.484
"4361",10,23,29,"SGP50",4.33937538964278,3.48512787599958,0.788
"4362",10,23,30,"SGP50",2.07220598316128,3.17621726565331,0.486
"4363",10,23,31,"SGP50",2.02436076337872,3.0846951170332,0.531
"4364",10,23,32,"SGP50",2.01733005508674,3.05750442622476,0.4625
"4365",10,23,33,"SGP50",1.83060161877619,2.91749185677318,0.4755
"4366",10,23,34,"SGP50",1.86270028511133,2.97432432958714,0.4485
"4367",10,23,35,"SGP50",3.41011933807475,3.23537174889763,0.7495
"4368",10,23,36,"SGP50",2.01955375593139,2.96670425084086,0.397
"4369",10,23,37,"SGP50",2.27106982318265,3.021603149623,0.328
"4370",10,23,38,"SGP50",1.82213484476652,2.94096529782744,0.654
"4371",10,24,1,"BMA",1.88520979904968,2.99319223450456,0.497
"4372",10,24,2,"BMA",1.91968881928394,2.74491505873936,0.7445
"4373",10,24,3,"BMA",5.31116392711617,4.84777574710219,0.946
"4374",10,24,4,"BMA",2.86982934796172,3.25778174182787,0.279
"4375",10,24,5,"BMA",2.39498969753603,3.09486511881091,0.6625
"4376",10,24,6,"BMA",3.49209298763556,3.25643520885821,0.8055
"4377",10,24,7,"BMA",5.99876259780353,3.98188633230508,0.937
"4378",10,24,8,"BMA",3.42263029548108,3.05402593053596,0.812
"4379",10,24,9,"BMA",1.31091037291414,2.70241971048378,0.4375
"4380",10,24,10,"BMA",10.4945034140996,6.53604755065101,0.9935
"4381",10,24,11,"BMA",4.13107277075752,3.57270051337905,0.2685
"4382",10,24,12,"BMA",6.21587942014507,3.75094749082292,0.866
"4383",10,24,13,"BMA",6.03953305966563,3.67202183948294,0.8515
"4384",10,24,14,"BMA",11.8073071769827,4.981682491763,0.0845
"4385",10,24,15,"BMA",7.87433767439757,3.91962502887438,0.666
"4386",10,24,16,"BMA",6.45006185672698,3.790836724424,0.8035
"4387",10,24,17,"BMA",7.86808842992283,3.94652634206192,0.9005
"4388",10,24,18,"BMA",3.19840880452133,3.38452948724185,0.262
"4389",10,24,19,"BMA",3.16181583809546,3.30724098471044,0.2835
"4390",10,24,20,"BMA",5.75993356352866,3.80040208820222,0.1525
"4391",10,24,21,"BMA",4.13708378838856,3.37882318561678,0.196
"4392",10,24,22,"BMA",13.2346185198612,5.50822606272221,0.0105
"4393",10,24,23,"BMA",5.57675557703775,3.6203707411709,0.118
"4394",10,24,24,"BMA",6.14736353639677,3.90801787269539,0.07
"4395",10,24,25,"BMA",1.5724381123396,2.7402531092784,0.631
"4396",10,24,26,"BMA",1.17113527336464,2.48406802148652,0.4835
"4397",10,24,27,"BMA",1.16679372226999,2.52849472931176,0.594
"4398",10,24,28,"BMA",6.36260043315688,4.52069376042946,0.9685
"4399",10,24,29,"BMA",2.88968698923899,3.1084002232559,0.856
"4400",10,24,30,"BMA",0.924949215139577,2.37803351248123,0.535
"4401",10,24,31,"BMA",1.59035498679606,2.45331395707414,0.2375
"4402",10,24,32,"BMA",0.829793919989323,2.17285098795927,0.477
"4403",10,24,33,"BMA",2.35400045574559,2.77591118354045,0.095
"4404",10,24,34,"BMA",0.957563218379887,2.05290152757652,0.2845
"4405",10,24,35,"BMA",1.12684378886244,2.18157811952105,0.729
"4406",10,24,36,"BMA",2.01116307501068,2.63399237573616,0.8805
"4407",10,24,37,"BMA",2.1139563566043,2.69381667024811,0.8915
"4408",10,24,38,"BMA",1.32347985421269,2.39093471618137,0.8095
"4409",10,24,1,"AVS",1.88520979904968,3.02315773971347,0.5015
"4410",10,24,2,"AVS",2.12541538814179,2.66038994280586,0.834
"4411",10,24,3,"AVS",5.39647745135067,5.40565608144086,0.9865
"4412",10,24,4,"AVS",4.2048891965614,3.65537803472508,0.0805
"4413",10,24,5,"AVS",1.50512632034981,2.64213284644806,0.5795
"4414",10,24,6,"AVS",2.03490527071926,2.70993974405334,0.817
"4415",10,24,7,"AVS",5.05139368738097,4.04539601691048,0.9715
"4416",10,24,8,"AVS",1.64135380293575,2.62473721645816,0.763
"4417",10,24,9,"AVS",1.2569337851196,2.43210872410145,0.3195
"4418",10,24,10,"AVS",10.3814367169338,8.34619307971752,1
"4419",10,24,11,"AVS",10.7245726016375,6.2532371915974,0.001
"4420",10,24,12,"AVS",1.71875371478539,2.8181520406808,0.5455
"4421",10,24,13,"AVS",2.27109837391833,2.95354172653237,0.792
"4422",10,24,14,"AVS",24.5466363530578,53.1556090045959,0
"4423",10,24,15,"AVS",7.78012530622944,3.9478061248263,0.638
"4424",10,24,16,"AVS",2.3491170454977,3.11149570278959,0.5765
"4425",10,24,17,"AVS",2.21580949485156,2.99573933824619,0.651
"4426",10,24,18,"AVS",13.1230924914373,5.23038878079392,0.018
"4427",10,24,19,"AVS",4.29776100822211,3.54113971972098,0.1895
"4428",10,24,20,"AVS",6.78414209709223,3.92112764898429,0.109
"4429",10,24,21,"AVS",4.11189625957567,3.28536624516325,0.219
"4430",10,24,22,"AVS",13.1208037423749,5.73779191800993,0.006
"4431",10,24,23,"AVS",3.88998362607928,3.46561330415721,0.252
"4432",10,24,24,"AVS",2.43873276282632,3.29882257513721,0.3865
"4433",10,24,25,"AVS",5.80576906573602,3.82312234124366,0.8535
"4434",10,24,26,"AVS",1.90166756608647,3.0282480514217,0.4935
"4435",10,24,27,"AVS",1.80933352482583,2.82113427070979,0.6255
"4436",10,24,28,"AVS",6.29428552774477,4.13698734236978,0.957
"4437",10,24,29,"AVS",2.29832715520855,3.05595942256216,0.73
"4438",10,24,30,"AVS",1.34677220589183,2.65527485576034,0.4595
"4439",10,24,31,"AVS",1.7087489438908,2.53656270245405,0.242
"4440",10,24,32,"AVS",0.85714576682748,2.15563868974102,0.4825
"4441",10,24,33,"AVS",2.34567922286645,2.62195818828136,0.0905
"4442",10,24,34,"AVS",0.952618510114497,2.05788298358932,0.2795
"4443",10,24,35,"AVS",1.12840144682316,2.1728402298939,0.734
"4444",10,24,36,"AVS",2.01030337159579,2.74569381633319,0.885
"4445",10,24,37,"AVS",2.11221031255808,2.77334123329089,0.9005
"4446",10,24,38,"AVS",1.3221054425594,2.33203365439967,0.8
"4447",10,24,1,"EQW",1.88520979904968,2.98136518926317,0.5055
"4448",10,24,2,"EQW",1.91356612682254,2.85028147019215,0.6595
"4449",10,24,3,"EQW",4.73159343482691,3.89075268651612,0.847
"4450",10,24,4,"EQW",2.60832831185049,3.19191625833046,0.3015
"4451",10,24,5,"EQW",2.22000592374015,2.91291163713597,0.6775
"4452",10,24,6,"EQW",3.95550192339514,3.23024414056411,0.8275
"4453",10,24,7,"EQW",7.8019435711151,4.19505049852028,0.954
"4454",10,24,8,"EQW",5.30958920694003,3.35859980137551,0.858
"4455",10,24,9,"EQW",2.91191333038271,3.08005991239234,0.657
"4456",10,24,10,"EQW",13.4730383633007,5.51736768357313,0.9845
"4457",10,24,11,"EQW",3.90028775117843,3.63988228769376,0.358
"4458",10,24,12,"EQW",5.99195633063039,3.63741330888411,0.8075
"4459",10,24,13,"EQW",5.3741056171421,3.51782846385628,0.8335
"4460",10,24,14,"EQW",12.385846803016,4.71551894808759,0.0975
"4461",10,24,15,"EQW",3.05623355953246,3.45572166164333,0.5285
"4462",10,24,16,"EQW",3.71148638778926,3.44902328500148,0.701
"4463",10,24,17,"EQW",5.91014373802769,3.65755893015998,0.8155
"4464",10,24,18,"EQW",5.03745891242031,3.80727989502809,0.299
"4465",10,24,19,"EQW",2.85532572343797,3.38079593231178,0.388
"4466",10,24,20,"EQW",4.81918584447352,3.68300748222209,0.2465
"4467",10,24,21,"EQW",3.25414489404516,3.27710538504565,0.286
"4468",10,24,22,"EQW",11.9784787028515,4.92687384451562,0.025
"4469",10,24,23,"EQW",3.9363138319782,3.4585676166599,0.2585
"4470",10,24,24,"EQW",5.67947043224471,3.71172056590558,0.1555
"4471",10,24,25,"EQW",2.23560871798722,3.13167454924411,0.557
"4472",10,24,26,"EQW",2.47672183209911,3.07519722533178,0.3325
"4473",10,24,27,"EQW",1.90113250591159,2.95765600254632,0.433
"4474",10,24,28,"EQW",3.96251445447688,3.47282298412492,0.7935
"4475",10,24,29,"EQW",1.84243412233265,2.96480668237728,0.5345
"4476",10,24,30,"EQW",1.74990598358033,2.74177564083673,0.384
"4477",10,24,31,"EQW",2.32376790740799,2.83654495374411,0.2495
"4478",10,24,32,"EQW",1.38183017648974,2.63812107716593,0.5385
"4479",10,24,33,"EQW",2.30580155575123,2.94057520365971,0.2355
"4480",10,24,34,"EQW",1.29658401622646,2.53946505445206,0.455
"4481",10,24,35,"EQW",1.63551758238554,2.65079527326606,0.6915
"4482",10,24,36,"EQW",1.97231102551653,2.89336956242514,0.7335
"4483",10,24,37,"EQW",1.98426773949783,3.02722257321765,0.7235
"4484",10,24,38,"EQW",1.68314153029977,2.90418483935144,0.661
"4485",10,24,1,"SGP",1.88520979904968,2.98288455358933,0.4925
"4486",10,24,2,"SGP",2.02304589210903,2.61548020177668,0.802
"4487",10,24,3,"SGP",5.48678793838518,5.15152530271962,0.982
"4488",10,24,4,"SGP",4.2158516705803,3.86468223409113,0.056
"4489",10,24,5,"SGP",1.16560463071425,2.36802963013415,0.6555
"4490",10,24,6,"SGP",2.09407499338073,2.69516214524849,0.836
"4491",10,24,7,"SGP",5.10245986400687,4.23237252603266,0.9825
"4492",10,24,8,"SGP",1.64112314333368,2.51163303463045,0.7595
"4493",10,24,9,"SGP",1.24033092400645,2.45991580142876,0.3215
"4494",10,24,10,"SGP",10.4223174742932,7.00727919728125,0.9985
"4495",10,24,11,"SGP",10.4531817467168,6.22383688113012,0.012
"4496",10,24,12,"SGP",1.35607917428962,2.66516194730107,0.4445
"4497",10,24,13,"SGP",2.29769473079128,2.86276714007781,0.7975
"4498",10,24,14,"SGP",24.2768786021749,8.71697191659234,0.0015
"4499",10,24,15,"SGP",2.57413267837676,3.14246708200961,0.337
"4500",10,24,16,"SGP",1.86695938611593,3.05585514736044,0.511
"4501",10,24,17,"SGP",2.24031786491723,3.04561278370705,0.6475
"4502",10,24,18,"SGP",12.9700254304412,5.22849403700328,0.0165
"4503",10,24,19,"SGP",4.7385037844037,3.56252492002848,0.1735
"4504",10,24,20,"SGP",9.12016012945954,4.55662084860424,0.037
"4505",10,24,21,"SGP",3.30713180345844,3.32896607477814,0.2715
"4506",10,24,22,"SGP",10.8419731654115,4.4414281503759,0.0465
"4507",10,24,23,"SGP",2.46119514435382,3.21933715405552,0.614
"4508",10,24,24,"SGP",2.28244481695612,3.23741281226357,0.4155
"4509",10,24,25,"SGP",5.72039978558123,3.76197572039868,0.871
"4510",10,24,26,"SGP",2.10970021537088,3.18601503906767,0.485
"4511",10,24,27,"SGP",2.40195939612637,3.10474692651856,0.6535
"4512",10,24,28,"SGP",6.49291119671753,3.78654484277563,0.8855
"4513",10,24,29,"SGP",2.20334642444223,3.12305519996162,0.428
"4514",10,24,30,"SGP",2.31286186154245,3.15086457954562,0.393
"4515",10,24,31,"SGP",2.89173404526217,3.20550609405583,0.317
"4516",10,24,32,"SGP",2.8652477841035,3.19917710674057,0.6915
"4517",10,24,33,"SGP",2.12677350925948,3.03569206797474,0.4105
"4518",10,24,34,"SGP",2.40636103304527,3.17134351854084,0.694
"4519",10,24,35,"SGP",3.00403090982527,3.18447062585006,0.7295
"4520",10,24,36,"SGP",2.09419097576111,2.95400931039604,0.63
"4521",10,24,37,"SGP",1.74144089461767,3.03553015154428,0.5475
"4522",10,24,38,"SGP",1.71896806546174,2.90180622311479,0.4665
"4523",10,24,1,"SGP50",1.88520979904968,3.02781368167082,0.495
"4524",10,24,2,"SGP50",1.91008901949809,2.87632319585022,0.658
"4525",10,24,3,"SGP50",4.82461470234562,4.07916752411543,0.8795
"4526",10,24,4,"SGP50",2.6403511460913,3.11895951949538,0.272
"4527",10,24,5,"SGP50",2.13940627766289,2.85559071630979,0.685
"4528",10,24,6,"SGP50",3.75101575408522,3.27114796029286,0.8505
"4529",10,24,7,"SGP50",7.36750388988619,4.10676341769783,0.9575
"4530",10,24,8,"SGP50",4.48574185986189,3.23591304790685,0.839
"4531",10,24,9,"SGP50",2.25799523517791,2.90798036780523,0.608
"4532",10,24,10,"SGP50",12.5194242294874,5.73327123083354,0.986
"4533",10,24,11,"SGP50",4.77894645761317,3.92552753547529,0.2655
"4534",10,24,12,"SGP50",4.43182804312763,3.42336792687828,0.7675
"4535",10,24,13,"SGP50",4.04846056218669,3.33209262814745,0.8215
"4536",10,24,14,"SGP50",15.7955067627396,5.02051105826961,0.075
"4537",10,24,15,"SGP50",2.70824494643335,3.32791739101325,0.478
"4538",10,24,16,"SGP50",2.91454910195606,3.26320310111654,0.627
"4539",10,24,17,"SGP50",4.18131458279825,3.37123270813902,0.766
"4540",10,24,18,"SGP50",7.57483973919807,4.12874092361276,0.1555
"4541",10,24,19,"SGP50",3.30868842825334,3.45386452634789,0.3085
"4542",10,24,20,"SGP50",6.28997660239752,3.85233812131532,0.16
"4543",10,24,21,"SGP50",3.54954524850272,3.37159990268764,0.267
"4544",10,24,22,"SGP50",12.162826444073,4.91608265129908,0.0225
"4545",10,24,23,"SGP50",3.08315319943055,3.32717086069126,0.3515
"4546",10,24,24,"SGP50",4.53306459120478,3.52129603675249,0.2365
"4547",10,24,25,"SGP50",2.77431057272959,3.25096562916495,0.6495
"4548",10,24,26,"SGP50",2.42798292636902,3.13825528838777,0.3795
"4549",10,24,27,"SGP50",1.89801519821287,3.03135350389037,0.483
"4550",10,24,28,"SGP50",4.44886884766621,3.51520775320238,0.8145
"4551",10,24,29,"SGP50",1.9875299250723,3.08340952355648,0.4985
"4552",10,24,30,"SGP50",1.95427073159254,2.85697112840073,0.3685
"4553",10,24,31,"SGP50",2.42970770333753,2.98809115498453,0.2875
"4554",10,24,32,"SGP50",1.57514711460307,2.76119832567039,0.5625
"4555",10,24,33,"SGP50",2.2679421944482,2.91541892066675,0.254
"4556",10,24,34,"SGP50",1.38733877532191,2.61802643727484,0.4825
"4557",10,24,35,"SGP50",1.7606043101373,2.70545534389306,0.6915
"4558",10,24,36,"SGP50",1.93984487138499,2.88859081069979,0.703
"4559",10,24,37,"SGP50",1.87619314250388,3.04404979653396,0.7085
"4560",10,24,38,"SGP50",1.5689044136996,2.72483869475776,0.6365
"4561",10,25,1,"BMA",5.25974089910174,3.56850858105091,0.7805
"4562",10,25,2,"BMA",2.98757206273355,3.45630760993558,0.321
"4563",10,25,3,"BMA",3.33421914527444,3.24484907478596,0.7505
"4564",10,25,4,"BMA",21.768986266776,6.99687567791451,0.9925
"4565",10,25,5,"BMA",7.72928955332638,4.10639588768736,0.8055
"4566",10,25,6,"BMA",5.55971333879384,3.78776474677093,0.3085
"4567",10,25,7,"BMA",6.87958317281924,4.01336376286065,0.234
"4568",10,25,8,"BMA",4.44466504098731,3.6832268149239,0.5865
"4569",10,25,9,"BMA",9.7892115501553,4.16070181065562,0.807
"4570",10,25,10,"BMA",13.2302521827528,4.23260964512282,0.854
"4571",10,25,11,"BMA",17.3608265702275,4.50483894529287,0.913
"4572",10,25,12,"BMA",9.37077213370065,3.99348984194504,0.852
"4573",10,25,13,"BMA",5.52065187201505,3.8312087013625,0.259
"4574",10,25,14,"BMA",9.40247068899113,4.50319681443646,0.1705
"4575",10,25,15,"BMA",3.75668235285324,3.68913660054964,0.487
"4576",10,25,16,"BMA",5.83390982952538,3.86548689944844,0.228
"4577",10,25,17,"BMA",3.76054757801179,3.47943472262355,0.291
"4578",10,25,18,"BMA",6.07559126658529,3.70528919208383,0.866
"4579",10,25,19,"BMA",2.67539214582262,3.18090824484655,0.668
"4580",10,25,20,"BMA",1.66847674981252,2.86160008149619,0.5865
"4581",10,25,21,"BMA",4.97626877428357,3.5022487265184,0.8805
"4582",10,25,22,"BMA",9.76247853706787,4.98551774473497,0.978
"4583",10,25,23,"BMA",8.74983557333608,4.33068983961935,0.9675
"4584",10,25,24,"BMA",6.50360056847536,3.94621981604645,0.941
"4585",10,25,25,"BMA",1.81540589923374,2.73556902031298,0.681
"4586",10,25,26,"BMA",1.33624586177373,2.53393477918904,0.599
"4587",10,25,27,"BMA",1.84615809750521,2.77527103967,0.741
"4588",10,25,28,"BMA",1.03762183558241,2.40347205941421,0.434
"4589",10,25,29,"BMA",0.888385309029882,2.24588445267153,0.5505
"4590",10,25,30,"BMA",1.29620004363936,2.39467602449411,0.2835
"4591",10,25,31,"BMA",2.01354585584246,2.56380998514748,0.1415
"4592",10,25,32,"BMA",1.63765391301506,2.44229718008489,0.1735
"4593",10,25,33,"BMA",1.16637112842506,2.09220137844979,0.2615
"4594",10,25,34,"BMA",0.611770232311166,1.89760160452189,0.451
"4595",10,25,35,"BMA",0.823415799196859,2.00782446421801,0.2975
"4596",10,25,36,"BMA",2.13223697112376,2.79817976623604,0.0625
"4597",10,25,37,"BMA",1.14955142356607,1.93619131865537,0.177
"4598",10,25,38,"BMA",1.18835501463918,1.95046966303548,0.1475
"4599",10,25,1,"AVS",5.25974089910174,3.52791424542673,0.779
"4600",10,25,2,"AVS",3.10762421829022,3.39961842152975,0.212
"4601",10,25,3,"AVS",3.8254131878979,3.26325685221926,0.8055
"4602",10,25,4,"AVS",22.0633871545949,19.7353532001287,1
"4603",10,25,5,"AVS",5.68258098171401,4.02372824925406,0.7165
"4604",10,25,6,"AVS",7.51495816784558,4.05470171755867,0.168
"4605",10,25,7,"AVS",6.78027110278552,4.02845801184422,0.208
"4606",10,25,8,"AVS",2.7579802452057,3.18375289025548,0.6625
"4607",10,25,9,"AVS",2.11899202942607,3.01567076920563,0.3485
"4608",10,25,10,"AVS",2.43752844650761,3.03285651881945,0.2795
"4609",10,25,11,"AVS",3.16487450963499,3.2282569813363,0.1995
"4610",10,25,12,"AVS",6.20438018783971,3.77098651641737,0.086
"4611",10,25,13,"AVS",21.7505293249249,14.5747220290529,0
"4612",10,25,14,"AVS",4.02582434441871,3.40521120446282,0.2195
"4613",10,25,15,"AVS",3.15630176009285,3.2361405864631,0.7105
"4614",10,25,16,"AVS",10.012267429215,4.60205120853256,0.0415
"4615",10,25,17,"AVS",2.83477286152426,3.30195600672818,0.646
"4616",10,25,18,"AVS",9.58384486181801,4.32319873008478,0.9475
"4617",10,25,19,"AVS",7.02111920699021,3.79307772965931,0.1
"4618",10,25,20,"AVS",2.27472921646944,3.19680095128219,0.587
"4619",10,25,21,"AVS",6.30107741267762,3.78470060990246,0.859
"4620",10,25,22,"AVS",2.48114746619781,3.20315254405059,0.6275
"4621",10,25,23,"AVS",2.34167936036359,3.19708734426876,0.3655
"4622",10,25,24,"AVS",2.26362985045697,3.01529930235593,0.337
"4623",10,25,25,"AVS",2.70930913933915,3.09288263427921,0.3275
"4624",10,25,26,"AVS",2.03686960477468,3.10128489725121,0.6105
"4625",10,25,27,"AVS",2.19157111937402,3.10490509385255,0.641
"4626",10,25,28,"AVS",2.60755546925101,3.05444691837726,0.303
"4627",10,25,29,"AVS",2.72966010614256,3.07019711907776,0.6855
"4628",10,25,30,"AVS",2.19864053587081,3.09839356027512,0.3505
"4629",10,25,31,"AVS",2.98842068499248,3.17697587374916,0.7725
"4630",10,25,32,"AVS",1.63717626469484,2.94377073633134,0.4405
"4631",10,25,33,"AVS",1.84777545185663,2.91027640435578,0.631
"4632",10,25,34,"AVS",1.72512358954374,2.91085522570919,0.5895
"4633",10,25,35,"AVS",1.81996500481513,2.89799296538904,0.368
"4634",10,25,36,"AVS",1.518444654018,2.78538502819233,0.4625
"4635",10,25,37,"AVS",1.56213017331514,2.8730020088006,0.607
"4636",10,25,38,"AVS",1.40308908252133,2.79561693846946,0.455
"4637",10,25,1,"EQW",5.25974089910174,3.58914245422154,0.769
"4638",10,25,2,"EQW",3.09995928664161,3.6152609090728,0.418
"4639",10,25,3,"EQW",3.81402613893139,3.50952104013648,0.6915
"4640",10,25,4,"EQW",21.0436360239759,5.56134606289716,0.9635
"4641",10,25,5,"EQW",10.2532542849398,4.24142700914713,0.743
"4642",10,25,6,"EQW",6.12174910513602,4.25328140523696,0.525
"4643",10,25,7,"EQW",4.65271219404636,3.85995999172548,0.5725
"4644",10,25,8,"EQW",6.2028262227946,3.72494937927742,0.7705
"4645",10,25,9,"EQW",6.86483981540886,3.83663619925293,0.697
"4646",10,25,10,"EQW",6.84755184631494,3.90059879191241,0.713
"4647",10,25,11,"EQW",7.1410708509274,3.98198661184936,0.6925
"4648",10,25,12,"EQW",5.59146218493172,4.00241327304543,0.603
"4649",10,25,13,"EQW",8.09248679641588,4.16567057352231,0.239
"4650",10,25,14,"EQW",5.61286682489113,3.80800113699759,0.2715
"4651",10,25,15,"EQW",3.1747348015225,3.54566269610869,0.513
"4652",10,25,16,"EQW",9.15856763091192,4.07780929407759,0.115
"4653",10,25,17,"EQW",5.61514183681785,3.76120663687197,0.264
"4654",10,25,18,"EQW",3.9559993476108,3.77090800707997,0.628
"4655",10,25,19,"EQW",5.19091829761452,3.65833983221253,0.2485
"4656",10,25,20,"EQW",3.97476696195554,3.48661292980964,0.35
"4657",10,25,21,"EQW",3.25460829367065,3.62982628912411,0.573
"4658",10,25,22,"EQW",3.24736997691679,3.45654872626796,0.622
"4659",10,25,23,"EQW",2.94911589337735,3.44312536282232,0.5715
"4660",10,25,24,"EQW",2.46473976846759,3.3102168246751,0.5285
"4661",10,25,25,"EQW",2.46782990337063,3.10697579454023,0.4055
"4662",10,25,26,"EQW",2.0143322829102,3.01065422347553,0.426
"4663",10,25,27,"EQW",1.81937625360383,2.90228568916231,0.5305
"4664",10,25,28,"EQW",2.33154647805033,2.90543341792746,0.309
"4665",10,25,29,"EQW",1.60613329313689,2.77484122118152,0.499
"4666",10,25,30,"EQW",2.11097364019377,2.81586439149854,0.301
"4667",10,25,31,"EQW",2.00628977452049,2.93545969906355,0.3325
"4668",10,25,32,"EQW",1.88132005049266,2.76640872378833,0.305
"4669",10,25,33,"EQW",1.43232837029964,2.61149655361186,0.383
"4670",10,25,34,"EQW",1.1679862618079,2.38739116320582,0.5085
"4671",10,25,35,"EQW",1.30957751673398,2.36782077952679,0.359
"4672",10,25,36,"EQW",1.75172035544158,2.74216896932535,0.2455
"4673",10,25,37,"EQW",1.14187265445941,2.34605098960215,0.4015
"4674",10,25,38,"EQW",1.19608239478855,2.24779078794787,0.3385
"4675",10,25,1,"SGP",5.25974089910174,3.59041032356747,0.7765
"4676",10,25,2,"SGP",3.31423355287734,3.47252441646161,0.1925
"4677",10,25,3,"SGP",2.45983437242726,2.85159102416118,0.7975
"4678",10,25,4,"SGP",21.8592418242412,8.15341578507181,0.999
"4679",10,25,5,"SGP",3.83129184013787,3.4904658935691,0.2535
"4680",10,25,6,"SGP",9.29169203385039,4.40946831178566,0.051
"4681",10,25,7,"SGP",2.52712547017049,3.2336273500801,0.389
"4682",10,25,8,"SGP",2.27878359047048,3.02038061677534,0.686
"4683",10,25,9,"SGP",2.13892697159823,2.94471385037614,0.3175
"4684",10,25,10,"SGP",2.42004002911918,3.09688267132263,0.278
"4685",10,25,11,"SGP",3.13447739145417,3.22386428050983,0.223
"4686",10,25,12,"SGP",6.14171123830859,3.70657643039579,0.0875
"4687",10,25,13,"SGP",21.6053853785832,7.57391877381809,0.0015
"4688",10,25,14,"SGP",4.03905303020893,3.38465674907589,0.2205
"4689",10,25,15,"SGP",3.14688653740855,3.21687864333039,0.7065
"4690",10,25,16,"SGP",10.0088412644397,4.39854767933973,0.0445
"4691",10,25,17,"SGP",2.82333775761163,3.35471922619904,0.6625
"4692",10,25,18,"SGP",9.51570813556149,4.18904429067192,0.938
"4693",10,25,19,"SGP",7.00307583583593,3.78316231498783,0.115
"4694",10,25,20,"SGP",2.27510219793227,3.25745673554177,0.573
"4695",10,25,21,"SGP",6.2631333646783,3.82931519044958,0.8415
"4696",10,25,22,"SGP",2.48797609087867,3.20587203279124,0.6095
"4697",10,25,23,"SGP",2.34205419216662,3.16151023975175,0.3745
"4698",10,25,24,"SGP",2.25981923605354,2.95328170134667,0.325
"4699",10,25,25,"SGP",2.70607832144663,3.15667746551144,0.3365
"4700",10,25,26,"SGP",2.03228899658703,3.05075241003401,0.619
"4701",10,25,27,"SGP",2.18706636002339,2.98792054238846,0.629
"4702",10,25,28,"SGP",2.60369437762261,3.09185985394592,0.294
"4703",10,25,29,"SGP",2.71421287120123,3.06932131947298,0.6965
"4704",10,25,30,"SGP",2.19654063747322,3.08339612575958,0.3665
"4705",10,25,31,"SGP",2.96246997232861,3.10607814082535,0.761
"4706",10,25,32,"SGP",1.63795815318917,2.88759572872946,0.441
"4707",10,25,33,"SGP",1.83807706722114,2.86459756855806,0.6285
"4708",10,25,34,"SGP",1.71725702780732,2.82813879119832,0.5805
"4709",10,25,35,"SGP",1.81276209271436,2.85223801377223,0.3675
"4710",10,25,36,"SGP",1.51786644381369,2.81731274854071,0.452
"4711",10,25,37,"SGP",1.55308843555963,2.82352668555455,0.6125
"4712",10,25,38,"SGP",1.39895657909566,2.81906387232565,0.4555
"4713",10,25,1,"SGP50",5.25974089910174,3.65472682235121,0.788
"4714",10,25,2,"SGP50",3.06486303567229,3.50666395466931,0.4175
"4715",10,25,3,"SGP50",3.78867377986358,3.41659707080981,0.7195
"4716",10,25,4,"SGP50",21.450127553894,5.80834426519823,0.971
"4717",10,25,5,"SGP50",9.03809139595559,4.17045721722118,0.7075
"4718",10,25,6,"SGP50",5.80741550865682,4.21576678658069,0.44
"4719",10,25,7,"SGP50",3.95343630514384,3.64695563104594,0.513
"4720",10,25,8,"SGP50",4.77728156650184,3.55855774982584,0.711
"4721",10,25,9,"SGP50",4.33352846714724,3.53897477706989,0.59
"4722",10,25,10,"SGP50",3.91122309376573,3.48368195774459,0.5535
"4723",10,25,11,"SGP50",3.69162006857996,3.57112943039905,0.4725
"4724",10,25,12,"SGP50",4.28501805874581,3.88629700659611,0.329
"4725",10,25,13,"SGP50",14.6730513768132,4.88678579857832,0.103
"4726",10,25,14,"SGP50",4.83940931819299,3.57264239547188,0.2295
"4727",10,25,15,"SGP50",2.91842941862992,3.37914980108588,0.594
"4728",10,25,16,"SGP50",9.86069454565352,4.28961882181885,0.075
"4729",10,25,17,"SGP50",3.10783859238129,3.45859728540233,0.4645
"4730",10,25,18,"SGP50",6.40887002954716,3.97767628517031,0.7825
"4731",10,25,19,"SGP50",6.16928436503961,3.78259143729765,0.166
"4732",10,25,20,"SGP50",2.60940385311556,3.3307768918014,0.4735
"4733",10,25,21,"SGP50",4.53257224486011,3.74161157035565,0.737
"4734",10,25,22,"SGP50",2.84616524643564,3.32595369716984,0.6245
"4735",10,25,23,"SGP50",2.47003931498782,3.316969970745,0.47
"4736",10,25,24,"SGP50",2.18196052671523,3.08944370608952,0.42
"4737",10,25,25,"SGP50",2.55581163595417,3.1608578900612,0.3565
"4738",10,25,26,"SGP50",1.87620756990774,3.0114610373141,0.5305
"4739",10,25,27,"SGP50",1.96328860089761,3.01687042755605,0.598
"4740",10,25,28,"SGP50",2.41676585036827,3.03049574918278,0.295
"4741",10,25,29,"SGP50",2.00231040445518,2.85405793988765,0.632
"4742",10,25,30,"SGP50",2.0964321773733,3.00350991934484,0.3055
"4743",10,25,31,"SGP50",1.98114268019271,3.02429080315962,0.546
"4744",10,25,32,"SGP50",1.70282785531592,2.85240924994726,0.358
"4745",10,25,33,"SGP50",1.43995227382721,2.72388568457713,0.4935
"4746",10,25,34,"SGP50",1.31356801420095,2.5356849370198,0.5305
"4747",10,25,35,"SGP50",1.42236108179524,2.52753535749304,0.362
"4748",10,25,36,"SGP50",1.54873776801294,2.72442137435378,0.3385
"4749",10,25,37,"SGP50",1.15318577780618,2.50552811286858,0.4545
"4750",10,25,38,"SGP50",1.17654054535979,2.38450773606865,0.376
"4751",10,26,1,"BMA",2.28779430650081,3.31995687237043,0.837
"4752",10,26,2,"BMA",1.59404725125651,2.70228269019913,0.6775
"4753",10,26,3,"BMA",6.28554359819647,4.73967294747984,0.026
"4754",10,26,4,"BMA",3.97106028590535,3.33730085154553,0.137
"4755",10,26,5,"BMA",2.28170301119655,2.72099823904078,0.1995
"4756",10,26,6,"BMA",1.45795817705271,2.46103175809956,0.2805
"4757",10,26,7,"BMA",1.62205870153002,2.63580297275991,0.753
"4758",10,26,8,"BMA",2.34948122568824,2.79930434588361,0.8305
"4759",10,26,9,"BMA",1.28669615223725,2.36161875391107,0.7005
"4760",10,26,10,"BMA",0.808288049340872,2.08110425316707,0.4445
"4761",10,26,11,"BMA",2.51374397296914,3.05226588793223,0.0875
"4762",10,26,12,"BMA",1.96997198363879,2.68560574991706,0.15
"4763",10,26,13,"BMA",1.07114870843549,2.28772592995553,0.707
"4764",10,26,14,"BMA",0.804465621668722,2.15248731270472,0.3835
"4765",10,26,15,"BMA",1.87983618964417,2.58357366419281,0.874
"4766",10,26,16,"BMA",0.77747102976397,2.09973840799622,0.386
"4767",10,26,17,"BMA",0.83278693690651,2.1067099580343,0.6795
"4768",10,26,18,"BMA",1.26875548772223,2.18860395371273,0.7685
"4769",10,26,19,"BMA",6.6071092078772,7.01892424944493,1
"4770",10,26,20,"BMA",2.83784065720757,2.81791548505583,0.911
"4771",10,26,21,"BMA",6.26225907305305,5.20430434618869,0.9975
"4772",10,26,22,"BMA",3.35747359413097,3.1763417257529,0.931
"4773",10,26,23,"BMA",0.863834402370432,2.23059807939236,0.509
"4774",10,26,24,"BMA",4.21273670060677,3.67974701670741,0.044
"4775",10,26,25,"BMA",1.23972016710129,2.37700561982362,0.2735
"4776",10,26,26,"BMA",3.28063358027179,3.220849564727,0.9215
"4777",10,26,27,"BMA",0.82954817893897,2.16469940698674,0.4755
"4778",10,26,28,"BMA",3.3483876951922,3.17655007153415,0.064
"4779",10,26,29,"BMA",1.84292537310199,2.60636387431201,0.806
"4780",10,26,30,"BMA",3.22893499255303,3.16113658597325,0.9155
"4781",10,26,31,"BMA",2.51095283522291,2.84603989548631,0.878
"4782",10,26,32,"BMA",0.91249882418929,2.20202091568485,0.3925
"4783",10,26,33,"BMA",0.937037775333541,2.36344503511779,0.608
"4784",10,26,34,"BMA",3.28422595704423,3.16934563278549,0.918
"4785",10,26,35,"BMA",1.31642287714243,2.30966070483897,0.716
"4786",10,26,36,"BMA",2.36763070035157,2.76297217176162,0.1365
"4787",10,26,37,"BMA",2.58161193140685,2.7642097381,0.8845
"4788",10,26,38,"BMA",6.15406010006107,4.45824705494961,0.9895
"4789",10,26,1,"AVS",2.28779430650081,3.22794439225143,0.83
"4790",10,26,2,"AVS",1.29407866494002,2.64975586637244,0.6415
"4791",10,26,3,"AVS",6.68242733900688,4.62990351939352,0.019
"4792",10,26,4,"AVS",3.47590127933872,3.12070781690891,0.146
"4793",10,26,5,"AVS",0.930261998710641,2.22787992206009,0.3735
"4794",10,26,6,"AVS",0.873129150453573,2.10118537974139,0.3475
"4795",10,26,7,"AVS",1.77920182821542,2.53039534107616,0.854
"4796",10,26,8,"AVS",1.81916750329704,2.47211608222178,0.8295
"4797",10,26,9,"AVS",0.812537220186928,1.96543784979234,0.6235
"4798",10,26,10,"AVS",0.788312125715979,2.04852756761424,0.363
"4799",10,26,11,"AVS",2.73192968682032,3.07697050551137,0.0735
"4800",10,26,12,"AVS",1.86945756597756,2.56260218492547,0.139
"4801",10,26,13,"AVS",1.17161055994006,2.22881254004197,0.7505
"4802",10,26,14,"AVS",0.779157713892953,2.06650375250496,0.3585
"4803",10,26,15,"AVS",1.88703079594104,2.563444058331,0.8815
"4804",10,26,16,"AVS",0.864855429039735,2.11513869738011,0.351
"4805",10,26,17,"AVS",0.783502919876611,2.03388420542514,0.6805
"4806",10,26,18,"AVS",1.25194262822275,2.14160051834724,0.7845
"4807",10,26,19,"AVS",6.6165065875511,7.26310115147237,0.999
"4808",10,26,20,"AVS",2.65012771256705,2.81693001248394,0.906
"4809",10,26,21,"AVS",6.37511935745278,5.3831130465166,0.997
"4810",10,26,22,"AVS",3.30827151667927,3.16405040890435,0.9275
"4811",10,26,23,"AVS",0.866825902672956,2.2245443947988,0.4595
"4812",10,26,24,"AVS",4.21782984822058,3.83480532797905,0.037
"4813",10,26,25,"AVS",1.17015755000849,2.35165962038773,0.3035
"4814",10,26,26,"AVS",3.38958142874115,3.13673954277928,0.9285
"4815",10,26,27,"AVS",0.836792517356885,2.12000322862327,0.4605
"4816",10,26,28,"AVS",3.34641708293234,3.11789814922237,0.076
"4817",10,26,29,"AVS",1.87870139922625,2.61584726873759,0.803
"4818",10,26,30,"AVS",3.20766669018599,3.23487963346642,0.9195
"4819",10,26,31,"AVS",2.45914467272351,2.82441515392388,0.8615
"4820",10,26,32,"AVS",0.941949893951862,2.22696105487665,0.3745
"4821",10,26,33,"AVS",0.949001955223141,2.39473143434369,0.616
"4822",10,26,34,"AVS",3.24990069093923,3.19572977650132,0.9245
"4823",10,26,35,"AVS",1.18820015426731,2.38971985815585,0.6795
"4824",10,26,36,"AVS",2.52722470624526,2.8893506231085,0.132
"4825",10,26,37,"AVS",2.67870158282545,2.87703890698421,0.8955
"4826",10,26,38,"AVS",6.07609692977741,4.53632922800119,0.986
"4827",10,26,1,"EQW",2.28779430650081,3.25207474534134,0.8395
"4828",10,26,2,"EQW",1.94030698092807,2.68042515444432,0.8285
"4829",10,26,3,"EQW",5.313550068842,4.08563552933308,0.0575
"4830",10,26,4,"EQW",1.89254432394791,2.66030203320665,0.268
"4831",10,26,5,"EQW",1.54307451284371,2.48864064909291,0.2975
"4832",10,26,6,"EQW",1.19916174426232,2.29001901911005,0.3015
"4833",10,26,7,"EQW",1.67762297888393,2.66851346467541,0.763
"4834",10,26,8,"EQW",2.38359683811342,2.7117976866368,0.8455
"4835",10,26,9,"EQW",1.64372831924376,2.4877576640726,0.734
"4836",10,26,10,"EQW",1.0181213368175,2.34893443647132,0.5415
"4837",10,26,11,"EQW",1.75613431868648,2.72526034333243,0.234
"4838",10,26,12,"EQW",1.81049431573656,2.5754614216996,0.204
"4839",10,26,13,"EQW",1.14425406795613,2.34053335739247,0.695
"4840",10,26,14,"EQW",0.827389055472636,2.17368414818602,0.4665
"4841",10,26,15,"EQW",2.29366333266223,2.68299021482878,0.8625
"4842",10,26,16,"EQW",0.963381957402988,2.32463524116337,0.5325
"4843",10,26,17,"EQW",1.42331484747234,2.32018162225602,0.7515
"4844",10,26,18,"EQW",2.26170530377951,2.66115631153331,0.85
"4845",10,26,19,"EQW",8.30329079161877,6.62196454022785,0.999
"4846",10,26,20,"EQW",5.9046555603006,3.50563897205237,0.9505
"4847",10,26,21,"EQW",10.6480609597179,5.61114721626864,0.998
"4848",10,26,22,"EQW",5.87373714463322,3.19618939336307,0.8865
"4849",10,26,23,"EQW",2.68693820641651,2.89069816927443,0.639
"4850",10,26,24,"EQW",2.36640252227696,3.35625045759293,0.329
"4851",10,26,25,"EQW",1.24315455528155,2.6046475119992,0.4725
"4852",10,26,26,"EQW",3.46849384616723,3.24166021177006,0.857
"4853",10,26,27,"EQW",1.41835326493851,2.60239290201908,0.535
"4854",10,26,28,"EQW",2.36228896019938,2.97852486683346,0.221
"4855",10,26,29,"EQW",1.90561263336654,2.87300350396984,0.725
"4856",10,26,30,"EQW",2.95790606404199,3.11981168180878,0.842
"4857",10,26,31,"EQW",3.24954133013985,2.97492743304339,0.847
"4858",10,26,32,"EQW",1.65613614724576,2.77275750531493,0.5685
"4859",10,26,33,"EQW",1.97154904116177,2.74235671758186,0.703
"4860",10,26,34,"EQW",4.24515951886425,3.36628473832276,0.8965
"4861",10,26,35,"EQW",2.65843023355969,2.82941384152394,0.721
"4862",10,26,36,"EQW",2.01600576254179,3.10555411149921,0.4135
"4863",10,26,37,"EQW",3.73378211505969,3.28246810030646,0.842
"4864",10,26,38,"EQW",6.4105769804055,3.92907897615151,0.9345
"4865",10,26,1,"SGP",2.28779430650081,3.25004158507927,0.829
"4866",10,26,2,"SGP",1.89456518744724,2.75037034915083,0.8865
"4867",10,26,3,"SGP",6.31568683160578,4.72479234862813,0.0185
"4868",10,26,4,"SGP",1.01790250317495,2.27535865739993,0.3505
"4869",10,26,5,"SGP",0.902018808673763,2.16457745204972,0.3615
"4870",10,26,6,"SGP",0.858771588720487,2.10070007138557,0.376
"4871",10,26,7,"SGP",1.79390117951689,2.53323358199749,0.8385
"4872",10,26,8,"SGP",1.83494661909954,2.58015251345505,0.8525
"4873",10,26,9,"SGP",0.870661073244336,2.10147690037301,0.6485
"4874",10,26,10,"SGP",0.784962454295592,2.05872169267641,0.3665
"4875",10,26,11,"SGP",2.5785576966004,2.91891572266336,0.0865
"4876",10,26,12,"SGP",1.88845716245916,2.55002635412451,0.13
"4877",10,26,13,"SGP",1.2134786212406,2.25295961078661,0.756
"4878",10,26,14,"SGP",0.747427527278054,2.04631079897055,0.397
"4879",10,26,15,"SGP",1.94497616467226,2.64508802860597,0.893
"4880",10,26,16,"SGP",0.984000299827005,2.18643510286053,0.282
"4881",10,26,17,"SGP",0.847319245753203,2.05366973641537,0.6955
"4882",10,26,18,"SGP",1.44804471137053,2.27681757635348,0.825
"4883",10,26,19,"SGP",7.0037259439922,7.45083392059012,1
"4884",10,26,20,"SGP",2.70477050129552,2.94134448498593,0.917
"4885",10,26,21,"SGP",7.48109958751362,6.09879579135561,0.999
"4886",10,26,22,"SGP",1.91097507715248,2.56230956288179,0.7865
"4887",10,26,23,"SGP",1.13284140461985,2.34399425677026,0.3055
"4888",10,26,24,"SGP",4.27510341918724,3.95906790838173,0.0345
"4889",10,26,25,"SGP",0.82388966104879,2.11435368689757,0.522
"4890",10,26,26,"SGP",4.03903135200457,3.51667710416538,0.9615
"4891",10,26,27,"SGP",1.11266623828014,2.35628734639375,0.337
"4892",10,26,28,"SGP",3.33314383247148,3.2428486423736,0.063
"4893",10,26,29,"SGP",2.64213692197598,2.89235838164042,0.8725
"4894",10,26,30,"SGP",2.26284015686353,2.7467850048738,0.8625
"4895",10,26,31,"SGP",1.77844910801191,2.5359032386572,0.806
"4896",10,26,32,"SGP",1.23363065399209,2.43014595863486,0.2765
"4897",10,26,33,"SGP",1.14542310057082,2.38156200351374,0.6915
"4898",10,26,34,"SGP",2.91262452290851,3.13543883752042,0.907
"4899",10,26,35,"SGP",0.771031155084415,2.08649966783456,0.491
"4900",10,26,36,"SGP",3.19462814193994,3.19440234858459,0.076
"4901",10,26,37,"SGP",3.79580946640376,3.44768443298526,0.9395
"4902",10,26,38,"SGP",3.92151016699754,3.74986018122724,0.956
"4903",10,26,1,"SGP50",2.28779430650081,3.17610039564887,0.8205
"4904",10,26,2,"SGP50",1.93859372015849,2.79449255148696,0.82
"4905",10,26,3,"SGP50",5.34142493996888,4.32163314677828,0.0395
"4906",10,26,4,"SGP50",1.83185867072021,2.58287553369846,0.2715
"4907",10,26,5,"SGP50",1.48179238557025,2.42573207934613,0.277
"4908",10,26,6,"SGP50",1.1656767426874,2.23090927247362,0.301
"4909",10,26,7,"SGP50",1.68415945886716,2.61963874866568,0.7795
"4910",10,26,8,"SGP50",2.31724016474471,2.7133650467231,0.8445
"4911",10,26,9,"SGP50",1.52869074318766,2.45527443804786,0.7385
"4912",10,26,10,"SGP50",0.958768505129089,2.29009384764424,0.5185
"4913",10,26,11,"SGP50",1.85597959607461,2.74541070760135,0.2105
"4914",10,26,12,"SGP50",1.82310242343417,2.58553734028599,0.1985
"4915",10,26,13,"SGP50",1.14712875082867,2.27663034147184,0.6905
"4916",10,26,14,"SGP50",0.809027289810025,2.11503332039327,0.47
"4917",10,26,15,"SGP50",2.22682265154289,2.70467787300523,0.8785
"4918",10,26,16,"SGP50",0.907090962005582,2.30789138543188,0.494
"4919",10,26,17,"SGP50",1.29860365323246,2.34891105051334,0.7485
"4920",10,26,18,"SGP50",2.06768867611056,2.58483701392136,0.854
"4921",10,26,19,"SGP50",7.97808376002533,6.82650794096355,0.998
"4922",10,26,20,"SGP50",5.04689833993455,3.3249720950951,0.939
"4923",10,26,21,"SGP50",9.57949129761084,5.87655745394299,0.9975
"4924",10,26,22,"SGP50",4.40948015603138,3.07697584224283,0.874
"4925",10,26,23,"SGP50",1.76172957898267,2.66132129848063,0.552
"4926",10,26,24,"SGP50",2.79965172716388,3.41689418869446,0.239
"4927",10,26,25,"SGP50",1.08994396173787,2.39979591461064,0.4675
"4928",10,26,26,"SGP50",3.53699506482596,3.30743314405527,0.9025
"4929",10,26,27,"SGP50",1.13426897703494,2.48191726695837,0.486
"4930",10,26,28,"SGP50",2.66288625769744,3.04825436840961,0.17
"4931",10,26,29,"SGP50",2.04115294075998,2.81144919726505,0.7735
"4932",10,26,30,"SGP50",2.83218048892706,2.98266717734542,0.8555
"4933",10,26,31,"SGP50",2.72644649358294,2.88079858391551,0.841
"4934",10,26,32,"SGP50",1.24418468931247,2.52044328684424,0.4705
"4935",10,26,33,"SGP50",1.50818631946018,2.50319339374046,0.6915
"4936",10,26,34,"SGP50",3.68547584319807,3.31276171717952,0.909
"4937",10,26,35,"SGP50",1.6378391686398,2.55733796430171,0.672
"4938",10,26,36,"SGP50",2.13130741021117,3.03606192859301,0.2675
"4939",10,26,37,"SGP50",3.46325549317495,3.24866208018804,0.892
"4940",10,26,38,"SGP50",5.45249702606121,3.99810762662585,0.9535
"4941",10,27,1,"BMA",1.80358264731267,2.87861593368694,0.649
"4942",10,27,2,"BMA",1.57866943354528,2.64099051592513,0.648
"4943",10,27,3,"BMA",1.40931094585424,2.48270056813405,0.3575
"4944",10,27,4,"BMA",5.32793532648792,3.9682495149749,0.951
"4945",10,27,5,"BMA",1.24333123182553,2.59871300281682,0.5005
"4946",10,27,6,"BMA",1.19387302872031,2.47691919144831,0.5765
"4947",10,27,7,"BMA",4.44845305230105,3.8334599473295,0.9615
"4948",10,27,8,"BMA",11.8897210785281,5.93773828585593,0.993
"4949",10,27,9,"BMA",3.49776553001935,3.31827873842699,0.7605
"4950",10,27,10,"BMA",6.16517839976635,3.79286389168424,0.883
"4951",10,27,11,"BMA",10.6659384697785,4.49380270232144,0.954
"4952",10,27,12,"BMA",19.8304353301644,6.80404332768038,0.997
"4953",10,27,13,"BMA",14.8376101583405,5.03032531456151,0.969
"4954",10,27,14,"BMA",7.01999016681575,3.83685404218731,0.8285
"4955",10,27,15,"BMA",3.9367886750861,3.62781241199479,0.6725
"4956",10,27,16,"BMA",3.02071699286164,3.51973182850587,0.449
"4957",10,27,17,"BMA",4.6424910681251,3.76240216006835,0.3105
"4958",10,27,18,"BMA",4.49979120312088,3.71431964960628,0.606
"4959",10,27,19,"BMA",3.14274073575806,3.48799215518019,0.4815
"4960",10,27,20,"BMA",5.61786987289351,3.85653850788828,0.227
"4961",10,27,21,"BMA",3.066256835768,3.60124422509531,0.4825
"4962",10,27,22,"BMA",3.05606864059232,3.48779995445381,0.574
"4963",10,27,23,"BMA",3.03464347955915,3.4711826388199,0.412
"4964",10,27,24,"BMA",2.64160670955438,3.29165426553402,0.437
"4965",10,27,25,"BMA",3.12053837595858,3.41235754602542,0.6645
"4966",10,27,26,"BMA",4.85381549690586,3.55117954869804,0.7815
"4967",10,27,27,"BMA",4.80710683394929,3.66352534602197,0.1825
"4968",10,27,28,"BMA",2.08228426232196,3.07842125119269,0.4855
"4969",10,27,29,"BMA",2.06637110658673,3.12914245906851,0.578
"4970",10,27,30,"BMA",2.61848278671316,3.14487589303686,0.3205
"4971",10,27,31,"BMA",8.05120681091463,4.17345693379984,0.0615
"4972",10,27,32,"BMA",5.68932078394077,3.64422138818872,0.1335
"4973",10,27,33,"BMA",5.42346156989,3.56474758950625,0.118
"4974",10,27,34,"BMA",4.77293812068479,3.49611000478553,0.1435
"4975",10,27,35,"BMA",4.23778995691546,3.32562388526323,0.1715
"4976",10,27,36,"BMA",3.51837472386271,3.28486636133521,0.2295
"4977",10,27,37,"BMA",2.56353600275299,3.1490296443597,0.3105
"4978",10,27,38,"BMA",2.90529002778691,3.19951623324241,0.741
"4979",10,27,1,"AVS",1.80358264731267,2.9193687519303,0.6185
"4980",10,27,2,"AVS",1.6343699444099,2.71592820538496,0.7155
"4981",10,27,3,"AVS",1.19668650283627,2.46918552032555,0.394
"4982",10,27,4,"AVS",5.83266821210236,4.55622781627462,0.9805
"4983",10,27,5,"AVS",1.23423578267542,2.5810626182852,0.4925
"4984",10,27,6,"AVS",1.18948725058573,2.47062776500761,0.5695
"4985",10,27,7,"AVS",4.23998365838388,4.02090852996898,0.9445
"4986",10,27,8,"AVS",11.7634747930355,6.37282572874296,0.9945
"4987",10,27,9,"AVS",1.8560556729853,2.93172313484849,0.511
"4988",10,27,10,"AVS",4.43699864080278,3.52147816447717,0.909
"4989",10,27,11,"AVS",7.07623397175797,4.6308060287807,0.9815
"4990",10,27,12,"AVS",9.93150892810895,6.03540752290425,0.992
"4991",10,27,13,"AVS",1.56779234456557,2.81300088435365,0.437
"4992",10,27,14,"AVS",3.18291600787162,3.15652272979112,0.1735
"4993",10,27,15,"AVS",2.88404706209533,2.98290432150234,0.2085
"4994",10,27,16,"AVS",6.03934401286573,3.85202044382564,0.0545
"4995",10,27,17,"AVS",8.72968270711649,4.23500262933117,0.0355
"4996",10,27,18,"AVS",2.66496271405143,3.03242270066863,0.7605
"4997",10,27,19,"AVS",5.38423965486908,3.71368825206354,0.0765
"4998",10,27,20,"AVS",5.71325272814144,3.81072061746634,0.079
"4999",10,27,21,"AVS",2.92441177185482,3.02339548629171,0.7515
"5000",10,27,22,"AVS",1.4030119089322,2.72033672450452,0.4975
"5001",10,27,23,"AVS",3.60044201459751,3.24585007241557,0.1765
"5002",10,27,24,"AVS",1.56219867198046,2.76788688774876,0.396
"5003",10,27,25,"AVS",2.34817468543328,2.83110689377767,0.751
"5004",10,27,26,"AVS",2.21643068872184,2.92768346392966,0.7435
"5005",10,27,27,"AVS",8.00833020702201,4.66069780051513,0.0255
"5006",10,27,28,"AVS",2.4145249681264,2.90164524480725,0.745
"5007",10,27,29,"AVS",2.37869965835182,2.93582096968761,0.7385
"5008",10,27,30,"AVS",2.12059321735858,2.81989733834553,0.2975
"5009",10,27,31,"AVS",6.51677086427197,4.10159206281045,0.0645
"5010",10,27,32,"AVS",1.46641475509014,2.80264487485665,0.452
"5011",10,27,33,"AVS",1.44552151904128,2.83849196186143,0.451
"5012",10,27,34,"AVS",1.43741290945142,2.79881252583046,0.5755
"5013",10,27,35,"AVS",1.43614438472277,2.74024429122172,0.575
"5014",10,27,36,"AVS",1.56664997923158,2.79977506515222,0.5975
"5015",10,27,37,"AVS",1.77826590523336,2.80561452129739,0.681
"5016",10,27,38,"AVS",7.01090874079373,4.13387340093224,0.967
"5017",10,27,1,"EQW",1.80358264731267,2.92384824731852,0.6365
"5018",10,27,2,"EQW",1.59846731419306,2.80544833771819,0.619
"5019",10,27,3,"EQW",1.7733687677474,2.69358919059812,0.336
"5020",10,27,4,"EQW",3.97966356788436,3.47364942793456,0.8655
"5021",10,27,5,"EQW",1.27606002720381,2.6435275944868,0.508
"5022",10,27,6,"EQW",1.37743951847053,2.54485746091929,0.6025
"5023",10,27,7,"EQW",4.94608026655671,3.91869633020511,0.942
"5024",10,27,8,"EQW",12.3058994397319,6.03459185017969,0.9935
"5025",10,27,9,"EQW",2.35809290191934,3.15480504473693,0.6215
"5026",10,27,10,"EQW",6.04426346411719,3.72994767569294,0.898
"5027",10,27,11,"EQW",10.0726654905114,4.95419160466572,0.974
"5028",10,27,12,"EQW",16.9147557819233,6.07631010224385,0.9925
"5029",10,27,13,"EQW",9.50837038548266,3.94094002495285,0.8515
"5030",10,27,14,"EQW",5.82702831091709,3.74236686149849,0.725
"5031",10,27,15,"EQW",3.93541660166164,3.51240326211837,0.6415
"5032",10,27,16,"EQW",3.00720665233194,3.54461663588265,0.4485
"5033",10,27,17,"EQW",5.14596567132429,3.79387650834044,0.2225
"5034",10,27,18,"EQW",2.86799505845009,3.43531968434574,0.572
"5035",10,27,19,"EQW",4.14976233422556,3.60491285054697,0.2445
"5036",10,27,20,"EQW",7.03036152710898,4.03214056512027,0.138
"5037",10,27,21,"EQW",3.10300476709225,3.44399241782464,0.462
"5038",10,27,22,"EQW",2.5598359034334,3.32170331940159,0.4395
"5039",10,27,23,"EQW",3.45702550261121,3.48051987021446,0.292
"5040",10,27,24,"EQW",2.62988898364993,3.229335210016,0.3795
"5041",10,27,25,"EQW",2.63470366045721,3.23147345373011,0.636
"5042",10,27,26,"EQW",4.55213409891195,3.42778030262316,0.8
"5043",10,27,27,"EQW",3.33482369298333,3.65456216985986,0.4055
"5044",10,27,28,"EQW",3.49254251222234,3.36014880033676,0.726
"5045",10,27,29,"EQW",4.97136189992231,3.50904511288963,0.799
"5046",10,27,30,"EQW",3.43741914183779,3.43787766423456,0.5915
"5047",10,27,31,"EQW",3.37183897712393,3.5825219717937,0.3745
"5048",10,27,32,"EQW",2.32021651918247,3.11116514702159,0.3845
"5049",10,27,33,"EQW",2.76289941151382,3.16234024712213,0.3115
"5050",10,27,34,"EQW",2.90694645692439,3.2069427790143,0.3045
"5051",10,27,35,"EQW",3.18486757980206,3.20764114599506,0.259
"5052",10,27,36,"EQW",3.16774537057047,3.20781168302013,0.253
"5053",10,27,37,"EQW",2.64387682098025,3.16496906909698,0.3145
"5054",10,27,38,"EQW",2.80770752395181,3.09299211400161,0.7205
"5055",10,27,1,"SGP",1.80358264731267,2.87480962482734,0.64
"5056",10,27,2,"SGP",1.67876820310101,2.65844265971421,0.7215
"5057",10,27,3,"SGP",1.17628735619312,2.37598737320648,0.359
"5058",10,27,4,"SGP",5.64607337147237,4.34152201869346,0.9745
"5059",10,27,5,"SGP",1.08580404443021,2.41079693522773,0.4425
"5060",10,27,6,"SGP",0.855863084411199,2.20943932845633,0.491
"5061",10,27,7,"SGP",4.11434316983275,3.94996865385384,0.973
"5062",10,27,8,"SGP",12.08566717576,9.21803273238885,0.9995
"5063",10,27,9,"SGP",1.70081552904681,2.64484334311589,0.2915
"5064",10,27,10,"SGP",4.09006790419552,3.26313354801763,0.923
"5065",10,27,11,"SGP",7.14067247315053,4.50614001196823,0.9855
"5066",10,27,12,"SGP",10.1574216525043,5.79769087958343,0.9885
"5067",10,27,13,"SGP",1.6058320016388,2.75000889308801,0.494
"5068",10,27,14,"SGP",3.08392400789035,3.20059468875987,0.2065
"5069",10,27,15,"SGP",2.82298507227526,3.00019380010619,0.218
"5070",10,27,16,"SGP",5.92672949115503,3.8205397480966,0.0675
"5071",10,27,17,"SGP",8.63535217506053,4.48041569791022,0.024
"5072",10,27,18,"SGP",2.65272410848146,3.03905318069061,0.748
"5073",10,27,19,"SGP",5.34667641387773,3.65828387079931,0.085
"5074",10,27,20,"SGP",5.72272506140209,3.7868587903022,0.081
"5075",10,27,21,"SGP",2.89294258974613,3.04041294131928,0.7595
"5076",10,27,22,"SGP",1.41354722641814,2.75864244862368,0.478
"5077",10,27,23,"SGP",3.59769409559897,3.22425634176804,0.1755
"5078",10,27,24,"SGP",1.57265357469801,2.76896014416172,0.419
"5079",10,27,25,"SGP",2.34623218181889,2.89403429333231,0.7355
"5080",10,27,26,"SGP",2.23148337459603,2.92447450281513,0.728
"5081",10,27,27,"SGP",7.9279066105942,4.67164375882468,0.0295
"5082",10,27,28,"SGP",2.41622509977018,2.94877941806856,0.758
"5083",10,27,29,"SGP",2.3899246011199,3.00206008357612,0.73
"5084",10,27,30,"SGP",2.11430787509533,2.77357781575424,0.285
"5085",10,27,31,"SGP",6.48275220162604,4.03893612904555,0.0565
"5086",10,27,32,"SGP",1.47876844547625,2.83556201615508,0.4315
"5087",10,27,33,"SGP",1.45614601929582,2.83919140722609,0.455
"5088",10,27,34,"SGP",1.44063340689685,2.72334055914954,0.5345
"5089",10,27,35,"SGP",1.43890148159835,2.71701897973869,0.5665
"5090",10,27,36,"SGP",1.56301597705934,2.771239333042,0.605
"5091",10,27,37,"SGP",1.76728286818699,2.76351904184016,0.6705
"5092",10,27,38,"SGP",6.94966703309132,4.21248530955042,0.967
"5093",10,27,1,"SGP50",1.80358264731267,2.95415288767131,0.642
"5094",10,27,2,"SGP50",1.59942496678662,2.76311417542354,0.6035
"5095",10,27,3,"SGP50",1.73370676544152,2.70226008537806,0.3245
"5096",10,27,4,"SGP50",4.08803711955001,3.50023945993812,0.8755
"5097",10,27,5,"SGP50",1.25769341572686,2.58487506389552,0.517
"5098",10,27,6,"SGP50",1.33544905749087,2.5151185838367,0.608
"5099",10,27,7,"SGP50",4.89734968542138,3.8380789987611,0.9335
"5100",10,27,8,"SGP50",12.2114821928557,5.97244964967879,0.993
"5101",10,27,9,"SGP50",2.13107518914101,3.0184387160097,0.591
"5102",10,27,10,"SGP50",5.83548970381795,3.86529521153188,0.9195
"5103",10,27,11,"SGP50",9.6830889265071,4.70192921180872,0.9795
"5104",10,27,12,"SGP50",15.849909027231,6.25649693905822,0.9955
"5105",10,27,13,"SGP50",7.5141617845665,3.76107223048171,0.7995
"5106",10,27,14,"SGP50",4.37483200798613,3.65392582097967,0.6365
"5107",10,27,15,"SGP50",3.11716096421343,3.36987581998756,0.572
"5108",10,27,16,"SGP50",3.0930071123287,3.5107735554487,0.377
"5109",10,27,17,"SGP50",5.43984330864321,3.84666890045044,0.188
"5110",10,27,18,"SGP50",2.57208149752812,3.26585589182688,0.6195
"5111",10,27,19,"SGP50",4.12691494377185,3.54468685660395,0.2225
"5112",10,27,20,"SGP50",6.4803376796039,3.89822542510201,0.1235
"5113",10,27,21,"SGP50",2.49732695521779,3.33112956982235,0.546
"5114",10,27,22,"SGP50",2.04263880644585,3.06479720421843,0.462
"5115",10,27,23,"SGP50",3.55938446573578,3.33106269501599,0.24
"5116",10,27,24,"SGP50",2.25802678809053,3.06635385589858,0.343
"5117",10,27,25,"SGP50",2.34860964107229,3.08449882046414,0.6515
"5118",10,27,26,"SGP50",3.16624431242013,3.1532321269766,0.7505
"5119",10,27,27,"SGP50",4.83118127797991,3.86647451741898,0.2345
"5120",10,27,28,"SGP50",2.62946143693788,3.0583551440864,0.6845
"5121",10,27,29,"SGP50",3.15683196257512,3.16766784637618,0.73
"5122",10,27,30,"SGP50",2.21664447004232,3.11144303087515,0.425
"5123",10,27,31,"SGP50",4.97532714820149,3.81630818088165,0.1815
"5124",10,27,32,"SGP50",2.18708294371197,3.03630003846206,0.3665
"5125",10,27,33,"SGP50",2.2766591440556,3.02280516043731,0.3365
"5126",10,27,34,"SGP50",2.11128617833102,3.04874949055828,0.4035
"5127",10,27,35,"SGP50",2.12210382116141,2.97985095166569,0.376
"5128",10,27,36,"SGP50",2.01892183404516,2.94142025776715,0.4205
"5129",10,27,37,"SGP50",1.80712932640006,2.97033580730692,0.4625
"5130",10,27,38,"SGP50",4.34563940914997,3.48733681480617,0.844
"5131",10,28,1,"BMA",5.64356051586069,4.14828461592516,0.836
"5132",10,28,2,"BMA",2.76779036923911,3.29614898576828,0.6055
"5133",10,28,3,"BMA",2.25000648200255,3.20000309808721,0.4795
"5134",10,28,4,"BMA",6.65853846691216,3.85544700742758,0.8655
"5135",10,28,5,"BMA",17.661697241739,5.4798762567239,0.9755
"5136",10,28,6,"BMA",11.3566897189412,4.43677887560231,0.8795
"5137",10,28,7,"BMA",3.78030767019771,3.69138450154704,0.557
"5138",10,28,8,"BMA",4.68128091529627,3.56614507294939,0.69
"5139",10,28,9,"BMA",11.0741940885391,4.47962031673442,0.895
"5140",10,28,10,"BMA",3.52864105742474,3.68266422292674,0.4185
"5141",10,28,11,"BMA",11.5976032320259,4.48620749765874,0.1165
"5142",10,28,12,"BMA",6.08882692963298,3.99767476034285,0.3615
"5143",10,28,13,"BMA",9.82981779561342,3.99982851485252,0.8125
"5144",10,28,14,"BMA",3.36272151224608,3.48152298175858,0.612
"5145",10,28,15,"BMA",4.27938288206673,3.62529133022558,0.2895
"5146",10,28,16,"BMA",6.23175810105798,3.85884622202114,0.2305
"5147",10,28,17,"BMA",2.8341882454981,3.48624431489465,0.4835
"5148",10,28,18,"BMA",2.83712572043429,3.2733625851214,0.3925
"5149",10,28,19,"BMA",2.96407718859113,3.2282406284366,0.3155
"5150",10,28,20,"BMA",1.98119743360253,3.07160531619708,0.4805
"5151",10,28,21,"BMA",2.01967386671499,2.93273400142839,0.398
"5152",10,28,22,"BMA",1.9699957434557,2.91674176227057,0.312
"5153",10,28,23,"BMA",3.41770659117472,3.11609920664743,0.1495
"5154",10,28,24,"BMA",2.95914792152715,3.01780217104133,0.1515
"5155",10,28,25,"BMA",3.6757952230406,3.14956363345094,0.1055
"5156",10,28,26,"BMA",1.31999925980764,2.50764343042714,0.644
"5157",10,28,27,"BMA",1.9217860569603,2.57289205385642,0.2175
"5158",10,28,28,"BMA",1.17178958289709,2.2615420210857,0.3165
"5159",10,28,29,"BMA",2.38843036794673,2.79186990472741,0.1265
"5160",10,28,30,"BMA",0.752535800826987,2.07592748258035,0.458
"5161",10,28,31,"BMA",4.01342212861846,3.71331816375543,0.022
"5162",10,28,32,"BMA",1.23998401606097,2.20720941000106,0.241
"5163",10,28,33,"BMA",2.48720280067914,2.82801279454085,0.091
"5164",10,28,34,"BMA",1.4319079629173,2.24276325249194,0.166
"5165",10,28,35,"BMA",0.585422416506606,1.92054526622481,0.5805
"5166",10,28,36,"BMA",0.876448771075949,1.98597167490343,0.7325
"5167",10,28,37,"BMA",0.557977926740251,1.84670311442227,0.5395
"5168",10,28,38,"BMA",0.51169750919111,1.73851282719149,0.467
"5169",10,28,1,"AVS",5.64356051586069,4.24646561100482,0.852
"5170",10,28,2,"AVS",2.40088872623747,3.21678262457891,0.5495
"5171",10,28,3,"AVS",2.31026196500526,3.25642297679224,0.4585
"5172",10,28,4,"AVS",7.21443898556248,4.0378481702539,0.8655
"5173",10,28,5,"AVS",20.6707152239762,5.85379806804773,0.9875
"5174",10,28,6,"AVS",5.85143244848006,3.89553706130893,0.7765
"5175",10,28,7,"AVS",2.81065669809818,3.37082411303866,0.5065
"5176",10,28,8,"AVS",4.24295224323404,3.47109368529576,0.768
"5177",10,28,9,"AVS",7.89824888681212,3.90954512677226,0.901
"5178",10,28,10,"AVS",16.3652763201992,7.19924417570781,0.003
"5179",10,28,11,"AVS",11.5979658020693,4.43141069116504,0.1065
"5180",10,28,12,"AVS",6.08564780830978,4.03672760238414,0.37
"5181",10,28,13,"AVS",9.42805113286862,3.93679547643381,0.797
"5182",10,28,14,"AVS",10.732114818306,4.70368414395024,0.031
"5183",10,28,15,"AVS",4.20365731730758,3.68341041383467,0.293
"5184",10,28,16,"AVS",5.46910163067552,3.65265646732477,0.233
"5185",10,28,17,"AVS",1.75440894125053,2.92620781462921,0.4365
"5186",10,28,18,"AVS",7.84397428015868,4.23905632888345,0.057
"5187",10,28,19,"AVS",2.84730605675168,3.26552891779168,0.3415
"5188",10,28,20,"AVS",2.00729001343995,3.07301832012964,0.503
"5189",10,28,21,"AVS",2.0656413682875,3.04700185807488,0.3785
"5190",10,28,22,"AVS",1.87329210402427,2.98321932406586,0.361
"5191",10,28,23,"AVS",3.16539292512316,3.14550899177977,0.1835
"5192",10,28,24,"AVS",1.99786015962099,3.06236451345289,0.382
"5193",10,28,25,"AVS",2.23309599291683,3.05489920400417,0.3055
"5194",10,28,26,"AVS",5.52601902916651,3.59104066670038,0.8895
"5195",10,28,27,"AVS",2.00976786182026,2.6081423120926,0.211
"5196",10,28,28,"AVS",1.17149340237919,2.2956961575501,0.35
"5197",10,28,29,"AVS",2.38842013853869,2.83272742132234,0.129
"5198",10,28,30,"AVS",0.752542981822885,2.01197861227891,0.452
"5199",10,28,31,"AVS",4.01342051175583,3.72349376947029,0.0245
"5200",10,28,32,"AVS",1.23999223397934,2.17375314618436,0.2505
"5201",10,28,33,"AVS",2.48720541782013,2.89065845676191,0.0725
"5202",10,28,34,"AVS",1.43191217387076,2.2460220330063,0.154
"5203",10,28,35,"AVS",0.585420381101493,1.82300041575327,0.57
"5204",10,28,36,"AVS",0.876447319385568,2.02310861492007,0.73
"5205",10,28,37,"AVS",0.557977324009832,1.78651855902188,0.5165
"5206",10,28,38,"AVS",0.511697281277935,1.73083737264619,0.479
"5207",10,28,1,"EQW",5.64356051586069,4.20797117099275,0.851
"5208",10,28,2,"EQW",3.73447234628541,3.5266950687759,0.7875
"5209",10,28,3,"EQW",1.67321970596226,2.79635094541005,0.539
"5210",10,28,4,"EQW",7.14566433870173,4.30991842909173,0.9065
"5211",10,28,5,"EQW",16.4697301267231,5.83386573642319,0.982
"5212",10,28,6,"EQW",7.56980768514101,3.97558392408316,0.7375
"5213",10,28,7,"EQW",6.27272297546507,3.75867724143212,0.7205
"5214",10,28,8,"EQW",10.4755390171157,4.06496081937139,0.875
"5215",10,28,9,"EQW",16.3281455002502,4.54133572824112,0.9445
"5216",10,28,10,"EQW",7.02658641199469,4.3616948592069,0.538
"5217",10,28,11,"EQW",6.22791937279153,4.20938840409703,0.2945
"5218",10,28,12,"EQW",4.12775437505762,3.72011919839202,0.406
"5219",10,28,13,"EQW",4.19985239499615,3.62602860838897,0.6345
"5220",10,28,14,"EQW",4.31153955181766,3.80910157569464,0.3825
"5221",10,28,15,"EQW",4.23940376923069,3.5456485093778,0.276
"5222",10,28,16,"EQW",4.9739529984482,3.57410284158989,0.287
"5223",10,28,17,"EQW",2.99852009314507,3.41967268063315,0.4135
"5224",10,28,18,"EQW",5.38361355840204,3.76218035289346,0.2425
"5225",10,28,19,"EQW",4.05570835016481,3.46178960476734,0.284
"5226",10,28,20,"EQW",2.87967941819933,3.3572945975744,0.4055
"5227",10,28,21,"EQW",3.69241534346953,3.36866222211786,0.268
"5228",10,28,22,"EQW",3.20409104126327,3.36627620462067,0.3265
"5229",10,28,23,"EQW",4.45818096928189,3.37669772826113,0.213
"5230",10,28,24,"EQW",3.50699872090552,3.36844311763674,0.286
"5231",10,28,25,"EQW",4.03688313521151,3.4515743882823,0.2425
"5232",10,28,26,"EQW",2.33067415422157,3.20989725656853,0.5705
"5233",10,28,27,"EQW",4.41118505530847,3.18794444784517,0.1635
"5234",10,28,28,"EQW",2.01492974499863,3.01108863558275,0.44
"5235",10,28,29,"EQW",2.93760817922107,3.04374704909535,0.2435
"5236",10,28,30,"EQW",1.67428424447667,2.81157301019792,0.512
"5237",10,28,31,"EQW",4.46311409172664,3.54890929257915,0.1115
"5238",10,28,32,"EQW",1.69033168535384,2.83515062510592,0.4775
"5239",10,28,33,"EQW",2.38333677942161,2.92159678828062,0.2425
"5240",10,28,34,"EQW",1.49944654022525,2.70976409708854,0.3925
"5241",10,28,35,"EQW",1.37409651336446,2.48669343384219,0.5915
"5242",10,28,36,"EQW",1.51532004024152,2.66613900175926,0.6505
"5243",10,28,37,"EQW",1.35468106455289,2.54163465244588,0.534
"5244",10,28,38,"EQW",1.35707362947305,2.52540641185135,0.5935
"5245",10,28,1,"SGP",5.64356051586069,4.27759784667496,0.8455
"5246",10,28,2,"SGP",4.32741894971307,3.35994359744048,0.8595
"5247",10,28,3,"SGP",1.42009352500148,2.66733098027209,0.607
"5248",10,28,4,"SGP",7.88901817081203,5.33695299937456,0.989
"5249",10,28,5,"SGP",15.6702196411891,7.80949945310795,0.9985
"5250",10,28,6,"SGP",2.67394219667006,3.08349373024715,0.3025
"5251",10,28,7,"SGP",1.5831274498453,2.86401619117924,0.4455
"5252",10,28,8,"SGP",4.45395343900888,3.441631262426,0.8845
"5253",10,28,9,"SGP",5.9333281418233,3.65722962987767,0.9155
"5254",10,28,10,"SGP",16.0871544776558,7.45857150652168,0.007
"5255",10,28,11,"SGP",11.3556472442397,5.06106671670764,0.0255
"5256",10,28,12,"SGP",2.29996022791804,3.20021746991759,0.459
"5257",10,28,13,"SGP",1.95478273512298,3.01810923352368,0.604
"5258",10,28,14,"SGP",10.8238391194569,4.86049970893232,0.032
"5259",10,28,15,"SGP",2.59437788617278,3.09710886512031,0.305
"5260",10,28,16,"SGP",2.44489117943646,3.08160334179942,0.3385
"5261",10,28,17,"SGP",1.67253880472316,2.92271003223654,0.446
"5262",10,28,18,"SGP",8.05224502484634,4.35572979592552,0.057
"5263",10,28,19,"SGP",2.38083492858542,3.20428576628878,0.3415
"5264",10,28,20,"SGP",2.28374119062857,3.12083112960306,0.6415
"5265",10,28,21,"SGP",2.28811095024926,3.17593678430918,0.346
"5266",10,28,22,"SGP",2.02450037780723,3.04833940179966,0.596
"5267",10,28,23,"SGP",1.98385747677631,3.08048177751459,0.4055
"5268",10,28,24,"SGP",2.43920005459466,3.09503768821777,0.685
"5269",10,28,25,"SGP",1.72272619813116,3.06606623298929,0.5035
"5270",10,28,26,"SGP",6.49750634905077,3.85223063707201,0.901
"5271",10,28,27,"SGP",6.24346763636737,3.76764974424163,0.09
"5272",10,28,28,"SGP",4.07863920555912,3.29566604893966,0.8145
"5273",10,28,29,"SGP",2.20831005216297,3.02298227731661,0.331
"5274",10,28,30,"SGP",3.46619681220247,3.31645720198586,0.788
"5275",10,28,31,"SGP",6.00034805868686,3.80408801660462,0.0975
"5276",10,28,32,"SGP",4.0407565214378,3.36598246971422,0.8225
"5277",10,28,33,"SGP",2.56042366855042,3.09628806672054,0.2835
"5278",10,28,34,"SGP",2.17067030595563,2.92621451946449,0.6345
"5279",10,28,35,"SGP",1.78457763169089,2.91754209663305,0.606
"5280",10,28,36,"SGP",1.67278270635067,2.88458205383928,0.4665
"5281",10,28,37,"SGP",1.95785348656055,3.0034110608843,0.3765
"5282",10,28,38,"SGP",1.73788186182402,2.87353037839985,0.5565
"5283",10,28,1,"SGP50",5.64356051586069,4.19638965682557,0.85
"5284",10,28,2,"SGP50",3.76405667007961,3.4413312303949,0.791
"5285",10,28,3,"SGP50",1.65252553660865,2.80438267820224,0.522
"5286",10,28,4,"SGP50",7.23961324166093,4.28118750765737,0.914
"5287",10,28,5,"SGP50",16.4537012692117,6.17977018084447,0.989
"5288",10,28,6,"SGP50",6.87343175358861,3.93032996927795,0.7185
"5289",10,28,7,"SGP50",5.38248080673718,3.62264026833949,0.683
"5290",10,28,8,"SGP50",8.89390759315296,3.98702374947412,0.8915
"5291",10,28,9,"SGP50",12.9854083387666,4.2930642531718,0.9375
"5292",10,28,10,"SGP50",6.73863491499794,4.48442143626442,0.385
"5293",10,28,11,"SGP50",7.84052317331264,4.30016683867553,0.1935
"5294",10,28,12,"SGP50",3.49733656481698,3.52273585136502,0.422
"5295",10,28,13,"SGP50",3.43040374182391,3.42188360484509,0.623
"5296",10,28,14,"SGP50",6.00637588304266,3.90556465946505,0.26
"5297",10,28,15,"SGP50",3.5326433524219,3.33820069184988,0.2985
"5298",10,28,16,"SGP50",3.83044889550447,3.33179142264102,0.2645
"5299",10,28,17,"SGP50",2.342330507253,3.14524509460369,0.4335
"5300",10,28,18,"SGP50",6.51646174851953,3.9518126782765,0.1505
"5301",10,28,19,"SGP50",3.15540982413117,3.22909450805491,0.3085
"5302",10,28,20,"SGP50",2.35790346609575,3.23900332829033,0.525
"5303",10,28,21,"SGP50",2.89519211668876,3.25921222251384,0.307
"5304",10,28,22,"SGP50",2.22316621182394,3.11796661291584,0.4555
"5305",10,28,23,"SGP50",2.89726094569225,3.11285148437488,0.304
"5306",10,28,24,"SGP50",2.25219481299075,3.19625076399509,0.4815
"5307",10,28,25,"SGP50",2.41354185250726,3.13764442562936,0.3655
"5308",10,28,26,"SGP50",3.73422453228506,3.37171513750263,0.7545
"5309",10,28,27,"SGP50",4.8980422366116,3.4252970827281,0.122
"5310",10,28,28,"SGP50",2.32281480839641,3.02029111762435,0.638
"5311",10,28,29,"SGP50",2.4511991246227,3.02195196806134,0.257
"5312",10,28,30,"SGP50",2.00649280632041,2.85360637035817,0.6345
"5313",10,28,31,"SGP50",4.93536546507331,3.56412070296736,0.102
"5314",10,28,32,"SGP50",2.0161696776931,2.91568547013622,0.5935
"5315",10,28,33,"SGP50",2.38605575944867,2.9395915718318,0.235
"5316",10,28,34,"SGP50",1.46964019545178,2.70218111652005,0.4395
"5317",10,28,35,"SGP50",1.29625175166135,2.45492335375092,0.614
"5318",10,28,36,"SGP50",1.30302186290558,2.56450713772394,0.589
"5319",10,28,37,"SGP50",1.20829344461541,2.42266726916429,0.4765
"5320",10,28,38,"SGP50",1.13123235598145,2.35468041831544,0.5245
"5321",10,29,1,"BMA",6.32596147853602,3.72932307135314,0.0965
"5322",10,29,2,"BMA",8.93296358624458,4.60872200539389,0.928
"5323",10,29,3,"BMA",3.86243490508355,3.64855269116884,0.698
"5324",10,29,4,"BMA",2.49130656634353,3.25885055701876,0.528
"5325",10,29,5,"BMA",4.24882875200475,3.53691471473061,0.7895
"5326",10,29,6,"BMA",2.2386525193851,3.21250445877064,0.563
"5327",10,29,7,"BMA",2.06460654611285,3.09413768820201,0.5245
"5328",10,29,8,"BMA",2.17982128459277,3.12905255907841,0.6215
"5329",10,29,9,"BMA",2.08495137952964,2.94152401814409,0.606
"5330",10,29,10,"BMA",1.67547148954915,2.87551333513139,0.5635
"5331",10,29,11,"BMA",2.065645899789,2.91047160892764,0.6325
"5332",10,29,12,"BMA",6.59326136668423,4.13012298278177,0.0935
"5333",10,29,13,"BMA",2.59909094250013,3.07609655251717,0.6705
"5334",10,29,14,"BMA",9.63542098835827,4.71253851832467,0.973
"5335",10,29,15,"BMA",2.88341975682486,3.23460210264005,0.7015
"5336",10,29,16,"BMA",4.305870376407,3.48962572705865,0.1945
"5337",10,29,17,"BMA",2.33583883658836,3.01456632619666,0.6855
"5338",10,29,18,"BMA",2.16931572338121,2.90644768439208,0.299
"5339",10,29,19,"BMA",9.97990813095955,5.08340570529409,0.0195
"5340",10,29,20,"BMA",5.47837242469238,3.57591743680349,0.1455
"5341",10,29,21,"BMA",1.95611913683012,3.01102916111947,0.3635
"5342",10,29,22,"BMA",1.95383674020252,2.93278535097469,0.6815
"5343",10,29,23,"BMA",1.65655592644681,2.88102547393598,0.5835
"5344",10,29,24,"BMA",5.07964447528339,3.48697777492563,0.0985
"5345",10,29,25,"BMA",1.67854810357585,2.76729244144559,0.3485
"5346",10,29,26,"BMA",1.29410392397938,2.63564813807082,0.4195
"5347",10,29,27,"BMA",1.51543680385114,2.64127510521689,0.3495
"5348",10,29,28,"BMA",1.13180708833572,2.46073528688091,0.5905
"5349",10,29,29,"BMA",1.04547090861046,2.41858298316726,0.5775
"5350",10,29,30,"BMA",0.953993746697179,2.24749877541822,0.451
"5351",10,29,31,"BMA",0.877855595544665,2.22666541204635,0.4375
"5352",10,29,32,"BMA",2.61745515637404,2.96287122183321,0.889
"5353",10,29,33,"BMA",0.919603735457716,2.20801694715876,0.5615
"5354",10,29,34,"BMA",1.42082099860059,2.30469623390646,0.2275
"5355",10,29,35,"BMA",2.0367953511604,2.55835861051619,0.122
"5356",10,29,36,"BMA",2.85077220970271,3.03823873068673,0.0625
"5357",10,29,37,"BMA",1.74376445839677,2.54146406342318,0.1295
"5358",10,29,38,"BMA",4.38241820185125,4.34758073122572,0.0135
"5359",10,29,1,"AVS",6.32596147853602,3.75108656964289,0.095
"5360",10,29,2,"AVS",9.57139723447319,4.68630402822956,0.965
"5361",10,29,3,"AVS",4.57238401420799,3.50229602394895,0.7845
"5362",10,29,4,"AVS",2.507075735429,3.22717490901149,0.5915
"5363",10,29,5,"AVS",4.18988520895946,3.57759552244247,0.7865
"5364",10,29,6,"AVS",2.07983579065455,3.19997150231434,0.5405
"5365",10,29,7,"AVS",2.03468684185729,3.17614121299905,0.476
"5366",10,29,8,"AVS",2.05113162399411,3.01506597514513,0.5915
"5367",10,29,9,"AVS",2.11683726315135,3.02072174658957,0.605
"5368",10,29,10,"AVS",1.83417881473386,2.94086225778106,0.5785
"5369",10,29,11,"AVS",2.27415979840815,3.06325070153104,0.683
"5370",10,29,12,"AVS",5.61976750015954,3.82199966391795,0.1135
"5371",10,29,13,"AVS",2.7267719658246,3.14927467829425,0.676
"5372",10,29,14,"AVS",10.2703493179679,4.77083753884042,0.964
"5373",10,29,15,"AVS",3.35876634086495,3.28962947767063,0.7265
"5374",10,29,16,"AVS",5.7856976333398,3.71056619108827,0.0995
"5375",10,29,17,"AVS",2.52524325171356,3.10651740613105,0.73
"5376",10,29,18,"AVS",1.89406837208653,2.88443610443431,0.3375
"5377",10,29,19,"AVS",10.1927893442529,5.08366770853921,0.0175
"5378",10,29,20,"AVS",6.73083339008666,3.77094691733431,0.0945
"5379",10,29,21,"AVS",1.76910378490543,2.89037220110825,0.387
"5380",10,29,22,"AVS",1.78589556788997,2.80630456721695,0.6325
"5381",10,29,23,"AVS",1.45253714254775,2.73560654475149,0.512
"5382",10,29,24,"AVS",5.9342110944766,3.65566113455946,0.081
"5383",10,29,25,"AVS",1.76901527385867,2.92870958545353,0.3675
"5384",10,29,26,"AVS",1.44105990925036,2.73607350919491,0.444
"5385",10,29,27,"AVS",1.84995989078056,2.82471463588824,0.3175
"5386",10,29,28,"AVS",1.32008195402172,2.69952455092635,0.5915
"5387",10,29,29,"AVS",1.17905519892487,2.59398323409237,0.5285
"5388",10,29,30,"AVS",1.15830905830261,2.41524250825761,0.4285
"5389",10,29,31,"AVS",0.96197579144665,2.24743959588512,0.4445
"5390",10,29,32,"AVS",2.56467110567466,2.94842200796636,0.8595
"5391",10,29,33,"AVS",0.970490140330142,2.31676347188766,0.5195
"5392",10,29,34,"AVS",1.4388451495632,2.35400991903613,0.2225
"5393",10,29,35,"AVS",2.01178629452883,2.57107791112592,0.1355
"5394",10,29,36,"AVS",2.73203356326927,3.03704980371518,0.0855
"5395",10,29,37,"AVS",1.47769693540075,2.44216681476434,0.241
"5396",10,29,38,"AVS",3.49712238325846,3.52625845865507,0.1
"5397",10,29,1,"EQW",6.32596147853602,3.74028957968409,0.088
"5398",10,29,2,"EQW",7.55316941989546,4.44581303718735,0.855
"5399",10,29,3,"EQW",3.40102672208457,3.52446240510744,0.661
"5400",10,29,4,"EQW",2.264305579768,3.19945670888904,0.48
"5401",10,29,5,"EQW",4.39696189332849,3.56204849882322,0.8035
"5402",10,29,6,"EQW",2.23547520195017,3.19928159765182,0.5485
"5403",10,29,7,"EQW",2.25627421343029,3.09669477162061,0.5595
"5404",10,29,8,"EQW",2.74448589423112,3.2516317218524,0.665
"5405",10,29,9,"EQW",2.68905113845625,3.07208436593417,0.6495
"5406",10,29,10,"EQW",2.25299927434056,3.04048393092839,0.5935
"5407",10,29,11,"EQW",2.83563515318139,3.12490589949057,0.6925
"5408",10,29,12,"EQW",4.89527311917007,3.85405773879945,0.2065
"5409",10,29,13,"EQW",3.13069638383937,3.17001799827197,0.744
"5410",10,29,14,"EQW",10.5593560932333,4.67641295939836,0.9715
"5411",10,29,15,"EQW",3.7382213832904,3.32615758133932,0.719
"5412",10,29,16,"EQW",3.34219575482244,3.63163841262205,0.3465
"5413",10,29,17,"EQW",2.88261084239312,3.34746247041117,0.6735
"5414",10,29,18,"EQW",2.60005874459218,3.26486375809482,0.385
"5415",10,29,19,"EQW",7.1039492691197,4.17025914781155,0.1365
"5416",10,29,20,"EQW",3.68272005178069,3.34312222235347,0.234
"5417",10,29,21,"EQW",1.93085806151901,3.00836994684008,0.389
"5418",10,29,22,"EQW",2.23675826956518,2.92285650362246,0.679
"5419",10,29,23,"EQW",2.17248513590545,3.02662650496928,0.67
"5420",10,29,24,"EQW",3.26935905677339,3.20678311141222,0.2255
"5421",10,29,25,"EQW",1.57287955585759,2.78918505635732,0.3675
"5422",10,29,26,"EQW",1.37505524236733,2.68952641344501,0.4825
"5423",10,29,27,"EQW",1.48977236066078,2.70673639449338,0.399
"5424",10,29,28,"EQW",1.48063187801666,2.71395829017954,0.6385
"5425",10,29,29,"EQW",1.35690437474668,2.69499006808848,0.5975
"5426",10,29,30,"EQW",1.28503370460452,2.58173215820281,0.567
"5427",10,29,31,"EQW",1.24464427122111,2.60131203552785,0.567
"5428",10,29,32,"EQW",3.402643750286,3.22897995191591,0.876
"5429",10,29,33,"EQW",1.49219919999447,2.82193692954164,0.5275
"5430",10,29,34,"EQW",1.33179631279313,2.65760797765975,0.4875
"5431",10,29,35,"EQW",1.35785481332893,2.645845867252,0.4055
"5432",10,29,36,"EQW",1.38141971049241,2.67180800330165,0.3835
"5433",10,29,37,"EQW",1.13554936692386,2.55346663684934,0.5025
"5434",10,29,38,"EQW",1.98020818617578,2.6275134025095,0.2215
"5435",10,29,1,"SGP",6.32596147853602,3.69783364530293,0.096
"5436",10,29,2,"SGP",10.5725939641761,5.39121408391689,0.981
"5437",10,29,3,"SGP",4.87826833400484,3.61457820120546,0.8095
"5438",10,29,4,"SGP",1.91445495897096,3.03973423338528,0.511
"5439",10,29,5,"SGP",4.71206489454712,3.5033734875584,0.8535
"5440",10,29,6,"SGP",1.79610720907474,2.93084150294888,0.4955
"5441",10,29,7,"SGP",1.80355050959746,2.91947997857383,0.5595
"5442",10,29,8,"SGP",2.07490292124811,2.90362316702729,0.66
"5443",10,29,9,"SGP",1.80651460464567,2.94418641755631,0.6155
"5444",10,29,10,"SGP",1.44055979474763,2.73016572790648,0.505
"5445",10,29,11,"SGP",1.72661298628136,2.79701782726736,0.6255
"5446",10,29,12,"SGP",7.87788374956394,4.4466810655054,0.037
"5447",10,29,13,"SGP",2.42714285834332,2.91368185175042,0.7375
"5448",10,29,14,"SGP",8.65796453054694,4.25970458100477,0.9765
"5449",10,29,15,"SGP",1.63110026961178,2.79773178781977,0.46
"5450",10,29,16,"SGP",6.59354027563349,4.0786802523745,0.0495
"5451",10,29,17,"SGP",1.8941741041224,3.09213717544794,0.5035
"5452",10,29,18,"SGP",4.21915488204386,3.31645988407596,0.148
"5453",10,29,19,"SGP",9.42441889041988,4.70634074657499,0.022
"5454",10,29,20,"SGP",3.22705532190896,3.12354188881036,0.2285
"5455",10,29,21,"SGP",1.81563740229446,2.8496184692015,0.383
"5456",10,29,22,"SGP",1.78668554801561,2.87126577028027,0.6215
"5457",10,29,23,"SGP",1.49107656244635,2.75067219982102,0.4945
"5458",10,29,24,"SGP",5.86556166235247,3.73823678584937,0.0735
"5459",10,29,25,"SGP",1.83193514766687,2.94927912788282,0.3375
"5460",10,29,26,"SGP",1.56201313021042,2.67393883608563,0.4215
"5461",10,29,27,"SGP",1.96494805327029,2.87236935988781,0.313
"5462",10,29,28,"SGP",1.50332688434454,2.71962158053218,0.5785
"5463",10,29,29,"SGP",1.40583715561699,2.75648596414547,0.4705
"5464",10,29,30,"SGP",1.50908222767112,2.79641652813361,0.4505
"5465",10,29,31,"SGP",1.40143660193556,2.70563103614443,0.485
"5466",10,29,32,"SGP",2.72882539721974,3.06485872234761,0.7945
"5467",10,29,33,"SGP",1.8763265983006,2.84314880179483,0.319
"5468",10,29,34,"SGP",1.55557479121463,2.72526060427587,0.352
"5469",10,29,35,"SGP",1.73564756898385,2.65815822036169,0.2745
"5470",10,29,36,"SGP",2.52440629267044,3.06010814580124,0.0975
"5471",10,29,37,"SGP",1.62702266188486,2.3667435931522,0.162
"5472",10,29,38,"SGP",4.2436846330324,4.3181809764413,0.0285
"5473",10,29,1,"SGP50",6.32596147853602,3.78716069261554,0.089
"5474",10,29,2,"SGP50",7.82057387812288,4.43550234589333,0.872
"5475",10,29,3,"SGP50",3.47815081934541,3.46549527990663,0.682
"5476",10,29,4,"SGP50",2.20583081736514,3.17117815444808,0.5185
"5477",10,29,5,"SGP50",4.4357369838306,3.50280752133294,0.7965
"5478",10,29,6,"SGP50",2.12200938032838,3.09183168216606,0.5355
"5479",10,29,7,"SGP50",2.11737446994121,3.09766260747231,0.561
"5480",10,29,8,"SGP50",2.50407311906175,2.99865888976195,0.675
"5481",10,29,9,"SGP50",2.37660331163309,3.0255982322356,0.6505
"5482",10,29,10,"SGP50",1.92747745150624,2.93331249379936,0.563
"5483",10,29,11,"SGP50",2.39690918930961,3.03691290027967,0.676
"5484",10,29,12,"SGP50",5.71718298944131,3.92967160306516,0.1505
"5485",10,29,13,"SGP50",2.81289292574379,3.0209711682905,0.7205
"5486",10,29,14,"SGP50",9.75759999474641,4.64108736657067,0.9735
"5487",10,29,15,"SGP50",2.67451703863736,3.11889210261526,0.6425
"5488",10,29,16,"SGP50",4.02410116829317,3.60878240183556,0.242
"5489",10,29,17,"SGP50",2.25419067547666,3.15903911963779,0.5955
"5490",10,29,18,"SGP50",2.89751195669706,3.23651955978828,0.29
"5491",10,29,19,"SGP50",8.46078201578182,4.47416309576083,0.062
"5492",10,29,20,"SGP50",3.8626896848135,3.30284107110564,0.208
"5493",10,29,21,"SGP50",1.94082966978931,2.9496812101982,0.3705
"5494",10,29,22,"SGP50",2.04905582036592,2.88110687616408,0.6835
"5495",10,29,23,"SGP50",1.85510761489937,2.94378057121372,0.615
"5496",10,29,24,"SGP50",4.12186263911102,3.21773042988394,0.1645
"5497",10,29,25,"SGP50",1.67007632367736,2.80703932447396,0.3695
"5498",10,29,26,"SGP50",1.41453933954512,2.7421987176358,0.442
"5499",10,29,27,"SGP50",1.61496725012262,2.71234924074076,0.377
"5500",10,29,28,"SGP50",1.40981129626237,2.67170307781019,0.628
"5501",10,29,29,"SGP50",1.27867952794516,2.6180113459378,0.5355
"5502",10,29,30,"SGP50",1.26196785258343,2.57024605227744,0.5405
"5503",10,29,31,"SGP50",1.19950292008002,2.55066998486319,0.513
"5504",10,29,32,"SGP50",3.0134547488037,2.99455304615427,0.844
"5505",10,29,33,"SGP50",1.39338711569625,2.69597305594534,0.463
"5506",10,29,34,"SGP50",1.37114692530089,2.63227205205029,0.404
"5507",10,29,35,"SGP50",1.52196136726526,2.7017254767458,0.3345
"5508",10,29,36,"SGP50",1.58903686319894,2.76269652549889,0.3085
"5509",10,29,37,"SGP50",1.16426321964499,2.52331160068944,0.4555
"5510",10,29,38,"SGP50",2.31734030770401,2.83423727713345,0.215
"5511",10,30,1,"BMA",0.947182392942674,2.30711509077155,0.58
"5512",10,30,2,"BMA",2.16207307018353,2.98154723581013,0.8325
"5513",10,30,3,"BMA",5.57530606473262,4.29109559134736,0.948
"5514",10,30,4,"BMA",2.68760148172648,2.99617254270313,0.211
"5515",10,30,5,"BMA",2.66038377474229,2.8737181877401,0.201
"5516",10,30,6,"BMA",3.64560991185737,3.04908700379356,0.1
"5517",10,30,7,"BMA",1.04448296099274,2.472938900964,0.4785
"5518",10,30,8,"BMA",2.15959674585816,2.7573156198599,0.8035
"5519",10,30,9,"BMA",1.14703724272049,2.38576270367109,0.3675
"5520",10,30,10,"BMA",1.26215243922334,2.37716810402825,0.306
"5521",10,30,11,"BMA",1.02890091726309,2.29347756303414,0.379
"5522",10,30,12,"BMA",4.80231869721443,3.99256860545241,0.965
"5523",10,30,13,"BMA",2.05836863633946,2.78565820976995,0.74
"5524",10,30,14,"BMA",4.14649113943472,3.48390429027477,0.9245
"5525",10,30,15,"BMA",0.976213374673263,2.24190733859671,0.5275
"5526",10,30,16,"BMA",8.8076301974973,6.20595474916986,0.006
"5527",10,30,17,"BMA",1.36950947107073,2.54357221913317,0.3375
"5528",10,30,18,"BMA",2.89072399692357,3.04828435518966,0.121
"5529",10,30,19,"BMA",1.18540785038589,2.48992464347705,0.598
"5530",10,30,20,"BMA",1.61355282885125,2.57616087499802,0.737
"5531",10,30,21,"BMA",6.61138570631864,4.68223558748119,0.0125
"5532",10,30,22,"BMA",1.24842510932733,2.54485896910048,0.3935
"5533",10,30,23,"BMA",1.24645100046974,2.44057322622806,0.652
"5534",10,30,24,"BMA",0.98224053961216,2.32866183710451,0.4205
"5535",10,30,25,"BMA",1.80908186507206,2.57261325490451,0.204
"5536",10,30,26,"BMA",0.908779766483842,2.27718280508113,0.4095
"5537",10,30,27,"BMA",0.797339485521172,2.1347988673779,0.459
"5538",10,30,28,"BMA",1.20281865271873,2.13131285902967,0.267
"5539",10,30,29,"BMA",1.08363500080495,2.13916983344987,0.2405
"5540",10,30,30,"BMA",0.700052862735854,1.74550325775932,0.295
"5541",10,30,31,"BMA",0.508210753919797,1.54092186334589,0.3875
"5542",10,30,32,"BMA",0.7937095857571,1.4028039802987,0.1925
"5543",10,30,33,"BMA",0.50878402681054,1.21960615856917,0.2785
"5544",10,30,34,"BMA",0.395728253345738,1.42482188352303,0.6365
"5545",10,30,35,"BMA",0.444737502087132,1.570511759183,0.711
"5546",10,30,36,"BMA",1.12869970653903,2.33318890702451,0.8825
"5547",10,30,37,"BMA",0.523677027548458,1.64605896255128,0.7595
"5548",10,30,38,"BMA",0.536965028590583,1.66414987031906,0.769
"5549",10,30,1,"AVS",0.947182392942674,2.22032792722348,0.5945
"5550",10,30,2,"AVS",2.21477147607352,3.00418319623343,0.8445
"5551",10,30,3,"AVS",5.54077548451619,4.05786671133256,0.9325
"5552",10,30,4,"AVS",3.10357071388859,3.1108982145253,0.172
"5553",10,30,5,"AVS",3.5894915267643,3.17578718544969,0.149
"5554",10,30,6,"AVS",3.00338901229134,2.9073434211862,0.1245
"5555",10,30,7,"AVS",0.967686108946448,2.37801562711283,0.577
"5556",10,30,8,"AVS",2.40187932624275,2.81545343440966,0.8545
"5557",10,30,9,"AVS",1.24339963108606,2.44053272925505,0.316
"5558",10,30,10,"AVS",1.30704826322419,2.32270257399442,0.2795
"5559",10,30,11,"AVS",0.977647080852768,2.1873592448774,0.3605
"5560",10,30,12,"AVS",4.98757385604691,4.2553101911463,0.982
"5561",10,30,13,"AVS",1.45092138969253,2.50761596355419,0.6775
"5562",10,30,14,"AVS",3.50551987408177,3.28813029507233,0.917
"5563",10,30,15,"AVS",0.894405549847656,2.21588707611496,0.5165
"5564",10,30,16,"AVS",8.9436470471928,5.9948555830793,0.0025
"5565",10,30,17,"AVS",1.1193878646742,2.37409636170629,0.4
"5566",10,30,18,"AVS",2.43278527388584,2.83411322745559,0.159
"5567",10,30,19,"AVS",1.34452451714908,2.53788874677499,0.6705
"5568",10,30,20,"AVS",1.75532201196433,2.63012142620235,0.765
"5569",10,30,21,"AVS",6.75953524021427,4.55503863644337,0.014
"5570",10,30,22,"AVS",0.988443463521316,2.36948280019307,0.4875
"5571",10,30,23,"AVS",1.39643250621651,2.52624082003837,0.704
"5572",10,30,24,"AVS",0.994090158880295,2.32969335862771,0.411
"5573",10,30,25,"AVS",1.80158001989302,2.6225195388648,0.232
"5574",10,30,26,"AVS",0.963509052259451,2.47263043600021,0.501
"5575",10,30,27,"AVS",0.951823511108798,2.33768187892143,0.495
"5576",10,30,28,"AVS",1.33024539191374,2.3885821810761,0.3145
"5577",10,30,29,"AVS",0.98642232549299,2.402244562644,0.406
"5578",10,30,30,"AVS",0.781991931758367,2.23028042480314,0.4905
"5579",10,30,31,"AVS",0.761645122785236,2.31581392220099,0.5015
"5580",10,30,32,"AVS",0.842776400982114,1.89670280816509,0.4055
"5581",10,30,33,"AVS",0.626566394032938,1.78907730593629,0.5155
"5582",10,30,34,"AVS",0.718682493853181,2.28712040320348,0.6035
"5583",10,30,35,"AVS",0.696447163889223,2.21177457716162,0.5065
"5584",10,30,36,"AVS",0.879411302258369,2.26709222868364,0.608
"5585",10,30,37,"AVS",0.904123905706725,2.31192947318031,0.38
"5586",10,30,38,"AVS",0.707378756922378,2.13304769335713,0.492
"5587",10,30,1,"EQW",0.947182392942674,2.20181990502233,0.5815
"5588",10,30,2,"EQW",1.89365705002235,2.90893861699785,0.7505
"5589",10,30,3,"EQW",5.64980443423916,4.0368091169445,0.9195
"5590",10,30,4,"EQW",2.53394006604247,2.97202534459067,0.2155
"5591",10,30,5,"EQW",1.96618395782146,2.66348672070295,0.2595
"5592",10,30,6,"EQW",3.41591515233346,3.08787562671719,0.112
"5593",10,30,7,"EQW",1.23944182706162,2.4848657140012,0.3895
"5594",10,30,8,"EQW",1.92152219030625,2.69889306773071,0.7615
"5595",10,30,9,"EQW",1.01487756426869,2.28436153955841,0.4625
"5596",10,30,10,"EQW",1.02333542116132,2.2920409334305,0.3875
"5597",10,30,11,"EQW",0.987832018521878,2.33096374215833,0.3905
"5598",10,30,12,"EQW",4.77668567126611,3.97888853385358,0.9625
"5599",10,30,13,"EQW",2.49758631178297,2.82092441033182,0.8055
"5600",10,30,14,"EQW",6.00807248646056,4.15006790953513,0.9625
"5601",10,30,15,"EQW",2.68232588042392,2.8942295218371,0.7725
"5602",10,30,16,"EQW",5.55802561998749,3.65900297646473,0.1005
"5603",10,30,17,"EQW",1.49981073515549,2.53673541965926,0.2965
"5604",10,30,18,"EQW",3.13030648237548,3.0815875351552,0.119
"5605",10,30,19,"EQW",1.06668874610789,2.37689799610151,0.4925
"5606",10,30,20,"EQW",1.50713462298805,2.54998648751594,0.707
"5607",10,30,21,"EQW",5.63348661877501,3.82572592422005,0.0345
"5608",10,30,22,"EQW",1.86749895548031,2.65872505007851,0.2315
"5609",10,30,23,"EQW",0.972271038898007,2.35374808309471,0.51
"5610",10,30,24,"EQW",1.07187498548248,2.26090299700848,0.3785
"5611",10,30,25,"EQW",2.03179673024196,2.57938068492449,0.1755
"5612",10,30,26,"EQW",1.05355623063555,2.26326033395993,0.35
"5613",10,30,27,"EQW",0.771021056228357,2.11523835145959,0.423
"5614",10,30,28,"EQW",1.26188950582514,2.19148997810493,0.245
"5615",10,30,29,"EQW",1.12648084611472,2.19642141795014,0.246
"5616",10,30,30,"EQW",0.746494631477328,1.9559479094628,0.3635
"5617",10,30,31,"EQW",0.619134434775215,1.77539228809141,0.3965
"5618",10,30,32,"EQW",0.870354714349653,1.85389898489582,0.259
"5619",10,30,33,"EQW",0.570715078340686,1.512821232592,0.3585
"5620",10,30,34,"EQW",0.499983129524253,1.69971787045661,0.608
"5621",10,30,35,"EQW",0.495569846861827,1.76888382727295,0.571
"5622",10,30,36,"EQW",0.840301394004513,2.23157733827245,0.737
"5623",10,30,37,"EQW",0.531015027348636,1.71215136671543,0.552
"5624",10,30,38,"EQW",0.508751914529556,1.72872236992601,0.5875
"5625",10,30,1,"SGP",0.947182392942674,2.33039519039239,0.6045
"5626",10,30,2,"SGP",2.38251953009497,3.17307481496239,0.8775
"5627",10,30,3,"SGP",7.31575221899468,4.94633522218877,0.9785
"5628",10,30,4,"SGP",2.76625232254269,3.0028352035501,0.1655
"5629",10,30,5,"SGP",1.39770281681614,2.43485187880375,0.3305
"5630",10,30,6,"SGP",2.52191999798684,2.81858168702284,0.151
"5631",10,30,7,"SGP",0.974776230828545,2.38824961238479,0.493
"5632",10,30,8,"SGP",2.12346322683093,2.66166002349872,0.813
"5633",10,30,9,"SGP",1.0236334584765,2.33928722687309,0.39
"5634",10,30,10,"SGP",1.00051517561351,2.29029314365031,0.338
"5635",10,30,11,"SGP",0.977868631910863,2.23836311942929,0.338
"5636",10,30,12,"SGP",4.55893705515823,4.11921105107006,0.977
"5637",10,30,13,"SGP",1.49969185178646,2.41617389392496,0.7795
"5638",10,30,14,"SGP",5.36725644972157,4.02477270228348,0.9665
"5639",10,30,15,"SGP",1.58576695992268,2.56466903385512,0.752
"5640",10,30,16,"SGP",8.79559926530355,6.71796402393969,0.0035
"5641",10,30,17,"SGP",1.20146844173705,2.56599360706059,0.3545
"5642",10,30,18,"SGP",2.87053054923152,2.90614547473177,0.123
"5643",10,30,19,"SGP",1.00837184036144,2.36509383062714,0.559
"5644",10,30,20,"SGP",1.27685001790289,2.42529106475263,0.657
"5645",10,30,21,"SGP",7.10530605443749,4.8756255031633,0.0105
"5646",10,30,22,"SGP",1.86730094432795,2.69574157142447,0.241
"5647",10,30,23,"SGP",0.996896948872079,2.41176933474443,0.4445
"5648",10,30,24,"SGP",1.661757602287,2.59493792234943,0.2715
"5649",10,30,25,"SGP",2.83578508860205,2.92757854889013,0.13
"5650",10,30,26,"SGP",1.23081643916161,2.46114702971176,0.3605
"5651",10,30,27,"SGP",0.937807482323332,2.33340850061857,0.4885
"5652",10,30,28,"SGP",1.32078174653832,2.39328612775884,0.3225
"5653",10,30,29,"SGP",1.00423820009538,2.26532296831767,0.383
"5654",10,30,30,"SGP",0.779806009561045,2.24966173703914,0.4805
"5655",10,30,31,"SGP",0.769648919323017,2.22920387325712,0.4865
"5656",10,30,32,"SGP",0.863761608591727,1.96116479107746,0.3905
"5657",10,30,33,"SGP",0.623731495170444,1.77483788423252,0.481
"5658",10,30,34,"SGP",0.722593603481464,2.14157741671225,0.6275
"5659",10,30,35,"SGP",0.687723669521821,2.10846949515657,0.5145
"5660",10,30,36,"SGP",0.834887544190558,2.32080725883187,0.6215
"5661",10,30,37,"SGP",0.862002547805064,2.17921473402145,0.4075
"5662",10,30,38,"SGP",0.675772143202111,2.06964110306013,0.49
"5663",10,30,1,"SGP50",0.947182392942674,2.25883268443045,0.592
"5664",10,30,2,"SGP50",1.91103014032165,2.98130307782777,0.78
"5665",10,30,3,"SGP50",5.73993119668031,3.99518103439931,0.9255
"5666",10,30,4,"SGP50",2.52997530134202,3.01535117596612,0.2245
"5667",10,30,5,"SGP50",1.91439567419277,2.68820276628012,0.276
"5668",10,30,6,"SGP50",3.32687504909844,3.04244563378702,0.121
"5669",10,30,7,"SGP50",1.2052101172477,2.51356520002777,0.408
"5670",10,30,8,"SGP50",1.92347393139455,2.66353000257332,0.782
"5671",10,30,9,"SGP50",1.01013107828095,2.41285226238952,0.456
"5672",10,30,10,"SGP50",1.03059616444831,2.32923561950852,0.375
"5673",10,30,11,"SGP50",0.99166849690273,2.29916333471686,0.3905
"5674",10,30,12,"SGP50",4.72864144735549,3.90352018585471,0.9595
"5675",10,30,13,"SGP50",2.30940237859759,2.79506419772363,0.787
"5676",10,30,14,"SGP50",5.7906794803829,3.97700868809996,0.952
"5677",10,30,15,"SGP50",2.43810412483156,2.84625306654219,0.7665
"5678",10,30,16,"SGP50",6.02585572943038,3.84455543092748,0.0875
"5679",10,30,17,"SGP50",1.45484123279766,2.56372811143422,0.3285
"5680",10,30,18,"SGP50",3.10357285180262,3.04892772028961,0.123
"5681",10,30,19,"SGP50",1.05611135521841,2.38630043563219,0.5
"5682",10,30,20,"SGP50",1.46851558692215,2.54063301528618,0.698
"5683",10,30,21,"SGP50",5.8902510206978,3.88869219165908,0.0335
"5684",10,30,22,"SGP50",1.82958869684913,2.62810142239674,0.2525
"5685",10,30,23,"SGP50",0.979045339738692,2.39356639293137,0.504
"5686",10,30,24,"SGP50",1.11998685941773,2.34086134521581,0.364
"5687",10,30,25,"SGP50",2.10987155156246,2.52836882789971,0.179
"5688",10,30,26,"SGP50",1.07353934682594,2.31603963533064,0.359
"5689",10,30,27,"SGP50",0.788978027784118,2.02969950325058,0.48
"5690",10,30,28,"SGP50",1.27669280224468,2.24682940602887,0.241
"5691",10,30,29,"SGP50",1.11636190888809,2.21910374839933,0.2475
"5692",10,30,30,"SGP50",0.747213967335789,1.90990659441423,0.3655
"5693",10,30,31,"SGP50",0.631120469009968,1.83575266571183,0.4045
"5694",10,30,32,"SGP50",0.871472437744919,1.80749465145185,0.273
"5695",10,30,33,"SGP50",0.573717625042681,1.59508920446225,0.386
"5696",10,30,34,"SGP50",0.513258038512724,1.67822648459887,0.607
"5697",10,30,35,"SGP50",0.505128182756101,1.72389538929224,0.5585
"5698",10,30,36,"SGP50",0.833661045831305,2.30794939648398,0.7415
"5699",10,30,37,"SGP50",0.541651568787821,1.75456404312217,0.556
"5700",10,30,38,"SGP50",0.511606284081728,1.7140698568392,0.5785
"5701",10,31,1,"BMA",9.60545580613516,4.39137819810692,0.8985
"5702",10,31,2,"BMA",3.86485266432666,3.45811498776683,0.3135
"5703",10,31,3,"BMA",7.28226072810844,4.03883061588342,0.828
"5704",10,31,4,"BMA",4.66247177590044,3.76328481911361,0.6785
"5705",10,31,5,"BMA",3.90997762819502,3.58651086847105,0.588
"5706",10,31,6,"BMA",3.95128684375396,3.74456638601913,0.337
"5707",10,31,7,"BMA",3.49370834245641,3.40150784763563,0.575
"5708",10,31,8,"BMA",17.7303907982414,5.84434218264862,0.9895
"5709",10,31,9,"BMA",6.36382619111412,3.70588716265599,0.751
"5710",10,31,10,"BMA",2.16958109078829,3.12003761002394,0.5375
"5711",10,31,11,"BMA",1.66390315875038,2.81452154295283,0.537
"5712",10,31,12,"BMA",1.73902172835827,2.80614603361852,0.624
"5713",10,31,13,"BMA",2.14438608965438,2.82987702558366,0.2955
"5714",10,31,14,"BMA",3.77683657982758,3.24048452177995,0.1425
"5715",10,31,15,"BMA",5.72233735841814,3.69087562743089,0.08
"5716",10,31,16,"BMA",10.7913472285009,5.33406094944578,0.01
"5717",10,31,17,"BMA",12.4489636504838,5.2408935435929,0.0125
"5718",10,31,18,"BMA",10.2817792949739,4.67302553552863,0.0525
"5719",10,31,19,"BMA",9.12686007357006,4.22913820058714,0.071
"5720",10,31,20,"BMA",3.08423755036565,3.45742039323725,0.6375
"5721",10,31,21,"BMA",3.44841248753297,3.41816392137059,0.719
"5722",10,31,22,"BMA",2.09670353949751,3.15065529738054,0.513
"5723",10,31,23,"BMA",3.64584731316891,3.3050996132667,0.231
"5724",10,31,24,"BMA",2.02408035724051,3.0820475364418,0.521
"5725",10,31,25,"BMA",3.4410197263611,3.25167874463641,0.224
"5726",10,31,26,"BMA",2.49332415177407,3.10053370723658,0.312
"5727",10,31,27,"BMA",2.58269552908172,3.12220244193461,0.291
"5728",10,31,28,"BMA",1.71954550488717,2.89271903085413,0.4625
"5729",10,31,29,"BMA",1.72110558265813,2.88117887650786,0.5935
"5730",10,31,30,"BMA",1.61849500686592,2.84645147915888,0.542
"5731",10,31,31,"BMA",3.29315849543049,3.14117224247209,0.2035
"5732",10,31,32,"BMA",2.03879400551798,2.95775210778557,0.6825
"5733",10,31,33,"BMA",7.3183556118285,4.15536117342457,0.95
"5734",10,31,34,"BMA",2.23451090767439,2.93725969087611,0.3215
"5735",10,31,35,"BMA",1.85520585321124,2.9279398320726,0.6425
"5736",10,31,36,"BMA",1.70029629741656,2.84725239441571,0.3985
"5737",10,31,37,"BMA",2.52577102358741,2.96723852177084,0.7495
"5738",10,31,38,"BMA",3.62304850134227,3.19943064388542,0.843
"5739",10,31,1,"AVS",9.60545580613516,4.36447526631957,0.8975
"5740",10,31,2,"AVS",3.28301738231535,3.37094998736959,0.3565
"5741",10,31,3,"AVS",8.25984326722935,4.22742192759666,0.8675
"5742",10,31,4,"AVS",7.99415985819007,4.07850079364291,0.8545
"5743",10,31,5,"AVS",6.21532241599572,3.93113647674536,0.748
"5744",10,31,6,"AVS",5.1756245486685,3.71057140478849,0.181
"5745",10,31,7,"AVS",2.70955407139292,3.27340034635433,0.484
"5746",10,31,8,"AVS",14.0035160731444,6.31785234413599,0.9955
"5747",10,31,9,"AVS",1.80110411116036,2.9804808346599,0.462
"5748",10,31,10,"AVS",1.57180854011949,2.91398162834346,0.4315
"5749",10,31,11,"AVS",1.51161497113818,2.72846719613431,0.529
"5750",10,31,12,"AVS",1.67345276431302,2.79163173965909,0.6105
"5751",10,31,13,"AVS",2.1570606125759,2.85441657505152,0.2895
"5752",10,31,14,"AVS",3.79471298115217,3.30745614036225,0.139
"5753",10,31,15,"AVS",5.74545697200776,3.69078495080003,0.0825
"5754",10,31,16,"AVS",10.846196803088,5.5494261346519,0.0065
"5755",10,31,17,"AVS",12.835734798207,5.7701100319454,0.008
"5756",10,31,18,"AVS",12.342555625458,5.30812664963073,0.013
"5757",10,31,19,"AVS",5.91128239564471,3.79352240157199,0.102
"5758",10,31,20,"AVS",5.17601900718918,3.50215203665474,0.8675
"5759",10,31,21,"AVS",5.13378010701361,3.60851957990139,0.887
"5760",10,31,22,"AVS",1.90963410488099,2.98183873637044,0.6355
"5761",10,31,23,"AVS",3.04687880737103,3.19047056572773,0.2425
"5762",10,31,24,"AVS",2.00233104044037,2.99325244419587,0.622
"5763",10,31,25,"AVS",2.82452280468834,3.15102848686921,0.25
"5764",10,31,26,"AVS",1.98583604277224,2.92639282857866,0.3685
"5765",10,31,27,"AVS",2.24696681365559,3.02549741891988,0.3315
"5766",10,31,28,"AVS",1.62455744961515,2.78486695446513,0.4485
"5767",10,31,29,"AVS",1.72348905673616,2.91182883187814,0.6045
"5768",10,31,30,"AVS",1.6095804114477,2.88535924823044,0.5705
"5769",10,31,31,"AVS",3.25629981238163,3.24289819486524,0.2105
"5770",10,31,32,"AVS",2.04521163713872,2.85588772283183,0.673
"5771",10,31,33,"AVS",7.33976854153419,4.13198522083833,0.953
"5772",10,31,34,"AVS",2.22517504784403,2.9451646070092,0.3295
"5773",10,31,35,"AVS",1.85998076768342,2.91881931879331,0.66
"5774",10,31,36,"AVS",1.69182513858642,2.81504494451481,0.393
"5775",10,31,37,"AVS",2.53418180352217,2.96496147884778,0.74
"5776",10,31,38,"AVS",3.6356885208916,3.19635308303068,0.8435
"5777",10,31,1,"EQW",9.60545580613516,4.5161432436503,0.907
"5778",10,31,2,"EQW",3.40654269497334,3.34983046387141,0.315
"5779",10,31,3,"EQW",7.56787679471732,4.19308825822648,0.8655
"5780",10,31,4,"EQW",3.49011037671251,3.4272461313611,0.638
"5781",10,31,5,"EQW",3.39033598793152,3.43565535219514,0.605
"5782",10,31,6,"EQW",3.26606397774831,3.61872708100501,0.406
"5783",10,31,7,"EQW",3.32525110888164,3.34766943541384,0.616
"5784",10,31,8,"EQW",19.1847032815005,6.05606405604386,0.994
"5785",10,31,9,"EQW",8.81362527138691,3.9055798159674,0.776
"5786",10,31,10,"EQW",7.71788014273747,3.85012229600881,0.7945
"5787",10,31,11,"EQW",8.01271035299376,3.74003624545473,0.804
"5788",10,31,12,"EQW",9.80637955708378,3.90474597981703,0.85
"5789",10,31,13,"EQW",7.68973974899987,3.84349475119418,0.733
"5790",10,31,14,"EQW",6.7491436938938,3.88886800728795,0.6675
"5791",10,31,15,"EQW",5.85782977150528,3.8820921722096,0.5645
"5792",10,31,16,"EQW",4.99694225939328,3.98655855472041,0.468
"5793",10,31,17,"EQW",5.03144355449524,3.95473725917631,0.3405
"5794",10,31,18,"EQW",5.332532013372,3.99718546635958,0.325
"5795",10,31,19,"EQW",6.28424274880117,4.04209984067965,0.2005
"5796",10,31,20,"EQW",3.43285103000075,3.60729253407543,0.6225
"5797",10,31,21,"EQW",5.39841808764627,3.66343830609643,0.778
"5798",10,31,22,"EQW",4.82151196416991,3.62956589879621,0.708
"5799",10,31,23,"EQW",3.57750299676836,3.61181845498635,0.538
"5800",10,31,24,"EQW",4.51156620488785,3.58565871082144,0.704
"5801",10,31,25,"EQW",3.40552534164395,3.60925577057503,0.527
"5802",10,31,26,"EQW",2.89234862127147,3.45920424492408,0.4945
"5803",10,31,27,"EQW",2.70226011070348,3.37028118372702,0.432
"5804",10,31,28,"EQW",2.41981673384146,3.20565245606109,0.4365
"5805",10,31,29,"EQW",2.13961318816867,3.10549574433036,0.4365
"5806",10,31,30,"EQW",2.15330270084784,3.06926192584178,0.416
"5807",10,31,31,"EQW",5.60013808829216,3.67105054116287,0.1355
"5808",10,31,32,"EQW",4.02726040583329,3.46792107330574,0.2515
"5809",10,31,33,"EQW",2.1936931652737,3.12259886432386,0.546
"5810",10,31,34,"EQW",3.16831383572342,3.19385261410036,0.214
"5811",10,31,35,"EQW",2.16546425335852,2.99184418428024,0.3415
"5812",10,31,36,"EQW",3.78554389041027,3.35049583044488,0.1695
"5813",10,31,37,"EQW",2.25194041738708,3.12349614401927,0.3415
"5814",10,31,38,"EQW",1.64884902882948,2.80827071680365,0.612
"5815",10,31,1,"SGP",9.60545580613516,4.38664853955834,0.911
"5816",10,31,2,"SGP",2.80195225641191,3.28533623705207,0.3755
"5817",10,31,3,"SGP",8.96025443954642,4.77556685933393,0.974
"5818",10,31,4,"SGP",1.72747295159029,2.90471618485906,0.5645
"5819",10,31,5,"SGP",1.53551615101493,2.81390579115059,0.524
"5820",10,31,6,"SGP",5.21288182230196,3.72681161086155,0.084
"5821",10,31,7,"SGP",2.11061463964765,2.97617513711387,0.2965
"5822",10,31,8,"SGP",12.7349019555721,5.68149543744357,0.998
"5823",10,31,9,"SGP",1.83482408343759,3.01027630461397,0.498
"5824",10,31,10,"SGP",1.58766394213142,2.82036188542029,0.4495
"5825",10,31,11,"SGP",1.53254882635203,2.77956233015582,0.52
"5826",10,31,12,"SGP",1.70495933625254,2.84620970562509,0.6215
"5827",10,31,13,"SGP",2.13998700420527,2.87659378676748,0.294
"5828",10,31,14,"SGP",3.74909848305443,3.18592688572075,0.1505
"5829",10,31,15,"SGP",5.68090722941073,3.68993756195478,0.088
"5830",10,31,16,"SGP",10.7398189411752,5.27646428471016,0.0085
"5831",10,31,17,"SGP",12.735216635569,5.69125949682098,0.0065
"5832",10,31,18,"SGP",12.2635800100509,5.33712134882546,0.0265
"5833",10,31,19,"SGP",5.83840157542841,3.62416810051434,0.0955
"5834",10,31,20,"SGP",5.13466363694535,3.52540506738722,0.8555
"5835",10,31,21,"SGP",5.11946069704238,3.55490962188938,0.8765
"5836",10,31,22,"SGP",1.91875795795023,2.98804645293291,0.6095
"5837",10,31,23,"SGP",3.03752755045517,3.13994596464407,0.257
"5838",10,31,24,"SGP",2.00856501087409,2.93961211570153,0.6095
"5839",10,31,25,"SGP",2.82383999256609,3.15787546159668,0.2335
"5840",10,31,26,"SGP",1.99349639491505,2.91018107342221,0.365
"5841",10,31,27,"SGP",2.25482980991186,3.0465777964097,0.3045
"5842",10,31,28,"SGP",1.63127567773853,2.90441976905261,0.4655
"5843",10,31,29,"SGP",1.72287626812273,2.94843685234448,0.6005
"5844",10,31,30,"SGP",1.61164538589367,2.88435478944108,0.5405
"5845",10,31,31,"SGP",3.2750509456919,3.2192373886606,0.216
"5846",10,31,32,"SGP",2.03650030745838,2.84040453304667,0.661
"5847",10,31,33,"SGP",7.27996570240837,3.99766919214346,0.9475
"5848",10,31,34,"SGP",2.23235537793447,2.91093993985734,0.329
"5849",10,31,35,"SGP",1.85439275589685,2.89093000986191,0.647
"5850",10,31,36,"SGP",1.70216057587442,2.86210950878793,0.393
"5851",10,31,37,"SGP",2.51947404427375,2.98338118086059,0.7505
"5852",10,31,38,"SGP",3.61557473398161,3.21770715565566,0.831
"5853",10,31,1,"SGP50",9.60545580613516,4.43128310956885,0.8965
"5854",10,31,2,"SGP50",3.37164901036161,3.35403696630019,0.318
"5855",10,31,3,"SGP50",7.76128221545114,4.17131743963613,0.87
"5856",10,31,4,"SGP50",3.45106204130124,3.38488021453086,0.638
"5857",10,31,5,"SGP50",3.25829704362173,3.36248192943056,0.6185
"5858",10,31,6,"SGP50",3.28053797499597,3.6268373156119,0.3625
"5859",10,31,7,"SGP50",2.98693367073552,3.33667030548205,0.5785
"5860",10,31,8,"SGP50",17.8730834025073,5.75830818230888,0.993
"5861",10,31,9,"SGP50",6.47267758039135,3.65914470863556,0.7435
"5862",10,31,10,"SGP50",4.99483240597281,3.51502431744868,0.6975
"5863",10,31,11,"SGP50",4.64722236699569,3.33565285139756,0.71
"5864",10,31,12,"SGP50",5.14157315036622,3.36599005089716,0.7395
"5865",10,31,13,"SGP50",3.2668644751304,3.32054680313592,0.556
"5866",10,31,14,"SGP50",3.18641373056023,3.40714811268111,0.412
"5867",10,31,15,"SGP50",3.80750097306388,3.67055302804949,0.309
"5868",10,31,16,"SGP50",6.5611472389115,4.19563658028076,0.2035
"5869",10,31,17,"SGP50",8.42648992665368,4.28219030037843,0.152
"5870",10,31,18,"SGP50",8.72919056563531,4.46415428863268,0.1175
"5871",10,31,19,"SGP50",6.78045453801015,3.88565352397581,0.128
"5872",10,31,20,"SGP50",3.60943226386579,3.51540779185692,0.723
"5873",10,31,21,"SGP50",4.45944785331173,3.48540168992556,0.7915
"5874",10,31,22,"SGP50",2.4320201617622,3.15178188041303,0.592
"5875",10,31,23,"SGP50",2.96221952441133,3.30822065413543,0.3335
"5876",10,31,24,"SGP50",2.39611348164553,3.14348405882894,0.628
"5877",10,31,25,"SGP50",2.92098160826946,3.29689642616442,0.324
"5878",10,31,26,"SGP50",2.39249361804165,3.15010082658906,0.3625
"5879",10,31,27,"SGP50",2.6919674490724,3.18175396091656,0.3055
"5880",10,31,28,"SGP50",2.08895872333707,3.03487471259244,0.4
"5881",10,31,29,"SGP50",1.86048892891274,3.02795360069748,0.505
"5882",10,31,30,"SGP50",1.84832127745168,2.93559625504583,0.485
"5883",10,31,31,"SGP50",4.32408641863699,3.47030929622417,0.1715
"5884",10,31,32,"SGP50",2.10119892840354,3.09352346509972,0.4955
"5885",10,31,33,"SGP50",4.67653172807357,3.6109672901178,0.793
"5886",10,31,34,"SGP50",2.63324367023165,3.05629960161613,0.2635
"5887",10,31,35,"SGP50",1.74079201375615,2.93272485496766,0.511
"5888",10,31,36,"SGP50",2.34100946493319,3.05285007919218,0.321
"5889",10,31,37,"SGP50",2.01974635016083,3.01893441236764,0.578
"5890",10,31,38,"SGP50",2.70578127375449,3.06431860578484,0.739
"5891",10,32,1,"BMA",2.54156241203038,3.41280200815136,0.785
"5892",10,32,2,"BMA",1.493037088623,2.47700977735224,0.397
"5893",10,32,3,"BMA",0.94134086925254,2.19975958853697,0.6065
"5894",10,32,4,"BMA",1.31715052442707,2.23344013038912,0.2205
"5895",10,32,5,"BMA",3.26721445810796,3.55545370239853,0.0345
"5896",10,32,6,"BMA",4.56053950015029,3.86755215394874,0.0455
"5897",10,32,7,"BMA",4.23330301947088,3.56204043794513,0.0405
"5898",10,32,8,"BMA",0.938754947519489,2.28470914146363,0.3855
"5899",10,32,9,"BMA",0.926000390872773,2.1734460706239,0.3785
"5900",10,32,10,"BMA",0.881845088233759,2.16364169626445,0.3685
"5901",10,32,11,"BMA",0.790167475833291,2.00674254840219,0.377
"5902",10,32,12,"BMA",2.56414180413578,2.514662078621,0.0715
"5903",10,32,13,"BMA",0.340511225835862,0.392504989695941,0.4935
"5904",10,32,14,"BMA",0.327067658247041,0.461518673107662,0.4805
"5905",10,32,15,"BMA",0.311115746034491,0.260989001461848,0.4825
"5906",10,32,16,"BMA",0.280587051431729,0.174695313179693,0.393
"5907",10,32,17,"BMA",0.0568845904290016,-2.07475030164976,0.1075
"5908",10,32,18,"BMA",0.0188676975965475,-4.45696195817165,0.0055
"5909",10,32,19,"BMA",0.0145143058461028,-5.80620966192382,0
"5910",10,32,20,"BMA",0.00755970319942519,-8.76349137514343,0
"5911",10,32,21,"BMA",0.00214356170252442,-11.0561303136601,0
"5912",10,32,22,"BMA",0.00269266645213894,-13.8869474707847,0
"5913",10,32,23,"BMA",0.000363655806617513,-18.8375390927164,0
"5914",10,32,24,"BMA",0.000398273738080837,-22.1206919112011,0.001
"5915",10,32,25,"BMA",6.33157642809974e-05,-25.9349123492514,0.0015
"5916",10,32,26,"BMA",0.000166050149543476,-31.3459845566369,0.002
"5917",10,32,27,"BMA",0.000736019754051756,-31.1549820496263,0.0065
"5918",10,32,28,"BMA",5.06604111973983e-05,-40.6294529058963,0.006
"5919",10,32,29,"BMA",8.3984240987052e-05,-43.5369194092793,0.01
"5920",10,32,30,"BMA",4.56695304542828e-06,-42.237053836619,0.0135
"5921",10,32,31,"BMA",7.16051791881563e-05,-43.3176169785642,0.018
"5922",10,32,32,"BMA",0.000128772350814953,-38.8848017782308,0.0205
"5923",10,32,33,"BMA",6.26553661140505e-05,-37.941961713663,0.017
"5924",10,32,34,"BMA",0.00184244680827117,-23.6380806898505,0.0105
"5925",10,32,35,"BMA",0.0124278249247016,-15.9562658967202,0.006
"5926",10,32,36,"BMA",0.0084365945271464,-11.6496627907586,0.006
"5927",10,32,37,"BMA",0.0232368003400076,-8.15365247122589,0
"5928",10,32,38,"BMA",0.012477976528985,-6.51998858258645,0.002
"5929",10,32,1,"AVS",2.54156241203038,3.38878453257006,0.7945
"5930",10,32,2,"AVS",1.30935248525424,2.42172442514623,0.4275
"5931",10,32,3,"AVS",0.913993622159798,2.13517144304207,0.629
"5932",10,32,4,"AVS",1.29664181419328,2.29079722626789,0.2125
"5933",10,32,5,"AVS",3.36646282347597,3.58991557330831,0.0315
"5934",10,32,6,"AVS",5.08546656866575,4.17735661908574,0.0235
"5935",10,32,7,"AVS",3.82481386805868,3.39438792651839,0.0455
"5936",10,32,8,"AVS",0.925394414537326,2.24946665713136,0.3905
"5937",10,32,9,"AVS",0.936881100958616,2.12996723661385,0.3895
"5938",10,32,10,"AVS",0.89444338465063,2.17600508598484,0.36
"5939",10,32,11,"AVS",0.808153577685781,2.0272730219321,0.3745
"5940",10,32,12,"AVS",2.56368485839476,2.45698818328377,0.0775
"5941",10,32,13,"AVS",0.337382210545746,0.442722519461621,0.4995
"5942",10,32,14,"AVS",0.330025064417325,0.407169939929544,0.5025
"5943",10,32,15,"AVS",0.326051438171683,0.391338914160191,0.495
"5944",10,32,16,"AVS",0.35844310569578,0.493640658612714,0.4815
"5945",10,32,17,"AVS",0.302832567904279,0.314828897828083,0.4935
"5946",10,32,18,"AVS",0.300200994495767,0.238640520624265,0.507
"5947",10,32,19,"AVS",0.30561317784553,0.320299347581842,0.5155
"5948",10,32,20,"AVS",0.314555221592088,0.308632277353783,0.474
"5949",10,32,21,"AVS",0.26045104445802,0.138886636199645,0.519
"5950",10,32,22,"AVS",0.292370251160045,0.179136495341486,0.491
"5951",10,32,23,"AVS",0.269620216239807,0.15699952336643,0.5185
"5952",10,32,24,"AVS",0.265948937009967,0.186139101194609,0.5135
"5953",10,32,25,"AVS",0.284704471753512,0.334420446608825,0.4695
"5954",10,32,26,"AVS",0.269251453627812,0.217593761128118,0.503
"5955",10,32,27,"AVS",0.278210444439845,0.192330484669836,0.475
"5956",10,32,28,"AVS",0.240128627263612,0.00535654776308445,0.5195
"5957",10,32,29,"AVS",0.234549935751461,0.10314065818987,0.491
"5958",10,32,30,"AVS",0.219563669044338,0.0493248632274477,0.502
"5959",10,32,31,"AVS",0.223946905352592,0.00687064216993736,0.509
"5960",10,32,32,"AVS",0.227379552716738,-0.0643954595365893,0.5005
"5961",10,32,33,"AVS",0.202774564889599,-0.0700637488758876,0.4805
"5962",10,32,34,"AVS",0.196548537776989,-0.0474423621297838,0.491
"5963",10,32,35,"AVS",0.219394869352684,-0.0591758185928467,0.4765
"5964",10,32,36,"AVS",0.209601134344571,-0.178584131047669,0.477
"5965",10,32,37,"AVS",0.209039979246599,-0.150783958363147,0.454
"5966",10,32,38,"AVS",0.200326663566357,-0.14527151037818,0.481
"5967",10,32,1,"EQW",2.54156241203038,3.40882225932475,0.796
"5968",10,32,2,"EQW",1.52359078374444,2.42551709008387,0.3535
"5969",10,32,3,"EQW",1.17974640021025,2.41174219091054,0.526
"5970",10,32,4,"EQW",2.08303987826414,2.57466036879217,0.1825
"5971",10,32,5,"EQW",3.27020996785376,3.06718149441387,0.1
"5972",10,32,6,"EQW",4.11759029753551,3.49197557358195,0.0855
"5973",10,32,7,"EQW",5.84116634368907,3.68191363238643,0.053
"5974",10,32,8,"EQW",1.12704391641575,2.22950012089665,0.317
"5975",10,32,9,"EQW",0.802496025077531,2.00740835385456,0.396
"5976",10,32,10,"EQW",0.761457668021065,2.02350299222009,0.37
"5977",10,32,11,"EQW",0.693449411032273,1.87192849673051,0.3925
"5978",10,32,12,"EQW",2.63475869597245,2.80120008683455,0.049
"5979",10,32,13,"EQW",0.448250681647432,0.699251314399822,0.232
"5980",10,32,14,"EQW",0.269063083320041,0.174847197899674,0.24
"5981",10,32,15,"EQW",0.199982198927862,-0.181318940391285,0.245
"5982",10,32,16,"EQW",0.167770226989407,-0.336412948700617,0.255
"5983",10,32,17,"EQW",0.15578494532316,-0.455775700374181,0.2515
"5984",10,32,18,"EQW",0.121520541475522,-0.82524246587602,0.2565
"5985",10,32,19,"EQW",0.1197975415307,-1.01294261626127,0.256
"5986",10,32,20,"EQW",0.113488875541636,-0.778565570460535,0.247
"5987",10,32,21,"EQW",0.106191611725935,-1.24901236106021,0.262
"5988",10,32,22,"EQW",0.10558978747118,-1.07727179796598,0.253
"5989",10,32,23,"EQW",0.10352718997931,-1.30456612839036,0.248
"5990",10,32,24,"EQW",0.0752157905935901,-1.98664333769747,0.2915
"5991",10,32,25,"EQW",0.0768060805565296,-1.45808581566384,0.2825
"5992",10,32,26,"EQW",0.072019316758382,-1.80119538787889,0.286
"5993",10,32,27,"EQW",0.0717103093250219,-1.64156456182249,0.2855
"5994",10,32,28,"EQW",0.0731119912873374,-1.21851965285644,0.267
"5995",10,32,29,"EQW",0.0660716892560642,-1.6868767631926,0.287
"5996",10,32,30,"EQW",0.062440130538485,-1.91887332774629,0.2725
"5997",10,32,31,"EQW",0.0677593559223184,-1.88126367325646,0.2635
"5998",10,32,32,"EQW",0.0661721203397133,-1.34061608904209,0.269
"5999",10,32,33,"EQW",0.0650652635918429,-1.51466586390228,0.28
"6000",10,32,34,"EQW",0.0676731988999167,-1.6536482511661,0.2855
"6001",10,32,35,"EQW",0.0723694754712425,-2.01092483460717,0.291
"6002",10,32,36,"EQW",0.0754853096360175,-1.8904507932534,0.278
"6003",10,32,37,"EQW",0.0766065122976737,-1.48293528828071,0.2775
"6004",10,32,38,"EQW",0.0753247915462456,-1.59621041907316,0.292
"6005",10,32,1,"SGP",2.54156241203038,3.37842522291272,0.783
"6006",10,32,2,"SGP",0.859717991782836,2.14164672799358,0.4475
"6007",10,32,3,"SGP",0.884806729002543,2.03940804515427,0.697
"6008",10,32,4,"SGP",1.15684189638488,2.15633659934015,0.207
"6009",10,32,5,"SGP",3.2456412593905,3.54511592628563,0.03
"6010",10,32,6,"SGP",5.26270621942032,4.55781308755051,0.018
"6011",10,32,7,"SGP",8.86211523048716,5.89043989500307,0.006
"6012",10,32,8,"SGP",0.909591203845821,2.17395929089208,0.3885
"6013",10,32,9,"SGP",0.889758202064401,2.13483298054672,0.3905
"6014",10,32,10,"SGP",0.852634874858626,2.12158222281293,0.3675
"6015",10,32,11,"SGP",0.812768664787037,2.06352406848931,0.3815
"6016",10,32,12,"SGP",2.62710310350074,2.4564586991882,0.0845
"6017",10,32,13,"SGP",0.372927911345777,0.47000003156248,0.4595
"6018",10,32,14,"SGP",0.346609694821585,0.352392350652214,0.47
"6019",10,32,15,"SGP",0.309365560092445,0.26552570008241,0.468
"6020",10,32,16,"SGP",0.305037729141646,0.35738403484569,0.4655
"6021",10,32,17,"SGP",0.313947587623167,0.193716522498872,0.467
"6022",10,32,18,"SGP",0.248390114386996,0.127879638542143,0.477
"6023",10,32,19,"SGP",0.261620004266078,0.141587450473511,0.448
"6024",10,32,20,"SGP",0.260680912640437,0.129478284737426,0.4645
"6025",10,32,21,"SGP",0.253089164277975,0.117341695218565,0.422
"6026",10,32,22,"SGP",0.237617223685729,0.079427170109545,0.419
"6027",10,32,23,"SGP",0.227217322079533,-0.143124088265922,0.411
"6028",10,32,24,"SGP",0.134800375883039,-0.70403552109465,0.443
"6029",10,32,25,"SGP",0.120944046432979,-0.735908584310204,0.395
"6030",10,32,26,"SGP",0.0987081364762024,-0.943122997154468,0.347
"6031",10,32,27,"SGP",0.0855601844601455,-1.26598329480392,0.2955
"6032",10,32,28,"SGP",0.0814312489506928,-1.52323128585953,0.2575
"6033",10,32,29,"SGP",0.0688297283094333,-1.57951367448323,0.2195
"6034",10,32,30,"SGP",0.0561491608759919,-1.80657619211591,0.2065
"6035",10,32,31,"SGP",0.0519888449898148,-1.95564384978308,0.1595
"6036",10,32,32,"SGP",0.0510454672156412,-1.85106497207792,0.131
"6037",10,32,33,"SGP",0.0485508144624946,-1.6618250228557,0.1025
"6038",10,32,34,"SGP",0.0456600740262106,-2.30307553303195,0.1035
"6039",10,32,35,"SGP",0.0417739920411891,-2.22520276651027,0.0935
"6040",10,32,36,"SGP",0.0476046237787387,-1.88174922102577,0.0685
"6041",10,32,37,"SGP",0.0402476216396758,-2.08606398338639,0.0755
"6042",10,32,38,"SGP",0.040479877243438,-2.14415705421998,0.0775
"6043",10,32,1,"SGP50",2.54156241203038,3.46637715703842,0.797
"6044",10,32,2,"SGP50",1.4608352238901,2.45246929947406,0.351
"6045",10,32,3,"SGP50",1.10383248418128,2.38436349987106,0.565
"6046",10,32,4,"SGP50",1.89517933958406,2.47265653302434,0.1885
"6047",10,32,5,"SGP50",3.127421831567,3.12728452509002,0.0975
"6048",10,32,6,"SGP50",4.09083920682367,3.41190510331796,0.085
"6049",10,32,7,"SGP50",6.13616121263793,3.86465792829897,0.0445
"6050",10,32,8,"SGP50",1.10630192597078,2.24768645666492,0.34
"6051",10,32,9,"SGP50",0.829149155647429,2.07493628732172,0.3855
"6052",10,32,10,"SGP50",0.796035907428209,2.03944946148446,0.382
"6053",10,32,11,"SGP50",0.737833016219904,1.98952281332153,0.377
"6054",10,32,12,"SGP50",2.7308861768046,2.81192476447803,0.0465
"6055",10,32,13,"SGP50",0.438316078933815,0.60421106630428,0.2925
"6056",10,32,14,"SGP50",0.27986747442895,0.197267254180681,0.281
"6057",10,32,15,"SGP50",0.215968624400266,-0.0750404049794472,0.2845
"6058",10,32,16,"SGP50",0.18691365280498,-0.252240590264822,0.257
"6059",10,32,17,"SGP50",0.176960591588696,-0.395658961128519,0.285
"6060",10,32,18,"SGP50",0.138225668627942,-0.795105425379426,0.2835
"6061",10,32,19,"SGP50",0.137833927665421,-0.850165641123297,0.2715
"6062",10,32,20,"SGP50",0.13184884351613,-0.54848485267598,0.279
"6063",10,32,21,"SGP50",0.123364790027343,-0.62278794551299,0.2605
"6064",10,32,22,"SGP50",0.121896780049985,-0.612489450271591,0.262
"6065",10,32,23,"SGP50",0.119209151409317,-0.818356488766385,0.2685
"6066",10,32,24,"SGP50",0.0858055971310123,-1.40508172153963,0.2925
"6067",10,32,25,"SGP50",0.0872361917516449,-1.56053169398519,0.3005
"6068",10,32,26,"SGP50",0.080892161089441,-1.5178921592596,0.3155
"6069",10,32,27,"SGP50",0.0804252863403684,-1.34126791126375,0.2765
"6070",10,32,28,"SGP50",0.0817552676494018,-1.39148208959335,0.28
"6071",10,32,29,"SGP50",0.0734441659458622,-1.53334303494236,0.287
"6072",10,32,30,"SGP50",0.0686320156958592,-1.37825677872045,0.274
"6073",10,32,31,"SGP50",0.0740447677243389,-1.39447910508448,0.2795
"6074",10,32,32,"SGP50",0.0720052310089584,-1.93774584108692,0.2995
"6075",10,32,33,"SGP50",0.0704525215184624,-1.41026823029453,0.2785
"6076",10,32,34,"SGP50",0.0722891262489155,-1.47139178373169,0.281
"6077",10,32,35,"SGP50",0.0757818637348175,-1.94932922994658,0.2775
"6078",10,32,36,"SGP50",0.078655791879623,-1.47123354662112,0.2865
"6079",10,32,37,"SGP50",0.0788210189676218,-1.38270013017379,0.283
"6080",10,32,38,"SGP50",0.0772437604511232,-1.39379168384475,0.2935
"6081",10,33,1,"BMA",10.1436909408458,4.35952731152619,0.8575
"6082",10,33,2,"BMA",4.6338972903987,3.69038634426125,0.6905
"6083",10,33,3,"BMA",14.7846149153505,4.8171163136933,0.921
"6084",10,33,4,"BMA",5.41147669894579,4.08957534417072,0.5955
"6085",10,33,5,"BMA",10.2675185117176,4.24994204299815,0.7795
"6086",10,33,6,"BMA",5.98056890251747,3.98601325728569,0.669
"6087",10,33,7,"BMA",9.84341505856563,4.19619147604506,0.846
"6088",10,33,8,"BMA",3.91419191228131,3.7187221589679,0.4885
"6089",10,33,9,"BMA",7.88960436029888,4.20514975736911,0.213
"6090",10,33,10,"BMA",11.8146394237735,4.30312902570783,0.825
"6091",10,33,11,"BMA",8.30613293807343,3.98817495567892,0.6995
"6092",10,33,12,"BMA",10.5261794424566,4.13078985273272,0.8665
"6093",10,33,13,"BMA",10.5117495768618,4.29280632736411,0.8905
"6094",10,33,14,"BMA",3.04855875552371,3.48099833814556,0.446
"6095",10,33,15,"BMA",11.7238417449547,4.62446766730863,0.0815
"6096",10,33,16,"BMA",12.1628014993757,4.45205452809413,0.097
"6097",10,33,17,"BMA",4.35918138143462,3.71393071358415,0.656
"6098",10,33,18,"BMA",3.12532669057417,3.56279169731452,0.4965
"6099",10,33,19,"BMA",6.0685156981675,3.85294669260572,0.817
"6100",10,33,20,"BMA",3.52113946683237,3.39354448232457,0.2905
"6101",10,33,21,"BMA",2.31325818247709,3.18950119301235,0.3895
"6102",10,33,22,"BMA",5.02451948739577,3.53319484254256,0.1385
"6103",10,33,23,"BMA",1.78159802471197,2.87084385343564,0.4205
"6104",10,33,24,"BMA",1.69783458846581,2.82927424719842,0.4225
"6105",10,33,25,"BMA",1.51275412875203,2.66622563553922,0.422
"6106",10,33,26,"BMA",2.07864120751811,2.90896373403652,0.7275
"6107",10,33,27,"BMA",1.72622286167708,2.69106266939636,0.7015
"6108",10,33,28,"BMA",1.06544528651698,2.44014517643224,0.529
"6109",10,33,29,"BMA",4.44916440674963,3.58217040851353,0.0505
"6110",10,33,30,"BMA",2.86859384128293,3.0344560756312,0.1005
"6111",10,33,31,"BMA",2.18259354141949,2.66903594846844,0.1335
"6112",10,33,32,"BMA",2.38850303667893,2.73132400143286,0.0975
"6113",10,33,33,"BMA",3.92511503493322,3.9255687604932,0.0105
"6114",10,33,34,"BMA",2.05825079974409,2.60438836660867,0.1005
"6115",10,33,35,"BMA",0.665150905537707,1.817143147514,0.353
"6116",10,33,36,"BMA",0.587792391650054,1.74388779600648,0.622
"6117",10,33,37,"BMA",0.616773932531981,1.72089625587358,0.6805
"6118",10,33,38,"BMA",0.557649968403353,1.66289722397051,0.6695
"6119",10,33,1,"AVS",10.1436909408458,4.3679453809076,0.8595
"6120",10,33,2,"AVS",3.61539818664997,3.70223953270748,0.589
"6121",10,33,3,"AVS",14.5355379945724,4.761252313315,0.9065
"6122",10,33,4,"AVS",8.50062043627732,4.19534195300023,0.7765
"6123",10,33,5,"AVS",12.3031150679284,4.43627699780398,0.8305
"6124",10,33,6,"AVS",3.83363769664378,3.71751775654996,0.531
"6125",10,33,7,"AVS",8.87392998298546,4.15950443475516,0.825
"6126",10,33,8,"AVS",3.89818380218188,3.70079040225799,0.5165
"6127",10,33,9,"AVS",7.49553838916252,4.1345467377649,0.224
"6128",10,33,10,"AVS",11.9052536399939,4.29372712440967,0.821
"6129",10,33,11,"AVS",8.63308876225133,3.98097004470933,0.7005
"6130",10,33,12,"AVS",10.9757460625879,4.11719241684723,0.8755
"6131",10,33,13,"AVS",11.3397007628073,4.22672820405092,0.897
"6132",10,33,14,"AVS",2.68189179889119,3.36349639503485,0.512
"6133",10,33,15,"AVS",11.626961610484,4.42160246995078,0.0805
"6134",10,33,16,"AVS",12.2880895973583,4.45449023716472,0.1085
"6135",10,33,17,"AVS",4.49475557605803,3.72017312832778,0.6755
"6136",10,33,18,"AVS",3.0178612314843,3.47219310936165,0.5645
"6137",10,33,19,"AVS",6.39049639888039,3.8053295257991,0.831
"6138",10,33,20,"AVS",3.19778161550764,3.22302506489358,0.3175
"6139",10,33,21,"AVS",2.28326520000007,3.15280284332492,0.406
"6140",10,33,22,"AVS",4.99834219999986,3.51951939166026,0.16
"6141",10,33,23,"AVS",1.77424440000003,2.92837107962528,0.431
"6142",10,33,24,"AVS",1.69184784000002,2.79447980801542,0.4115
"6143",10,33,25,"AVS",1.50777432000002,2.70965357100709,0.385
"6144",10,33,26,"AVS",2.08118564000003,2.95309539834172,0.7285
"6145",10,33,27,"AVS",1.7293276,2.6043171764065,0.6925
"6146",10,33,28,"AVS",1.06451772,2.42823480423335,0.5235
"6147",10,33,29,"AVS",4.44456228,3.47584969332806,0.0595
"6148",10,33,30,"AVS",2.8678098,3.07093055564602,0.094
"6149",10,33,31,"AVS",2.18244732,2.64160156166086,0.134
"6150",10,33,32,"AVS",2.38859371999999,2.79740966552505,0.1085
"6151",10,33,33,"AVS",3.92530979999994,3.77356086813609,0.013
"6152",10,33,34,"AVS",2.05850569999963,2.74070841193421,0.087
"6153",10,33,35,"AVS",0.665136904000032,1.75681016106096,0.365
"6154",10,33,36,"AVS",0.587780104000035,1.7366812411471,0.6365
"6155",10,33,37,"AVS",0.616772236000007,1.67131063938016,0.694
"6156",10,33,38,"AVS",0.557649388000004,1.69541413365432,0.662
"6157",10,33,1,"EQW",10.1436909408458,4.28575103129482,0.8375
"6158",10,33,2,"EQW",5.11548823205314,3.82584131118425,0.733
"6159",10,33,3,"EQW",12.8702820556871,4.74758345324004,0.928
"6160",10,33,4,"EQW",3.94742883102491,3.73991963276909,0.549
"6161",10,33,5,"EQW",9.95905795580745,4.29254964216807,0.845
"6162",10,33,6,"EQW",8.16362293628041,3.99168647488903,0.7815
"6163",10,33,7,"EQW",14.5339391022314,4.54558130124512,0.92
"6164",10,33,8,"EQW",6.16395216794966,4.06259263927627,0.576
"6165",10,33,9,"EQW",6.5558705424856,4.2851859657303,0.372
"6166",10,33,10,"EQW",9.80676038281668,4.07245682589641,0.827
"6167",10,33,11,"EQW",5.19072213504413,4.05559868350462,0.513
"6168",10,33,12,"EQW",5.83568428521947,3.85931283173177,0.6625
"6169",10,33,13,"EQW",6.89702353438036,3.96389642829602,0.704
"6170",10,33,14,"EQW",5.5743190331449,4.09995736117241,0.396
"6171",10,33,15,"EQW",10.3430789806156,4.35091787109756,0.182
"6172",10,33,16,"EQW",6.34158723656097,3.91019552235466,0.2465
"6173",10,33,17,"EQW",4.7076589569924,3.83783767408443,0.705
"6174",10,33,18,"EQW",3.58602896155565,3.65240727989541,0.439
"6175",10,33,19,"EQW",4.78829587085808,3.72846443835043,0.7275
"6176",10,33,20,"EQW",5.51256686648939,3.69027885179271,0.2625
"6177",10,33,21,"EQW",2.78630448812789,3.29311491025422,0.434
"6178",10,33,22,"EQW",5.68927231454123,3.65755527675825,0.1675
"6179",10,33,23,"EQW",2.58477911963585,3.20738968610041,0.4505
"6180",10,33,24,"EQW",2.83721137680634,3.22194145616837,0.3445
"6181",10,33,25,"EQW",2.84478108745641,3.25090251070833,0.3475
"6182",10,33,26,"EQW",2.23587775632163,3.14523653175763,0.5575
"6183",10,33,27,"EQW",2.06079158447179,3.01822857936839,0.452
"6184",10,33,28,"EQW",2.21791645303428,2.98883642758731,0.3545
"6185",10,33,29,"EQW",6.29733002380799,4.01571976498746,0.086
"6186",10,33,30,"EQW",3.23090178830332,3.31840085861831,0.2515
"6187",10,33,31,"EQW",2.96041791644172,3.22509760388721,0.2555
"6188",10,33,32,"EQW",2.94156867470196,3.33255308708346,0.241
"6189",10,33,33,"EQW",3.68995860753481,3.5300192164057,0.2245
"6190",10,33,34,"EQW",2.40734600028483,3.15824863717233,0.296
"6191",10,33,35,"EQW",1.66997234488926,2.75459021308286,0.386
"6192",10,33,36,"EQW",1.40983027627495,2.62221490539051,0.4545
"6193",10,33,37,"EQW",1.33555482796182,2.59252959908445,0.4675
"6194",10,33,38,"EQW",1.28779452174309,2.4432692151702,0.463
"6195",10,33,1,"SGP",10.1436909408458,4.19158677695954,0.847
"6196",10,33,2,"SGP",5.79416986759391,3.75595735747975,0.804
"6197",10,33,3,"SGP",18.6165043064964,5.82581394366516,0.9785
"6198",10,33,4,"SGP",3.75962796629937,3.59447512867696,0.628
"6199",10,33,5,"SGP",8.29784102972519,4.08785306625322,0.918
"6200",10,33,6,"SGP",4.17967159098845,3.46555032501982,0.794
"6201",10,33,7,"SGP",7.24645103455291,3.84478362194124,0.8785
"6202",10,33,8,"SGP",6.72383436484744,3.8541324690047,0.1255
"6203",10,33,9,"SGP",19.4989765664361,6.67559884083311,0.01
"6204",10,33,10,"SGP",3.48491575493001,3.37023268939749,0.6995
"6205",10,33,11,"SGP",9.77286058294408,4.17396257638091,0.07
"6206",10,33,12,"SGP",4.08265704940747,3.43797886611352,0.262
"6207",10,33,13,"SGP",3.70949867271563,3.39951338243413,0.2875
"6208",10,33,14,"SGP",18.1412783892663,5.84694275910867,0.016
"6209",10,33,15,"SGP",23.8472407656873,6.7943975109642,0.004
"6210",10,33,16,"SGP",3.66924236045356,3.55472398173966,0.3635
"6211",10,33,17,"SGP",8.0467911322708,4.07919418019132,0.8725
"6212",10,33,18,"SGP",4.05757543209681,3.50259669320198,0.2905
"6213",10,33,19,"SGP",4.09959786354852,3.47472436620447,0.7545
"6214",10,33,20,"SGP",9.07029127391922,4.05617579746213,0.1105
"6215",10,33,21,"SGP",2.92287466568932,3.37682789466475,0.594
"6216",10,33,22,"SGP",3.50388738790348,3.50255443231296,0.31
"6217",10,33,23,"SGP",4.68917341778747,3.7079959326953,0.7855
"6218",10,33,24,"SGP",2.50407572444415,3.27404700338128,0.555
"6219",10,33,25,"SGP",2.56038640327312,3.30359974102845,0.559
"6220",10,33,26,"SGP",3.94286576634881,3.44395907835787,0.734
"6221",10,33,27,"SGP",2.36176344136858,3.2661301067623,0.5395
"6222",10,33,28,"SGP",2.40635945502128,3.23834548430859,0.5225
"6223",10,33,29,"SGP",7.01389635438538,3.80153425032049,0.1095
"6224",10,33,30,"SGP",1.99353795828308,3.07743384132156,0.4785
"6225",10,33,31,"SGP",2.10072583897057,3.1186983807415,0.474
"6226",10,33,32,"SGP",2.31388204032295,3.15456414351819,0.585
"6227",10,33,33,"SGP",2.10910517374089,3.14618131450348,0.514
"6228",10,33,34,"SGP",2.45237262284989,3.17574422921124,0.677
"6229",10,33,35,"SGP",2.25628364013865,3.13175468478741,0.604
"6230",10,33,36,"SGP",2.10805314352031,3.19748870811807,0.5805
"6231",10,33,37,"SGP",1.93207368520317,3.093525515541,0.4965
"6232",10,33,38,"SGP",2.0654965962253,3.09047433063946,0.411
"6233",10,33,1,"SGP50",10.1436909408458,4.26759684356268,0.852
"6234",10,33,2,"SGP50",5.11446077743788,3.82754162788174,0.737
"6235",10,33,3,"SGP50",13.0985710169972,4.85274413547836,0.9205
"6236",10,33,4,"SGP50",3.92834698535587,3.65036073243837,0.571
"6237",10,33,5,"SGP50",10.0620473256454,4.27716812738582,0.8675
"6238",10,33,6,"SGP50",7.72579433555794,3.91172794358708,0.7865
"6239",10,33,7,"SGP50",13.1751075222294,4.47068907480036,0.9185
"6240",10,33,8,"SGP50",5.08067938757187,4.08288102195469,0.5035
"6241",10,33,9,"SGP50",8.32760803532491,4.32804529717458,0.277
"6242",10,33,10,"SGP50",7.88638943807407,3.9213113302816,0.824
"6243",10,33,11,"SGP50",5.20051754204959,4.06455596288007,0.3905
"6244",10,33,12,"SGP50",4.07479268151249,3.7650142599601,0.53
"6245",10,33,13,"SGP50",4.2093511676888,3.74338019551761,0.549
"6246",10,33,14,"SGP50",9.16676052524402,4.40768953069907,0.2285
"6247",10,33,15,"SGP50",15.3412888786013,4.86505008884994,0.0985
"6248",10,33,16,"SGP50",5.84657401158683,3.79229509955714,0.268
"6249",10,33,17,"SGP50",5.29028082973218,3.8083141276663,0.727
"6250",10,33,18,"SGP50",4.08818099804664,3.59449867320647,0.368
"6251",10,33,19,"SGP50",4.14920528988948,3.6392054914914,0.67
"6252",10,33,20,"SGP50",7.56468135898709,3.91582618226778,0.1735
"6253",10,33,21,"SGP50",2.86005334616181,3.34411706001382,0.475
"6254",10,33,22,"SGP50",5.0331755697056,3.59973572908037,0.226
"6255",10,33,23,"SGP50",2.92153415903368,3.37509928566944,0.558
"6256",10,33,24,"SGP50",2.59914725881348,3.24820737799586,0.4115
"6257",10,33,25,"SGP50",2.53939482238036,3.27394392753284,0.415
"6258",10,33,26,"SGP50",2.6576686164855,3.28776678539249,0.622
"6259",10,33,27,"SGP50",2.11892713887345,3.09579820565904,0.494
"6260",10,33,28,"SGP50",2.12628788986288,3.01697153228754,0.418
"6261",10,33,29,"SGP50",6.2701318840574,3.81421894549907,0.0975
"6262",10,33,30,"SGP50",2.68084122037674,3.23776506740153,0.2915
"6263",10,33,31,"SGP50",2.48186251298259,3.13738372633309,0.2935
"6264",10,33,32,"SGP50",2.42999173740904,3.16225142804083,0.341
"6265",10,33,33,"SGP50",3.06801173028222,3.43981770044752,0.2615
"6266",10,33,34,"SGP50",2.05745658221175,3.03417322672173,0.348
"6267",10,33,35,"SGP50",1.44252268957129,2.60200787099041,0.4495
"6268",10,33,36,"SGP50",1.24489854811079,2.51780074545739,0.506
"6269",10,33,37,"SGP50",1.15251650198314,2.37164498267219,0.5145
"6270",10,33,38,"SGP50",1.09166396866284,2.26509376233413,0.4795
"6271",10,34,1,"BMA",2.97269768772881,2.95468719616678,0.2385
"6272",10,34,2,"BMA",2.43266880250397,2.9630104237519,0.784
"6273",10,34,3,"BMA",3.7258151218153,3.42001374439479,0.8735
"6274",10,34,4,"BMA",7.62504746312228,4.43779863636951,0.9575
"6275",10,34,5,"BMA",4.86860396496811,3.67849769895328,0.1625
"6276",10,34,6,"BMA",2.79431902388568,3.13030571670145,0.746
"6277",10,34,7,"BMA",2.242915906987,3.00167536061913,0.28
"6278",10,34,8,"BMA",3.03846905685909,3.1235139953977,0.799
"6279",10,34,9,"BMA",2.72672021837328,3.03554212566186,0.7685
"6280",10,34,10,"BMA",1.6976082504249,2.84709687613183,0.631
"6281",10,34,11,"BMA",6.12345311782738,3.90096844725064,0.9445
"6282",10,34,12,"BMA",3.53053384552476,3.17274553319499,0.8135
"6283",10,34,13,"BMA",3.83659255154043,3.48735835091226,0.145
"6284",10,34,14,"BMA",2.00895639824982,2.7930188713461,0.704
"6285",10,34,15,"BMA",1.77673338718385,2.77229354963152,0.6715
"6286",10,34,16,"BMA",7.43791377094776,4.40090283289759,0.972
"6287",10,34,17,"BMA",2.65693077709382,2.996345922001,0.777
"6288",10,34,18,"BMA",2.47144817647386,2.82950482173801,0.245
"6289",10,34,19,"BMA",3.63126587247849,3.23264187471567,0.8585
"6290",10,34,20,"BMA",1.76419656287654,2.78250537496738,0.315
"6291",10,34,21,"BMA",1.3046869560714,2.61605630310352,0.501
"6292",10,34,22,"BMA",2.4141881213621,2.90630841839369,0.2205
"6293",10,34,23,"BMA",5.47228634648486,3.6131902256771,0.0645
"6294",10,34,24,"BMA",2.49717684303701,3.00747892932976,0.217
"6295",10,34,25,"BMA",7.399188746551,4.3139307850616,0.0325
"6296",10,34,26,"BMA",1.29789552587118,2.70888808767414,0.4715
"6297",10,34,27,"BMA",1.31399329058198,2.71743302753135,0.4265
"6298",10,34,28,"BMA",1.38144010319629,2.64581637558191,0.572
"6299",10,34,29,"BMA",1.30175024618873,2.62614977070704,0.565
"6300",10,34,30,"BMA",1.31932264138596,2.62901890126557,0.4295
"6301",10,34,31,"BMA",2.91993504388336,2.98936657025758,0.829
"6302",10,34,32,"BMA",9.27403342038907,5.43991087669735,0.009
"6303",10,34,33,"BMA",1.5434414223729,2.75443549837315,0.37
"6304",10,34,34,"BMA",1.70791933033177,2.73915283121136,0.66
"6305",10,34,35,"BMA",6.23119008365969,4.08629714811375,0.0365
"6306",10,34,36,"BMA",1.31353411721027,2.62602055776237,0.417
"6307",10,34,37,"BMA",1.26634826662235,2.60567477896935,0.536
"6308",10,34,38,"BMA",1.50765469126583,2.68143590545862,0.362
"6309",10,34,1,"AVS",2.97269768772881,2.94663982579557,0.2335
"6310",10,34,2,"AVS",2.67664782291231,2.92351501704829,0.823
"6311",10,34,3,"AVS",4.20001528371996,3.52396695978474,0.8905
"6312",10,34,4,"AVS",7.65270286299663,4.46667148095625,0.9685
"6313",10,34,5,"AVS",5.84547597171734,3.88895942297185,0.0705
"6314",10,34,6,"AVS",2.52196813245274,3.13548536441417,0.716
"6315",10,34,7,"AVS",2.18409602740267,3.0619298632123,0.305
"6316",10,34,8,"AVS",2.47640513719302,3.08007398364781,0.7265
"6317",10,34,9,"AVS",3.32747799243165,3.24390195838223,0.7985
"6318",10,34,10,"AVS",2.1778629324817,2.99267009386526,0.6895
"6319",10,34,11,"AVS",6.77153873708808,3.95162492246146,0.943
"6320",10,34,12,"AVS",3.6343915436422,3.13917184716458,0.803
"6321",10,34,13,"AVS",4.34090204096402,3.39610865020184,0.1015
"6322",10,34,14,"AVS",1.9108623441521,2.75637800443798,0.7085
"6323",10,34,15,"AVS",1.61241236486371,2.6534513327907,0.6235
"6324",10,34,16,"AVS",7.17539689682005,4.37327124503395,0.9715
"6325",10,34,17,"AVS",2.4492950261374,2.84563478862978,0.7475
"6326",10,34,18,"AVS",2.45070924984729,2.97077761105746,0.226
"6327",10,34,19,"AVS",3.66249293416915,3.2366477370168,0.854
"6328",10,34,20,"AVS",1.78155062334377,2.81516345513328,0.2985
"6329",10,34,21,"AVS",1.30293001731225,2.7196785876627,0.512
"6330",10,34,22,"AVS",2.35878064427664,2.87616372075008,0.225
"6331",10,34,23,"AVS",5.41072242934935,3.71826822323058,0.0585
"6332",10,34,24,"AVS",2.50336452635462,2.94527166169057,0.1995
"6333",10,34,25,"AVS",7.41463065220763,4.33498813101571,0.0335
"6334",10,34,26,"AVS",1.29398713742322,2.69292545876767,0.482
"6335",10,34,27,"AVS",1.30983121217893,2.69131560220826,0.4305
"6336",10,34,28,"AVS",1.38319671708756,2.66762094105067,0.5675
"6337",10,34,29,"AVS",1.28863586778279,2.68514530215571,0.5545
"6338",10,34,30,"AVS",1.32696342839838,2.64396004083607,0.407
"6339",10,34,31,"AVS",2.91799201340166,2.94104100354673,0.8415
"6340",10,34,32,"AVS",9.2884795695494,5.41997916377883,0.006
"6341",10,34,33,"AVS",1.55535875282869,2.66325275938296,0.358
"6342",10,34,34,"AVS",1.68697385687531,2.68068798760072,0.669
"6343",10,34,35,"AVS",6.22805990490718,4.05222887406831,0.0425
"6344",10,34,36,"AVS",1.31469189458723,2.61185635840861,0.4245
"6345",10,34,37,"AVS",1.25808590659889,2.74615599125232,0.5175
"6346",10,34,38,"AVS",1.52152008882672,2.70838289272896,0.345
"6347",10,34,1,"EQW",2.97269768772881,2.93030378372879,0.2345
"6348",10,34,2,"EQW",2.23104977686383,3.08608057508653,0.7025
"6349",10,34,3,"EQW",2.94125807832457,3.39968881875824,0.75
"6350",10,34,4,"EQW",6.41360306423092,4.24377142732109,0.8565
"6351",10,34,5,"EQW",4.85914820130956,3.56606578625349,0.15
"6352",10,34,6,"EQW",2.96584155802366,3.22109794047723,0.735
"6353",10,34,7,"EQW",2.3144025484694,3.03058208373792,0.319
"6354",10,34,8,"EQW",3.57875108364697,3.29768332660513,0.7895
"6355",10,34,9,"EQW",2.99080071262317,3.11174180938492,0.743
"6356",10,34,10,"EQW",2.07200387117402,2.99159443229139,0.628
"6357",10,34,11,"EQW",6.70929420665728,4.04964153546697,0.9355
"6358",10,34,12,"EQW",4.84886113522174,3.40341967026357,0.8375
"6359",10,34,13,"EQW",3.01321428733671,3.47013862996712,0.342
"6360",10,34,14,"EQW",2.64934517204007,3.04389539896449,0.726
"6361",10,34,15,"EQW",2.65622432027686,3.02279326486355,0.722
"6362",10,34,16,"EQW",9.01364560520581,4.51494971098191,0.9715
"6363",10,34,17,"EQW",5.46434997928647,3.43098364281232,0.828
"6364",10,34,18,"EQW",2.66341607732488,3.35024814532434,0.513
"6365",10,34,19,"EQW",5.31291129434253,3.46386823212595,0.868
"6366",10,34,20,"EQW",2.22375889711162,3.09211068063828,0.5745
"6367",10,34,21,"EQW",2.17672560673082,2.99645163964116,0.6215
"6368",10,34,22,"EQW",2.11779901759777,3.13028186356576,0.3995
"6369",10,34,23,"EQW",4.39641293776339,3.50054298398657,0.166
"6370",10,34,24,"EQW",2.90387050788965,3.15214327240805,0.239
"6371",10,34,25,"EQW",7.04330036968743,4.17186524199918,0.0595
"6372",10,34,26,"EQW",1.64756802814626,2.90994205076336,0.457
"6373",10,34,27,"EQW",1.54610341480323,2.85500858397946,0.4955
"6374",10,34,28,"EQW",1.8372637765193,2.96906682776776,0.645
"6375",10,34,29,"EQW",2.23918221738817,2.93425541721573,0.686
"6376",10,34,30,"EQW",1.92840305336965,2.96324277830274,0.61
"6377",10,34,31,"EQW",5.12487994395199,3.40844133157346,0.8875
"6378",10,34,32,"EQW",3.85530512549097,3.36020405512824,0.253
"6379",10,34,33,"EQW",1.39245522617666,2.67130798688321,0.4415
"6380",10,34,34,"EQW",2.02823404416141,2.83221416969126,0.725
"6381",10,34,35,"EQW",4.11722629936454,3.3457826545635,0.132
"6382",10,34,36,"EQW",1.54225600355129,2.8099658978975,0.3735
"6383",10,34,37,"EQW",1.3153112705502,2.63093436247554,0.4735
"6384",10,34,38,"EQW",1.50043088064517,2.68018670809153,0.381
"6385",10,34,1,"SGP",2.97269768772881,2.91241603986967,0.239
"6386",10,34,2,"SGP",2.61557286405989,3.03514056673383,0.831
"6387",10,34,3,"SGP",3.89422678155345,3.35417191729246,0.8855
"6388",10,34,4,"SGP",8.31753582994452,4.64399179244219,0.9775
"6389",10,34,5,"SGP",5.86709395965192,3.9859847128825,0.06
"6390",10,34,6,"SGP",3.6393230092023,3.22716482550027,0.8385
"6391",10,34,7,"SGP",2.32809218361414,2.92402348290744,0.2615
"6392",10,34,8,"SGP",3.7258977888603,3.28680767879071,0.842
"6393",10,34,9,"SGP",1.86743236059181,2.87370343924103,0.698
"6394",10,34,10,"SGP",1.32271306687055,2.65058973027906,0.497
"6395",10,34,11,"SGP",5.45872004146907,3.69177559726268,0.9425
"6396",10,34,12,"SGP",2.54041395349975,2.9132702298206,0.777
"6397",10,34,13,"SGP",4.48668628228284,3.40085690042438,0.0965
"6398",10,34,14,"SGP",1.89311668301138,2.7843007120485,0.7075
"6399",10,34,15,"SGP",1.58871991286162,2.67349595517313,0.6405
"6400",10,34,16,"SGP",7.18160433158878,4.4444179594457,0.9715
"6401",10,34,17,"SGP",2.40674040459576,2.86089446026456,0.742
"6402",10,34,18,"SGP",2.55433347204369,3.04262883738444,0.2105
"6403",10,34,19,"SGP",3.54067893785543,3.15360889000276,0.862
"6404",10,34,20,"SGP",1.72241970534057,2.73761529043528,0.307
"6405",10,34,21,"SGP",1.32721260862046,2.61570426197842,0.493
"6406",10,34,22,"SGP",2.620372101413,3.00104668780982,0.1885
"6407",10,34,23,"SGP",5.64854577783969,3.71111248558591,0.0635
"6408",10,34,24,"SGP",2.47841489000561,2.97209074556485,0.2185
"6409",10,34,25,"SGP",7.34009362972258,4.46836529341144,0.0295
"6410",10,34,26,"SGP",1.31185594961307,2.68682919819617,0.494
"6411",10,34,27,"SGP",1.32664143552298,2.71490055884112,0.439
"6412",10,34,28,"SGP",1.37863587968086,2.7233637675574,0.567
"6413",10,34,29,"SGP",1.34140501774087,2.61868512953486,0.5695
"6414",10,34,30,"SGP",1.30344658827886,2.6402571132587,0.4115
"6415",10,34,31,"SGP",2.95197012474673,2.93959713351844,0.839
"6416",10,34,32,"SGP",9.11844388624841,5.03076568021192,0.011
"6417",10,34,33,"SGP",1.50362873512247,2.75429343843185,0.386
"6418",10,34,34,"SGP",1.78496818222836,2.84065084083111,0.6975
"6419",10,34,35,"SGP",6.21282862661359,4.00566021029128,0.0475
"6420",10,34,36,"SGP",1.3105928195949,2.64668173984195,0.4615
"6421",10,34,37,"SGP",1.2889065988774,2.63158589087073,0.5335
"6422",10,34,38,"SGP",1.4731726359242,2.66115404012157,0.357
"6423",10,34,1,"SGP50",2.97269768772881,2.96482759493845,0.2305
"6424",10,34,2,"SGP50",2.23937052649983,2.99866871139265,0.6875
"6425",10,34,3,"SGP50",3.02632667614739,3.26572020651202,0.7575
"6426",10,34,4,"SGP50",6.78551377554705,4.29518234131395,0.9065
"6427",10,34,5,"SGP50",4.86931830894859,3.67984994002851,0.1465
"6428",10,34,6,"SGP50",3.02959181711622,3.23952831864417,0.7575
"6429",10,34,7,"SGP50",2.30330425604978,3.01833937209342,0.3005
"6430",10,34,8,"SGP50",3.50208554358693,3.25431772274664,0.827
"6431",10,34,9,"SGP50",2.70060787157179,3.02159810458897,0.7445
"6432",10,34,10,"SGP50",1.81340215809579,2.87128242905827,0.5945
"6433",10,34,11,"SGP50",6.31931783026365,3.90611337073651,0.924
"6434",10,34,12,"SGP50",4.14113345591363,3.25846822932779,0.813
"6435",10,34,13,"SGP50",3.31474596840006,3.49057784299883,0.2835
"6436",10,34,14,"SGP50",2.35534838873823,2.99474916115705,0.7065
"6437",10,34,15,"SGP50",2.24584015897851,2.92512813080435,0.7115
"6438",10,34,16,"SGP50",8.35256620288987,4.51012246115089,0.975
"6439",10,34,17,"SGP50",4.10287442926067,3.19642699201507,0.7925
"6440",10,34,18,"SGP50",2.36094344364179,3.22577780099823,0.418
"6441",10,34,19,"SGP50",4.35621739925764,3.30957695367085,0.8655
"6442",10,34,20,"SGP50",1.7160543975335,2.83600302115901,0.4655
"6443",10,34,21,"SGP50",1.69186303547836,2.89577640275318,0.5345
"6444",10,34,22,"SGP50",2.26823943139441,3.07818874117431,0.3285
"6445",10,34,23,"SGP50",5.0701503176593,3.66690257647667,0.106
"6446",10,34,24,"SGP50",2.70827300275337,3.04405212534739,0.2225
"6447",10,34,25,"SGP50",7.09495439716848,4.08512002706261,0.0535
"6448",10,34,26,"SGP50",1.46816764209535,2.83684242571915,0.4735
"6449",10,34,27,"SGP50",1.41469422858976,2.78273559808731,0.486
"6450",10,34,28,"SGP50",1.65311756533272,2.79982698797028,0.635
"6451",10,34,29,"SGP50",1.82893416531022,2.76708998473617,0.648
"6452",10,34,30,"SGP50",1.52334138171491,2.83164376496971,0.557
"6453",10,34,31,"SGP50",4.07877490203603,3.30407969044012,0.8655
"6454",10,34,32,"SGP50",5.80880596317535,3.88256348790039,0.1335
"6455",10,34,33,"SGP50",1.41427277637154,2.64291394291811,0.4145
"6456",10,34,34,"SGP50",1.90567933788895,2.82633238003965,0.6715
"6457",10,34,35,"SGP50",5.06652721173028,3.61388562839175,0.084
"6458",10,34,36,"SGP50",1.47245001319626,2.76957551313794,0.4045
"6459",10,34,37,"SGP50",1.31396322151828,2.69148759816565,0.495
"6460",10,34,38,"SGP50",1.51632171437413,2.71565819199684,0.3695
"6461",10,35,1,"BMA",4.90247571954642,3.63208444737058,0.126
"6462",10,35,2,"BMA",1.43467347171831,2.77056515407511,0.467
"6463",10,35,3,"BMA",1.12800558255349,2.52856260577241,0.497
"6464",10,35,4,"BMA",1.22364486615331,2.55643229232239,0.5325
"6465",10,35,5,"BMA",1.16122769261574,2.43531898255551,0.569
"6466",10,35,6,"BMA",1.0886470591296,2.40694193703231,0.612
"6467",10,35,7,"BMA",5.29206450723248,4.2303717298903,0.97
"6468",10,35,8,"BMA",3.51067568420123,3.21892098513028,0.891
"6469",10,35,9,"BMA",2.35636164651141,2.75110874963703,0.83
"6470",10,35,10,"BMA",9.14143142360354,6.66841314052003,0.9965
"6471",10,35,11,"BMA",1.60386757275014,2.70313225289598,0.646
"6472",10,35,12,"BMA",7.02815267480973,4.60446456006773,0.98
"6473",10,35,13,"BMA",7.09109974221827,4.13936730127409,0.088
"6474",10,35,14,"BMA",1.4621661132876,2.69027852091286,0.42
"6475",10,35,15,"BMA",1.95980572761846,2.86617107053924,0.687
"6476",10,35,16,"BMA",1.84155525479124,2.80757420109093,0.314
"6477",10,35,17,"BMA",1.37638808629578,2.61244601688124,0.4105
"6478",10,35,18,"BMA",3.77890094795218,3.28265039600454,0.128
"6479",10,35,19,"BMA",1.49292628618994,2.65341962276033,0.618
"6480",10,35,20,"BMA",5.55316726836597,3.83555458134293,0.0525
"6481",10,35,21,"BMA",5.35065488380921,3.5665245882162,0.071
"6482",10,35,22,"BMA",5.25270746700305,3.59058232787854,0.0665
"6483",10,35,23,"BMA",2.96409184872635,3.06372475270905,0.173
"6484",10,35,24,"BMA",8.88602913136502,4.69279946672494,0.0255
"6485",10,35,25,"BMA",2.16288606420882,2.95223179481118,0.332
"6486",10,35,26,"BMA",1.47960198011846,2.75113414576691,0.4545
"6487",10,35,27,"BMA",1.35441181148808,2.75310289769445,0.466
"6488",10,35,28,"BMA",1.20682373372909,2.67812197110073,0.5425
"6489",10,35,29,"BMA",1.18714178203785,2.58638428823889,0.4305
"6490",10,35,30,"BMA",1.13136931860638,2.60293726145094,0.567
"6491",10,35,31,"BMA",1.20955541938694,2.65608988078463,0.572
"6492",10,35,32,"BMA",1.32713241553378,2.59130765652264,0.405
"6493",10,35,33,"BMA",1.098025406528,2.50215570478357,0.491
"6494",10,35,34,"BMA",1.12164017673666,2.43437999417501,0.418
"6495",10,35,35,"BMA",1.0804945945296,2.42926639029282,0.4165
"6496",10,35,36,"BMA",1.02385567735995,1.92785391479451,0.382
"6497",10,35,37,"BMA",0.870356858001375,1.34570625660184,0.3955
"6498",10,35,38,"BMA",0.48240073027523,0.776833279351809,0.5075
"6499",10,35,1,"AVS",4.90247571954642,3.56262543325736,0.1245
"6500",10,35,2,"AVS",1.36906307526746,2.6800434316095,0.494
"6501",10,35,3,"AVS",1.09536808849586,2.48516292967734,0.503
"6502",10,35,4,"AVS",1.22571715496218,2.53496454541366,0.537
"6503",10,35,5,"AVS",1.15226486642843,2.48612052232195,0.5945
"6504",10,35,6,"AVS",1.07655986345113,2.43780881826658,0.6125
"6505",10,35,7,"AVS",5.26677555737648,4.15425640078695,0.971
"6506",10,35,8,"AVS",3.40391901355163,3.18968016753172,0.883
"6507",10,35,9,"AVS",2.38171058246466,2.85819329847963,0.857
"6508",10,35,10,"AVS",9.13108930282709,6.59912249185446,0.9995
"6509",10,35,11,"AVS",1.06102898017624,2.52487790061726,0.561
"6510",10,35,12,"AVS",6.16843399070618,4.35692106131722,0.979
"6511",10,35,13,"AVS",10.3655646214842,6.27562791133768,0.0015
"6512",10,35,14,"AVS",1.37628070215681,2.69776288283426,0.416
"6513",10,35,15,"AVS",1.92196895786695,2.86863516160853,0.7375
"6514",10,35,16,"AVS",1.83713113194007,2.77209655854616,0.309
"6515",10,35,17,"AVS",1.35389625106815,2.59154000351553,0.4275
"6516",10,35,18,"AVS",3.73811613686588,3.27793696196125,0.114
"6517",10,35,19,"AVS",1.4994039970275,2.69634428469162,0.6645
"6518",10,35,20,"AVS",5.53865121326042,3.80181945168178,0.0555
"6519",10,35,21,"AVS",5.34029960330371,3.73540098875911,0.0575
"6520",10,35,22,"AVS",5.21930932666284,3.66753820619817,0.0625
"6521",10,35,23,"AVS",2.98733901549671,3.15896823489995,0.1745
"6522",10,35,24,"AVS",9.01414804390825,4.96272036205762,0.014
"6523",10,35,25,"AVS",1.96449522760535,2.94375567875562,0.374
"6524",10,35,26,"AVS",1.47538144063666,2.91963105263084,0.4915
"6525",10,35,27,"AVS",1.35694449260584,2.69442508213254,0.4605
"6526",10,35,28,"AVS",1.21315011430567,2.71018580452832,0.531
"6527",10,35,29,"AVS",1.19532918585244,2.67087857152216,0.4185
"6528",10,35,30,"AVS",1.13485479628935,2.55742072154537,0.5415
"6529",10,35,31,"AVS",1.21239359135826,2.65118233705417,0.5635
"6530",10,35,32,"AVS",1.3096914129079,2.62400158861629,0.386
"6531",10,35,33,"AVS",1.12102116898457,2.50074126527679,0.479
"6532",10,35,34,"AVS",1.16668710213507,2.48868488332093,0.4405
"6533",10,35,35,"AVS",1.12627685330837,2.42700160310406,0.443
"6534",10,35,36,"AVS",1.0080277887447,1.93704939222967,0.4165
"6535",10,35,37,"AVS",0.799839660126219,1.1952511571657,0.443
"6536",10,35,38,"AVS",0.515762817779501,0.835359261187267,0.507
"6537",10,35,1,"EQW",4.90247571954642,3.5337577164245,0.129
"6538",10,35,2,"EQW",2.0103827867517,2.9384752576633,0.37
"6539",10,35,3,"EQW",1.70004423661194,2.78779361287928,0.424
"6540",10,35,4,"EQW",1.54186482699885,2.71731207180712,0.4405
"6541",10,35,5,"EQW",1.28962025855658,2.60674117737731,0.533
"6542",10,35,6,"EQW",1.31493498777157,2.62568158974367,0.6105
"6543",10,35,7,"EQW",5.2940796674247,4.03985362678679,0.9375
"6544",10,35,8,"EQW",4.54552491096566,3.45185165986548,0.8935
"6545",10,35,9,"EQW",3.53254802038382,3.0549745208679,0.8425
"6546",10,35,10,"EQW",10.1342640624144,5.1293958939955,0.9825
"6547",10,35,11,"EQW",3.35452249033223,3.10249222100635,0.717
"6548",10,35,12,"EQW",8.27694835059273,4.46870606626798,0.9435
"6549",10,35,13,"EQW",3.50586940292292,3.57090401472089,0.3425
"6550",10,35,14,"EQW",1.96618383609003,3.01274434361741,0.4165
"6551",10,35,15,"EQW",2.09617812522384,3.0039710180784,0.6295
"6552",10,35,16,"EQW",2.27556368167007,3.12075843705656,0.3505
"6553",10,35,17,"EQW",1.87170564051799,2.93073089808838,0.376
"6554",10,35,18,"EQW",4.11601575768903,3.47633627825661,0.166
"6555",10,35,19,"EQW",1.63040315484596,2.85118422726051,0.53
"6556",10,35,20,"EQW",5.21273281012873,3.83461319682696,0.136
"6557",10,35,21,"EQW",5.82344600313668,3.73535025226039,0.0835
"6558",10,35,22,"EQW",6.32921564803782,4.00051459682912,0.062
"6559",10,35,23,"EQW",3.17130414328161,3.19049791280294,0.2475
"6560",10,35,24,"EQW",8.88201240761548,4.42560691924897,0.037
"6561",10,35,25,"EQW",4.13093500341698,3.57819181503298,0.2605
"6562",10,35,26,"EQW",2.81564634325636,3.39362147539712,0.3175
"6563",10,35,27,"EQW",1.88816769439774,2.87563968284549,0.343
"6564",10,35,28,"EQW",1.33451540968491,2.55190735808049,0.362
"6565",10,35,29,"EQW",1.34030470715295,2.3333046571061,0.3125
"6566",10,35,30,"EQW",0.920359449033374,2.32624459417462,0.54
"6567",10,35,31,"EQW",1.01037621199614,2.39532408448075,0.6045
"6568",10,35,32,"EQW",0.98316362793391,2.23047320468845,0.4335
"6569",10,35,33,"EQW",0.821218414010847,2.25091900959682,0.514
"6570",10,35,34,"EQW",0.81690299782725,2.11135533957001,0.4615
"6571",10,35,35,"EQW",0.862625636735161,2.11123517651062,0.365
"6572",10,35,36,"EQW",0.904757522614373,1.82125802686282,0.3285
"6573",10,35,37,"EQW",1.00776153621222,1.35033676358256,0.2545
"6574",10,35,38,"EQW",0.536164220314471,0.838051250416205,0.2625
"6575",10,35,1,"SGP",4.90247571954642,3.59169372760991,0.14
"6576",10,35,2,"SGP",1.33299259493146,2.62084401438379,0.48
"6577",10,35,3,"SGP",1.04324410057082,2.46245169012969,0.4955
"6578",10,35,4,"SGP",1.22444212563753,2.53191135150954,0.5585
"6579",10,35,5,"SGP",1.10631679058358,2.40289366093108,0.593
"6580",10,35,6,"SGP",1.06191376488735,2.32860712362199,0.601
"6581",10,35,7,"SGP",5.24883534739941,4.13543427411238,0.973
"6582",10,35,8,"SGP",3.25423979923828,3.09481303297925,0.894
"6583",10,35,9,"SGP",2.38041201946842,2.85976801650408,0.8465
"6584",10,35,10,"SGP",9.50998069490695,6.49438645893791,0.995
"6585",10,35,11,"SGP",1.43684896101196,2.62235289621021,0.6405
"6586",10,35,12,"SGP",6.89609402744486,4.53979672878371,0.9855
"6587",10,35,13,"SGP",8.628032241912,4.81750851551067,0.0305
"6588",10,35,14,"SGP",1.50467981689597,2.67245642764036,0.4015
"6589",10,35,15,"SGP",1.60421293426858,2.78799667352207,0.6475
"6590",10,35,16,"SGP",2.60556070587935,2.94568958446482,0.1915
"6591",10,35,17,"SGP",1.66424322837384,2.67882204281438,0.3045
"6592",10,35,18,"SGP",4.57381616064428,3.57162445826022,0.083
"6593",10,35,19,"SGP",1.36867391138101,2.59009536346654,0.593
"6594",10,35,20,"SGP",6.24563631792877,4.21560571933543,0.037
"6595",10,35,21,"SGP",5.33920017567771,3.59339132961498,0.072
"6596",10,35,22,"SGP",5.28697841608027,3.72292818437328,0.0655
"6597",10,35,23,"SGP",2.18836753064801,2.98405841645526,0.3085
"6598",10,35,24,"SGP",6.17442242475816,3.86924195923471,0.0585
"6599",10,35,25,"SGP",2.05267018774087,2.88701930185194,0.736
"6600",10,35,26,"SGP",3.03967846653568,3.48442060032858,0.8945
"6601",10,35,27,"SGP",1.7012499213016,2.80956519322957,0.767
"6602",10,35,28,"SGP",1.0759093258548,2.45069978888466,0.5995
"6603",10,35,29,"SGP",0.97277445570287,2.47012204344653,0.4605
"6604",10,35,30,"SGP",1.10733083408037,2.45540020622,0.6295
"6605",10,35,31,"SGP",1.18601925335719,2.44256571034581,0.6215
"6606",10,35,32,"SGP",1.8093682597149,2.7017937605208,0.2255
"6607",10,35,33,"SGP",0.9687774764784,2.50360177426178,0.488
"6608",10,35,34,"SGP",1.04512743402898,2.4030287938479,0.4825
"6609",10,35,35,"SGP",0.93258449409432,2.34689446586569,0.4675
"6610",10,35,36,"SGP",0.685564546624651,1.79927921337897,0.5105
"6611",10,35,37,"SGP",0.492238939796647,0.713773739021742,0.51
"6612",10,35,38,"SGP",0.331700973010208,0.414643367481816,0.5375
"6613",10,35,1,"SGP50",4.90247571954642,3.57541243715495,0.131
"6614",10,35,2,"SGP50",1.97234471046488,2.90366502288145,0.3785
"6615",10,35,3,"SGP50",1.6277563668682,2.71302707794443,0.436
"6616",10,35,4,"SGP50",1.4849015401175,2.7421187793771,0.4395
"6617",10,35,5,"SGP50",1.27226791651489,2.58476484050401,0.5115
"6618",10,35,6,"SGP50",1.28205101461498,2.57411315754651,0.597
"6619",10,35,7,"SGP50",5.28752252180871,3.96625941053037,0.9445
"6620",10,35,8,"SGP50",4.33270471191979,3.37495442438007,0.8935
"6621",10,35,9,"SGP50",3.21581969134253,2.95271062435372,0.833
"6622",10,35,10,"SGP50",9.82102230357075,5.32858744601846,0.982
"6623",10,35,11,"SGP50",2.75327466851012,2.99629176073656,0.6935
"6624",10,35,12,"SGP50",7.84725187035915,4.39724768901041,0.954
"6625",10,35,13,"SGP50",3.95761464768967,3.56737664715666,0.285
"6626",10,35,14,"SGP50",1.82161590541966,2.85550166803821,0.3945
"6627",10,35,15,"SGP50",1.86281679372539,2.76437835007406,0.614
"6628",10,35,16,"SGP50",2.2765402161295,3.06453016567032,0.2765
"6629",10,35,17,"SGP50",1.74729896777694,2.85673436829312,0.371
"6630",10,35,18,"SGP50",4.21649319870527,3.49374980258972,0.134
"6631",10,35,19,"SGP50",1.46994012632038,2.78530403055095,0.5685
"6632",10,35,20,"SGP50",5.58262055639999,3.70642866735289,0.104
"6633",10,35,21,"SGP50",5.58635291312757,3.64172136891265,0.074
"6634",10,35,22,"SGP50",5.85914361223899,3.66507217874828,0.0735
"6635",10,35,23,"SGP50",2.39977323164417,3.04442236988288,0.3375
"6636",10,35,24,"SGP50",7.63464188895601,4.11771732097254,0.048
"6637",10,35,25,"SGP50",2.69115278157244,3.25921800727392,0.3665
"6638",10,35,26,"SGP50",1.98369509724618,3.21518283189643,0.469
"6639",10,35,27,"SGP50",1.43530158050004,2.86697673555783,0.4485
"6640",10,35,28,"SGP50",1.12886756580906,2.56162839992352,0.486
"6641",10,35,29,"SGP50",1.16197732923299,2.41556289665895,0.377
"6642",10,35,30,"SGP50",0.965032429955762,2.33146428266568,0.565
"6643",10,35,31,"SGP50",1.07931606208579,2.50631735988245,0.628
"6644",10,35,32,"SGP50",1.16437835727842,2.37615947837206,0.3815
"6645",10,35,33,"SGP50",0.89083273526897,2.29819396743594,0.513
"6646",10,35,34,"SGP50",0.903689894382797,2.24159972562525,0.431
"6647",10,35,35,"SGP50",0.924604361762982,2.14364127298145,0.391
"6648",10,35,36,"SGP50",0.90190749956663,1.8641594968921,0.3715
"6649",10,35,37,"SGP50",0.894099062539367,1.36383529948559,0.3185
"6650",10,35,38,"SGP50",0.49473214169093,0.774244570781492,0.3575
"6651",10,36,1,"BMA",2.96543896043587,3.24820076756962,0.7195
"6652",10,36,2,"BMA",4.12426442594072,3.46637244541357,0.8225
"6653",10,36,3,"BMA",3.59920194889906,3.40048748363901,0.798
"6654",10,36,4,"BMA",4.27155363763572,3.43982933555539,0.8195
"6655",10,36,5,"BMA",5.4415319060672,3.62146482047505,0.863
"6656",10,36,6,"BMA",5.62087511128684,3.74136666049248,0.1745
"6657",10,36,7,"BMA",10.0419312304787,4.45978645088031,0.9315
"6658",10,36,8,"BMA",4.41796869053596,3.4663005573296,0.7685
"6659",10,36,9,"BMA",10.244903155141,4.45501002793986,0.918
"6660",10,36,10,"BMA",3.52349895503834,3.42349302005343,0.654
"6661",10,36,11,"BMA",4.37879875248968,3.47864760804961,0.7615
"6662",10,36,12,"BMA",8.08139389203951,4.04312506140593,0.8955
"6663",10,36,13,"BMA",17.320216450422,5.53219743277301,0.985
"6664",10,36,14,"BMA",17.7212257813407,5.48899582622816,0.9815
"6665",10,36,15,"BMA",3.43477972089957,3.45476109999822,0.6425
"6666",10,36,16,"BMA",6.70759718019384,3.79132053274829,0.868
"6667",10,36,17,"BMA",10.6156785312472,4.51936284087804,0.9615
"6668",10,36,18,"BMA",15.6056336026395,5.16718368943855,0.027
"6669",10,36,19,"BMA",5.25591501983339,3.67607619553692,0.814
"6670",10,36,20,"BMA",2.92166936874303,3.37960444843473,0.3575
"6671",10,36,21,"BMA",15.6361062599075,5.50783970051533,0.018
"6672",10,36,22,"BMA",3.22360771728056,3.45606019185112,0.365
"6673",10,36,23,"BMA",6.73198989675726,3.84131594273959,0.1475
"6674",10,36,24,"BMA",7.09224926412218,3.90313531454119,0.1495
"6675",10,36,25,"BMA",2.61013162419359,3.26363599714068,0.44
"6676",10,36,26,"BMA",6.04438782124894,3.76522005235304,0.168
"6677",10,36,27,"BMA",5.8837347399532,3.62659458669698,0.177
"6678",10,36,28,"BMA",4.7973389735662,3.56137717679855,0.24
"6679",10,36,29,"BMA",7.19005113431657,3.92122840659203,0.116
"6680",10,36,30,"BMA",6.31901477818264,3.71989070332461,0.1645
"6681",10,36,31,"BMA",3.38543135895989,3.35477966613646,0.3065
"6682",10,36,32,"BMA",4.10962669502498,3.40228057556311,0.231
"6683",10,36,33,"BMA",2.03269978222744,3.02233001302942,0.4295
"6684",10,36,34,"BMA",1.73531848868807,2.955700336702,0.574
"6685",10,36,35,"BMA",1.57225973494533,2.74675412623805,0.611
"6686",10,36,36,"BMA",2.89960744448694,3.22512152732354,0.819
"6687",10,36,37,"BMA",1.5085650902655,2.63452173846894,0.6805
"6688",10,36,38,"BMA",0.966161710114362,2.33080853973243,0.4645
"6689",10,36,1,"AVS",2.96543896043587,3.28096900752474,0.7305
"6690",10,36,2,"AVS",3.7500590454836,3.34899175854784,0.8125
"6691",10,36,3,"AVS",2.828937515623,3.25378966439339,0.722
"6692",10,36,4,"AVS",4.21403150860212,3.49809047705289,0.8125
"6693",10,36,5,"AVS",5.85658101946768,3.66049542660802,0.8555
"6694",10,36,6,"AVS",4.01085727151882,3.48636760340438,0.246
"6695",10,36,7,"AVS",9.49600755692018,4.22086337802011,0.9215
"6696",10,36,8,"AVS",4.69976447936215,3.46386441791839,0.798
"6697",10,36,9,"AVS",10.7906185020701,4.43315582661647,0.9305
"6698",10,36,10,"AVS",3.86047557975549,3.47681005036262,0.7155
"6699",10,36,11,"AVS",4.50093053435909,3.48806868451791,0.797
"6700",10,36,12,"AVS",8.2764233930447,4.13392393246293,0.9065
"6701",10,36,13,"AVS",10.0445050740947,4.7535745404247,0.9825
"6702",10,36,14,"AVS",9.80822299150666,5.07381944626486,0.9875
"6703",10,36,15,"AVS",2.83077810818422,3.06906157049065,0.254
"6704",10,36,16,"AVS",3.36691073811905,3.23431745377799,0.7945
"6705",10,36,17,"AVS",8.06411680053908,4.32814031915092,0.957
"6706",10,36,18,"AVS",20.5695477639143,8.28450693423163,0.001
"6707",10,36,19,"AVS",3.13067583685064,3.28472527412647,0.238
"6708",10,36,20,"AVS",7.22839134453141,3.93494566549079,0.079
"6709",10,36,21,"AVS",25.283380039054,9.32747306297012,5e-04
"6710",10,36,22,"AVS",3.20718832755578,3.44635666329035,0.3645
"6711",10,36,23,"AVS",6.78150672157254,3.79241318691582,0.133
"6712",10,36,24,"AVS",7.15899995313289,4.0028846953664,0.1455
"6713",10,36,25,"AVS",2.59904414587645,3.33789926154225,0.436
"6714",10,36,26,"AVS",6.13198606467229,3.75556879692828,0.16
"6715",10,36,27,"AVS",5.98420353798824,3.71107864540844,0.167
"6716",10,36,28,"AVS",4.9070294295713,3.60008083707613,0.227
"6717",10,36,29,"AVS",7.42598794483823,3.84562970191039,0.114
"6718",10,36,30,"AVS",3.89808184068334,3.45001088407805,0.2725
"6719",10,36,31,"AVS",2.81158769584139,3.30019933146377,0.6905
"6720",10,36,32,"AVS",2.38573371206497,3.12880269941832,0.65
"6721",10,36,33,"AVS",3.38274104995907,3.31165331645603,0.741
"6722",10,36,34,"AVS",2.82650894621237,3.13100023280298,0.723
"6723",10,36,35,"AVS",1.84081969722519,3.02971591189951,0.4675
"6724",10,36,36,"AVS",1.92821526642264,2.98373431776479,0.529
"6725",10,36,37,"AVS",2.39834828758197,3.01611247314037,0.379
"6726",10,36,38,"AVS",2.29389404050086,3.06084203628786,0.356
"6727",10,36,1,"EQW",2.96543896043587,3.28172617953564,0.7275
"6728",10,36,2,"EQW",4.64834707127413,3.57946787835046,0.844
"6729",10,36,3,"EQW",4.10359664861314,3.36219149534739,0.8215
"6730",10,36,4,"EQW",3.52740934696332,3.38855399500896,0.796
"6731",10,36,5,"EQW",4.52255160822721,3.50727394109494,0.84
"6732",10,36,6,"EQW",7.26974610230263,3.91443761709011,0.126
"6733",10,36,7,"EQW",10.8173129246652,4.85298099666967,0.95
"6734",10,36,8,"EQW",2.64625499771445,3.30532511839056,0.591
"6735",10,36,9,"EQW",7.53943406053572,3.97864803718061,0.894
"6736",10,36,10,"EQW",2.37024401119986,3.17951601612615,0.5055
"6737",10,36,11,"EQW",2.89997822427789,3.28497206690288,0.618
"6738",10,36,12,"EQW",5.22989077818429,3.44154562013429,0.813
"6739",10,36,13,"EQW",13.3235823867926,5.02874662055874,0.9785
"6740",10,36,14,"EQW",15.1575365383667,5.05460323927764,0.9825
"6741",10,36,15,"EQW",5.59695104480963,3.72401092508206,0.689
"6742",10,36,16,"EQW",10.1213821235484,4.05672080623993,0.9185
"6743",10,36,17,"EQW",16.2924541571192,4.98625548069152,0.977
"6744",10,36,18,"EQW",6.30854658580824,4.21259912164185,0.353
"6745",10,36,19,"EQW",5.23257151835639,3.74617268288456,0.685
"6746",10,36,20,"EQW",3.6669292133803,3.73139566024831,0.479
"6747",10,36,21,"EQW",12.1801152493339,4.57218727414302,0.102
"6748",10,36,22,"EQW",4.12961219726382,3.5992030519777,0.322
"6749",10,36,23,"EQW",6.47054181594919,3.98376602440015,0.209
"6750",10,36,24,"EQW",6.36662761614974,3.95386320754663,0.2125
"6751",10,36,25,"EQW",3.18922363673247,3.40046543586603,0.5895
"6752",10,36,26,"EQW",2.9853570871483,3.36643534313879,0.43
"6753",10,36,27,"EQW",3.2771654362837,3.41089865329829,0.352
"6754",10,36,28,"EQW",2.96167498893014,3.40826026005295,0.38
"6755",10,36,29,"EQW",3.85789154636533,3.3867949363904,0.2805
"6756",10,36,30,"EQW",4.37827155426085,3.49158821103824,0.2425
"6757",10,36,31,"EQW",2.90478067251756,3.35242512237463,0.392
"6758",10,36,32,"EQW",3.39293266165102,3.37704313850973,0.317
"6759",10,36,33,"EQW",2.53394250496419,3.27930768461259,0.419
"6760",10,36,34,"EQW",2.20825094367565,3.16409543062251,0.4825
"6761",10,36,35,"EQW",2.13425646402207,3.08610212505236,0.402
"6762",10,36,36,"EQW",1.98615960770318,3.13819435059116,0.55
"6763",10,36,37,"EQW",2.07995020569624,2.99542926158124,0.411
"6764",10,36,38,"EQW",2.33926593392153,2.89188400164728,0.3035
"6765",10,36,1,"SGP",2.96543896043587,3.23559837735031,0.7535
"6766",10,36,2,"SGP",4.83106182362273,3.56375975204151,0.8785
"6767",10,36,3,"SGP",4.62213215705585,3.41669995043427,0.881
"6768",10,36,4,"SGP",4.96626837537025,3.59544591318654,0.878
"6769",10,36,5,"SGP",4.8813148807641,3.52649295285321,0.9035
"6770",10,36,6,"SGP",12.4044131552971,5.93987390253003,0.016
"6771",10,36,7,"SGP",12.206632239349,5.53421296478506,0.985
"6772",10,36,8,"SGP",2.04274245049168,2.98346880754799,0.357
"6773",10,36,9,"SGP",4.80233217996415,3.52097374511336,0.859
"6774",10,36,10,"SGP",2.21904405435355,3.05451937702379,0.3145
"6775",10,36,11,"SGP",2.4359156721666,3.07233382225175,0.2585
"6776",10,36,12,"SGP",1.85199631577108,2.79253120732209,0.652
"6777",10,36,13,"SGP",8.52662792814832,4.48658269909916,0.987
"6778",10,36,14,"SGP",9.88451094496298,4.91325500493843,0.9825
"6779",10,36,15,"SGP",2.77257848521918,3.16011611307642,0.2635
"6780",10,36,16,"SGP",3.44144491102545,3.30033944824635,0.802
"6781",10,36,17,"SGP",8.13995704381015,4.20506736424525,0.9645
"6782",10,36,18,"SGP",20.2597886745016,8.21029258442384,0.005
"6783",10,36,19,"SGP",3.0920370026287,3.27108265948312,0.2635
"6784",10,36,20,"SGP",7.12673651526551,3.93770394200439,0.0855
"6785",10,36,21,"SGP",25.4320869136221,8.74999180472201,0.002
"6786",10,36,22,"SGP",4.98886699938536,3.57250925213873,0.2045
"6787",10,36,23,"SGP",10.9649909179271,4.51981969157502,0.0565
"6788",10,36,24,"SGP",9.83352609697478,4.23462349373125,0.071
"6789",10,36,25,"SGP",3.76643681652037,3.34925089945855,0.783
"6790",10,36,26,"SGP",2.16250256638737,3.19139583130789,0.5315
"6791",10,36,27,"SGP",2.60604725540326,3.1917577064352,0.352
"6792",10,36,28,"SGP",2.34371823706345,3.1264289246035,0.3985
"6793",10,36,29,"SGP",2.13415336193008,3.04907448731863,0.412
"6794",10,36,30,"SGP",2.12682855699707,3.10531815936065,0.436
"6795",10,36,31,"SGP",2.81433343447103,3.22352401376009,0.704
"6796",10,36,32,"SGP",2.37760262447133,3.12335786882702,0.653
"6797",10,36,33,"SGP",3.34944338832607,3.324123337631,0.737
"6798",10,36,34,"SGP",2.80775780363288,3.15833026597692,0.7165
"6799",10,36,35,"SGP",1.84424714316341,2.99377748073276,0.4655
"6800",10,36,36,"SGP",1.92970522551273,2.99623483935734,0.5265
"6801",10,36,37,"SGP",2.39773259635736,3.03041888449328,0.362
"6802",10,36,38,"SGP",2.29794023110169,2.98078393385765,0.339
"6803",10,36,1,"SGP50",2.96543896043587,3.24372518139123,0.7555
"6804",10,36,2,"SGP50",4.65387713057732,3.5598074179774,0.8585
"6805",10,36,3,"SGP50",4.11625098993803,3.49828563172855,0.835
"6806",10,36,4,"SGP50",3.57141365595705,3.2939942014187,0.804
"6807",10,36,5,"SGP50",4.5877988558478,3.53969634678202,0.822
"6808",10,36,6,"SGP50",7.31386588834016,3.97488583662811,0.118
"6809",10,36,7,"SGP50",10.9764294756341,4.58714690778569,0.9365
"6810",10,36,8,"SGP50",2.58250441166322,3.24504770255616,0.586
"6811",10,36,9,"SGP50",7.44001721584527,3.88936798881766,0.888
"6812",10,36,10,"SGP50",2.30555701585398,3.17214325095221,0.503
"6813",10,36,11,"SGP50",2.70932225351014,3.34980571890159,0.573
"6814",10,36,12,"SGP50",4.73495258847611,3.44684744178707,0.812
"6815",10,36,13,"SGP50",12.4111819548312,5.10062729905846,0.9865
"6816",10,36,14,"SGP50",13.61466819137,5.03828316789404,0.98
"6817",10,36,15,"SGP50",3.96000516481883,3.5907500766535,0.6005
"6818",10,36,16,"SGP50",7.73373755961068,3.8315051252083,0.889
"6819",10,36,17,"SGP50",12.8423547901326,4.76974717402477,0.9775
"6820",10,36,18,"SGP50",10.0519808831818,4.55763487282623,0.1965
"6821",10,36,19,"SGP50",3.57613701607908,3.57632005499511,0.5985
"6822",10,36,20,"SGP50",3.9079991085396,3.66980820734094,0.3565
"6823",10,36,21,"SGP50",16.6141401341789,5.16480076864136,0.0455
"6824",10,36,22,"SGP50",4.14930223297623,3.61818763695135,0.269
"6825",10,36,23,"SGP50",7.91521429404699,4.01057680647467,0.129
"6826",10,36,24,"SGP50",7.73973239410853,4.01503959789175,0.1405
"6827",10,36,25,"SGP50",2.88201578569045,3.42321545844825,0.607
"6828",10,36,26,"SGP50",3.09567388008252,3.40137865162827,0.3825
"6829",10,36,27,"SGP50",3.5814734180643,3.38776885891596,0.289
"6830",10,36,28,"SGP50",3.18847646350594,3.38054095461549,0.3315
"6831",10,36,29,"SGP50",3.8854609531326,3.4864946403526,0.286
"6832",10,36,30,"SGP50",3.93338890432767,3.50170524690283,0.2715
"6833",10,36,31,"SGP50",2.67211121432785,3.31356845982899,0.456
"6834",10,36,32,"SGP50",2.91887748539144,3.36579798243162,0.4165
"6835",10,36,33,"SGP50",2.51791174126727,3.36051014354032,0.511
"6836",10,36,34,"SGP50",2.29935264084144,3.22589889577311,0.534
"6837",10,36,35,"SGP50",2.17697209889834,3.08136442238273,0.407
"6838",10,36,36,"SGP50",2.00695993352838,3.06588170196517,0.51
"6839",10,36,37,"SGP50",2.38733529244966,3.08442379187007,0.351
"6840",10,36,38,"SGP50",2.52287729633585,3.0355207326741,0.307
"6841",10,37,1,"BMA",1.29725284159732,2.47100600943515,0.6725
"6842",10,37,2,"BMA",1.28448376287893,2.43229471359377,0.235
"6843",10,37,3,"BMA",2.68211684931313,3.67400115551995,0.932
"6844",10,37,4,"BMA",0.75665925951874,2.05340922945714,0.4955
"6845",10,37,5,"BMA",4.39527451944013,4.40393947084052,0.9635
"6846",10,37,6,"BMA",8.70576376416668,4.95635964245167,0.974
"6847",10,37,7,"BMA",2.23351436672666,3.15019012589572,0.6035
"6848",10,37,8,"BMA",1.92945294492907,3.01721730641162,0.4665
"6849",10,37,9,"BMA",2.39273434930241,2.99717752316795,0.324
"6850",10,37,10,"BMA",2.53094403880452,3.06776132674902,0.695
"6851",10,37,11,"BMA",1.75009078949092,2.95726065271456,0.571
"6852",10,37,12,"BMA",7.95807733602166,4.17909493476924,0.957
"6853",10,37,13,"BMA",11.2297933737949,5.19311840699332,0.983
"6854",10,37,14,"BMA",4.44530504117391,3.42883688110993,0.8205
"6855",10,37,15,"BMA",1.77531929154738,2.96321900155307,0.4915
"6856",10,37,16,"BMA",2.40423418312654,2.9348941383322,0.6755
"6857",10,37,17,"BMA",2.33182241333154,3.00512795120618,0.7135
"6858",10,37,18,"BMA",3.23197080184899,3.08657131969995,0.8275
"6859",10,37,19,"BMA",1.44209307543652,2.7839939933612,0.433
"6860",10,37,20,"BMA",3.04615932748119,3.03016564334509,0.8275
"6861",10,37,21,"BMA",1.53923451144139,2.62307609023375,0.6385
"6862",10,37,22,"BMA",3.43717771432485,3.19800416755136,0.903
"6863",10,37,23,"BMA",1.29164179097096,2.47379289185935,0.6735
"6864",10,37,24,"BMA",1.1781639767726,2.44491921258808,0.352
"6865",10,37,25,"BMA",0.977760871145608,2.30724514929795,0.457
"6866",10,37,26,"BMA",2.02462556074427,2.55778857317191,0.204
"6867",10,37,27,"BMA",3.85713739311133,3.28806678857121,0.938
"6868",10,37,28,"BMA",5.21565117023637,3.8824922646586,0.039
"6869",10,37,29,"BMA",2.38755431918704,2.7897705951575,0.84
"6870",10,37,30,"BMA",8.76765776245334,5.73551522593994,0.0035
"6871",10,37,31,"BMA",3.0668327509146,3.05293256989481,0.125
"6872",10,37,32,"BMA",4.87710434763286,3.53148569549433,0.068
"6873",10,37,33,"BMA",4.70004135890117,3.55894473377265,0.065
"6874",10,37,34,"BMA",1.43739311981058,2.63121532340678,0.346
"6875",10,37,35,"BMA",3.03400447034859,2.99130744720726,0.137
"6876",10,37,36,"BMA",2.95256819951097,2.97726633938824,0.1615
"6877",10,37,37,"BMA",1.15178627377193,2.48390571275985,0.5135
"6878",10,37,38,"BMA",1.16187130970088,2.47451720910324,0.592
"6879",10,37,1,"AVS",1.29725284159732,2.49453354315102,0.689
"6880",10,37,2,"AVS",1.22590301599168,2.40678753964546,0.2065
"6881",10,37,3,"AVS",2.89530802392582,3.93111280973374,0.9705
"6882",10,37,4,"AVS",0.597016368414618,1.89358877838465,0.47
"6883",10,37,5,"AVS",4.4289481010415,4.61446854517187,0.98
"6884",10,37,6,"AVS",8.43771461307638,6.28630151669537,0.9905
"6885",10,37,7,"AVS",1.48758603312365,2.655889490247,0.3065
"6886",10,37,8,"AVS",1.05310503623937,2.41396343826106,0.409
"6887",10,37,9,"AVS",1.62891339184754,2.57753644610075,0.251
"6888",10,37,10,"AVS",2.39578552532615,2.76115548729668,0.8595
"6889",10,37,11,"AVS",1.17118857203238,2.35571832861724,0.3195
"6890",10,37,12,"AVS",5.50105963090744,4.51183316884204,0.9865
"6891",10,37,13,"AVS",3.68710615045513,3.37149298699841,0.9335
"6892",10,37,14,"AVS",2.45306192240655,2.75593914802434,0.1295
"6893",10,37,15,"AVS",4.56903983650198,3.85754370706049,0.0375
"6894",10,37,16,"AVS",0.977040106571701,2.42709150135167,0.5415
"6895",10,37,17,"AVS",0.990754051771592,2.2815261246492,0.4285
"6896",10,37,18,"AVS",1.04758144554612,2.33736535748783,0.6075
"6897",10,37,19,"AVS",3.32027957494574,3.18223925936512,0.0855
"6898",10,37,20,"AVS",1.66740270161274,2.59155047160143,0.747
"6899",10,37,21,"AVS",0.966852586120597,2.25707263781287,0.3975
"6900",10,37,22,"AVS",1.88220400689477,2.54858449135659,0.801
"6901",10,37,23,"AVS",0.836414840331278,2.28917592690526,0.466
"6902",10,37,24,"AVS",1.85857877516762,2.60885896407361,0.1865
"6903",10,37,25,"AVS",1.26640607403587,2.25154067933431,0.2715
"6904",10,37,26,"AVS",3.19183197385992,3.15036915330361,0.0885
"6905",10,37,27,"AVS",3.0003732330526,3.00659346010501,0.8955
"6906",10,37,28,"AVS",6.7677501494042,4.82235060557451,0.007
"6907",10,37,29,"AVS",1.95867517901583,2.77759404611494,0.7965
"6908",10,37,30,"AVS",10.060743449468,6.71968799847452,0.001
"6909",10,37,31,"AVS",3.26518413210657,3.11733643395136,0.1085
"6910",10,37,32,"AVS",4.76276327424682,3.61423655064399,0.058
"6911",10,37,33,"AVS",3.96956657766845,3.23978351039029,0.088
"6912",10,37,34,"AVS",1.36773527437478,2.64400395586729,0.65
"6913",10,37,35,"AVS",1.465912423743,2.64537649850319,0.2985
"6914",10,37,36,"AVS",1.08292754239309,2.40853626866219,0.406
"6915",10,37,37,"AVS",2.58001404022151,2.94861265424725,0.838
"6916",10,37,38,"AVS",2.51302590612187,2.87271998777353,0.832
"6917",10,37,1,"EQW",1.29725284159732,2.43941548454679,0.694
"6918",10,37,2,"EQW",1.50611942429785,2.64641940427209,0.2675
"6919",10,37,3,"EQW",2.07002949892177,3.19910629697546,0.758
"6920",10,37,4,"EQW",0.98933909770016,2.2366880165191,0.3795
"6921",10,37,5,"EQW",3.04954864028065,3.6307893250033,0.8925
"6922",10,37,6,"EQW",8.38773472459583,5.28551482180239,0.975
"6923",10,37,7,"EQW",1.56524442795419,2.76090204896669,0.5115
"6924",10,37,8,"EQW",1.35857980383113,2.67978329638979,0.5095
"6925",10,37,9,"EQW",1.67050254263789,2.74079560244721,0.3595
"6926",10,37,10,"EQW",2.41915936917343,2.93269011171371,0.7665
"6927",10,37,11,"EQW",1.31022630804979,2.66791646411076,0.4835
"6928",10,37,12,"EQW",6.53590305076069,4.25525771937142,0.969
"6929",10,37,13,"EQW",7.02844460441396,4.02385611052416,0.961
"6930",10,37,14,"EQW",2.08990975236304,3.06745134874547,0.5595
"6931",10,37,15,"EQW",2.15113770162279,3.06235913164793,0.321
"6932",10,37,16,"EQW",1.60137435503248,2.70474348803327,0.616
"6933",10,37,17,"EQW",1.54476469614917,2.6698544037224,0.574
"6934",10,37,18,"EQW",2.33028456963384,2.84611899041692,0.724
"6935",10,37,19,"EQW",1.65883559733324,2.92012697637548,0.4065
"6936",10,37,20,"EQW",2.77490839131617,2.94673783663147,0.816
"6937",10,37,21,"EQW",1.96588684879507,2.7746931920587,0.651
"6938",10,37,22,"EQW",4.49142269356386,3.32873888932067,0.9035
"6939",10,37,23,"EQW",3.3632472167884,3.00765015643114,0.7825
"6940",10,37,24,"EQW",2.41839993506961,3.04205774007064,0.622
"6941",10,37,25,"EQW",2.1889752269207,2.85694910616392,0.648
"6942",10,37,26,"EQW",1.69437653599463,2.97237960218279,0.473
"6943",10,37,27,"EQW",5.02020063411833,3.6179612636649,0.942
"6944",10,37,28,"EQW",2.50877482556227,3.34501774453803,0.3755
"6945",10,37,29,"EQW",3.13823313983834,3.08363298873093,0.847
"6946",10,37,30,"EQW",4.93667363491757,3.61766637623495,0.167
"6947",10,37,31,"EQW",3.67446753764375,3.18819074510337,0.1195
"6948",10,37,32,"EQW",5.52870323057706,3.8182839811465,0.068
"6949",10,37,33,"EQW",5.80614297240544,3.50612368029649,0.0795
"6950",10,37,34,"EQW",2.58584653968091,3.01592272272881,0.2805
"6951",10,37,35,"EQW",3.17430359489151,3.04030521905746,0.17
"6952",10,37,36,"EQW",2.95440885249859,2.99764267013047,0.1935
"6953",10,37,37,"EQW",1.33313198110259,2.66231358609038,0.514
"6954",10,37,38,"EQW",1.64347202085719,2.65845964201153,0.6705
"6955",10,37,1,"SGP",1.29725284159732,2.55034955320639,0.6795
"6956",10,37,2,"SGP",1.2380307314841,2.43733732907603,0.2175
"6957",10,37,3,"SGP",2.86091740946836,3.64925034322966,0.9605
"6958",10,37,4,"SGP",0.673435410818308,1.94597302933798,0.327
"6959",10,37,5,"SGP",3.30237748066997,4.29053763330271,0.991
"6960",10,37,6,"SGP",8.05576001870606,7.94676418705683,0.9995
"6961",10,37,7,"SGP",1.63253811859761,2.50784480986499,0.232
"6962",10,37,8,"SGP",1.05235221583586,2.35208414058841,0.325
"6963",10,37,9,"SGP",1.93573628720519,2.68980837305885,0.1785
"6964",10,37,10,"SGP",1.73852680108431,2.47662785335019,0.806
"6965",10,37,11,"SGP",1.30929268637889,2.34836158043661,0.2415
"6966",10,37,12,"SGP",5.02286728325041,4.04408475057644,0.974
"6967",10,37,13,"SGP",3.68746724627178,3.40712063658144,0.9355
"6968",10,37,14,"SGP",2.34942172345127,2.70459993283163,0.158
"6969",10,37,15,"SGP",4.51152667050891,3.78203023329932,0.051
"6970",10,37,16,"SGP",0.883728196445153,2.28679761450514,0.4755
"6971",10,37,17,"SGP",1.03207255053237,2.31889851238102,0.389
"6972",10,37,18,"SGP",0.933436894850186,2.25071375548759,0.609
"6973",10,37,19,"SGP",3.44319970722694,3.33002184167262,0.0825
"6974",10,37,20,"SGP",1.2846123857611,2.39304920329218,0.709
"6975",10,37,21,"SGP",0.995228094125831,2.30534602416526,0.3715
"6976",10,37,22,"SGP",1.70901101757681,2.52872942843926,0.7995
"6977",10,37,23,"SGP",0.840259472076733,2.25352206258657,0.4865
"6978",10,37,24,"SGP",1.84173087072156,2.57759099975714,0.195
"6979",10,37,25,"SGP",1.28562381518509,2.281765224091,0.274
"6980",10,37,26,"SGP",3.29745362710191,3.20932550066364,0.08
"6981",10,37,27,"SGP",2.55673377115504,3.00156432247445,0.8955
"6982",10,37,28,"SGP",6.92482890450183,4.98493362474368,0.011
"6983",10,37,29,"SGP",1.48260361452087,2.56383765935943,0.746
"6984",10,37,30,"SGP",10.6403069310664,7.48270883832338,0.002
"6985",10,37,31,"SGP",4.08023403836451,3.52663572712061,0.0685
"6986",10,37,32,"SGP",3.62105647805751,3.27569731699753,0.0885
"6987",10,37,33,"SGP",2.31459972690241,2.73253350434387,0.19
"6988",10,37,34,"SGP",1.56409664343082,2.63050607803466,0.7205
"6989",10,37,35,"SGP",1.21377953732832,2.41721071389684,0.4085
"6990",10,37,36,"SGP",1.06420963756621,2.40973122468221,0.409
"6991",10,37,37,"SGP",2.53067409102343,2.92750188025591,0.835
"6992",10,37,38,"SGP",2.54760285407382,2.90645733417585,0.8385
"6993",10,37,1,"SGP50",1.29725284159732,2.55128885420325,0.6835
"6994",10,37,2,"SGP50",1.47512569469026,2.61875710944247,0.254
"6995",10,37,3,"SGP50",2.12754713775225,3.2624953323688,0.772
"6996",10,37,4,"SGP50",0.935681944675732,2.21107491351711,0.385
"6997",10,37,5,"SGP50",3.09383367988655,3.77657038218335,0.904
"6998",10,37,6,"SGP50",8.38136418862175,5.28185358986115,0.975
"6999",10,37,7,"SGP50",1.47436900710334,2.74306235847596,0.4735
"7000",10,37,8,"SGP50",1.26364943469801,2.54187069767832,0.493
"7001",10,37,9,"SGP50",1.62827422666177,2.63792831245677,0.3145
"7002",10,37,10,"SGP50",2.35570785577438,2.88908506781435,0.7855
"7003",10,37,11,"SGP50",1.21636846662225,2.54711468862795,0.4675
"7004",10,37,12,"SGP50",6.32612924636977,4.3484529943218,0.971
"7005",10,37,13,"SGP50",6.26362939367158,4.01367338829154,0.962
"7006",10,37,14,"SGP50",1.73766011149629,2.94175584020671,0.459
"7007",10,37,15,"SGP50",2.43243667993548,3.18597195778655,0.2515
"7008",10,37,16,"SGP50",1.39955205691876,2.57499005067627,0.6
"7009",10,37,17,"SGP50",1.30699911688504,2.53991615301911,0.562
"7010",10,37,18,"SGP50",1.90555175089774,2.69109782509117,0.7305
"7011",10,37,19,"SGP50",1.83513786955598,2.84019892200721,0.34
"7012",10,37,20,"SGP50",2.34662533758757,2.79923643257283,0.8005
"7013",10,37,21,"SGP50",1.44226277601327,2.63302251184253,0.5885
"7014",10,37,22,"SGP50",3.50138085214593,3.02352440681844,0.8645
"7015",10,37,23,"SGP50",2.09842658603883,2.65996433819888,0.677
"7016",10,37,24,"SGP50",1.605684247521,2.75571290753518,0.479
"7017",10,37,25,"SGP50",1.41397229261004,2.65984610745488,0.5245
"7018",10,37,26,"SGP50",1.79954172467589,2.91198950393697,0.335
"7019",10,37,27,"SGP50",4.04910226216182,3.18105883945126,0.9275
"7020",10,37,28,"SGP50",3.66324913460182,3.6136811494725,0.21
"7021",10,37,29,"SGP50",2.47415738574359,2.83784957957378,0.823
"7022",10,37,30,"SGP50",6.9042528382442,4.11301785650086,0.095
"7023",10,37,31,"SGP50",3.69410918703697,3.29344542161633,0.1135
"7024",10,37,32,"SGP50",4.91797488895749,3.58561912036241,0.0735
"7025",10,37,33,"SGP50",4.48515053823659,3.33631120064279,0.096
"7026",10,37,34,"SGP50",1.7088452764347,2.80670029825602,0.403
"7027",10,37,35,"SGP50",2.45667482556978,2.85628354282989,0.2315
"7028",10,37,36,"SGP50",2.27607358700765,2.77316451117229,0.2485
"7029",10,37,37,"SGP50",1.39458098945563,2.65770710448234,0.584
"7030",10,37,38,"SGP50",1.6883843853072,2.72434010547059,0.7105
"7031",10,38,1,"BMA",1.4686376111228,2.6867887862207,0.695
"7032",10,38,2,"BMA",2.23057362989949,2.98852776099065,0.8285
"7033",10,38,3,"BMA",4.18861088039988,3.66405250197488,0.929
"7034",10,38,4,"BMA",1.63455218653113,2.68716837758936,0.6745
"7035",10,38,5,"BMA",5.07405634880785,4.263131113552,0.937
"7036",10,38,6,"BMA",6.62941193213001,4.10347515521359,0.915
"7037",10,38,7,"BMA",4.51963629155981,3.4874880947093,0.767
"7038",10,38,8,"BMA",5.4165909317861,3.61479998687284,0.857
"7039",10,38,9,"BMA",3.19952443033728,3.52988026363461,0.3585
"7040",10,38,10,"BMA",6.23035777543938,3.85772697252294,0.8635
"7041",10,38,11,"BMA",7.47658291446388,3.98070121320335,0.905
"7042",10,38,12,"BMA",2.80952739730468,3.45457001713517,0.5395
"7043",10,38,13,"BMA",2.96438135581736,3.36766803156355,0.493
"7044",10,38,14,"BMA",3.2264127811693,3.47184581891785,0.522
"7045",10,38,15,"BMA",2.7960290404679,3.18030250575852,0.593
"7046",10,38,16,"BMA",13.4083078508492,5.53633839739154,0.9855
"7047",10,38,17,"BMA",12.6391966149581,5.44550127779995,0.981
"7048",10,38,18,"BMA",2.36708899040679,3.17983185095705,0.5285
"7049",10,38,19,"BMA",2.35411912728901,3.11565167075803,0.3395
"7050",10,38,20,"BMA",1.7044773058899,2.93286374081566,0.4725
"7051",10,38,21,"BMA",2.1438959558746,2.95948554437745,0.625
"7052",10,38,22,"BMA",3.53861257553617,3.28848060067463,0.21
"7053",10,38,23,"BMA",1.99478273367307,3.01556284388016,0.58
"7054",10,38,24,"BMA",4.67047635973005,3.58869452982546,0.1515
"7055",10,38,25,"BMA",10.6400010442848,4.88715546320395,0.0325
"7056",10,38,26,"BMA",9.48240081930694,4.38877890553916,0.06
"7057",10,38,27,"BMA",3.08954860678748,3.19212505267735,0.2755
"7058",10,38,28,"BMA",1.78884475797506,2.90452522555841,0.449
"7059",10,38,29,"BMA",1.72278958621798,2.87049596144489,0.572
"7060",10,38,30,"BMA",1.57672012194296,2.87869372097112,0.533
"7061",10,38,31,"BMA",4.5791687446652,3.34946606052092,0.126
"7062",10,38,32,"BMA",3.21408965724633,3.05166563519645,0.1795
"7063",10,38,33,"BMA",1.24077740652362,2.60353917021748,0.56
"7064",10,38,34,"BMA",1.66573966650937,2.67877900603383,0.6815
"7065",10,38,35,"BMA",1.00853566066771,2.53213813146671,0.4755
"7066",10,38,36,"BMA",3.21761735125521,3.15385304626723,0.8765
"7067",10,38,37,"BMA",6.30553058945969,4.31600352680863,0.9735
"7068",10,38,38,"BMA",4.39205604189276,3.6032397590545,0.909
"7069",10,38,1,"AVS",1.4686376111228,2.74225756419561,0.664
"7070",10,38,2,"AVS",2.49697616621042,2.86733142210709,0.864
"7071",10,38,3,"AVS",4.57227338939299,3.97049549408097,0.9535
"7072",10,38,4,"AVS",1.47577364795419,2.67506370309469,0.6175
"7073",10,38,5,"AVS",5.03032172826167,4.26775429135618,0.924
"7074",10,38,6,"AVS",7.3349979417513,4.23567325168645,0.927
"7075",10,38,7,"AVS",2.89084044069029,3.08700591467972,0.63
"7076",10,38,8,"AVS",3.24206483750775,3.17740786998159,0.9005
"7077",10,38,9,"AVS",6.42508951293067,4.55538426382284,0.028
"7078",10,38,10,"AVS",5.50689466479512,3.69445923833869,0.8685
"7079",10,38,11,"AVS",5.55367744612566,3.8793899792866,0.944
"7080",10,38,12,"AVS",6.93243057876487,4.83196252592667,0.0215
"7081",10,38,13,"AVS",3.2675475794689,3.5236330558657,0.3295
"7082",10,38,14,"AVS",3.21667571868363,3.45705586518434,0.4975
"7083",10,38,15,"AVS",2.86966476333484,3.24418200214032,0.6145
"7084",10,38,16,"AVS",13.4971242687283,5.55542122543538,0.9885
"7085",10,38,17,"AVS",10.4408591580545,4.32076587881789,0.919
"7086",10,38,18,"AVS",13.1742059052963,6.34252519468981,0.003
"7087",10,38,19,"AVS",3.07559747246295,3.2317284207262,0.268
"7088",10,38,20,"AVS",1.67256060393665,2.90256455395484,0.439
"7089",10,38,21,"AVS",2.05400941228894,2.95837423269587,0.6245
"7090",10,38,22,"AVS",3.610179374745,3.29460068024441,0.213
"7091",10,38,23,"AVS",1.8795336411313,3.0019609250982,0.586
"7092",10,38,24,"AVS",4.70389696581052,3.47308682873486,0.15
"7093",10,38,25,"AVS",11.0636710460217,5.06519032635992,0.0185
"7094",10,38,26,"AVS",11.6331917333259,4.96079417983737,0.019
"7095",10,38,27,"AVS",3.4793618519745,3.30149875740227,0.2325
"7096",10,38,28,"AVS",2.19174936794979,2.96428225314643,0.357
"7097",10,38,29,"AVS",2.11833286196452,3.03094049956405,0.401
"7098",10,38,30,"AVS",3.18588184186781,3.14979276910359,0.2365
"7099",10,38,31,"AVS",7.36370621902102,4.0586242026742,0.0515
"7100",10,38,32,"AVS",1.77389459422143,2.99192278595588,0.4725
"7101",10,38,33,"AVS",3.86783138843888,3.19254813153399,0.8355
"7102",10,38,34,"AVS",1.71154529307944,2.77247561064779,0.6795
"7103",10,38,35,"AVS",1.05075013603697,2.54883787006106,0.5125
"7104",10,38,36,"AVS",3.41609974133631,3.22261170169704,0.886
"7105",10,38,37,"AVS",6.37803458997475,4.47774906293579,0.976
"7106",10,38,38,"AVS",1.71119185024909,2.91744016661801,0.5155
"7107",10,38,1,"EQW",1.4686376111228,2.67935714560272,0.6675
"7108",10,38,2,"EQW",2.0311226796229,2.94631683449495,0.747
"7109",10,38,3,"EQW",3.653483865055,3.70816242260646,0.8685
"7110",10,38,4,"EQW",1.63142927949773,2.60120396574777,0.6645
"7111",10,38,5,"EQW",4.52909317138886,3.78644492265844,0.895
"7112",10,38,6,"EQW",6.2706419848498,4.24361226895049,0.935
"7113",10,38,7,"EQW",3.19647731850833,3.25731888824384,0.7305
"7114",10,38,8,"EQW",6.38537045453638,3.78590276372606,0.8975
"7115",10,38,9,"EQW",2.8224339529458,3.53167815869192,0.4985
"7116",10,38,10,"EQW",7.50502488060306,3.9937889060446,0.933
"7117",10,38,11,"EQW",8.62448763642477,4.15980418216879,0.94
"7118",10,38,12,"EQW",3.25200010013265,3.61489014314318,0.5465
"7119",10,38,13,"EQW",2.60887259920555,3.4176441621393,0.4105
"7120",10,38,14,"EQW",2.98206942050283,3.36363590602735,0.3475
"7121",10,38,15,"EQW",2.12345953636211,2.98557674024465,0.431
"7122",10,38,16,"EQW",9.96832440379227,4.64454485307993,0.9345
"7123",10,38,17,"EQW",5.01824289221108,3.47281575119265,0.802
"7124",10,38,18,"EQW",4.50942007119059,3.7031892661715,0.3055
"7125",10,38,19,"EQW",3.73803952062571,3.42343565373769,0.2425
"7126",10,38,20,"EQW",1.79462524515028,2.94841183082519,0.4575
"7127",10,38,21,"EQW",2.12991683229516,2.9520743467351,0.6245
"7128",10,38,22,"EQW",3.99720315700544,3.58267888370245,0.241
"7129",10,38,23,"EQW",3.51698714134646,3.32004580335977,0.748
"7130",10,38,24,"EQW",4.90894283252268,3.79708770956397,0.251
"7131",10,38,25,"EQW",5.47881113375758,3.66201534865262,0.1535
"7132",10,38,26,"EQW",4.90697320606143,3.48246748422686,0.1645
"7133",10,38,27,"EQW",2.35168145919926,3.13909608589445,0.3845
"7134",10,38,28,"EQW",1.82224646234038,3.0223963829126,0.4435
"7135",10,38,29,"EQW",1.68327678052927,2.87750447200893,0.527
"7136",10,38,30,"EQW",1.776897316003,2.87083876195838,0.395
"7137",10,38,31,"EQW",5.85850709836309,3.71668852737674,0.0705
"7138",10,38,32,"EQW",2.68335677422182,3.1101277575664,0.271
"7139",10,38,33,"EQW",1.7444728873645,2.89674820983349,0.602
"7140",10,38,34,"EQW",1.44183113786816,2.68135438964321,0.548
"7141",10,38,35,"EQW",1.73919547560504,2.72213396495503,0.3495
"7142",10,38,36,"EQW",2.58387385083878,2.96478418027487,0.7555
"7143",10,38,37,"EQW",3.2778309111181,3.31561606726769,0.804
"7144",10,38,38,"EQW",2.12654494711102,3.09860765589438,0.6145
"7145",10,38,1,"SGP",1.4686376111228,2.74427704768304,0.6665
"7146",10,38,2,"SGP",2.5570053339951,2.89546976861715,0.888
"7147",10,38,3,"SGP",4.47618320440676,4.25197754077285,0.963
"7148",10,38,4,"SGP",1.37837455191668,2.37901053975829,0.73
"7149",10,38,5,"SGP",5.41815050145195,4.59883168611487,0.9765
"7150",10,38,6,"SGP",6.26396121367053,4.58754610876259,0.9785
"7151",10,38,7,"SGP",1.33112559437146,2.59959231388401,0.427
"7152",10,38,8,"SGP",3.4258566839453,3.22851126054713,0.918
"7153",10,38,9,"SGP",6.25970279783642,4.50485756567033,0.042
"7154",10,38,10,"SGP",3.9491054447394,3.32168654886851,0.9285
"7155",10,38,11,"SGP",5.25311592142238,3.87723940152873,0.9685
"7156",10,38,12,"SGP",6.85975149332231,4.58436397816431,0.0295
"7157",10,38,13,"SGP",5.56894304178051,3.85762745174289,0.0615
"7158",10,38,14,"SGP",4.84310370365665,3.51376590645066,0.058
"7159",10,38,15,"SGP",1.16987340845743,2.59470063686284,0.4515
"7160",10,38,16,"SGP",12.6670551512864,7.85083032137813,0.996
"7161",10,38,17,"SGP",1.37807526264617,2.69552581992483,0.5755
"7162",10,38,18,"SGP",12.9670248865534,6.59185733528701,0.005
"7163",10,38,19,"SGP",7.06296929268206,4.13285553135177,0.049
"7164",10,38,20,"SGP",1.70814792401029,2.76814724076611,0.3765
"7165",10,38,21,"SGP",1.34780067872492,2.65773446227048,0.4725
"7166",10,38,22,"SGP",8.166238017483,4.45609624642847,0.0315
"7167",10,38,23,"SGP",4.12615420167744,3.33051443858622,0.8765
"7168",10,38,24,"SGP",12.4515300561841,5.81196331923447,0.0145
"7169",10,38,25,"SGP",4.45990895312759,3.40931563315354,0.141
"7170",10,38,26,"SGP",2.16171064277749,3.01251053557921,0.333
"7171",10,38,27,"SGP",2.59995450017123,2.93185980933981,0.732
"7172",10,38,28,"SGP",2.25857417147179,2.98847969926438,0.6915
"7173",10,38,29,"SGP",1.87642549838844,2.89164910697063,0.6505
"7174",10,38,30,"SGP",1.7492405059862,2.83719006442518,0.3925
"7175",10,38,31,"SGP",5.07912483391467,3.59224222243495,0.0855
"7176",10,38,32,"SGP",2.01701266421353,2.89487051888444,0.651
"7177",10,38,33,"SGP",4.83723171877267,3.66430816759504,0.9005
"7178",10,38,34,"SGP",1.65064311198203,2.85820453865901,0.596
"7179",10,38,35,"SGP",1.97082953238121,2.90672380978152,0.3275
"7180",10,38,36,"SGP",3.83882647035429,3.32709577278268,0.8485
"7181",10,38,37,"SGP",2.13185605766268,2.8853249059954,0.705
"7182",10,38,38,"SGP",1.63298038945135,2.7994599862101,0.3965
"7183",10,38,1,"SGP50",1.4686376111228,2.65988886823531,0.6705
"7184",10,38,2,"SGP50",2.05600637158672,2.92894967535698,0.745
"7185",10,38,3,"SGP50",3.74691173653003,3.83272193620004,0.88
"7186",10,38,4,"SGP50",1.62394725230267,2.64849448510912,0.709
"7187",10,38,5,"SGP50",4.5889098996891,3.90598641051463,0.9115
"7188",10,38,6,"SGP50",6.24034541928536,4.16732399180131,0.9265
"7189",10,38,7,"SGP50",2.97419694017001,3.1538487224563,0.692
"7190",10,38,8,"SGP50",6.10149789351006,3.7491070222992,0.904
"7191",10,38,9,"SGP50",2.75944961936773,3.50270520803925,0.4615
"7192",10,38,10,"SGP50",7.1145014962961,3.86692349231306,0.924
"7193",10,38,11,"SGP50",8.05217842393261,4.10100022303758,0.949
"7194",10,38,12,"SGP50",3.04928089455451,3.5963322151117,0.4795
"7195",10,38,13,"SGP50",2.67854236089664,3.4271214931159,0.3695
"7196",10,38,14,"SGP50",2.97358268153478,3.34292639985971,0.287
"7197",10,38,15,"SGP50",1.84342963988718,2.98032996121663,0.4355
"7198",10,38,16,"SGP50",10.6229424622661,4.94663907842831,0.959
"7199",10,38,17,"SGP50",3.74326362052343,3.25106768690817,0.745
"7200",10,38,18,"SGP50",6.25834398865162,3.9841132255147,0.2
"7201",10,38,19,"SGP50",4.28800420708197,3.41524886738708,0.172
"7202",10,38,20,"SGP50",1.74000388427255,2.92423456474185,0.426
"7203",10,38,21,"SGP50",1.81385433174479,2.89880467886113,0.5795
"7204",10,38,22,"SGP50",4.99352234114058,3.67553154366398,0.1865
"7205",10,38,23,"SGP50",3.34983473975773,3.24898382308888,0.768
"7206",10,38,24,"SGP50",6.55536457306941,4.00280980730211,0.1475
"7207",10,38,25,"SGP50",5.82476183975722,3.66025974907223,0.1285
"7208",10,38,26,"SGP50",4.50311892290519,3.42072467175794,0.1805
"7209",10,38,27,"SGP50",2.13098555015138,3.13926955605414,0.4395
"7210",10,38,28,"SGP50",1.81815663456507,3.05276679234544,0.493
"7211",10,38,29,"SGP50",1.71821242163369,2.97436325906295,0.5215
"7212",10,38,30,"SGP50",1.93686167968533,2.95064192405059,0.3645
"7213",10,38,31,"SGP50",6.1553201762606,3.67726867982501,0.09
"7214",10,38,32,"SGP50",2.29238484832399,3.11242220985261,0.374
"7215",10,38,33,"SGP50",2.15026070761185,2.97877600267775,0.666
"7216",10,38,34,"SGP50",1.48982507942916,2.73059422086989,0.5205
"7217",10,38,35,"SGP50",1.94852766735722,2.80567887250323,0.312
"7218",10,38,36,"SGP50",2.65944744165368,2.99347624590902,0.7605
"7219",10,38,37,"SGP50",2.83521976496801,3.21885520446173,0.763
"7220",10,38,38,"SGP50",1.8458275749705,3.01799421580697,0.5715
"7221",10,39,1,"BMA",10.2359144427248,4.37420164003362,0.8435
"7222",10,39,2,"BMA",14.9698187727446,4.60720763835648,0.1165
"7223",10,39,3,"BMA",3.66723718652509,3.64825367186738,0.3975
"7224",10,39,4,"BMA",3.75682763404539,3.48213362864669,0.657
"7225",10,39,5,"BMA",5.57486260470377,3.98102582767573,0.7775
"7226",10,39,6,"BMA",17.1282803704933,5.0583156209981,0.9505
"7227",10,39,7,"BMA",8.22938299854715,4.19115634629414,0.163
"7228",10,39,8,"BMA",3.66109789193431,3.49529253777657,0.6465
"7229",10,39,9,"BMA",3.87341521484327,3.48245324721502,0.2515
"7230",10,39,10,"BMA",2.50538271265257,3.25732247980893,0.5685
"7231",10,39,11,"BMA",2.76739647229053,3.19222055230305,0.332
"7232",10,39,12,"BMA",4.29480411170592,3.46942218945479,0.192
"7233",10,39,13,"BMA",2.67090669265513,3.12232300828169,0.3015
"7234",10,39,14,"BMA",4.8201026178758,3.55229585914246,0.1465
"7235",10,39,15,"BMA",3.14439779789957,3.11251380681127,0.2365
"7236",10,39,16,"BMA",2.10121007409193,2.92104025523005,0.3055
"7237",10,39,17,"BMA",1.46366934129904,2.72016305111509,0.413
"7238",10,39,18,"BMA",1.44494656777312,2.62531085677095,0.3625
"7239",10,39,19,"BMA",1.10957636292729,2.39083438043224,0.483
"7240",10,39,20,"BMA",1.04112885634209,2.35889869519542,0.3955
"7241",10,39,21,"BMA",7.88812833195506,5.51160482083508,0.0025
"7242",10,39,22,"BMA",4.83834380381532,3.97383454990177,0.047
"7243",10,39,23,"BMA",1.39109732040472,2.53333583891399,0.6815
"7244",10,39,24,"BMA",1.00528319363647,2.32287644547439,0.566
"7245",10,39,25,"BMA",0.828076099597577,2.18071185706992,0.504
"7246",10,39,26,"BMA",0.773615301585514,2.20600284633962,0.5205
"7247",10,39,27,"BMA",3.01144888636018,3.1529223958889,0.916
"7248",10,39,28,"BMA",2.88412666405175,3.14090188789179,0.908
"7249",10,39,29,"BMA",1.13124542357935,2.31109055079374,0.703
"7250",10,39,30,"BMA",0.779403908722121,2.15350530152682,0.5675
"7251",10,39,31,"BMA",1.33513602864024,2.40044000638429,0.7775
"7252",10,39,32,"BMA",0.709742363206018,1.99822175103034,0.582
"7253",10,39,33,"BMA",1.82377988439468,2.47669071375879,0.128
"7254",10,39,34,"BMA",1.73354107879843,2.41139518712065,0.1265
"7255",10,39,35,"BMA",4.41117882640561,4.75930603044635,0.001
"7256",10,39,36,"BMA",1.12799803924921,2.01576771131905,0.174
"7257",10,39,37,"BMA",1.12961200942007,2.18217155860155,0.78
"7258",10,39,38,"BMA",0.669292361385351,1.76450954890429,0.3305
"7259",10,39,1,"AVS",10.2359144427248,4.40207023953779,0.839
"7260",10,39,2,"AVS",23.7421596588277,5.15954560369776,0.043
"7261",10,39,3,"AVS",3.62884494039948,3.59075235156891,0.3745
"7262",10,39,4,"AVS",4.1865819999445,3.60848011727626,0.733
"7263",10,39,5,"AVS",7.57214645496016,4.1847424873803,0.887
"7264",10,39,6,"AVS",14.4523604279869,4.67316982474814,0.9345
"7265",10,39,7,"AVS",10.169185814754,4.28034451958264,0.105
"7266",10,39,8,"AVS",3.39003024471423,3.4923516793481,0.6265
"7267",10,39,9,"AVS",4.46055679846915,3.58389977048027,0.276
"7268",10,39,10,"AVS",3.01020141400847,3.39350634514065,0.5885
"7269",10,39,11,"AVS",3.40144618104156,3.39880525193917,0.34
"7270",10,39,12,"AVS",4.47310230317145,3.63262555497206,0.2465
"7271",10,39,13,"AVS",2.75954339020883,3.27727158106531,0.371
"7272",10,39,14,"AVS",4.92067687679723,3.51031334262473,0.238
"7273",10,39,15,"AVS",3.08921865078509,3.37050193707778,0.3395
"7274",10,39,16,"AVS",2.66984338570977,3.31663879369161,0.3815
"7275",10,39,17,"AVS",2.58588935706341,3.24325309493021,0.4175
"7276",10,39,18,"AVS",2.86675519249282,3.31030058960947,0.3605
"7277",10,39,19,"AVS",2.5310343068277,3.24921827969072,0.4135
"7278",10,39,20,"AVS",2.75944856849263,3.21244050278927,0.3045
"7279",10,39,21,"AVS",7.60073049625439,3.85391300356694,0.098
"7280",10,39,22,"AVS",2.36236734134615,3.15623785295149,0.395
"7281",10,39,23,"AVS",2.98477814449222,3.17830975902953,0.6975
"7282",10,39,24,"AVS",2.30924390470715,3.04202992407294,0.3705
"7283",10,39,25,"AVS",1.98183007466303,3.10643705410584,0.4085
"7284",10,39,26,"AVS",1.58504855137944,2.75362004445347,0.457
"7285",10,39,27,"AVS",2.62466358421513,3.0987977167407,0.8285
"7286",10,39,28,"AVS",1.97087817249957,3.03604640899761,0.694
"7287",10,39,29,"AVS",1.64870024428612,2.84574187346733,0.4525
"7288",10,39,30,"AVS",1.06890014785104,2.34606689339629,0.5125
"7289",10,39,31,"AVS",1.32068013495254,2.45305566020033,0.7335
"7290",10,39,32,"AVS",0.755719916632435,2.09028288587059,0.578
"7291",10,39,33,"AVS",1.83072868427615,2.40965060890169,0.1425
"7292",10,39,34,"AVS",1.72373191416582,2.41909326186729,0.1205
"7293",10,39,35,"AVS",4.37621720775853,5.27850435605664,0.003
"7294",10,39,36,"AVS",1.07701938829496,2.09265918439483,0.223
"7295",10,39,37,"AVS",1.14865513778573,2.29126667428034,0.786
"7296",10,39,38,"AVS",0.681263754793359,1.71130560228391,0.3335
"7297",10,39,1,"EQW",10.2359144427248,4.38445835655828,0.8415
"7298",10,39,2,"EQW",13.2904328636167,4.55454454248938,0.1545
"7299",10,39,3,"EQW",4.77731121826099,3.73129711155097,0.341
"7300",10,39,4,"EQW",3.33612011198615,3.51430942932332,0.5005
"7301",10,39,5,"EQW",3.35462921380633,3.65529003828668,0.5315
"7302",10,39,6,"EQW",10.1329450729176,4.33959254432044,0.897
"7303",10,39,7,"EQW",5.95798194701389,4.08299692222723,0.332
"7304",10,39,8,"EQW",4.98134838938772,3.63886674537695,0.708
"7305",10,39,9,"EQW",4.03895555957414,3.7211492594913,0.4
"7306",10,39,10,"EQW",4.66314889677096,3.53601042169172,0.671
"7307",10,39,11,"EQW",3.6732625565081,3.52999922262961,0.494
"7308",10,39,12,"EQW",3.85377376886691,3.67405575569667,0.417
"7309",10,39,13,"EQW",3.31900232405673,3.51173422253452,0.5345
"7310",10,39,14,"EQW",3.58759006134239,3.64012903410272,0.393
"7311",10,39,15,"EQW",3.11563084575799,3.53006868132846,0.4615
"7312",10,39,16,"EQW",2.8282873851085,3.3072941513279,0.49
"7313",10,39,17,"EQW",2.80469020575876,3.27631822702683,0.5255
"7314",10,39,18,"EQW",2.65161531933177,3.18062486388285,0.519
"7315",10,39,19,"EQW",2.68373645120421,3.18646185501882,0.565
"7316",10,39,20,"EQW",2.4445146252781,3.17050556696297,0.512
"7317",10,39,21,"EQW",4.95753968701613,3.88297109005704,0.251
"7318",10,39,22,"EQW",2.47705751042952,3.40740665068118,0.415
"7319",10,39,23,"EQW",4.20557923070238,3.28905673364044,0.807
"7320",10,39,24,"EQW",2.18960803057399,3.08656403489404,0.536
"7321",10,39,25,"EQW",2.05961101565453,2.96384823109699,0.586
"7322",10,39,26,"EQW",1.99968965914241,2.94151483411261,0.589
"7323",10,39,27,"EQW",3.93979382703998,3.35579386789483,0.8115
"7324",10,39,28,"EQW",2.88740393045245,3.31530602302043,0.6885
"7325",10,39,29,"EQW",2.12183654444345,2.99560960921792,0.6185
"7326",10,39,30,"EQW",1.95574264498778,2.93852186513311,0.5995
"7327",10,39,31,"EQW",2.61234922530714,2.98599169838369,0.7235
"7328",10,39,32,"EQW",1.89574319564885,2.85169948763699,0.5755
"7329",10,39,33,"EQW",1.8568211078165,3.01056340804002,0.4315
"7330",10,39,34,"EQW",1.68952857994794,2.98269339282277,0.52
"7331",10,39,35,"EQW",1.96201664403784,3.15321598078144,0.3795
"7332",10,39,36,"EQW",1.6174474317993,2.79972129440702,0.6085
"7333",10,39,37,"EQW",2.51447676553137,2.8849570674028,0.78
"7334",10,39,38,"EQW",1.41952552810999,2.66216271288907,0.466
"7335",10,39,1,"SGP",10.2359144427248,4.37915936644012,0.8415
"7336",10,39,2,"SGP",9.05045187483377,4.12484584913002,0.1375
"7337",10,39,3,"SGP",3.66945071391888,3.54593043456797,0.382
"7338",10,39,4,"SGP",3.96398811264185,3.47502021258495,0.6955
"7339",10,39,5,"SGP",7.05071990014658,3.96568209578375,0.847
"7340",10,39,6,"SGP",24.7388655062388,6.31052242018366,0.9835
"7341",10,39,7,"SGP",17.9927979558471,6.00524472508663,0.018
"7342",10,39,8,"SGP",3.46440580456554,3.51032872235505,0.627
"7343",10,39,9,"SGP",7.80993982770327,3.90406170598161,0.133
"7344",10,39,10,"SGP",2.88523493189205,3.41129988367755,0.5905
"7345",10,39,11,"SGP",3.56520061985484,3.49939168656075,0.3135
"7346",10,39,12,"SGP",4.09269250274751,3.47713985335286,0.2795
"7347",10,39,13,"SGP",2.55007776453571,3.23517300392436,0.506
"7348",10,39,14,"SGP",3.35017492939077,3.4024554825937,0.3415
"7349",10,39,15,"SGP",3.06297655396281,3.40612882591541,0.3535
"7350",10,39,16,"SGP",2.45004121863561,3.2203619384431,0.393
"7351",10,39,17,"SGP",2.47923174983863,3.27560966342557,0.422
"7352",10,39,18,"SGP",2.55736107752608,3.21350679667252,0.384
"7353",10,39,19,"SGP",1.09184201601735,2.44151621652527,0.5015
"7354",10,39,20,"SGP",1.03889211869987,2.43246191620167,0.392
"7355",10,39,21,"SGP",7.8502218315768,5.3389094271154,0.0045
"7356",10,39,22,"SGP",4.97530032645745,4.01007997193904,0.039
"7357",10,39,23,"SGP",1.28948348318431,2.47423414019427,0.6695
"7358",10,39,24,"SGP",0.984584590272259,2.3150069967988,0.579
"7359",10,39,25,"SGP",0.821226124299945,2.19306607367691,0.57
"7360",10,39,26,"SGP",0.775104457424834,2.17559582684132,0.5365
"7361",10,39,27,"SGP",3.01230918213971,3.31231839464702,0.9145
"7362",10,39,28,"SGP",2.87379573898924,3.08911888670468,0.9075
"7363",10,39,29,"SGP",1.13331086064345,2.27973061782017,0.7125
"7364",10,39,30,"SGP",0.784376383744588,2.12017478441595,0.55
"7365",10,39,31,"SGP",1.33871122878107,2.3347025320388,0.765
"7366",10,39,32,"SGP",0.715997792140918,2.02121372564458,0.592
"7367",10,39,33,"SGP",1.81848101945026,2.43726442672716,0.1275
"7368",10,39,34,"SGP",1.718974258745,2.42131646727549,0.1315
"7369",10,39,35,"SGP",4.36806061281451,4.82952747526431,0.006
"7370",10,39,36,"SGP",1.11786514215529,1.93487154450459,0.2095
"7371",10,39,37,"SGP",1.13616671947533,2.18787141045287,0.7995
"7372",10,39,38,"SGP",0.673829525128111,1.72440980949175,0.3295
"7373",10,39,1,"SGP50",10.2359144427248,4.38581697748776,0.8365
"7374",10,39,2,"SGP50",12.9904821097841,4.50890268926551,0.137
"7375",10,39,3,"SGP50",4.52971323624642,3.71542883659721,0.342
"7376",10,39,4,"SGP50",3.28563450345189,3.56103013871251,0.4935
"7377",10,39,5,"SGP50",3.49142119885646,3.73687851460886,0.5255
"7378",10,39,6,"SGP50",10.3212196529005,4.21260630457811,0.886
"7379",10,39,7,"SGP50",6.51974641785615,4.22995865561427,0.3225
"7380",10,39,8,"SGP50",5.13979157680173,3.62460083634989,0.6975
"7381",10,39,9,"SGP50",4.18104190360634,3.73175989478613,0.401
"7382",10,39,10,"SGP50",4.24641016685982,3.53147383533897,0.6715
"7383",10,39,11,"SGP50",3.32924910664063,3.49988313429319,0.453
"7384",10,39,12,"SGP50",3.76920063628212,3.66037918954845,0.359
"7385",10,39,13,"SGP50",2.77582017371774,3.41879953201615,0.473
"7386",10,39,14,"SGP50",3.66776319163434,3.555212071897,0.3245
"7387",10,39,15,"SGP50",2.90011200498423,3.38325134470507,0.3875
"7388",10,39,16,"SGP50",2.41870119881728,3.25194540281733,0.4165
"7389",10,39,17,"SGP50",2.22669049688189,3.05786809502824,0.4795
"7390",10,39,18,"SGP50",2.19778814177184,2.97225452705143,0.4245
"7391",10,39,19,"SGP50",1.97186669766977,2.98196237412989,0.52
"7392",10,39,20,"SGP50",1.96010199990016,2.96517361823017,0.4155
"7393",10,39,21,"SGP50",6.44914299840469,3.99337558891383,0.137
"7394",10,39,22,"SGP50",2.75953415475665,3.38979982818752,0.32
"7395",10,39,23,"SGP50",3.21518887102039,3.09412593027309,0.779
"7396",10,39,24,"SGP50",1.80532621317303,2.86424127417498,0.4535
"7397",10,39,25,"SGP50",1.47742881793437,2.70123274977913,0.526
"7398",10,39,26,"SGP50",1.44663301397294,2.65830332670663,0.5235
"7399",10,39,27,"SGP50",3.07914259966013,3.24831367659653,0.8025
"7400",10,39,28,"SGP50",2.22360158951905,3.11842579510063,0.683
"7401",10,39,29,"SGP50",1.47429461983469,2.67845028538707,0.5555
"7402",10,39,30,"SGP50",1.29400693109277,2.50107965379602,0.53
"7403",10,39,31,"SGP50",1.73850256916502,2.67905072147977,0.701
"7404",10,39,32,"SGP50",1.20531429936692,2.51891998535924,0.535
"7405",10,39,33,"SGP50",1.78742499420075,2.73742798913477,0.2865
"7406",10,39,34,"SGP50",1.44226378645582,2.66823586923618,0.339
"7407",10,39,35,"SGP50",2.79867442033306,3.47326479586472,0.2075
"7408",10,39,36,"SGP50",1.12878021809653,2.41597141211135,0.4195
"7409",10,39,37,"SGP50",1.67778247681762,2.5675878399949,0.781
"7410",10,39,38,"SGP50",1.06233739310419,2.22470712401245,0.3915
"7411",10,40,1,"BMA",2.20489723239207,3.16543677205798,0.556
"7412",10,40,2,"BMA",1.71138997418733,2.82055310937006,0.577
"7413",10,40,3,"BMA",1.2957213459133,2.64049916770711,0.5305
"7414",10,40,4,"BMA",1.14807681832657,2.44031888625096,0.5845
"7415",10,40,5,"BMA",0.891125613930383,2.30077473886578,0.477
"7416",10,40,6,"BMA",12.9113691104631,7.83702941154775,0.999
"7417",10,40,7,"BMA",5.29519056330969,3.57750992595738,0.823
"7418",10,40,8,"BMA",4.59278683540399,3.60298955026156,0.804
"7419",10,40,9,"BMA",10.1731544661207,4.47279100205595,0.9375
"7420",10,40,10,"BMA",8.23550377953678,4.0855707142963,0.888
"7421",10,40,11,"BMA",16.9301563540311,5.45084285588904,0.9735
"7422",10,40,12,"BMA",5.26641392880585,3.68215165756923,0.7605
"7423",10,40,13,"BMA",7.85547607609611,3.98988896165849,0.15
"7424",10,40,14,"BMA",6.9169669930449,4.11581987449371,0.246
"7425",10,40,15,"BMA",6.06365471435518,4.07871872785039,0.3385
"7426",10,40,16,"BMA",4.22945535758623,3.88297411210102,0.493
"7427",10,40,17,"BMA",12.8790413160927,4.6900192805061,0.909
"7428",10,40,18,"BMA",3.51016401577284,3.56263375326973,0.6115
"7429",10,40,19,"BMA",5.73436467232404,3.72126740973859,0.7945
"7430",10,40,20,"BMA",5.41378538962779,3.71978071106419,0.8015
"7431",10,40,21,"BMA",3.26221146208759,3.4396222822432,0.3515
"7432",10,40,22,"BMA",3.77977825854217,3.41515875849641,0.736
"7433",10,40,23,"BMA",2.98855877600418,3.34593438618157,0.6715
"7434",10,40,24,"BMA",3.86303422976688,3.42240198035168,0.7525
"7435",10,40,25,"BMA",2.29471752046492,3.23216109268861,0.4955
"7436",10,40,26,"BMA",1.97318279252304,3.07511004833564,0.486
"7437",10,40,27,"BMA",2.47752400055454,3.06274398585231,0.3415
"7438",10,40,28,"BMA",4.9061758580013,3.38807781453423,0.1315
"7439",10,40,29,"BMA",7.14713677946757,4.01744239714444,0.0575
"7440",10,40,30,"BMA",3.20718573526162,3.17079176306507,0.2075
"7441",10,40,31,"BMA",6.96515901511438,3.84557532111993,0.07
"7442",10,40,32,"BMA",3.05523688685432,3.2794593250501,0.273
"7443",10,40,33,"BMA",2.41686364534851,3.10919716779043,0.3205
"7444",10,40,34,"BMA",2.82912000504544,3.10956616566132,0.2615
"7445",10,40,35,"BMA",2.37296214160984,3.07750339245409,0.6845
"7446",10,40,36,"BMA",1.71764579783347,2.87633412910939,0.4155
"7447",10,40,37,"BMA",1.62877337820708,2.91674003155064,0.6015
"7448",10,40,38,"BMA",1.62039636168436,2.80884885313695,0.6065
"7449",10,40,1,"AVS",2.20489723239207,3.18872174870519,0.553
"7450",10,40,2,"AVS",1.65353357943616,2.7245740726071,0.644
"7451",10,40,3,"AVS",1.22667346221508,2.5583852012908,0.57
"7452",10,40,4,"AVS",1.09880566231206,2.3801642526202,0.613
"7453",10,40,5,"AVS",0.8308406918124,2.20794947292377,0.454
"7454",10,40,6,"AVS",12.7458805810874,22.3431449671409,1
"7455",10,40,7,"AVS",1.73544553569726,2.72232402802289,0.3385
"7456",10,40,8,"AVS",1.4060959850558,2.66769835001944,0.6595
"7457",10,40,9,"AVS",7.1273586897919,4.52843231966611,0.979
"7458",10,40,10,"AVS",2.53819462401274,2.8907486101759,0.7695
"7459",10,40,11,"AVS",12.8231629818024,6.41864194498265,0.9975
"7460",10,40,12,"AVS",7.34420538916767,3.90346267940928,0.055
"7461",10,40,13,"AVS",14.6215141424876,7.69484521900255,5e-04
"7462",10,40,14,"AVS",7.20972691666394,3.99645095594497,0.0755
"7463",10,40,15,"AVS",7.18955685522728,3.95750024371204,0.093
"7464",10,40,16,"AVS",5.23322157273952,3.53736977534178,0.144
"7465",10,40,17,"AVS",4.61726877065133,3.38269079058857,0.801
"7466",10,40,18,"AVS",5.01949951309677,3.47312403926939,0.19
"7467",10,40,19,"AVS",2.2005743054056,3.10094059291958,0.5335
"7468",10,40,20,"AVS",1.96262540202539,3.07375678216567,0.5045
"7469",10,40,21,"AVS",8.03566989804878,4.04056463905056,0.071
"7470",10,40,22,"AVS",2.39077346560547,3.16919016072949,0.6445
"7471",10,40,23,"AVS",2.46195245308899,3.13727213851724,0.362
"7472",10,40,24,"AVS",1.82975078365693,3.01139946749759,0.5045
"7473",10,40,25,"AVS",3.66988993424854,3.36647274177334,0.2385
"7474",10,40,26,"AVS",2.75658679207246,3.16369952146089,0.303
"7475",10,40,27,"AVS",4.18873326386019,3.4364560372866,0.1965
"7476",10,40,28,"AVS",5.72018564699171,3.74698338326941,0.1345
"7477",10,40,29,"AVS",4.99222183479246,3.55230347888051,0.16
"7478",10,40,30,"AVS",1.91112540485796,2.99590635872485,0.434
"7479",10,40,31,"AVS",4.94156570654473,3.52623606482834,0.153
"7480",10,40,32,"AVS",1.96660390843177,3.07965534937568,0.432
"7481",10,40,33,"AVS",2.00405809275634,3.04586893998483,0.389
"7482",10,40,34,"AVS",2.44416327513146,3.06876869821668,0.3285
"7483",10,40,35,"AVS",2.75691504251743,3.16776789326995,0.717
"7484",10,40,36,"AVS",1.92503249861098,3.02255002775122,0.393
"7485",10,40,37,"AVS",1.71310903448557,2.95030094948044,0.5525
"7486",10,40,38,"AVS",1.6655365042873,2.89139815206014,0.499
"7487",10,40,1,"EQW",2.20489723239207,3.14035877250403,0.556
"7488",10,40,2,"EQW",1.9290436782143,3.02395375826292,0.5115
"7489",10,40,3,"EQW",1.6638800774692,2.89554046284331,0.466
"7490",10,40,4,"EQW",1.49028873304539,2.65877570646965,0.5615
"7491",10,40,5,"EQW",1.4764151138392,2.67054668224999,0.573
"7492",10,40,6,"EQW",13.3116465730761,6.17574388843873,0.989
"7493",10,40,7,"EQW",3.18132970652262,3.21947454182621,0.665
"7494",10,40,8,"EQW",4.1231171475352,3.30409017732632,0.796
"7495",10,40,9,"EQW",10.2544292802271,4.65145250930114,0.9625
"7496",10,40,10,"EQW",6.72916507614777,3.70169904296741,0.8815
"7497",10,40,11,"EQW",17.0771287291168,6.33013481623726,0.9935
"7498",10,40,12,"EQW",4.50977219105761,3.77660194587191,0.594
"7499",10,40,13,"EQW",7.24851505459806,4.23660262065732,0.201
"7500",10,40,14,"EQW",5.25317398900988,3.80712302654785,0.22
"7501",10,40,15,"EQW",6.62302958102471,3.98334433407278,0.201
"7502",10,40,16,"EQW",5.71709845830019,3.8615788923275,0.2325
"7503",10,40,17,"EQW",6.65797237029492,3.83330956602608,0.8215
"7504",10,40,18,"EQW",3.7248189093732,3.73216772159003,0.3415
"7505",10,40,19,"EQW",3.48747458309574,3.37554103056627,0.662
"7506",10,40,20,"EQW",3.39817899982228,3.42736265825522,0.6435
"7507",10,40,21,"EQW",4.51223971887083,3.7115932581571,0.2795
"7508",10,40,22,"EQW",3.59916551011717,3.2959947281372,0.71
"7509",10,40,23,"EQW",2.83752647724715,3.41180266238462,0.5805
"7510",10,40,24,"EQW",3.56150806318739,3.36661292870598,0.6905
"7511",10,40,25,"EQW",2.71555330845301,3.38244711808565,0.4935
"7512",10,40,26,"EQW",2.4058769037572,3.21820555386449,0.5485
"7513",10,40,27,"EQW",2.41613959269249,3.28046255340789,0.453
"7514",10,40,28,"EQW",3.19544722873511,3.28774210073803,0.295
"7515",10,40,29,"EQW",3.70069965582733,3.3876036889174,0.229
"7516",10,40,30,"EQW",1.99796790928894,3.02580583714123,0.467
"7517",10,40,31,"EQW",3.99856613292673,3.3359641406146,0.2025
"7518",10,40,32,"EQW",2.29003487203537,3.10734139730619,0.3675
"7519",10,40,33,"EQW",2.05495585996904,3.03982797164024,0.3605
"7520",10,40,34,"EQW",2.54198273408606,3.12203887562527,0.2835
"7521",10,40,35,"EQW",2.18214800599662,2.95729379714052,0.688
"7522",10,40,36,"EQW",1.43037925007469,2.75788732445331,0.5055
"7523",10,40,37,"EQW",1.94021427860296,2.89067990698459,0.697
"7524",10,40,38,"EQW",1.94844009227508,2.97134342643991,0.6915
"7525",10,40,1,"SGP",2.20489723239207,3.12971316005767,0.554
"7526",10,40,2,"SGP",1.62411845118609,2.71012310180595,0.6295
"7527",10,40,3,"SGP",1.22718844647765,2.65100387547914,0.568
"7528",10,40,4,"SGP",1.09071329481415,2.35587206833025,0.599
"7529",10,40,5,"SGP",0.852348385557369,2.27109284291941,0.4475
"7530",10,40,6,"SGP",12.6938677050947,8.27172997337638,0.999
"7531",10,40,7,"SGP",1.6798673873232,2.78444468611541,0.381
"7532",10,40,8,"SGP",1.52158822434169,2.62533925148161,0.6695
"7533",10,40,9,"SGP",7.28332160324688,4.46458618133308,0.9815
"7534",10,40,10,"SGP",2.65654422666807,2.94169574187714,0.799
"7535",10,40,11,"SGP",12.9366263645062,6.17558177570835,0.9985
"7536",10,40,12,"SGP",6.98005437425023,4.03060783936097,0.071
"7537",10,40,13,"SGP",14.3623346153713,6.89158915187244,0.0075
"7538",10,40,14,"SGP",7.24073390503114,3.94345371382235,0.0735
"7539",10,40,15,"SGP",9.33708381217143,4.56800595189235,0.0495
"7540",10,40,16,"SGP",8.35573156401876,4.23890046737252,0.0595
"7541",10,40,17,"SGP",8.15982250714228,4.17784780279878,0.9375
"7542",10,40,18,"SGP",7.50342771909952,4.03876031642546,0.095
"7543",10,40,19,"SGP",2.22182487928712,3.21285158210841,0.5845
"7544",10,40,20,"SGP",2.1154076471293,3.11997315400753,0.399
"7545",10,40,21,"SGP",10.2257908633057,4.78240662419239,0.035
"7546",10,40,22,"SGP",2.36058645819449,3.14771950649321,0.6515
"7547",10,40,23,"SGP",2.31537400928339,3.20002932219984,0.3695
"7548",10,40,24,"SGP",1.89617836653588,2.96338814893432,0.5195
"7549",10,40,25,"SGP",3.44620708462139,3.24532733799309,0.2455
"7550",10,40,26,"SGP",1.9254708523747,3.0275564826014,0.4525
"7551",10,40,27,"SGP",2.570188346731,3.16459834145505,0.3065
"7552",10,40,28,"SGP",2.79113522385239,3.10776894445978,0.284
"7553",10,40,29,"SGP",2.18001848731406,3.10343139210722,0.3835
"7554",10,40,30,"SGP",3.28986178379094,3.25267362249295,0.7635
"7555",10,40,31,"SGP",2.19288094427646,3.01432458998467,0.358
"7556",10,40,32,"SGP",2.50801915253237,3.12927064575402,0.695
"7557",10,40,33,"SGP",2.08717400060436,2.94301657027156,0.6455
"7558",10,40,34,"SGP",1.72509661771975,2.94117085628967,0.502
"7559",10,40,35,"SGP",4.7252032268283,3.55932156204002,0.8585
"7560",10,40,36,"SGP",1.66720941465115,2.88118373750185,0.459
"7561",10,40,37,"SGP",2.13250588649769,2.92660318681154,0.66
"7562",10,40,38,"SGP",1.60429518537223,2.93805986005996,0.543
"7563",10,40,1,"SGP50",2.20489723239207,3.15708947983093,0.5745
"7564",10,40,2,"SGP50",1.90196430065547,2.94333340131606,0.5375
"7565",10,40,3,"SGP50",1.61137765405904,2.84571456435134,0.468
"7566",10,40,4,"SGP50",1.44580657253258,2.68565386530067,0.559
"7567",10,40,5,"SGP50",1.38599427066797,2.56730204958474,0.543
"7568",10,40,6,"SGP50",13.2335996662511,5.92185868613894,0.9875
"7569",10,40,7,"SGP50",2.75224031136574,3.15305146208203,0.6235
"7570",10,40,8,"SGP50",3.63293403580538,3.19667271542729,0.758
"7571",10,40,9,"SGP50",9.67713388752196,4.68699708842789,0.972
"7572",10,40,10,"SGP50",5.66437458486025,3.51258749698223,0.86
"7573",10,40,11,"SGP50",15.9124135656835,6.32621182884086,0.9945
"7574",10,40,12,"SGP50",3.59556057249423,3.68666025321005,0.4815
"7575",10,40,13,"SGP50",8.74323932529996,4.36463622196837,0.127
"7576",10,40,14,"SGP50",5.39384016282,3.6707024262095,0.2
"7577",10,40,15,"SGP50",6.85890453685327,4.03861002426789,0.147
"7578",10,40,16,"SGP50",5.979043173875,3.853415277543,0.199
"7579",10,40,17,"SGP50",6.71555852095754,3.95031049084932,0.865
"7580",10,40,18,"SGP50",4.60028391378873,3.69375837366324,0.239
"7581",10,40,19,"SGP50",2.81107465347484,3.2920807459717,0.625
"7582",10,40,20,"SGP50",2.48113905883411,3.32962746612593,0.556
"7583",10,40,21,"SGP50",6.46609039506321,4.00187180310717,0.17
"7584",10,40,22,"SGP50",2.92105150596107,3.28861693805039,0.6615
"7585",10,40,23,"SGP50",2.3448861427162,3.21223013967029,0.48
"7586",10,40,24,"SGP50",2.4549535508268,3.16755657118598,0.5915
"7587",10,40,25,"SGP50",2.79640303913543,3.33853947926196,0.364
"7588",10,40,26,"SGP50",2.1513934632734,3.12721239422924,0.4705
"7589",10,40,27,"SGP50",2.73743987647135,3.27510441185985,0.3405
"7590",10,40,28,"SGP50",3.68016523139622,3.30645213216894,0.227
"7591",10,40,29,"SGP50",3.57797529947651,3.31983527369653,0.2595
"7592",10,40,30,"SGP50",2.0863423394867,3.10146079866225,0.5255
"7593",10,40,31,"SGP50",3.75212316715171,3.35326594227808,0.22
"7594",10,40,32,"SGP50",2.09263191816503,3.09282241458573,0.4585
"7595",10,40,33,"SGP50",1.92559998649434,3.03296508918092,0.468
"7596",10,40,34,"SGP50",2.2826128485786,3.13540285408206,0.3365
"7597",10,40,35,"SGP50",2.71308936016143,3.07903133858627,0.738
"7598",10,40,36,"SGP50",1.57158839458317,2.79039042114511,0.47
"7599",10,40,37,"SGP50",1.87398139761257,2.9181937732499,0.6225
"7600",10,40,38,"SGP50",1.73525177989153,2.91415556616003,0.606
"7601",10,41,1,"BMA",1.84572646124448,2.95757201769654,0.616
"7602",10,41,2,"BMA",4.63302690752048,4.39597812696602,0.91
"7603",10,41,3,"BMA",1.82429545503135,2.94485634798204,0.551
"7604",10,41,4,"BMA",1.59918520836635,2.80447262228965,0.556
"7605",10,41,5,"BMA",1.42852757735147,2.50120319372392,0.6435
"7606",10,41,6,"BMA",0.877998222877782,2.15601785069308,0.3965
"7607",10,41,7,"BMA",0.804845359659717,1.97889551745705,0.662
"7608",10,41,8,"BMA",5.71471785318718,7.00811136560101,0.997
"7609",10,41,9,"BMA",1.68985240541912,2.92063033905197,0.3335
"7610",10,41,10,"BMA",2.3449931660337,2.67129546808764,0.8215
"7611",10,41,11,"BMA",1.30546667411182,2.20124478429728,0.707
"7612",10,41,12,"BMA",3.04356327547545,3.23184362040804,0.0745
"7613",10,41,13,"BMA",8.93347256254078,5.18790206680442,0.0395
"7614",10,41,14,"BMA",2.51570973959087,3.01382383061843,0.692
"7615",10,41,15,"BMA",1.96327150920906,2.86884045992951,0.6485
"7616",10,41,16,"BMA",2.9119366610228,2.99169530996513,0.805
"7617",10,41,17,"BMA",6.66953764868934,4.2309728342791,0.9795
"7618",10,41,18,"BMA",15.8467210589737,8.41902067820048,1
"7619",10,41,19,"BMA",6.70090278413798,3.99138513578407,0.0595
"7620",10,41,20,"BMA",1.55525751932117,2.89842194106642,0.494
"7621",10,41,21,"BMA",7.36148623497316,4.33379820526484,0.9495
"7622",10,41,22,"BMA",4.89706659938407,3.50638623024572,0.1345
"7623",10,41,23,"BMA",5.60253330505335,3.688465453721,0.1015
"7624",10,41,24,"BMA",2.82010321443504,3.03809792867634,0.252
"7625",10,41,25,"BMA",7.28858561987338,3.95482366629175,0.0645
"7626",10,41,26,"BMA",2.65381588929017,3.12387388116906,0.724
"7627",10,41,27,"BMA",5.2533302456451,3.56418321469099,0.1095
"7628",10,41,28,"BMA",10.0858729153466,4.68493736303027,0.023
"7629",10,41,29,"BMA",2.21430618351327,3.01771450802569,0.346
"7630",10,41,30,"BMA",2.114818628824,2.93083053216033,0.3385
"7631",10,41,31,"BMA",5.69994419186762,3.72214841941605,0.1045
"7632",10,41,32,"BMA",3.75503415981814,3.24652561563973,0.1805
"7633",10,41,33,"BMA",2.20947858032817,3.01742946053316,0.296
"7634",10,41,34,"BMA",1.6969965681086,2.97536724645173,0.4645
"7635",10,41,35,"BMA",1.77841036535696,3.00173305595428,0.4445
"7636",10,41,36,"BMA",4.3439943517678,3.47359960340448,0.1525
"7637",10,41,37,"BMA",1.83001463791537,2.90531029342598,0.3895
"7638",10,41,38,"BMA",1.789440204867,2.94267318439172,0.393
"7639",10,41,1,"AVS",1.84572646124448,2.91884887910659,0.633
"7640",10,41,2,"AVS",5.24033789185798,4.93489153953986,0.9645
"7641",10,41,3,"AVS",1.18514022541136,2.47803669998882,0.508
"7642",10,41,4,"AVS",0.799128376649339,1.99905007105801,0.5045
"7643",10,41,5,"AVS",0.750918353383262,2.0058600621381,0.6475
"7644",10,41,6,"AVS",0.759453710578442,1.85142297871815,0.297
"7645",10,41,7,"AVS",0.689547966489124,1.87720298097251,0.658
"7646",10,41,8,"AVS",5.70262841017279,6.86870193751181,1
"7647",10,41,9,"AVS",2.39108396662533,2.97516464986477,0.0915
"7648",10,41,10,"AVS",1.58414651261782,2.43656571808812,0.8305
"7649",10,41,11,"AVS",0.911368608211002,2.07462233160888,0.6565
"7650",10,41,12,"AVS",3.30856357691621,3.27853844022814,0.0475
"7651",10,41,13,"AVS",9.99331568644602,26.2259492696089,0
"7652",10,41,14,"AVS",1.2228628433418,2.33863972600432,0.3295
"7653",10,41,15,"AVS",1.77158172849545,2.52496550363698,0.209
"7654",10,41,16,"AVS",0.830713187505799,2.1483397065898,0.5595
"7655",10,41,17,"AVS",3.50918262120263,3.18408723473553,0.941
"7656",10,41,18,"AVS",13.025514476026,17.1360506317599,1
"7657",10,41,19,"AVS",11.937537101384,6.52029470325988,0.0025
"7658",10,41,20,"AVS",2.16304769670312,2.7540612777789,0.2455
"7659",10,41,21,"AVS",4.67703152378707,3.41922941461238,0.8975
"7660",10,41,22,"AVS",8.90590073174667,4.89059580248558,0.0185
"7661",10,41,23,"AVS",9.37689425391126,4.96821249341258,0.0125
"7662",10,41,24,"AVS",4.88177936127219,3.50971032269018,0.109
"7663",10,41,25,"AVS",8.68854102553602,4.49620690076815,0.0345
"7664",10,41,26,"AVS",2.6043298101386,3.13393032745501,0.7195
"7665",10,41,27,"AVS",5.35822196427033,3.56948980486808,0.1035
"7666",10,41,28,"AVS",10.0321156460742,4.520098792735,0.03
"7667",10,41,29,"AVS",1.97699835750566,3.01506010904524,0.386
"7668",10,41,30,"AVS",1.8975199592961,2.97938416167729,0.391
"7669",10,41,31,"AVS",4.70363447048031,3.49319926319008,0.151
"7670",10,41,32,"AVS",1.66187612485477,2.88965495120667,0.4475
"7671",10,41,33,"AVS",1.95851921697237,2.99536010029558,0.6435
"7672",10,41,34,"AVS",2.86460358334102,3.05314617707408,0.7625
"7673",10,41,35,"AVS",2.0753864512353,2.95723187706853,0.666
"7674",10,41,36,"AVS",2.38832301492676,2.99709929404939,0.2625
"7675",10,41,37,"AVS",1.80524902541401,2.84114188265451,0.612
"7676",10,41,38,"AVS",1.72026853287543,2.77136819779279,0.604
"7677",10,41,1,"EQW",1.84572646124448,2.87595062899913,0.6255
"7678",10,41,2,"EQW",4.1122359250287,3.79504827695013,0.845
"7679",10,41,3,"EQW",1.50331644882949,2.68327486635081,0.5895
"7680",10,41,4,"EQW",1.43496731302773,2.64270372592848,0.5655
"7681",10,41,5,"EQW",1.7252035890291,2.71988631646827,0.6575
"7682",10,41,6,"EQW",1.46456539545754,2.65442482766433,0.557
"7683",10,41,7,"EQW",2.21407246650381,2.75273621646815,0.7305
"7684",10,41,8,"EQW",7.3843516704229,4.62738699095064,0.969
"7685",10,41,9,"EQW",2.07988870890034,2.98444570573962,0.55
"7686",10,41,10,"EQW",4.22130000936654,3.17875993137787,0.8665
"7687",10,41,11,"EQW",3.98164572007996,3.07808215447583,0.827
"7688",10,41,12,"EQW",2.063631710591,3.1493740477453,0.5055
"7689",10,41,13,"EQW",3.33584286751052,3.4991060774301,0.287
"7690",10,41,14,"EQW",1.90498572382223,2.87129703906531,0.6055
"7691",10,41,15,"EQW",1.94233079699357,2.93244329355044,0.604
"7692",10,41,16,"EQW",3.27869510244465,2.98031545753493,0.796
"7693",10,41,17,"EQW",8.08833775420469,4.06543381650659,0.98
"7694",10,41,18,"EQW",19.6105971640698,8.96694080781201,1
"7695",10,41,19,"EQW",6.05994982586729,4.58527402686734,0.4925
"7696",10,41,20,"EQW",4.2857853468627,3.45406091054276,0.649
"7697",10,41,21,"EQW",11.0595454165248,4.33647865564147,0.962
"7698",10,41,22,"EQW",4.52761574590456,4.08690894567685,0.513
"7699",10,41,23,"EQW",3.75827881571913,3.76314134121683,0.3565
"7700",10,41,24,"EQW",2.8400731286393,3.3259104329528,0.3695
"7701",10,41,25,"EQW",6.41712830026287,3.99506531610687,0.1535
"7702",10,41,26,"EQW",2.37737738980485,3.12324411888411,0.601
"7703",10,41,27,"EQW",4.16965363984809,3.54201687436775,0.262
"7704",10,41,28,"EQW",7.64297929100461,3.98947840057143,0.09
"7705",10,41,29,"EQW",2.28394615294651,3.16512965402915,0.3995
"7706",10,41,30,"EQW",1.88942064133293,2.99418979405571,0.4875
"7707",10,41,31,"EQW",3.44511940101188,3.26963063237611,0.214
"7708",10,41,32,"EQW",2.53374111088046,3.05501648496017,0.3065
"7709",10,41,33,"EQW",1.79045080155816,2.92497594932788,0.439
"7710",10,41,34,"EQW",2.02805746555462,3.01180361998846,0.6495
"7711",10,41,35,"EQW",2.18137532885334,3.03112291706926,0.661
"7712",10,41,36,"EQW",1.97093908586865,2.9008488909405,0.3745
"7713",10,41,37,"EQW",1.55159322134429,2.80228355046853,0.5595
"7714",10,41,38,"EQW",1.51588606516945,2.7405723166813,0.552
"7715",10,41,1,"SGP",1.84572646124448,2.90270169517997,0.63
"7716",10,41,2,"SGP",5.23756757119483,4.89426800618762,0.97
"7717",10,41,3,"SGP",0.84096812652962,2.11703060063658,0.5205
"7718",10,41,4,"SGP",0.666350483346079,1.94852967482594,0.4955
"7719",10,41,5,"SGP",0.766486497869935,1.97512468475711,0.6545
"7720",10,41,6,"SGP",0.753136117389805,1.96124797750649,0.3305
"7721",10,41,7,"SGP",0.732783744618396,1.91404317781128,0.682
"7722",10,41,8,"SGP",5.73224768048938,6.58847195569657,1
"7723",10,41,9,"SGP",2.29120440470997,2.89223331424273,0.107
"7724",10,41,10,"SGP",1.62910121475315,2.45997088187398,0.8475
"7725",10,41,11,"SGP",0.948761133530487,2.08347562576335,0.657
"7726",10,41,12,"SGP",3.20689114973911,3.45127286092126,0.0555
"7727",10,41,13,"SGP",9.75142350950525,8.1356620539613,0.0075
"7728",10,41,14,"SGP",1.21131730107124,2.35861336990736,0.3225
"7729",10,41,15,"SGP",1.73818638309515,2.52146430685494,0.218
"7730",10,41,16,"SGP",0.848815398135692,2.21794567506574,0.5735
"7731",10,41,17,"SGP",3.55474087049203,3.33675125813579,0.9475
"7732",10,41,18,"SGP",13.073940158441,16.082953031304,1
"7733",10,41,19,"SGP",11.7388349273312,6.59796342042339,0.0055
"7734",10,41,20,"SGP",2.13769568075165,2.8029247228442,0.2495
"7735",10,41,21,"SGP",4.72116150131879,3.49467139700205,0.9025
"7736",10,41,22,"SGP",8.79003910384573,4.84257938662216,0.017
"7737",10,41,23,"SGP",9.28705537654487,4.89784650668568,0.02
"7738",10,41,24,"SGP",5.08196441411727,3.64030838748149,0.1115
"7739",10,41,25,"SGP",10.4178726695796,5.01354504358685,0.0145
"7740",10,41,26,"SGP",1.67364802571816,2.89415219621959,0.584
"7741",10,41,27,"SGP",6.8907033499594,4.10937023947177,0.0615
"7742",10,41,28,"SGP",7.55554045096077,4.02589219081628,0.0465
"7743",10,41,29,"SGP",2.1095430688131,2.96964390262564,0.6465
"7744",10,41,30,"SGP",1.9619781174109,2.93263636245373,0.611
"7745",10,41,31,"SGP",2.62433795246413,3.00075374733288,0.2565
"7746",10,41,32,"SGP",1.56926023261476,2.87560872739951,0.5095
"7747",10,41,33,"SGP",1.95800451805482,2.90701735883371,0.618
"7748",10,41,34,"SGP",2.86298244707823,3.14084335302049,0.783
"7749",10,41,35,"SGP",2.1088940669518,2.90702443850366,0.66
"7750",10,41,36,"SGP",2.29621838392635,2.99378344078643,0.291
"7751",10,41,37,"SGP",1.80381466008905,2.763770711774,0.629
"7752",10,41,38,"SGP",1.71980487437558,2.77152127869678,0.607
"7753",10,41,1,"SGP50",1.84572646124448,2.94247316768611,0.6315
"7754",10,41,2,"SGP50",4.16962340104485,3.99989850306064,0.8565
"7755",10,41,3,"SGP50",1.47448390542848,2.67023227560944,0.5835
"7756",10,41,4,"SGP50",1.3896583307598,2.56683017968422,0.5665
"7757",10,41,5,"SGP50",1.65835723811694,2.64657207535723,0.665
"7758",10,41,6,"SGP50",1.35218328636179,2.60654389016733,0.538
"7759",10,41,7,"SGP50",2.01103690883891,2.69735032608734,0.7605
"7760",10,41,8,"SGP50",7.08777162295841,4.68178318988009,0.968
"7761",10,41,9,"SGP50",1.81392415550956,2.98411825815606,0.4855
"7762",10,41,10,"SGP50",3.61278401805886,3.00534709146254,0.8595
"7763",10,41,11,"SGP50",3.1167153444592,2.80678694957509,0.7825
"7764",10,41,12,"SGP50",1.85228986296469,3.03519787713701,0.432
"7765",10,41,13,"SGP50",4.27081999145885,3.67455500423063,0.224
"7766",10,41,14,"SGP50",1.53914845371441,2.73469995531808,0.5495
"7767",10,41,15,"SGP50",1.54027262644756,2.72906186223925,0.511
"7768",10,41,16,"SGP50",2.28626571510369,2.69697343252381,0.7505
"7769",10,41,17,"SGP50",6.25237909746842,3.81326408082948,0.975
"7770",10,41,18,"SGP50",16.5249393154226,9.25497818979145,1
"7771",10,41,19,"SGP50",6.18038839256907,4.58295476605389,0.294
"7772",10,41,20,"SGP50",2.29072093027851,3.11537071166032,0.5095
"7773",10,41,21,"SGP50",7.51122817096689,4.01086665009307,0.944
"7774",10,41,22,"SGP50",4.97767979573087,4.21303056813853,0.2215
"7775",10,41,23,"SGP50",5.63820775432193,3.89099733320148,0.18
"7776",10,41,24,"SGP50",3.47863482955627,3.34421464756582,0.235
"7777",10,41,25,"SGP50",8.048716881327,4.32892320664636,0.063
"7778",10,41,26,"SGP50",2.0920887872103,3.0598072916419,0.6325
"7779",10,41,27,"SGP50",5.32305626312051,3.66711302575593,0.1455
"7780",10,41,28,"SGP50",8.25759384939708,4.1715474605986,0.064
"7781",10,41,29,"SGP50",1.96376127080608,3.02818004492422,0.4725
"7782",10,41,30,"SGP50",1.81573722438845,2.98463692908021,0.502
"7783",10,41,31,"SGP50",3.56748879401158,3.28580146457534,0.2015
"7784",10,41,32,"SGP50",2.2475554879946,2.98256072872876,0.3525
"7785",10,41,33,"SGP50",1.7393594185774,2.94986665069461,0.492
"7786",10,41,34,"SGP50",2.15291574003448,2.9852744737041,0.6445
"7787",10,41,35,"SGP50",1.99053950738282,2.96036811556497,0.622
"7788",10,41,36,"SGP50",2.45209110871801,3.057863131096,0.291
"7789",10,41,37,"SGP50",1.62155895834105,2.9238835160932,0.5455
"7790",10,41,38,"SGP50",1.565814871626,2.8065323543012,0.5575
"7791",10,42,1,"BMA",3.44782169109596,3.50777152029547,0.7955
"7792",10,42,2,"BMA",9.0244082721202,4.47886165102257,0.906
"7793",10,42,3,"BMA",7.36847616643318,4.09127198908692,0.8635
"7794",10,42,4,"BMA",11.7379490009268,4.70868517796719,0.9255
"7795",10,42,5,"BMA",8.262815720964,4.15309126649253,0.807
"7796",10,42,6,"BMA",3.79418971429619,3.70866319691146,0.5665
"7797",10,42,7,"BMA",4.5536554969403,3.81208249948136,0.687
"7798",10,42,8,"BMA",5.41923297668434,3.68206963619755,0.7775
"7799",10,42,9,"BMA",5.03793018637469,3.65140466063192,0.7495
"7800",10,42,10,"BMA",16.6631612026265,5.3561740148196,0.976
"7801",10,42,11,"BMA",4.86466928152456,3.67893010355328,0.684
"7802",10,42,12,"BMA",3.77540108339674,3.45791493429338,0.6725
"7803",10,42,13,"BMA",2.9642148633784,3.3156990322118,0.649
"7804",10,42,14,"BMA",2.27696835101227,3.24520538415903,0.486
"7805",10,42,15,"BMA",5.87496283564619,3.67777991822604,0.1565
"7806",10,42,16,"BMA",3.14144530740867,3.38847871204334,0.3
"7807",10,42,17,"BMA",8.9856211748631,4.20805876458861,0.066
"7808",10,42,18,"BMA",2.20591145613773,3.14402170798568,0.4655
"7809",10,42,19,"BMA",2.90192367884744,3.33113351617662,0.3395
"7810",10,42,20,"BMA",4.35175291491412,3.48853072465108,0.2115
"7811",10,42,21,"BMA",2.30077036715026,3.2018523921912,0.5395
"7812",10,42,22,"BMA",4.87558468065246,3.68363898147603,0.206
"7813",10,42,23,"BMA",2.19196958634176,3.15404191046779,0.5
"7814",10,42,24,"BMA",7.45213951010949,3.96973134223542,0.1135
"7815",10,42,25,"BMA",5.03478250842538,3.45272260057056,0.1565
"7816",10,42,26,"BMA",1.62273740852175,2.88118923344902,0.4595
"7817",10,42,27,"BMA",1.56338598272546,2.78445184861892,0.462
"7818",10,42,28,"BMA",1.26170878585359,2.5961816381808,0.52
"7819",10,42,29,"BMA",2.20337528161546,2.7084217681137,0.225
"7820",10,42,30,"BMA",3.84422213708986,3.381549474215,0.0635
"7821",10,42,31,"BMA",3.57234966208371,3.28391858085017,0.065
"7822",10,42,32,"BMA",2.68639530485971,2.86404775535583,0.115
"7823",10,42,33,"BMA",2.40792064035562,2.80072003922065,0.114
"7824",10,42,34,"BMA",3.14757491301769,3.34047864210853,0.0595
"7825",10,42,35,"BMA",1.5906953846906,2.35242016008195,0.17
"7826",10,42,36,"BMA",1.35012781332997,2.16643878732516,0.1665
"7827",10,42,37,"BMA",1.15766354665959,1.95441684953043,0.1935
"7828",10,42,38,"BMA",1.86348497061167,2.44045734219423,0.0625
"7829",10,42,1,"AVS",3.44782169109596,3.50178053568829,0.809
"7830",10,42,2,"AVS",6.83391899506632,4.15209328038337,0.8735
"7831",10,42,3,"AVS",7.21638641723757,3.99863969988959,0.841
"7832",10,42,4,"AVS",12.2246726045317,4.54891587531385,0.9275
"7833",10,42,5,"AVS",9.83870561189456,4.34392239141193,0.8615
"7834",10,42,6,"AVS",4.06533628017487,3.80521863837757,0.599
"7835",10,42,7,"AVS",4.45585585159153,3.70008218336389,0.6675
"7836",10,42,8,"AVS",5.37838753751364,3.69385863784482,0.757
"7837",10,42,9,"AVS",4.99346699012438,3.68376910199513,0.734
"7838",10,42,10,"AVS",14.7042710119006,5.36596748462022,0.9815
"7839",10,42,11,"AVS",4.27634044857194,3.5068727304198,0.1805
"7840",10,42,12,"AVS",2.36595712764395,3.28400932004332,0.55
"7841",10,42,13,"AVS",2.22247435974344,3.21939329595443,0.5655
"7842",10,42,14,"AVS",2.23313434018849,3.18692896234061,0.424
"7843",10,42,15,"AVS",6.22188627990899,3.77830102483428,0.133
"7844",10,42,16,"AVS",3.25821493159062,3.34825454930645,0.2705
"7845",10,42,17,"AVS",9.46772721795797,4.28141612031476,0.058
"7846",10,42,18,"AVS",2.24158375845482,3.14159231312149,0.439
"7847",10,42,19,"AVS",3.28449032421803,3.24878219169031,0.2865
"7848",10,42,20,"AVS",5.28115850948341,3.5774804487036,0.1485
"7849",10,42,21,"AVS",2.10277771341954,3.18279822838385,0.4465
"7850",10,42,22,"AVS",5.86536897434495,3.67201835205797,0.1315
"7851",10,42,23,"AVS",2.09646870314608,3.11935179786746,0.4125
"7852",10,42,24,"AVS",8.86079480506519,4.20262449326791,0.0555
"7853",10,42,25,"AVS",6.63243756912631,3.79540766257987,0.107
"7854",10,42,26,"AVS",2.09180685999137,3.17386135828882,0.4325
"7855",10,42,27,"AVS",2.83569159314411,3.23028492173784,0.298
"7856",10,42,28,"AVS",2.74206611459662,3.18738386690003,0.311
"7857",10,42,29,"AVS",4.85923118626851,3.55999645896415,0.1765
"7858",10,42,30,"AVS",3.40713128080931,3.24940346794793,0.227
"7859",10,42,31,"AVS",2.23284822027242,3.09727800230541,0.358
"7860",10,42,32,"AVS",1.89896785958964,3.03966640260928,0.456
"7861",10,42,33,"AVS",1.83348551762147,2.97873867856129,0.458
"7862",10,42,34,"AVS",1.87300475561568,2.87442162302688,0.412
"7863",10,42,35,"AVS",1.69430043574684,2.87253284797419,0.606
"7864",10,42,36,"AVS",1.55845771623188,2.92082913121108,0.485
"7865",10,42,37,"AVS",1.39000290087502,2.74343096211457,0.505
"7866",10,42,38,"AVS",1.45091260796684,2.76683145567783,0.423
"7867",10,42,1,"EQW",3.44782169109596,3.4836076332287,0.7855
"7868",10,42,2,"EQW",11.2605564269493,5.11384263326761,0.9355
"7869",10,42,3,"EQW",8.16600597380605,4.05540641890371,0.8865
"7870",10,42,4,"EQW",9.45713646081994,4.37273156277643,0.866
"7871",10,42,5,"EQW",4.06668381639247,3.79979870551372,0.5485
"7872",10,42,6,"EQW",3.72769942659861,3.54921824525746,0.3765
"7873",10,42,7,"EQW",3.72996944423245,3.42602427844979,0.6695
"7874",10,42,8,"EQW",4.39343436744454,3.48818362028735,0.7425
"7875",10,42,9,"EQW",3.84081397854573,3.4131738547337,0.687
"7876",10,42,10,"EQW",15.307908785744,5.37102608323403,0.9835
"7877",10,42,11,"EQW",4.10192595797398,3.70464639099171,0.5475
"7878",10,42,12,"EQW",3.92924198409626,3.56279105766393,0.6285
"7879",10,42,13,"EQW",3.85628762193848,3.49742936723985,0.6175
"7880",10,42,14,"EQW",3.36315699646515,3.58291278984961,0.5575
"7881",10,42,15,"EQW",4.52605252409467,3.83483309493218,0.302
"7882",10,42,16,"EQW",3.3809085346104,3.5288967610871,0.356
"7883",10,42,17,"EQW",7.86179010093611,4.05215791505669,0.142
"7884",10,42,18,"EQW",2.47438712382109,3.2442447908592,0.57
"7885",10,42,19,"EQW",2.46605479300507,3.20519094471191,0.592
"7886",10,42,20,"EQW",2.63708874052115,3.27167088807137,0.404
"7887",10,42,21,"EQW",3.33042400383605,3.36005260739109,0.718
"7888",10,42,22,"EQW",2.45744761729188,3.21456746805954,0.4325
"7889",10,42,23,"EQW",2.77079289710856,3.24110656666044,0.6945
"7890",10,42,24,"EQW",3.19350858702598,3.12638534003694,0.276
"7891",10,42,25,"EQW",3.96329058724687,3.27391329757544,0.1895
"7892",10,42,26,"EQW",1.97452730050505,3.0271767016538,0.5435
"7893",10,42,27,"EQW",1.5820885728462,2.80227831398167,0.499
"7894",10,42,28,"EQW",1.49563820586332,2.708662372548,0.458
"7895",10,42,29,"EQW",2.85429926089971,2.94781385653663,0.201
"7896",10,42,30,"EQW",2.99412588615216,3.22013113198211,0.2215
"7897",10,42,31,"EQW",2.33160842179474,3.13626391033603,0.2745
"7898",10,42,32,"EQW",1.86627298489259,2.94101769148228,0.317
"7899",10,42,33,"EQW",1.6918554373498,2.83691778362344,0.3025
"7900",10,42,34,"EQW",2.13224325250965,2.94276930321824,0.2175
"7901",10,42,35,"EQW",1.22153758685208,2.54065210090925,0.385
"7902",10,42,36,"EQW",1.17729771031349,2.40700554383659,0.358
"7903",10,42,37,"EQW",1.06722222056548,2.24143612880837,0.3355
"7904",10,42,38,"EQW",1.46085247413803,2.56215249393061,0.253
"7905",10,42,1,"SGP",3.44782169109596,3.4874869710795,0.8155
"7906",10,42,2,"SGP",13.2718226258429,5.51744990208108,0.976
"7907",10,42,3,"SGP",8.15090644041199,4.05027322128609,0.921
"7908",10,42,4,"SGP",12.132976545984,4.99372795800571,0.971
"7909",10,42,5,"SGP",4.80476084578253,3.65047523187612,0.742
"7910",10,42,6,"SGP",2.6719341580194,3.31193584141632,0.4035
"7911",10,42,7,"SGP",3.23064944101992,3.29174447472845,0.7
"7912",10,42,8,"SGP",1.85020714854106,2.86295259254979,0.5845
"7913",10,42,9,"SGP",1.60689094066996,2.85619157357139,0.408
"7914",10,42,10,"SGP",10.1717821635362,4.902971293091,0.992
"7915",10,42,11,"SGP",5.0787693777856,3.63001164309616,0.122
"7916",10,42,12,"SGP",3.0103274243277,3.05173062545771,0.2365
"7917",10,42,13,"SGP",2.75461511728875,3.15135735023817,0.247
"7918",10,42,14,"SGP",4.53053658573159,3.49172229799012,0.1435
"7919",10,42,15,"SGP",11.9530659589462,5.23195459807728,0.011
"7920",10,42,16,"SGP",6.39934915878721,3.83202751033004,0.0885
"7921",10,42,17,"SGP",14.5639954188548,5.85456154770986,0.0085
"7922",10,42,18,"SGP",2.81009935504149,3.15859654967492,0.7195
"7923",10,42,19,"SGP",2.57373738901832,3.03762232180608,0.718
"7924",10,42,20,"SGP",3.31030211249618,3.2537125940493,0.2345
"7925",10,42,21,"SGP",3.47074881640099,3.34046742294448,0.787
"7926",10,42,22,"SGP",2.79951456481276,3.17385793726637,0.2655
"7927",10,42,23,"SGP",2.09412330089268,3.01808906505182,0.6425
"7928",10,42,24,"SGP",3.54743429363823,3.19376909934331,0.185
"7929",10,42,25,"SGP",3.00062114715102,3.152097551729,0.24
"7930",10,42,26,"SGP",6.71818482862597,3.89469914296432,0.9265
"7931",10,42,27,"SGP",2.14190430377681,2.92957625710974,0.6725
"7932",10,42,28,"SGP",1.65946760823002,2.86966368781094,0.4625
"7933",10,42,29,"SGP",2.40550687346793,2.96780523184519,0.265
"7934",10,42,30,"SGP",1.56825089058894,2.90824515629812,0.5165
"7935",10,42,31,"SGP",1.902731273041,2.82791638419511,0.6085
"7936",10,42,32,"SGP",2.04290054706184,2.92832226870018,0.643
"7937",10,42,33,"SGP",1.6044182163912,2.83165218012071,0.5925
"7938",10,42,34,"SGP",1.51384050441448,2.78713380990973,0.5305
"7939",10,42,35,"SGP",1.82163814096979,2.93409440384426,0.677
"7940",10,42,36,"SGP",1.39829520517,2.74044304103005,0.5335
"7941",10,42,37,"SGP",1.29796431828065,2.71672015383599,0.55
"7942",10,42,38,"SGP",1.36337318769162,2.77125620063623,0.452
"7943",10,42,1,"SGP50",3.44782169109596,3.51659975595609,0.789
"7944",10,42,2,"SGP50",11.3560033728325,4.83089332140819,0.9455
"7945",10,42,3,"SGP50",8.17666909994051,4.16044092804173,0.9015
"7946",10,42,4,"SGP50",9.58656173383952,4.44033585879045,0.8735
"7947",10,42,5,"SGP50",4.0175774390424,3.74149126770588,0.5485
"7948",10,42,6,"SGP50",3.62450711811637,3.50925539404242,0.4035
"7949",10,42,7,"SGP50",3.60119765633498,3.38742452355811,0.6875
"7950",10,42,8,"SGP50",4.04146195973389,3.42441724729245,0.7335
"7951",10,42,9,"SGP50",3.31579461823495,3.33711299718827,0.664
"7952",10,42,10,"SGP50",14.2315871582777,5.15313558228276,0.9795
"7953",10,42,11,"SGP50",3.49960940043783,3.60670181804392,0.477
"7954",10,42,12,"SGP50",3.11336239761596,3.43416160461578,0.5435
"7955",10,42,13,"SGP50",2.86921220234049,3.42944009756916,0.531
"7956",10,42,14,"SGP50",2.89357883742567,3.47485870794542,0.441
"7957",10,42,15,"SGP50",6.10021889936814,3.95289375103152,0.2035
"7958",10,42,16,"SGP50",3.84504754929706,3.54612251643045,0.275
"7959",10,42,17,"SGP50",9.46577395042202,4.16950269290713,0.1045
"7960",10,42,18,"SGP50",2.35981839533141,3.2074422999522,0.573
"7961",10,42,19,"SGP50",2.30606465548403,3.2598649285639,0.5425
"7962",10,42,20,"SGP50",3.11875827999218,3.35298811863148,0.3165
"7963",10,42,21,"SGP50",2.92748778926903,3.2787162780354,0.695
"7964",10,42,22,"SGP50",2.9174759531254,3.32674364147604,0.3365
"7965",10,42,23,"SGP50",2.34527311505992,3.21948941164715,0.6235
"7966",10,42,24,"SGP50",3.94772218318917,3.28173490672991,0.2135
"7967",10,42,25,"SGP50",3.97989888061357,3.29116587564509,0.1855
"7968",10,42,26,"SGP50",2.61719186729972,3.24989313377552,0.6375
"7969",10,42,27,"SGP50",1.70924472430801,2.89164871297712,0.5105
"7970",10,42,28,"SGP50",1.64072258558654,2.80924287246403,0.4145
"7971",10,42,29,"SGP50",2.91613835484026,3.05485630509938,0.2095
"7972",10,42,30,"SGP50",2.53337791849308,3.10330424670182,0.2895
"7973",10,42,31,"SGP50",2.00481019605964,3.06690166850304,0.365
"7974",10,42,32,"SGP50",1.73628212521676,2.93382276359963,0.394
"7975",10,42,33,"SGP50",1.60175281153486,2.81071143090279,0.3655
"7976",10,42,34,"SGP50",1.94451627692705,2.9415849648013,0.3115
"7977",10,42,35,"SGP50",1.26576510905218,2.60421965344572,0.452
"7978",10,42,36,"SGP50",1.22866162408391,2.4629572831517,0.395
"7979",10,42,37,"SGP50",1.10588673788671,2.43155722284863,0.383
"7980",10,42,38,"SGP50",1.44165765553567,2.58398856032885,0.276
"7981",10,43,1,"BMA",2.95848239720223,3.21995064622673,0.717
"7982",10,43,2,"BMA",5.20298608003057,3.83711961741712,0.8685
"7983",10,43,3,"BMA",5.48934937186478,3.73639277671682,0.8795
"7984",10,43,4,"BMA",4.04648965055975,3.56309134004337,0.769
"7985",10,43,5,"BMA",4.37861234658042,3.55082848823784,0.7575
"7986",10,43,6,"BMA",3.1770723805864,3.3698931663741,0.6755
"7987",10,43,7,"BMA",10.9922226575933,4.5395283308172,0.9345
"7988",10,43,8,"BMA",13.31080290652,4.84186014702001,0.9315
"7989",10,43,9,"BMA",3.715327428564,3.7565979306176,0.5505
"7990",10,43,10,"BMA",5.11081897322592,3.6424519405851,0.7735
"7991",10,43,11,"BMA",2.98773333167588,3.43588662220006,0.5485
"7992",10,43,12,"BMA",4.08083539265905,3.53512034208117,0.639
"7993",10,43,13,"BMA",9.38423080720112,4.52637712755181,0.1925
"7994",10,43,14,"BMA",5.4140732039716,4.00734969223828,0.51
"7995",10,43,15,"BMA",3.98245175235031,3.57025181926033,0.616
"7996",10,43,16,"BMA",2.45437156963214,3.2855918514295,0.494
"7997",10,43,17,"BMA",2.1368071981843,3.18787036158452,0.5345
"7998",10,43,18,"BMA",2.30106662834731,3.10082667435033,0.3825
"7999",10,43,19,"BMA",1.73004114644119,2.89579385672249,0.444
"8000",10,43,20,"BMA",2.38710180347585,2.94571974703742,0.271
"8001",10,43,21,"BMA",2.34502234345067,2.89560436591676,0.263
"8002",10,43,22,"BMA",3.86509830510629,3.26076617448341,0.8645
"8003",10,43,23,"BMA",3.15416168141237,3.12745974144097,0.8635
"8004",10,43,24,"BMA",5.67519242343119,4.16310507207558,0.9605
"8005",10,43,25,"BMA",5.30838737573098,4.01987626124119,0.9575
"8006",10,43,26,"BMA",2.66377831325187,2.95310121325493,0.8455
"8007",10,43,27,"BMA",0.94975114212311,2.3130255803326,0.545
"8008",10,43,28,"BMA",2.65820877801265,2.90323280265371,0.102
"8009",10,43,29,"BMA",0.787247768466256,2.10840438070653,0.5715
"8010",10,43,30,"BMA",2.56882755684568,2.86005604616568,0.0655
"8011",10,43,31,"BMA",1.31041175236257,2.13328369429311,0.1965
"8012",10,43,32,"BMA",2.02128669428648,2.52956256464674,0.0805
"8013",10,43,33,"BMA",2.23191548096643,2.74151794813599,0.056
"8014",10,43,34,"BMA",1.74198250723082,2.27326713380563,0.085
"8015",10,43,35,"BMA",0.875249231540876,1.81291355297616,0.208
"8016",10,43,36,"BMA",0.423461608902648,1.47232483036891,0.4255
"8017",10,43,37,"BMA",1.80433346605455,2.6912507282529,0.03
"8018",10,43,38,"BMA",1.09414930556426,1.90296420831018,0.084
"8019",10,43,1,"AVS",2.95848239720223,3.16973192928591,0.7085
"8020",10,43,2,"AVS",4.91512914487849,3.62542292960736,0.849
"8021",10,43,3,"AVS",5.06119570992914,3.58817605805406,0.871
"8022",10,43,4,"AVS",4.49530995727644,3.59828974071437,0.811
"8023",10,43,5,"AVS",5.09534380701931,3.56730157147333,0.8185
"8024",10,43,6,"AVS",3.69010239444578,3.38427891022532,0.747
"8025",10,43,7,"AVS",11.5964784338942,4.5938656202687,0.9465
"8026",10,43,8,"AVS",9.85977505673669,4.24046275295129,0.887
"8027",10,43,9,"AVS",8.60328265170566,4.84515067190536,0.0705
"8028",10,43,10,"AVS",4.530153202239,3.61554946173398,0.7285
"8029",10,43,11,"AVS",3.08757871524129,3.40929927336383,0.534
"8030",10,43,12,"AVS",5.12920845225414,3.69216839728111,0.659
"8031",10,43,13,"AVS",7.87582542939941,4.36567101119748,0.262
"8032",10,43,14,"AVS",7.22543444241444,4.10974838141812,0.654
"8033",10,43,15,"AVS",6.03504727594994,3.88180609229343,0.7295
"8034",10,43,16,"AVS",3.13592255608561,3.44732933064276,0.6215
"8035",10,43,17,"AVS",2.90761923716584,3.34454449853395,0.6685
"8036",10,43,18,"AVS",2.02673440756204,3.08800745298797,0.483
"8037",10,43,19,"AVS",1.91642198531228,3.01319969843126,0.5875
"8038",10,43,20,"AVS",1.47303510169141,2.8179107271547,0.4665
"8039",10,43,21,"AVS",1.39692530091331,2.71117717235576,0.443
"8040",10,43,22,"AVS",5.72774679804404,3.96661106348037,0.9485
"8041",10,43,23,"AVS",4.94136883815228,3.79165880181105,0.9295
"8042",10,43,24,"AVS",6.98664888921278,4.58865541644219,0.975
"8043",10,43,25,"AVS",5.0883364032779,3.82802365341085,0.9425
"8044",10,43,26,"AVS",2.03551819111913,2.78566276270351,0.7805
"8045",10,43,27,"AVS",1.14048080673029,2.37749469680457,0.3985
"8046",10,43,28,"AVS",4.10866784187765,3.53416802036223,0.041
"8047",10,43,29,"AVS",0.928456971036145,2.19282107010504,0.382
"8048",10,43,30,"AVS",3.97679267762672,3.64709106255877,0.022
"8049",10,43,31,"AVS",2.03678911057005,2.56421146903022,0.1175
"8050",10,43,32,"AVS",2.43809840337533,2.81099688352943,0.0655
"8051",10,43,33,"AVS",2.38024710810021,2.82293165116821,0.055
"8052",10,43,34,"AVS",1.78760769425936,2.37490508962758,0.0695
"8053",10,43,35,"AVS",0.881335514780286,1.80177037523921,0.2205
"8054",10,43,36,"AVS",0.433778145733891,1.51781954130048,0.421
"8055",10,43,37,"AVS",1.82486322597135,2.77035655543476,0.0215
"8056",10,43,38,"AVS",1.09729242375483,1.90314312852078,0.086
"8057",10,43,1,"EQW",2.95848239720223,3.24528027168603,0.728
"8058",10,43,2,"EQW",5.75824913948705,3.9925895722487,0.8735
"8059",10,43,3,"EQW",6.49143603453707,4.14346680500007,0.909
"8060",10,43,4,"EQW",3.22937713342084,3.34904855457268,0.7475
"8061",10,43,5,"EQW",3.22530693641491,3.28767083105686,0.7395
"8062",10,43,6,"EQW",2.40705891295006,3.2518134204269,0.56
"8063",10,43,7,"EQW",10.5950447364798,4.64518884366024,0.944
"8064",10,43,8,"EQW",8.4012886348523,3.83598911160882,0.82
"8065",10,43,9,"EQW",3.76665782298099,3.85584114205687,0.5335
"8066",10,43,10,"EQW",5.790652090767,3.69751288632762,0.8395
"8067",10,43,11,"EQW",3.09481091877606,3.49906009381231,0.4415
"8068",10,43,12,"EQW",2.7052669233042,3.30721885408138,0.6165
"8069",10,43,13,"EQW",13.2259242661208,4.818384810394,0.104
"8070",10,43,14,"EQW",4.4991744645752,3.73209388647336,0.2945
"8071",10,43,15,"EQW",2.65813895205972,3.34963485787139,0.497
"8072",10,43,16,"EQW",3.23561626108191,3.42553818154374,0.3305
"8073",10,43,17,"EQW",2.43232854393121,3.22343315650175,0.435
"8074",10,43,18,"EQW",3.64956606259247,3.30887372666585,0.256
"8075",10,43,19,"EQW",2.15522287192914,3.10678173318702,0.456
"8076",10,43,20,"EQW",2.77951701735057,2.99918274096401,0.3125
"8077",10,43,21,"EQW",2.50582317158188,3.05459345364622,0.337
"8078",10,43,22,"EQW",3.96051920777318,3.385460009323,0.795
"8079",10,43,23,"EQW",2.21439115593479,3.26393342013837,0.6
"8080",10,43,24,"EQW",3.27949009817978,3.50750896312446,0.741
"8081",10,43,25,"EQW",2.66041915803319,3.39209584887913,0.662
"8082",10,43,26,"EQW",1.87143997292841,3.04473567005371,0.546
"8083",10,43,27,"EQW",1.69287333246738,2.68033594338203,0.377
"8084",10,43,28,"EQW",2.77001259674019,3.16259229227854,0.2155
"8085",10,43,29,"EQW",1.38121367761234,2.55250167335753,0.569
"8086",10,43,30,"EQW",3.52357112516788,3.33874953890077,0.1045
"8087",10,43,31,"EQW",1.66454040999276,2.6357576857436,0.2865
"8088",10,43,32,"EQW",1.92471386321426,2.88651248644709,0.229
"8089",10,43,33,"EQW",1.89406518850406,2.93275356839531,0.2455
"8090",10,43,34,"EQW",1.50462126182871,2.82087283101494,0.311
"8091",10,43,35,"EQW",1.03776132526662,2.30632277285261,0.374
"8092",10,43,36,"EQW",0.845684618954483,2.047754078323,0.446
"8093",10,43,37,"EQW",1.82112326360949,2.81061504283768,0.1705
"8094",10,43,38,"EQW",0.941405190431461,2.24042404920028,0.311
"8095",10,43,1,"SGP",2.95848239720223,3.26487996087231,0.7255
"8096",10,43,2,"SGP",6.18992504843547,4.0168714625786,0.911
"8097",10,43,3,"SGP",7.78281187347383,4.52212118809707,0.9585
"8098",10,43,4,"SGP",4.84694686224165,3.56840338765339,0.839
"8099",10,43,5,"SGP",4.59833000382234,3.39005120070111,0.8365
"8100",10,43,6,"SGP",1.72029651383169,2.67408814909637,0.298
"8101",10,43,7,"SGP",9.62864634816077,5.60984071961215,0.995
"8102",10,43,8,"SGP",1.38862509244603,2.69008324770644,0.5205
"8103",10,43,9,"SGP",9.56143345190697,5.27604993131831,0.033
"8104",10,43,10,"SGP",4.13396360255337,3.36302362000242,0.8505
"8105",10,43,11,"SGP",7.59349655480995,4.43334544494273,0.052
"8106",10,43,12,"SGP",1.76583792895807,2.94769326165004,0.5665
"8107",10,43,13,"SGP",23.2123716679198,10.4787710715744,0.001
"8108",10,43,14,"SGP",7.07891925991188,4.00094117360488,0.098
"8109",10,43,15,"SGP",1.92941276326319,3.05852907940674,0.4885
"8110",10,43,16,"SGP",4.38952984020525,3.43699333824487,0.194
"8111",10,43,17,"SGP",2.0988186001618,3.01070001294195,0.374
"8112",10,43,18,"SGP",4.21845768061971,3.38717010892299,0.1635
"8113",10,43,19,"SGP",2.22212839801995,3.05057823847693,0.6235
"8114",10,43,20,"SGP",1.89832907173887,2.91667932862688,0.41
"8115",10,43,21,"SGP",1.72017343553779,2.94787671686726,0.5155
"8116",10,43,22,"SGP",7.79027300465055,4.17188528245636,0.9535
"8117",10,43,23,"SGP",2.10853241826034,2.89349087361719,0.3665
"8118",10,43,24,"SGP",1.84094804708116,3.02091699771317,0.5655
"8119",10,43,25,"SGP",1.74179415237314,2.97859214496249,0.4115
"8120",10,43,26,"SGP",2.2649196781158,3.0281865095288,0.318
"8121",10,43,27,"SGP",1.78442416302791,2.88177048307774,0.384
"8122",10,43,28,"SGP",1.65672561912646,2.91507703450305,0.461
"8123",10,43,29,"SGP",3.16950321265358,3.14122663257138,0.795
"8124",10,43,30,"SGP",4.4158840963645,3.42827313093763,0.1265
"8125",10,43,31,"SGP",1.56533211180919,2.83332709065802,0.4195
"8126",10,43,32,"SGP",1.49755317107266,2.84960598016779,0.489
"8127",10,43,33,"SGP",1.46240555899774,2.76434308328181,0.495
"8128",10,43,34,"SGP",1.72283839159357,2.38177875305824,0.08
"8129",10,43,35,"SGP",1.4279093520348,2.76915634109071,0.5855
"8130",10,43,36,"SGP",1.37623630112263,2.77132224380245,0.524
"8131",10,43,37,"SGP",1.79859322050457,2.78167567273134,0.028
"8132",10,43,38,"SGP",1.08517982581765,1.80579833256748,0.09
"8133",10,43,1,"SGP50",2.95848239720223,3.21351917257214,0.729
"8134",10,43,2,"SGP50",5.75432557642435,3.90535783121647,0.882
"8135",10,43,3,"SGP50",6.54793441605417,4.18963219931395,0.9
"8136",10,43,4,"SGP50",3.29601269227108,3.27683047631329,0.727
"8137",10,43,5,"SGP50",3.29631705783464,3.19811301517191,0.718
"8138",10,43,6,"SGP50",2.37861462778582,3.23091943209532,0.572
"8139",10,43,7,"SGP50",10.7053225180152,4.66733316089778,0.9445
"8140",10,43,8,"SGP50",7.75861652691869,3.74748268750701,0.8105
"8141",10,43,9,"SGP50",3.83052149045899,3.87354808465989,0.4935
"8142",10,43,10,"SGP50",5.71207306750497,3.67059753746279,0.838
"8143",10,43,11,"SGP50",3.27501869068129,3.57349777573907,0.388
"8144",10,43,12,"SGP50",2.53691856070528,3.23596273053858,0.6035
"8145",10,43,13,"SGP50",14.6114075680777,5.0989768422618,0.053
"8146",10,43,14,"SGP50",4.79318724209777,3.74882700205549,0.2535
"8147",10,43,15,"SGP50",2.46294240821845,3.2703574987765,0.478
"8148",10,43,16,"SGP50",3.54211977549003,3.35312738150867,0.28
"8149",10,43,17,"SGP50",2.4557979891482,3.22678594782702,0.3905
"8150",10,43,18,"SGP50",3.96540886185318,3.35840913521898,0.234
"8151",10,43,19,"SGP50",2.13519064435435,3.04630980102319,0.4395
"8152",10,43,20,"SGP50",2.74059438835641,3.06126390351587,0.2995
"8153",10,43,21,"SGP50",2.40812346791728,3.09888280173964,0.343
"8154",10,43,22,"SGP50",4.26720467412807,3.4408881445678,0.8205
"8155",10,43,23,"SGP50",2.04135085840282,3.12655322477874,0.5575
"8156",10,43,24,"SGP50",3.0167002453419,3.34489592110063,0.698
"8157",10,43,25,"SGP50",2.4981800392624,3.34088347095111,0.641
"8158",10,43,26,"SGP50",1.86169570392744,3.00506870797498,0.524
"8159",10,43,27,"SGP50",1.57810917360537,2.67743441991433,0.3915
"8160",10,43,28,"SGP50",2.42660062106587,3.02725639322761,0.2365
"8161",10,43,29,"SGP50",1.44408897346368,2.59098683379406,0.6305
"8162",10,43,30,"SGP50",3.41712666067037,3.18936401179626,0.102
"8163",10,43,31,"SGP50",1.54757335098631,2.5593209268362,0.2925
"8164",10,43,32,"SGP50",1.79073969178833,2.88511100746524,0.2485
"8165",10,43,33,"SGP50",1.79935920640067,2.80614824357092,0.2445
"8166",10,43,34,"SGP50",1.42445771693249,2.70636734646882,0.289
"8167",10,43,35,"SGP50",0.959643821695242,2.20014691717887,0.3675
"8168",10,43,36,"SGP50",0.749658427122448,1.97179956272584,0.4775
"8169",10,43,37,"SGP50",1.78515856129408,2.77659115401629,0.1475
"8170",10,43,38,"SGP50",0.908454919115725,2.21476663515466,0.3005
"8171",10,44,1,"BMA",3.11208873850561,3.4818251901469,0.493
"8172",10,44,2,"BMA",6.20714206023366,4.11007923851834,0.8935
"8173",10,44,3,"BMA",3.96747151607537,3.3597955512018,0.783
"8174",10,44,4,"BMA",1.92554231196144,2.80540688946297,0.6265
"8175",10,44,5,"BMA",5.47228231022296,3.98540842858651,0.9625
"8176",10,44,6,"BMA",7.18731019167526,4.25030028807635,0.969
"8177",10,44,7,"BMA",5.84437215038572,3.97003415893936,0.098
"8178",10,44,8,"BMA",6.73875374361097,4.07996488427518,0.088
"8179",10,44,9,"BMA",2.33823892493635,3.11661449180746,0.3905
"8180",10,44,10,"BMA",2.9086618544958,2.9733170190344,0.7495
"8181",10,44,11,"BMA",13.2176791776801,5.76207033812423,0.024
"8182",10,44,12,"BMA",3.05715093327673,3.47877342241986,0.5305
"8183",10,44,13,"BMA",9.99829081597937,4.22144344091056,0.9375
"8184",10,44,14,"BMA",3.16847013602097,3.40362742900648,0.3375
"8185",10,44,15,"BMA",8.06413635137243,4.16886702190267,0.107
"8186",10,44,16,"BMA",10.190252720796,4.36717993064346,0.0595
"8187",10,44,17,"BMA",6.81190654487718,3.77492574980045,0.1445
"8188",10,44,18,"BMA",3.34616393034452,3.40508596461647,0.358
"8189",10,44,19,"BMA",7.01112104763072,3.8505848478828,0.1375
"8190",10,44,20,"BMA",2.68455573434233,3.32483352845336,0.5955
"8191",10,44,21,"BMA",2.88075883879507,3.34486623673549,0.3885
"8192",10,44,22,"BMA",2.4227377865141,3.21355594899799,0.418
"8193",10,44,23,"BMA",3.62307100068728,3.3590008517793,0.2765
"8194",10,44,24,"BMA",2.59143322119988,3.19672990349597,0.3605
"8195",10,44,25,"BMA",3.45452790697902,3.3618414472575,0.256
"8196",10,44,26,"BMA",2.07066484496448,3.10667782504192,0.5505
"8197",10,44,27,"BMA",1.90284260593565,3.09297137593315,0.5205
"8198",10,44,28,"BMA",6.0047206165303,3.74474561793048,0.88
"8199",10,44,29,"BMA",2.85807688617726,3.28919318928749,0.626
"8200",10,44,30,"BMA",3.68721049208386,3.21843599179607,0.2375
"8201",10,44,31,"BMA",2.67397053691638,3.13117047979324,0.323
"8202",10,44,32,"BMA",1.85675249081488,2.99719015749608,0.5225
"8203",10,44,33,"BMA",2.35339562340322,3.13432501702578,0.668
"8204",10,44,34,"BMA",2.02450857646463,3.09664209754866,0.6
"8205",10,44,35,"BMA",1.91160884150837,2.95568872292509,0.4155
"8206",10,44,36,"BMA",1.87114531140415,3.05128145214935,0.603
"8207",10,44,37,"BMA",2.8981632510764,3.07636155347151,0.2475
"8208",10,44,38,"BMA",3.06967105362936,3.13014317941526,0.7665
"8209",10,44,1,"AVS",3.11208873850561,3.45812120095765,0.4895
"8210",10,44,2,"AVS",7.1150618443939,4.19887621301825,0.969
"8211",10,44,3,"AVS",1.93250768687593,2.69013758147527,0.757
"8212",10,44,4,"AVS",1.13668200127601,2.50824757613701,0.567
"8213",10,44,5,"AVS",5.2998657637857,3.83292823751815,0.9715
"8214",10,44,6,"AVS",7.1445774696238,4.60459965575763,0.9835
"8215",10,44,7,"AVS",6.54364225681815,4.28264169487211,0.035
"8216",10,44,8,"AVS",7.49183691393369,4.19048596289726,0.034
"8217",10,44,9,"AVS",2.3140114960003,2.92168736826077,0.285
"8218",10,44,10,"AVS",2.16636928600455,2.93093007819942,0.7285
"8219",10,44,11,"AVS",14.3980839357164,6.95998429384128,0.002
"8220",10,44,12,"AVS",3.6778627252295,3.27013154639941,0.195
"8221",10,44,13,"AVS",5.52694296206001,3.53885763886489,0.8865
"8222",10,44,14,"AVS",4.55301778586398,3.43283873544442,0.14
"8223",10,44,15,"AVS",11.0608685599681,4.897113929311,0.028
"8224",10,44,16,"AVS",15.949249103838,6.01786832891946,0.0055
"8225",10,44,17,"AVS",5.72008096937138,3.66428358574626,0.1635
"8226",10,44,18,"AVS",2.43033120669487,3.23274348962211,0.5855
"8227",10,44,19,"AVS",4.12456283353595,3.40860215321172,0.234
"8228",10,44,20,"AVS",5.50963413540121,3.74887767195249,0.846
"8229",10,44,21,"AVS",2.00796398307917,3.09806783322269,0.4535
"8230",10,44,22,"AVS",2.07180392200955,3.16628410119089,0.521
"8231",10,44,23,"AVS",2.51442434135025,3.13974453078045,0.363
"8232",10,44,24,"AVS",1.78898302081174,2.97679102525278,0.474
"8233",10,44,25,"AVS",2.3448001317632,3.08330060319387,0.3605
"8234",10,44,26,"AVS",2.99346511523968,3.21266957251872,0.7325
"8235",10,44,27,"AVS",1.96233919574267,3.07617915967532,0.56
"8236",10,44,28,"AVS",6.00724926548924,3.76504859557193,0.886
"8237",10,44,29,"AVS",1.8519437740697,3.01240597102568,0.56
"8238",10,44,30,"AVS",3.57833036816735,3.14010098539528,0.222
"8239",10,44,31,"AVS",2.16895336219737,3.02253918354785,0.347
"8240",10,44,32,"AVS",1.84121255498656,2.94012601754548,0.58
"8241",10,44,33,"AVS",2.73620628059396,3.04500640391719,0.734
"8242",10,44,34,"AVS",2.0287301906061,2.92153420350678,0.633
"8243",10,44,35,"AVS",1.81216104784703,2.90949703870466,0.4225
"8244",10,44,36,"AVS",1.85472580576014,2.94011073599163,0.6125
"8245",10,44,37,"AVS",2.73815339813747,2.99935717201234,0.2705
"8246",10,44,38,"AVS",3.33889740015965,3.17372562664577,0.7835
"8247",10,44,1,"EQW",3.11208873850561,3.49898490975659,0.4645
"8248",10,44,2,"EQW",5.52747469290046,3.98066470724725,0.8205
"8249",10,44,3,"EQW",4.30209712835261,3.4795370862501,0.7745
"8250",10,44,4,"EQW",3.62706351497766,3.30268398177607,0.679
"8251",10,44,5,"EQW",8.02749137104733,4.09220537943023,0.8895
"8252",10,44,6,"EQW",11.0368991806644,4.55870852471545,0.9375
"8253",10,44,7,"EQW",3.88257642445212,3.81392475805717,0.452
"8254",10,44,8,"EQW",4.05454222947693,3.77478544815966,0.351
"8255",10,44,9,"EQW",3.60102391115279,3.52164465315861,0.5805
"8256",10,44,10,"EQW",8.29379277526305,3.84841648789677,0.8685
"8257",10,44,11,"EQW",5.13673830406584,4.09382214035834,0.401
"8258",10,44,12,"EQW",3.94227318916098,3.62045497711036,0.5905
"8259",10,44,13,"EQW",12.9155096834074,4.47685684414855,0.951
"8260",10,44,14,"EQW",6.09300915952326,3.85201290514145,0.6285
"8261",10,44,15,"EQW",4.96688549204272,3.9965009679906,0.459
"8262",10,44,16,"EQW",6.33271973518115,4.27984493705978,0.2855
"8263",10,44,17,"EQW",4.64510349013612,3.76311408691734,0.2975
"8264",10,44,18,"EQW",3.26168951513271,3.56063356375004,0.537
"8265",10,44,19,"EQW",4.28637740288547,3.69940392072892,0.328
"8266",10,44,20,"EQW",4.33996923812474,3.65203199763229,0.7245
"8267",10,44,21,"EQW",3.13564282864224,3.47554760003835,0.589
"8268",10,44,22,"EQW",3.37556867887957,3.4365416984829,0.6345
"8269",10,44,23,"EQW",2.83299902145359,3.4507464926842,0.5155
"8270",10,44,24,"EQW",2.59456739089247,3.35586755201153,0.565
"8271",10,44,25,"EQW",2.54299148253949,3.33477787300962,0.431
"8272",10,44,26,"EQW",2.88809305947964,3.32843701724813,0.651
"8273",10,44,27,"EQW",2.60253482284787,3.21377972408994,0.61
"8274",10,44,28,"EQW",7.41543140681799,3.96897445970677,0.8875
"8275",10,44,29,"EQW",5.7929841710487,3.73522342100827,0.762
"8276",10,44,30,"EQW",3.64327919743451,3.6693608654417,0.5675
"8277",10,44,31,"EQW",2.9286874419451,3.42779557660022,0.576
"8278",10,44,32,"EQW",3.08404751241451,3.24743819274928,0.6455
"8279",10,44,33,"EQW",4.05210475819298,3.45497875474122,0.779
"8280",10,44,34,"EQW",4.30825924872323,3.40592303330648,0.738
"8281",10,44,35,"EQW",3.26459389902935,3.33917330953806,0.642
"8282",10,44,36,"EQW",4.24202065520771,3.43992752582729,0.7615
"8283",10,44,37,"EQW",2.71095670095421,3.26353801380525,0.5455
"8284",10,44,38,"EQW",4.99407832152239,3.45522099806308,0.8235
"8285",10,44,1,"SGP",3.11208873850561,3.58113670683885,0.4755
"8286",10,44,2,"SGP",6.81857434842232,4.23921260058084,0.95
"8287",10,44,3,"SGP",2.11866752683002,2.66795375413854,0.7675
"8288",10,44,4,"SGP",1.22312676917567,2.54594417288036,0.593
"8289",10,44,5,"SGP",5.36912162181845,3.94284543434695,0.969
"8290",10,44,6,"SGP",7.20517779532799,4.78155934427276,0.986
"8291",10,44,7,"SGP",6.36473821244014,4.03558341786363,0.06
"8292",10,44,8,"SGP",7.36033781174065,4.32518764740814,0.0475
"8293",10,44,9,"SGP",2.29739378258754,2.94254948513304,0.3195
"8294",10,44,10,"SGP",2.20643264216184,2.90528037505858,0.738
"8295",10,44,11,"SGP",14.1632654188376,6.9047843908676,0.007
"8296",10,44,12,"SGP",3.7638915543233,3.29766805441809,0.208
"8297",10,44,13,"SGP",5.53332550558664,3.57151981970506,0.893
"8298",10,44,14,"SGP",4.48821285854272,3.4559206181748,0.138
"8299",10,44,15,"SGP",10.9279773391674,4.93714549832985,0.0225
"8300",10,44,16,"SGP",15.8219480092031,6.33316074665559,0.005
"8301",10,44,17,"SGP",4.50558255034515,3.48571562097781,0.177
"8302",10,44,18,"SGP",2.59276889342105,3.13983863950206,0.6755
"8303",10,44,19,"SGP",3.66404231017441,3.27715754602166,0.254
"8304",10,44,20,"SGP",5.49404887078437,3.62687280430679,0.8455
"8305",10,44,21,"SGP",1.93645784046501,3.09581948274261,0.4825
"8306",10,44,22,"SGP",2.07295188291406,3.03821636428102,0.5335
"8307",10,44,23,"SGP",2.49669806047992,3.11796726223173,0.344
"8308",10,44,24,"SGP",1.79466697779371,3.05166539273689,0.482
"8309",10,44,25,"SGP",2.35173461525476,3.08518289453946,0.37
"8310",10,44,26,"SGP",2.97991215356061,3.11620347591428,0.72
"8311",10,44,27,"SGP",1.96307680480134,3.09924635843395,0.571
"8312",10,44,28,"SGP",6.00049286449998,3.7238970342668,0.89
"8313",10,44,29,"SGP",1.86769075884278,2.93727128894947,0.5835
"8314",10,44,30,"SGP",3.5593219677451,3.24562244558558,0.209
"8315",10,44,31,"SGP",2.16973544402152,2.98565149628745,0.3445
"8316",10,44,32,"SGP",1.84400860841024,2.8944809766608,0.5685
"8317",10,44,33,"SGP",2.73455548217233,3.02298134761795,0.7475
"8318",10,44,34,"SGP",2.03713742093286,2.96001523721969,0.6245
"8319",10,44,35,"SGP",1.8121666303225,2.94151282521457,0.4095
"8320",10,44,36,"SGP",1.863720052931,2.99626661906854,0.6305
"8321",10,44,37,"SGP",2.72855563339339,3.01907309440885,0.266
"8322",10,44,38,"SGP",3.33978833801301,3.22250194500154,0.79
"8323",10,44,1,"SGP50",3.11208873850561,3.49058868028961,0.5115
"8324",10,44,2,"SGP50",5.58533896364348,3.92886364480247,0.8355
"8325",10,44,3,"SGP50",4.21468470409215,3.38730286159073,0.787
"8326",10,44,4,"SGP50",3.43394498837654,3.28948366748762,0.689
"8327",10,44,5,"SGP50",7.75920575458147,4.12676380794755,0.91
"8328",10,44,6,"SGP50",10.2655936398405,4.36457647405962,0.934
"8329",10,44,7,"SGP50",3.69894664607912,3.66960395033479,0.3875
"8330",10,44,8,"SGP50",4.31353776669585,3.79074432415304,0.2915
"8331",10,44,9,"SGP50",2.79524653879434,3.35668739951758,0.5075
"8332",10,44,10,"SGP50",5.76118310449326,3.51942246430122,0.8275
"8333",10,44,11,"SGP50",6.99588608841542,4.31459717992217,0.243
"8334",10,44,12,"SGP50",2.94748789784303,3.41787255387634,0.444
"8335",10,44,13,"SGP50",9.20305618139364,4.10507385755971,0.925
"8336",10,44,14,"SGP50",3.43395230284235,3.60413009702928,0.4285
"8337",10,44,15,"SGP50",6.09085490567896,4.06977360281739,0.2335
"8338",10,44,16,"SGP50",10.1602120783262,4.78629922874409,0.111
"8339",10,44,17,"SGP50",4.96261213090413,3.62550187971481,0.204
"8340",10,44,18,"SGP50",2.65996575506471,3.3936193100532,0.5295
"8341",10,44,19,"SGP50",4.59428392683717,3.49696844635281,0.2255
"8342",10,44,20,"SGP50",4.10771195607863,3.58099484613405,0.73
"8343",10,44,21,"SGP50",2.36133570568273,3.26729137022839,0.48
"8344",10,44,22,"SGP50",2.38182969610852,3.27654684679215,0.509
"8345",10,44,23,"SGP50",2.6420698409042,3.2222713627222,0.3905
"8346",10,44,24,"SGP50",2.14143794459572,3.15374796999658,0.4565
"8347",10,44,25,"SGP50",2.69113969616617,3.21933841901447,0.32
"8348",10,44,26,"SGP50",2.51996241598559,3.15836862849528,0.63
"8349",10,44,27,"SGP50",2.0671624379511,3.08844457017996,0.517
"8350",10,44,28,"SGP50",5.87271203456255,3.72120278448913,0.855
"8351",10,44,29,"SGP50",2.91962523215944,3.20522111910724,0.6605
"8352",10,44,30,"SGP50",2.96011772985764,3.40219278433561,0.35
"8353",10,44,31,"SGP50",2.2527873874772,3.16960649211674,0.406
"8354",10,44,32,"SGP50",2.04442046194813,3.0585612304743,0.576
"8355",10,44,33,"SGP50",2.78212947612111,3.22915621667053,0.7315
"8356",10,44,34,"SGP50",2.53179287490831,3.11783912355755,0.6705
"8357",10,44,35,"SGP50",1.96994182230006,3.1212060091298,0.479
"8358",10,44,36,"SGP50",2.38877214764307,3.12982553072805,0.655
"8359",10,44,37,"SGP50",2.36950125109814,3.07839548523532,0.3655
"8360",10,44,38,"SGP50",3.45952035757657,3.3349525413269,0.7985
"8361",10,45,1,"BMA",2.39095127582996,3.19589132222206,0.4805
"8362",10,45,2,"BMA",2.00439655868121,3.09031295676558,0.5305
"8363",10,45,3,"BMA",2.33318509493589,2.85487045201343,0.753
"8364",10,45,4,"BMA",3.91789898147009,3.33687481669716,0.896
"8365",10,45,5,"BMA",4.7198355182021,3.49262239468016,0.933
"8366",10,45,6,"BMA",2.44276049344868,2.80026292898233,0.2145
"8367",10,45,7,"BMA",2.92446325988732,3.13540326945231,0.1615
"8368",10,45,8,"BMA",1.10448559686752,2.44031125765646,0.567
"8369",10,45,9,"BMA",2.67243369106349,2.94533733050593,0.156
"8370",10,45,10,"BMA",9.66766378672291,6.18068514260898,0.9985
"8371",10,45,11,"BMA",3.38952656396048,3.32641183471992,0.176
"8372",10,45,12,"BMA",1.69689364554312,2.81087771599308,0.3305
"8373",10,45,13,"BMA",1.82116117063938,2.66006135441802,0.6925
"8374",10,45,14,"BMA",1.12372241978923,2.53556444717858,0.56
"8375",10,45,15,"BMA",1.57475492718071,2.6759098102827,0.697
"8376",10,45,16,"BMA",2.56078862759443,2.85135486820403,0.813
"8377",10,45,17,"BMA",1.82992012635166,2.65543116976961,0.268
"8378",10,45,18,"BMA",7.33388170771384,4.70948416930799,0.018
"8379",10,45,19,"BMA",1.64601072353916,2.72808677279832,0.7245
"8380",10,45,20,"BMA",10.6073919505913,6.82831623433027,0
"8381",10,45,21,"BMA",6.58396048070277,4.1117173608417,0.053
"8382",10,45,22,"BMA",8.43873740677481,4.5662285792639,0.037
"8383",10,45,23,"BMA",4.60073689899897,3.51037845884044,0.126
"8384",10,45,24,"BMA",2.3392550830223,2.98664538906892,0.306
"8385",10,45,25,"BMA",3.52897955989439,3.29516801085876,0.2025
"8386",10,45,26,"BMA",17.7203945303887,8.6250476978243,0
"8387",10,45,27,"BMA",7.17155632939725,3.97752963707592,0.8835
"8388",10,45,28,"BMA",2.70632340330243,3.44172230846988,0.609
"8389",10,45,29,"BMA",2.46160023030129,3.17006894315848,0.338
"8390",10,45,30,"BMA",2.28240705706239,3.09276526019904,0.6265
"8391",10,45,31,"BMA",1.82827321608097,3.00814948050369,0.541
"8392",10,45,32,"BMA",1.86094697416532,2.95382563155821,0.442
"8393",10,45,33,"BMA",2.81239997706941,3.06836822970159,0.2645
"8394",10,45,34,"BMA",2.7088025213062,3.08420987233389,0.7305
"8395",10,45,35,"BMA",2.93687336804251,3.05257415112749,0.2595
"8396",10,45,36,"BMA",1.66957703837204,2.77543808249401,0.4315
"8397",10,45,37,"BMA",1.5944873293436,2.85465386300314,0.428
"8398",10,45,38,"BMA",3.25395663921369,3.15520114499548,0.778
"8399",10,45,1,"AVS",2.39095127582996,3.23314074148277,0.472
"8400",10,45,2,"AVS",1.94021590448467,2.84118307559548,0.632
"8401",10,45,3,"AVS",2.5868294070296,2.84926833700239,0.8115
"8402",10,45,4,"AVS",3.19685279846503,3.05696706875936,0.9095
"8403",10,45,5,"AVS",4.23539214790711,3.57142506218644,0.9565
"8404",10,45,6,"AVS",2.69300064691337,2.80771995240664,0.16
"8405",10,45,7,"AVS",3.11351715673943,3.06589230499256,0.1215
"8406",10,45,8,"AVS",1.00672090584057,2.33106517449709,0.551
"8407",10,45,9,"AVS",2.79311704938656,2.95186718840579,0.123
"8408",10,45,10,"AVS",9.57781311721916,6.06624274184813,0.997
"8409",10,45,11,"AVS",3.83551605864629,3.37294326336479,0.115
"8410",10,45,12,"AVS",1.77582018566236,2.75758766832139,0.291
"8411",10,45,13,"AVS",1.7070864109387,2.68442528578883,0.697
"8412",10,45,14,"AVS",1.10141991110413,2.52178565965863,0.525
"8413",10,45,15,"AVS",1.55734528662943,2.63685665818709,0.688
"8414",10,45,16,"AVS",2.5515699940157,2.75998031890512,0.814
"8415",10,45,17,"AVS",1.83172930285087,2.68966576713618,0.264
"8416",10,45,18,"AVS",7.34067240075683,4.66398017275946,0.0175
"8417",10,45,19,"AVS",1.63275774062813,2.71761020766216,0.6905
"8418",10,45,20,"AVS",10.6335474213349,6.03064115067014,0.0015
"8419",10,45,21,"AVS",6.8816276629052,4.11431331895202,0.0465
"8420",10,45,22,"AVS",9.28587231163301,4.98182746430836,0.01
"8421",10,45,23,"AVS",6.20499603757068,3.77531731696264,0.0635
"8422",10,45,24,"AVS",1.56755481294907,2.7867923857887,0.405
"8423",10,45,25,"AVS",2.28523535579553,2.90145642993777,0.2785
"8424",10,45,26,"AVS",16.0852438366882,8.05862328767779,0.0015
"8425",10,45,27,"AVS",9.13047863395416,4.64030034636541,0.9735
"8426",10,45,28,"AVS",4.81883906878171,3.51795194362761,0.8765
"8427",10,45,29,"AVS",1.63159547248814,2.91265626883129,0.4935
"8428",10,45,30,"AVS",3.17558726271619,3.16894527695025,0.771
"8429",10,45,31,"AVS",2.00382149315676,2.95045865855179,0.6625
"8430",10,45,32,"AVS",1.61304775035251,2.82427605343114,0.545
"8431",10,45,33,"AVS",2.12184789740455,2.93554363199339,0.3235
"8432",10,45,34,"AVS",3.27940318406704,3.12518361331928,0.811
"8433",10,45,35,"AVS",2.41049430211689,3.04421546972858,0.247
"8434",10,45,36,"AVS",1.49675090795642,2.70832841178612,0.4885
"8435",10,45,37,"AVS",1.48903900056333,2.76435789936017,0.46
"8436",10,45,38,"AVS",3.45331874328544,3.1543143891338,0.8075
"8437",10,45,1,"EQW",2.39095127582996,3.19539057135888,0.496
"8438",10,45,2,"EQW",2.22600368795959,3.18948540353248,0.4785
"8439",10,45,3,"EQW",2.1377322940054,3.01729430322682,0.649
"8440",10,45,4,"EQW",4.36274888572706,3.47531182101146,0.8315
"8441",10,45,5,"EQW",6.53973794953504,3.77383712184889,0.9185
"8442",10,45,6,"EQW",2.33563698223418,3.17850019050843,0.4855
"8443",10,45,7,"EQW",2.22742347890815,3.24661820277427,0.424
"8444",10,45,8,"EQW",2.95627558577091,3.18168829575939,0.6995
"8445",10,45,9,"EQW",2.38459831787344,3.21438245038007,0.5255
"8446",10,45,10,"EQW",13.7224616415174,5.6981948027628,0.991
"8447",10,45,11,"EQW",4.03180232071514,3.60352795102677,0.6345
"8448",10,45,12,"EQW",3.9369623976416,3.34302543930912,0.6755
"8449",10,45,13,"EQW",6.96271292034014,3.64175817644424,0.863
"8450",10,45,14,"EQW",6.35818600923608,3.53206808210264,0.822
"8451",10,45,15,"EQW",8.13297296995409,3.66499508178523,0.8815
"8452",10,45,16,"EQW",10.4268922587608,3.90899217636086,0.9255
"8453",10,45,17,"EQW",6.66004922430008,3.62817649544715,0.719
"8454",10,45,18,"EQW",4.69288853237498,3.7449133213359,0.503
"8455",10,45,19,"EQW",7.65216841982748,3.64558369024039,0.871
"8456",10,45,20,"EQW",4.36929519717871,3.8921962797458,0.445
"8457",10,45,21,"EQW",3.29202819319661,3.53820565569401,0.431
"8458",10,45,22,"EQW",4.15843248554037,3.74776095678926,0.295
"8459",10,45,23,"EQW",3.33492682978138,3.50795190291741,0.297
"8460",10,45,24,"EQW",2.27090769590355,3.18190131962467,0.4445
"8461",10,45,25,"EQW",2.83052797433044,3.29825978544031,0.331
"8462",10,45,26,"EQW",15.3856467549189,5.65496433229459,0.0225
"8463",10,45,27,"EQW",2.81914077725637,3.42548547269627,0.549
"8464",10,45,28,"EQW",2.47439518785424,3.30952884084354,0.502
"8465",10,45,29,"EQW",2.33720761784247,3.12444256790341,0.3955
"8466",10,45,30,"EQW",2.41781602315532,3.22608896725404,0.6185
"8467",10,45,31,"EQW",2.45965161464395,3.22289764983515,0.6405
"8468",10,45,32,"EQW",2.22105243697523,3.13493740349003,0.575
"8469",10,45,33,"EQW",2.10316586703688,3.01096889622747,0.409
"8470",10,45,34,"EQW",2.65402632799354,3.10598425215489,0.728
"8471",10,45,35,"EQW",2.08987964550236,2.98089803766496,0.3755
"8472",10,45,36,"EQW",1.88187759745854,2.83520275574126,0.3625
"8473",10,45,37,"EQW",2.36479383304022,2.91952854326349,0.2925
"8474",10,45,38,"EQW",1.59835234134769,2.79308885574407,0.5645
"8475",10,45,1,"SGP",2.39095127582996,3.27719772380618,0.4775
"8476",10,45,2,"SGP",1.9091181929252,2.98034452068875,0.601
"8477",10,45,3,"SGP",2.41072340781026,2.82230878015003,0.7755
"8478",10,45,4,"SGP",3.40549790260066,3.11809990976844,0.897
"8479",10,45,5,"SGP",4.42327093116659,3.5801865325508,0.954
"8480",10,45,6,"SGP",2.5651615236115,2.83734111987206,0.1785
"8481",10,45,7,"SGP",3.00159311724875,2.97772473473118,0.1475
"8482",10,45,8,"SGP",1.0361683041692,2.34109938285235,0.557
"8483",10,45,9,"SGP",2.70236289121915,2.95570267005441,0.14
"8484",10,45,10,"SGP",9.64572415381169,6.29637805248511,0.9975
"8485",10,45,11,"SGP",3.71102084037598,3.21671862154869,0.1335
"8486",10,45,12,"SGP",1.75091934451444,2.7542627481206,0.3005
"8487",10,45,13,"SGP",1.7528969414095,2.66405227572718,0.677
"8488",10,45,14,"SGP",1.12476839221076,2.55831202714356,0.529
"8489",10,45,15,"SGP",1.59203673636077,2.63908639870652,0.714
"8490",10,45,16,"SGP",2.59437321624082,2.8113602007674,0.8225
"8491",10,45,17,"SGP",1.81272725712478,2.68326022590088,0.268
"8492",10,45,18,"SGP",7.24280302026367,4.71509138054077,0.0205
"8493",10,45,19,"SGP",1.65746999969379,2.71661838584969,0.7035
"8494",10,45,20,"SGP",10.5259390688757,6.03915166807142,0.005
"8495",10,45,21,"SGP",6.81655210833395,4.04792393089412,0.047
"8496",10,45,22,"SGP",9.21446374692248,5.14213601900479,0.011
"8497",10,45,23,"SGP",6.1681159257752,3.76693916788147,0.0715
"8498",10,45,24,"SGP",1.53041300399221,2.80610680986834,0.4145
"8499",10,45,25,"SGP",2.27693489267954,2.94058737286728,0.286
"8500",10,45,26,"SGP",16.0990463138826,6.98327012948559,0.0015
"8501",10,45,27,"SGP",8.99554798188699,4.53182618452702,0.962
"8502",10,45,28,"SGP",4.86190005126491,3.54782074649291,0.8775
"8503",10,45,29,"SGP",1.57787288518549,2.94539298932054,0.5305
"8504",10,45,30,"SGP",3.17649974289012,3.20653861850839,0.792
"8505",10,45,31,"SGP",2.02216586873824,2.95418786773931,0.666
"8506",10,45,32,"SGP",1.61196812233396,2.84020549360546,0.526
"8507",10,45,33,"SGP",2.11669213518404,2.88943970193503,0.31
"8508",10,45,34,"SGP",3.2642224517284,3.0812495242195,0.7895
"8509",10,45,35,"SGP",2.40988173941023,3.03272680209288,0.2685
"8510",10,45,36,"SGP",1.50139585918749,2.70387789477514,0.462
"8511",10,45,37,"SGP",1.49436347792786,2.77087089533474,0.4625
"8512",10,45,38,"SGP",3.42413913411022,3.23668339370523,0.8205
"8513",10,45,1,"SGP50",2.39095127582996,3.25145422420804,0.5015
"8514",10,45,2,"SGP50",2.1999365338512,3.15758990929912,0.482
"8515",10,45,3,"SGP50",2.15250819601657,2.98843197567118,0.6695
"8516",10,45,4,"SGP50",4.37459767262737,3.50377047300604,0.8425
"8517",10,45,5,"SGP50",6.43792935489379,3.79150942843636,0.9205
"8518",10,45,6,"SGP50",2.2288556098837,3.13916589544106,0.479
"8519",10,45,7,"SGP50",2.18528533113966,3.15594461225913,0.4125
"8520",10,45,8,"SGP50",2.61575063186597,3.02629941338297,0.6805
"8521",10,45,9,"SGP50",2.14031539645089,3.14100925630435,0.4705
"8522",10,45,10,"SGP50",12.7351538539679,5.72113129876266,0.9905
"8523",10,45,11,"SGP50",3.04526095835312,3.42963184738052,0.5225
"8524",10,45,12,"SGP50",2.68892324673542,3.22593837862143,0.591
"8525",10,45,13,"SGP50",4.80639496167458,3.27968327970619,0.835
"8526",10,45,14,"SGP50",3.63026212791328,3.07433150403671,0.7235
"8527",10,45,15,"SGP50",4.56137425188022,3.23528230943629,0.8275
"8528",10,45,16,"SGP50",5.84726645303078,3.49782615193345,0.9005
"8529",10,45,17,"SGP50",2.53280071279559,3.06669123149784,0.5135
"8530",10,45,18,"SGP50",4.16516075881372,3.77964708235026,0.255
"8531",10,45,19,"SGP50",3.54920512439461,3.07855217981006,0.797
"8532",10,45,20,"SGP50",6.45129011608735,4.19828774975013,0.169
"8533",10,45,21,"SGP50",4.37721383678672,3.60835189135361,0.2055
"8534",10,45,22,"SGP50",6.38158349207584,4.09041278123025,0.1245
"8535",10,45,23,"SGP50",4.41492509216158,3.57168023341867,0.1645
"8536",10,45,24,"SGP50",1.97420392101422,2.95174479672039,0.3945
"8537",10,45,25,"SGP50",2.8980271790512,3.15099581539982,0.2425
"8538",10,45,26,"SGP50",16.7775017889425,6.53577729322189,0.0075
"8539",10,45,27,"SGP50",4.40689604136127,3.6507293393103,0.74
"8540",10,45,28,"SGP50",2.80549379954521,3.39981864256482,0.6305
"8541",10,45,29,"SGP50",2.06871818776018,3.03496056742582,0.4275
"8542",10,45,30,"SGP50",2.44299978950231,3.08141346126277,0.659
"8543",10,45,31,"SGP50",2.02854652520944,3.11012007606959,0.6005
"8544",10,45,32,"SGP50",1.88456406472409,3.01018093113021,0.5115
"8545",10,45,33,"SGP50",2.47297289098399,3.06468797644539,0.303
"8546",10,45,34,"SGP50",2.61741715490284,3.12548547210862,0.7275
"8547",10,45,35,"SGP50",2.63161891743572,3.06999683410997,0.296
"8548",10,45,36,"SGP50",1.82327124072318,2.85786339993622,0.387
"8549",10,45,37,"SGP50",1.94785152080813,2.8980693283057,0.3575
"8550",10,45,38,"SGP50",2.27235404654313,2.98255510333761,0.686
"8551",10,46,1,"BMA",4.61587525530673,3.62317232172549,0.9125
"8552",10,46,2,"BMA",5.66169113461125,4.147585295921,0.9185
"8553",10,46,3,"BMA",1.46273982359626,2.79125738381415,0.5425
"8554",10,46,4,"BMA",2.34315100861198,2.95508509233001,0.2765
"8555",10,46,5,"BMA",2.41976814218288,3.0787985666888,0.6945
"8556",10,46,6,"BMA",2.45312456730623,3.07675453576352,0.7005
"8557",10,46,7,"BMA",6.85834628221957,3.99126180403641,0.9255
"8558",10,46,8,"BMA",1.91306048232997,2.93917930190121,0.392
"8559",10,46,9,"BMA",4.68469985854812,3.4979151814588,0.851
"8560",10,46,10,"BMA",3.86178687961699,3.34583985216421,0.8205
"8561",10,46,11,"BMA",1.91880155274307,3.03551217977838,0.521
"8562",10,46,12,"BMA",5.38775264346193,3.59866313540402,0.8835
"8563",10,46,13,"BMA",2.9212959710432,3.19808941456343,0.2495
"8564",10,46,14,"BMA",11.7208771543453,5.14810150435773,0.9835
"8565",10,46,15,"BMA",6.29710635605467,3.90356563006343,0.908
"8566",10,46,16,"BMA",9.12557732254757,4.63633293623717,0.947
"8567",10,46,17,"BMA",12.7070920326765,4.80940826267726,0.967
"8568",10,46,18,"BMA",5.26693359150507,3.5475587862724,0.7795
"8569",10,46,19,"BMA",1.95704262544148,3.05777999187878,0.5275
"8570",10,46,20,"BMA",2.66580175077905,3.0026948576443,0.733
"8571",10,46,21,"BMA",3.31135223636604,3.15402560524402,0.1925
"8572",10,46,22,"BMA",3.00859312263707,3.17420776875818,0.2205
"8573",10,46,23,"BMA",7.53569363083654,4.34504888314781,0.0345
"8574",10,46,24,"BMA",1.64521415212192,2.87894258272837,0.3775
"8575",10,46,25,"BMA",2.55944988611073,3.0199091369999,0.7385
"8576",10,46,26,"BMA",2.12759153230833,3.01491128670112,0.661
"8577",10,46,27,"BMA",1.6303626615813,2.79499603157479,0.44
"8578",10,46,28,"BMA",3.40026579226516,3.20042634682313,0.151
"8579",10,46,29,"BMA",2.98173740491788,3.14023314135462,0.2195
"8580",10,46,30,"BMA",9.63049624396074,4.79093662059469,0.0205
"8581",10,46,31,"BMA",4.3250672572584,3.44228075943842,0.1295
"8582",10,46,32,"BMA",7.71976828226173,4.28272805583694,0.039
"8583",10,46,33,"BMA",1.57397987757486,2.79452615423939,0.441
"8584",10,46,34,"BMA",2.91065487250678,3.16300423967492,0.772
"8585",10,46,35,"BMA",2.39868581964116,2.92308856561236,0.3145
"8586",10,46,36,"BMA",1.66285092323278,2.8866887123264,0.5595
"8587",10,46,37,"BMA",1.51071062847991,2.68732565606703,0.482
"8588",10,46,38,"BMA",1.48963125158462,2.81845403986549,0.4515
"8589",10,46,1,"AVS",4.61587525530673,3.72777097519105,0.917
"8590",10,46,2,"AVS",5.00242590754116,3.82307459906559,0.898
"8591",10,46,3,"AVS",1.46126213654299,2.72393685292387,0.551
"8592",10,46,4,"AVS",2.61125208860286,3.02084104802783,0.2485
"8593",10,46,5,"AVS",2.1874278876842,2.98161922193434,0.675
"8594",10,46,6,"AVS",2.43004158309754,3.07003671141765,0.6905
"8595",10,46,7,"AVS",6.74827954416382,3.84955814409715,0.925
"8596",10,46,8,"AVS",1.8885412757253,2.85690059893746,0.391
"8597",10,46,9,"AVS",4.62324506994793,3.42342126107135,0.85
"8598",10,46,10,"AVS",3.90342504851584,3.28935141721481,0.8115
"8599",10,46,11,"AVS",1.93151799668367,2.98290949461736,0.5035
"8600",10,46,12,"AVS",5.38763667773743,3.57504529378142,0.868
"8601",10,46,13,"AVS",2.80229358245036,3.12656302769301,0.2815
"8602",10,46,14,"AVS",11.6800492993623,5.19491073716194,0.9795
"8603",10,46,15,"AVS",6.38003846550892,3.8048402479474,0.904
"8604",10,46,16,"AVS",9.31768447576291,4.61541317850192,0.9595
"8605",10,46,17,"AVS",8.9867001598815,4.0881232891514,0.9305
"8606",10,46,18,"AVS",1.27734703566982,2.59455098847921,0.503
"8607",10,46,19,"AVS",2.57533319280238,2.99673733050333,0.2245
"8608",10,46,20,"AVS",1.59915651494415,2.89377979444702,0.53
"8609",10,46,21,"AVS",6.19033239152252,3.80525641120689,0.0865
"8610",10,46,22,"AVS",3.05477763420285,3.18878243592702,0.2075
"8611",10,46,23,"AVS",7.56638083246372,4.30497597998406,0.0415
"8612",10,46,24,"AVS",1.63989219244379,2.88346624632868,0.3725
"8613",10,46,25,"AVS",2.54456436623574,3.02919315032178,0.7395
"8614",10,46,26,"AVS",2.09200664417692,2.93610611534584,0.66
"8615",10,46,27,"AVS",1.62889463699329,2.76762084234673,0.446
"8616",10,46,28,"AVS",3.40325813753201,3.12597630907491,0.182
"8617",10,46,29,"AVS",2.98293196778223,3.08427462455544,0.208
"8618",10,46,30,"AVS",9.63367448189838,4.81433559161479,0.0195
"8619",10,46,31,"AVS",4.32596327896429,3.45725552433927,0.142
"8620",10,46,32,"AVS",7.71579696084077,4.32343767703415,0.0425
"8621",10,46,33,"AVS",1.57110947838075,2.87180576667764,0.4295
"8622",10,46,34,"AVS",2.91284235709539,3.14879162390304,0.7765
"8623",10,46,35,"AVS",2.40315878788356,3.01581132103719,0.2935
"8624",10,46,36,"AVS",1.66146111545707,2.85997872661379,0.559
"8625",10,46,37,"AVS",1.5086035370706,2.77612936850487,0.4985
"8626",10,46,38,"AVS",1.48896508906185,2.80509088609486,0.4485
"8627",10,46,1,"EQW",4.61587525530673,3.75828814146134,0.912
"8628",10,46,2,"EQW",6.87690107305343,4.4089404416909,0.9505
"8629",10,46,3,"EQW",2.16148121461614,3.0605558699439,0.393
"8630",10,46,4,"EQW",1.84468447913392,2.78507072972094,0.3755
"8631",10,46,5,"EQW",3.023441278078,3.23005187825706,0.795
"8632",10,46,6,"EQW",2.06627884728203,2.86210057231958,0.677
"8633",10,46,7,"EQW",6.30423237056063,4.05941808411122,0.931
"8634",10,46,8,"EQW",2.98438501688063,3.21374432341773,0.2385
"8635",10,46,9,"EQW",4.89765372652422,3.53727894353443,0.873
"8636",10,46,10,"EQW",2.42492619486591,2.97347426918345,0.696
"8637",10,46,11,"EQW",2.03672096051426,3.09129198570994,0.3895
"8638",10,46,12,"EQW",4.70524555333983,3.46717372669655,0.877
"8639",10,46,13,"EQW",4.97835683905161,3.66212193849148,0.183
"8640",10,46,14,"EQW",11.8185069870136,5.32184237459076,0.985
"8641",10,46,15,"EQW",3.07270850967701,3.22824782898427,0.716
"8642",10,46,16,"EQW",4.32528962034074,3.44979109891733,0.7705
"8643",10,46,17,"EQW",7.20921209674794,3.86164225376848,0.9015
"8644",10,46,18,"EQW",4.28357200442386,3.32325012139776,0.718
"8645",10,46,19,"EQW",3.39092659445601,3.43109439826859,0.621
"8646",10,46,20,"EQW",4.39006139536522,3.41200828187119,0.7475
"8647",10,46,21,"EQW",3.04963313307478,3.71070301938692,0.4665
"8648",10,46,22,"EQW",3.0186982985616,3.37376279395882,0.343
"8649",10,46,23,"EQW",6.87770832012097,3.91951483936369,0.1185
"8650",10,46,24,"EQW",2.53759088143436,3.05744515921796,0.3055
"8651",10,46,25,"EQW",2.42721065420607,3.06532530981092,0.674
"8652",10,46,26,"EQW",3.07378966011613,3.20921769864147,0.717
"8653",10,46,27,"EQW",2.46167263218476,3.19740416396105,0.5805
"8654",10,46,28,"EQW",2.70053251183293,3.40345877186042,0.391
"8655",10,46,29,"EQW",2.41742325042316,3.17846834306773,0.3535
"8656",10,46,30,"EQW",6.83909638995772,3.84634139610125,0.0945
"8657",10,46,31,"EQW",4.34240751755321,3.386913746906,0.1555
"8658",10,46,32,"EQW",7.80415017831229,4.10411966068045,0.056
"8659",10,46,33,"EQW",2.66608859807793,3.28212171058603,0.3685
"8660",10,46,34,"EQW",2.73910075775774,3.0094089736396,0.75
"8661",10,46,35,"EQW",1.48742544655424,2.77880308039916,0.4535
"8662",10,46,36,"EQW",2.34327143668862,3.03674517491162,0.7345
"8663",10,46,37,"EQW",2.52941503517955,3.05954213090698,0.7295
"8664",10,46,38,"EQW",2.59608509609397,3.16564609571607,0.7005
"8665",10,46,1,"SGP",4.61587525530673,3.70580843511584,0.906
"8666",10,46,2,"SGP",6.76840719928285,4.6638213651687,0.9615
"8667",10,46,3,"SGP",1.50383934606386,2.83676822480074,0.4815
"8668",10,46,4,"SGP",1.1280154049265,2.44828947755936,0.49
"8669",10,46,5,"SGP",5.11444986906086,3.98087974105969,0.942
"8670",10,46,6,"SGP",2.51111806482669,2.92482846156177,0.801
"8671",10,46,7,"SGP",6.52852635192361,4.43760757453949,0.977
"8672",10,46,8,"SGP",5.49308819093082,3.98858554421298,0.059
"8673",10,46,9,"SGP",4.50754341618766,3.48453248684596,0.933
"8674",10,46,10,"SGP",1.1287926756686,2.58805016026081,0.5035
"8675",10,46,11,"SGP",3.59651439076015,3.13062075448248,0.113
"8676",10,46,12,"SGP",2.80243050166306,2.99115146655212,0.8435
"8677",10,46,13,"SGP",10.82454245884,6.35957914505178,0.008
"8678",10,46,14,"SGP",10.1815686396257,5.26889396511786,0.9925
"8679",10,46,15,"SGP",1.62726805517357,2.65278433779751,0.678
"8680",10,46,16,"SGP",1.52824433951785,2.58362178032644,0.381
"8681",10,46,17,"SGP",2.78537539546401,2.9338714497388,0.831
"8682",10,46,18,"SGP",1.19084923269392,2.52798473576843,0.467
"8683",10,46,19,"SGP",2.99439983073309,3.00868300740452,0.154
"8684",10,46,20,"SGP",1.76693083533758,2.71932698476113,0.2805
"8685",10,46,21,"SGP",8.49282235674812,4.90105072422336,0.017
"8686",10,46,22,"SGP",10.4032484212105,5.63029584031135,0.01
"8687",10,46,23,"SGP",13.7823646724107,7.93379507232576,0.002
"8688",10,46,24,"SGP",2.55941671487881,2.95095977230955,0.275
"8689",10,46,25,"SGP",1.8033906528879,2.83980590850518,0.6485
"8690",10,46,26,"SGP",1.57112204294035,2.7893892858473,0.553
"8691",10,46,27,"SGP",2.11172851869389,2.93317175135619,0.309
"8692",10,46,28,"SGP",5.0333845883439,3.63626285221924,0.0895
"8693",10,46,29,"SGP",2.87303578646152,2.98829760874477,0.2055
"8694",10,46,30,"SGP",7.95221517871005,4.33471061648637,0.0425
"8695",10,46,31,"SGP",2.0811217064117,2.93683823014645,0.3365
"8696",10,46,32,"SGP",3.68335195320587,3.23421274497686,0.1645
"8697",10,46,33,"SGP",4.42330982211677,3.30680626976191,0.8415
"8698",10,46,34,"SGP",6.7734565275596,3.88103431764837,0.9395
"8699",10,46,35,"SGP",1.47623988192871,2.76128470556147,0.4525
"8700",10,46,36,"SGP",2.62044119829118,3.07026322048829,0.7505
"8701",10,46,37,"SGP",1.8020196085164,2.84249789223925,0.656
"8702",10,46,38,"SGP",1.5911485539935,2.8233486321952,0.5685
"8703",10,46,1,"SGP50",4.61587525530673,3.69381852308281,0.901
"8704",10,46,2,"SGP50",6.87246357979422,4.38838739729915,0.952
"8705",10,46,3,"SGP50",2.1446303481866,3.10898326155278,0.3805
"8706",10,46,4,"SGP50",1.78814100432662,2.78391871815647,0.3655
"8707",10,46,5,"SGP50",3.09229631049742,3.28981133899652,0.7985
"8708",10,46,6,"SGP50",2.06026168708016,2.8912176966229,0.706
"8709",10,46,7,"SGP50",6.3738872011006,4.31402884761314,0.943
"8710",10,46,8,"SGP50",3.04938255865278,3.18490942479297,0.2325
"8711",10,46,9,"SGP50",4.95618279390045,3.62050797409461,0.8935
"8712",10,46,10,"SGP50",2.27465357211826,2.92518221232823,0.7005
"8713",10,46,11,"SGP50",2.07424009914749,3.07417089079,0.35
"8714",10,46,12,"SGP50",4.49806499659803,3.35530135852085,0.882
"8715",10,46,13,"SGP50",5.58541423529556,3.72561249571251,0.1415
"8716",10,46,14,"SGP50",11.6480143242919,5.37255605906573,0.99
"8717",10,46,15,"SGP50",2.64593291049398,3.07468665468047,0.6885
"8718",10,46,16,"SGP50",3.54802112114828,3.27058992297487,0.7145
"8719",10,46,17,"SGP50",6.10735663373782,3.51015580521842,0.888
"8720",10,46,18,"SGP50",3.10105821272264,3.13662179122647,0.672
"8721",10,46,19,"SGP50",2.57189166186801,3.24503417655431,0.5355
"8722",10,46,20,"SGP50",3.02288020263025,3.244111374953,0.6265
"8723",10,46,21,"SGP50",3.57983477598765,3.65139718670511,0.334
"8724",10,46,22,"SGP50",3.95167748351125,3.53313645384382,0.2825
"8725",10,46,23,"SGP50",7.98918499909111,4.20095996592627,0.077
"8726",10,46,24,"SGP50",2.31343685567516,2.94337858081492,0.2915
"8727",10,46,25,"SGP50",2.35196940090587,3.05563282098426,0.682
"8728",10,46,26,"SGP50",2.56776530245384,3.13033263587126,0.701
"8729",10,46,27,"SGP50",2.03734441925134,3.0473624673761,0.516
"8730",10,46,28,"SGP50",3.03898138125978,3.36836113893848,0.305
"8731",10,46,29,"SGP50",2.52104290134657,3.16910772809076,0.313
"8732",10,46,30,"SGP50",7.49894202701232,4.00331101717535,0.0755
"8733",10,46,31,"SGP50",3.67194904737708,3.24871381587189,0.207
"8734",10,46,32,"SGP50",6.72221813990493,3.78794429512897,0.0805
"8735",10,46,33,"SGP50",2.23424319756663,3.18198661771733,0.4945
"8736",10,46,34,"SGP50",3.40344503367079,3.18408531327581,0.771
"8737",10,46,35,"SGP50",1.60389570130317,2.75953921871329,0.434
"8738",10,46,36,"SGP50",2.20134491747983,3.01754922801785,0.706
"8739",10,46,37,"SGP50",2.08383122089547,2.94582823231444,0.6695
"8740",10,46,38,"SGP50",2.06457422728238,3.08185435557241,0.6385
"8741",10,47,1,"BMA",2.28528947504931,3.07060676527107,0.8095
"8742",10,47,2,"BMA",2.93165204750938,3.14001110510687,0.8185
"8743",10,47,3,"BMA",1.49424775051346,2.65870183370904,0.6405
"8744",10,47,4,"BMA",1.43523923431721,2.75899398967783,0.6315
"8745",10,47,5,"BMA",2.73540337255496,3.04585452761223,0.802
"8746",10,47,6,"BMA",1.28379481127246,2.588894598427,0.5345
"8747",10,47,7,"BMA",1.19830560886696,2.55717422909354,0.474
"8748",10,47,8,"BMA",1.4655068064925,2.53011411126804,0.3225
"8749",10,47,9,"BMA",1.00661820758919,2.28527968480015,0.446
"8750",10,47,10,"BMA",3.17067572076622,3.04797580374992,0.9
"8751",10,47,11,"BMA",3.79726870753742,3.38475486654945,0.9405
"8752",10,47,12,"BMA",0.944173449071398,2.34817647934153,0.5015
"8753",10,47,13,"BMA",6.23847615230267,4.64424517968024,0.024
"8754",10,47,14,"BMA",1.41414179126036,2.53514684540194,0.672
"8755",10,47,15,"BMA",1.79410533100729,2.64463267372375,0.7665
"8756",10,47,16,"BMA",1.89313244517292,2.79376495175662,0.2375
"8757",10,47,17,"BMA",1.64819555410779,2.54517341593411,0.7535
"8758",10,47,18,"BMA",2.78107012735119,2.95373906054358,0.886
"8759",10,47,19,"BMA",2.40706380578378,2.76643281694356,0.148
"8760",10,47,20,"BMA",3.18334562749188,3.06653454270557,0.0875
"8761",10,47,21,"BMA",0.929834389274935,2.23622368663223,0.5975
"8762",10,47,22,"BMA",0.962620571946748,2.2353598279703,0.63
"8763",10,47,23,"BMA",1.86815294850148,2.54483050425911,0.197
"8764",10,47,24,"BMA",5.07218346268999,4.02757349261579,0.022
"8765",10,47,25,"BMA",0.874769452088811,2.31317153710035,0.482
"8766",10,47,26,"BMA",0.836744262331932,2.25511593006161,0.5135
"8767",10,47,27,"BMA",3.28729313143412,3.18842660658852,0.924
"8768",10,47,28,"BMA",1.2006077681039,2.37779320021017,0.309
"8769",10,47,29,"BMA",3.34847528000173,3.1270090727685,0.94
"8770",10,47,30,"BMA",4.03372863686115,3.36991908138238,0.0545
"8771",10,47,31,"BMA",0.836893978300386,2.25594736104264,0.4715
"8772",10,47,32,"BMA",3.17593452683493,3.13317839400665,0.085
"8773",10,47,33,"BMA",0.840544738737994,2.24244358266443,0.528
"8774",10,47,34,"BMA",2.46220223492024,2.83073380555704,0.871
"8775",10,47,35,"BMA",1.72394982725957,2.56739185225707,0.214
"8776",10,47,36,"BMA",2.48121041647685,2.9195365987633,0.866
"8777",10,47,37,"BMA",3.11139653904773,3.05560199351603,0.109
"8778",10,47,38,"BMA",0.963602357105303,2.32801534188234,0.429
"8779",10,47,1,"AVS",2.28528947504931,3.09200524230524,0.7955
"8780",10,47,2,"AVS",2.16239427178217,3.00710924633128,0.747
"8781",10,47,3,"AVS",1.3424027737338,2.68556477694263,0.5935
"8782",10,47,4,"AVS",1.40602030335074,2.7462801918863,0.57
"8783",10,47,5,"AVS",2.23678413807579,2.95276013009631,0.7395
"8784",10,47,6,"AVS",1.37619066301492,2.67718968488304,0.5425
"8785",10,47,7,"AVS",1.42871829580343,2.70978678417796,0.4225
"8786",10,47,8,"AVS",1.93001919971643,2.83786498545912,0.31
"8787",10,47,9,"AVS",1.60500930929151,2.71202901708779,0.3835
"8788",10,47,10,"AVS",2.87138285422058,3.00332787945653,0.839
"8789",10,47,11,"AVS",5.88192908992882,3.84779321064785,0.943
"8790",10,47,12,"AVS",1.50926546476379,2.51958391434785,0.6045
"8791",10,47,13,"AVS",6.29365934799029,5.12128087170862,0.0175
"8792",10,47,14,"AVS",1.44350475557758,2.71339618840042,0.6595
"8793",10,47,15,"AVS",2.65994279884112,2.94164490874021,0.8265
"8794",10,47,16,"AVS",1.75651913698901,2.80894981471087,0.2725
"8795",10,47,17,"AVS",2.21408617389216,2.7618578878668,0.805
"8796",10,47,18,"AVS",2.68793113233815,2.88873972504223,0.8725
"8797",10,47,19,"AVS",2.50763241639146,2.79950504433687,0.1265
"8798",10,47,20,"AVS",3.24413324703582,3.09955903191831,0.0835
"8799",10,47,21,"AVS",0.915881679038503,2.27794785061841,0.6185
"8800",10,47,22,"AVS",0.950905182664395,2.2328422980537,0.633
"8801",10,47,23,"AVS",1.88223517959304,2.60033004698128,0.2045
"8802",10,47,24,"AVS",5.06628624388322,3.97674842966357,0.025
"8803",10,47,25,"AVS",0.861683523764352,2.34202946587775,0.515
"8804",10,47,26,"AVS",0.831109797046463,2.23587031707176,0.517
"8805",10,47,27,"AVS",3.27014338371807,3.19586841840004,0.918
"8806",10,47,28,"AVS",1.21704195746056,2.32821412149702,0.3025
"8807",10,47,29,"AVS",3.32388878949321,3.2314858684374,0.937
"8808",10,47,30,"AVS",4.05330821435595,3.49235070880162,0.047
"8809",10,47,31,"AVS",0.835621347472256,2.20081692747284,0.48
"8810",10,47,32,"AVS",3.19289951287399,3.16234751107487,0.084
"8811",10,47,33,"AVS",0.840003886310885,2.29293580987191,0.5225
"8812",10,47,34,"AVS",2.46312200624622,2.81224157391674,0.87
"8813",10,47,35,"AVS",1.76159476362527,2.48781502697155,0.201
"8814",10,47,36,"AVS",2.45084486322363,2.85257636873929,0.8495
"8815",10,47,37,"AVS",3.18650828304737,3.05020238608319,0.098
"8816",10,47,38,"AVS",0.972184449162393,2.28771388709787,0.4
"8817",10,47,1,"EQW",2.28528947504931,3.18203157762867,0.7965
"8818",10,47,2,"EQW",3.86879886640501,3.41400920812188,0.873
"8819",10,47,3,"EQW",1.91735716241153,2.807014527705,0.7495
"8820",10,47,4,"EQW",1.24802153824096,2.5336230846013,0.642
"8821",10,47,5,"EQW",2.57177912673872,3.07379598287426,0.831
"8822",10,47,6,"EQW",1.10862195922851,2.44484149200974,0.441
"8823",10,47,7,"EQW",1.12392456648781,2.43121260071453,0.415
"8824",10,47,8,"EQW",1.65218694406395,2.65699297814929,0.268
"8825",10,47,9,"EQW",1.17350948352821,2.4592467558201,0.3705
"8826",10,47,10,"EQW",2.83208003829246,3.02233205474071,0.8835
"8827",10,47,11,"EQW",3.78515103463953,3.12890636819957,0.9195
"8828",10,47,12,"EQW",1.56984642598611,2.58139134680691,0.58
"8829",10,47,13,"EQW",4.24135130064227,3.46100908223591,0.1475
"8830",10,47,14,"EQW",2.11708931684146,2.86918624828843,0.7475
"8831",10,47,15,"EQW",1.64473636280421,2.5411176701159,0.72
"8832",10,47,16,"EQW",1.74290496752916,2.75182380186522,0.302
"8833",10,47,17,"EQW",1.55379202055163,2.53124387318787,0.7145
"8834",10,47,18,"EQW",3.26627090503741,3.06325227348437,0.878
"8835",10,47,19,"EQW",1.66872874796771,2.91007226889304,0.426
"8836",10,47,20,"EQW",2.23662857188729,2.96085601001458,0.219
"8837",10,47,21,"EQW",1.26629336664121,2.449817289917,0.6465
"8838",10,47,22,"EQW",1.33699255990014,2.49078818244853,0.6205
"8839",10,47,23,"EQW",1.33453754289159,2.59756769406049,0.383
"8840",10,47,24,"EQW",3.24323206011224,3.15622821947082,0.144
"8841",10,47,25,"EQW",1.03051952616145,2.39701838486843,0.512
"8842",10,47,26,"EQW",0.941865955465971,2.34639356833571,0.505
"8843",10,47,27,"EQW",4.93660576445309,3.83118245509296,0.962
"8844",10,47,28,"EQW",1.67996708852502,2.9674490061532,0.5445
"8845",10,47,29,"EQW",5.45750956534595,3.76424655939189,0.962
"8846",10,47,30,"EQW",2.02396043261446,3.2320700514689,0.426
"8847",10,47,31,"EQW",1.66474862331693,2.59026016357551,0.679
"8848",10,47,32,"EQW",1.72729192623417,2.93760349304922,0.3405
"8849",10,47,33,"EQW",1.226645317455,2.42969478623101,0.6225
"8850",10,47,34,"EQW",3.58754728902177,3.19686280530292,0.913
"8851",10,47,35,"EQW",1.42541119715116,2.73831784990506,0.516
"8852",10,47,36,"EQW",4.13970773638625,3.31665115272253,0.9165
"8853",10,47,37,"EQW",1.68068063672879,2.90175394641823,0.4275
"8854",10,47,38,"EQW",1.26172593601703,2.45224754080639,0.5795
"8855",10,47,1,"SGP",2.28528947504931,3.0391860029269,0.806
"8856",10,47,2,"SGP",4.3856181832378,3.70888492663353,0.934
"8857",10,47,3,"SGP",1.8493025641081,2.61454264445533,0.7985
"8858",10,47,4,"SGP",1.46905502789804,2.46092698939649,0.7355
"8859",10,47,5,"SGP",3.40557263988112,3.50825197169806,0.9495
"8860",10,47,6,"SGP",0.891115230566179,2.21321625116984,0.369
"8861",10,47,7,"SGP",0.923071233956948,2.09603879174932,0.294
"8862",10,47,8,"SGP",2.13771219638444,2.811113419484,0.1075
"8863",10,47,9,"SGP",1.22763094576532,2.35164571307163,0.216
"8864",10,47,10,"SGP",2.01521560125687,2.56341838992188,0.908
"8865",10,47,11,"SGP",1.79826807956971,2.53901472505965,0.8865
"8866",10,47,12,"SGP",1.3467947776979,2.32810637164935,0.1705
"8867",10,47,13,"SGP",8.57870547007591,6.42106019210003,0.0095
"8868",10,47,14,"SGP",5.03106094604213,4.4622532547556,0.9745
"8869",10,47,15,"SGP",0.785183408297939,2.13285449377194,0.538
"8870",10,47,16,"SGP",3.80232737849742,3.51936573356628,0.05
"8871",10,47,17,"SGP",0.892280231111743,2.20051058376469,0.5675
"8872",10,47,18,"SGP",1.51134874029608,2.44184800756192,0.7605
"8873",10,47,19,"SGP",3.68890612455737,3.47376053468723,0.06
"8874",10,47,20,"SGP",4.19354177252852,3.73260006049252,0.0355
"8875",10,47,21,"SGP",1.26657316947875,2.30404367532349,0.723
"8876",10,47,22,"SGP",0.717258268556096,2.0920284208063,0.478
"8877",10,47,23,"SGP",1.67437869723748,2.42178002034503,0.1795
"8878",10,47,24,"SGP",3.41030780612271,3.14050543960854,0.064
"8879",10,47,25,"SGP",1.2227834134049,2.26396177981217,0.7305
"8880",10,47,26,"SGP",0.908840042018266,2.20213812156402,0.3375
"8881",10,47,27,"SGP",6.35930402801004,4.96179250677886,0.9955
"8882",10,47,28,"SGP",3.11292039269902,3.05661698900006,0.09
"8883",10,47,29,"SGP",3.62307986605894,3.35640411090811,0.9335
"8884",10,47,30,"SGP",4.13894761824902,3.54716106727618,0.0505
"8885",10,47,31,"SGP",0.941161477148202,2.24059665987267,0.5325
"8886",10,47,32,"SGP",2.76299806069245,2.81118459254116,0.1235
"8887",10,47,33,"SGP",1.00543410463982,2.35701723500968,0.5915
"8888",10,47,34,"SGP",2.98238700706374,3.07673368938589,0.907
"8889",10,47,35,"SGP",1.75947888998022,2.61299553390597,0.2125
"8890",10,47,36,"SGP",2.85520168913443,3.00077186708251,0.8845
"8891",10,47,37,"SGP",3.10885561661755,3.09387627784126,0.093
"8892",10,47,38,"SGP",0.898720339235929,2.33747265875986,0.4455
"8893",10,47,1,"SGP50",2.28528947504931,3.03000313451745,0.8025
"8894",10,47,2,"SGP50",3.88850755261196,3.50114015826474,0.885
"8895",10,47,3,"SGP50",1.9191086489326,2.81561244392891,0.7535
"8896",10,47,4,"SGP50",1.245263808853,2.51179308921879,0.663
"8897",10,47,5,"SGP50",2.59989161802437,3.10898082730477,0.8415
"8898",10,47,6,"SGP50",1.08938332714003,2.45913562678122,0.438
"8899",10,47,7,"SGP50",1.09100587547567,2.42635280628466,0.4225
"8900",10,47,8,"SGP50",1.63141296101115,2.65355888696929,0.2715
"8901",10,47,9,"SGP50",1.13960391583757,2.423637414441,0.3665
"8902",10,47,10,"SGP50",2.77351846318534,2.99150437854421,0.8875
"8903",10,47,11,"SGP50",3.53234873046689,3.19112050708913,0.927
"8904",10,47,12,"SGP50",1.36842710698011,2.60038774292187,0.5545
"8905",10,47,13,"SGP50",4.72918633915665,3.79268283252104,0.114
"8906",10,47,14,"SGP50",2.25315103049909,2.98714570461914,0.7625
"8907",10,47,15,"SGP50",1.49842730596887,2.50818284643006,0.6855
"8908",10,47,16,"SGP50",1.92566996271502,2.87226836340396,0.276
"8909",10,47,17,"SGP50",1.45298773313962,2.48987259813911,0.705
"8910",10,47,18,"SGP50",2.96642204183809,2.90808436172025,0.8495
"8911",10,47,19,"SGP50",1.80966397936786,2.9990577523892,0.3395
"8912",10,47,20,"SGP50",2.49479318371952,2.94665015098741,0.19
"8913",10,47,21,"SGP50",1.22214117962148,2.43132651657531,0.6515
"8914",10,47,22,"SGP50",1.18250881512599,2.37417490802341,0.6155
"8915",10,47,23,"SGP50",1.38341579084489,2.63217170477457,0.341
"8916",10,47,24,"SGP50",3.4620834485122,3.26518825930801,0.121
"8917",10,47,25,"SGP50",1.00092201761623,2.37485301630381,0.5625
"8918",10,47,26,"SGP50",0.906402496228832,2.26940831563562,0.5015
"8919",10,47,27,"SGP50",4.86904296352746,3.76893269004418,0.954
"8920",10,47,28,"SGP50",1.54545651345084,2.83007338293425,0.465
"8921",10,47,29,"SGP50",4.84983519927442,3.56277617093037,0.953
"8922",10,47,30,"SGP50",2.24289316715979,3.27312722956798,0.349
"8923",10,47,31,"SGP50",1.33758807793468,2.53800562327852,0.607
"8924",10,47,32,"SGP50",1.99671326114092,2.85930558732706,0.263
"8925",10,47,33,"SGP50",1.08376870649549,2.42046732749966,0.593
"8926",10,47,34,"SGP50",3.2205975474734,3.11308411653924,0.91
"8927",10,47,35,"SGP50",1.31379051646989,2.63019944243231,0.4415
"8928",10,47,36,"SGP50",3.54643006254688,3.13810679420955,0.911
"8929",10,47,37,"SGP50",1.83410836563641,2.79243633824634,0.3485
"8930",10,47,38,"SGP50",1.03685377205482,2.37953937548737,0.522
"8931",10,48,1,"BMA",2.1044420023102,3.02681013201855,0.6915
"8932",10,48,2,"BMA",1.9190605535999,2.83879930496853,0.6605
"8933",10,48,3,"BMA",2.92945175867403,3.04675499891518,0.8295
"8934",10,48,4,"BMA",1.46847029226253,2.57150017292784,0.659
"8935",10,48,5,"BMA",2.39266933984545,2.8587130371066,0.8085
"8936",10,48,6,"BMA",5.07248927254619,3.85676446128444,0.059
"8937",10,48,7,"BMA",2.75161359681125,3.12627738228928,0.794
"8938",10,48,8,"BMA",1.93308868872887,2.69429815437122,0.7465
"8939",10,48,9,"BMA",3.34977224250455,3.12695915468295,0.873
"8940",10,48,10,"BMA",4.1501227862026,3.34129061463894,0.924
"8941",10,48,11,"BMA",1.87929095866337,2.68422434346877,0.7595
"8942",10,48,12,"BMA",1.4635856255866,2.57926313029521,0.3215
"8943",10,48,13,"BMA",1.37990363641143,2.4991755876254,0.2925
"8944",10,48,14,"BMA",1.83697356962642,2.65920747395731,0.2425
"8945",10,48,15,"BMA",0.994809127793812,2.41283831336213,0.494
"8946",10,48,16,"BMA",2.58587299878241,2.92195617185969,0.1635
"8947",10,48,17,"BMA",0.96776089086744,2.33774375911067,0.5015
"8948",10,48,18,"BMA",4.977448649483,3.77013811789553,0.0445
"8949",10,48,19,"BMA",2.36596795158568,2.81508987307914,0.841
"8950",10,48,20,"BMA",2.40445510089399,2.74533825787055,0.1515
"8951",10,48,21,"BMA",1.10352707909735,2.45363526574151,0.5875
"8952",10,48,22,"BMA",1.32310527190235,2.46961109730733,0.313
"8953",10,48,23,"BMA",1.03977241437921,2.43859566260318,0.4065
"8954",10,48,24,"BMA",9.80931936690032,8.0295811122876,0.999
"8955",10,48,25,"BMA",1.36624529867271,2.56250709751268,0.673
"8956",10,48,26,"BMA",2.3200424244078,2.76083332319536,0.187
"8957",10,48,27,"BMA",2.96015794751618,3.02599372734299,0.1425
"8958",10,48,28,"BMA",1.41043357880224,2.51740363074573,0.3245
"8959",10,48,29,"BMA",3.14749926369217,3.02594761294318,0.142
"8960",10,48,30,"BMA",3.24653316533476,3.07735348812187,0.882
"8961",10,48,31,"BMA",1.81529211048934,2.71712227089224,0.2355
"8962",10,48,32,"BMA",3.17100113625534,3.1186888430464,0.1405
"8963",10,48,33,"BMA",2.33264195036842,2.82885353110137,0.1985
"8964",10,48,34,"BMA",6.59583336234122,4.50052210825401,0.02
"8965",10,48,35,"BMA",1.12266812454901,2.45287337052966,0.457
"8966",10,48,36,"BMA",1.15346794956041,2.37576838816958,0.6135
"8967",10,48,37,"BMA",2.37110779931822,2.74623500410776,0.178
"8968",10,48,38,"BMA",1.1093291750067,2.40143499521688,0.4135
"8969",10,48,1,"AVS",2.1044420023102,3.07290273102791,0.6765
"8970",10,48,2,"AVS",1.53703373475582,2.61352521122852,0.678
"8971",10,48,3,"AVS",3.23937782082838,3.08385644858533,0.8795
"8972",10,48,4,"AVS",1.40954731585853,2.51435890554115,0.6915
"8973",10,48,5,"AVS",2.53834045529843,2.81844520618062,0.8335
"8974",10,48,6,"AVS",4.85529389522621,3.70728477734055,0.0515
"8975",10,48,7,"AVS",3.04266930784515,3.08891350847832,0.8475
"8976",10,48,8,"AVS",1.97679036943369,2.74083463644598,0.75
"8977",10,48,9,"AVS",3.13511726641527,3.10250139713617,0.873
"8978",10,48,10,"AVS",3.93000749620516,3.25929258963255,0.919
"8979",10,48,11,"AVS",1.76631524740652,2.62349909570757,0.7555
"8980",10,48,12,"AVS",1.43010473679594,2.56796843145733,0.3145
"8981",10,48,13,"AVS",1.33717655899875,2.47779405470239,0.319
"8982",10,48,14,"AVS",1.80545799600643,2.70929570991898,0.246
"8983",10,48,15,"AVS",0.986815412564738,2.44077428808841,0.5105
"8984",10,48,16,"AVS",2.57454911418675,2.90278382298972,0.1545
"8985",10,48,17,"AVS",0.965339788653932,2.34309981986414,0.481
"8986",10,48,18,"AVS",4.99333475521963,3.94422983772468,0.0345
"8987",10,48,19,"AVS",2.36052617449113,2.79143608282681,0.84
"8988",10,48,20,"AVS",2.43626566644273,2.80211769966504,0.131
"8989",10,48,21,"AVS",1.08412948433461,2.43915888977837,0.586
"8990",10,48,22,"AVS",1.32925784075412,2.44997605243527,0.3055
"8991",10,48,23,"AVS",1.04666450535894,2.39639057735719,0.389
"8992",10,48,24,"AVS",9.76587915517896,7.31110133828879,0.998
"8993",10,48,25,"AVS",1.34024095643882,2.53225124576625,0.6855
"8994",10,48,26,"AVS",2.32290242864454,2.74877297216063,0.173
"8995",10,48,27,"AVS",2.96276209701652,3.05727117637002,0.151
"8996",10,48,28,"AVS",1.41587418801314,2.51656297197151,0.318
"8997",10,48,29,"AVS",3.14897808657841,2.94341256204883,0.1455
"8998",10,48,30,"AVS",3.248470523568,3.11451879185574,0.894
"8999",10,48,31,"AVS",1.81539704611188,2.68479405190469,0.2505
"9000",10,48,32,"AVS",3.18176641903004,3.13844529552015,0.131
"9001",10,48,33,"AVS",2.32544638206468,2.73734146473737,0.211
"9002",10,48,34,"AVS",6.68092784051323,4.7548203776584,0.0195
"9003",10,48,35,"AVS",1.14851333449957,2.48888502586318,0.4165
"9004",10,48,36,"AVS",1.1543627050819,2.46423483168736,0.616
"9005",10,48,37,"AVS",2.41830160296814,2.81988352648521,0.1985
"9006",10,48,38,"AVS",1.10698435849716,2.42325500215244,0.396
"9007",10,48,1,"EQW",2.1044420023102,2.97167253741896,0.69
"9008",10,48,2,"EQW",2.20850627571808,3.08341671626387,0.6965
"9009",10,48,3,"EQW",2.66836019637532,3.17270133290883,0.7645
"9010",10,48,4,"EQW",1.57557745943758,2.7399962744723,0.601
"9011",10,48,5,"EQW",2.12961532276616,2.8777555817393,0.7345
"9012",10,48,6,"EQW",5.29307983916032,3.84787292970001,0.089
"9013",10,48,7,"EQW",2.33809524045405,2.94005707636992,0.7455
"9014",10,48,8,"EQW",2.22842120850814,2.87973130777723,0.757
"9015",10,48,9,"EQW",4.16632588372918,3.26910209710047,0.8805
"9016",10,48,10,"EQW",4.96152572291945,3.34212403363663,0.9115
"9017",10,48,11,"EQW",3.23054042709519,3.01935827739387,0.785
"9018",10,48,12,"EQW",1.80751784442003,3.02046916892119,0.4745
"9019",10,48,13,"EQW",1.64285983172166,2.82636840112004,0.4165
"9020",10,48,14,"EQW",1.96010201790084,2.97130689786332,0.3065
"9021",10,48,15,"EQW",1.35220919562426,2.64246615526472,0.493
"9022",10,48,16,"EQW",2.14850854871686,3.02943731172103,0.26
"9023",10,48,17,"EQW",1.25881633841097,2.62760652514674,0.558
"9024",10,48,18,"EQW",3.47960446919398,3.27824231820718,0.1525
"9025",10,48,19,"EQW",2.58892800514184,2.90442683543669,0.817
"9026",10,48,20,"EQW",1.45772836720607,2.73810959449326,0.3655
"9027",10,48,21,"EQW",1.91004589337469,2.72644514134111,0.7505
"9028",10,48,22,"EQW",1.32323343322369,2.66454859222843,0.563
"9029",10,48,23,"EQW",1.41267202910505,2.66048964068603,0.634
"9030",10,48,24,"EQW",12.0409280938747,7.56654263158639,0.999
"9031",10,48,25,"EQW",5.35230817650849,3.28531947686784,0.828
"9032",10,48,26,"EQW",2.79524550500502,3.20699526920566,0.529
"9033",10,48,27,"EQW",2.0949898718595,3.077704040774,0.44
"9034",10,48,28,"EQW",1.6550913688597,2.83490778970348,0.528
"9035",10,48,29,"EQW",2.22386779799175,3.09861506785672,0.339
"9036",10,48,30,"EQW",3.53855594647128,3.26102948341183,0.8575
"9037",10,48,31,"EQW",1.65916657501607,2.89965766875545,0.47
"9038",10,48,32,"EQW",2.16843606234263,3.1057353627951,0.283
"9039",10,48,33,"EQW",2.1959642822773,2.9728407488231,0.2945
"9040",10,48,34,"EQW",6.0089485414796,3.90975525052033,0.0495
"9041",10,48,35,"EQW",2.12448321753887,2.86435620079273,0.343
"9042",10,48,36,"EQW",1.45640244038207,2.69308905316783,0.441
"9043",10,48,37,"EQW",2.97437502051979,2.85349387135629,0.171
"9044",10,48,38,"EQW",1.83222578978648,2.63929998530344,0.29
"9045",10,48,1,"SGP",2.1044420023102,2.99373309180993,0.6725
"9046",10,48,2,"SGP",2.42902527331778,3.0151983067345,0.7735
"9047",10,48,3,"SGP",3.21245603280564,3.05049715562864,0.8705
"9048",10,48,4,"SGP",1.43565173167349,2.53281732416656,0.666
"9049",10,48,5,"SGP",2.46568789723857,2.79545602813292,0.8385
"9050",10,48,6,"SGP",5.32839268229349,4.27463301350864,0.0325
"9051",10,48,7,"SGP",3.04415378452588,3.06839286830826,0.8575
"9052",10,48,8,"SGP",1.74640472120011,2.61400051498618,0.739
"9053",10,48,9,"SGP",3.13305081558176,3.02465161230627,0.8845
"9054",10,48,10,"SGP",3.68801687499114,3.07990703876525,0.8965
"9055",10,48,11,"SGP",1.50400695120888,2.61652918700688,0.7125
"9056",10,48,12,"SGP",1.96390977447703,2.7647789294152,0.257
"9057",10,48,13,"SGP",1.82797408854921,2.67356505599174,0.239
"9058",10,48,14,"SGP",2.31897424908384,2.87490796975094,0.1765
"9059",10,48,15,"SGP",1.03575439315283,2.39374341844,0.4495
"9060",10,48,16,"SGP",2.92910616100624,3.0180665284758,0.133
"9061",10,48,17,"SGP",0.954007086302192,2.32247494159537,0.492
"9062",10,48,18,"SGP",4.88945798054485,3.76963679863794,0.0535
"9063",10,48,19,"SGP",2.33461051484961,2.69729407096947,0.82
"9064",10,48,20,"SGP",2.35219053091562,2.76985170011474,0.162
"9065",10,48,21,"SGP",1.19447758648594,2.44014508524377,0.6245
"9066",10,48,22,"SGP",1.35257747016488,2.40059057731995,0.3135
"9067",10,48,23,"SGP",1.00483444914834,2.36676583173159,0.435
"9068",10,48,24,"SGP",10.0252477534741,7.98573408569977,0.9995
"9069",10,48,25,"SGP",1.41115431347909,2.59115155912154,0.6725
"9070",10,48,26,"SGP",2.2761911156872,2.73363253766287,0.1815
"9071",10,48,27,"SGP",2.91189223731017,3.05773580416809,0.153
"9072",10,48,28,"SGP",1.3820069298822,2.5082164501834,0.332
"9073",10,48,29,"SGP",3.12380186242142,3.04976764019282,0.1525
"9074",10,48,30,"SGP",3.23743161782982,3.15566027530003,0.8695
"9075",10,48,31,"SGP",1.8069660007714,2.71552750839905,0.2515
"9076",10,48,32,"SGP",3.11755389291007,3.10119352192837,0.1195
"9077",10,48,33,"SGP",2.35316093080091,2.79476620515549,0.193
"9078",10,48,34,"SGP",6.25685727273293,4.11977184336475,0.0255
"9079",10,48,35,"SGP",1.13045148663925,2.46896586251132,0.512
"9080",10,48,36,"SGP",1.14837606559467,2.47011130264842,0.5955
"9081",10,48,37,"SGP",2.32357722497782,2.90254090757508,0.1805
"9082",10,48,38,"SGP",1.11460418462504,2.50180697654075,0.407
"9083",10,48,1,"SGP50",2.1044420023102,3.10955776020886,0.671
"9084",10,48,2,"SGP50",2.22131647533604,3.01874341701604,0.658
"9085",10,48,3,"SGP50",2.72342131757792,3.13332516917283,0.782
"9086",10,48,4,"SGP50",1.56314317621578,2.72466098402507,0.6225
"9087",10,48,5,"SGP50",2.14388164432448,2.83244805188026,0.7245
"9088",10,48,6,"SGP50",5.40179695321402,3.87474294797312,0.0755
"9089",10,48,7,"SGP50",2.37456703019948,2.96975477049773,0.7435
"9090",10,48,8,"SGP50",2.12485256447272,2.83830451067706,0.7385
"9091",10,48,9,"SGP50",3.94385042797322,3.32921269878044,0.886
"9092",10,48,10,"SGP50",4.5528450233052,3.31107126910994,0.9015
"9093",10,48,11,"SGP50",2.72263186572534,2.8628971957822,0.7635
"9094",10,48,12,"SGP50",1.69120453871282,2.90692509517589,0.4065
"9095",10,48,13,"SGP50",1.63412396480727,2.78747870461071,0.362
"9096",10,48,14,"SGP50",2.04112947094275,2.84831169318974,0.269
"9097",10,48,15,"SGP50",1.25126140144277,2.61029165661183,0.475
"9098",10,48,16,"SGP50",2.36131072083632,3.03593444712971,0.2495
"9099",10,48,17,"SGP50",1.15129354847013,2.5188041280227,0.5305
"9100",10,48,18,"SGP50",3.88217405775957,3.38190036270979,0.1285
"9101",10,48,19,"SGP50",2.5100873096712,2.85997735218383,0.825
"9102",10,48,20,"SGP50",1.6241922793024,2.73977567011566,0.331
"9103",10,48,21,"SGP50",1.66946865735121,2.6984410653628,0.7155
"9104",10,48,22,"SGP50",1.2131819375637,2.62682338656326,0.4715
"9105",10,48,23,"SGP50",1.19078420536604,2.5338731075747,0.5605
"9106",10,48,24,"SGP50",11.3663511150035,7.62729312038634,0.999
"9107",10,48,25,"SGP50",3.62695541807531,2.99861086276787,0.792
"9108",10,48,26,"SGP50",2.04864623051369,3.09400278710907,0.4305
"9109",10,48,27,"SGP50",2.07715946290372,2.98139312029935,0.3275
"9110",10,48,28,"SGP50",1.37281118109909,2.70834248460096,0.4225
"9111",10,48,29,"SGP50",2.57071786678933,3.06322718584276,0.2325
"9112",10,48,30,"SGP50",3.16714753095833,3.08083173332068,0.8395
"9113",10,48,31,"SGP50",1.5691132788515,2.70781377352554,0.3505
"9114",10,48,32,"SGP50",2.58251583595524,3.0975500213142,0.211
"9115",10,48,33,"SGP50",2.42879025643456,2.95163886786312,0.2315
"9116",10,48,34,"SGP50",6.3193919081081,3.98489516641517,0.034
"9117",10,48,35,"SGP50",1.69138983622462,2.74091992690164,0.392
"9118",10,48,36,"SGP50",1.29564318744691,2.65428721114109,0.495
"9119",10,48,37,"SGP50",2.79522104989364,2.95181076917098,0.1715
"9120",10,48,38,"SGP50",1.5369036218736,2.63262297779925,0.3245
"9121",10,49,1,"BMA",4.31424050905973,4.15575797315716,0.933
"9122",10,49,2,"BMA",1.2446670306346,2.55481085749624,0.4295
"9123",10,49,3,"BMA",3.45437067523954,3.3747681011221,0.832
"9124",10,49,4,"BMA",6.96167539760329,4.187091309459,0.935
"9125",10,49,5,"BMA",5.49848954702134,3.90529184035518,0.8765
"9126",10,49,6,"BMA",2.11443460983475,3.13855904874563,0.621
"9127",10,49,7,"BMA",2.91863033458332,3.22697855917492,0.717
"9128",10,49,8,"BMA",5.25433810056937,3.65120199863266,0.866
"9129",10,49,9,"BMA",2.60967080878817,3.26342677420976,0.6095
"9130",10,49,10,"BMA",2.22002771282011,3.14522392719002,0.415
"9131",10,49,11,"BMA",2.30976688589147,3.25805333213244,0.589
"9132",10,49,12,"BMA",2.19833178252257,3.12556819048913,0.5675
"9133",10,49,13,"BMA",2.37457251186838,3.18784901123716,0.401
"9134",10,49,14,"BMA",5.72750879700329,3.58937753900156,0.1205
"9135",10,49,15,"BMA",2.54918751552471,3.1235451721253,0.6815
"9136",10,49,16,"BMA",12.2857459878417,5.15011611472206,0.983
"9137",10,49,17,"BMA",14.8739125206043,5.64763082454653,0.989
"9138",10,49,18,"BMA",22.7303556849944,6.76524144160886,0.998
"9139",10,49,19,"BMA",9.50078330352708,4.24301566900825,0.868
"9140",10,49,20,"BMA",5.13764334181689,3.59490944901502,0.7795
"9141",10,49,21,"BMA",5.33482045861463,3.54293733493454,0.868
"9142",10,49,22,"BMA",1.80923476085384,2.93951978564262,0.4725
"9143",10,49,23,"BMA",1.56572711881728,2.74462985868253,0.5245
"9144",10,49,24,"BMA",4.13310844775679,3.34716564173919,0.1375
"9145",10,49,25,"BMA",1.48370364664544,2.79926643104525,0.437
"9146",10,49,26,"BMA",1.59471113938494,2.73900060638999,0.3805
"9147",10,49,27,"BMA",1.61030587839961,2.66681634097021,0.39
"9148",10,49,28,"BMA",4.31272922313094,3.31656578953576,0.1175
"9149",10,49,29,"BMA",9.88308882425927,4.95987622985045,0.014
"9150",10,49,30,"BMA",1.72014719170067,2.7736140798131,0.3355
"9151",10,49,31,"BMA",2.54077601163279,2.98448924917609,0.2405
"9152",10,49,32,"BMA",11.7990919485218,5.48603416241543,0.005
"9153",10,49,33,"BMA",2.05205264007253,2.9088702698685,0.36
"9154",10,49,34,"BMA",1.42235989431132,2.78661777365998,0.5095
"9155",10,49,35,"BMA",2.46823318148697,2.94073913295342,0.2525
"9156",10,49,36,"BMA",1.33791539082995,2.73587272499151,0.491
"9157",10,49,37,"BMA",4.36337028580853,3.41289813757564,0.117
"9158",10,49,38,"BMA",2.91068365956718,3.0887189744963,0.2065
"9159",10,49,1,"AVS",4.31424050905973,4.0728138211218,0.934
"9160",10,49,2,"AVS",1.36086603016904,2.59705025904684,0.383
"9161",10,49,3,"AVS",3.28374959632953,3.26599072132919,0.8105
"9162",10,49,4,"AVS",6.6522329372331,4.00113935392347,0.9445
"9163",10,49,5,"AVS",5.69709513551501,3.82579603294003,0.8945
"9164",10,49,6,"AVS",2.09019704252886,2.99520737913535,0.627
"9165",10,49,7,"AVS",3.00162180409047,3.14868621424143,0.758
"9166",10,49,8,"AVS",5.28876202132616,3.67302731640128,0.865
"9167",10,49,9,"AVS",2.60465074912023,3.16991063160682,0.5995
"9168",10,49,10,"AVS",2.16450979402592,3.12982177808586,0.449
"9169",10,49,11,"AVS",2.28156178191226,3.22947715638717,0.6395
"9170",10,49,12,"AVS",2.11231343963635,3.09103050342755,0.567
"9171",10,49,13,"AVS",2.3091631090376,3.18950117957049,0.401
"9172",10,49,14,"AVS",5.74314906393955,3.60014260200785,0.1155
"9173",10,49,15,"AVS",2.82557196633226,3.19375375337939,0.7215
"9174",10,49,16,"AVS",12.1245790144702,5.12892006889042,0.9835
"9175",10,49,17,"AVS",8.2712793630158,3.97134107610874,0.919
"9176",10,49,18,"AVS",9.35738857755161,4.93977035502084,0.9865
"9177",10,49,19,"AVS",3.73174434916904,3.19143101596405,0.1635
"9178",10,49,20,"AVS",1.43346947427385,2.83842933976633,0.504
"9179",10,49,21,"AVS",2.99878894973123,3.0158162659979,0.7965
"9180",10,49,22,"AVS",1.7221534579427,2.7922280221759,0.3455
"9181",10,49,23,"AVS",1.43005598405196,2.74591190505933,0.493
"9182",10,49,24,"AVS",4.39909748211716,3.39442638603004,0.1125
"9183",10,49,25,"AVS",1.45272567076277,2.77015758300684,0.442
"9184",10,49,26,"AVS",1.59079708836523,2.76072049870733,0.345
"9185",10,49,27,"AVS",1.6107508085948,2.76237413400262,0.367
"9186",10,49,28,"AVS",4.38054807948972,3.39138784138371,0.091
"9187",10,49,29,"AVS",9.96363166548876,5.35579158041065,0.0115
"9188",10,49,30,"AVS",1.58129533839094,2.74638960257586,0.361
"9189",10,49,31,"AVS",2.48215320241389,3.00996926549757,0.2205
"9190",10,49,32,"AVS",11.7536094543515,5.61496336126642,0.0055
"9191",10,49,33,"AVS",1.89381163498046,2.93743144281552,0.363
"9192",10,49,34,"AVS",1.4104535712001,2.70871093376324,0.4985
"9193",10,49,35,"AVS",2.45621312360254,2.84735308559084,0.2665
"9194",10,49,36,"AVS",1.33712886252192,2.72241061372982,0.497
"9195",10,49,37,"AVS",4.36005127914792,3.34174935469243,0.121
"9196",10,49,38,"AVS",2.8875288229858,3.13570046681875,0.197
"9197",10,49,1,"EQW",4.31424050905973,4.13479869134515,0.938
"9198",10,49,2,"EQW",1.05518654806081,2.46916254986623,0.502
"9199",10,49,3,"EQW",4.99868668608561,4.07160649744367,0.9395
"9200",10,49,4,"EQW",8.95025987674037,4.58128810735425,0.97
"9201",10,49,5,"EQW",3.53951099726984,3.34673644644869,0.798
"9202",10,49,6,"EQW",1.68553735367246,2.83554140962493,0.455
"9203",10,49,7,"EQW",3.14144215830655,3.32646390400896,0.791
"9204",10,49,8,"EQW",5.19015239389568,3.66605661756912,0.8875
"9205",10,49,9,"EQW",1.72384547328107,2.90403785892363,0.524
"9206",10,49,10,"EQW",1.69851072789033,2.92764116399061,0.433
"9207",10,49,11,"EQW",2.90851709291262,3.14670630184346,0.766
"9208",10,49,12,"EQW",1.88369915477553,2.91921258928676,0.5995
"9209",10,49,13,"EQW",1.90584297603153,2.96327636033968,0.391
"9210",10,49,14,"EQW",5.17663417772714,3.62849589135893,0.1265
"9211",10,49,15,"EQW",3.3013238061639,3.16295177131419,0.813
"9212",10,49,16,"EQW",9.93920094400256,5.0432790559126,0.987
"9213",10,49,17,"EQW",6.96857661126245,3.63797413969861,0.8865
"9214",10,49,18,"EQW",13.7406925352443,5.09731240648658,0.99
"9215",10,49,19,"EQW",4.6142029161421,3.77338247666118,0.531
"9216",10,49,20,"EQW",3.7389137255367,3.40291776464375,0.6675
"9217",10,49,21,"EQW",5.47717344787817,3.43951468308068,0.8455
"9218",10,49,22,"EQW",3.08376634294049,3.28883949001523,0.54
"9219",10,49,23,"EQW",2.82366988496332,3.17972666161532,0.6275
"9220",10,49,24,"EQW",3.21968889273974,3.52151814368596,0.3225
"9221",10,49,25,"EQW",1.91798237941871,3.06330343406783,0.499
"9222",10,49,26,"EQW",1.96284409463488,2.99959761420456,0.439
"9223",10,49,27,"EQW",1.92955306806126,3.02146280638327,0.425
"9224",10,49,28,"EQW",3.81397668023285,3.35358324424331,0.204
"9225",10,49,29,"EQW",9.97604309638969,4.70763996240657,0.032
"9226",10,49,30,"EQW",3.13421468884807,3.10855224887078,0.267
"9227",10,49,31,"EQW",2.71114726239213,3.06661443586505,0.3025
"9228",10,49,32,"EQW",10.6216329045126,4.98646683576006,0.016
"9229",10,49,33,"EQW",2.87083850223901,3.25882391640623,0.327
"9230",10,49,34,"EQW",1.83246212356386,2.88449967699036,0.5005
"9231",10,49,35,"EQW",2.00045736988689,2.90660422606236,0.3295
"9232",10,49,36,"EQW",1.54137687763941,2.83370968788732,0.5675
"9233",10,49,37,"EQW",2.98489319700424,3.00893553050728,0.1895
"9234",10,49,38,"EQW",2.82986781264712,2.98850690519729,0.212
"9235",10,49,1,"SGP",4.31424050905973,4.21524098858466,0.9395
"9236",10,49,2,"SGP",1.02565319903025,2.47766268813066,0.5325
"9237",10,49,3,"SGP",5.85565034013669,4.56457256340031,0.9715
"9238",10,49,4,"SGP",9.95533615102884,5.17991247847678,0.9795
"9239",10,49,5,"SGP",3.25344503509501,3.17931195127338,0.832
"9240",10,49,6,"SGP",1.22105771473063,2.68860530994281,0.498
"9241",10,49,7,"SGP",3.74545143563242,3.2880908662243,0.8975
"9242",10,49,8,"SGP",6.12715685326135,4.00183091179616,0.9625
"9243",10,49,9,"SGP",1.31487979171293,2.67654815538578,0.552
"9244",10,49,10,"SGP",1.34302510720594,2.67261362611064,0.4285
"9245",10,49,11,"SGP",2.94068267580674,3.0093728912919,0.8415
"9246",10,49,12,"SGP",1.05472620940088,2.48146504517494,0.4585
"9247",10,49,13,"SGP",2.83323032302778,2.94258008512586,0.1375
"9248",10,49,14,"SGP",7.89426663044466,5.01204000947721,0.013
"9249",10,49,15,"SGP",3.3672558589691,3.13999999527084,0.87
"9250",10,49,16,"SGP",7.38087995497781,4.5007772226031,0.9825
"9251",10,49,17,"SGP",2.05860643814832,2.81601951126786,0.758
"9252",10,49,18,"SGP",7.64160256688053,4.56771230027255,0.9825
"9253",10,49,19,"SGP",5.44685277885572,3.68949355061878,0.074
"9254",10,49,20,"SGP",1.86226427454168,2.77883612422248,0.2945
"9255",10,49,21,"SGP",1.65141910099245,2.67339891521211,0.681
"9256",10,49,22,"SGP",2.89959082353306,2.93942515941891,0.172
"9257",10,49,23,"SGP",1.87553423304239,2.80303304101958,0.3085
"9258",10,49,24,"SGP",6.54337402403312,4.04227914445501,0.039
"9259",10,49,25,"SGP",1.9926693018732,2.83528913284732,0.2495
"9260",10,49,26,"SGP",2.35326579311078,2.91150747667948,0.2335
"9261",10,49,27,"SGP",2.36356446940094,2.91665756453033,0.24
"9262",10,49,28,"SGP",5.92516690346764,3.92874840675884,0.047
"9263",10,49,29,"SGP",11.5117561091577,6.00464573209142,0.004
"9264",10,49,30,"SGP",1.63784513404532,2.77007668135593,0.3755
"9265",10,49,31,"SGP",1.39554014507198,2.7362050809828,0.52
"9266",10,49,32,"SGP",7.77186617354325,4.28121481204303,0.0375
"9267",10,49,33,"SGP",3.12448418266249,3.12206466104459,0.8
"9268",10,49,34,"SGP",3.45869929566784,3.16147702937549,0.833
"9269",10,49,35,"SGP",1.35235693512775,2.68530926451761,0.511
"9270",10,49,36,"SGP",2.38041064546018,2.88122169642113,0.7705
"9271",10,49,37,"SGP",2.41921020286122,2.94010959945782,0.242
"9272",10,49,38,"SGP",1.38232081809505,2.67055928867391,0.4405
"9273",10,49,1,"SGP50",4.31424050905973,4.14772083470099,0.935
"9274",10,49,2,"SGP50",1.05420519034484,2.43596350729453,0.5015
"9275",10,49,3,"SGP50",5.02251030918395,4.0414114690654,0.931
"9276",10,49,4,"SGP50",8.97338908423323,4.66843474822952,0.9685
"9277",10,49,5,"SGP50",3.53195639335173,3.33206679885457,0.798
"9278",10,49,6,"SGP50",1.65845796605461,2.89475778858655,0.4815
"9279",10,49,7,"SGP50",3.18203919104799,3.16123822528381,0.7885
"9280",10,49,8,"SGP50",5.20190185555288,3.68753682936038,0.882
"9281",10,49,9,"SGP50",1.66283511753338,2.77125114924494,0.522
"9282",10,49,10,"SGP50",1.65405439200993,2.85138172714744,0.4135
"9283",10,49,11,"SGP50",2.82228197148792,3.05036490483278,0.7705
"9284",10,49,12,"SGP50",1.69997887640188,2.80704314641157,0.605
"9285",10,49,13,"SGP50",1.92580532965298,2.91581246369065,0.3525
"9286",10,49,14,"SGP50",5.54135556874078,3.85240637763978,0.0925
"9287",10,49,15,"SGP50",3.35400580473896,3.22789065287269,0.8225
"9288",10,49,16,"SGP50",9.47455507644144,4.99364349457722,0.982
"9289",10,49,17,"SGP50",5.61065366522155,3.46890213012994,0.8775
"9290",10,49,18,"SGP50",11.8112190595073,4.85099384945012,0.988
"9291",10,49,19,"SGP50",3.56080063139603,3.63616409543853,0.4125
"9292",10,49,20,"SGP50",2.4064456523061,3.0801782315284,0.5665
"9293",10,49,21,"SGP50",3.75342717380722,3.21771491881962,0.787
"9294",10,49,22,"SGP50",2.20861176618829,3.11548162826212,0.4595
"9295",10,49,23,"SGP50",1.9075295562519,2.97773207118405,0.506
"9296",10,49,24,"SGP50",4.0596614366477,3.52681599607421,0.206
"9297",10,49,25,"SGP50",1.72367859197702,2.93700372088668,0.422
"9298",10,49,26,"SGP50",1.90220433609136,2.87626642249857,0.376
"9299",10,49,27,"SGP50",1.87470826586037,2.8485318357138,0.3735
"9300",10,49,28,"SGP50",4.38512517095018,3.37726882793746,0.166
"9301",10,49,29,"SGP50",10.2558361277913,5.02452306022526,0.0235
"9302",10,49,30,"SGP50",2.17684576141837,2.91590936923533,0.325
"9303",10,49,31,"SGP50",2.10348499664437,2.98529854540717,0.3535
"9304",10,49,32,"SGP50",10.0340226299314,4.93394469341092,0.0125
"9305",10,49,33,"SGP50",2.12626651566694,3.11228128475527,0.4685
"9306",10,49,34,"SGP50",1.86002383418348,3.00277245472965,0.5875
"9307",10,49,35,"SGP50",1.86318119801287,2.88468262101562,0.376
"9308",10,49,36,"SGP50",1.59915002334299,2.80591814340041,0.612
"9309",10,49,37,"SGP50",3.19492372420685,3.08177936271395,0.174
"9310",10,49,38,"SGP50",2.394161188241,2.96718937425955,0.266
"9311",10,50,1,"BMA",2.67030874431586,3.25538781727751,0.414
"9312",10,50,2,"BMA",8.86546901325564,4.49894533586958,0.9235
"9313",10,50,3,"BMA",11.135337126891,4.7374019411169,0.928
"9314",10,50,4,"BMA",5.64108262282837,3.76830976650827,0.2635
"9315",10,50,5,"BMA",3.70184831359493,3.58053699470071,0.5485
"9316",10,50,6,"BMA",3.53746102761924,3.61111116148975,0.4585
"9317",10,50,7,"BMA",6.2742543115589,3.90378101812904,0.788
"9318",10,50,8,"BMA",7.73528322455079,4.02310758805969,0.8265
"9319",10,50,9,"BMA",3.10530665363147,3.53022893651693,0.512
"9320",10,50,10,"BMA",4.245426187968,3.45872335729918,0.727
"9321",10,50,11,"BMA",3.84675838959229,3.53167657439698,0.3065
"9322",10,50,12,"BMA",2.31751580314149,3.20597557381255,0.561
"9323",10,50,13,"BMA",4.23122467762796,3.39726636293665,0.809
"9324",10,50,14,"BMA",6.23904249069522,3.73905432081391,0.89
"9325",10,50,15,"BMA",2.19006113568448,3.03119082608026,0.609
"9326",10,50,16,"BMA",1.81463297104344,3.03594109038362,0.4365
"9327",10,50,17,"BMA",3.73374493391206,3.27997921432103,0.211
"9328",10,50,18,"BMA",7.13402933765945,4.04635892337751,0.075
"9329",10,50,19,"BMA",3.83025537074117,3.23501389649525,0.1875
"9330",10,50,20,"BMA",3.36954012839774,3.1212959058581,0.2135
"9331",10,50,21,"BMA",9.36443264900989,4.50608534830515,0.0325
"9332",10,50,22,"BMA",2.78135648214986,3.14618455566287,0.271
"9333",10,50,23,"BMA",2.06385699103901,2.99850242286187,0.3755
"9334",10,50,24,"BMA",11.9961486319114,4.96375241831981,0.015
"9335",10,50,25,"BMA",2.31857556199875,3.18856401740941,0.38
"9336",10,50,26,"BMA",2.37114008655264,3.20774558139469,0.3505
"9337",10,50,27,"BMA",3.6179632458329,3.29901736156724,0.24
"9338",10,50,28,"BMA",1.95028791114973,3.0545100571698,0.515
"9339",10,50,29,"BMA",2.38773594209337,3.1550121041309,0.373
"9340",10,50,30,"BMA",1.77633612068674,3.01908779401891,0.53
"9341",10,50,31,"BMA",4.55327293760004,3.44211356964755,0.1695
"9342",10,50,32,"BMA",2.09338398841154,2.96540737624091,0.6315
"9343",10,50,33,"BMA",2.19900794267437,2.98600001179152,0.3455
"9344",10,50,34,"BMA",1.74590475960861,2.95044581625409,0.5615
"9345",10,50,35,"BMA",2.39410792392461,3.08529468057406,0.721
"9346",10,50,36,"BMA",2.45014706602973,3.01854370333142,0.2755
"9347",10,50,37,"BMA",1.45594032297983,2.73259909668435,0.518
"9348",10,50,38,"BMA",1.20767750543057,2.50185892181002,0.4825
"9349",10,50,1,"AVS",2.67030874431586,3.22086805650279,0.4105
"9350",10,50,2,"AVS",10.4190774218434,5.33604034496827,0.9845
"9351",10,50,3,"AVS",9.91822727748833,4.42150133979059,0.877
"9352",10,50,4,"AVS",8.5889304692873,4.01024383969072,0.136
"9353",10,50,5,"AVS",4.31402881576503,3.67876286685369,0.657
"9354",10,50,6,"AVS",3.73269884515488,3.64124517954658,0.6055
"9355",10,50,7,"AVS",9.54537827586938,4.28449759847266,0.88
"9356",10,50,8,"AVS",6.17223699724112,3.9034934181568,0.797
"9357",10,50,9,"AVS",3.7359002799994,3.45081852183887,0.249
"9358",10,50,10,"AVS",3.08558242949243,3.23142379011883,0.6985
"9359",10,50,11,"AVS",5.84039185713907,3.86061039712839,0.1275
"9360",10,50,12,"AVS",2.02795610225101,3.03854716967087,0.5375
"9361",10,50,13,"AVS",4.02286500069733,3.37245127008496,0.7915
"9362",10,50,14,"AVS",5.96861379341342,3.74384657189577,0.875
"9363",10,50,15,"AVS",1.78326540492535,2.93546635231268,0.5415
"9364",10,50,16,"AVS",1.94053649820109,3.01747203702376,0.3485
"9365",10,50,17,"AVS",4.46606548085998,3.51575584503462,0.13
"9366",10,50,18,"AVS",7.18073955618592,4.11233390466987,0.074
"9367",10,50,19,"AVS",3.15136956756977,3.07913152284446,0.245
"9368",10,50,20,"AVS",2.92540891857163,3.11416763785672,0.253
"9369",10,50,21,"AVS",8.95069253641382,4.24218909700433,0.0385
"9370",10,50,22,"AVS",2.92000843167791,3.19501326588713,0.2535
"9371",10,50,23,"AVS",2.15444263956277,2.96748201404373,0.3365
"9372",10,50,24,"AVS",12.3978904951517,4.95917295636949,0.0125
"9373",10,50,25,"AVS",2.61566902539627,3.22783772242525,0.3075
"9374",10,50,26,"AVS",2.73490131738485,3.20475534506661,0.3215
"9375",10,50,27,"AVS",4.3959827730148,3.43644588252049,0.1865
"9376",10,50,28,"AVS",2.00371424431338,3.01612288476806,0.4635
"9377",10,50,29,"AVS",2.88173933376315,3.19747266019889,0.27
"9378",10,50,30,"AVS",1.80076658514099,2.99381853587901,0.451
"9379",10,50,31,"AVS",4.76941463029091,3.46013708643512,0.145
"9380",10,50,32,"AVS",2.0603626791241,2.94194608795342,0.6315
"9381",10,50,33,"AVS",2.49092433138935,3.0816109533644,0.3215
"9382",10,50,34,"AVS",1.77612571745566,2.86332790859779,0.5605
"9383",10,50,35,"AVS",2.38419143901515,3.03113583711428,0.715
"9384",10,50,36,"AVS",2.82737483815513,3.15583705721827,0.257
"9385",10,50,37,"AVS",1.64728965359278,2.89013623976607,0.5235
"9386",10,50,38,"AVS",1.59205856807981,2.95634494711611,0.4995
"9387",10,50,1,"EQW",2.67030874431586,3.24875105514698,0.404
"9388",10,50,2,"EQW",6.77267698150109,4.12267876100838,0.841
"9389",10,50,3,"EQW",11.5427510591765,4.83173715061345,0.9415
"9390",10,50,4,"EQW",5.87011498696942,3.89581139357221,0.221
"9391",10,50,5,"EQW",3.61022845172649,3.55132562928636,0.6275
"9392",10,50,6,"EQW",3.2170147997631,3.54281466482177,0.388
"9393",10,50,7,"EQW",4.54580906616967,3.60339745395978,0.748
"9394",10,50,8,"EQW",6.01743630871816,3.6983988773927,0.8025
"9395",10,50,9,"EQW",3.46739185753078,3.63965914652252,0.5085
"9396",10,50,10,"EQW",5.02768100884803,3.56200217596805,0.749
"9397",10,50,11,"EQW",3.6178121457944,3.69130395489111,0.4605
"9398",10,50,12,"EQW",3.29531720364291,3.36080779833051,0.606
"9399",10,50,13,"EQW",6.11075155360029,3.65617696323277,0.8325
"9400",10,50,14,"EQW",9.97534367825603,4.12129243997491,0.915
"9401",10,50,15,"EQW",8.02252188905318,3.76505330433938,0.7845
"9402",10,50,16,"EQW",6.88179408938856,3.6842608343781,0.729
"9403",10,50,17,"EQW",5.04598008039077,3.74495898229619,0.5795
"9404",10,50,18,"EQW",4.24488060213039,3.85743206301016,0.433
"9405",10,50,19,"EQW",3.26022759022142,3.53511143657602,0.431
"9406",10,50,20,"EQW",3.32691589219427,3.45443992262055,0.364
"9407",10,50,21,"EQW",7.28743620026776,4.22586332255985,0.194
"9408",10,50,22,"EQW",3.26714245556477,3.43327979518983,0.3755
"9409",10,50,23,"EQW",2.56879960117813,3.28764957362267,0.479
"9410",10,50,24,"EQW",8.44731968229549,4.16112545155482,0.1195
"9411",10,50,25,"EQW",2.5211576849661,3.24042925808246,0.4095
"9412",10,50,26,"EQW",2.11333261311815,3.12037002032306,0.465
"9413",10,50,27,"EQW",2.55563265891358,3.09425159982979,0.3295
"9414",10,50,28,"EQW",1.8478476374877,3.02973073034599,0.546
"9415",10,50,29,"EQW",1.86621434147458,2.91376819472681,0.4305
"9416",10,50,30,"EQW",1.60897844883362,2.89776506225308,0.5395
"9417",10,50,31,"EQW",3.44244361386122,3.11814080170725,0.183
"9418",10,50,32,"EQW",1.54057137004678,2.77677034498269,0.5645
"9419",10,50,33,"EQW",1.87135098272335,2.69765864889372,0.294
"9420",10,50,34,"EQW",1.32284009713216,2.64898940209378,0.464
"9421",10,50,35,"EQW",1.88507023525619,2.85099103869201,0.7145
"9422",10,50,36,"EQW",1.67611589631656,2.55239335986563,0.327
"9423",10,50,37,"EQW",1.16540279235273,2.4117933087677,0.4565
"9424",10,50,38,"EQW",1.09051411732867,2.38241233249212,0.435
"9425",10,50,1,"SGP",2.67030874431586,3.1859429307413,0.4095
"9426",10,50,2,"SGP",9.9722699832939,5.00419082775321,0.9605
"9427",10,50,3,"SGP",12.656235823478,5.62284085810703,0.991
"9428",10,50,4,"SGP",9.81790165554229,4.71863340539974,0.0535
"9429",10,50,5,"SGP",4.23353313670106,3.51069268296322,0.73
"9430",10,50,6,"SGP",4.03894224647591,3.40966271359314,0.2095
"9431",10,50,7,"SGP",2.33185523417978,3.11390942313859,0.642
"9432",10,50,8,"SGP",2.25225546445676,3.04151938033853,0.6215
"9433",10,50,9,"SGP",4.67420670691409,3.5794056492686,0.162
"9434",10,50,10,"SGP",1.74428208582854,2.9334871880106,0.5145
"9435",10,50,11,"SGP",7.42284414798137,4.15801550513724,0.0745
"9436",10,50,12,"SGP",2.28677611499886,3.04755082959642,0.3295
"9437",10,50,13,"SGP",2.05379257837181,3.01962200318326,0.667
"9438",10,50,14,"SGP",3.44304681190595,3.21421261277014,0.7955
"9439",10,50,15,"SGP",1.65557314208023,2.89581380506565,0.496
"9440",10,50,16,"SGP",1.9590805708988,2.96963142625294,0.346
"9441",10,50,17,"SGP",4.54018216332958,3.50549296037611,0.144
"9442",10,50,18,"SGP",8.7503473513438,4.55185807590142,0.0345
"9443",10,50,19,"SGP",5.54812026571165,3.68720937100638,0.094
"9444",10,50,20,"SGP",5.26248494931104,3.60643827272633,0.116
"9445",10,50,21,"SGP",11.9110654648321,5.24612811518464,0.014
"9446",10,50,22,"SGP",1.67253594096437,2.96119044073776,0.5075
"9447",10,50,23,"SGP",1.92461208003675,3.03307954923491,0.6195
"9448",10,50,24,"SGP",8.6001868216367,4.40132674688532,0.0475
"9449",10,50,25,"SGP",2.65743199160634,3.06336958340701,0.72
"9450",10,50,26,"SGP",2.30731635262926,2.99341974690854,0.6555
"9451",10,50,27,"SGP",1.78597709702116,2.85658285473242,0.4385
"9452",10,50,28,"SGP",2.6913475107053,3.06693371033808,0.728
"9453",10,50,29,"SGP",1.71385609233001,2.91475280976077,0.5135
"9454",10,50,30,"SGP",2.19248312229946,2.89066727853689,0.678
"9455",10,50,31,"SGP",3.95358545180806,3.35436865724324,0.1775
"9456",10,50,32,"SGP",2.62431179715445,3.08969295738971,0.7245
"9457",10,50,33,"SGP",1.65858811571929,2.81402416076295,0.4435
"9458",10,50,34,"SGP",2.03598548474403,2.99570520933747,0.6795
"9459",10,50,35,"SGP",3.06720443000731,3.17558035285483,0.7845
"9460",10,50,36,"SGP",2.1240269598312,2.94977777428043,0.3185
"9461",10,50,37,"SGP",1.6840186150397,2.93595060597034,0.5915
"9462",10,50,38,"SGP",1.47947168865433,2.85567832286813,0.5825
"9463",10,50,1,"SGP50",2.67030874431586,3.23387664442308,0.4025
"9464",10,50,2,"SGP50",6.94755147467522,4.1548580716475,0.8495
"9465",10,50,3,"SGP50",11.6143305051432,4.88608276612443,0.958
"9466",10,50,4,"SGP50",6.0071828253219,3.9754059382855,0.204
"9467",10,50,5,"SGP50",3.63659207963661,3.48498880172789,0.618
"9468",10,50,6,"SGP50",3.1867439384373,3.49976194617423,0.35
"9469",10,50,7,"SGP50",4.33706486564529,3.45569811840179,0.7215
"9470",10,50,8,"SGP50",5.38383134543837,3.64979837096658,0.7915
"9471",10,50,9,"SGP50",3.18633176550654,3.60241743946784,0.449
"9472",10,50,10,"SGP50",4.03105118411365,3.38825961106072,0.7
"9473",10,50,11,"SGP50",3.81571740912244,3.67470709273558,0.36
"9474",10,50,12,"SGP50",2.5926995456978,3.25697811154407,0.545
"9475",10,50,13,"SGP50",4.5930337084805,3.33684231039649,0.7915
"9476",10,50,14,"SGP50",7.33342316491863,3.77135207593896,0.8865
"9477",10,50,15,"SGP50",4.49735162309575,3.4264127647767,0.7255
"9478",10,50,16,"SGP50",3.30438095573118,3.28570219099476,0.5945
"9479",10,50,17,"SGP50",3.11354335075002,3.51553197596136,0.4045
"9480",10,50,18,"SGP50",4.95197086945942,3.7542410384501,0.242
"9481",10,50,19,"SGP50",3.5271822628492,3.36895927062719,0.243
"9482",10,50,20,"SGP50",3.62554555884477,3.3736215679736,0.2575
"9483",10,50,21,"SGP50",9.5432270608466,4.65323955068367,0.07
"9484",10,50,22,"SGP50",2.59905633433844,3.24406393801275,0.3695
"9485",10,50,23,"SGP50",2.07829035893836,3.08856026221176,0.468
"9486",10,50,24,"SGP50",9.78361409478264,4.3596448442503,0.054
"9487",10,50,25,"SGP50",2.23477705920455,3.17450554512292,0.492
"9488",10,50,26,"SGP50",2.05328971902434,3.15370475955728,0.487
"9489",10,50,27,"SGP50",2.58134790344229,3.11552597478477,0.3105
"9490",10,50,28,"SGP50",1.94984121954981,2.97824593303281,0.5885
"9491",10,50,29,"SGP50",1.9559089949507,2.99038523432331,0.4275
"9492",10,50,30,"SGP50",1.70600017431197,2.99402217282974,0.5825
"9493",10,50,31,"SGP50",3.90047050087076,3.21259157930796,0.176
"9494",10,50,32,"SGP50",1.85015186605667,2.90593420808192,0.616
"9495",10,50,33,"SGP50",1.91895617606099,2.83951412577706,0.3455
"9496",10,50,34,"SGP50",1.49241205264769,2.78054195162584,0.5225
"9497",10,50,35,"SGP50",2.19049108201365,2.89536528697377,0.7045
"9498",10,50,36,"SGP50",2.017629284728,2.70505683355623,0.312
"9499",10,50,37,"SGP50",1.32876220762621,2.59277275940659,0.4815
"9500",10,50,38,"SGP50",1.26269822737371,2.57931967173079,0.486
"9501",10,51,1,"BMA",7.7429711343408,4.08257619432897,0.867
"9502",10,51,2,"BMA",2.74668753305866,3.34345162607255,0.5795
"9503",10,51,3,"BMA",3.48256533530647,3.37443751734189,0.7015
"9504",10,51,4,"BMA",2.61248504929429,3.34164178397797,0.4065
"9505",10,51,5,"BMA",3.77158706288021,3.13880485897363,0.8065
"9506",10,51,6,"BMA",1.46297518474419,2.59864752407184,0.546
"9507",10,51,7,"BMA",5.97341711790487,4.39220309458397,0.9745
"9508",10,51,8,"BMA",4.47513127541555,3.65379322336162,0.074
"9509",10,51,9,"BMA",2.19714436948657,2.73497952622516,0.191
"9510",10,51,10,"BMA",1.13641742287349,2.49696827554416,0.4115
"9511",10,51,11,"BMA",0.955575016418772,2.36489152432239,0.459
"9512",10,51,12,"BMA",1.72619246135912,2.54234621536826,0.22
"9513",10,51,13,"BMA",5.27683447825019,4.06803045887572,0.029
"9514",10,51,14,"BMA",3.53092663352566,3.23310981086629,0.0985
"9515",10,51,15,"BMA",1.08436184884883,2.47841030144963,0.421
"9516",10,51,16,"BMA",10.6238394166918,8.25450807666846,0
"9517",10,51,17,"BMA",5.80477934242926,3.89310236686949,0.9495
"9518",10,51,18,"BMA",9.34880201360685,5.25128495119623,0.009
"9519",10,51,19,"BMA",2.5996928096453,3.00007096884031,0.1865
"9520",10,51,20,"BMA",14.3515133005751,7.32922989118953,0.9945
"9521",10,51,21,"BMA",1.81576917589294,2.8339287740474,0.3635
"9522",10,51,22,"BMA",4.96527764605363,3.72023995784306,0.114
"9523",10,51,23,"BMA",1.96547058072727,2.80844769346027,0.3205
"9524",10,51,24,"BMA",4.6380871915184,3.49045714235279,0.9035
"9525",10,51,25,"BMA",5.28362716863838,3.74947377704786,0.899
"9526",10,51,26,"BMA",3.68635183755833,3.36075792710956,0.14
"9527",10,51,27,"BMA",6.62947884918737,3.97793811723215,0.0605
"9528",10,51,28,"BMA",1.54676495128166,2.75594050784603,0.5695
"9529",10,51,29,"BMA",1.84028850438096,2.90950477401727,0.647
"9530",10,51,30,"BMA",1.32589461445318,2.68389335949334,0.4795
"9531",10,51,31,"BMA",2.26583978489264,2.93616588682365,0.747
"9532",10,51,32,"BMA",1.69838429736573,2.78714376992134,0.666
"9533",10,51,33,"BMA",1.58133995862454,2.69146764170084,0.632
"9534",10,51,34,"BMA",1.33543022104861,2.6494736740899,0.5035
"9535",10,51,35,"BMA",1.95822050686113,2.78421594765124,0.286
"9536",10,51,36,"BMA",1.52755892793943,2.63070614641013,0.6375
"9537",10,51,37,"BMA",1.424675667138,2.64909600777252,0.3895
"9538",10,51,38,"BMA",3.60119965335801,3.14516379587327,0.87
"9539",10,51,1,"AVS",7.7429711343408,4.10111290454284,0.8535
"9540",10,51,2,"AVS",2.91308169898548,3.32117108219171,0.6345
"9541",10,51,3,"AVS",5.08340634733368,3.6148256049467,0.7665
"9542",10,51,4,"AVS",4.46275716434211,3.55053469784531,0.7235
"9543",10,51,5,"AVS",8.06893928635236,3.9731142159749,0.8905
"9544",10,51,6,"AVS",1.02241373235216,2.35087141363206,0.5045
"9545",10,51,7,"AVS",5.86550370411157,4.26053653684611,0.975
"9546",10,51,8,"AVS",4.63706597137914,3.63475946910055,0.061
"9547",10,51,9,"AVS",2.23851891240769,2.76840844172248,0.1965
"9548",10,51,10,"AVS",1.13487693564853,2.50598470608619,0.4045
"9549",10,51,11,"AVS",0.954866834786183,2.3513694570305,0.439
"9550",10,51,12,"AVS",1.72651615898821,2.44171852480277,0.221
"9551",10,51,13,"AVS",5.27713472640504,4.12871717980639,0.028
"9552",10,51,14,"AVS",3.53116454163478,3.30973752206889,0.092
"9553",10,51,15,"AVS",1.08433972963596,2.42928338249872,0.395
"9554",10,51,16,"AVS",10.6239219587806,7.67958573284272,0
"9555",10,51,17,"AVS",5.80944245799263,3.89528939039448,0.9635
"9556",10,51,18,"AVS",9.35164399615936,5.09760863710065,0.0085
"9557",10,51,19,"AVS",2.59665609881899,2.94980107552329,0.1755
"9558",10,51,20,"AVS",14.380968414088,8.34899813367852,0.9985
"9559",10,51,21,"AVS",1.70144258623445,2.8231726161445,0.3555
"9560",10,51,22,"AVS",5.19627048361142,3.84094507970468,0.0775
"9561",10,51,23,"AVS",1.86390100274234,2.83186533704042,0.285
"9562",10,51,24,"AVS",4.78691428481169,3.42298637192059,0.9015
"9563",10,51,25,"AVS",5.191729808445,3.46223066065938,0.901
"9564",10,51,26,"AVS",3.80299770777393,3.33768958454655,0.1295
"9565",10,51,27,"AVS",6.70418776423891,4.06398757066034,0.058
"9566",10,51,28,"AVS",1.54998825677216,2.66824288672834,0.601
"9567",10,51,29,"AVS",1.86589384981147,2.9074246734023,0.6925
"9568",10,51,30,"AVS",1.31355454741854,2.65804159369032,0.497
"9569",10,51,31,"AVS",2.3309259141122,2.99354136935225,0.7775
"9570",10,51,32,"AVS",1.71126047861424,2.83378386853154,0.6535
"9571",10,51,33,"AVS",1.52628291507445,2.74436868673527,0.6485
"9572",10,51,34,"AVS",1.34026771571464,2.63470126349468,0.4905
"9573",10,51,35,"AVS",2.0284815619051,2.90306584600788,0.292
"9574",10,51,36,"AVS",1.57057484912861,2.62217825985145,0.6115
"9575",10,51,37,"AVS",1.43552355821134,2.73535639482602,0.3865
"9576",10,51,38,"AVS",4.02481703263424,3.30442987226535,0.8925
"9577",10,51,1,"EQW",7.7429711343408,4.00044124070614,0.855
"9578",10,51,2,"EQW",2.82425532903546,3.31241995883031,0.6255
"9579",10,51,3,"EQW",3.51439197488357,3.41641102454884,0.703
"9580",10,51,4,"EQW",2.97098775981544,3.47781911920842,0.4545
"9581",10,51,5,"EQW",4.81204437217624,3.58626698379258,0.775
"9582",10,51,6,"EQW",5.36644695830462,3.46932374300995,0.7555
"9583",10,51,7,"EQW",12.6651005445502,4.52309505605323,0.9605
"9584",10,51,8,"EQW",7.43118529532745,4.01402783739463,0.674
"9585",10,51,9,"EQW",7.32562454350274,3.78696375458814,0.719
"9586",10,51,10,"EQW",7.44878254345625,3.68264782008848,0.782
"9587",10,51,11,"EQW",7.97567954516616,3.67732671519857,0.781
"9588",10,51,12,"EQW",7.40057764205022,3.79120217674659,0.727
"9589",10,51,13,"EQW",5.76979097765538,3.85663600491324,0.6075
"9590",10,51,14,"EQW",5.23186619530465,3.70424464920573,0.62
"9591",10,51,15,"EQW",4.64404555922617,3.45528627835863,0.653
"9592",10,51,16,"EQW",4.82644569001756,4.04290847144224,0.2965
"9593",10,51,17,"EQW",3.75563224940639,3.63781652420916,0.671
"9594",10,51,18,"EQW",5.71980251258961,4.00119337844663,0.211
"9595",10,51,19,"EQW",3.08813823219967,3.37191028948201,0.333
"9596",10,51,20,"EQW",6.90091128187285,3.98334911286847,0.821
"9597",10,51,21,"EQW",3.30641215137748,3.48945756123746,0.5855
"9598",10,51,22,"EQW",3.33063932257149,3.68082072288206,0.4365
"9599",10,51,23,"EQW",2.54928595260297,3.25972197245759,0.424
"9600",10,51,24,"EQW",3.65656222300908,3.49306648701937,0.715
"9601",10,51,25,"EQW",6.65238041472929,4.0103294051505,0.837
"9602",10,51,26,"EQW",4.10923579567352,3.77266611889538,0.5705
"9603",10,51,27,"EQW",3.54813071977469,3.60643543420999,0.4035
"9604",10,51,28,"EQW",2.21935314014593,3.12153959881493,0.4925
"9605",10,51,29,"EQW",1.96720130679222,2.99731394197363,0.5015
"9606",10,51,30,"EQW",2.06136184308117,2.97716413400656,0.3865
"9607",10,51,31,"EQW",1.74654122950918,2.94327913592393,0.5195
"9608",10,51,32,"EQW",1.73575988920134,2.92250624039754,0.562
"9609",10,51,33,"EQW",1.94865909281146,2.93119271258475,0.64
"9610",10,51,34,"EQW",1.77952520914794,2.92845710367921,0.597
"9611",10,51,35,"EQW",1.70838998389692,2.80634353681768,0.387
"9612",10,51,36,"EQW",1.43151482128377,2.63204907859989,0.486
"9613",10,51,37,"EQW",2.00875989545454,2.73975829595885,0.2935
"9614",10,51,38,"EQW",1.70323626501214,2.72632799259327,0.6405
"9615",10,51,1,"SGP",7.7429711343408,4.09336493352896,0.865
"9616",10,51,2,"SGP",3.08619618959027,3.27564257006802,0.7045
"9617",10,51,3,"SGP",2.06566336900236,2.84938684008312,0.7575
"9618",10,51,4,"SGP",2.95503955202286,3.16554403296488,0.1455
"9619",10,51,5,"SGP",2.54692610316559,2.89071216675273,0.832
"9620",10,51,6,"SGP",1.05289305048685,2.44194570312218,0.51
"9621",10,51,7,"SGP",5.94148177900263,4.3289520071341,0.9795
"9622",10,51,8,"SGP",4.49720599328299,3.6550678509753,0.0705
"9623",10,51,9,"SGP",2.19756584186123,2.79445082245876,0.1955
"9624",10,51,10,"SGP",1.14078370730018,2.48656728705876,0.4355
"9625",10,51,11,"SGP",0.963026811866624,2.30757008927355,0.455
"9626",10,51,12,"SGP",1.71096678581546,2.56545882072535,0.2405
"9627",10,51,13,"SGP",5.21910641658062,4.11091882331377,0.0295
"9628",10,51,14,"SGP",3.50275123643917,3.39028339588203,0.0965
"9629",10,51,15,"SGP",1.08823673727922,2.51915484802243,0.41
"9630",10,51,16,"SGP",10.573169727437,8.07654327046592,0.001
"9631",10,51,17,"SGP",5.78014359437779,3.9215623810235,0.954
"9632",10,51,18,"SGP",9.32692397173812,4.98071630022028,0.015
"9633",10,51,19,"SGP",2.59982922364057,2.91333118037528,0.189
"9634",10,51,20,"SGP",14.3034617401346,8.14756690857059,0.997
"9635",10,51,21,"SGP",1.70277804259981,2.76701194836663,0.334
"9636",10,51,22,"SGP",5.17774014861046,3.67154323459321,0.0865
"9637",10,51,23,"SGP",1.86833792453909,2.75991409419193,0.319
"9638",10,51,24,"SGP",4.77109392673912,3.34189309795805,0.896
"9639",10,51,25,"SGP",5.19029187349598,3.52510051132135,0.903
"9640",10,51,26,"SGP",3.78746161870903,3.33021679609118,0.126
"9641",10,51,27,"SGP",6.68036104444445,4.07993405515912,0.0515
"9642",10,51,28,"SGP",1.55137332062603,2.70123732140731,0.617
"9643",10,51,29,"SGP",1.86363676458557,2.91909219485622,0.6735
"9644",10,51,30,"SGP",1.31656327118969,2.69333129612549,0.5145
"9645",10,51,31,"SGP",2.32291127406829,2.99971976333042,0.758
"9646",10,51,32,"SGP",1.71041235391769,2.84733082021043,0.6725
"9647",10,51,33,"SGP",1.5287792345268,2.75458974076256,0.617
"9648",10,51,34,"SGP",1.34194567728964,2.62934262952556,0.4675
"9649",10,51,35,"SGP",2.02684346910058,2.85722151565275,0.308
"9650",10,51,36,"SGP",1.56770080782588,2.67476728199935,0.625
"9651",10,51,37,"SGP",1.43855459144441,2.66194904827939,0.378
"9652",10,51,38,"SGP",4.00280901935054,3.28711927617083,0.871
"9653",10,51,1,"SGP50",7.7429711343408,3.95859670049602,0.869
"9654",10,51,2,"SGP50",2.83916203719161,3.28452018925715,0.6525
"9655",10,51,3,"SGP50",3.5275976568845,3.35190204035372,0.6885
"9656",10,51,4,"SGP50",2.88775324439922,3.46361239033277,0.476
"9657",10,51,5,"SGP50",4.71863173867515,3.5294910235575,0.7805
"9658",10,51,6,"SGP50",4.73259682965977,3.32870567541204,0.7305
"9659",10,51,7,"SGP50",11.3431444627315,4.37975218249186,0.9745
"9660",10,51,8,"SGP50",5.57274194969341,3.87182900806625,0.5725
"9661",10,51,9,"SGP50",4.76521022353696,3.48698123194124,0.588
"9662",10,51,10,"SGP50",4.24748801563817,3.24470428258729,0.674
"9663",10,51,11,"SGP50",3.8055207555761,3.05576471570552,0.654
"9664",10,51,12,"SGP50",3.00290880926383,3.13035355319328,0.517
"9665",10,51,13,"SGP50",3.65607404770413,3.80233773488897,0.317
"9666",10,51,14,"SGP50",2.87990574097295,3.35106909452653,0.3175
"9667",10,51,15,"SGP50",1.69374412865279,2.77615507524466,0.4905
"9668",10,51,16,"SGP50",8.14928636115923,4.85879909196474,0.1055
"9669",10,51,17,"SGP50",4.49223144079569,3.72269804169151,0.837
"9670",10,51,18,"SGP50",8.10595984904772,4.60338789475061,0.074
"9671",10,51,19,"SGP50",2.83013979301565,3.06777476118399,0.229
"9672",10,51,20,"SGP50",10.6320545699079,4.99138617492482,0.914
"9673",10,51,21,"SGP50",1.92069950453278,2.94492406192234,0.413
"9674",10,51,22,"SGP50",4.35549602103071,3.81240252552706,0.1675
"9675",10,51,23,"SGP50",2.16297876735394,2.90172987677209,0.334
"9676",10,51,24,"SGP50",4.06805116449202,3.40092317358581,0.8205
"9677",10,51,25,"SGP50",5.19992403214618,3.58878619037884,0.8615
"9678",10,51,26,"SGP50",3.2332827794223,3.52218280553343,0.253
"9679",10,51,27,"SGP50",5.5698805002642,3.80614291587598,0.141
"9680",10,51,28,"SGP50",1.70889862891277,2.91599416959961,0.5595
"9681",10,51,29,"SGP50",1.82040835713364,2.96336475959622,0.6095
"9682",10,51,30,"SGP50",1.53244943167085,2.74346722052651,0.462
"9683",10,51,31,"SGP50",1.99770853930225,2.89426085718351,0.672
"9684",10,51,32,"SGP50",1.69294921932229,2.89301578292462,0.637
"9685",10,51,33,"SGP50",1.66140811015489,2.83077745556121,0.621
"9686",10,51,34,"SGP50",1.44993008106366,2.79282485840561,0.5165
"9687",10,51,35,"SGP50",1.94422300083762,2.89896800150828,0.322
"9688",10,51,36,"SGP50",1.46465833699056,2.66714406909583,0.5935
"9689",10,51,37,"SGP50",1.61385211243293,2.7178810631457,0.3595
"9690",10,51,38,"SGP50",2.99142543750417,3.11592813669425,0.8045
"9691",10,52,1,"BMA",6.32471586175397,4.08586119474505,0.906
"9692",10,52,2,"BMA",1.79657524148677,2.87800304923652,0.445
"9693",10,52,3,"BMA",1.72639964957101,2.83793181360522,0.5735
"9694",10,52,4,"BMA",1.68421876309287,2.91578619057325,0.544
"9695",10,52,5,"BMA",4.45902918244211,3.57970115851679,0.8505
"9696",10,52,6,"BMA",4.56533516521567,3.45551397544163,0.837
"9697",10,52,7,"BMA",6.7912944245918,3.96780090967248,0.8905
"9698",10,52,8,"BMA",11.1734438210708,4.61732503301294,0.9535
"9699",10,52,9,"BMA",11.00165441505,4.42277664021585,0.941
"9700",10,52,10,"BMA",10.2388473143808,4.36903157115671,0.9335
"9701",10,52,11,"BMA",7.83604276242781,3.93359393766706,0.881
"9702",10,52,12,"BMA",8.83974465167336,3.98224723616695,0.9275
"9703",10,52,13,"BMA",3.31555202743089,3.82401379142022,0.41
"9704",10,52,14,"BMA",7.86033155942959,3.8691927115939,0.8845
"9705",10,52,15,"BMA",2.63419867391479,3.35663931837743,0.4925
"9706",10,52,16,"BMA",20.6109653700024,5.8219892303648,0.028
"9707",10,52,17,"BMA",10.0865348584256,4.73783123485678,0.4
"9708",10,52,18,"BMA",9.85078303054097,4.49295232351407,0.733
"9709",10,52,19,"BMA",11.128918138391,4.40487244185188,0.8855
"9710",10,52,20,"BMA",9.05516141397151,4.26447437471493,0.873
"9711",10,52,21,"BMA",2.57699706003383,3.34896440721586,0.599
"9712",10,52,22,"BMA",8.01234618835963,4.06270968742042,0.9155
"9713",10,52,23,"BMA",6.69798859723487,4.05105799329607,0.8935
"9714",10,52,24,"BMA",14.1989693374865,5.62830927697653,0.9785
"9715",10,52,25,"BMA",5.57436759271143,3.96403584576514,0.8055
"9716",10,52,26,"BMA",6.26205656277925,4.0045363182967,0.808
"9717",10,52,27,"BMA",3.3713233219836,3.63826932474459,0.6005
"9718",10,52,28,"BMA",3.99587397367915,3.40834847575461,0.3285
"9719",10,52,29,"BMA",3.90737260457318,3.22301942379747,0.202
"9720",10,52,30,"BMA",10.301152968752,5.30923834002783,0.0175
"9721",10,52,31,"BMA",12.6186208689561,4.86239138349138,0.0525
"9722",10,52,32,"BMA",2.81455412061394,3.35343451190191,0.4315
"9723",10,52,33,"BMA",2.56890063868227,3.35047972541195,0.448
"9724",10,52,34,"BMA",3.0413010108798,3.38215899436995,0.3445
"9725",10,52,35,"BMA",2.15270036108214,3.29932310622134,0.4935
"9726",10,52,36,"BMA",2.3354709462951,3.19388701281043,0.4895
"9727",10,52,37,"BMA",2.17695485607419,3.24713850417145,0.4435
"9728",10,52,38,"BMA",2.34277576814572,2.96678955572276,0.437
"9729",10,52,1,"AVS",6.32471586175397,4.23020948462445,0.92
"9730",10,52,2,"AVS",1.96283203663493,2.9726488489869,0.37
"9731",10,52,3,"AVS",1.64005116759877,2.92721749792956,0.513
"9732",10,52,4,"AVS",1.69001815861944,2.91113431736322,0.5
"9733",10,52,5,"AVS",4.0114376661609,3.4366831585266,0.8055
"9734",10,52,6,"AVS",4.75687984365269,3.58235079735506,0.8455
"9735",10,52,7,"AVS",7.19235147390175,4.03425393729815,0.8995
"9736",10,52,8,"AVS",10.9928529129323,4.61423689818447,0.964
"9737",10,52,9,"AVS",1.89070795479603,2.57150378362407,0.765
"9738",10,52,10,"AVS",1.31967018528603,2.42115184305008,0.709
"9739",10,52,11,"AVS",0.943350194794762,2.27446188141,0.6285
"9740",10,52,12,"AVS",3.20120256908923,3.20115494516417,0.9195
"9741",10,52,13,"AVS",6.84459462048411,6.22502197024698,0.0015
"9742",10,52,14,"AVS",1.45185183306335,2.49825116810828,0.6945
"9743",10,52,15,"AVS",3.48570181101362,3.22562654782518,0.069
"9744",10,52,16,"AVS",33.8420375610555,459.485476481631,0
"9745",10,52,17,"AVS",1.9369107797922,3.08291921742695,0.4955
"9746",10,52,18,"AVS",2.37688672062557,3.06755650948593,0.31
"9747",10,52,19,"AVS",2.13847256148769,2.99692484013178,0.6455
"9748",10,52,20,"AVS",2.17461141199124,3.04429153496271,0.366
"9749",10,52,21,"AVS",8.06713094016471,4.10906049783674,0.0505
"9750",10,52,22,"AVS",7.50580792310234,3.96792833471421,0.934
"9751",10,52,23,"AVS",4.03422819297403,3.25856296277489,0.1875
"9752",10,52,24,"AVS",6.80403916119994,3.74863891425804,0.9045
"9753",10,52,25,"AVS",7.78516246462902,3.90250129850153,0.0835
"9754",10,52,26,"AVS",2.40850004191375,3.1417490312894,0.663
"9755",10,52,27,"AVS",1.88758656668902,3.0290748722416,0.429
"9756",10,52,28,"AVS",4.25801897841066,3.38263079185621,0.187
"9757",10,52,29,"AVS",2.01465178576678,3.05640309371275,0.4515
"9758",10,52,30,"AVS",1.97575795875621,2.96636245493702,0.371
"9759",10,52,31,"AVS",1.77683618294474,2.94340302654284,0.5575
"9760",10,52,32,"AVS",6.96243962254131,4.01333908536167,0.943
"9761",10,52,33,"AVS",2.40872382602586,3.08172516000357,0.689
"9762",10,52,34,"AVS",1.92442556539361,2.92579584744228,0.3755
"9763",10,52,35,"AVS",1.94604295859767,2.98119744857196,0.667
"9764",10,52,36,"AVS",1.6446786783265,2.97923991108327,0.538
"9765",10,52,37,"AVS",1.66855016235134,2.90549354993759,0.439
"9766",10,52,38,"AVS",1.56704241427736,2.7967863683283,0.4345
"9767",10,52,1,"EQW",6.32471586175397,4.19843266528405,0.9095
"9768",10,52,2,"EQW",1.63732726996665,2.7759551853251,0.5695
"9769",10,52,3,"EQW",2.31831125792538,3.00561439712037,0.6975
"9770",10,52,4,"EQW",1.84361137221283,2.92163414972303,0.666
"9771",10,52,5,"EQW",4.15192060852679,3.61140185310527,0.8625
"9772",10,52,6,"EQW",3.19178549377708,3.15283967135525,0.808
"9773",10,52,7,"EQW",5.08378499083182,3.59630953264722,0.896
"9774",10,52,8,"EQW",7.89925705119645,4.1853710694432,0.958
"9775",10,52,9,"EQW",6.91315717337712,3.64928540630524,0.912
"9776",10,52,10,"EQW",7.44275276136357,3.55607789628853,0.892
"9777",10,52,11,"EQW",7.05549810121957,3.53238336946796,0.8835
"9778",10,52,12,"EQW",10.3361432360053,4.09316844379013,0.95
"9779",10,52,13,"EQW",4.761356499586,3.93496873554838,0.6415
"9780",10,52,14,"EQW",7.71041826039463,3.63104489519293,0.852
"9781",10,52,15,"EQW",3.12710463848527,3.48694314981714,0.5605
"9782",10,52,16,"EQW",18.7252763276928,5.25630564735167,0.0325
"9783",10,52,17,"EQW",7.75942077820581,3.97802988610486,0.255
"9784",10,52,18,"EQW",6.2866165327681,3.96426617519532,0.299
"9785",10,52,19,"EQW",4.3069117271525,3.80462705891791,0.442
"9786",10,52,20,"EQW",4.06100831206472,3.68730100465488,0.3865
"9787",10,52,21,"EQW",7.55145593527033,4.07915070678427,0.1785
"9788",10,52,22,"EQW",4.03659924628588,3.9242746664419,0.6025
"9789",10,52,23,"EQW",3.78225223268496,3.63583796964733,0.3695
"9790",10,52,24,"EQW",5.3022715885985,3.7848464290291,0.7405
"9791",10,52,25,"EQW",3.80933922221738,3.78033561453177,0.406
"9792",10,52,26,"EQW",3.35846544689815,3.42926746989946,0.647
"9793",10,52,27,"EQW",2.72836739817628,3.37124623946884,0.575
"9794",10,52,28,"EQW",3.29333292626565,3.40962835666097,0.328
"9795",10,52,29,"EQW",3.69597569515393,3.2858540449537,0.2525
"9796",10,52,30,"EQW",7.65000950267758,4.05327999992773,0.128
"9797",10,52,31,"EQW",8.75789397215176,4.08285720588382,0.1845
"9798",10,52,32,"EQW",5.27694288541855,4.17142298583043,0.3495
"9799",10,52,33,"EQW",4.27620306594878,3.65903038734813,0.2905
"9800",10,52,34,"EQW",4.94144301830171,3.63990249988574,0.1635
"9801",10,52,35,"EQW",2.88928628318566,3.26250052850738,0.3075
"9802",10,52,36,"EQW",2.24855621668758,3.00179913694731,0.338
"9803",10,52,37,"EQW",2.1070954165312,2.84834512475007,0.304
"9804",10,52,38,"EQW",2.29210651527743,2.79215057267497,0.2605
"9805",10,52,1,"SGP",6.32471586175397,4.13514198619492,0.91
"9806",10,52,2,"SGP",1.43886041475763,2.68903343182254,0.571
"9807",10,52,3,"SGP",2.80503301721878,3.09517556683243,0.8365
"9808",10,52,4,"SGP",2.19799134977409,2.81373627094877,0.7805
"9809",10,52,5,"SGP",5.8267769570336,4.16340092483937,0.97
"9810",10,52,6,"SGP",2.9477600327561,2.97621238660599,0.851
"9811",10,52,7,"SGP",4.19321778882613,3.44534142952625,0.9445
"9812",10,52,8,"SGP",4.69968367725238,3.81513723429874,0.9575
"9813",10,52,9,"SGP",1.66578682340645,2.47768386981361,0.7595
"9814",10,52,10,"SGP",1.40943358656853,2.41690545788919,0.73
"9815",10,52,11,"SGP",0.993337301715676,2.29419917923496,0.654
"9816",10,52,12,"SGP",3.26053485302801,3.18417825196272,0.9135
"9817",10,52,13,"SGP",6.6613904426119,5.51475966027159,0.018
"9818",10,52,14,"SGP",1.48269277916464,2.45588213542049,0.706
"9819",10,52,15,"SGP",3.43319212338655,3.18248207306,0.0825
"9820",10,52,16,"SGP",33.5714017059865,8.7181674254794,0
"9821",10,52,17,"SGP",1.96031246911141,3.07426183303833,0.4745
"9822",10,52,18,"SGP",2.3949720478757,3.05714225686304,0.3125
"9823",10,52,19,"SGP",2.14383832972048,2.96508597880097,0.679
"9824",10,52,20,"SGP",2.18434158122197,3.01415162735969,0.3455
"9825",10,52,21,"SGP",8.05687181662831,4.15678456071111,0.0455
"9826",10,52,22,"SGP",7.45305782174902,4.02559450333158,0.939
"9827",10,52,23,"SGP",4.0254379900178,3.2488575749516,0.186
"9828",10,52,24,"SGP",6.78667261321946,3.75889415754345,0.904
"9829",10,52,25,"SGP",7.73353422300679,4.04370205721073,0.0785
"9830",10,52,26,"SGP",2.41419326849134,3.14772605365588,0.665
"9831",10,52,27,"SGP",1.89285938729269,3.07984152961913,0.476
"9832",10,52,28,"SGP",4.25070710881668,3.33858299300776,0.2105
"9833",10,52,29,"SGP",2.02027967530809,3.10301519929955,0.488
"9834",10,52,30,"SGP",2.00028944081769,3.01954456842914,0.3705
"9835",10,52,31,"SGP",1.78490078549826,2.94795273315537,0.5405
"9836",10,52,32,"SGP",6.89097581517116,4.32748410691499,0.945
"9837",10,52,33,"SGP",2.39961067724862,3.13613344775468,0.676
"9838",10,52,34,"SGP",1.93635880340859,2.86655080326491,0.384
"9839",10,52,35,"SGP",1.94008683671317,3.02201439294864,0.689
"9840",10,52,36,"SGP",1.64434217009248,3.08052654048133,0.5665
"9841",10,52,37,"SGP",1.66993105367965,2.92040535686384,0.447
"9842",10,52,38,"SGP",1.57101226260497,2.75223040612335,0.417
"9843",10,52,1,"SGP50",6.32471586175397,4.25162534552142,0.9195
"9844",10,52,2,"SGP50",1.63411587312971,2.83268077431111,0.5625
"9845",10,52,3,"SGP50",2.33284049331312,3.04109894948664,0.7285
"9846",10,52,4,"SGP50",1.85629888633207,2.84135172859813,0.684
"9847",10,52,5,"SGP50",4.22876963539848,3.61062773368697,0.88
"9848",10,52,6,"SGP50",3.18767065931072,3.11630367604505,0.805
"9849",10,52,7,"SGP50",5.08983126449711,3.67507778687007,0.889
"9850",10,52,8,"SGP50",7.71989224277109,4.25485805062124,0.9675
"9851",10,52,9,"SGP50",6.38090490174911,3.4783760258885,0.888
"9852",10,52,10,"SGP50",6.58048026923087,3.4845608908957,0.8895
"9853",10,52,11,"SGP50",5.87473142758915,3.31238137240665,0.829
"9854",10,52,12,"SGP50",8.67732843521114,3.81687295854537,0.949
"9855",10,52,13,"SGP50",3.98253183173508,3.96125255773293,0.54
"9856",10,52,14,"SGP50",5.74008018474808,3.36972481035804,0.847
"9857",10,52,15,"SGP50",2.60531454030543,3.38134231827052,0.4385
"9858",10,52,16,"SGP50",21.9014054437541,5.78564330938266,0.022
"9859",10,52,17,"SGP50",5.18433126756904,3.70850338589409,0.3215
"9860",10,52,18,"SGP50",4.25943019693433,3.51074089726289,0.2945
"9861",10,52,19,"SGP50",2.89108775949804,3.3188825298119,0.529
"9862",10,52,20,"SGP50",2.96168367980827,3.3875489379948,0.376
"9863",10,52,21,"SGP50",7.79044817944757,4.1160659269362,0.1185
"9864",10,52,22,"SGP50",5.13298952903703,3.98231080192704,0.783
"9865",10,52,23,"SGP50",3.76832938463451,3.48176633050833,0.256
"9866",10,52,24,"SGP50",5.86197786708501,3.78592324583193,0.8175
"9867",10,52,25,"SGP50",5.52883210727398,3.85675264051696,0.2225
"9868",10,52,26,"SGP50",2.74487406462438,3.31329712533479,0.638
"9869",10,52,27,"SGP50",2.21715423700499,3.21456825953198,0.501
"9870",10,52,28,"SGP50",3.92918118040296,3.38541483973812,0.2325
"9871",10,52,29,"SGP50",2.5994374757023,3.21857989765976,0.359
"9872",10,52,30,"SGP50",3.90631361503597,3.29164088518057,0.261
"9873",10,52,31,"SGP50",3.39662278324141,3.3670752113827,0.3765
"9874",10,52,32,"SGP50",4.37604425447456,4.13439067047558,0.6995
"9875",10,52,33,"SGP50",2.39212742900147,3.2360632131231,0.542
"9876",10,52,34,"SGP50",2.77656102727666,3.10820420106393,0.293
"9877",10,52,35,"SGP50",1.8800147509942,3.16097421373829,0.5275
"9878",10,52,36,"SGP50",1.72130573596193,3.01215989695731,0.4695
"9879",10,52,37,"SGP50",1.77709642684666,2.92690130156763,0.395
"9880",10,52,38,"SGP50",1.80986945675548,2.77418984308589,0.3605
"9881",10,53,1,"BMA",1.74931697978513,2.50463784931595,0.161
"9882",10,53,2,"BMA",0.678309668474923,1.93104304511974,0.44
"9883",10,53,3,"BMA",5.02005465733886,5.36832702614992,0.9725
"9884",10,53,4,"BMA",3.25425111701747,3.30605105965085,0.8345
"9885",10,53,5,"BMA",1.68927291765556,2.7790671857401,0.64
"9886",10,53,6,"BMA",1.11340314261453,2.43379909573045,0.498
"9887",10,53,7,"BMA",2.9208881367392,3.24230529700498,0.881
"9888",10,53,8,"BMA",1.56893508315873,2.58594566885034,0.7245
"9889",10,53,9,"BMA",1.79561394890678,2.63035759931971,0.245
"9890",10,53,10,"BMA",6.59015369177966,4.77949472947657,0.9665
"9891",10,53,11,"BMA",1.5505843599531,2.79572238216609,0.4065
"9892",10,53,12,"BMA",1.39448944098866,2.67913378825735,0.504
"9893",10,53,13,"BMA",1.73805963238111,2.7393993166306,0.301
"9894",10,53,14,"BMA",1.60579597208098,2.57320148407548,0.319
"9895",10,53,15,"BMA",2.92857742534172,3.01925762690689,0.8495
"9896",10,53,16,"BMA",1.44145261489953,2.58508717070436,0.6595
"9897",10,53,17,"BMA",1.01127700432701,2.37708894344915,0.525
"9898",10,53,18,"BMA",1.10968583077293,2.3936039297642,0.367
"9899",10,53,19,"BMA",1.34517399893817,2.35583697913262,0.7295
"9900",10,53,20,"BMA",2.98802723994375,2.93080970645098,0.904
"9901",10,53,21,"BMA",3.04104218014362,3.03494341393849,0.911
"9902",10,53,22,"BMA",0.939088289454214,2.29561851681694,0.4115
"9903",10,53,23,"BMA",0.93637107121574,2.20992554502674,0.382
"9904",10,53,24,"BMA",2.59211008738683,2.89890983490881,0.12
"9905",10,53,25,"BMA",1.6824063358582,2.45216804006066,0.8035
"9906",10,53,26,"BMA",0.792316124870031,2.15423729774417,0.5065
"9907",10,53,27,"BMA",2.60136488994569,2.76191874414191,0.8875
"9908",10,53,28,"BMA",0.85890744462715,2.18835111650707,0.602
"9909",10,53,29,"BMA",1.20895225877999,2.1506978543172,0.7265
"9910",10,53,30,"BMA",0.762556640927248,2.05786930989285,0.498
"9911",10,53,31,"BMA",5.09017933990751,4.13829871665969,0.016
"9912",10,53,32,"BMA",2.52987419782004,2.87066376909849,0.106
"9913",10,53,33,"BMA",0.790278149635967,2.16726036860892,0.492
"9914",10,53,34,"BMA",2.49158412091006,2.89529980157853,0.1085
"9915",10,53,35,"BMA",3.35789551551999,3.23995674190898,0.0585
"9916",10,53,36,"BMA",0.889502326361401,2.22683936758361,0.3935
"9917",10,53,37,"BMA",1.76161622590068,2.4967912950425,0.1835
"9918",10,53,38,"BMA",0.891393809954127,2.22900637653194,0.588
"9919",10,53,1,"AVS",1.74931697978513,2.43403860568163,0.162
"9920",10,53,2,"AVS",0.591935693708853,1.89009340842148,0.4595
"9921",10,53,3,"AVS",5.17796425496201,4.79818804245077,0.99
"9922",10,53,4,"AVS",3.87912212983681,3.5714375520655,0.9045
"9923",10,53,5,"AVS",1.05762843554378,2.31462984202838,0.6525
"9924",10,53,6,"AVS",0.749487846612579,2.07359248537992,0.5045
"9925",10,53,7,"AVS",3.38611850833934,3.47964495922908,0.9555
"9926",10,53,8,"AVS",1.30328477519858,2.35995919984993,0.7655
"9927",10,53,9,"AVS",1.87573622664055,2.61914565651076,0.16
"9928",10,53,10,"AVS",7.17746427289634,5.93098228601926,0.993
"9929",10,53,11,"AVS",1.75912073179396,2.81640915557959,0.31
"9930",10,53,12,"AVS",1.40439466619387,2.65800577365816,0.4655
"9931",10,53,13,"AVS",1.9382473805722,2.67727566498216,0.2575
"9932",10,53,14,"AVS",1.60417401235127,2.56071456723634,0.274
"9933",10,53,15,"AVS",3.04776592954073,3.1067853192619,0.8895
"9934",10,53,16,"AVS",1.28297320105899,2.60103870696594,0.6165
"9935",10,53,17,"AVS",0.940880959345158,2.32708050204544,0.4415
"9936",10,53,18,"AVS",1.24960441666448,2.39515807175077,0.2995
"9937",10,53,19,"AVS",1.30189228116157,2.35658207206478,0.716
"9938",10,53,20,"AVS",2.64064057494389,2.84402384329696,0.9055
"9939",10,53,21,"AVS",2.47505413851652,2.83686006478459,0.889
"9940",10,53,22,"AVS",0.937810436910423,2.17927411564975,0.408
"9941",10,53,23,"AVS",0.937543045635085,2.1963512568818,0.3885
"9942",10,53,24,"AVS",2.59953060170113,2.95664435151973,0.101
"9943",10,53,25,"AVS",1.67971732845956,2.47275293858982,0.7955
"9944",10,53,26,"AVS",0.790766166797267,2.19544048348612,0.4935
"9945",10,53,27,"AVS",2.59797338695237,2.9134599956711,0.8945
"9946",10,53,28,"AVS",0.858551382074997,2.24126747399457,0.6145
"9947",10,53,29,"AVS",1.208250223282,2.18428918661021,0.7315
"9948",10,53,30,"AVS",0.762480108936309,2.05980209280409,0.521
"9949",10,53,31,"AVS",5.09510959453159,4.26466769321218,0.016
"9950",10,53,32,"AVS",2.52967710262384,2.85851259702654,0.1025
"9951",10,53,33,"AVS",0.790580572910194,2.23335240395288,0.504
"9952",10,53,34,"AVS",2.49102179803928,2.76467592258984,0.1215
"9953",10,53,35,"AVS",3.35740401523387,3.32201566399995,0.0565
"9954",10,53,36,"AVS",0.88918556189899,2.242465138117,0.418
"9955",10,53,37,"AVS",1.76167350136067,2.56235166567813,0.198
"9956",10,53,38,"AVS",0.891527753674114,2.23935922640422,0.619
"9957",10,53,1,"EQW",1.74931697978513,2.44276500596623,0.156
"9958",10,53,2,"EQW",0.888950592515856,1.97256476053358,0.3925
"9959",10,53,3,"EQW",3.92646047193343,3.98419827382031,0.9015
"9960",10,53,4,"EQW",2.857993529802,3.13959327595189,0.818
"9961",10,53,5,"EQW",2.16171609374692,2.91803359884193,0.728
"9962",10,53,6,"EQW",1.03593216060651,2.39136067842433,0.495
"9963",10,53,7,"EQW",2.8431790888546,3.29101084278228,0.854
"9964",10,53,8,"EQW",1.56512234975364,2.51045121684539,0.7
"9965",10,53,9,"EQW",1.74942882783302,2.7323579886763,0.246
"9966",10,53,10,"EQW",6.04131660547375,4.47294132793805,0.949
"9967",10,53,11,"EQW",1.68955622338738,2.78810768789679,0.3235
"9968",10,53,12,"EQW",1.16003661780451,2.5102646460281,0.482
"9969",10,53,13,"EQW",1.73213258663987,2.64840619347383,0.2675
"9970",10,53,14,"EQW",1.52231187000864,2.55097950349903,0.294
"9971",10,53,15,"EQW",2.93697163474584,3.01981169206146,0.855
"9972",10,53,16,"EQW",1.31254535295457,2.53812604339993,0.638
"9973",10,53,17,"EQW",1.04579336829706,2.41543795435789,0.5395
"9974",10,53,18,"EQW",1.09188818841436,2.44223403053247,0.4105
"9975",10,53,19,"EQW",1.49149889950547,2.47959753709516,0.73
"9976",10,53,20,"EQW",3.4575993280851,3.14606806304324,0.9125
"9977",10,53,21,"EQW",4.45964736731756,3.37290005624784,0.9285
"9978",10,53,22,"EQW",2.03002728788194,2.84769789924401,0.669
"9979",10,53,23,"EQW",1.65490416936113,2.655120519397,0.6375
"9980",10,53,24,"EQW",1.41350531093405,2.6476614220127,0.375
"9981",10,53,25,"EQW",2.31581590810935,2.77372843434953,0.8375
"9982",10,53,26,"EQW",1.45990747539905,2.4726867503557,0.664
"9983",10,53,27,"EQW",3.86270071272996,3.24815120590458,0.919
"9984",10,53,28,"EQW",2.58082590350267,2.77492684196113,0.7775
"9985",10,53,29,"EQW",3.26721501903713,2.83637889937033,0.8395
"9986",10,53,30,"EQW",2.30377751947407,2.77796150869592,0.698
"9987",10,53,31,"EQW",2.39076734366083,3.21955570428221,0.307
"9988",10,53,32,"EQW",1.89642478751344,2.80351948067869,0.2245
"9989",10,53,33,"EQW",0.995340715250413,2.32313326818722,0.4335
"9990",10,53,34,"EQW",2.629035294988,2.95480878376389,0.131
"9991",10,53,35,"EQW",4.36857233044274,3.4423603627499,0.05
"9992",10,53,36,"EQW",2.29819577346466,2.71757629926041,0.218
"9993",10,53,37,"EQW",3.39169109048262,2.9125124085786,0.1205
"9994",10,53,38,"EQW",1.490365972598,2.5729366476954,0.373
"9995",10,53,1,"SGP",1.74931697978513,2.41481565694419,0.1515
"9996",10,53,2,"SGP",0.591198128046977,1.76989761004282,0.4145
"9997",10,53,3,"SGP",5.14079710127658,5.34055127228204,0.9805
"9998",10,53,4,"SGP",4.4345883848388,3.6412260240274,0.933
"9999",10,53,5,"SGP",2.94538614730866,2.97890571031396,0.8275
"10000",10,53,6,"SGP",0.746916842339307,2.09736700787712,0.495
"10001",10,53,7,"SGP",3.37830250979942,3.38891354254083,0.9395
"10002",10,53,8,"SGP",1.26635045707489,2.3496818709356,0.748
"10003",10,53,9,"SGP",1.87406349572727,2.6448366195163,0.168
"10004",10,53,10,"SGP",7.27211220218194,6.0114572513007,0.9975
"10005",10,53,11,"SGP",2.34279947045649,2.80348123961482,0.1395
"10006",10,53,12,"SGP",0.905246808289948,2.27851179449853,0.4915
"10007",10,53,13,"SGP",1.7904204385702,2.53960707918505,0.203
"10008",10,53,14,"SGP",1.28457165720683,2.39366496619027,0.2915
"10009",10,53,15,"SGP",3.24300844513662,3.16835418939022,0.915
"10010",10,53,16,"SGP",0.874925419816532,2.27310522897994,0.508
"10011",10,53,17,"SGP",0.921542314510425,2.23910569905236,0.42
"10012",10,53,18,"SGP",1.2876178045089,2.31091997261945,0.285
"10013",10,53,19,"SGP",1.23419869803754,2.30042733854726,0.7065
"10014",10,53,20,"SGP",2.55065546292729,2.80209264797333,0.893
"10015",10,53,21,"SGP",2.492993692077,2.7856901695855,0.881
"10016",10,53,22,"SGP",0.934799935900211,2.289313723286,0.4085
"10017",10,53,23,"SGP",0.931130766268276,2.20554454394017,0.38
"10018",10,53,24,"SGP",2.53715941935477,2.97021025748613,0.114
"10019",10,53,25,"SGP",1.73134865021814,2.47939040287929,0.8065
"10020",10,53,26,"SGP",0.802490481738751,2.17649798869105,0.5275
"10021",10,53,27,"SGP",2.61514900676925,2.87901793151003,0.896
"10022",10,53,28,"SGP",0.91652395547891,2.23500325363381,0.6125
"10023",10,53,29,"SGP",1.21427153489462,2.21624062368434,0.7345
"10024",10,53,30,"SGP",0.774194577225431,2.15829632660169,0.4975
"10025",10,53,31,"SGP",5.22041900246848,4.40781933791854,0.0175
"10026",10,53,32,"SGP",2.49552300874547,2.77487548954291,0.1085
"10027",10,53,33,"SGP",0.813310260140231,2.21793570723514,0.4845
"10028",10,53,34,"SGP",2.4607843070419,2.83314685930206,0.099
"10029",10,53,35,"SGP",3.34966820789773,3.12893371631181,0.0595
"10030",10,53,36,"SGP",0.893681576403611,2.17543081458469,0.3935
"10031",10,53,37,"SGP",1.78300980997845,2.48663449453876,0.1855
"10032",10,53,38,"SGP",0.895760314661389,2.16768364488925,0.6055
"10033",10,53,1,"SGP50",1.74931697978513,2.43175527145293,0.1555
"10034",10,53,2,"SGP50",0.867611001015699,2.06922047264262,0.387
"10035",10,53,3,"SGP50",4.02673312286605,3.95111749090202,0.8945
"10036",10,53,4,"SGP50",2.93187925460277,3.14869186453529,0.8325
"10037",10,53,5,"SGP50",2.20483404975171,2.91263792554985,0.745
"10038",10,53,6,"SGP50",1.01106497960393,2.38208035845373,0.4915
"10039",10,53,7,"SGP50",2.89561347720426,3.19533490454643,0.8435
"10040",10,53,8,"SGP50",1.5272484766982,2.53931207448935,0.7245
"10041",10,53,9,"SGP50",1.75709037407526,2.62153913694234,0.2545
"10042",10,53,10,"SGP50",6.20711198887719,4.45935022949986,0.9455
"10043",10,53,11,"SGP50",1.73880753804737,2.75565442159728,0.305
"10044",10,53,12,"SGP50",1.1151779734426,2.54223089002148,0.509
"10045",10,53,13,"SGP50",1.72162834429303,2.62853982737021,0.261
"10046",10,53,14,"SGP50",1.46641908219083,2.50340519518236,0.303
"10047",10,53,15,"SGP50",3.00361209772639,3.09740541318713,0.8595
"10048",10,53,16,"SGP50",1.20877446381659,2.43774497870317,0.5955
"10049",10,53,17,"SGP50",0.994691302250052,2.33863887081992,0.5325
"10050",10,53,18,"SGP50",1.10492169982235,2.41962577454656,0.3695
"10051",10,53,19,"SGP50",1.41823447267279,2.44574937361756,0.718
"10052",10,53,20,"SGP50",3.23827625934797,3.11467292551771,0.908
"10053",10,53,21,"SGP50",3.97514957557212,3.27849008033035,0.9245
"10054",10,53,22,"SGP50",1.62294369679746,2.62042139163503,0.6145
"10055",10,53,23,"SGP50",1.35392610629915,2.55488304282126,0.574
"10056",10,53,24,"SGP50",1.57456667610232,2.72522837895059,0.322
"10057",10,53,25,"SGP50",2.16112115043223,2.72507828759667,0.8535
"10058",10,53,26,"SGP50",1.22818320096593,2.46506618915402,0.625
"10059",10,53,27,"SGP50",3.48833204068585,3.23109920551034,0.9115
"10060",10,53,28,"SGP50",2.00603474784565,2.66495445432833,0.741
"10061",10,53,29,"SGP50",2.52874400708635,2.76050858652741,0.8275
"10062",10,53,30,"SGP50",1.62234724708283,2.48697946454252,0.627
"10063",10,53,31,"SGP50",3.09327318931624,3.40852652178415,0.2185
"10064",10,53,32,"SGP50",2.04526087294934,2.70647705802363,0.192
"10065",10,53,33,"SGP50",0.934176975656058,2.2789240959387,0.4585
"10066",10,53,34,"SGP50",2.59517320350265,2.8428456982786,0.132
"10067",10,53,35,"SGP50",4.04310672038406,3.38153691811293,0.059
"10068",10,53,36,"SGP50",1.74308181207335,2.51542914050571,0.2745
"10069",10,53,37,"SGP50",2.77264793353473,2.80147725657312,0.134
"10070",10,53,38,"SGP50",1.15802140375055,2.45234282782319,0.4595
"10071",10,54,1,"BMA",3.88412412744798,3.39771224454609,0.8075
"10072",10,54,2,"BMA",5.23906383197878,3.7349719871427,0.8755
"10073",10,54,3,"BMA",4.54664875605571,3.57161175145871,0.841
"10074",10,54,4,"BMA",4.3526553411917,3.59642791458428,0.798
"10075",10,54,5,"BMA",5.92517900760758,3.7816825838269,0.844
"10076",10,54,6,"BMA",7.27621390723742,3.84078209032674,0.8565
"10077",10,54,7,"BMA",4.71512027505137,3.28393417663302,0.769
"10078",10,54,8,"BMA",7.84513846388098,4.7412586790762,0.1265
"10079",10,54,9,"BMA",2.83344810140315,3.41895177463844,0.504
"10080",10,54,10,"BMA",10.679915243808,4.24203869957553,0.9135
"10081",10,54,11,"BMA",11.2541326451066,4.29838934657248,0.8785
"10082",10,54,12,"BMA",13.9348536437862,4.36350667449942,0.9615
"10083",10,54,13,"BMA",2.68106734466091,3.16371800363337,0.2875
"10084",10,54,14,"BMA",3.56715853471271,3.22877745343395,0.1395
"10085",10,54,15,"BMA",22.5269422584194,12.1544057488155,0.001
"10086",10,54,16,"BMA",5.6984484882784,3.90674444329946,0.4665
"10087",10,54,17,"BMA",4.15680634585931,3.7088877059448,0.5325
"10088",10,54,18,"BMA",5.98003910613828,3.94664757035318,0.2545
"10089",10,54,19,"BMA",3.48620725790736,3.60665721860889,0.5305
"10090",10,54,20,"BMA",5.0411653267372,3.60700666075605,0.735
"10091",10,54,21,"BMA",3.68425822810492,3.64539698553537,0.5995
"10092",10,54,22,"BMA",4.07040989023273,3.6419307799511,0.3425
"10093",10,54,23,"BMA",2.83709525632981,3.32992349021532,0.4475
"10094",10,54,24,"BMA",2.40495099690355,3.18436101581332,0.5765
"10095",10,54,25,"BMA",2.22993149231938,3.15490075425907,0.3955
"10096",10,54,26,"BMA",2.85076236750567,3.14597538470721,0.2615
"10097",10,54,27,"BMA",1.58200092529732,2.82315175570164,0.502
"10098",10,54,28,"BMA",1.43252891476905,2.75279111337529,0.5435
"10099",10,54,29,"BMA",1.39991031627437,2.71015108910992,0.4845
"10100",10,54,30,"BMA",1.39997120884463,2.62372953725475,0.3915
"10101",10,54,31,"BMA",1.59039090659606,2.69084620929532,0.345
"10102",10,54,32,"BMA",9.59896938694148,5.8266035090464,0.006
"10103",10,54,33,"BMA",7.77385197116148,4.80495881081775,0.0115
"10104",10,54,34,"BMA",3.9335986238165,3.30767910799617,0.0735
"10105",10,54,35,"BMA",2.50175526186679,2.68855296815092,0.149
"10106",10,54,36,"BMA",0.936266375796163,2.16676661627134,0.6205
"10107",10,54,37,"BMA",0.974546285465496,2.09281573968024,0.332
"10108",10,54,38,"BMA",0.685541032735748,2.03922293341632,0.542
"10109",10,54,1,"AVS",3.88412412744798,3.39958259924096,0.8205
"10110",10,54,2,"AVS",3.6884412932575,3.41868242328374,0.8335
"10111",10,54,3,"AVS",4.42656619287139,3.50950624324292,0.8445
"10112",10,54,4,"AVS",4.71619957083665,3.53218115361462,0.836
"10113",10,54,5,"AVS",6.96722467604034,3.92310612766681,0.9105
"10114",10,54,6,"AVS",8.95129335119326,4.25044310097033,0.9025
"10115",10,54,7,"AVS",2.81578275765305,3.04528351442838,0.6915
"10116",10,54,8,"AVS",10.2667848398005,5.83079367751147,0.023
"10117",10,54,9,"AVS",2.96584713838413,3.43693404300968,0.4845
"10118",10,54,10,"AVS",11.9763690110133,4.50630038615903,0.9415
"10119",10,54,11,"AVS",1.92490932929773,2.97321830078847,0.368
"10120",10,54,12,"AVS",4.32411213942978,3.37427307504359,0.8995
"10121",10,54,13,"AVS",2.93765823729089,3.03859811721865,0.186
"10122",10,54,14,"AVS",3.64305278208562,3.18068900487565,0.136
"10123",10,54,15,"AVS",22.6234520890502,23.0832556413457,0
"10124",10,54,16,"AVS",4.2294053673952,3.40630593842875,0.8245
"10125",10,54,17,"AVS",1.83009953842716,2.98025008648124,0.4625
"10126",10,54,18,"AVS",7.22420645894718,4.0247953582626,0.076
"10127",10,54,19,"AVS",3.71604681512206,3.34417348032343,0.793
"10128",10,54,20,"AVS",2.18349411223607,3.04924913137501,0.6055
"10129",10,54,21,"AVS",3.63481300429503,3.30466596121946,0.2015
"10130",10,54,22,"AVS",6.15236178935492,3.74552747570381,0.1065
"10131",10,54,23,"AVS",2.41461369810803,3.08624609158722,0.63
"10132",10,54,24,"AVS",2.16860602795082,3.00760516692354,0.642
"10133",10,54,25,"AVS",3.10305685343378,3.19863221216073,0.256
"10134",10,54,26,"AVS",1.77386379632584,2.98846757613332,0.496
"10135",10,54,27,"AVS",4.32419062772834,3.50461843074563,0.831
"10136",10,54,28,"AVS",1.91460612521939,3.07303572201144,0.433
"10137",10,54,29,"AVS",1.85524599252327,2.93893380566916,0.44
"10138",10,54,30,"AVS",1.80989262722332,2.93252184861965,0.516
"10139",10,54,31,"AVS",1.81254017029942,2.93074941612972,0.5665
"10140",10,54,32,"AVS",5.67435066587179,3.64923753677251,0.096
"10141",10,54,33,"AVS",5.79090720403767,3.63785491850603,0.879
"10142",10,54,34,"AVS",3.55513677630422,3.2493990331082,0.796
"10143",10,54,35,"AVS",1.81110551457798,2.98335887631292,0.606
"10144",10,54,36,"AVS",2.83927987688172,3.12212700397735,0.727
"10145",10,54,37,"AVS",3.77451256208066,3.28164762322433,0.204
"10146",10,54,38,"AVS",2.02508934848556,2.98024909401048,0.644
"10147",10,54,1,"EQW",3.88412412744798,3.298560476862,0.813
"10148",10,54,2,"EQW",6.27947039709914,4.0488812428632,0.9215
"10149",10,54,3,"EQW",5.16760846189985,3.68734956457005,0.8615
"10150",10,54,4,"EQW",2.938170371342,3.17555295832351,0.6955
"10151",10,54,5,"EQW",4.11178691124307,3.32703760907188,0.8005
"10152",10,54,6,"EQW",5.55839384756054,3.55134056049178,0.8445
"10153",10,54,7,"EQW",6.40594256391728,3.60858268510628,0.8475
"10154",10,54,8,"EQW",3.58048768396449,3.70140672658206,0.4095
"10155",10,54,9,"EQW",2.54966954134394,3.19532239676389,0.6265
"10156",10,54,10,"EQW",9.43823029604838,4.33206501219134,0.94
"10157",10,54,11,"EQW",6.80693166499412,3.73029616435601,0.77
"10158",10,54,12,"EQW",13.8047998910216,4.41055385481456,0.964
"10159",10,54,13,"EQW",9.57647884399615,4.06682452010138,0.762
"10160",10,54,14,"EQW",6.99481519049496,3.90567023525081,0.7155
"10161",10,54,15,"EQW",8.71765858390548,4.21606943846412,0.175
"10162",10,54,16,"EQW",3.58363654632366,3.56803323575825,0.482
"10163",10,54,17,"EQW",2.89999780134957,3.38694442186142,0.4515
"10164",10,54,18,"EQW",6.43256501416886,3.89797788487443,0.1835
"10165",10,54,19,"EQW",2.9599992088029,3.46809294798436,0.571
"10166",10,54,20,"EQW",3.8914483313095,3.48960551097121,0.7145
"10167",10,54,21,"EQW",3.23012777638896,3.55758640124849,0.5245
"10168",10,54,22,"EQW",3.71225076954461,3.58098264929622,0.3505
"10169",10,54,23,"EQW",2.58765639627792,3.34666192438887,0.4675
"10170",10,54,24,"EQW",2.32358780125678,3.22875767514346,0.533
"10171",10,54,25,"EQW",3.06945266502725,3.28088182050949,0.3355
"10172",10,54,26,"EQW",3.1350801690034,3.21470283520879,0.2815
"10173",10,54,27,"EQW",2.13006518955983,3.10199296247908,0.515
"10174",10,54,28,"EQW",1.91228172436594,2.99336070718624,0.4635
"10175",10,54,29,"EQW",1.9124378662728,3.01414660814202,0.44
"10176",10,54,30,"EQW",1.85379536962073,2.8887373565385,0.428
"10177",10,54,31,"EQW",1.83575367254589,2.86717058874801,0.4225
"10178",10,54,32,"EQW",8.0836782817061,4.31567012465994,0.051
"10179",10,54,33,"EQW",4.56275659878729,3.93748710980264,0.305
"10180",10,54,34,"EQW",3.20992258568914,3.53725969157974,0.3275
"10181",10,54,35,"EQW",2.74868559466113,3.15115255982406,0.299
"10182",10,54,36,"EQW",1.68103694677465,2.85993803504821,0.5065
"10183",10,54,37,"EQW",2.76376116651295,2.98529696344503,0.225
"10184",10,54,38,"EQW",1.54884165372994,2.73540748082996,0.432
"10185",10,54,1,"SGP",3.88412412744798,3.45160042008677,0.823
"10186",10,54,2,"SGP",6.59617627979921,4.20687664492382,0.9435
"10187",10,54,3,"SGP",6.04965970464984,3.75875956181513,0.9185
"10188",10,54,4,"SGP",4.88913907524724,3.50243957629536,0.8525
"10189",10,54,5,"SGP",2.84707890915215,2.89387584299245,0.805
"10190",10,54,6,"SGP",2.08711121506798,2.80286307155171,0.803
"10191",10,54,7,"SGP",1.44800282224949,2.48833249175659,0.694
"10192",10,54,8,"SGP",10.3981955788,6.7875582068464,0.012
"10193",10,54,9,"SGP",1.65149280070688,2.77093896881164,0.658
"10194",10,54,10,"SGP",7.26538837137846,4.12644490527104,0.9665
"10195",10,54,11,"SGP",1.94027655610207,2.93913026364981,0.358
"10196",10,54,12,"SGP",4.40457622476029,3.32435652206296,0.9055
"10197",10,54,13,"SGP",2.88261116072776,3.1173607440468,0.1865
"10198",10,54,14,"SGP",3.58592544661771,3.20616827093412,0.1415
"10199",10,54,15,"SGP",22.4236957789722,7.60532299278514,0.002
"10200",10,54,16,"SGP",4.19551701106993,3.36859771802764,0.812
"10201",10,54,17,"SGP",1.83768558493254,3.01846694091881,0.485
"10202",10,54,18,"SGP",7.21840910066081,3.94764342611678,0.0835
"10203",10,54,19,"SGP",3.6951584935771,3.24812724042691,0.8005
"10204",10,54,20,"SGP",2.19380109995915,3.08773018591937,0.633
"10205",10,54,21,"SGP",3.61375768131478,3.25651913963687,0.213
"10206",10,54,22,"SGP",6.12595867594495,3.7301467390575,0.096
"10207",10,54,23,"SGP",2.40895360420611,3.12051875589896,0.6455
"10208",10,54,24,"SGP",2.16678735079253,3.06376503554608,0.623
"10209",10,54,25,"SGP",3.10550858225892,3.2356861751629,0.249
"10210",10,54,26,"SGP",1.78035921052176,3.00988173070554,0.5045
"10211",10,54,27,"SGP",4.28539274130595,3.45621559556525,0.8285
"10212",10,54,28,"SGP",1.91491573539093,3.04473429296133,0.4375
"10213",10,54,29,"SGP",1.85568590733125,2.94358688328417,0.4435
"10214",10,54,30,"SGP",1.80758664091756,2.9152258193487,0.517
"10215",10,54,31,"SGP",1.80976155973708,2.96164967546997,0.543
"10216",10,54,32,"SGP",5.69846620169841,3.74128989637455,0.089
"10217",10,54,33,"SGP",5.7100664373477,3.6031654876604,0.876
"10218",10,54,34,"SGP",3.52053447047582,3.22509940415644,0.7905
"10219",10,54,35,"SGP",1.80851004301072,2.98733051795271,0.601
"10220",10,54,36,"SGP",2.82114832835397,3.10527252648879,0.737
"10221",10,54,37,"SGP",3.76467212493531,3.23497818423198,0.1825
"10222",10,54,38,"SGP",2.01479741230811,2.93969562856787,0.655
"10223",10,54,1,"SGP50",3.88412412744798,3.38992786918569,0.823
"10224",10,54,2,"SGP50",6.28507557507334,4.05266405502536,0.9205
"10225",10,54,3,"SGP50",5.20615534756071,3.71883423438258,0.8625
"10226",10,54,4,"SGP50",2.9835539601452,3.19734072188272,0.6995
"10227",10,54,5,"SGP50",4.17158686596828,3.4616768322484,0.805
"10228",10,54,6,"SGP50",5.52453377290118,3.52921527880692,0.84
"10229",10,54,7,"SGP50",6.08353990393549,3.52578262967487,0.836
"10230",10,54,8,"SGP50",3.82681985708577,3.80289876285992,0.4005
"10231",10,54,9,"SGP50",2.45063884593821,3.14373664648294,0.628
"10232",10,54,10,"SGP50",9.10332439918697,4.24234899306091,0.938
"10233",10,54,11,"SGP50",5.40676507676204,3.68187761335464,0.7255
"10234",10,54,12,"SGP50",11.3507762898631,4.187238388264,0.955
"10235",10,54,13,"SGP50",6.2510072368055,3.7828703400784,0.6455
"10236",10,54,14,"SGP50",4.36937512709317,3.65302397801673,0.571
"10237",10,54,15,"SGP50",12.6601581142185,4.51713820731216,0.1195
"10238",10,54,16,"SGP50",3.16870019295814,3.52116366382748,0.5735
"10239",10,54,17,"SGP50",2.40589834800391,3.23541089755368,0.4465
"10240",10,54,18,"SGP50",6.95247396195832,3.88346628831333,0.1425
"10241",10,54,19,"SGP50",2.87458841820374,3.33928302943712,0.64
"10242",10,54,20,"SGP50",2.89539779685452,3.27076680465131,0.6475
"10243",10,54,21,"SGP50",2.94290006665977,3.41650839935847,0.385
"10244",10,54,22,"SGP50",4.7837274208092,3.69352941902601,0.241
"10245",10,54,23,"SGP50",2.38653245854048,3.21774505052123,0.5215
"10246",10,54,24,"SGP50",2.19002630338432,3.17816773761054,0.5615
"10247",10,54,25,"SGP50",3.22555468200836,3.31437101845461,0.294
"10248",10,54,26,"SGP50",2.43032751827106,3.10003710682353,0.3595
"10249",10,54,27,"SGP50",2.671629799956,3.28252665334603,0.64
"10250",10,54,28,"SGP50",1.93333619896166,3.07397290195472,0.457
"10251",10,54,29,"SGP50",1.89815867604322,2.92848806913593,0.439
"10252",10,54,30,"SGP50",1.79354735826769,2.98380899923074,0.4485
"10253",10,54,31,"SGP50",1.77872872319632,2.86060778410274,0.4445
"10254",10,54,32,"SGP50",7.20758438788831,4.02922747066665,0.0635
"10255",10,54,33,"SGP50",3.59263750068391,3.8266665638281,0.5105
"10256",10,54,34,"SGP50",2.67303838222312,3.39060062334711,0.527
"10257",10,54,35,"SGP50",2.1734960668254,3.18624307363534,0.4245
"10258",10,54,36,"SGP50",1.98684011770182,3.0056659339781,0.602
"10259",10,54,37,"SGP50",3.27298728290428,3.14297871454854,0.191
"10260",10,54,38,"SGP50",1.63824462494228,2.88440139759968,0.506
"10261",10,55,1,"BMA",3.17653550832564,3.31655448615631,0.777
"10262",10,55,2,"BMA",3.54607007286582,3.32079978834344,0.7885
"10263",10,55,3,"BMA",2.71291657197805,3.21487148544687,0.715
"10264",10,55,4,"BMA",7.88555807856842,4.16464898894458,0.9205
"10265",10,55,5,"BMA",3.88298552417901,3.510718029173,0.748
"10266",10,55,6,"BMA",2.39470008544521,3.27961979945357,0.4685
"10267",10,55,7,"BMA",2.52298080634037,3.21361122436823,0.3905
"10268",10,55,8,"BMA",2.90179759291514,3.11195120428145,0.663
"10269",10,55,9,"BMA",16.9588151033585,7.03545297831017,0.9975
"10270",10,55,10,"BMA",6.00171630693117,3.83433108946695,0.7705
"10271",10,55,11,"BMA",13.1514226044475,4.77340693789149,0.963
"10272",10,55,12,"BMA",3.19007804280415,3.46695184259965,0.5155
"10273",10,55,13,"BMA",2.23475263576048,3.12640577622178,0.436
"10274",10,55,14,"BMA",3.31529274638127,3.35142360382557,0.255
"10275",10,55,15,"BMA",2.60507527133502,3.00663476182642,0.701
"10276",10,55,16,"BMA",2.32154720184407,2.86648828969899,0.6865
"10277",10,55,17,"BMA",3.49670556961137,3.25444347434601,0.181
"10278",10,55,18,"BMA",2.11464688848655,2.99179945121864,0.71
"10279",10,55,19,"BMA",16.3001552489433,7.92727299443551,5e-04
"10280",10,55,20,"BMA",12.829618139068,4.85414195881689,0.0285
"10281",10,55,21,"BMA",2.36363344838981,3.12355611940386,0.596
"10282",10,55,22,"BMA",2.26646790820398,3.18039258509903,0.3905
"10283",10,55,23,"BMA",4.69989126958773,3.56552491264245,0.1775
"10284",10,55,24,"BMA",2.09162413458224,3.04751217806643,0.4865
"10285",10,55,25,"BMA",3.96057664474048,3.47030449904176,0.1925
"10286",10,55,26,"BMA",2.25059000065423,3.05722531192603,0.3915
"10287",10,55,27,"BMA",1.98970730969728,2.97384616878543,0.5395
"10288",10,55,28,"BMA",2.4686271104826,3.16417442018287,0.347
"10289",10,55,29,"BMA",1.93204077220716,2.95819964507977,0.484
"10290",10,55,30,"BMA",5.28848993761296,3.61586294019381,0.1285
"10291",10,55,31,"BMA",2.67394267975191,3.20818193841732,0.2995
"10292",10,55,32,"BMA",2.22458340152864,3.05882207664049,0.3455
"10293",10,55,33,"BMA",1.91727657937741,2.99372996098179,0.439
"10294",10,55,34,"BMA",2.74901879158114,3.11718465088968,0.291
"10295",10,55,35,"BMA",2.86015891306788,3.16743714011148,0.243
"10296",10,55,36,"BMA",3.9434787177086,3.31005352770912,0.1695
"10297",10,55,37,"BMA",5.31655817063969,3.53399246458373,0.1325
"10298",10,55,38,"BMA",2.04723143534986,3.01008824425486,0.6445
"10299",10,55,1,"AVS",3.17653550832564,3.33142808430906,0.7755
"10300",10,55,2,"AVS",2.15435750766748,3.05899931421219,0.643
"10301",10,55,3,"AVS",2.10437474315365,3.13946285783876,0.623
"10302",10,55,4,"AVS",7.81134531631826,4.15113244241029,0.9305
"10303",10,55,5,"AVS",4.96775689256579,3.5550072998087,0.8255
"10304",10,55,6,"AVS",2.40163622611341,3.24055274609047,0.5575
"10305",10,55,7,"AVS",2.34193918565816,3.18715446237929,0.4345
"10306",10,55,8,"AVS",3.33472068709567,3.3092967940822,0.706
"10307",10,55,9,"AVS",18.4369336701164,6.57318187728729,0.9955
"10308",10,55,10,"AVS",3.90485860944981,3.28234578203413,0.1535
"10309",10,55,11,"AVS",6.90595452786784,4.10497781276366,0.9495
"10310",10,55,12,"AVS",3.41721783420816,3.19902907355497,0.167
"10311",10,55,13,"AVS",2.23878251630193,2.93409845627083,0.291
"10312",10,55,14,"AVS",4.24841433022593,3.35800261595005,0.1195
"10313",10,55,15,"AVS",1.82332675451538,2.85857725272721,0.6525
"10314",10,55,16,"AVS",2.00764198258184,2.7832354702317,0.6665
"10315",10,55,17,"AVS",3.60754264359123,3.22265518925949,0.152
"10316",10,55,18,"AVS",2.03594417788662,2.91086102102472,0.717
"10317",10,55,19,"AVS",16.4410408720599,8.51691736985315,0
"10318",10,55,20,"AVS",16.3399161035689,6.55236274011541,0.004
"10319",10,55,21,"AVS",1.95003391107495,3.01578507473308,0.467
"10320",10,55,22,"AVS",3.65325918940198,3.25765426720898,0.228
"10321",10,55,23,"AVS",7.44530985398493,4.06419306518671,0.077
"10322",10,55,24,"AVS",2.0636377727366,3.09154432729924,0.554
"10323",10,55,25,"AVS",3.71056735409634,3.36718105989496,0.2105
"10324",10,55,26,"AVS",1.97607006570726,3.0029976715177,0.4745
"10325",10,55,27,"AVS",2.19218368865457,3.04229097963181,0.652
"10326",10,55,28,"AVS",2.11561482084862,3.03552903992281,0.383
"10327",10,55,29,"AVS",1.88862040439647,3.01302174023942,0.5805
"10328",10,55,30,"AVS",4.28215623981593,3.41539417786283,0.1695
"10329",10,55,31,"AVS",1.76325221442292,2.95170907201794,0.436
"10330",10,55,32,"AVS",1.71806265683031,2.89228365512993,0.509
"10331",10,55,33,"AVS",1.68893029919558,2.90696397058125,0.5585
"10332",10,55,34,"AVS",1.93881285424145,2.92939943956368,0.3655
"10333",10,55,35,"AVS",1.91112411445258,2.91835970377118,0.398
"10334",10,55,36,"AVS",2.59766564916813,3.04674327555218,0.2705
"10335",10,55,37,"AVS",3.52520903557027,3.22822887712585,0.195
"10336",10,55,38,"AVS",2.32586705330212,2.96893662951849,0.7275
"10337",10,55,1,"EQW",3.17653550832564,3.27005617070787,0.757
"10338",10,55,2,"EQW",4.02365389030941,3.41680130668171,0.82
"10339",10,55,3,"EQW",3.2118970350533,3.3285868134185,0.7645
"10340",10,55,4,"EQW",7.91157853130068,4.27132828007287,0.9315
"10341",10,55,5,"EQW",2.68763780280536,3.12790626766633,0.6825
"10342",10,55,6,"EQW",2.13038639813979,3.14845557978497,0.4645
"10343",10,55,7,"EQW",2.36940026707253,3.06733080073027,0.3685
"10344",10,55,8,"EQW",2.55252663180472,3.0225674467983,0.699
"10345",10,55,9,"EQW",16.6139976592728,6.80072873889003,0.995
"10346",10,55,10,"EQW",3.36804675281141,3.58501216812772,0.6
"10347",10,55,11,"EQW",11.8159840735527,4.83263174975751,0.9735
"10348",10,55,12,"EQW",3.5964979533922,3.51028120362845,0.6015
"10349",10,55,13,"EQW",3.30563929284617,3.37401230403831,0.6255
"10350",10,55,14,"EQW",2.70523456420465,3.3489249587441,0.519
"10351",10,55,15,"EQW",5.67556380678354,3.56850659021085,0.836
"10352",10,55,16,"EQW",7.67143342594675,3.73816032085751,0.876
"10353",10,55,17,"EQW",4.35611617948794,3.68326221666721,0.642
"10354",10,55,18,"EQW",8.4424931263873,3.87399778064664,0.8795
"10355",10,55,19,"EQW",5.03295321111998,3.9702562696029,0.374
"10356",10,55,20,"EQW",8.2398923335431,4.09982289972536,0.1195
"10357",10,55,21,"EQW",2.39774856129973,3.22575974090588,0.5635
"10358",10,55,22,"EQW",2.5815390165369,3.33026442182846,0.495
"10359",10,55,23,"EQW",3.57818939218977,3.5478901760969,0.317
"10360",10,55,24,"EQW",2.97845817259678,3.28956024422985,0.655
"10361",10,55,25,"EQW",2.59891427639422,3.3820270799376,0.416
"10362",10,55,26,"EQW",2.42747634053061,3.21742683071176,0.587
"10363",10,55,27,"EQW",3.75749275032181,3.38352831406414,0.7275
"10364",10,55,28,"EQW",2.91180011232092,3.37996732594067,0.614
"10365",10,55,29,"EQW",3.83082107896261,3.38841187136344,0.701
"10366",10,55,30,"EQW",2.92532398569602,3.41898535080083,0.439
"10367",10,55,31,"EQW",2.35145473100455,3.23823830295212,0.531
"10368",10,55,32,"EQW",2.3035801459842,3.18722315390989,0.6005
"10369",10,55,33,"EQW",2.44202618482358,3.16284006905872,0.5975
"10370",10,55,34,"EQW",2.16836832064634,3.18452664920479,0.4845
"10371",10,55,35,"EQW",2.07718274391633,3.09333295917581,0.419
"10372",10,55,36,"EQW",2.95688356590644,3.21064069303782,0.2575
"10373",10,55,37,"EQW",6.00817862119237,3.82353571385924,0.1045
"10374",10,55,38,"EQW",3.0826347977969,3.22208069074411,0.314
"10375",10,55,1,"SGP",3.17653550832564,3.33907786906426,0.795
"10376",10,55,2,"SGP",4.86976269425494,3.60455766178901,0.894
"10377",10,55,3,"SGP",4.1941133742183,3.32142526809242,0.876
"10378",10,55,4,"SGP",9.49856009725667,5.36037131767149,0.9805
"10379",10,55,5,"SGP",1.61044465752705,2.72587903590597,0.6225
"10380",10,55,6,"SGP",1.82433791399456,2.79988838166744,0.2965
"10381",10,55,7,"SGP",2.77582327001602,2.97222677509358,0.162
"10382",10,55,8,"SGP",1.24799661409234,2.51583190587331,0.5685
"10383",10,55,9,"SGP",13.5073406367444,7.51602497962623,0.9995
"10384",10,55,10,"SGP",3.84926907387516,3.25389198500519,0.1705
"10385",10,55,11,"SGP",7.03263692468257,4.15211952107759,0.952
"10386",10,55,12,"SGP",3.31837116496184,3.19510122235685,0.2015
"10387",10,55,13,"SGP",2.20141853197379,3.00286865376819,0.2965
"10388",10,55,14,"SGP",4.15285468502609,3.35716398234832,0.131
"10389",10,55,15,"SGP",1.86725084607258,2.83580303798037,0.648
"10390",10,55,16,"SGP",2.05956337594361,2.81070359006966,0.6605
"10391",10,55,17,"SGP",3.53906531685017,3.2179724417244,0.174
"10392",10,55,18,"SGP",2.08204233662119,2.88470698443467,0.6895
"10393",10,55,19,"SGP",16.215219698628,7.72402760886276,0.0055
"10394",10,55,20,"SGP",16.1942223009756,6.54993253537202,0.0035
"10395",10,55,21,"SGP",1.95402548680838,3.04595493801672,0.444
"10396",10,55,22,"SGP",3.6508447785733,3.24423140870482,0.2465
"10397",10,55,23,"SGP",7.60566875804821,4.06152053842228,0.0725
"10398",10,55,24,"SGP",2.35647429550457,3.0266529903194,0.6535
"10399",10,55,25,"SGP",2.77228885393957,3.15157461291029,0.2815
"10400",10,55,26,"SGP",1.93432887872195,3.06241575386142,0.5285
"10401",10,55,27,"SGP",2.46629062763003,3.03046965089184,0.683
"10402",10,55,28,"SGP",1.88570400839765,3.03581016839297,0.4095
"10403",10,55,29,"SGP",1.95734737767028,3.0143931928002,0.619
"10404",10,55,30,"SGP",3.83269163032971,3.4127061220022,0.1805
"10405",10,55,31,"SGP",1.73490334461053,2.91399433614389,0.4485
"10406",10,55,32,"SGP",1.71886425006257,2.91777719350836,0.5025
"10407",10,55,33,"SGP",1.69316975066643,2.93545666250711,0.5515
"10408",10,55,34,"SGP",1.94150529665782,2.9078162696489,0.3545
"10409",10,55,35,"SGP",1.92069203221028,2.91301289782951,0.378
"10410",10,55,36,"SGP",2.61643142651535,3.10662034298126,0.287
"10411",10,55,37,"SGP",3.56460521083256,3.23671432270954,0.1795
"10412",10,55,38,"SGP",2.29729718389285,2.95833404456212,0.733
"10413",10,55,1,"SGP50",3.17653550832564,3.21889797100575,0.788
"10414",10,55,2,"SGP50",4.05140282474523,3.45475064280623,0.826
"10415",10,55,3,"SGP50",3.24863574068594,3.30070712550598,0.7675
"10416",10,55,4,"SGP50",8.0084670218273,4.40494394534284,0.935
"10417",10,55,5,"SGP50",2.66626884601639,3.08148685542657,0.6785
"10418",10,55,6,"SGP50",2.08125869509125,3.04331497572788,0.454
"10419",10,55,7,"SGP50",2.32362543129935,3.06550780611126,0.3395
"10420",10,55,8,"SGP50",2.44527288616122,2.99772702647354,0.677
"10421",10,55,9,"SGP50",16.2493735514918,6.81309536136289,0.9945
"10422",10,55,10,"SGP50",3.0411880002944,3.49400147189397,0.5415
"10423",10,55,11,"SGP50",11.002583057705,4.51594735266821,0.9625
"10424",10,55,12,"SGP50",3.0130390108041,3.31937339635877,0.551
"10425",10,55,13,"SGP50",2.69753410543757,3.2272852207122,0.5585
"10426",10,55,14,"SGP50",2.57648339445683,3.2648497175783,0.3905
"10427",10,55,15,"SGP50",4.39119324234709,3.37471978821682,0.797
"10428",10,55,16,"SGP50",5.43943986126632,3.43581557457999,0.8265
"10429",10,55,17,"SGP50",2.92175156368682,3.38668298477006,0.4725
"10430",10,55,18,"SGP50",5.39647629631454,3.39913126626053,0.824
"10431",10,55,19,"SGP50",8.34719676493871,4.41490345564285,0.197
"10432",10,55,20,"SGP50",10.7077828831496,4.52094490910106,0.0705
"10433",10,55,21,"SGP50",2.19370936877098,3.19708141838063,0.57
"10434",10,55,22,"SGP50",2.56981886184988,3.31023165566911,0.416
"10435",10,55,23,"SGP50",4.66455576912707,3.64570428705384,0.2405
"10436",10,55,24,"SGP50",2.54576159360557,3.17548075082457,0.637
"10437",10,55,25,"SGP50",2.78315897621515,3.33770856787448,0.363
"10438",10,55,26,"SGP50",2.13094755533725,3.09793187128139,0.54
"10439",10,55,27,"SGP50",2.82951540963302,3.24645731912879,0.6555
"10440",10,55,28,"SGP50",2.25658289240909,3.25019701796324,0.5055
"10441",10,55,29,"SGP50",2.60606256674719,3.08643511935643,0.633
"10442",10,55,30,"SGP50",3.43162672723463,3.46077654991074,0.2905
"10443",10,55,31,"SGP50",2.08865791516463,3.08345800928526,0.4455
"10444",10,55,32,"SGP50",1.97049983480179,3.04955340163699,0.494
"10445",10,55,33,"SGP50",1.95452056082328,3.06414319290657,0.5555
"10446",10,55,34,"SGP50",2.14563202221153,3.01962210622957,0.368
"10447",10,55,35,"SGP50",2.24626767627484,3.1268250724926,0.3745
"10448",10,55,36,"SGP50",3.24436401156578,3.27700820351457,0.236
"10449",10,55,37,"SGP50",5.34569336944822,3.58458266512949,0.1255
"10450",10,55,38,"SGP50",2.18660941999153,3.15117332711589,0.4445
"10451",10,56,1,"BMA",3.94770998327112,3.71721428482162,0.8075
"10452",10,56,2,"BMA",1.87127748846868,2.78617050986487,0.362
"10453",10,56,3,"BMA",2.16484441940616,2.69546013279267,0.202
"10454",10,56,4,"BMA",0.88056487285462,2.1719705311709,0.4755
"10455",10,56,5,"BMA",0.872143791886852,2.08055790923241,0.633
"10456",10,56,6,"BMA",1.18820196366811,2.28590764752431,0.739
"10457",10,56,7,"BMA",6.29990839355515,5.45024517367868,0.993
"10458",10,56,8,"BMA",1.64645460277176,2.60892369720684,0.2625
"10459",10,56,9,"BMA",9.8274365234894,6.08729508562261,0.9965
"10460",10,56,10,"BMA",6.40620508860691,3.79981770994141,0.932
"10461",10,56,11,"BMA",6.89671449318733,4.18432587705701,0.9635
"10462",10,56,12,"BMA",2.12013725297546,2.91999702896218,0.7105
"10463",10,56,13,"BMA",9.79065123342694,5.13121592278475,0.9805
"10464",10,56,14,"BMA",2.21231487027323,2.96775778469799,0.668
"10465",10,56,15,"BMA",8.35726108111882,4.43674705621808,0.05
"10466",10,56,16,"BMA",6.69879990365443,4.10904571171862,0.919
"10467",10,56,17,"BMA",2.26531424846378,3.0512850763822,0.3695
"10468",10,56,18,"BMA",3.73171400195774,3.39428418727068,0.1845
"10469",10,56,19,"BMA",1.7850307221524,2.92756718827543,0.56
"10470",10,56,20,"BMA",3.26938123541562,3.23317876061264,0.227
"10471",10,56,21,"BMA",4.04677163200787,3.36331404474951,0.154
"10472",10,56,22,"BMA",1.74590162869156,2.89683668950081,0.4335
"10473",10,56,23,"BMA",3.4551852451215,3.24381809128157,0.191
"10474",10,56,24,"BMA",8.45513907045808,4.53625705312065,0.973
"10475",10,56,25,"BMA",1.84132843879142,3.01322200502648,0.5445
"10476",10,56,26,"BMA",1.86768610347034,2.82729673294258,0.6525
"10477",10,56,27,"BMA",1.50396768549505,2.75477830157059,0.576
"10478",10,56,28,"BMA",1.56454446051173,2.8033549435649,0.5735
"10479",10,56,29,"BMA",7.99279505295048,4.33808457612147,0.041
"10480",10,56,30,"BMA",2.05160896102584,2.85428700701303,0.317
"10481",10,56,31,"BMA",7.72540457508002,4.26962069258513,0.9705
"10482",10,56,32,"BMA",2.01620262006497,2.88024132709208,0.3185
"10483",10,56,33,"BMA",1.50974295962968,2.75314946211174,0.4405
"10484",10,56,34,"BMA",5.20822040496883,3.5928078632839,0.083
"10485",10,56,35,"BMA",5.98425754671731,3.72254204639649,0.0615
"10486",10,56,36,"BMA",2.11479148773968,3.02277710935313,0.6975
"10487",10,56,37,"BMA",8.51158015443584,4.57389468830395,0.038
"10488",10,56,38,"BMA",1.86925975305388,2.87442877311746,0.399
"10489",10,56,1,"AVS",3.94770998327112,3.6697105192432,0.8075
"10490",10,56,2,"AVS",2.02302035102869,2.74271712708918,0.313
"10491",10,56,3,"AVS",1.79051744661455,2.54929091991576,0.1955
"10492",10,56,4,"AVS",0.776797049593118,2.0965358954313,0.5045
"10493",10,56,5,"AVS",0.866185521652546,2.06967060969076,0.621
"10494",10,56,6,"AVS",1.19061421475867,2.28232409003792,0.7455
"10495",10,56,7,"AVS",6.33095464150336,5.81608968227835,0.997
"10496",10,56,8,"AVS",1.81583589654151,2.58098093163366,0.206
"10497",10,56,9,"AVS",9.84903406199227,7.90020138873126,1
"10498",10,56,10,"AVS",3.97803119767336,3.35880681933585,0.8945
"10499",10,56,11,"AVS",6.3816657246565,4.08774938487202,0.9695
"10500",10,56,12,"AVS",1.71020377642126,2.73526227571675,0.703
"10501",10,56,13,"AVS",9.4102699460292,5.54918541270018,0.9915
"10502",10,56,14,"AVS",1.48568883091972,2.70112290404122,0.3735
"10503",10,56,15,"AVS",15.7810141276877,6.28780884570145,0.005
"10504",10,56,16,"AVS",7.04689848268558,4.1488662756648,0.9505
"10505",10,56,17,"AVS",2.99562048476185,3.07047706411959,0.2295
"10506",10,56,18,"AVS",4.4644639767064,3.36430438909775,0.1355
"10507",10,56,19,"AVS",1.50445718194155,2.78261264514265,0.568
"10508",10,56,20,"AVS",3.64235327527236,3.22593170766344,0.177
"10509",10,56,21,"AVS",4.3025400804732,3.3651551382889,0.125
"10510",10,56,22,"AVS",1.78691693496242,2.77914828072469,0.3835
"10511",10,56,23,"AVS",4.36081421232034,3.37228368161165,0.1355
"10512",10,56,24,"AVS",7.43646869414758,4.1852858612621,0.9555
"10513",10,56,25,"AVS",1.42503289439001,2.82755203185545,0.4365
"10514",10,56,26,"AVS",1.6890833639325,2.84614409120275,0.634
"10515",10,56,27,"AVS",1.47398648842389,2.76308018153167,0.5835
"10516",10,56,28,"AVS",1.55891501151965,2.82469870270761,0.5855
"10517",10,56,29,"AVS",7.99970288126548,4.32624172707069,0.04
"10518",10,56,30,"AVS",2.05310119694975,2.90593870781124,0.3065
"10519",10,56,31,"AVS",7.72415863309186,4.21623120127455,0.9605
"10520",10,56,32,"AVS",2.02141903305305,2.92225335866234,0.3255
"10521",10,56,33,"AVS",1.50928004164463,2.80129177804818,0.446
"10522",10,56,34,"AVS",5.21516464371502,3.52882768766329,0.0925
"10523",10,56,35,"AVS",5.9855527282754,3.75112375577925,0.0665
"10524",10,56,36,"AVS",2.12005928365539,2.98550574486572,0.6805
"10525",10,56,37,"AVS",8.50570789760974,4.6760782129142,0.029
"10526",10,56,38,"AVS",1.86205067656063,2.93241936085804,0.372
"10527",10,56,1,"EQW",3.94770998327112,3.70561258643418,0.8245
"10528",10,56,2,"EQW",1.70652152997255,2.7129407878592,0.388
"10529",10,56,3,"EQW",2.83227015272543,2.89943303038838,0.189
"10530",10,56,4,"EQW",1.51781994750606,2.59356982607815,0.416
"10531",10,56,5,"EQW",1.17995630629806,2.46096919354313,0.533
"10532",10,56,6,"EQW",1.57865088171575,2.56929996531692,0.6855
"10533",10,56,7,"EQW",6.57311446143702,4.55490650213067,0.9595
"10534",10,56,8,"EQW",1.84343867450502,2.96033775308981,0.4255
"10535",10,56,9,"EQW",10.4106398807384,5.64569328398049,0.981
"10536",10,56,10,"EQW",6.1229511987612,3.59895833420329,0.8925
"10537",10,56,11,"EQW",8.03035224947262,3.95681036842667,0.9415
"10538",10,56,12,"EQW",3.52712611135717,3.12011540966758,0.745
"10539",10,56,13,"EQW",10.3435664128625,4.66471760438698,0.9505
"10540",10,56,14,"EQW",3.51198380655762,3.26195278377363,0.6465
"10541",10,56,15,"EQW",6.9851969702133,4.23062663401787,0.2055
"10542",10,56,16,"EQW",5.94887299331448,3.81134474619627,0.8595
"10543",10,56,17,"EQW",2.78457236961993,3.33968151391262,0.372
"10544",10,56,18,"EQW",4.01564820271992,3.61657429013294,0.2245
"10545",10,56,19,"EQW",2.00074247857239,3.0559209083461,0.5055
"10546",10,56,20,"EQW",3.46329463470945,3.39251531015073,0.2485
"10547",10,56,21,"EQW",3.98268271888241,3.36881565456065,0.202
"10548",10,56,22,"EQW",1.99651416577575,3.05629767733676,0.429
"10549",10,56,23,"EQW",3.42768716263205,3.29399922044572,0.217
"10550",10,56,24,"EQW",7.69651372576976,4.3652095785182,0.932
"10551",10,56,25,"EQW",3.19884021583081,3.27922294504742,0.687
"10552",10,56,26,"EQW",4.28783460189211,3.35688934866561,0.778
"10553",10,56,27,"EQW",4.27648444714849,3.25798339779865,0.7705
"10554",10,56,28,"EQW",4.42029584180586,3.34697634471666,0.7625
"10555",10,56,29,"EQW",3.62150929456055,3.72069996904745,0.3535
"10556",10,56,30,"EQW",1.96678371556848,3.04124785412008,0.459
"10557",10,56,31,"EQW",9.25483069602621,4.40359419283037,0.9665
"10558",10,56,32,"EQW",3.23020757130755,3.38416367980719,0.628
"10559",10,56,33,"EQW",3.23301134300825,3.27805795735257,0.665
"10560",10,56,34,"EQW",2.91746719288421,3.42961831166701,0.3865
"10561",10,56,35,"EQW",4.06416818617162,3.65212049356985,0.233
"10562",10,56,36,"EQW",2.28290433134799,3.01733547523912,0.6385
"10563",10,56,37,"EQW",6.34666371647274,3.95824141915141,0.134
"10564",10,56,38,"EQW",2.51353332258434,3.20223968259297,0.3635
"10565",10,56,1,"SGP",3.94770998327112,3.68255579135668,0.8005
"10566",10,56,2,"SGP",1.08148111989381,2.37807665079748,0.4175
"10567",10,56,3,"SGP",1.84190852112487,2.57509556353882,0.1935
"10568",10,56,4,"SGP",0.812940539291291,2.16742784286297,0.487
"10569",10,56,5,"SGP",0.865085163282758,2.10095905618232,0.614
"10570",10,56,6,"SGP",1.19490822206474,2.28207133857163,0.7485
"10571",10,56,7,"SGP",6.31510060073411,5.49471817266092,0.993
"10572",10,56,8,"SGP",1.95070697145855,2.635538253111,0.215
"10573",10,56,9,"SGP",9.87465800138039,6.96798070182076,0.999
"10574",10,56,10,"SGP",3.72846545634821,3.33663164501603,0.876
"10575",10,56,11,"SGP",5.9040325148086,3.89925396258068,0.961
"10576",10,56,12,"SGP",1.38764372027665,2.61805954759931,0.6035
"10577",10,56,13,"SGP",8.24877210062484,4.92333860853346,0.992
"10578",10,56,14,"SGP",1.5823258899345,2.65060443761888,0.3325
"10579",10,56,15,"SGP",17.4943710409537,7.25918819262464,0.0035
"10580",10,56,16,"SGP",6.43977175310308,3.85909452706915,0.9205
"10581",10,56,17,"SGP",4.65918275537594,3.40760764043104,0.107
"10582",10,56,18,"SGP",5.49190583572745,3.61300183520742,0.083
"10583",10,56,19,"SGP",1.49503498879524,2.79644440483581,0.517
"10584",10,56,20,"SGP",4.09274310776717,3.41106456325775,0.1365
"10585",10,56,21,"SGP",4.29951140781295,3.36281278882588,0.15
"10586",10,56,22,"SGP",1.77647486811342,2.94754410576911,0.4005
"10587",10,56,23,"SGP",4.33219917051924,3.374389193347,0.132
"10588",10,56,24,"SGP",7.46794892041667,4.20068071905071,0.9585
"10589",10,56,25,"SGP",1.45592082943579,2.76831599935254,0.434
"10590",10,56,26,"SGP",1.71716626123451,2.76493943519168,0.622
"10591",10,56,27,"SGP",1.4851025818277,2.68208162723234,0.5725
"10592",10,56,28,"SGP",1.58008341137874,2.76743218288642,0.594
"10593",10,56,29,"SGP",7.90807857198898,4.38125733369796,0.0435
"10594",10,56,30,"SGP",2.03678632934514,2.81864189231558,0.322
"10595",10,56,31,"SGP",7.74615809289845,4.16626989688292,0.956
"10596",10,56,32,"SGP",2.02050146446148,2.79292888830644,0.361
"10597",10,56,33,"SGP",1.52493591123834,2.83338067517697,0.453
"10598",10,56,34,"SGP",5.16474782760091,3.6052649517155,0.096
"10599",10,56,35,"SGP",5.94155572752782,3.70616993257588,0.0685
"10600",10,56,36,"SGP",2.0904468466039,2.98553636005794,0.6625
"10601",10,56,37,"SGP",8.53881466190259,4.53550461346848,0.0305
"10602",10,56,38,"SGP",1.8076776669696,2.88493751519874,0.393
"10603",10,56,1,"SGP50",3.94770998327112,3.72370633958498,0.8225
"10604",10,56,2,"SGP50",1.65047607854879,2.63502086446682,0.3875
"10605",10,56,3,"SGP50",2.67808271036178,2.87323081538704,0.1895
"10606",10,56,4,"SGP50",1.36624432342841,2.47929683379649,0.4165
"10607",10,56,5,"SGP50",1.09046282352396,2.34387014781611,0.559
"10608",10,56,6,"SGP50",1.43699309784563,2.49732816748363,0.707
"10609",10,56,7,"SGP50",6.35255321839671,4.80258546244614,0.9715
"10610",10,56,8,"SGP50",1.75580011326688,2.88796506044835,0.3635
"10611",10,56,9,"SGP50",10.1517531994814,5.88659203521541,0.9805
"10612",10,56,10,"SGP50",5.11257177437828,3.44281121650197,0.898
"10613",10,56,11,"SGP50",6.91649873574686,3.90570414812737,0.9525
"10614",10,56,12,"SGP50",2.43935580737564,2.93301719770104,0.6875
"10615",10,56,13,"SGP50",9.34800348461653,4.84044900789031,0.9705
"10616",10,56,14,"SGP50",2.21055794323607,2.98253485156231,0.576
"10617",10,56,15,"SGP50",9.09718904823422,4.43905796517239,0.113
"10618",10,56,16,"SGP50",5.76922962491043,3.7408618486004,0.895
"10619",10,56,17,"SGP50",3.02339100910218,3.2182480485282,0.2745
"10620",10,56,18,"SGP50",4.51900648766877,3.49886432866287,0.1775
"10621",10,56,19,"SGP50",1.72557205291611,2.91921045029013,0.521
"10622",10,56,20,"SGP50",3.80538128490625,3.37557957128121,0.182
"10623",10,56,21,"SGP50",4.09439751586654,3.44128116588593,0.1695
"10624",10,56,22,"SGP50",1.82018806070899,2.95304092295542,0.39
"10625",10,56,23,"SGP50",3.72756767752759,3.29572949240655,0.19
"10626",10,56,24,"SGP50",7.8241652543751,4.39919309651339,0.947
"10627",10,56,25,"SGP50",2.12764457955201,3.04120902914965,0.586
"10628",10,56,26,"SGP50",2.77449831421942,3.0908780932061,0.713
"10629",10,56,27,"SGP50",2.48540058262939,3.02157061365033,0.663
"10630",10,56,28,"SGP50",2.50799811433119,3.05941712333836,0.6865
"10631",10,56,29,"SGP50",5.41943927346691,3.82515205241379,0.1795
"10632",10,56,30,"SGP50",1.90145326843003,2.91889094262555,0.3675
"10633",10,56,31,"SGP50",8.17753234874285,4.29100076107694,0.962
"10634",10,56,32,"SGP50",2.03803929024533,3.07928870265055,0.4445
"10635",10,56,33,"SGP50",1.86598824606508,2.97644417242572,0.534
"10636",10,56,34,"SGP50",3.8714968824524,3.48297842138132,0.2005
"10637",10,56,35,"SGP50",5.28796221182236,3.71687627751212,0.1095
"10638",10,56,36,"SGP50",1.95046541134882,3.01200523524853,0.638
"10639",10,56,37,"SGP50",8.09892864037477,4.42937617813791,0.0515
"10640",10,56,38,"SGP50",2.16608824154465,2.97649988912149,0.378
"10641",10,57,1,"BMA",0.554665778519864,1.70244670974223,0.504
"10642",10,57,2,"BMA",0.57931110870539,1.67638627740681,0.6785
"10643",10,57,3,"BMA",0.94082698729801,1.80599951111064,0.1615
"10644",10,57,4,"BMA",0.654776364966211,1.57778974572378,0.7775
"10645",10,57,5,"BMA",1.11719935940918,2.3193375200263,0.896
"10646",10,57,6,"BMA",0.984145982009585,1.88021451818935,0.1475
"10647",10,57,7,"BMA",0.717730726411555,1.57984078662933,0.201
"10648",10,57,8,"BMA",3.33058985559281,5.1391831804436,0.0035
"10649",10,57,9,"BMA",0.746293582952331,2.02046145437117,0.4095
"10650",10,57,10,"BMA",0.943483867289761,1.85581672948401,0.2255
"10651",10,57,11,"BMA",1.30511469381407,2.0973997824378,0.0915
"10652",10,57,12,"BMA",0.407425447994639,1.50785245845873,0.457
"10653",10,57,13,"BMA",2.14670605264426,2.81056652962016,0.0295
"10654",10,57,14,"BMA",0.200408957175465,-0.0739038040400272,0.5005
"10655",10,57,15,"BMA",0.1973883564829,-0.289263158113002,0.5305
"10656",10,57,16,"BMA",0.214651052451483,-0.0555845260580228,0.49
"10657",10,57,17,"BMA",0.183898564068571,-0.301239748834143,0.5115
"10658",10,57,18,"BMA",0.195733076190454,-0.104080236613591,0.47
"10659",10,57,19,"BMA",0.151574538172356,-0.338126001951167,0.4545
"10660",10,57,20,"BMA",0.112903101570745,-0.631527754511367,0.3
"10661",10,57,21,"BMA",0.0396811413164898,-2.47449005607882,0.083
"10662",10,57,22,"BMA",0.0104695043116738,-4.50259055920022,0.002
"10663",10,57,23,"BMA",0.00571693149754425,-6.11414932800246,0
"10664",10,57,24,"BMA",0.00514754472182151,-7.72525725604747,0
"10665",10,57,25,"BMA",0.00207014606667663,-10.1597095522252,0
"10666",10,57,26,"BMA",0.000965692091569485,-11.6795094250973,0
"10667",10,57,27,"BMA",0.00138686917259185,-12.4167651650654,0
"10668",10,57,28,"BMA",0.00197641135989866,-14.0172827728593,0.001
"10669",10,57,29,"BMA",0.00222520975797511,-16.0954249910409,0
"10670",10,57,30,"BMA",0.000501254229306664,-16.305474939707,0
"10671",10,57,31,"BMA",0.00140144108935247,-18.2953305476086,0
"10672",10,57,32,"BMA",0.000269553087367078,-18.6582885728606,5e-04
"10673",10,57,33,"BMA",0.000667035347979114,-18.0855567277114,0
"10674",10,57,34,"BMA",0.00124344327499026,-15.8160653997576,0
"10675",10,57,35,"BMA",0.00111787836148175,-14.8371634505373,0
"10676",10,57,36,"BMA",0.00167374455926421,-12.168132902162,0.001
"10677",10,57,37,"BMA",0.00181569725641761,-13.2772125780908,5e-04
"10678",10,57,38,"BMA",0.00408563993758448,-11.9204032577437,0
"10679",10,57,1,"AVS",0.554665778519864,1.7270142459487,0.497
"10680",10,57,2,"AVS",0.585412130443548,1.66854361394327,0.6915
"10681",10,57,3,"AVS",0.959356022836616,1.9129837066877,0.166
"10682",10,57,4,"AVS",0.67227395678498,1.61234883766951,0.7535
"10683",10,57,5,"AVS",1.04172772838593,2.13037715901072,0.851
"10684",10,57,6,"AVS",1.05968507170569,1.93987623101961,0.1425
"10685",10,57,7,"AVS",0.755613458148246,1.67051941734305,0.2155
"10686",10,57,8,"AVS",3.25120539991369,4.36525497239323,0.0065
"10687",10,57,9,"AVS",1.10399503554909,2.23308944656691,0.2575
"10688",10,57,10,"AVS",1.17882089498934,2.00630673599032,0.1855
"10689",10,57,11,"AVS",1.26364044431729,2.0326989705513,0.134
"10690",10,57,12,"AVS",0.398847334850628,1.54496563230049,0.4595
"10691",10,57,13,"AVS",2.10057555229037,2.57689118311262,0.0425
"10692",10,57,14,"AVS",0.203055967097649,-0.121902025723611,0.505
"10693",10,57,15,"AVS",0.196088508303391,-0.298060603298187,0.5315
"10694",10,57,16,"AVS",0.212708127510416,-0.181685814330734,0.5
"10695",10,57,17,"AVS",0.181910170203825,-0.235619493062715,0.503
"10696",10,57,18,"AVS",0.19486997722322,-0.150593137617737,0.482
"10697",10,57,19,"AVS",0.166406426756929,-0.249582084640996,0.4985
"10698",10,57,20,"AVS",0.173191467715144,-0.172338698092011,0.4745
"10699",10,57,21,"AVS",0.165377381835555,-0.299762700985379,0.4885
"10700",10,57,22,"AVS",0.162829003126857,-0.408947811025343,0.4865
"10701",10,57,23,"AVS",0.178814442191383,-0.345295328141247,0.4765
"10702",10,57,24,"AVS",0.15325828915051,-0.495988184717486,0.476
"10703",10,57,25,"AVS",0.142944926662264,-0.429895390987625,0.474
"10704",10,57,26,"AVS",0.128533340516096,-0.637707615048416,0.4825
"10705",10,57,27,"AVS",0.138063288755135,-0.481883303924047,0.432
"10706",10,57,28,"AVS",0.136719970603882,-0.509452272763762,0.432
"10707",10,57,29,"AVS",0.115419894183579,-0.626816222165817,0.443
"10708",10,57,30,"AVS",0.119007608586914,-0.594598129071698,0.4435
"10709",10,57,31,"AVS",0.102272307505678,-0.741849134117849,0.419
"10710",10,57,32,"AVS",0.0948994677581592,-0.878665931411024,0.423
"10711",10,57,33,"AVS",0.0842625477445676,-0.966324339026791,0.413
"10712",10,57,34,"AVS",0.0875074678610974,-0.99017846770073,0.3935
"10713",10,57,35,"AVS",0.0789158194200292,-1.25724125593463,0.3595
"10714",10,57,36,"AVS",0.0767034753366193,-1.28830198782967,0.373
"10715",10,57,37,"AVS",0.0680074229481111,-1.32208347243767,0.3645
"10716",10,57,38,"AVS",0.060167479781238,-1.33238503711856,0.344
"10717",10,57,1,"EQW",0.554665778519864,1.71701435743936,0.5015
"10718",10,57,2,"EQW",0.596480056530052,1.76604503179156,0.6405
"10719",10,57,3,"EQW",1.15508359747284,2.04850902943697,0.1475
"10720",10,57,4,"EQW",0.687301700032596,1.90822221383663,0.672
"10721",10,57,5,"EQW",0.794483296042551,2.02547310719219,0.7345
"10722",10,57,6,"EQW",1.40784966188396,2.22694518402443,0.1305
"10723",10,57,7,"EQW",0.770969414390849,1.76413134992796,0.2485
"10724",10,57,8,"EQW",2.92462548391253,3.58908452889352,0.02
"10725",10,57,9,"EQW",0.974320001461513,2.06281686848073,0.3015
"10726",10,57,10,"EQW",1.35498599828895,2.15628261348636,0.162
"10727",10,57,11,"EQW",1.51814069495179,2.24248792426293,0.095
"10728",10,57,12,"EQW",0.524275148105435,1.57239765880162,0.328
"10729",10,57,13,"EQW",2.47106953270606,3.17832805104695,0.02
"10730",10,57,14,"EQW",0.343655075565648,0.407406713561189,0.229
"10731",10,57,15,"EQW",0.20765980034835,-0.255958123925976,0.2575
"10732",10,57,16,"EQW",0.16522428246057,-0.381160137677985,0.2635
"10733",10,57,17,"EQW",0.118795420936802,-0.765436314168386,0.242
"10734",10,57,18,"EQW",0.108424753514967,-0.920233934693057,0.2525
"10735",10,57,19,"EQW",0.0928321381147345,-1.01444633693343,0.2435
"10736",10,57,20,"EQW",0.0897556184382381,-1.03917464049988,0.248
"10737",10,57,21,"EQW",0.0772810783323061,-1.24351419945128,0.255
"10738",10,57,22,"EQW",0.069163014198572,-1.30051397881458,0.245
"10739",10,57,23,"EQW",0.0751475843448782,-1.3619034382543,0.2625
"10740",10,57,24,"EQW",0.065435298866902,-1.47287762809281,0.2565
"10741",10,57,25,"EQW",0.0635803178402832,-1.55175253379669,0.2555
"10742",10,57,26,"EQW",0.0575079653202595,-1.50476091197562,0.2555
"10743",10,57,27,"EQW",0.0605259863377893,-1.77420249200022,0.259
"10744",10,57,28,"EQW",0.0594554177679742,-1.48827098300233,0.249
"10745",10,57,29,"EQW",0.0542009365085567,-1.66428589307836,0.2565
"10746",10,57,30,"EQW",0.0556046544429458,-1.74718856493969,0.246
"10747",10,57,31,"EQW",0.0440530989421845,-2.16436614190546,0.292
"10748",10,57,32,"EQW",0.0395202776225726,-2.22527368673752,0.2895
"10749",10,57,33,"EQW",0.0381802684113506,-2.24903137981967,0.2875
"10750",10,57,34,"EQW",0.0428793008790987,-2.07648988997023,0.262
"10751",10,57,35,"EQW",0.0426569633468133,-2.1789783962033,0.28
"10752",10,57,36,"EQW",0.043424041081648,-2.09462296032963,0.29
"10753",10,57,37,"EQW",0.0412298627955542,-2.14118462228316,0.287
"10754",10,57,38,"EQW",0.0381468780377079,-2.08101990265613,0.276
"10755",10,57,1,"SGP",0.554665778519864,1.69743465587114,0.5005
"10756",10,57,2,"SGP",0.580736608696573,1.59451762457086,0.6835
"10757",10,57,3,"SGP",0.955463333628863,1.86019439173118,0.1525
"10758",10,57,4,"SGP",0.719372435641077,1.69884006334251,0.7805
"10759",10,57,5,"SGP",1.00378109473569,2.06229167816823,0.872
"10760",10,57,6,"SGP",1.03697069987515,1.93748629296356,0.1315
"10761",10,57,7,"SGP",0.645600169437649,1.59369058893068,0.2175
"10762",10,57,8,"SGP",3.17822995763768,4.43928413013856,0.006
"10763",10,57,9,"SGP",1.39470259224297,2.34625121350969,0.1865
"10764",10,57,10,"SGP",2.07779206311393,2.69309989300428,0.075
"10765",10,57,11,"SGP",1.26730878685264,2.0830796068957,0.118
"10766",10,57,12,"SGP",0.413292083384808,1.51401586862908,0.494
"10767",10,57,13,"SGP",2.13721841074498,2.50416419373324,0.048
"10768",10,57,14,"SGP",0.212070102433901,-0.0600972401836473,0.4555
"10769",10,57,15,"SGP",0.194939603765467,-0.216502149058479,0.483
"10770",10,57,16,"SGP",0.19606384684021,-0.26283649050179,0.4845
"10771",10,57,17,"SGP",0.170266244422739,-0.278048604791739,0.47
"10772",10,57,18,"SGP",0.176376198207659,-0.151099905131887,0.4515
"10773",10,57,19,"SGP",0.171035995844958,-0.390927508265527,0.472
"10774",10,57,20,"SGP",0.168660169396457,-0.319880712346609,0.4615
"10775",10,57,21,"SGP",0.156321419096335,-0.356116055767724,0.4615
"10776",10,57,22,"SGP",0.147544121742252,-0.40918027613684,0.4565
"10777",10,57,23,"SGP",0.158841342300302,-0.250861865774515,0.4205
"10778",10,57,24,"SGP",0.133167715616777,-0.485282166337489,0.4615
"10779",10,57,25,"SGP",0.139487746793108,-0.635535415877082,0.4645
"10780",10,57,26,"SGP",0.126776641931481,-0.515906179087343,0.468
"10781",10,57,27,"SGP",0.131763436188911,-0.445692412924832,0.443
"10782",10,57,28,"SGP",0.125657534740978,-0.602320189357653,0.4295
"10783",10,57,29,"SGP",0.112656463927782,-0.684756345468087,0.453
"10784",10,57,30,"SGP",0.111740957091186,-0.675901961702749,0.414
"10785",10,57,31,"SGP",0.0776521850082185,-1.12051071229291,0.4745
"10786",10,57,32,"SGP",0.0631325032830405,-1.40026875044741,0.474
"10787",10,57,33,"SGP",0.0597577871548769,-1.31088368399392,0.4495
"10788",10,57,34,"SGP",0.0628771025537027,-1.5283666367613,0.4195
"10789",10,57,35,"SGP",0.0621448094714697,-1.60317530465437,0.417
"10790",10,57,36,"SGP",0.0567045575463284,-1.56400331292911,0.394
"10791",10,57,37,"SGP",0.0533868674754568,-1.54707897267001,0.3525
"10792",10,57,38,"SGP",0.0434301474228114,-1.94166140432984,0.3595
"10793",10,57,1,"SGP50",0.554665778519864,1.70787041783405,0.5045
"10794",10,57,2,"SGP50",0.595399185042583,1.78129652712778,0.642
"10795",10,57,3,"SGP50",1.14335104988494,1.99762759722072,0.162
"10796",10,57,4,"SGP50",0.689084244231335,1.86974797072123,0.68
"10797",10,57,5,"SGP50",0.800889692502902,1.94382314606666,0.733
"10798",10,57,6,"SGP50",1.38982112030874,2.15967945515626,0.135
"10799",10,57,7,"SGP50",0.751884229289335,1.78781751977473,0.262
"10800",10,57,8,"SGP50",2.91804783689096,3.53619014232548,0.0185
"10801",10,57,9,"SGP50",0.974318596449798,2.09770937004684,0.282
"10802",10,57,10,"SGP50",1.37515139629209,2.20921857959461,0.157
"10803",10,57,11,"SGP50",1.50387872031146,2.21099048298121,0.085
"10804",10,57,12,"SGP50",0.512709956347821,1.5720445621715,0.3655
"10805",10,57,13,"SGP50",2.44864369961981,3.26420453953428,0.018
"10806",10,57,14,"SGP50",0.330537449832725,0.361141559074209,0.267
"10807",10,57,15,"SGP50",0.204462014449766,-0.204897283385441,0.2675
"10808",10,57,16,"SGP50",0.166409917574238,-0.453182683093063,0.267
"10809",10,57,17,"SGP50",0.121636260125264,-0.776209455093113,0.275
"10810",10,57,18,"SGP50",0.11249473815392,-0.843288237418953,0.2685
"10811",10,57,19,"SGP50",0.0970495915384379,-0.852127384431856,0.279
"10812",10,57,20,"SGP50",0.0941961686484599,-1.02817439270699,0.2765
"10813",10,57,21,"SGP50",0.0816876899809838,-1.19790556603827,0.267
"10814",10,57,22,"SGP50",0.0733370153517321,-1.4500563654495,0.269
"10815",10,57,23,"SGP50",0.079472025085388,-1.16824093594474,0.234
"10816",10,57,24,"SGP50",0.0689329119487035,-1.27684646457459,0.27
"10817",10,57,25,"SGP50",0.0670963870279354,-1.5368494562705,0.269
"10818",10,57,26,"SGP50",0.0606112626263958,-1.48912503495131,0.2595
"10819",10,57,27,"SGP50",0.0634806389203324,-1.65401465872319,0.292
"10820",10,57,28,"SGP50",0.0621156418154433,-1.50269515115679,0.254
"10821",10,57,29,"SGP50",0.0563419507163379,-1.62906052822534,0.2555
"10822",10,57,30,"SGP50",0.0576985599980345,-1.78025183359541,0.251
"10823",10,57,31,"SGP50",0.0454596099028662,-2.10213923955744,0.288
"10824",10,57,32,"SGP50",0.04058868240058,-2.32515959632309,0.2845
"10825",10,57,33,"SGP50",0.0391688261746091,-2.12085959725438,0.2845
"10826",10,57,34,"SGP50",0.043780325309697,-2.62542126281524,0.2825
"10827",10,57,35,"SGP50",0.0435189981538599,-1.99499089698849,0.291
"10828",10,57,36,"SGP50",0.0440492294300369,-1.79412997172286,0.274
"10829",10,57,37,"SGP50",0.041816699722005,-2.4986288732498,0.278
"10830",10,57,38,"SGP50",0.0385159309756286,-2.04964656258385,0.292
"10831",10,58,1,"BMA",1.53979039961316,2.39023166686198,0.233
"10832",10,58,2,"BMA",1.79272581035767,2.45909205163039,0.0995
"10833",10,58,3,"BMA",1.1711919642051,2.36703982133068,0.813
"10834",10,58,4,"BMA",0.63058254828639,1.76968341795017,0.663
"10835",10,58,5,"BMA",0.632225233223654,1.73528419816235,0.689
"10836",10,58,6,"BMA",2.06652173303665,2.80105492189154,0.9465
"10837",10,58,7,"BMA",1.07164319061416,2.12272876892933,0.1965
"10838",10,58,8,"BMA",0.663877480418748,1.76134756983881,0.295
"10839",10,58,9,"BMA",1.26636877791996,2.17103417300238,0.1295
"10840",10,58,10,"BMA",1.0851761359036,2.10587085101023,0.8195
"10841",10,58,11,"BMA",0.47055629421,1.6215043657612,0.493
"10842",10,58,12,"BMA",2.06165868822058,2.83388704518012,0.9485
"10843",10,58,13,"BMA",0.485278524046355,1.67057108481018,0.4815
"10844",10,58,14,"BMA",0.670944962372316,1.7164563047044,0.316
"10845",10,58,15,"BMA",0.654056800634358,1.73340394334405,0.271
"10846",10,58,16,"BMA",0.612631355869803,1.59578171935728,0.307
"10847",10,58,17,"BMA",0.612889894355714,1.70497833078971,0.702
"10848",10,58,18,"BMA",0.413345823355972,1.56448414952187,0.504
"10849",10,58,19,"BMA",0.387909863616507,1.47061274205907,0.476
"10850",10,58,20,"BMA",0.395700869005932,1.55049033779741,0.4905
"10851",10,58,21,"BMA",0.636703491364382,1.57851393774399,0.2625
"10852",10,58,22,"BMA",3.1027993603326,4.5091342887323,0.995
"10853",10,58,23,"BMA",0.586943565558078,1.58020234719669,0.3255
"10854",10,58,24,"BMA",0.408537259472308,1.55574549601387,0.5095
"10855",10,58,25,"BMA",0.610615852940136,1.51114653791092,0.316
"10856",10,58,26,"BMA",2.10853338352418,3.00614735561096,0.0315
"10857",10,58,27,"BMA",0.632076238475961,1.70386085696295,0.261
"10858",10,58,28,"BMA",1.21872915880024,2.223142066567,0.8725
"10859",10,58,29,"BMA",0.615556809910489,1.56316883169438,0.7165
"10860",10,58,30,"BMA",0.615805327782884,1.61681853515821,0.2865
"10861",10,58,31,"BMA",0.420333657195731,1.50164185026476,0.5305
"10862",10,58,32,"BMA",0.394646120799291,1.52018235987072,0.4905
"10863",10,58,33,"BMA",0.578697763916965,1.59650918428883,0.7485
"10864",10,58,34,"BMA",0.607424169174164,1.66950059851473,0.726
"10865",10,58,35,"BMA",1.28361786442469,2.17634457092097,0.8975
"10866",10,58,36,"BMA",0.600621860235598,1.61554860889042,0.276
"10867",10,58,37,"BMA",2.11195417720366,3.20446666841407,0.969
"10868",10,58,38,"BMA",0.638730294538904,1.62649354470802,0.2755
"10869",10,58,1,"AVS",1.53979039961316,2.36452742919175,0.21
"10870",10,58,2,"AVS",1.50818848048205,2.29809379370999,0.15
"10871",10,58,3,"AVS",1.29773142370137,2.34906424518579,0.873
"10872",10,58,4,"AVS",0.644879174769828,1.72143371970983,0.6985
"10873",10,58,5,"AVS",0.634148471590347,1.62381340200174,0.7015
"10874",10,58,6,"AVS",2.09145376429139,2.97285931188794,0.959
"10875",10,58,7,"AVS",1.08034096073051,2.07173934333924,0.1965
"10876",10,58,8,"AVS",0.638817113124375,1.79327530821793,0.319
"10877",10,58,9,"AVS",1.26678242895789,2.22320456080139,0.1295
"10878",10,58,10,"AVS",1.05548370108257,2.04988804167531,0.8145
"10879",10,58,11,"AVS",0.456247910432937,1.57689585563688,0.477
"10880",10,58,12,"AVS",2.05839507908146,2.74752225904154,0.9485
"10881",10,58,13,"AVS",0.497077413250976,1.68489624358353,0.523
"10882",10,58,14,"AVS",0.591326645828942,1.67265754329632,0.3595
"10883",10,58,15,"AVS",0.586953031929725,1.67751765376659,0.323
"10884",10,58,16,"AVS",0.602909689152641,1.59731830836275,0.315
"10885",10,58,17,"AVS",0.602455126632391,1.68118147089232,0.6995
"10886",10,58,18,"AVS",0.406599467306856,1.47333198589882,0.526
"10887",10,58,19,"AVS",0.385937417956497,1.45647257623838,0.513
"10888",10,58,20,"AVS",0.395835565632043,1.44508831400166,0.495
"10889",10,58,21,"AVS",0.578936369851753,1.54456114579696,0.288
"10890",10,58,22,"AVS",3.04888465781445,4.54977200760368,0.9925
"10891",10,58,23,"AVS",0.462929954603407,1.59879910310238,0.4505
"10892",10,58,24,"AVS",0.459372239939728,1.50238741662879,0.596
"10893",10,58,25,"AVS",0.479904435586789,1.46685984540192,0.3835
"10894",10,58,26,"AVS",1.90166097174559,2.79156440716202,0.0445
"10895",10,58,27,"AVS",0.854771125436466,1.76516002037174,0.1925
"10896",10,58,28,"AVS",0.861423729675791,1.7793129049613,0.8175
"10897",10,58,29,"AVS",0.536601428451391,1.488307426501,0.684
"10898",10,58,30,"AVS",0.577563717158871,1.5645193044551,0.285
"10899",10,58,31,"AVS",0.386446915767435,1.44687482584479,0.441
"10900",10,58,32,"AVS",0.39491017935561,1.45539618391816,0.447
"10901",10,58,33,"AVS",0.526026626426628,1.52087094923002,0.692
"10902",10,58,34,"AVS",0.621724081290398,1.63610741004574,0.737
"10903",10,58,35,"AVS",1.62839522364319,2.49928397915072,0.9435
"10904",10,58,36,"AVS",0.420697090985035,1.48711811100672,0.4235
"10905",10,58,37,"AVS",2.60665654858795,3.65203144874428,0.985
"10906",10,58,38,"AVS",0.466041893049644,1.55104716865121,0.4135
"10907",10,58,1,"EQW",1.53979039961316,2.31185916130217,0.224
"10908",10,58,2,"EQW",2.17099985313874,2.4614843265512,0.1105
"10909",10,58,3,"EQW",1.00953708657204,2.61270535843434,0.5845
"10910",10,58,4,"EQW",0.706017088885086,1.94715889502721,0.5245
"10911",10,58,5,"EQW",0.691625971339473,1.91886618383584,0.5875
"10912",10,58,6,"EQW",1.78914230620888,2.72048460210137,0.849
"10913",10,58,7,"EQW",0.890357895823442,2.0443342874545,0.3365
"10914",10,58,8,"EQW",0.791211088060329,1.91559260607417,0.3315
"10915",10,58,9,"EQW",1.51419081821486,2.30921842306247,0.1535
"10916",10,58,10,"EQW",0.747655364377576,2.06564480404026,0.6235
"10917",10,58,11,"EQW",0.579434922815801,1.8413766256134,0.493
"10918",10,58,12,"EQW",1.90020813307382,2.65429916579497,0.8915
"10919",10,58,13,"EQW",0.844158053130978,2.05134114882137,0.672
"10920",10,58,14,"EQW",0.617460588944117,1.89908058487071,0.493
"10921",10,58,15,"EQW",0.605547478699007,1.81241226831983,0.3975
"10922",10,58,16,"EQW",0.711783447426761,1.82050820284873,0.3305
"10923",10,58,17,"EQW",0.624014300757959,1.85465591404933,0.597
"10924",10,58,18,"EQW",0.521402273762145,1.72343288150672,0.559
"10925",10,58,19,"EQW",0.511408742773225,1.68154391054828,0.5495
"10926",10,58,20,"EQW",0.497634549817239,1.69703970621994,0.532
"10927",10,58,21,"EQW",0.602494875108711,1.64898619876735,0.352
"10928",10,58,22,"EQW",2.72035123327412,3.55516692761235,0.948
"10929",10,58,23,"EQW",0.689017553282885,1.86781356242166,0.603
"10930",10,58,24,"EQW",0.712953021903428,1.804088661573,0.6845
"10931",10,58,25,"EQW",0.515742049754563,1.68717561935176,0.498
"10932",10,58,26,"EQW",1.66977767607209,2.47605554288327,0.0995
"10933",10,58,27,"EQW",1.22277541279173,2.00823320218155,0.1755
"10934",10,58,28,"EQW",0.618568776433679,1.84870153605271,0.6465
"10935",10,58,29,"EQW",0.624553706438504,1.74131338693535,0.6945
"10936",10,58,30,"EQW",0.543182588111477,1.71085788430133,0.381
"10937",10,58,31,"EQW",0.467479408915443,1.62559435108374,0.495
"10938",10,58,32,"EQW",0.449727385703276,1.63328938620747,0.4815
"10939",10,58,33,"EQW",0.665216704153397,1.70090657503963,0.6935
"10940",10,58,34,"EQW",0.892405298497049,1.8651870350619,0.7775
"10941",10,58,35,"EQW",2.00209009789054,2.7082363929774,0.933
"10942",10,58,36,"EQW",0.731778492635566,1.87891098908382,0.633
"10943",10,58,37,"EQW",3.09491617222975,3.67161643386682,0.9785
"10944",10,58,38,"EQW",1.01403724850705,2.05069378816145,0.682
"10945",10,58,1,"SGP",1.53979039961316,2.38220964802184,0.234
"10946",10,58,2,"SGP",1.63286825938213,2.37921134173622,0.1295
"10947",10,58,3,"SGP",1.262951698208,2.6594365513756,0.824
"10948",10,58,4,"SGP",0.621198328559852,1.86748328510359,0.669
"10949",10,58,5,"SGP",0.642461057603486,1.72022730484369,0.69
"10950",10,58,6,"SGP",2.06773127659291,2.79491482983995,0.945
"10951",10,58,7,"SGP",0.933236490229212,1.91539083845592,0.2405
"10952",10,58,8,"SGP",0.60787614432054,1.74269033016669,0.3145
"10953",10,58,9,"SGP",1.29121401940116,2.13769892719786,0.1345
"10954",10,58,10,"SGP",0.895182922645968,1.85301726610089,0.772
"10955",10,58,11,"SGP",0.439869542553045,1.594376264064,0.4815
"10956",10,58,12,"SGP",2.04994716462499,2.84017866371599,0.947
"10957",10,58,13,"SGP",0.545207316408577,1.72244127343389,0.6275
"10958",10,58,14,"SGP",0.48123742900551,1.6601819411417,0.4255
"10959",10,58,15,"SGP",0.5126308082275,1.55195497710134,0.346
"10960",10,58,16,"SGP",0.596042375505551,1.56618441631364,0.313
"10961",10,58,17,"SGP",0.58340492013802,1.63803661492284,0.6905
"10962",10,58,18,"SGP",0.404829048549489,1.49045364950999,0.504
"10963",10,58,19,"SGP",0.383471880542884,1.41023487243899,0.52
"10964",10,58,20,"SGP",0.387504329560866,1.43091963421408,0.515
"10965",10,58,21,"SGP",0.543992313518956,1.52728185643674,0.2825
"10966",10,58,22,"SGP",3.00355453754757,4.47467007063422,0.9905
"10967",10,58,23,"SGP",0.42259972896429,1.52013817506311,0.5265
"10968",10,58,24,"SGP",0.528148161751635,1.64297643010965,0.6715
"10969",10,58,25,"SGP",0.419386254463477,1.43883679505255,0.4355
"10970",10,58,26,"SGP",1.78643126935887,2.7119851742498,0.046
"10971",10,58,27,"SGP",0.975593114681202,1.89473961347185,0.1755
"10972",10,58,28,"SGP",0.65884808124356,1.65549309149679,0.7585
"10973",10,58,29,"SGP",0.517801526287707,1.51527783834779,0.6945
"10974",10,58,30,"SGP",0.567760781081022,1.5623021410825,0.3065
"10975",10,58,31,"SGP",0.376421650313496,1.45130770782038,0.438
"10976",10,58,32,"SGP",0.402165418834239,1.38246371015832,0.448
"10977",10,58,33,"SGP",0.517595605944055,1.525375196701,0.6865
"10978",10,58,34,"SGP",0.640637076600749,1.62760260751856,0.743
"10979",10,58,35,"SGP",1.75096174802052,2.58604847171226,0.941
"10980",10,58,36,"SGP",0.389619596721906,1.5076637123355,0.51
"10981",10,58,37,"SGP",2.8730891150356,4.06766283076198,0.9905
"10982",10,58,38,"SGP",0.445333278495059,1.52825031535745,0.5785
"10983",10,58,1,"SGP50",1.53979039961316,2.346754960525,0.2225
"10984",10,58,2,"SGP50",2.14686110235821,2.53433987936576,0.1125
"10985",10,58,3,"SGP50",1.00542088350479,2.52053519701993,0.5945
"10986",10,58,4,"SGP50",0.688944147078457,2.01959775377695,0.532
"10987",10,58,5,"SGP50",0.680673353059546,1.96877837543757,0.6175
"10988",10,58,6,"SGP50",1.81990081443671,2.73787563434369,0.8595
"10989",10,58,7,"SGP50",0.880140570245314,2.11112471772094,0.339
"10990",10,58,8,"SGP50",0.762192137543317,1.88743534021079,0.3365
"10991",10,58,9,"SGP50",1.47947486765195,2.23919185517643,0.1495
"10992",10,58,10,"SGP50",0.751288755830756,2.00535694356872,0.6305
"10993",10,58,11,"SGP50",0.556995704008615,1.75245113552755,0.486
"10994",10,58,12,"SGP50",1.9123788550721,2.66938695306024,0.888
"10995",10,58,13,"SGP50",0.790200265157568,1.95401771443913,0.648
"10996",10,58,14,"SGP50",0.593794269602674,1.77405110342313,0.4715
"10997",10,58,15,"SGP50",0.587540677259374,1.78232102794427,0.379
"10998",10,58,16,"SGP50",0.685531603927969,1.75364563415086,0.3295
"10999",10,58,17,"SGP50",0.612790457601839,1.81749545993904,0.6105
"11000",10,58,18,"SGP50",0.499283227461388,1.72749723900956,0.5525
"11001",10,58,19,"SGP50",0.486440739077675,1.59527265028827,0.5215
"11002",10,58,20,"SGP50",0.477145099122599,1.60453829243146,0.5445
"11003",10,58,21,"SGP50",0.590683718785943,1.64414647922496,0.3445
"11004",10,58,22,"SGP50",2.77517192804914,3.53177692900006,0.9625
"11005",10,58,23,"SGP50",0.629431838753442,1.90058067166008,0.595
"11006",10,58,24,"SGP50",0.669034747200279,1.83679209485437,0.662
"11007",10,58,25,"SGP50",0.497374249714365,1.65124602437802,0.4365
"11008",10,58,26,"SGP50",1.69150053913224,2.48911233800542,0.091
"11009",10,58,27,"SGP50",1.14331474456374,1.96337077741006,0.196
"11010",10,58,28,"SGP50",0.637412979549066,1.77375329979563,0.6645
"11011",10,58,29,"SGP50",0.604512656065695,1.6839347534549,0.683
"11012",10,58,30,"SGP50",0.545694771331239,1.66317955492596,0.3765
"11013",10,58,31,"SGP50",0.452429232377443,1.57913515838991,0.493
"11014",10,58,32,"SGP50",0.43621301158267,1.56139080707707,0.4795
"11015",10,58,33,"SGP50",0.634423068568346,1.73788740434031,0.6975
"11016",10,58,34,"SGP50",0.830402822331859,1.79136922048851,0.7605
"11017",10,58,35,"SGP50",1.90673276477836,2.67244740751612,0.924
"11018",10,58,36,"SGP50",0.638772370562681,1.84259384690991,0.614
"11019",10,58,37,"SGP50",2.98780858388613,3.54616610097116,0.9775
"11020",10,58,38,"SGP50",0.854321651146565,1.93564540779488,0.651
"11021",10,59,1,"BMA",2.63758783984904,3.18265181297132,0.705
"11022",10,59,2,"BMA",1.60338288251304,2.80729324931057,0.6415
"11023",10,59,3,"BMA",1.33059555956937,2.53206588174042,0.661
"11024",10,59,4,"BMA",0.97912810328128,2.32339182595438,0.463
"11025",10,59,5,"BMA",6.04988512782741,4.8944464712139,0.978
"11026",10,59,6,"BMA",7.97796649086975,4.48268647590941,0.958
"11027",10,59,7,"BMA",9.44438323596976,4.67423311957689,0.9675
"11028",10,59,8,"BMA",3.49018279862543,3.36180819896334,0.7
"11029",10,59,9,"BMA",2.54723259988203,3.20630757526841,0.622
"11030",10,59,10,"BMA",3.74276135403884,3.3098273275573,0.7535
"11031",10,59,11,"BMA",3.12963882626851,3.0485910134167,0.7425
"11032",10,59,12,"BMA",3.60284270409251,3.77005728634478,0.2605
"11033",10,59,13,"BMA",3.24249231682392,3.27766627831838,0.728
"11034",10,59,14,"BMA",4.14851011909825,3.2497355811437,0.769
"11035",10,59,15,"BMA",2.71168576585043,3.4300105204991,0.3825
"11036",10,59,16,"BMA",3.2224313469862,3.52649649923401,0.328
"11037",10,59,17,"BMA",3.55931843823882,3.18363661535913,0.7465
"11038",10,59,18,"BMA",2.50656594579269,3.19844384119794,0.3145
"11039",10,59,19,"BMA",2.3656139717116,3.12050653298979,0.355
"11040",10,59,20,"BMA",8.70967587299189,4.26982213775692,0.0515
"11041",10,59,21,"BMA",2.00427925814976,3.09829213885544,0.608
"11042",10,59,22,"BMA",1.91558757941821,3.04113858075669,0.6105
"11043",10,59,23,"BMA",2.86183861992488,3.13366345972137,0.7505
"11044",10,59,24,"BMA",1.68040948200207,2.78150578568527,0.403
"11045",10,59,25,"BMA",8.28378295802789,4.74932675920853,0.0135
"11046",10,59,26,"BMA",2.10007455152244,2.89604994277674,0.2485
"11047",10,59,27,"BMA",1.56074652823857,2.51603193336493,0.694
"11048",10,59,28,"BMA",1.18538820516256,2.40857744409394,0.614
"11049",10,59,29,"BMA",0.93539935332841,2.30466420168196,0.5615
"11050",10,59,30,"BMA",1.09713522030397,2.37801225272372,0.6495
"11051",10,59,31,"BMA",6.4629140532629,5.19669325369995,0.0055
"11052",10,59,32,"BMA",3.75465093793201,3.40659124573922,0.0455
"11053",10,59,33,"BMA",3.11875059638367,3.05064373794448,0.066
"11054",10,59,34,"BMA",2.17985932122915,2.64568788574539,0.121
"11055",10,59,35,"BMA",1.60194337459035,2.29700094051022,0.174
"11056",10,59,36,"BMA",0.906008022053969,1.95997097457279,0.3015
"11057",10,59,37,"BMA",0.644508037493255,1.83700661119402,0.3975
"11058",10,59,38,"BMA",0.777378013587239,1.81285538417613,0.272
"11059",10,59,1,"AVS",2.63758783984904,3.18341927758037,0.6895
"11060",10,59,2,"AVS",1.57890935386538,2.69303066750637,0.7195
"11061",10,59,3,"AVS",1.61543707108403,2.54303775858004,0.736
"11062",10,59,4,"AVS",1.00716454580322,2.31526335488017,0.6
"11063",10,59,5,"AVS",6.98945259078284,5.56554747909139,0.995
"11064",10,59,6,"AVS",7.92152338233518,4.71980447055187,0.9655
"11065",10,59,7,"AVS",7.55771180946614,4.44191599818444,0.952
"11066",10,59,8,"AVS",3.1082445109672,3.42345952976164,0.167
"11067",10,59,9,"AVS",1.35552601483558,2.61298095972623,0.593
"11068",10,59,10,"AVS",1.98529243690901,2.65306401520697,0.767
"11069",10,59,11,"AVS",0.966846013821667,2.34516571492607,0.4925
"11070",10,59,12,"AVS",6.8988798917211,4.81891083441576,0.013
"11071",10,59,13,"AVS",3.05605263307372,3.10922363986127,0.862
"11072",10,59,14,"AVS",0.997991332128135,2.39320986726696,0.5195
"11073",10,59,15,"AVS",4.86308590419127,4.14604316619101,0.037
"11074",10,59,16,"AVS",8.00604570686061,5.66082199008247,0.006
"11075",10,59,17,"AVS",3.53035355581104,3.2387480907407,0.885
"11076",10,59,18,"AVS",5.98172281615764,4.41995284294585,0.0705
"11077",10,59,19,"AVS",2.36784888858311,3.11073714093622,0.373
"11078",10,59,20,"AVS",8.28188439120666,4.24040687989394,0.0615
"11079",10,59,21,"AVS",2.30043659604872,3.1262958080932,0.655
"11080",10,59,22,"AVS",2.13233219548924,2.98422508214305,0.693
"11081",10,59,23,"AVS",3.38311493073553,3.15481976128299,0.798
"11082",10,59,24,"AVS",1.3955701841836,2.67885519585207,0.489
"11083",10,59,25,"AVS",8.03498952403082,4.80367694025718,0.0135
"11084",10,59,26,"AVS",2.0384335460665,2.74594066612049,0.292
"11085",10,59,27,"AVS",1.6195544971668,2.65330593769242,0.7035
"11086",10,59,28,"AVS",1.21180108415859,2.46183287528333,0.627
"11087",10,59,29,"AVS",0.930515471765526,2.22887377699284,0.576
"11088",10,59,30,"AVS",1.10023727148839,2.24148102615803,0.6425
"11089",10,59,31,"AVS",6.47236797707851,5.42510935614201,0.004
"11090",10,59,32,"AVS",3.7174713390171,3.57627639389416,0.0475
"11091",10,59,33,"AVS",3.06897271591231,3.09372266387827,0.0565
"11092",10,59,34,"AVS",2.14958052035146,2.60322377324717,0.096
"11093",10,59,35,"AVS",1.55791367230704,2.3376324761878,0.154
"11094",10,59,36,"AVS",0.883102223123532,1.8810744865776,0.283
"11095",10,59,37,"AVS",0.637034881476327,1.86935616703198,0.3855
"11096",10,59,38,"AVS",0.760803774814196,1.83951262692318,0.259
"11097",10,59,1,"EQW",2.63758783984904,3.22262755953557,0.69
"11098",10,59,2,"EQW",1.65776731598224,2.79807324780393,0.649
"11099",10,59,3,"EQW",1.17440596577042,2.47224668363397,0.53
"11100",10,59,4,"EQW",1.29201219862325,2.53015316462585,0.37
"11101",10,59,5,"EQW",4.76115689745316,4.02210675611572,0.912
"11102",10,59,6,"EQW",7.47103982694878,4.46593721120741,0.9605
"11103",10,59,7,"EQW",8.62099363994484,4.61276508893357,0.975
"11104",10,59,8,"EQW",3.2206522768402,3.44153609523056,0.625
"11105",10,59,9,"EQW",3.07084253644347,3.05252548193919,0.7265
"11106",10,59,10,"EQW",4.53900773813256,3.3917079533463,0.853
"11107",10,59,11,"EQW",4.08535831089763,3.23666745152849,0.779
"11108",10,59,12,"EQW",2.47578244326198,3.37226584214194,0.45
"11109",10,59,13,"EQW",3.22577399189757,3.18866615089567,0.752
"11110",10,59,14,"EQW",2.99335468424296,3.09444282233297,0.7275
"11111",10,59,15,"EQW",2.27937833481285,3.21873366494509,0.4195
"11112",10,59,16,"EQW",3.41922144492035,3.38606996177771,0.259
"11113",10,59,17,"EQW",2.5509051141039,3.13333545348465,0.7015
"11114",10,59,18,"EQW",3.35720656687943,3.47543480708222,0.2215
"11115",10,59,19,"EQW",1.80597490891694,2.86127287960695,0.384
"11116",10,59,20,"EQW",8.37369303184155,4.42736766313148,0.0435
"11117",10,59,21,"EQW",2.33954519820727,3.1785730069605,0.628
"11118",10,59,22,"EQW",1.63680791119117,2.88130937217341,0.45
"11119",10,59,23,"EQW",2.00528431826141,2.97921586405423,0.669
"11120",10,59,24,"EQW",2.33735709707599,2.99807334785815,0.31
"11121",10,59,25,"EQW",9.08770117617356,4.83549361973678,0.015
"11122",10,59,26,"EQW",2.04104656149585,3.09652438796454,0.446
"11123",10,59,27,"EQW",1.68027964277332,2.85549262700675,0.627
"11124",10,59,28,"EQW",1.38245462108732,2.68504360412805,0.4695
"11125",10,59,29,"EQW",1.32735042049669,2.53888144582031,0.4385
"11126",10,59,30,"EQW",1.22308244578124,2.54401270431594,0.56
"11127",10,59,31,"EQW",6.88798286215935,4.55005793064274,0.015
"11128",10,59,32,"EQW",2.14874001838771,3.1654071756981,0.3385
"11129",10,59,33,"EQW",2.05846979848804,2.93004149030208,0.267
"11130",10,59,34,"EQW",1.61034774780954,2.78782986222915,0.3175
"11131",10,59,35,"EQW",1.45000562324106,2.61984183981276,0.319
"11132",10,59,36,"EQW",1.04768684302721,2.41653494431228,0.3985
"11133",10,59,37,"EQW",0.944097982122198,2.30373947421207,0.4305
"11134",10,59,38,"EQW",1.06256665012386,2.24349584918806,0.358
"11135",10,59,1,"SGP",2.63758783984904,3.12465112416832,0.669
"11136",10,59,2,"SGP",1.72246128549848,2.58735402303062,0.7125
"11137",10,59,3,"SGP",1.45252449647452,2.44817112409346,0.7275
"11138",10,59,4,"SGP",0.918404717870979,2.26258531243956,0.5065
"11139",10,59,5,"SGP",5.90648681556122,5.01218109514722,0.987
"11140",10,59,6,"SGP",6.30268206425183,5.48704932768347,0.994
"11141",10,59,7,"SGP",6.09553138394705,4.6138084487911,0.985
"11142",10,59,8,"SGP",3.55198810352645,3.4616497404501,0.1115
"11143",10,59,9,"SGP",1.09687405327824,2.41860498728532,0.5885
"11144",10,59,10,"SGP",1.9704850372801,2.67650885519169,0.783
"11145",10,59,11,"SGP",0.982681619263015,2.37617384703785,0.515
"11146",10,59,12,"SGP",6.66675754480752,4.73481235488506,0.0305
"11147",10,59,13,"SGP",3.08272079065141,3.06519790888372,0.859
"11148",10,59,14,"SGP",0.949651370235546,2.31850215378354,0.502
"11149",10,59,15,"SGP",4.75529387133853,3.88166503622429,0.057
"11150",10,59,16,"SGP",7.88406015468958,5.91972852371771,0.0105
"11151",10,59,17,"SGP",3.50089725929505,3.1557134037734,0.9015
"11152",10,59,18,"SGP",7.12026825493675,4.94031905764459,0.0165
"11153",10,59,19,"SGP",1.03857861780214,2.43661035757215,0.5125
"11154",10,59,20,"SGP",8.88458391466951,5.34701199458655,0.0055
"11155",10,59,21,"SGP",6.95925594297372,4.28845231674388,0.973
"11156",10,59,22,"SGP",1.1868776536536,2.54908166043182,0.4695
"11157",10,59,23,"SGP",1.66321096613868,2.65938999416726,0.701
"11158",10,59,24,"SGP",3.41880122255547,3.14087368594629,0.123
"11159",10,59,25,"SGP",8.43478935892995,4.98623494612259,0.0125
"11160",10,59,26,"SGP",6.55234409035609,4.18622784936658,0.957
"11161",10,59,27,"SGP",3.48735399244256,3.21150345860466,0.845
"11162",10,59,28,"SGP",1.27744054152155,2.61881747546205,0.4485
"11163",10,59,29,"SGP",1.29053796949121,2.69611602964889,0.477
"11164",10,59,30,"SGP",1.48601932835381,2.69833022007232,0.6635
"11165",10,59,31,"SGP",6.33813794042624,3.97952817359953,0.0475
"11166",10,59,32,"SGP",3.30056676148333,3.18709182406424,0.8485
"11167",10,59,33,"SGP",1.61773445656505,2.69076206319242,0.6675
"11168",10,59,34,"SGP",1.66015175569015,2.64706906599748,0.68
"11169",10,59,35,"SGP",1.44220469618464,2.70635687131369,0.6105
"11170",10,59,36,"SGP",1.35538521867357,2.64119221883992,0.6455
"11171",10,59,37,"SGP",1.2839506780777,2.56011943891912,0.589
"11172",10,59,38,"SGP",1.16951368220407,2.57660086132584,0.486
"11173",10,59,1,"SGP50",2.63758783984904,3.15312762067059,0.6995
"11174",10,59,2,"SGP50",1.65975891475678,2.77724508233598,0.648
"11175",10,59,3,"SGP50",1.16109627962242,2.45198971275655,0.523
"11176",10,59,4,"SGP50",1.25803440407226,2.49401633711844,0.3965
"11177",10,59,5,"SGP50",4.82529903763321,4.10293481715817,0.9235
"11178",10,59,6,"SGP50",7.39821759797304,4.69486403102796,0.9705
"11179",10,59,7,"SGP50",8.37087192240586,4.54807211893912,0.974
"11180",10,59,8,"SGP50",2.92297842091538,3.38480656973313,0.5895
"11181",10,59,9,"SGP50",2.81480510210104,3.06460806263492,0.7065
"11182",10,59,10,"SGP50",4.21004487348803,3.31190038824517,0.838
"11183",10,59,11,"SGP50",3.52192186369151,3.09037751480762,0.755
"11184",10,59,12,"SGP50",2.65620345097745,3.4139866503165,0.3965
"11185",10,59,13,"SGP50",3.18289410321221,3.23012118002435,0.7865
"11186",10,59,14,"SGP50",2.53927504425034,2.92587856970439,0.6845
"11187",10,59,15,"SGP50",2.39117758358954,3.25513187622748,0.3555
"11188",10,59,16,"SGP50",4.02199959707291,3.53270072690312,0.209
"11189",10,59,17,"SGP50",2.57024824377965,3.02561175285853,0.7385
"11190",10,59,18,"SGP50",4.05719296983786,3.45712814817571,0.1835
"11191",10,59,19,"SGP50",1.6409759145719,2.79376655369195,0.397
"11192",10,59,20,"SGP50",8.70250129559546,4.53888292721767,0.0315
"11193",10,59,21,"SGP50",2.83791627193937,3.2893558613184,0.6945
"11194",10,59,22,"SGP50",1.6163721570004,2.87368051493574,0.4225
"11195",10,59,23,"SGP50",1.79526437719344,2.80187254346256,0.641
"11196",10,59,24,"SGP50",2.8608365209508,3.09377621327788,0.2175
"11197",10,59,25,"SGP50",9.2787111118153,4.92235103901406,0.0165
"11198",10,59,26,"SGP50",2.36728844671257,3.29715799247575,0.5675
"11199",10,59,27,"SGP50",1.90232217347037,2.89410636330565,0.6325
"11200",10,59,28,"SGP50",1.45209980249497,2.66076297010331,0.4285
"11201",10,59,29,"SGP50",1.39396279034263,2.66600683587577,0.4145
"11202",10,59,30,"SGP50",1.27133830408578,2.63339343190633,0.573
"11203",10,59,31,"SGP50",6.91384779443436,4.38631476633965,0.031
"11204",10,59,32,"SGP50",1.93854931596373,3.11114698935159,0.441
"11205",10,59,33,"SGP50",1.78664609802865,2.88700048708481,0.3465
"11206",10,59,34,"SGP50",1.47837601492288,2.68898767355787,0.4035
"11207",10,59,35,"SGP50",1.37307877608438,2.63746220918913,0.3565
"11208",10,59,36,"SGP50",1.05772832668797,2.47919929181008,0.422
"11209",10,59,37,"SGP50",0.985284458947791,2.28103125899631,0.474
"11210",10,59,38,"SGP50",1.08061387403164,2.37493800303363,0.364
"11211",10,60,1,"BMA",0.909482793107283,2.09689223012535,0.4615
"11212",10,60,2,"BMA",0.94557654553379,2.08251756635069,0.7415
"11213",10,60,3,"BMA",2.71657608936159,3.47976415866592,0.9345
"11214",10,60,4,"BMA",3.24492902479161,3.18623336839001,0.084
"11215",10,60,5,"BMA",3.92700753990064,3.87489889697618,0.9395
"11216",10,60,6,"BMA",5.91338615608093,4.26749900342728,0.937
"11217",10,60,7,"BMA",1.70978687265623,2.88938593086368,0.417
"11218",10,60,8,"BMA",4.09327952691227,3.31589711628154,0.1095
"11219",10,60,9,"BMA",3.65979109069412,3.14053968141542,0.0985
"11220",10,60,10,"BMA",1.07076342078786,2.42496353559645,0.449
"11221",10,60,11,"BMA",0.930464727581993,2.28050661260031,0.4835
"11222",10,60,12,"BMA",2.07047965296597,2.75770523099977,0.8125
"11223",10,60,13,"BMA",0.926246638252083,2.30171484083693,0.584
"11224",10,60,14,"BMA",0.773601942957527,2.03055793050389,0.4805
"11225",10,60,15,"BMA",1.83982058879813,2.53796026031365,0.1475
"11226",10,60,16,"BMA",0.976462181981435,2.17708236729478,0.343
"11227",10,60,17,"BMA",3.74488434126486,3.7159865979397,0.048
"11228",10,60,18,"BMA",2.33482253536132,2.73210083734375,0.167
"11229",10,60,19,"BMA",0.846721011497277,2.16542382105894,0.433
"11230",10,60,20,"BMA",0.735902401135962,2.12451983532766,0.55
"11231",10,60,21,"BMA",1.05412587656684,2.29830411495924,0.7085
"11232",10,60,22,"BMA",1.15646348860285,2.26823016076557,0.2595
"11233",10,60,23,"BMA",0.64140145649497,1.9483757451572,0.4645
"11234",10,60,24,"BMA",2.05146042243394,2.67146952637247,0.871
"11235",10,60,25,"BMA",0.689130741660532,2.02682611269415,0.4755
"11236",10,60,26,"BMA",2.66352314207092,3.13396520679846,0.9265
"11237",10,60,27,"BMA",2.33516354912823,2.87766754338407,0.878
"11238",10,60,28,"BMA",4.41604967910549,3.66824751635087,0.942
"11239",10,60,29,"BMA",1.07834240010768,2.23363311035389,0.658
"11240",10,60,30,"BMA",5.14161154278236,4.31834250727427,0.0185
"11241",10,60,31,"BMA",0.768353795336261,2.18535926210508,0.477
"11242",10,60,32,"BMA",1.21161570529101,2.23047090251474,0.2675
"11243",10,60,33,"BMA",0.805371175492533,2.09660768234948,0.594
"11244",10,60,34,"BMA",1.27511596328575,2.2491371948433,0.247
"11245",10,60,35,"BMA",0.789463449733971,2.16285331152251,0.4785
"11246",10,60,36,"BMA",1.12382289410283,2.22718496319751,0.693
"11247",10,60,37,"BMA",1.13960042080393,2.24554839582039,0.7425
"11248",10,60,38,"BMA",1.02220575774888,2.18490005340812,0.287
"11249",10,60,1,"AVS",0.909482793107283,2.17257131337715,0.467
"11250",10,60,2,"AVS",0.966261345740202,2.10169675980618,0.762
"11251",10,60,3,"AVS",2.75540033603261,3.28591184072208,0.936
"11252",10,60,4,"AVS",2.66980570984826,2.84950619945576,0.099
"11253",10,60,5,"AVS",4.25130341191989,3.91247620542604,0.9575
"11254",10,60,6,"AVS",6.85156533311197,4.5564834062271,0.9545
"11255",10,60,7,"AVS",1.73088120060145,2.88714660227171,0.4035
"11256",10,60,8,"AVS",4.00362623147837,3.21884504779724,0.097
"11257",10,60,9,"AVS",3.57817814992471,3.05365402612593,0.1075
"11258",10,60,10,"AVS",1.01417000369543,2.39807377418117,0.4825
"11259",10,60,11,"AVS",0.909170331325809,2.28754197137669,0.487
"11260",10,60,12,"AVS",1.91042809819002,2.68678575809193,0.8165
"11261",10,60,13,"AVS",0.879730448346576,2.28793559094466,0.497
"11262",10,60,14,"AVS",0.768214911365454,2.05622330678142,0.4415
"11263",10,60,15,"AVS",1.93212627566622,2.53354026649934,0.1385
"11264",10,60,16,"AVS",0.969079912775033,2.22107479747956,0.329
"11265",10,60,17,"AVS",3.7779220411161,3.6532126784863,0.0445
"11266",10,60,18,"AVS",1.96103015195372,2.62768133952582,0.213
"11267",10,60,19,"AVS",0.835380561500652,2.21815663172209,0.477
"11268",10,60,20,"AVS",0.788036657451082,2.17484799482487,0.5395
"11269",10,60,21,"AVS",0.957529898305098,2.34363971485652,0.6325
"11270",10,60,22,"AVS",1.69562173038008,2.48571937857966,0.1765
"11271",10,60,23,"AVS",0.687836421539794,2.05709290078861,0.4965
"11272",10,60,24,"AVS",1.97474936794964,2.64982897748324,0.8485
"11273",10,60,25,"AVS",1.06773755372839,2.30054866119436,0.3175
"11274",10,60,26,"AVS",2.62020877076204,2.96372976843267,0.9055
"11275",10,60,27,"AVS",1.12645809897281,2.36140625276982,0.6805
"11276",10,60,28,"AVS",2.64643883658715,2.95250788494072,0.9055
"11277",10,60,29,"AVS",0.879948673403366,2.20035985047412,0.622
"11278",10,60,30,"AVS",5.19038495118491,4.65366985881993,0.011
"11279",10,60,31,"AVS",0.776789290862687,2.22905893842821,0.4695
"11280",10,60,32,"AVS",1.22161367778379,2.35678577237108,0.263
"11281",10,60,33,"AVS",0.842870980640468,2.15886221750157,0.6195
"11282",10,60,34,"AVS",1.24347261916365,2.17706998622947,0.243
"11283",10,60,35,"AVS",0.770319927263264,2.11838003547331,0.486
"11284",10,60,36,"AVS",1.24168858848099,2.2384283860549,0.732
"11285",10,60,37,"AVS",1.15776881178834,2.20003598821386,0.751
"11286",10,60,38,"AVS",1.14177989534861,2.21547551273664,0.2705
"11287",10,60,1,"EQW",0.909482793107283,2.13799276123553,0.4535
"11288",10,60,2,"EQW",0.972971639328307,2.25011752216793,0.6415
"11289",10,60,3,"EQW",1.95513207040765,2.94363900777701,0.802
"11290",10,60,4,"EQW",2.90281526711868,2.89015510545268,0.0995
"11291",10,60,5,"EQW",3.72076901018594,3.84665580830772,0.8735
"11292",10,60,6,"EQW",5.08083445575919,3.76901303693658,0.9115
"11293",10,60,7,"EQW",1.92249618753795,2.85232643934946,0.309
"11294",10,60,8,"EQW",4.11993752402117,3.44334580140631,0.081
"11295",10,60,9,"EQW",2.72507593732494,2.92136030418414,0.166
"11296",10,60,10,"EQW",1.03653302912128,2.47176118666862,0.51
"11297",10,60,11,"EQW",0.955525512746841,2.38162496308852,0.4805
"11298",10,60,12,"EQW",2.04461773761089,2.59333614865837,0.8205
"11299",10,60,13,"EQW",1.00447370468174,2.40838159417468,0.499
"11300",10,60,14,"EQW",0.884607031600687,2.26601609351813,0.485
"11301",10,60,15,"EQW",1.5920606604067,2.62154996291091,0.239
"11302",10,60,16,"EQW",0.908903892780407,2.29624698973214,0.4905
"11303",10,60,17,"EQW",2.67442637266941,2.93302341849204,0.1355
"11304",10,60,18,"EQW",1.62312891934735,2.43714521677138,0.2545
"11305",10,60,19,"EQW",0.986244814893028,2.24723568286296,0.3815
"11306",10,60,20,"EQW",0.805814623244113,2.20653639869729,0.4545
"11307",10,60,21,"EQW",0.8933965156734,2.21320643442395,0.59
"11308",10,60,22,"EQW",1.23229040562038,2.23338494000673,0.264
"11309",10,60,23,"EQW",0.685938305140865,2.0115105247964,0.4555
"11310",10,60,24,"EQW",1.89176518027836,2.70115833765517,0.8585
"11311",10,60,25,"EQW",0.831635132914965,2.1890119694692,0.464
"11312",10,60,26,"EQW",3.09771012341672,3.25558297272899,0.928
"11313",10,60,27,"EQW",2.08667694768443,2.70483070016617,0.7735
"11314",10,60,28,"EQW",4.56986501900225,3.5052063504284,0.9525
"11315",10,60,29,"EQW",3.06500242872154,2.79905374266515,0.7905
"11316",10,60,30,"EQW",2.04122702454886,3.11737390561128,0.3785
"11317",10,60,31,"EQW",1.02608775655439,2.24095580358696,0.605
"11318",10,60,32,"EQW",0.995399396921738,2.36417005891028,0.3955
"11319",10,60,33,"EQW",0.997016741444745,2.21375855093533,0.627
"11320",10,60,34,"EQW",1.07773052188135,2.33022218814546,0.347
"11321",10,60,35,"EQW",0.830926822042635,2.23822681684863,0.4645
"11322",10,60,36,"EQW",1.20989911076434,2.28398733494293,0.701
"11323",10,60,37,"EQW",1.61452269956157,2.44522290008315,0.779
"11324",10,60,38,"EQW",0.91275676440974,2.28540314018572,0.4555
"11325",10,60,1,"SGP",0.909482793107283,2.12441657874632,0.466
"11326",10,60,2,"SGP",0.964200072290785,2.0082628814049,0.7655
"11327",10,60,3,"SGP",2.78917857456289,3.45703238922621,0.942
"11328",10,60,4,"SGP",2.08540692790549,2.59666358796247,0.1115
"11329",10,60,5,"SGP",4.78278381249696,4.97321944706158,0.986
"11330",10,60,6,"SGP",7.93419149998257,5.39941408094265,0.984
"11331",10,60,7,"SGP",2.31484893471441,2.7507569061417,0.1915
"11332",10,60,8,"SGP",4.01888507399822,3.47379339019989,0.063
"11333",10,60,9,"SGP",1.86040925389844,2.62808939491944,0.234
"11334",10,60,10,"SGP",0.90149197360161,2.31115155412365,0.494
"11335",10,60,11,"SGP",1.03170575173067,2.28238969239908,0.386
"11336",10,60,12,"SGP",1.55878192680759,2.42192474060263,0.7715
"11337",10,60,13,"SGP",1.04714474280702,2.31761485359247,0.343
"11338",10,60,14,"SGP",0.824039751249116,2.20290050642179,0.4165
"11339",10,60,15,"SGP",2.42096245054868,2.80367289673157,0.119
"11340",10,60,16,"SGP",0.925502756462653,2.20502088151951,0.3665
"11341",10,60,17,"SGP",4.42964139994313,4.02646002508398,0.031
"11342",10,60,18,"SGP",2.31237825826355,2.82851202899642,0.1285
"11343",10,60,19,"SGP",1.51310076761596,2.49300374073899,0.2345
"11344",10,60,20,"SGP",1.21847460028081,2.28969514903972,0.279
"11345",10,60,21,"SGP",0.873011105355726,2.24543582142873,0.4285
"11346",10,60,22,"SGP",1.75443572017678,2.45020124933844,0.174
"11347",10,60,23,"SGP",0.740661009911646,2.07115579705609,0.479
"11348",10,60,24,"SGP",1.82179812455159,2.51029655226687,0.83
"11349",10,60,25,"SGP",1.17406893866472,2.21501381787684,0.2865
"11350",10,60,26,"SGP",2.49033384049635,2.83945260623477,0.905
"11351",10,60,27,"SGP",0.980610994597548,2.29349375934828,0.637
"11352",10,60,28,"SGP",2.75762704047043,2.97719499665647,0.9195
"11353",10,60,29,"SGP",0.959529532997758,2.12899470869226,0.6635
"11354",10,60,30,"SGP",4.92247928827642,4.23043242473337,0.04
"11355",10,60,31,"SGP",0.765118116082687,2.08836921064676,0.4825
"11356",10,60,32,"SGP",1.21242287887776,2.3217113921389,0.257
"11357",10,60,33,"SGP",0.924491506927751,2.1326099293062,0.633
"11358",10,60,34,"SGP",1.26365877171157,2.3360298638309,0.2605
"11359",10,60,35,"SGP",0.719446777331652,2.08762582573973,0.479
"11360",10,60,36,"SGP",1.22842191642288,2.26746515755502,0.7235
"11361",10,60,37,"SGP",1.21955829111604,2.3379320400037,0.7455
"11362",10,60,38,"SGP",1.22891961936286,2.27284644363906,0.255
"11363",10,60,1,"SGP50",0.909482793107283,2.1329845364148,0.477
"11364",10,60,2,"SGP50",0.968072130896417,2.28786462371376,0.641
"11365",10,60,3,"SGP50",2.00103145982709,3.06609993859974,0.8215
"11366",10,60,4,"SGP50",2.82461784343665,2.89170704772433,0.102
"11367",10,60,5,"SGP50",3.87360817940679,3.97850322316234,0.895
"11368",10,60,6,"SGP50",5.22471954669972,3.69760802673895,0.918
"11369",10,60,7,"SGP50",1.94821878154565,2.83247904397857,0.287
"11370",10,60,8,"SGP50",4.09417845346017,3.29575698609634,0.0775
"11371",10,60,9,"SGP50",2.62486781966863,2.85450097179461,0.1755
"11372",10,60,10,"SGP50",1.02498126771916,2.37405699834036,0.515
"11373",10,60,11,"SGP50",0.950393871176522,2.3976424128606,0.466
"11374",10,60,12,"SGP50",1.97660204007684,2.63350251757896,0.7915
"11375",10,60,13,"SGP50",0.987700182187144,2.39003515969514,0.479
"11376",10,60,14,"SGP50",0.866547134175854,2.20726725678881,0.4795
"11377",10,60,15,"SGP50",1.6813723170652,2.51648419855978,0.221
"11378",10,60,16,"SGP50",0.895887688268298,2.30883284675991,0.4785
"11379",10,60,17,"SGP50",2.87592595104331,3.1035615411975,0.124
"11380",10,60,18,"SGP50",1.70658136045791,2.52202028665148,0.241
"11381",10,60,19,"SGP50",1.0226643723131,2.3152126418606,0.367
"11382",10,60,20,"SGP50",0.826195145638918,2.11251265467383,0.4395
"11383",10,60,21,"SGP50",0.865574195539657,2.27427824964933,0.5895
"11384",10,60,22,"SGP50",1.31611038717641,2.31032714576105,0.2425
"11385",10,60,23,"SGP50",0.697680760361532,2.00773197505853,0.462
"11386",10,60,24,"SGP50",1.83446055712195,2.49559222851534,0.834
"11387",10,60,25,"SGP50",0.842030889074707,2.24657842655054,0.436
"11388",10,60,26,"SGP50",2.98784496752888,3.19305927892404,0.926
"11389",10,60,27,"SGP50",1.91675535637319,2.60526464688686,0.779
"11390",10,60,28,"SGP50",4.31006362873481,3.3607514468633,0.942
"11391",10,60,29,"SGP50",2.70650798486572,2.77380920668195,0.788
"11392",10,60,30,"SGP50",2.24009493803106,3.12932545424227,0.32
"11393",10,60,31,"SGP50",0.928951047111364,2.30020933934899,0.57
"11394",10,60,32,"SGP50",1.02330499441461,2.28778281884543,0.365
"11395",10,60,33,"SGP50",0.927148652761588,2.18414269679666,0.6085
"11396",10,60,34,"SGP50",1.13642033806201,2.37479209316947,0.3095
"11397",10,60,35,"SGP50",0.82491819567222,2.16852736685368,0.4495
"11398",10,60,36,"SGP50",1.12952220905763,2.35008576659315,0.694
"11399",10,60,37,"SGP50",1.47139750138329,2.41406358427921,0.7745
"11400",10,60,38,"SGP50",0.901877371189571,2.21934958421046,0.417
