"","seq","rep","time","method","crps","logs","pit"
"1",5,1,1,"BMA",10.2091403509945,4.466277673163,0.872
"2",5,1,2,"BMA",4.56281357846566,3.75972931890545,0.668
"3",5,1,3,"BMA",12.221580842777,4.49864228762993,0.88
"4",5,1,4,"BMA",4.56623678588384,3.91102773974301,0.4915
"5",5,1,5,"BMA",4.47902950889789,3.75868041507755,0.5815
"6",5,1,6,"BMA",3.7714803646343,3.64204033791941,0.6085
"7",5,1,7,"BMA",7.40994992638926,3.86297640160137,0.7855
"8",5,1,8,"BMA",6.19017965174741,3.77062472972957,0.7445
"9",5,1,9,"BMA",3.75997584879386,3.78709555208749,0.44
"10",5,1,10,"BMA",4.33625112515247,3.74178785450443,0.3645
"11",5,1,11,"BMA",9.39346494567428,4.60749161879656,0.2855
"12",5,1,12,"BMA",11.6825144804514,4.39645341468183,0.611
"13",5,1,13,"BMA",5.71671017912743,4.05525215097999,0.4385
"14",5,1,14,"BMA",7.24830920210169,4.03971397542153,0.7535
"15",5,1,15,"BMA",15.4602137238271,5.07514509522874,0.9475
"16",5,1,16,"BMA",3.60617417438499,3.54414174858851,0.6625
"17",5,1,17,"BMA",6.27550364458014,3.85708958421769,0.84
"18",5,1,18,"BMA",2.28903645378073,3.29578997559066,0.4495
"19",5,1,19,"BMA",2.20596402517772,3.13600007161563,0.5745
"20",5,1,20,"BMA",2.9940323559531,3.15393732183127,0.741
"21",5,1,21,"BMA",6.52826622246648,3.83704449927438,0.9055
"22",5,1,22,"BMA",1.58674590992364,2.81447804191449,0.417
"23",5,1,23,"BMA",3.0106087915725,2.9585569714223,0.195
"24",5,1,24,"BMA",1.51327797171473,2.65644064730092,0.3905
"25",5,1,25,"BMA",1.95774196838785,2.70327945994167,0.2375
"26",5,1,26,"BMA",2.03301748995616,2.61693548471673,0.2375
"27",5,1,27,"BMA",1.55501650867962,2.49910229894606,0.2725
"28",5,1,28,"BMA",2.99744163712312,2.89348546557189,0.081
"29",5,1,29,"BMA",0.725118790547436,2.09127244213312,0.492
"30",5,1,30,"BMA",1.08833712401978,2.20744587987924,0.68
"31",5,1,31,"BMA",0.853980019088982,2.08243102391611,0.361
"32",5,1,32,"BMA",1.17156099935145,2.12564446320259,0.2225
"33",5,1,33,"BMA",0.703958350191777,1.83483592682829,0.3905
"34",5,1,34,"BMA",2.258247670847,2.86586648325082,0.0545
"35",5,1,35,"BMA",0.978157849474177,1.79763543028585,0.226
"36",5,1,36,"BMA",0.803269677953784,1.84122941295396,0.2365
"37",5,1,37,"BMA",0.451818939028729,1.65234255541019,0.4635
"38",5,1,38,"BMA",0.480788141310413,1.46440533466512,0.353
"39",5,1,1,"AVS",10.2091403509945,4.49300330990629,0.874
"40",5,1,2,"AVS",4.82632046587088,3.73662668768766,0.6885
"41",5,1,3,"AVS",18.4646214704563,5.01069647922754,0.9495
"42",5,1,4,"AVS",4.18343046286155,3.77218029927207,0.3225
"43",5,1,5,"AVS",3.69979824401907,3.60237195543219,0.531
"44",5,1,6,"AVS",3.67132077215199,3.6728921044204,0.5675
"45",5,1,7,"AVS",7.55931077989488,3.91505789766066,0.775
"46",5,1,8,"AVS",6.67913729219723,3.93146278027911,0.782
"47",5,1,9,"AVS",3.33886315924541,3.63649431953662,0.527
"48",5,1,10,"AVS",4.21499275983487,3.69852254890067,0.3805
"49",5,1,11,"AVS",9.33260323752823,4.45545049032414,0.2895
"50",5,1,12,"AVS",11.69244256,4.40403153383311,0.633
"51",5,1,13,"AVS",5.71574199999933,4.05099998886015,0.422
"52",5,1,14,"AVS",7.26037359999862,4.03829312551121,0.7685
"53",5,1,15,"AVS",15.4924215998229,5.02212684928649,0.955
"54",5,1,16,"AVS",3.62351719059928,3.54105663053699,0.6565
"55",5,1,17,"AVS",6.29191159999819,3.95415244064548,0.833
"56",5,1,18,"AVS",2.28161160002365,3.22993803901225,0.451
"57",5,1,19,"AVS",2.20532840000114,3.05808320166362,0.5885
"58",5,1,20,"AVS",2.99233620000533,3.230882367467,0.7365
"59",5,1,21,"AVS",6.53825591999405,3.89945198654413,0.9145
"60",5,1,22,"AVS",1.57868052010505,2.80795287658769,0.4545
"61",5,1,23,"AVS",3.01070431999933,3.04057254218494,0.188
"62",5,1,24,"AVS",1.51269139999935,2.68991633954064,0.3675
"63",5,1,25,"AVS",1.95662424000001,2.69701403692828,0.249
"64",5,1,26,"AVS",2.03229340000003,2.781415523257,0.2155
"65",5,1,27,"AVS",1.55475648,2.50605855289505,0.2675
"66",5,1,28,"AVS",2.99734931999999,3.0257817057848,0.0775
"67",5,1,29,"AVS",0.724991240000047,2.12293434094638,0.4875
"68",5,1,30,"AVS",1.08836991999999,2.21023169537645,0.7195
"69",5,1,31,"AVS",0.853925160000032,2.11987177722534,0.36
"70",5,1,32,"AVS",1.17155856,2.06557676116162,0.231
"71",5,1,33,"AVS",0.703953688000001,1.90706209801183,0.3675
"72",5,1,34,"AVS",2.258249964,2.85495790893137,0.055
"73",5,1,35,"AVS",0.978158183999995,1.90655897208526,0.2015
"74",5,1,36,"AVS",0.803267519999999,1.82279098581559,0.2405
"75",5,1,37,"AVS",0.451817668000002,1.5513555129932,0.4635
"76",5,1,38,"AVS",0.480787484000001,1.46659683555976,0.37
"77",5,1,1,"EQW",10.2091403509945,4.53085856879254,0.8745
"78",5,1,2,"EQW",5.80442305988408,3.86231307346387,0.762
"79",5,1,3,"EQW",13.2701141945435,4.74720482944682,0.9135
"80",5,1,4,"EQW",4.93842603299873,3.7230383412223,0.6315
"81",5,1,5,"EQW",10.3810758492766,4.25464255789553,0.835
"82",5,1,6,"EQW",8.16337933931164,3.86811899422171,0.796
"83",5,1,7,"EQW",12.343588360222,4.21149840949688,0.8825
"84",5,1,8,"EQW",9.89396525556035,3.94554334671871,0.7755
"85",5,1,9,"EQW",6.78574913012921,4.27758142288303,0.563
"86",5,1,10,"EQW",5.4000129041711,4.13712053653623,0.4625
"87",5,1,11,"EQW",8.93003515174724,4.4479007318792,0.2845
"88",5,1,12,"EQW",4.49924705574031,3.83325407053259,0.549
"89",5,1,13,"EQW",7.10541572918354,4.08753421600021,0.224
"90",5,1,14,"EQW",3.58486284484511,3.58632564177908,0.561
"91",5,1,15,"EQW",7.98527773962629,4.19453428668884,0.8085
"92",5,1,16,"EQW",5.26737589607921,3.8740536797133,0.355
"93",5,1,17,"EQW",3.72147144531373,3.60379386419693,0.6355
"94",5,1,18,"EQW",4.30273473061208,3.50381682876924,0.2975
"95",5,1,19,"EQW",2.69288399231954,3.3749039941349,0.459
"96",5,1,20,"EQW",2.8142122506558,3.30221273891903,0.594
"97",5,1,21,"EQW",3.63575184634397,3.55960179131027,0.684
"98",5,1,22,"EQW",4.34827374658645,3.34139326203593,0.2205
"99",5,1,23,"EQW",3.9921876071794,3.41368955153549,0.235
"100",5,1,24,"EQW",2.63149447812782,3.2542178304452,0.4125
"101",5,1,25,"EQW",3.30242972335251,3.24317726838563,0.252
"102",5,1,26,"EQW",3.34634789202017,3.25142408530469,0.232
"103",5,1,27,"EQW",2.66041422727092,3.08440176018263,0.28
"104",5,1,28,"EQW",3.89078122783626,3.4706072374637,0.18
"105",5,1,29,"EQW",1.6314805919301,2.75950569851778,0.4355
"106",5,1,30,"EQW",1.50663359632172,2.72562858668663,0.493
"107",5,1,31,"EQW",2.04087339983431,2.76107442218555,0.2945
"108",5,1,32,"EQW",1.72418432922342,2.65732872828572,0.338
"109",5,1,33,"EQW",1.39713484256567,2.57276789320471,0.4375
"110",5,1,34,"EQW",2.26060144730271,2.9495815748329,0.2335
"111",5,1,35,"EQW",1.34095570431037,2.51978966662786,0.372
"112",5,1,36,"EQW",1.29265243003109,2.41601579135526,0.3585
"113",5,1,37,"EQW",1.07287190686292,2.26100386644892,0.488
"114",5,1,38,"EQW",1.04003673179595,2.21509825275619,0.4355
"115",5,1,1,"SGP",10.2091403509945,4.39840960776622,0.87
"116",5,1,2,"SGP",7.28019340139771,3.93593408470031,0.8345
"117",5,1,3,"SGP",16.3232917534131,5.64292132778514,0.9805
"118",5,1,4,"SGP",2.1941932655744,3.14879235281082,0.513
"119",5,1,5,"SGP",7.64168819214764,3.94862971503611,0.926
"120",5,1,6,"SGP",2.88271769756285,3.22460251173019,0.7185
"121",5,1,7,"SGP",3.0971330437119,3.19985044092156,0.7495
"122",5,1,8,"SGP",1.66757026556729,2.92453405863702,0.5175
"123",5,1,9,"SGP",11.6760006783462,5.6530223743964,0.016
"124",5,1,10,"SGP",11.6449666811233,4.96929887084965,0.0265
"125",5,1,11,"SGP",23.4646915320431,7.42397067902334,0.0065
"126",5,1,12,"SGP",2.94769182097152,3.3609466761388,0.625
"127",5,1,13,"SGP",8.67871147310505,4.25979982432199,0.097
"128",5,1,14,"SGP",3.00174190036228,3.29763292413971,0.6715
"129",5,1,15,"SGP",11.197834752381,4.53451004081623,0.962
"130",5,1,16,"SGP",13.1961471477087,5.06296245174982,0.036
"131",5,1,17,"SGP",2.83217255109509,3.27607395351633,0.6235
"132",5,1,18,"SGP",4.76371809352637,3.47597793746969,0.206
"133",5,1,19,"SGP",2.55438204145229,3.18843772091322,0.598
"134",5,1,20,"SGP",4.46982800967147,3.49397740794636,0.79
"135",5,1,21,"SGP",3.53457486927141,3.33527709744061,0.7185
"136",5,1,22,"SGP",6.85471619340874,3.88037617076811,0.1185
"137",5,1,23,"SGP",2.38749082169381,3.23889744653501,0.4415
"138",5,1,24,"SGP",5.81128061300558,3.62385518283682,0.833
"139",5,1,25,"SGP",2.32589697265764,3.1177330537935,0.3895
"140",5,1,26,"SGP",2.81809639503002,3.22198169519263,0.2965
"141",5,1,27,"SGP",1.94631104134359,2.94137309650725,0.4085
"142",5,1,28,"SGP",3.21151186171554,3.26940332957919,0.261
"143",5,1,29,"SGP",1.88003979306869,2.92972067912208,0.536
"144",5,1,30,"SGP",1.85861601235658,2.90060000979618,0.4365
"145",5,1,31,"SGP",2.85529898665358,3.21706967365428,0.306
"146",5,1,32,"SGP",1.86593897039665,3.02026934174817,0.5035
"147",5,1,33,"SGP",2.27676903509118,3.03806280864838,0.637
"148",5,1,34,"SGP",1.93318932288939,2.98391947709485,0.4045
"149",5,1,35,"SGP",1.97836114940694,3.00670558834411,0.662
"150",5,1,36,"SGP",1.76883838281528,2.85642833732381,0.5255
"151",5,1,37,"SGP",1.79454217943206,3.00547288918138,0.5445
"152",5,1,38,"SGP",1.72288518598422,2.88906376781869,0.4885
"153",5,1,1,"SGP50",10.2091403509945,4.5524431683928,0.864
"154",5,1,2,"SGP50",5.84770492383373,3.87885849172562,0.77
"155",5,1,3,"SGP50",13.4605150923789,4.82776289831333,0.921
"156",5,1,4,"SGP50",4.80983721117664,3.74538408375489,0.6325
"157",5,1,5,"SGP50",9.98772502148158,4.24138435965627,0.838
"158",5,1,6,"SGP50",6.96669207189882,3.78787479519013,0.7775
"159",5,1,7,"SGP50",9.44055102361474,3.91201297011082,0.8505
"160",5,1,8,"SGP50",6.08827855350289,3.64407576907632,0.695
"161",5,1,9,"SGP50",5.86882311992516,4.31808617663343,0.3715
"162",5,1,10,"SGP50",6.28833479633217,4.14958017343411,0.289
"163",5,1,11,"SGP50",13.547926457036,4.87103650198484,0.1605
"164",5,1,12,"SGP50",3.84889207407998,3.63324588079921,0.5655
"165",5,1,13,"SGP50",7.9718328668771,4.1687577031327,0.1695
"166",5,1,14,"SGP50",3.2049687623721,3.47079484961467,0.609
"167",5,1,15,"SGP50",9.19037275364311,4.54157207056039,0.861
"168",5,1,16,"SGP50",8.86729788733463,4.31150525566706,0.177
"169",5,1,17,"SGP50",3.15690814462131,3.43341670121474,0.617
"170",5,1,18,"SGP50",4.67590622965223,3.51074506683138,0.2485
"171",5,1,19,"SGP50",2.51738889947406,3.28368077264718,0.53
"172",5,1,20,"SGP50",3.48590611998309,3.52683159745654,0.688
"173",5,1,21,"SGP50",3.62439916470055,3.43584893934877,0.739
"174",5,1,22,"SGP50",5.48155497105455,3.54760440380132,0.1815
"175",5,1,23,"SGP50",2.89101827826501,3.33627945512464,0.334
"176",5,1,24,"SGP50",3.37359973240866,3.47780268694634,0.6385
"177",5,1,25,"SGP50",2.66235896844348,3.1509278480227,0.312
"178",5,1,26,"SGP50",2.9523159488004,3.18602357426799,0.281
"179",5,1,27,"SGP50",2.16614479021011,2.95234902089342,0.3425
"180",5,1,28,"SGP50",3.46145595169977,3.3171151680238,0.205
"181",5,1,29,"SGP50",1.58424930875444,2.80919493465275,0.4915
"182",5,1,30,"SGP50",1.53233575999397,2.73620363695786,0.468
"183",5,1,31,"SGP50",2.15937451955194,2.81008708932218,0.3005
"184",5,1,32,"SGP50",1.58879429691397,2.76081198229618,0.4
"185",5,1,33,"SGP50",1.44139291277929,2.61499722223669,0.525
"186",5,1,34,"SGP50",2.02082033235853,2.9372700458372,0.257
"187",5,1,35,"SGP50",1.27719058980595,2.52838840641016,0.4655
"188",5,1,36,"SGP50",1.20794235237351,2.4209260409344,0.4025
"189",5,1,37,"SGP50",1.04050523941435,2.29038473939083,0.495
"190",5,1,38,"SGP50",0.978496701201747,2.19372041329907,0.429
"191",5,2,1,"BMA",1.44137734011953,2.74743012678263,0.483
"192",5,2,2,"BMA",1.37224197991469,2.32702516299485,0.256
"193",5,2,3,"BMA",0.813502137745669,2.14704251480296,0.6075
"194",5,2,4,"BMA",6.31808161121931,5.65943857502872,0.9865
"195",5,2,5,"BMA",5.70823199457255,3.93420706231941,0.923
"196",5,2,6,"BMA",2.5606440596575,3.07476569319654,0.749
"197",5,2,7,"BMA",10.8670932062527,5.31962066672396,0.9715
"198",5,2,8,"BMA",5.93661858364302,3.8563086771121,0.7845
"199",5,2,9,"BMA",3.24552876646043,3.5175373715901,0.4585
"200",5,2,10,"BMA",7.51653120620492,4.07338789931608,0.845
"201",5,2,11,"BMA",8.55937963261569,4.25342577009541,0.1385
"202",5,2,12,"BMA",8.23855069445814,3.86073966389703,0.8715
"203",5,2,13,"BMA",11.7619422455186,4.78844818536579,0.964
"204",5,2,14,"BMA",4.96130285268572,3.58995364748259,0.778
"205",5,2,15,"BMA",5.62918464209934,3.63947849270083,0.8445
"206",5,2,16,"BMA",6.53140425776751,3.71231203244342,0.8795
"207",5,2,17,"BMA",3.77430058945341,3.39836832897784,0.782
"208",5,2,18,"BMA",2.21631278748407,3.08226860866342,0.3885
"209",5,2,19,"BMA",1.84201539552297,2.99302345698546,0.534
"210",5,2,20,"BMA",2.00724395094156,2.99228338106813,0.3635
"211",5,2,21,"BMA",3.36580802245778,3.27370268042403,0.2275
"212",5,2,22,"BMA",12.5511262720492,5.03011387910079,0.021
"213",5,2,23,"BMA",2.72333599139118,3.1540810964293,0.2945
"214",5,2,24,"BMA",6.55080390826747,3.81402193204828,0.078
"215",5,2,25,"BMA",4.09304101261952,3.34444633092878,0.163
"216",5,2,26,"BMA",2.82163957879425,2.9910145343875,0.2165
"217",5,2,27,"BMA",1.88645533614786,2.73470815841203,0.319
"218",5,2,28,"BMA",1.95971287277282,2.7684674931947,0.2635
"219",5,2,29,"BMA",3.09940869600375,2.98587581678829,0.1225
"220",5,2,30,"BMA",1.1306556989564,2.45436066968132,0.458
"221",5,2,31,"BMA",1.13410560877972,2.41484596905091,0.6355
"222",5,2,32,"BMA",1.99588271669154,2.67179884273584,0.797
"223",5,2,33,"BMA",2.93342659463922,3.04856201969987,0.888
"224",5,2,34,"BMA",1.11718929314287,2.30860650517978,0.687
"225",5,2,35,"BMA",1.13797689638881,2.30137323363047,0.7005
"226",5,2,36,"BMA",0.781712897847916,2.06496368055528,0.552
"227",5,2,37,"BMA",0.899207637850703,2.11708273960834,0.345
"228",5,2,38,"BMA",2.19145094415638,2.71186143348527,0.114
"229",5,2,1,"AVS",1.44137734011953,2.76464822467698,0.4675
"230",5,2,2,"AVS",1.14980851391247,2.26768864338286,0.287
"231",5,2,3,"AVS",0.830886154856581,2.13332490392784,0.5875
"232",5,2,4,"AVS",6.24027951860058,5.21318807107733,0.9845
"233",5,2,5,"AVS",5.32295637898479,3.83024857004958,0.942
"234",5,2,6,"AVS",1.88935093485546,2.60922577147264,0.781
"235",5,2,7,"AVS",12.1345332578537,8.82349384648088,0.9985
"236",5,2,8,"AVS",2.30118719488538,3.23020566133241,0.48
"237",5,2,9,"AVS",3.4917678448085,3.23755857912255,0.1375
"238",5,2,10,"AVS",9.13633076146355,5.20417079648417,0.9755
"239",5,2,11,"AVS",18.1861272902727,5.34391306368922,0.0495
"240",5,2,12,"AVS",8.28820547302061,3.88198983785013,0.873
"241",5,2,13,"AVS",11.8583556434808,4.53059864522787,0.9515
"242",5,2,14,"AVS",3.48552709465,3.42684578358926,0.6605
"243",5,2,15,"AVS",2.47133434271944,3.14666915562483,0.6685
"244",5,2,16,"AVS",2.23180968305265,3.14632056616605,0.6455
"245",5,2,17,"AVS",2.02526596223971,3.05144194379637,0.3865
"246",5,2,18,"AVS",4.84536247599609,3.45818513370495,0.153
"247",5,2,19,"AVS",1.79539577337883,2.97311754784817,0.5545
"248",5,2,20,"AVS",2.3457522796182,3.16497896735925,0.3365
"249",5,2,21,"AVS",2.94416120176351,3.21076968402176,0.235
"250",5,2,22,"AVS",11.2407370440861,4.9995202451626,0.021
"251",5,2,23,"AVS",1.88079920901613,3.0029930239434,0.566
"252",5,2,24,"AVS",8.22338824405264,4.24346608356471,0.065
"253",5,2,25,"AVS",2.95296693852257,3.18189542404262,0.255
"254",5,2,26,"AVS",3.01350626318251,3.32088926620783,0.239
"255",5,2,27,"AVS",2.60661968588423,3.10033987755471,0.2935
"256",5,2,28,"AVS",3.23641389432078,3.24631672360653,0.227
"257",5,2,29,"AVS",3.55590717909929,3.21617779166399,0.2055
"258",5,2,30,"AVS",1.67033090148876,2.96054988903828,0.4945
"259",5,2,31,"AVS",1.70876847959085,2.93232292129193,0.4315
"260",5,2,32,"AVS",1.72768313345097,2.91837782659583,0.4965
"261",5,2,33,"AVS",1.72739258329088,2.97355408783023,0.5045
"262",5,2,34,"AVS",2.51665216411453,3.09039664838398,0.286
"263",5,2,35,"AVS",1.5885698158147,2.84469738403541,0.431
"264",5,2,36,"AVS",1.85657080468256,2.81953526489194,0.412
"265",5,2,37,"AVS",1.91219145215961,2.87666243768412,0.33
"266",5,2,38,"AVS",1.93783033219725,2.82515119346649,0.2835
"267",5,2,1,"EQW",1.44137734011953,2.72007250197233,0.493
"268",5,2,2,"EQW",1.79137004277377,2.44538965419425,0.2385
"269",5,2,3,"EQW",1.10378132618485,2.35205536200049,0.49
"270",5,2,4,"EQW",4.74070339644516,4.13057565716139,0.891
"271",5,2,5,"EQW",4.46085876047682,3.54744916855469,0.908
"272",5,2,6,"EQW",2.41573057863234,2.87783547146804,0.761
"273",5,2,7,"EQW",10.9192972868364,5.38696365090416,0.9655
"274",5,2,8,"EQW",5.07322087325842,3.67943091869892,0.706
"275",5,2,9,"EQW",3.05399127025112,3.44684719274228,0.557
"276",5,2,10,"EQW",11.0842104010811,4.71751364141265,0.942
"277",5,2,11,"EQW",8.78380177568004,4.23367655534953,0.17
"278",5,2,12,"EQW",5.97546089509428,3.72641902519242,0.832
"279",5,2,13,"EQW",6.08003239846971,3.75106291896831,0.8365
"280",5,2,14,"EQW",2.75331619282414,3.4705239094675,0.449
"281",5,2,15,"EQW",2.70010071485139,3.27553840852448,0.627
"282",5,2,16,"EQW",2.89419196246386,3.22971725933322,0.651
"283",5,2,17,"EQW",2.36952803612249,3.30186329351704,0.467
"284",5,2,18,"EQW",4.29614365084205,3.5141562768295,0.214
"285",5,2,19,"EQW",1.9815172331654,3.10900396091651,0.4935
"286",5,2,20,"EQW",2.3650542050009,3.18544931887198,0.3575
"287",5,2,21,"EQW",3.04786010851789,3.30928103681995,0.287
"288",5,2,22,"EQW",10.6955273011591,4.63541315082985,0.04
"289",5,2,23,"EQW",1.94515110847599,2.99337714939813,0.473
"290",5,2,24,"EQW",6.826894032489,3.87434396336927,0.093
"291",5,2,25,"EQW",2.70919831962649,3.11564041485828,0.3235
"292",5,2,26,"EQW",2.2313975651235,3.03068897527541,0.351
"293",5,2,27,"EQW",1.8399490950627,2.99837709271903,0.401
"294",5,2,28,"EQW",1.98427728659921,2.92685958035253,0.353
"295",5,2,29,"EQW",2.65348353301667,3.03865403935794,0.221
"296",5,2,30,"EQW",1.43887048739267,2.71284436999179,0.54
"297",5,2,31,"EQW",1.48210874542225,2.6939855238968,0.5925
"298",5,2,32,"EQW",1.94478104380353,2.85449184572785,0.7015
"299",5,2,33,"EQW",2.24863029777953,2.99431076767168,0.7165
"300",5,2,34,"EQW",1.50747850725973,2.84823613700645,0.5205
"301",5,2,35,"EQW",1.52499431423504,2.71348341704497,0.6295
"302",5,2,36,"EQW",1.38257156499091,2.57549323578736,0.5765
"303",5,2,37,"EQW",1.30144919018431,2.67756311031045,0.492
"304",5,2,38,"EQW",1.3968366382457,2.74101304936139,0.4025
"305",5,2,1,"SGP",1.44137734011953,2.69256233505215,0.4755
"306",5,2,2,"SGP",1.24785904456185,2.27312780521255,0.2425
"307",5,2,3,"SGP",0.792241475495232,1.99982045509167,0.6305
"308",5,2,4,"SGP",6.35647094320084,6.01152166645565,0.9905
"309",5,2,5,"SGP",4.14477091073509,3.50952879557716,0.9415
"310",5,2,6,"SGP",1.89555113729399,2.62023783615808,0.7985
"311",5,2,7,"SGP",12.052430124697,7.81805078155171,0.9965
"312",5,2,8,"SGP",2.44587962197333,3.22408536659825,0.4995
"313",5,2,9,"SGP",3.28982220785182,3.15112308825193,0.1815
"314",5,2,10,"SGP",9.38975128144773,5.19778332235942,0.991
"315",5,2,11,"SGP",24.6011097652912,7.13989569801704,0.0065
"316",5,2,12,"SGP",4.77815693793236,3.38637920491117,0.848
"317",5,2,13,"SGP",3.05064739380638,3.22230093986582,0.704
"318",5,2,14,"SGP",4.24846536636763,3.51759343782631,0.1675
"319",5,2,15,"SGP",1.77018768063416,2.85168504716595,0.4415
"320",5,2,16,"SGP",1.6971997401323,2.90924522516416,0.44
"321",5,2,17,"SGP",3.50051584509922,3.32141427121666,0.1805
"322",5,2,18,"SGP",8.00040520329118,4.17507708296296,0.053
"323",5,2,19,"SGP",1.95474284054211,2.93610415282104,0.372
"324",5,2,20,"SGP",3.55258168428281,3.25178616037678,0.193
"325",5,2,21,"SGP",4.57393661210809,3.44004682675954,0.124
"326",5,2,22,"SGP",13.4624841852317,6.08269453771216,0.0065
"327",5,2,23,"SGP",1.9187934601841,2.92628352265114,0.569
"328",5,2,24,"SGP",7.95954041735714,4.04697295484981,0.055
"329",5,2,25,"SGP",1.73671934257431,2.89458939612973,0.562
"330",5,2,26,"SGP",2.18823529750464,2.94028923771375,0.676
"331",5,2,27,"SGP",2.32733761577981,2.95593298532812,0.6925
"332",5,2,28,"SGP",1.63498905100701,2.96710409966298,0.5745
"333",5,2,29,"SGP",1.69480387808934,2.80986739270827,0.4155
"334",5,2,30,"SGP",2.61428872519974,3.03906987499863,0.7385
"335",5,2,31,"SGP",2.28013674318195,2.98642925770977,0.7005
"336",5,2,32,"SGP",2.04104458069908,2.91144178811971,0.696
"337",5,2,33,"SGP",1.6172176794033,2.83704440375358,0.6285
"338",5,2,34,"SGP",2.14101848164978,2.9722116630398,0.3005
"339",5,2,35,"SGP",1.39606673027928,2.68455365310512,0.464
"340",5,2,36,"SGP",1.35883467948479,2.71267749623463,0.47
"341",5,2,37,"SGP",1.44227816303879,2.74009720271823,0.4635
"342",5,2,38,"SGP",1.55050163528596,2.80332857463961,0.4055
"343",5,2,1,"SGP50",1.44137734011953,2.66858067644077,0.4875
"344",5,2,2,"SGP50",1.74412243583038,2.48991237263973,0.249
"345",5,2,3,"SGP50",1.04738808179985,2.26616653933231,0.5155
"346",5,2,4,"SGP50",4.96742079332644,4.18065800481002,0.91
"347",5,2,5,"SGP50",4.48744727745725,3.58868954700074,0.9215
"348",5,2,6,"SGP50",2.33876777041512,2.89918972039252,0.7525
"349",5,2,7,"SGP50",10.9668672419054,5.74103137636457,0.9725
"350",5,2,8,"SGP50",4.54025591075726,3.57573105723025,0.7015
"351",5,2,9,"SGP50",2.72311117361967,3.40837855342911,0.531
"352",5,2,10,"SGP50",10.7341989634337,4.77009732410732,0.949
"353",5,2,11,"SGP50",10.3111156524802,4.39571737494834,0.1315
"354",5,2,12,"SGP50",6.02827409829953,3.68925592205339,0.854
"355",5,2,13,"SGP50",5.64045684492922,3.72781657030502,0.8265
"356",5,2,14,"SGP50",2.71037925591071,3.37950583318287,0.397
"357",5,2,15,"SGP50",2.41774681828992,3.17406692312606,0.6065
"358",5,2,16,"SGP50",2.52084305296902,3.15424190812041,0.626
"359",5,2,17,"SGP50",2.3201292279269,3.22445905176883,0.4025
"360",5,2,18,"SGP50",4.82252985316242,3.56102631013,0.1925
"361",5,2,19,"SGP50",1.89942733412444,2.9559607158438,0.4865
"362",5,2,20,"SGP50",2.47857421170249,3.14735495101744,0.3385
"363",5,2,21,"SGP50",3.30325647681555,3.31124923584824,0.244
"364",5,2,22,"SGP50",11.3975342817932,4.99166724206537,0.029
"365",5,2,23,"SGP50",1.88042790131181,2.97602818563098,0.4945
"366",5,2,24,"SGP50",7.30290658181682,3.93842280376371,0.079
"367",5,2,25,"SGP50",2.43817427156616,3.09833467395464,0.3405
"368",5,2,26,"SGP50",2.12084459810785,3.11834595672955,0.402
"369",5,2,27,"SGP50",1.84837176923434,2.99372882574505,0.4205
"370",5,2,28,"SGP50",1.99464679116446,2.95889286070861,0.356
"371",5,2,29,"SGP50",2.59704325060409,3.02850242190467,0.2455
"372",5,2,30,"SGP50",1.5424330441055,2.72724893474394,0.5625
"373",5,2,31,"SGP50",1.53707192902276,2.77027820580386,0.584
"374",5,2,32,"SGP50",1.87295661100629,2.90231555195968,0.666
"375",5,2,33,"SGP50",2.00600112363484,2.94597830407472,0.6845
"376",5,2,34,"SGP50",1.56405852100369,2.74734489031311,0.461
"377",5,2,35,"SGP50",1.4209484989519,2.70749680739455,0.6
"378",5,2,36,"SGP50",1.32356390605064,2.65968071255191,0.5475
"379",5,2,37,"SGP50",1.33380642010162,2.67000620195107,0.4615
"380",5,2,38,"SGP50",1.50599718292763,2.75412507220101,0.3825
"381",5,3,1,"BMA",3.80106226109032,3.65241649111068,0.638
"382",5,3,2,"BMA",4.89376655382223,3.71497604579464,0.198
"383",5,3,3,"BMA",2.07770691653574,3.06543232786893,0.534
"384",5,3,4,"BMA",10.5688080211836,4.78042546693938,0.9605
"385",5,3,5,"BMA",18.2490790671884,6.15591723393515,0.986
"386",5,3,6,"BMA",12.0700441327844,4.46771903266058,0.8895
"387",5,3,7,"BMA",15.6717066154364,4.91511779161301,0.9255
"388",5,3,8,"BMA",6.41887566316467,4.08351788225832,0.71
"389",5,3,9,"BMA",4.46038897552072,3.85346604893656,0.5895
"390",5,3,10,"BMA",4.22846087442586,3.79083992002065,0.439
"391",5,3,11,"BMA",4.50804976244575,3.78833550854934,0.3555
"392",5,3,12,"BMA",7.72854995573281,4.03791807025844,0.8165
"393",5,3,13,"BMA",10.1675564336251,4.10373325908728,0.86
"394",5,3,14,"BMA",3.70731393518652,3.71186975663341,0.4325
"395",5,3,15,"BMA",3.15576545368177,3.41339709745671,0.5975
"396",5,3,16,"BMA",11.4873967295261,4.59823372373582,0.962
"397",5,3,17,"BMA",6.81401397854378,4.22847023893886,0.1885
"398",5,3,18,"BMA",3.14058124519401,3.51658596178023,0.374
"399",5,3,19,"BMA",3.01140489199093,3.4757777756907,0.3845
"400",5,3,20,"BMA",9.98156317521375,4.25163476166194,0.101
"401",5,3,21,"BMA",3.86168997933659,3.4548415610959,0.3085
"402",5,3,22,"BMA",3.11472142020021,3.41187317537499,0.4025
"403",5,3,23,"BMA",5.53073326317426,3.61452129548976,0.203
"404",5,3,24,"BMA",3.07222050830126,3.3726247852824,0.3715
"405",5,3,25,"BMA",4.97577160040068,3.58466962637443,0.22
"406",5,3,26,"BMA",11.9708405093367,4.73747052955645,0.055
"407",5,3,27,"BMA",3.40941561005557,3.43788941767036,0.3635
"408",5,3,28,"BMA",3.18615618322982,3.43256259157611,0.63
"409",5,3,29,"BMA",7.29673544451316,3.99347712894717,0.126
"410",5,3,30,"BMA",5.44181929162138,3.61235233722209,0.1895
"411",5,3,31,"BMA",3.05451429680886,3.36794225632695,0.416
"412",5,3,32,"BMA",2.61791446222382,3.40517016453992,0.5345
"413",5,3,33,"BMA",6.04702021419006,3.7465068897668,0.165
"414",5,3,34,"BMA",3.74903209565108,3.40354389358973,0.266
"415",5,3,35,"BMA",2.60466244119981,3.35640513698425,0.5735
"416",5,3,36,"BMA",5.61939639895372,3.62286072823004,0.1555
"417",5,3,37,"BMA",2.35498422306367,3.25404689714445,0.421
"418",5,3,38,"BMA",2.37717435471712,3.17514622734445,0.409
"419",5,3,1,"AVS",3.80106226109032,3.58531494377694,0.627
"420",5,3,2,"AVS",4.98301461498918,3.75804155279915,0.185
"421",5,3,3,"AVS",1.89955961104852,2.96847703022786,0.597
"422",5,3,4,"AVS",10.2450954749922,4.83283098198208,0.985
"423",5,3,5,"AVS",17.5473910971514,7.11093387914726,0.9975
"424",5,3,6,"AVS",5.23418705409707,3.6285402177618,0.864
"425",5,3,7,"AVS",10.9878754334101,4.79608480988368,0.9835
"426",5,3,8,"AVS",8.17186337139863,4.27249189356454,0.049
"427",5,3,9,"AVS",1.95900826539281,2.97260218080133,0.4
"428",5,3,10,"AVS",3.37111800533978,3.19195201371973,0.234
"429",5,3,11,"AVS",4.86303296009292,3.43359895838363,0.131
"430",5,3,12,"AVS",9.05853925935271,4.53150430823765,0.962
"431",5,3,13,"AVS",2.64098267414901,2.9414171615298,0.736
"432",5,3,14,"AVS",6.77334297589339,3.9902669984288,0.0465
"433",5,3,15,"AVS",1.85620979978934,2.97840168198172,0.4345
"434",5,3,16,"AVS",8.3606706233728,4.23281776251316,0.956
"435",5,3,17,"AVS",11.6306406838069,5.41302434148105,0.0085
"436",5,3,18,"AVS",6.67037848985605,3.8934744068592,0.07
"437",5,3,19,"AVS",6.64587931843141,3.88387736740796,0.0955
"438",5,3,20,"AVS",15.7705392732042,6.7123581954806,0.003
"439",5,3,21,"AVS",3.64296427271656,3.42498672795254,0.312
"440",5,3,22,"AVS",3.60147441925015,3.49884577260138,0.3045
"441",5,3,23,"AVS",5.55585717526464,3.668982369663,0.1975
"442",5,3,24,"AVS",2.99583727212267,3.38469084862262,0.3525
"443",5,3,25,"AVS",4.57996200590558,3.50355218081554,0.2465
"444",5,3,26,"AVS",8.53512279274378,4.10146042134075,0.0535
"445",5,3,27,"AVS",3.96158578673105,3.38237518798205,0.787
"446",5,3,28,"AVS",7.96051222606541,4.04315854569957,0.925
"447",5,3,29,"AVS",6.19831147714835,3.76514207897884,0.1315
"448",5,3,30,"AVS",2.63616191894188,3.20060252742475,0.3355
"449",5,3,31,"AVS",2.50614599113788,3.12526447110914,0.6735
"450",5,3,32,"AVS",3.56082227519541,3.31896045241718,0.7605
"451",5,3,33,"AVS",3.84555689594107,3.31199330321611,0.2045
"452",5,3,34,"AVS",2.07836688845288,3.11045937689009,0.411
"453",5,3,35,"AVS",3.69765477531563,3.35678631644876,0.7795
"454",5,3,36,"AVS",4.00923500559247,3.39313770752991,0.2
"455",5,3,37,"AVS",1.96426107946057,2.961315028371,0.5925
"456",5,3,38,"AVS",1.84149068689945,3.03414557539043,0.492
"457",5,3,1,"EQW",3.80106226109032,3.62706432401725,0.6385
"458",5,3,2,"EQW",5.03481833439537,3.80809114307964,0.2045
"459",5,3,3,"EQW",2.28148915349508,3.17890434975695,0.415
"460",5,3,4,"EQW",8.2019112023273,4.34404622177412,0.9035
"461",5,3,5,"EQW",17.142034328991,5.74922758627738,0.9765
"462",5,3,6,"EQW",11.2278196220794,4.1617255019164,0.8975
"463",5,3,7,"EQW",17.2109879289049,5.2685471870171,0.963
"464",5,3,8,"EQW",7.34361281325449,4.22496533343553,0.6245
"465",5,3,9,"EQW",5.72824274170405,3.80210184556309,0.66
"466",5,3,10,"EQW",4.31352167873631,3.83529762346383,0.5065
"467",5,3,11,"EQW",4.06832123808028,3.80527887302548,0.419
"468",5,3,12,"EQW",9.24467920396777,4.22444638473059,0.849
"469",5,3,13,"EQW",10.5980266361797,4.03329184058651,0.8835
"470",5,3,14,"EQW",6.20054312756591,4.01088205627873,0.5825
"471",5,3,15,"EQW",6.57772766931225,3.78170695917748,0.7045
"472",5,3,16,"EQW",18.5192660867425,4.92052925648244,0.972
"473",5,3,17,"EQW",8.66087946303026,4.41786356929498,0.6065
"474",5,3,18,"EQW",6.94642400493895,4.10552782061448,0.6135
"475",5,3,19,"EQW",5.87390924415796,3.9299564896897,0.568
"476",5,3,20,"EQW",6.30937254102125,4.30102163279432,0.3525
"477",5,3,21,"EQW",3.61175608478367,3.61183021598493,0.446
"478",5,3,22,"EQW",3.81937806905479,3.69869766943419,0.466
"479",5,3,23,"EQW",4.45158891790713,3.81575922182187,0.3475
"480",5,3,24,"EQW",3.53708913396502,3.56544313466944,0.531
"481",5,3,25,"EQW",3.58103667094533,3.67083049854831,0.456
"482",5,3,26,"EQW",6.46307263751962,3.99516194406739,0.249
"483",5,3,27,"EQW",3.1427505798137,3.54660033151533,0.5115
"484",5,3,28,"EQW",6.28082270737613,3.87354411198352,0.797
"485",5,3,29,"EQW",3.77713572027028,3.77486214461062,0.4175
"486",5,3,30,"EQW",2.98098827825362,3.49307252845863,0.4795
"487",5,3,31,"EQW",3.09111832471034,3.40697191763269,0.6165
"488",5,3,32,"EQW",4.76692855333307,3.59837861262979,0.751
"489",5,3,33,"EQW",3.22583557750797,3.60100363771198,0.451
"490",5,3,34,"EQW",2.59127429087117,3.32642930824021,0.487
"491",5,3,35,"EQW",3.65244254292062,3.53123715400556,0.704
"492",5,3,36,"EQW",3.02491433410218,3.41391023825372,0.38
"493",5,3,37,"EQW",2.21791065396614,3.1379659969697,0.4585
"494",5,3,38,"EQW",2.40519665547654,3.04628212310841,0.376
"495",5,3,1,"SGP",3.80106226109032,3.59152889374239,0.657
"496",5,3,2,"SGP",4.37184434753307,3.917727828688,0.185
"497",5,3,3,"SGP",1.8539597119698,2.86037888230037,0.3235
"498",5,3,4,"SGP",6.62436536433296,4.19546038298817,0.972
"499",5,3,5,"SGP",13.827400654033,7.65992432323543,1
"500",5,3,6,"SGP",4.79203073883069,3.57646694461709,0.858
"501",5,3,7,"SGP",11.1146652301932,5.05181542996162,0.98
"502",5,3,8,"SGP",7.85127649743171,4.31943585662215,0.066
"503",5,3,9,"SGP",1.96902852385928,3.05964849176768,0.4035
"504",5,3,10,"SGP",3.34207603566481,3.24262314873883,0.238
"505",5,3,11,"SGP",4.82232531636871,3.38247136102781,0.126
"506",5,3,12,"SGP",9.03503073503501,4.56233464608333,0.964
"507",5,3,13,"SGP",2.68358967681332,2.98401328592898,0.7345
"508",5,3,14,"SGP",6.67841815386159,3.97700409890327,0.0745
"509",5,3,15,"SGP",1.86128290122247,2.95025596409126,0.443
"510",5,3,16,"SGP",8.40250567255717,4.17422808766933,0.955
"511",5,3,17,"SGP",11.4902473076541,5.16292638509094,0.0175
"512",5,3,18,"SGP",6.60812728721019,3.9319262361446,0.0785
"513",5,3,19,"SGP",6.59037573541219,3.88327207949492,0.078
"514",5,3,20,"SGP",15.7356413662549,6.51641383811443,0.004
"515",5,3,21,"SGP",2.69435231497145,3.14681147903887,0.3265
"516",5,3,22,"SGP",4.76080967801158,3.58790808096706,0.17
"517",5,3,23,"SGP",6.14692964388035,3.71517324445123,0.1015
"518",5,3,24,"SGP",2.21554358871906,3.05575530262487,0.603
"519",5,3,25,"SGP",2.3139969401814,3.08393918794798,0.384
"520",5,3,26,"SGP",7.49135615493275,3.89251625157132,0.068
"521",5,3,27,"SGP",3.95099234203934,3.32989090936545,0.8055
"522",5,3,28,"SGP",7.95898232438331,4.14496537719395,0.925
"523",5,3,29,"SGP",5.44009855272869,3.60010041771797,0.1425
"524",5,3,30,"SGP",2.4715238958936,3.15948802832241,0.384
"525",5,3,31,"SGP",2.50722834120602,3.14449845848169,0.6705
"526",5,3,32,"SGP",3.56070508062847,3.27649471821616,0.787
"527",5,3,33,"SGP",3.83566392587647,3.31006467456911,0.19
"528",5,3,34,"SGP",2.08356136112012,3.15011185939956,0.399
"529",5,3,35,"SGP",3.68826042534365,3.43234857744667,0.7805
"530",5,3,36,"SGP",4.00909365541225,3.26964220824428,0.2065
"531",5,3,37,"SGP",1.96441468345835,2.95522727151646,0.5825
"532",5,3,38,"SGP",1.84587364487598,3.06205460122586,0.479
"533",5,3,1,"SGP50",3.80106226109032,3.58894666625762,0.6275
"534",5,3,2,"SGP50",4.99144347845078,3.77036308707758,0.225
"535",5,3,3,"SGP50",2.20047934929777,3.04217383527506,0.4355
"536",5,3,4,"SGP50",8.27460249408318,4.39484526139949,0.9265
"537",5,3,5,"SGP50",16.9441314013455,6.01041152472459,0.985
"538",5,3,6,"SGP50",10.1208267409929,4.06487343258751,0.9005
"539",5,3,7,"SGP50",15.7707522198994,5.13617360392441,0.973
"540",5,3,8,"SGP50",5.62842129015232,4.12798977921547,0.5185
"541",5,3,9,"SGP50",3.9627529283513,3.60042299288649,0.6195
"542",5,3,10,"SGP50",3.29640171666098,3.60438521600865,0.4285
"543",5,3,11,"SGP50",3.83492517580645,3.54100547468612,0.2985
"544",5,3,12,"SGP50",8.47177257659281,4.25243486903576,0.8855
"545",5,3,13,"SGP50",6.14475188294061,3.55918419049298,0.81
"546",5,3,14,"SGP50",4.18209252252568,3.87576077893884,0.375
"547",5,3,15,"SGP50",2.92188735239578,3.38384171373361,0.5835
"548",5,3,16,"SGP50",11.5206880735595,4.60085622164222,0.9675
"549",5,3,17,"SGP50",6.57330919385386,4.42298387632986,0.264
"550",5,3,18,"SGP50",4.46316905089696,3.76036769949658,0.283
"551",5,3,19,"SGP50",4.47644017223706,3.80434212229565,0.2665
"552",5,3,20,"SGP50",11.6359395383774,4.81309267339522,0.0915
"553",5,3,21,"SGP50",3.00192944713012,3.2753538879898,0.361
"554",5,3,22,"SGP50",3.96247548319533,3.54540331425877,0.254
"555",5,3,23,"SGP50",5.48201321347928,3.67752617530318,0.176
"556",5,3,24,"SGP50",2.41210200835775,3.25746084568815,0.5345
"557",5,3,25,"SGP50",2.82292429480728,3.24241060184312,0.3645
"558",5,3,26,"SGP50",7.91207628801652,4.09679459389553,0.104
"559",5,3,27,"SGP50",3.09550654036644,3.46119148514227,0.654
"560",5,3,28,"SGP50",6.41713302378274,3.91616157555629,0.847
"561",5,3,29,"SGP50",5.04524474272937,3.68483040465247,0.205
"562",5,3,30,"SGP50",2.83494415412071,3.23735631518201,0.365
"563",5,3,31,"SGP50",2.49633946820795,3.18864251712902,0.606
"564",5,3,32,"SGP50",3.45464253641468,3.34518270947159,0.7125
"565",5,3,33,"SGP50",3.82383466573924,3.50828990746633,0.2365
"566",5,3,34,"SGP50",2.38914848667768,3.17033565304483,0.4055
"567",5,3,35,"SGP50",3.29418713173345,3.3156612485318,0.698
"568",5,3,36,"SGP50",4.01125641399401,3.39549909186508,0.2145
"569",5,3,37,"SGP50",2.05604030275749,3.09306291853047,0.5125
"570",5,3,38,"SGP50",2.13543567510901,3.10109066235367,0.429
"571",5,4,1,"BMA",1.33879401464443,2.54428247719659,0.648
"572",5,4,2,"BMA",1.41808581999985,2.48651838812654,0.248
"573",5,4,3,"BMA",1.47805426473319,2.27917838186269,0.196
"574",5,4,4,"BMA",1.50994226856683,2.47980111883141,0.796
"575",5,4,5,"BMA",5.42791060535559,4.83831213895775,0.0065
"576",5,4,6,"BMA",1.03168296261475,2.34042747123336,0.4155
"577",5,4,7,"BMA",2.84528175956431,2.9434316025386,0.1025
"578",5,4,8,"BMA",0.927544253318674,2.34249678094757,0.526
"579",5,4,9,"BMA",2.6051207144756,2.95587527792433,0.8755
"580",5,4,10,"BMA",0.927335049368459,2.24928708914126,0.431
"581",5,4,11,"BMA",0.845906365017023,2.157367196142,0.4035
"582",5,4,12,"BMA",2.05674508092232,2.63356661397714,0.138
"583",5,4,13,"BMA",0.855768801114409,2.20896923948195,0.3985
"584",5,4,14,"BMA",2.5563930195815,2.89053817268216,0.0855
"585",5,4,15,"BMA",1.41922923058471,2.33870391711938,0.227
"586",5,4,16,"BMA",1.03291876738945,2.00915592352197,0.2985
"587",5,4,17,"BMA",0.581367127812905,1.80498369350933,0.454
"588",5,4,18,"BMA",0.505805836938305,1.70496278743354,0.4675
"589",5,4,19,"BMA",0.449195756977922,1.50897668323678,0.451
"590",5,4,20,"BMA",0.538383146128054,1.78296283745315,0.667
"591",5,4,21,"BMA",0.475137402095032,1.70472759213775,0.596
"592",5,4,22,"BMA",0.436652523302649,1.29399437301587,0.3785
"593",5,4,23,"BMA",0.772093250108372,1.18694482203901,0.082
"594",5,4,24,"BMA",0.27706820936624,0.0564189869159531,0.15
"595",5,4,25,"BMA",0.159959512624095,-0.479259988820953,0.1355
"596",5,4,26,"BMA",0.103620163435793,-0.976017014248273,0.0765
"597",5,4,27,"BMA",0.0534532258490168,-1.78846651815166,0.0215
"598",5,4,28,"BMA",0.0343840297828635,-2.25203252880907,0.0045
"599",5,4,29,"BMA",0.0266219266864049,-2.58165345412719,0
"600",5,4,30,"BMA",0.0146280421693025,-3.66303012678685,0
"601",5,4,31,"BMA",0.0107070589504302,-4.03418385183804,0
"602",5,4,32,"BMA",0.0064537344564488,-4.35309660235387,0
"603",5,4,33,"BMA",0.00581124756058277,-5.55907845256489,0
"604",5,4,34,"BMA",0.00498581604766,-6.03355392271704,0
"605",5,4,35,"BMA",0.00270295238779616,-6.89238188242229,0
"606",5,4,36,"BMA",0.00450260648453842,-7.80942454608878,0
"607",5,4,37,"BMA",0.00164609039066155,-7.80447287302451,0
"608",5,4,38,"BMA",0.00104548432359514,-9.94793728548966,0
"609",5,4,1,"AVS",1.33879401464443,2.56888284034084,0.644
"610",5,4,2,"AVS",1.59245546056046,2.45718897791643,0.2165
"611",5,4,3,"AVS",1.34699721043744,2.2196335089368,0.2185
"612",5,4,4,"AVS",1.65448388933849,2.44730843522381,0.839
"613",5,4,5,"AVS",5.21668211073365,4.47427872238584,0.011
"614",5,4,6,"AVS",1.03383957071194,2.34046806571157,0.405
"615",5,4,7,"AVS",2.71510410359536,2.90613048552126,0.1075
"616",5,4,8,"AVS",1.05347228744094,2.37022352800289,0.67
"617",5,4,9,"AVS",3.0920250291212,3.13168896625322,0.922
"618",5,4,10,"AVS",0.989047363133045,2.29024884888821,0.3695
"619",5,4,11,"AVS",0.862080972498564,2.1661978528404,0.3955
"620",5,4,12,"AVS",2.0551060282272,2.56041122954317,0.146
"621",5,4,13,"AVS",0.808376947466286,2.2006882528977,0.4505
"622",5,4,14,"AVS",2.38408462326057,2.91499388716971,0.0975
"623",5,4,15,"AVS",1.06050955884453,2.30602223045588,0.3285
"624",5,4,16,"AVS",0.770666690412471,1.81832361771784,0.3765
"625",5,4,17,"AVS",0.557105007718015,1.90643233692361,0.5055
"626",5,4,18,"AVS",0.519113212853592,1.86699396562103,0.4915
"627",5,4,19,"AVS",0.496816300669721,1.70037825779393,0.5015
"628",5,4,20,"AVS",0.618127989102595,1.98291866616228,0.642
"629",5,4,21,"AVS",0.585528804568417,1.8922751398372,0.5005
"630",5,4,22,"AVS",0.700889041788544,1.76825361908744,0.359
"631",5,4,23,"AVS",0.594437927119289,0.844113044991466,0.3725
"632",5,4,24,"AVS",0.329674691585248,0.335127508979216,0.4915
"633",5,4,25,"AVS",0.255522185226035,0.216842774987335,0.511
"634",5,4,26,"AVS",0.27564917580286,0.162911529764255,0.521
"635",5,4,27,"AVS",0.278228117668468,0.303793695766842,0.484
"636",5,4,28,"AVS",0.264127525195491,0.116003052383938,0.491
"637",5,4,29,"AVS",0.247658750776417,0.225205708182438,0.459
"638",5,4,30,"AVS",0.252844072821365,0.0974455084969725,0.485
"639",5,4,31,"AVS",0.272326411167423,0.187578439832962,0.4675
"640",5,4,32,"AVS",0.232622738335863,0.147918571939624,0.4685
"641",5,4,33,"AVS",0.23268740237334,0.0663152746933244,0.466
"642",5,4,34,"AVS",0.207616637897641,0.0326295788729016,0.4435
"643",5,4,35,"AVS",0.215926524253899,-0.0689627617682707,0.443
"644",5,4,36,"AVS",0.2006392185576,-0.141657762353258,0.4245
"645",5,4,37,"AVS",0.167044797828847,-0.332069278782175,0.404
"646",5,4,38,"AVS",0.159920452544014,-0.441394487195157,0.4065
"647",5,4,1,"EQW",1.33879401464443,2.57982359510824,0.644
"648",5,4,2,"EQW",1.30300891525755,2.45018489413996,0.28
"649",5,4,3,"EQW",1.65892965117006,2.47509301675402,0.2005
"650",5,4,4,"EQW",1.12748616685101,2.37114785079964,0.656
"651",5,4,5,"EQW",5.58014273444451,4.63968402763206,0.0135
"652",5,4,6,"EQW",1.27680379141543,2.51608408661492,0.3155
"653",5,4,7,"EQW",3.18655282144227,3.15039876094882,0.0735
"654",5,4,8,"EQW",1.02651921365877,2.34399026586145,0.3745
"655",5,4,9,"EQW",2.25877931385609,2.92275981546558,0.8665
"656",5,4,10,"EQW",0.889807938785077,2.25815390301256,0.497
"657",5,4,11,"EQW",0.8154303320768,2.17839855560968,0.417
"658",5,4,12,"EQW",1.98790270839435,2.54693370341213,0.145
"659",5,4,13,"EQW",0.854367314601846,2.19183128952324,0.3765
"660",5,4,14,"EQW",2.3687765058298,2.6727190880407,0.0935
"661",5,4,15,"EQW",1.67645691250812,2.40604828535229,0.17
"662",5,4,16,"EQW",1.52487992073983,2.20878420644316,0.1385
"663",5,4,17,"EQW",0.699373525566249,1.7395977847807,0.293
"664",5,4,18,"EQW",0.494180600625354,1.51867808704008,0.36
"665",5,4,19,"EQW",0.419507005882027,1.421876493146,0.4065
"666",5,4,20,"EQW",0.526035965849349,1.78240956495344,0.682
"667",5,4,21,"EQW",0.483759402543383,1.71012853761801,0.611
"668",5,4,22,"EQW",0.447181366320973,1.32493613958955,0.407
"669",5,4,23,"EQW",0.652292871155258,1.01212480660768,0.1735
"670",5,4,24,"EQW",0.297672153901361,0.279320420478871,0.2415
"671",5,4,25,"EQW",0.211579061319778,0.0357463354456668,0.234
"672",5,4,26,"EQW",0.175179610942247,-0.40111584244817,0.2565
"673",5,4,27,"EQW",0.145067330398428,-0.454297623064403,0.2385
"674",5,4,28,"EQW",0.132248345900566,-0.66646766470643,0.245
"675",5,4,29,"EQW",0.128341185836229,-0.764577693034336,0.2475
"676",5,4,30,"EQW",0.111218273846342,-0.858433898059751,0.2425
"677",5,4,31,"EQW",0.108658924693086,-0.852726970794455,0.242
"678",5,4,32,"EQW",0.104732382194903,-0.964164664495835,0.252
"679",5,4,33,"EQW",0.10257774409468,-1.08740811020473,0.2465
"680",5,4,34,"EQW",0.0925498820805356,-1.07817508118917,0.266
"681",5,4,35,"EQW",0.0932496073657092,-1.36792984191669,0.2355
"682",5,4,36,"EQW",0.0944432986736785,-1.08344393929862,0.2445
"683",5,4,37,"EQW",0.0891175976731443,-1.43471860555409,0.2685
"684",5,4,38,"EQW",0.0821359111032643,-1.23518496636761,0.231
"685",5,4,1,"SGP",1.33879401464443,2.57093456488747,0.6455
"686",5,4,2,"SGP",1.30386243224144,2.43715807605362,0.269
"687",5,4,3,"SGP",1.35750648727094,2.23361352529828,0.206
"688",5,4,4,"SGP",1.5217499963259,2.48741117145376,0.81
"689",5,4,5,"SGP",5.51143745790661,4.9764791534575,0.0035
"690",5,4,6,"SGP",0.958436841280849,2.36806054385886,0.534
"691",5,4,7,"SGP",2.32900520404063,2.78879518102166,0.1345
"692",5,4,8,"SGP",0.982674010311322,2.33600904857221,0.574
"693",5,4,9,"SGP",2.97646300261823,3.10464295605665,0.906
"694",5,4,10,"SGP",1.00185332618477,2.24022088483143,0.354
"695",5,4,11,"SGP",0.819545987521984,2.10276071106803,0.404
"696",5,4,12,"SGP",2.01552662202641,2.64731255710374,0.1355
"697",5,4,13,"SGP",0.853802762234167,2.24708810002538,0.428
"698",5,4,14,"SGP",2.2865277147063,2.70825478826949,0.1135
"699",5,4,15,"SGP",1.21790141272709,2.26216740269804,0.262
"700",5,4,16,"SGP",0.936760704587836,1.98181309299194,0.3185
"701",5,4,17,"SGP",0.565220106380229,1.83461769014823,0.479
"702",5,4,18,"SGP",0.511230386525696,1.72005090959306,0.507
"703",5,4,19,"SGP",0.485552669457778,1.69452428264553,0.4935
"704",5,4,20,"SGP",0.606116186654261,1.90230685855963,0.6485
"705",5,4,21,"SGP",0.569452918599359,1.93794589248693,0.5175
"706",5,4,22,"SGP",0.656572759384196,1.69017765910541,0.3475
"707",5,4,23,"SGP",0.602258333452704,0.812437660802327,0.3495
"708",5,4,24,"SGP",0.316047753412216,0.329519091706714,0.4405
"709",5,4,25,"SGP",0.252990417269172,0.115608798003742,0.4665
"710",5,4,26,"SGP",0.252924557616524,0.0927689845652446,0.4565
"711",5,4,27,"SGP",0.243783832094325,0.175455975893494,0.4475
"712",5,4,28,"SGP",0.231011168018879,-0.0268270716980285,0.4495
"713",5,4,29,"SGP",0.212512876951162,-0.125445980112265,0.3925
"714",5,4,30,"SGP",0.172962673152492,-0.31955149636884,0.3675
"715",5,4,31,"SGP",0.123303628652036,-0.70360051091997,0.281
"716",5,4,32,"SGP",0.0592546012539902,-1.81851205741078,0.166
"717",5,4,33,"SGP",0.0312495764506358,-3.23121671098186,0.1025
"718",5,4,34,"SGP",0.0188590558390022,-4.05599383866805,0.077
"719",5,4,35,"SGP",0.0125235476930934,-5.25881479553481,0.0655
"720",5,4,36,"SGP",0.0121715508383965,-5.46618839698074,0.0525
"721",5,4,37,"SGP",0.0085136696100135,-6.28195326982528,0.038
"722",5,4,38,"SGP",0.0058697208761002,-6.62976395220091,0.0435
"723",5,4,1,"SGP50",1.33879401464443,2.52105763061805,0.6535
"724",5,4,2,"SGP50",1.30299568002818,2.38783538786603,0.306
"725",5,4,3,"SGP50",1.64801501144011,2.44817691952341,0.186
"726",5,4,4,"SGP50",1.13927818529318,2.41247524710414,0.6855
"727",5,4,5,"SGP50",5.56444385171557,4.65940050038672,0.009
"728",5,4,6,"SGP50",1.24975725364307,2.38982179166503,0.3335
"729",5,4,7,"SGP50",3.15431162633191,3.02180023447517,0.083
"730",5,4,8,"SGP50",1.02244754238318,2.27017504277396,0.3795
"731",5,4,9,"SGP50",2.25258580490444,2.80333096822046,0.834
"732",5,4,10,"SGP50",0.886683898732738,2.31572256507101,0.49
"733",5,4,11,"SGP50",0.815319432830247,2.16633861868466,0.424
"734",5,4,12,"SGP50",1.99407611587467,2.54911434980468,0.1475
"735",5,4,13,"SGP50",0.860413030967277,2.15352661833453,0.3985
"736",5,4,14,"SGP50",2.38094565139683,2.77595111631194,0.0915
"737",5,4,15,"SGP50",1.67049103983563,2.36174508705829,0.1535
"738",5,4,16,"SGP50",1.51277585262858,2.217106867821,0.162
"739",5,4,17,"SGP50",0.688854149254552,1.66846071684002,0.3215
"740",5,4,18,"SGP50",0.493059240447029,1.50312327856209,0.3705
"741",5,4,19,"SGP50",0.422576255802739,1.39379217294923,0.424
"742",5,4,20,"SGP50",0.529843179965755,1.7355812069201,0.6755
"743",5,4,21,"SGP50",0.4861580802738,1.70865226675496,0.6095
"744",5,4,22,"SGP50",0.454794688479763,1.33033782931452,0.3955
"745",5,4,23,"SGP50",0.650085352728289,0.959598181259179,0.173
"746",5,4,24,"SGP50",0.297259304202402,0.150053746761123,0.268
"747",5,4,25,"SGP50",0.213049934342395,-0.058291503947783,0.247
"748",5,4,26,"SGP50",0.177096152829661,-0.382290141231277,0.258
"749",5,4,27,"SGP50",0.147060429744291,-0.475217597538254,0.2325
"750",5,4,28,"SGP50",0.134126399623023,-0.628570494028287,0.2645
"751",5,4,29,"SGP50",0.129786789075991,-0.815515432993282,0.2485
"752",5,4,30,"SGP50",0.112012137554247,-0.942472983185271,0.261
"753",5,4,31,"SGP50",0.108921152233183,-1.27526277882209,0.2545
"754",5,4,32,"SGP50",0.10442824745031,-1.07112655535234,0.2395
"755",5,4,33,"SGP50",0.101907798414247,-0.939052668056705,0.25
"756",5,4,34,"SGP50",0.0914576937985409,-1.19170918328999,0.2485
"757",5,4,35,"SGP50",0.0913007647128478,-1.18490548975184,0.227
"758",5,4,36,"SGP50",0.0921970337204023,-1.15017137322069,0.2295
"759",5,4,37,"SGP50",0.0863480807462543,-1.28245485322906,0.2575
"760",5,4,38,"SGP50",0.0791336937145056,-1.58394058247622,0.229
"761",5,5,1,"BMA",2.0783977929385,3.10116949236249,0.5585
"762",5,5,2,"BMA",3.5106820458772,3.28634949013779,0.8065
"763",5,5,3,"BMA",1.62144419284251,2.74836292605365,0.5815
"764",5,5,4,"BMA",1.28368452204046,2.57630154912423,0.5095
"765",5,5,5,"BMA",1.07423545502675,2.39846716072217,0.539
"766",5,5,6,"BMA",1.09852484970692,2.33128439818868,0.323
"767",5,5,7,"BMA",3.15885658936358,3.12157190863605,0.942
"768",5,5,8,"BMA",3.33593491982716,3.43277479585882,0.066
"769",5,5,9,"BMA",2.93909423221016,3.05241911173644,0.9185
"770",5,5,10,"BMA",5.9574329330333,5.38921644324813,0.9985
"771",5,5,11,"BMA",5.87464804598821,4.99950758520798,0.992
"772",5,5,12,"BMA",5.68227243889963,4.44460808063791,0.0335
"773",5,5,13,"BMA",16.1476521145477,7.43719462297273,0.004
"774",5,5,14,"BMA",1.77094545635187,2.99069730505148,0.4515
"775",5,5,15,"BMA",3.39769356594675,3.27823917138505,0.227
"776",5,5,16,"BMA",7.95682403442546,4.13994926610986,0.054
"777",5,5,17,"BMA",2.90600622545744,3.16762495096379,0.2455
"778",5,5,18,"BMA",3.25040996363836,3.27251888529056,0.2285
"779",5,5,19,"BMA",1.95125976655691,2.95533437242213,0.604
"780",5,5,20,"BMA",4.24422726733761,3.36633587716124,0.205
"781",5,5,21,"BMA",4.5690643594663,3.3979240291932,0.1355
"782",5,5,22,"BMA",1.67725256924044,2.75680793810764,0.34
"783",5,5,23,"BMA",3.49518730367296,3.10014729366622,0.122
"784",5,5,24,"BMA",1.61803540668426,2.55413238575697,0.282
"785",5,5,25,"BMA",1.05128439005866,2.35404040539099,0.3665
"786",5,5,26,"BMA",1.18776885728268,2.34091543219646,0.707
"787",5,5,27,"BMA",0.68867811403956,2.05769976462059,0.517
"788",5,5,28,"BMA",1.9514251876104,2.71721657189644,0.866
"789",5,5,29,"BMA",0.570210809390813,1.79647306810897,0.4515
"790",5,5,30,"BMA",0.849866313063966,2.02249328509394,0.7305
"791",5,5,31,"BMA",1.66831925130906,2.41567578614591,0.8775
"792",5,5,32,"BMA",0.4852256791151,1.58024024122279,0.433
"793",5,5,33,"BMA",0.860672055824546,1.69947988525762,0.177
"794",5,5,34,"BMA",0.848338418574891,1.62635886740888,0.1645
"795",5,5,35,"BMA",2.0177919933192,3.50469985025509,0.005
"796",5,5,36,"BMA",1.30586474462339,2.3192845297939,0.02
"797",5,5,37,"BMA",0.88124721324745,1.52907963338739,0.0955
"798",5,5,38,"BMA",0.516128825973573,1.11312989140381,0.1845
"799",5,5,1,"AVS",2.0783977929385,3.09015678504242,0.5425
"800",5,5,2,"AVS",3.12814597944736,3.19452893746974,0.802
"801",5,5,3,"AVS",1.60837495407493,2.87899640979077,0.5015
"802",5,5,4,"AVS",1.61661633158518,2.82680588655177,0.458
"803",5,5,5,"AVS",1.72861295520837,2.88487889628361,0.5735
"804",5,5,6,"AVS",1.63617196175156,2.82265767586311,0.547
"805",5,5,7,"AVS",5.00568886484861,3.60047261991643,0.93
"806",5,5,8,"AVS",3.47982805845853,3.52647101958444,0.0595
"807",5,5,9,"AVS",2.7953591634782,3.02993245262587,0.925
"808",5,5,10,"AVS",5.92772397933391,4.86728153309945,0.9965
"809",5,5,11,"AVS",5.75400440457202,5.05530381264627,0.992
"810",5,5,12,"AVS",6.00433248912408,4.5883950041441,0.0105
"811",5,5,13,"AVS",18.1574147468806,28.0343082781509,0
"812",5,5,14,"AVS",2.85194264228476,3.12242720030936,0.2045
"813",5,5,15,"AVS",6.37265868014284,3.7001379654047,0.087
"814",5,5,16,"AVS",9.57517859068411,4.53808989761485,0.0385
"815",5,5,17,"AVS",2.96848955438354,3.14646877201604,0.251
"816",5,5,18,"AVS",3.31513655122344,3.25586337049463,0.2305
"817",5,5,19,"AVS",2.42825378414236,3.08384808332419,0.6775
"818",5,5,20,"AVS",5.50999536154182,3.55673156554083,0.1095
"819",5,5,21,"AVS",5.44755577017264,3.58547127959693,0.1305
"820",5,5,22,"AVS",2.46615158932462,3.07871325135871,0.7195
"821",5,5,23,"AVS",2.25609615736144,2.90360778229464,0.2885
"822",5,5,24,"AVS",2.65568974786615,2.93349374754677,0.742
"823",5,5,25,"AVS",1.72603744351331,2.77195584775708,0.634
"824",5,5,26,"AVS",1.39726174137549,2.72208352002003,0.64
"825",5,5,27,"AVS",1.4336812582951,2.46578754570368,0.3505
"826",5,5,28,"AVS",1.94265015108284,2.65176962576812,0.841
"827",5,5,29,"AVS",0.855835826708712,2.07298294562887,0.3835
"828",5,5,30,"AVS",0.866126505823847,2.0776034992534,0.7325
"829",5,5,31,"AVS",1.71611814199163,2.53029003237629,0.8905
"830",5,5,32,"AVS",0.459827721562176,1.53815385616723,0.4445
"831",5,5,33,"AVS",0.807594534384821,1.66479911713957,0.1845
"832",5,5,34,"AVS",0.828082339623993,1.65642716089666,0.1555
"833",5,5,35,"AVS",2.00586741531442,3.57297795534305,0.0065
"834",5,5,36,"AVS",1.2906578501621,2.25140932249871,0.0365
"835",5,5,37,"AVS",0.866882658890102,1.51588537844851,0.103
"836",5,5,38,"AVS",0.51075990749286,1.07540996730969,0.2095
"837",5,5,1,"EQW",2.0783977929385,3.04274014871765,0.568
"838",5,5,2,"EQW",3.39106421705782,3.3580335986474,0.7685
"839",5,5,3,"EQW",1.65410589399132,2.78945326154165,0.596
"840",5,5,4,"EQW",1.52740929338654,2.73941952886477,0.524
"841",5,5,5,"EQW",1.57422135581398,2.74072315385146,0.5765
"842",5,5,6,"EQW",1.54330161327194,2.80245770636927,0.502
"843",5,5,7,"EQW",4.96367956929332,3.65046887471139,0.918
"844",5,5,8,"EQW",2.01355878184764,3.11383076945502,0.473
"845",5,5,9,"EQW",6.09145210244339,3.62452683078375,0.9315
"846",5,5,10,"EQW",8.97243974839707,4.55792926472519,0.978
"847",5,5,11,"EQW",11.3219899750498,4.71351708885518,0.9885
"848",5,5,12,"EQW",3.3918814340326,3.60851107955543,0.5485
"849",5,5,13,"EQW",8.15778257629149,4.15527217179326,0.1675
"850",5,5,14,"EQW",2.35372281297444,3.14070891071367,0.431
"851",5,5,15,"EQW",3.35553096948406,3.44595697783118,0.271
"852",5,5,16,"EQW",6.89005932257986,3.91366749570569,0.129
"853",5,5,17,"EQW",2.07663694417625,3.1048473380447,0.4435
"854",5,5,18,"EQW",1.90981150006998,3.02884642457196,0.425
"855",5,5,19,"EQW",3.50987028261547,3.22914088808984,0.7715
"856",5,5,20,"EQW",2.26531422848676,3.05603728415713,0.3715
"857",5,5,21,"EQW",3.0105758848476,3.11607483325155,0.2255
"858",5,5,22,"EQW",1.50593458337587,2.73973840003437,0.497
"859",5,5,23,"EQW",2.73354642391218,2.92028838680862,0.206
"860",5,5,24,"EQW",1.35031299103213,2.68824488813983,0.4895
"861",5,5,25,"EQW",1.19614758258159,2.5547656254753,0.506
"862",5,5,26,"EQW",1.43960418745294,2.66795719697302,0.6715
"863",5,5,27,"EQW",1.20985322481191,2.46691980279279,0.418
"864",5,5,28,"EQW",1.86246957318566,2.81423412707371,0.759
"865",5,5,29,"EQW",1.38556623052518,2.36226717045709,0.344
"866",5,5,30,"EQW",1.07036745219714,2.27014898611603,0.62
"867",5,5,31,"EQW",1.26332853949646,2.53137451482784,0.702
"868",5,5,32,"EQW",1.24721598683126,2.2400239680259,0.3115
"869",5,5,33,"EQW",1.23544829519113,2.34649749228076,0.2895
"870",5,5,34,"EQW",1.0456909356772,2.23632561107257,0.309
"871",5,5,35,"EQW",1.58540773463924,2.44839155008559,0.2155
"872",5,5,36,"EQW",0.973235004998921,2.10068982371138,0.2875
"873",5,5,37,"EQW",0.765707315721397,1.8346886768204,0.31
"874",5,5,38,"EQW",0.589247349244769,1.5798903228439,0.3575
"875",5,5,1,"SGP",2.0783977929385,2.99799025711247,0.543
"876",5,5,2,"SGP",3.73734078577457,3.41541632533837,0.832
"877",5,5,3,"SGP",1.76284671950197,2.68430395707729,0.679
"878",5,5,4,"SGP",0.907844418312855,2.26577858272634,0.5095
"879",5,5,5,"SGP",0.715340568529246,2.10448015511843,0.49
"880",5,5,6,"SGP",1.12768084135241,2.19385946422188,0.257
"881",5,5,7,"SGP",2.98186902191789,3.05881374333723,0.9495
"882",5,5,8,"SGP",3.42808899263981,3.48900633698227,0.065
"883",5,5,9,"SGP",2.7892547037389,3.02682948250131,0.914
"884",5,5,10,"SGP",5.96593810854165,5.31996946857632,0.9975
"885",5,5,11,"SGP",5.8238085186281,4.68586214992076,0.9915
"886",5,5,12,"SGP",5.82300092540759,4.61383011795174,0.02
"887",5,5,13,"SGP",17.8875420223791,8.80314655982736,0.004
"888",5,5,14,"SGP",2.85355742382343,3.17329856627216,0.1995
"889",5,5,15,"SGP",6.50280761260018,3.92303134894824,0.0695
"890",5,5,16,"SGP",11.6854078640139,5.55898168522264,0.0105
"891",5,5,17,"SGP",1.7609514909819,2.86306308501818,0.602
"892",5,5,18,"SGP",1.50697246224054,2.77714734106969,0.526
"893",5,5,19,"SGP",4.51444986941575,3.4970317582756,0.8675
"894",5,5,20,"SGP",3.75573481783861,3.33051149928408,0.157
"895",5,5,21,"SGP",2.79887554351359,2.99162533143553,0.243
"896",5,5,22,"SGP",2.72381568304224,2.96749641766868,0.7555
"897",5,5,23,"SGP",1.95710687011044,2.82694233421642,0.329
"898",5,5,24,"SGP",2.76209616570034,2.98114401576097,0.757
"899",5,5,25,"SGP",1.92874910741916,2.89270223155198,0.6725
"900",5,5,26,"SGP",1.50329044654385,2.75024151437454,0.6195
"901",5,5,27,"SGP",2.12942409078193,2.89881115715552,0.28
"902",5,5,28,"SGP",2.15078575356978,2.84717881733085,0.7295
"903",5,5,29,"SGP",2.93812749954096,3.13687925289663,0.1945
"904",5,5,30,"SGP",1.67388143911684,2.70255258110577,0.6605
"905",5,5,31,"SGP",1.54707391579024,2.67211390565394,0.6275
"906",5,5,32,"SGP",1.91070657748957,2.80679407633728,0.2855
"907",5,5,33,"SGP",1.19899939754114,2.70724999530283,0.537
"908",5,5,34,"SGP",1.11502566665115,2.71752315394545,0.5685
"909",5,5,35,"SGP",0.993585660116231,1.84459710505781,0.4625
"910",5,5,36,"SGP",0.646556305154034,2.08779538074776,0.624
"911",5,5,37,"SGP",0.872205982992273,1.53866108902076,0.103
"912",5,5,38,"SGP",0.514408607849248,1.13012179954164,0.186
"913",5,5,1,"SGP50",2.0783977929385,3.03805257170523,0.557
"914",5,5,2,"SGP50",3.40343581326154,3.27166605886344,0.7755
"915",5,5,3,"SGP50",1.64327351913105,2.7644362703974,0.6115
"916",5,5,4,"SGP50",1.48317117208614,2.78285066009136,0.524
"917",5,5,5,"SGP50",1.52651039554872,2.66746999798589,0.5735
"918",5,5,6,"SGP50",1.47005154233629,2.74557112157656,0.5085
"919",5,5,7,"SGP50",4.81665650116657,3.60843280810442,0.921
"920",5,5,8,"SGP50",1.95045917145161,3.11152513848681,0.446
"921",5,5,9,"SGP50",5.5965921837771,3.62164000683562,0.9375
"922",5,5,10,"SGP50",8.27633623305968,4.49409829574837,0.977
"923",5,5,11,"SGP50",9.88532060125769,4.67453250384553,0.9875
"924",5,5,12,"SGP50",3.02898642196844,3.59964732936539,0.4195
"925",5,5,13,"SGP50",10.1496560121306,4.57100194394353,0.0945
"926",5,5,14,"SGP50",2.2623334523346,3.09198786090903,0.38
"927",5,5,15,"SGP50",3.90723961010537,3.35689022791484,0.2375
"928",5,5,16,"SGP50",7.99971402673662,4.11691352397073,0.085
"929",5,5,17,"SGP50",1.98070670487886,3.02688876143286,0.4555
"930",5,5,18,"SGP50",1.92152419567142,2.97364851393563,0.4155
"931",5,5,19,"SGP50",3.23555864549624,3.22064087272755,0.757
"932",5,5,20,"SGP50",2.80730263243084,3.12531285689491,0.2605
"933",5,5,21,"SGP50",3.30387469269543,3.13769839682468,0.1985
"934",5,5,22,"SGP50",1.62411021271229,2.84605520721793,0.5455
"935",5,5,23,"SGP50",2.77587327557422,3.08974198543804,0.2165
"936",5,5,24,"SGP50",1.48463086954027,2.74397039070439,0.5025
"937",5,5,25,"SGP50",1.30396531501081,2.59393750305287,0.53
"938",5,5,26,"SGP50",1.403135046582,2.65382023824073,0.6335
"939",5,5,27,"SGP50",1.37212502707636,2.51674271982395,0.3905
"940",5,5,28,"SGP50",1.85225104007633,2.82277643927585,0.7375
"941",5,5,29,"SGP50",1.56737088383539,2.39186304435471,0.3115
"942",5,5,30,"SGP50",1.13509357720179,2.36910315622031,0.6275
"943",5,5,31,"SGP50",1.32901926753021,2.49362381979104,0.6875
"944",5,5,32,"SGP50",1.24067585519688,2.18834691899332,0.3155
"945",5,5,33,"SGP50",1.14431409990705,2.31519659797404,0.3105
"946",5,5,34,"SGP50",0.975540715658892,2.20560104794468,0.3175
"947",5,5,35,"SGP50",1.49692745768642,2.45067276872669,0.2235
"948",5,5,36,"SGP50",0.921362872201036,2.05492719520787,0.3035
"949",5,5,37,"SGP50",0.741537657647402,1.80966808997451,0.327
"950",5,5,38,"SGP50",0.575258006072408,1.56415136996374,0.3395
"951",5,6,1,"BMA",5.56951134545832,3.8808227822036,0.7225
"952",5,6,2,"BMA",4.5154961881686,3.70413442791099,0.6795
"953",5,6,3,"BMA",4.05983304515356,3.30388644622531,0.707
"954",5,6,4,"BMA",8.79814783722447,5.36751978526872,0.095
"955",5,6,5,"BMA",4.88513590839234,3.82335028880346,0.6095
"956",5,6,6,"BMA",10.9228311877148,4.32508528301073,0.891
"957",5,6,7,"BMA",4.62141929062256,3.92224038055389,0.3985
"958",5,6,8,"BMA",13.985946561067,4.43643911167374,0.9015
"959",5,6,9,"BMA",19.1610833422016,4.86949251711779,0.9455
"960",5,6,10,"BMA",5.16792492549605,4.02952743014632,0.531
"961",5,6,11,"BMA",4.06627065455194,3.79439178012447,0.4385
"962",5,6,12,"BMA",3.99728253566182,3.64655311682203,0.652
"963",5,6,13,"BMA",5.12029178537239,3.75568418121694,0.2685
"964",5,6,14,"BMA",3.50534671391225,3.63220662741956,0.3845
"965",5,6,15,"BMA",9.02887411925195,4.08404363310448,0.124
"966",5,6,16,"BMA",9.44968510065949,4.10590294099768,0.1245
"967",5,6,17,"BMA",4.56010395436805,3.54449635674213,0.2865
"968",5,6,18,"BMA",7.58386207029995,3.86369158990074,0.1265
"969",5,6,19,"BMA",2.53502221334804,3.12781375195519,0.3735
"970",5,6,20,"BMA",2.17381087619621,2.99362456784247,0.361
"971",5,6,21,"BMA",3.234152303612,3.21176195421785,0.7935
"972",5,6,22,"BMA",4.76993689956366,3.51440784419513,0.8935
"973",5,6,23,"BMA",1.29966027361301,2.59547420966646,0.555
"974",5,6,24,"BMA",2.54142405425379,2.76086958169607,0.1985
"975",5,6,25,"BMA",2.0904521475421,2.60835802746587,0.1885
"976",5,6,26,"BMA",1.5577107075518,2.57227106500281,0.773
"977",5,6,27,"BMA",4.54998395257536,4.09154854659764,0.959
"978",5,6,28,"BMA",2.94366161006127,3.00876643766082,0.887
"979",5,6,29,"BMA",1.1122865556397,2.30335406058331,0.6925
"980",5,6,30,"BMA",1.03320955588471,2.24284384246716,0.6985
"981",5,6,31,"BMA",1.97716379891933,2.69569661859599,0.871
"982",5,6,32,"BMA",0.838909708597689,2.14526044686784,0.6485
"983",5,6,33,"BMA",0.815223754269659,2.02664978551106,0.658
"984",5,6,34,"BMA",0.558690028732096,1.75185263758638,0.5
"985",5,6,35,"BMA",0.554564703158131,1.76268691454229,0.4795
"986",5,6,36,"BMA",0.559595824623047,1.84029961374733,0.5955
"987",5,6,37,"BMA",0.637091223214186,1.70277339036059,0.3265
"988",5,6,38,"BMA",3.26284416694388,4.52729605493024,0.0025
"989",5,6,1,"AVS",5.56951134545832,3.88706189252584,0.7125
"990",5,6,2,"AVS",4.75490502625679,3.92841061683602,0.6355
"991",5,6,3,"AVS",4.14246315541649,3.82268830578932,0.5215
"992",5,6,4,"AVS",9.07537416125748,4.39012589665507,0.1325
"993",5,6,5,"AVS",3.79968124612266,3.71358549985283,0.4615
"994",5,6,6,"AVS",8.65064640161418,4.05084485348306,0.8895
"995",5,6,7,"AVS",12.5706296241003,7.65620746472822,0.0045
"996",5,6,8,"AVS",14.4808967880159,4.53174805096192,0.899
"997",5,6,9,"AVS",2.20337156167629,2.88908300074043,0.7195
"998",5,6,10,"AVS",11.3512280326471,5.37993401759689,0.008
"999",5,6,11,"AVS",13.3908370111288,5.94287190541727,0.005
"1000",5,6,12,"AVS",5.08790780480232,3.57427971618347,0.1565
"1001",5,6,13,"AVS",16.4474241193101,5.98931914271228,0.0075
"1002",5,6,14,"AVS",2.625548653594,3.34864921185854,0.4255
"1003",5,6,15,"AVS",7.42403148255666,3.93522986001686,0.1045
"1004",5,6,16,"AVS",3.83800424136758,3.45164584451294,0.2415
"1005",5,6,17,"AVS",2.16875366608076,3.0961413666993,0.56
"1006",5,6,18,"AVS",2.57832041729294,3.12249193136086,0.3455
"1007",5,6,19,"AVS",3.72949189998111,3.3197801706367,0.8005
"1008",5,6,20,"AVS",2.59569358321685,3.08396895201641,0.6995
"1009",5,6,21,"AVS",5.77613875732125,3.63491012438472,0.88
"1010",5,6,22,"AVS",2.7077379353327,3.15333210998742,0.699
"1011",5,6,23,"AVS",6.12370477999197,3.91156800806932,0.099
"1012",5,6,24,"AVS",2.6945939770981,3.14244069652378,0.2675
"1013",5,6,25,"AVS",2.19447291528319,2.88882501486378,0.2875
"1014",5,6,26,"AVS",4.10790748442803,3.33253511326511,0.857
"1015",5,6,27,"AVS",1.83585737838807,2.84554904152895,0.6345
"1016",5,6,28,"AVS",4.00225594911829,3.1876577065089,0.137
"1017",5,6,29,"AVS",2.01478727729316,2.96556438143368,0.4165
"1018",5,6,30,"AVS",2.02322730428609,3.0034845149881,0.604
"1019",5,6,31,"AVS",2.28377206277514,3.08610301858037,0.661
"1020",5,6,32,"AVS",1.84153324097851,3.01429171494912,0.4235
"1021",5,6,33,"AVS",1.60375402525596,2.8276247127337,0.586
"1022",5,6,34,"AVS",1.37403801960148,2.66418670144762,0.4645
"1023",5,6,35,"AVS",0.976462364811769,2.2478035024971,0.5105
"1024",5,6,36,"AVS",0.727472343064783,2.07499509712693,0.6045
"1025",5,6,37,"AVS",0.680166488052042,1.75491735432036,0.3455
"1026",5,6,38,"AVS",3.17999395892844,4.11045488651143,0.019
"1027",5,6,1,"EQW",5.56951134545832,3.93004137249609,0.713
"1028",5,6,2,"EQW",4.64334197963865,3.68562593162974,0.7175
"1029",5,6,3,"EQW",5.57558475550567,3.63217190228894,0.765
"1030",5,6,4,"EQW",5.21055654538525,4.29442829269323,0.43
"1031",5,6,5,"EQW",5.20237648099878,3.57267829840299,0.6845
"1032",5,6,6,"EQW",12.9675658093526,4.36561149928587,0.9325
"1033",5,6,7,"EQW",5.6084813810185,4.16046992014589,0.4825
"1034",5,6,8,"EQW",11.3242020875858,4.02021160520759,0.873
"1035",5,6,9,"EQW",14.0103388381041,4.10632320285992,0.887
"1036",5,6,10,"EQW",7.80350853964894,4.31272083010618,0.5925
"1037",5,6,11,"EQW",6.37808255369143,4.24059994684663,0.4845
"1038",5,6,12,"EQW",5.86609203935924,3.90810037578454,0.602
"1039",5,6,13,"EQW",6.19710981586565,4.1068095913274,0.3865
"1040",5,6,14,"EQW",4.18604251593999,3.69532871213481,0.5465
"1041",5,6,15,"EQW",6.06976294917205,4.12432672980749,0.3205
"1042",5,6,16,"EQW",5.30136304023934,3.88373168941597,0.291
"1043",5,6,17,"EQW",3.34146081249482,3.54360920070928,0.4765
"1044",5,6,18,"EQW",5.05478429159002,3.65177358539964,0.286
"1045",5,6,19,"EQW",2.93329598991735,3.40172875646926,0.4575
"1046",5,6,20,"EQW",3.1287492472986,3.39157177372804,0.3935
"1047",5,6,21,"EQW",2.97508029615528,3.37625990872133,0.6425
"1048",5,6,22,"EQW",2.83769513596505,3.38706432231698,0.633
"1049",5,6,23,"EQW",3.61714618916157,3.29393764364485,0.283
"1050",5,6,24,"EQW",4.13323089454273,3.36898035651104,0.1905
"1051",5,6,25,"EQW",3.28385726930327,3.03999518389216,0.225
"1052",5,6,26,"EQW",2.0269799300805,3.00509902678663,0.6005
"1053",5,6,27,"EQW",2.31116231874678,3.11714839024583,0.6725
"1054",5,6,28,"EQW",2.00202825284247,3.0746043854248,0.4865
"1055",5,6,29,"EQW",1.62143547429163,2.74158556365294,0.4515
"1056",5,6,30,"EQW",1.46142019060893,2.70350088021743,0.553
"1057",5,6,31,"EQW",1.77636137226974,2.84154310032015,0.688
"1058",5,6,32,"EQW",1.33672257354112,2.54744448786199,0.527
"1059",5,6,33,"EQW",1.35691059880908,2.62301478977418,0.583
"1060",5,6,34,"EQW",1.19373296897092,2.48089081598168,0.4895
"1061",5,6,35,"EQW",1.14307796782402,2.40711252547574,0.53
"1062",5,6,36,"EQW",1.22495248793927,2.51408753657921,0.6035
"1063",5,6,37,"EQW",1.07496919571671,2.34623365307893,0.473
"1064",5,6,38,"EQW",2.02753048711526,2.75432749565234,0.2145
"1065",5,6,1,"SGP",5.56951134545832,3.91073101405902,0.7175
"1066",5,6,2,"SGP",5.58045159266786,3.64041567379947,0.835
"1067",5,6,3,"SGP",1.9052056906253,2.62966934861463,0.7805
"1068",5,6,4,"SGP",10.3730366285636,6.53839357769464,0.0265
"1069",5,6,5,"SGP",1.2599443231138,2.65318631652523,0.526
"1070",5,6,6,"SGP",5.67409137405769,3.66756624602394,0.9505
"1071",5,6,7,"SGP",12.4334545981188,7.16614341071558,0.008
"1072",5,6,8,"SGP",2.54077951986134,3.0558960400018,0.7375
"1073",5,6,9,"SGP",2.24667746844637,2.99009254758595,0.7315
"1074",5,6,10,"SGP",11.2007923974235,5.12093680315977,0.016
"1075",5,6,11,"SGP",13.2519080989284,5.5230313737836,0.0125
"1076",5,6,12,"SGP",5.04186816064071,3.57298178908419,0.152
"1077",5,6,13,"SGP",16.3185400059866,5.88587888394766,0.0075
"1078",5,6,14,"SGP",2.24107893931627,3.19629667303797,0.4635
"1079",5,6,15,"SGP",7.19621520475255,3.86515082172547,0.116
"1080",5,6,16,"SGP",3.81994789842055,3.38337784096912,0.268
"1081",5,6,17,"SGP",2.17246140887988,3.17008762035421,0.568
"1082",5,6,18,"SGP",2.5979813514657,3.22009535309933,0.3315
"1083",5,6,19,"SGP",3.70557793586377,3.30249148529084,0.778
"1084",5,6,20,"SGP",2.58496598309147,3.16848249088405,0.706
"1085",5,6,21,"SGP",5.74304605111015,3.62944630362565,0.887
"1086",5,6,22,"SGP",2.70685180283073,3.21810321573926,0.696
"1087",5,6,23,"SGP",6.10307520636997,3.67564996814031,0.1175
"1088",5,6,24,"SGP",2.70336149766669,3.14518811183909,0.262
"1089",5,6,25,"SGP",2.19941337212192,2.86571186304943,0.3005
"1090",5,6,26,"SGP",4.08850220904931,3.26525234597763,0.8365
"1091",5,6,27,"SGP",1.82147115021361,2.88429995147431,0.6395
"1092",5,6,28,"SGP",3.98196913075166,3.24407386670622,0.147
"1093",5,6,29,"SGP",2.01608394611222,2.95570266523158,0.3985
"1094",5,6,30,"SGP",2.02763180221762,3.03114148537224,0.5885
"1095",5,6,31,"SGP",2.29851891734767,3.13058463623269,0.638
"1096",5,6,32,"SGP",1.89055558180223,2.99346586840857,0.4275
"1097",5,6,33,"SGP",1.71560200918571,2.93433817581365,0.573
"1098",5,6,34,"SGP",1.70945115802623,2.89734756055287,0.463
"1099",5,6,35,"SGP",1.63108370307664,2.95803627288077,0.551
"1100",5,6,36,"SGP",1.6095722884864,2.93736362534125,0.581
"1101",5,6,37,"SGP",1.6203562821493,2.8629000855336,0.457
"1102",5,6,38,"SGP",1.98117320384434,2.93619335029312,0.306
"1103",5,6,1,"SGP50",5.56951134545832,3.88530981011596,0.7035
"1104",5,6,2,"SGP50",4.68951437644097,3.66131578185325,0.713
"1105",5,6,3,"SGP50",5.47666756377962,3.56200992061749,0.769
"1106",5,6,4,"SGP50",5.30671936398464,4.31579957676403,0.41
"1107",5,6,5,"SGP50",4.42808024919497,3.4374364586041,0.661
"1108",5,6,6,"SGP50",10.8964733709663,4.16357511305084,0.9405
"1109",5,6,7,"SGP50",5.92360161060224,4.2952887454915,0.3585
"1110",5,6,8,"SGP50",7.37483390863019,3.61579819147485,0.8245
"1111",5,6,9,"SGP50",7.28323945989774,3.58082094522493,0.817
"1112",5,6,10,"SGP50",6.42093581037562,4.4192997504704,0.3005
"1113",5,6,11,"SGP50",7.71662664297223,4.46455185449922,0.232
"1114",5,6,12,"SGP50",3.70488814964547,3.70923101581404,0.3695
"1115",5,6,13,"SGP50",10.4898329230903,4.60825724828096,0.147
"1116",5,6,14,"SGP50",2.6765490880581,3.32586059605648,0.4695
"1117",5,6,15,"SGP50",7.108164084167,3.9216024118353,0.1585
"1118",5,6,16,"SGP50",4.9687366650692,3.61033256461081,0.2085
"1119",5,6,17,"SGP50",2.59116667688712,3.30919590339105,0.4885
"1120",5,6,18,"SGP50",3.9360717518028,3.35772528419535,0.272
"1121",5,6,19,"SGP50",2.91061505502311,3.38427919194084,0.6405
"1122",5,6,20,"SGP50",2.4220195239162,3.20604505054655,0.5445
"1123",5,6,21,"SGP50",4.26926709047013,3.61512280318236,0.763
"1124",5,6,22,"SGP50",2.70387289135637,3.34383663369718,0.6555
"1125",5,6,23,"SGP50",5.12048592391963,3.49580771082134,0.173
"1126",5,6,24,"SGP50",3.19004977910329,3.21323829810199,0.252
"1127",5,6,25,"SGP50",2.48474906421046,3.00843699429434,0.267
"1128",5,6,26,"SGP50",3.07979118642991,3.1615720542577,0.7625
"1129",5,6,27,"SGP50",2.08370351659108,3.01502712406052,0.673
"1130",5,6,28,"SGP50",2.8545747807171,3.14003159467841,0.293
"1131",5,6,29,"SGP50",1.833393055739,2.88690585167719,0.4275
"1132",5,6,30,"SGP50",1.7704731907505,2.88017473979125,0.5945
"1133",5,6,31,"SGP50",2.05269454058736,2.87232871580209,0.649
"1134",5,6,32,"SGP50",1.62569917301067,2.75748260660819,0.4645
"1135",5,6,33,"SGP50",1.53255693832746,2.80375232361376,0.5785
"1136",5,6,34,"SGP50",1.43247184021374,2.64794282131695,0.4625
"1137",5,6,35,"SGP50",1.35355578857354,2.57508480366591,0.5515
"1138",5,6,36,"SGP50",1.33854775484903,2.64968896138002,0.581
"1139",5,6,37,"SGP50",1.2911821935456,2.56904068790694,0.4315
"1140",5,6,38,"SGP50",2.1126396046596,2.96307536175306,0.2435
"1141",5,7,1,"BMA",5.10444849536201,3.7513294761234,0.2745
"1142",5,7,2,"BMA",9.25385107863142,4.44324987756956,0.899
"1143",5,7,3,"BMA",6.7843462528373,3.84204528085475,0.1835
"1144",5,7,4,"BMA",2.79487561504131,3.41059092795104,0.5835
"1145",5,7,5,"BMA",7.01858290219589,3.88218588246451,0.8465
"1146",5,7,6,"BMA",3.93946854369634,3.41725520094266,0.7115
"1147",5,7,7,"BMA",7.52269560787387,3.92006878153705,0.914
"1148",5,7,8,"BMA",5.61190396349227,3.72012142543723,0.174
"1149",5,7,9,"BMA",2.72054429509317,3.35731449269355,0.403
"1150",5,7,10,"BMA",4.66545146771787,3.47399679969745,0.82
"1151",5,7,11,"BMA",2.5918035977726,3.18681921186477,0.339
"1152",5,7,12,"BMA",2.09495771405305,3.09984129257693,0.5805
"1153",5,7,13,"BMA",4.87287665397452,3.45105071785793,0.1845
"1154",5,7,14,"BMA",4.27802659661665,3.40986685194117,0.8045
"1155",5,7,15,"BMA",2.39651461854961,3.11271543842295,0.3705
"1156",5,7,16,"BMA",3.92919289957908,3.29347859917911,0.7945
"1157",5,7,17,"BMA",1.88424793727818,3.02592863991275,0.525
"1158",5,7,18,"BMA",9.93788729610058,4.58148141760958,0.0335
"1159",5,7,19,"BMA",8.97263854012511,4.25979806610328,0.047
"1160",5,7,20,"BMA",4.98057614500524,3.63676977560255,0.1515
"1161",5,7,21,"BMA",4.39619846990343,3.48175582730136,0.814
"1162",5,7,22,"BMA",3.148433267015,3.22347533500195,0.2615
"1163",5,7,23,"BMA",3.10305714130591,3.25963390557047,0.745
"1164",5,7,24,"BMA",2.10857736290926,3.12403860486307,0.38
"1165",5,7,25,"BMA",8.12114223517759,4.01650627449849,0.076
"1166",5,7,26,"BMA",1.98830631971885,3.05098390882718,0.547
"1167",5,7,27,"BMA",4.18970563571076,3.4173651670439,0.1915
"1168",5,7,28,"BMA",2.96044030712725,3.21002091743708,0.2485
"1169",5,7,29,"BMA",1.97765409515242,3.10554641107855,0.416
"1170",5,7,30,"BMA",1.81622855938656,2.9551836712924,0.558
"1171",5,7,31,"BMA",2.08150341962812,3.09677680176556,0.3785
"1172",5,7,32,"BMA",3.58606041248393,3.21655648584275,0.2055
"1173",5,7,33,"BMA",1.7488281369419,2.87086495054893,0.5495
"1174",5,7,34,"BMA",2.36540234314143,3.04291913881373,0.3005
"1175",5,7,35,"BMA",1.78159736174036,2.83099776298249,0.375
"1176",5,7,36,"BMA",1.99471338158667,2.83724828516018,0.3015
"1177",5,7,37,"BMA",1.31818257613377,2.55681462249973,0.4475
"1178",5,7,38,"BMA",1.58796623867421,2.60383237366728,0.6945
"1179",5,7,1,"AVS",5.10444849536201,3.70919380269356,0.2805
"1180",5,7,2,"AVS",11.2778442673137,4.8395508724783,0.9735
"1181",5,7,3,"AVS",7.56034097508887,3.95469746101308,0.17
"1182",5,7,4,"AVS",2.78315245917546,3.28768285665126,0.6225
"1183",5,7,5,"AVS",6.54923897864694,3.87209630427914,0.8695
"1184",5,7,6,"AVS",3.39269784559182,3.3754043190873,0.7225
"1185",5,7,7,"AVS",8.47957607996008,3.93742856706157,0.9305
"1186",5,7,8,"AVS",4.99033959787183,3.51471461210487,0.196
"1187",5,7,9,"AVS",2.18698504700816,3.21641483782003,0.4985
"1188",5,7,10,"AVS",4.79953925774646,3.55410971133505,0.8125
"1189",5,7,11,"AVS",2.44163502202093,3.1875246605977,0.376
"1190",5,7,12,"AVS",2.10688334137205,3.09373063868137,0.589
"1191",5,7,13,"AVS",4.6727937329907,3.46242852450505,0.1825
"1192",5,7,14,"AVS",4.37354897147746,3.35618991530133,0.806
"1193",5,7,15,"AVS",2.3414488570589,3.09820866166804,0.34
"1194",5,7,16,"AVS",3.99630344333671,3.37454866849985,0.805
"1195",5,7,17,"AVS",1.89321668343977,3.00464687868988,0.5525
"1196",5,7,18,"AVS",9.75814036574497,4.4640012003001,0.029
"1197",5,7,19,"AVS",8.83761177945265,4.26579610047163,0.0565
"1198",5,7,20,"AVS",4.95275210828383,3.52068475453274,0.155
"1199",5,7,21,"AVS",4.37314306084417,3.38868150916929,0.7835
"1200",5,7,22,"AVS",3.15690788659054,3.26553854119388,0.2475
"1201",5,7,23,"AVS",3.08687111639007,3.15839991797312,0.7375
"1202",5,7,24,"AVS",2.1115822632482,3.10938053992492,0.389
"1203",5,7,25,"AVS",8.1538499838085,4.13030434756403,0.0675
"1204",5,7,26,"AVS",1.9886966673358,3.05336686369798,0.541
"1205",5,7,27,"AVS",4.23238381735672,3.38058255842714,0.1865
"1206",5,7,28,"AVS",2.97861714795175,3.20735671806199,0.279
"1207",5,7,29,"AVS",1.96785321359434,3.08747277929611,0.412
"1208",5,7,30,"AVS",1.828224000424,2.89923259219109,0.556
"1209",5,7,31,"AVS",2.12414641276963,3.03065883443388,0.362
"1210",5,7,32,"AVS",3.69352061365146,3.23721123926943,0.21
"1211",5,7,33,"AVS",1.82769782573077,2.89118465514894,0.5415
"1212",5,7,34,"AVS",2.54484133966523,3.11101774052168,0.275
"1213",5,7,35,"AVS",2.00236188929247,2.98442154102612,0.3975
"1214",5,7,36,"AVS",2.17465050851757,3.03346447876969,0.3385
"1215",5,7,37,"AVS",1.72246173248448,2.90474456968228,0.4845
"1216",5,7,38,"AVS",1.837471737593,2.98349645117716,0.6225
"1217",5,7,1,"EQW",5.10444849536201,3.71237320257602,0.2725
"1218",5,7,2,"EQW",6.90746096823523,4.02298237901381,0.8045
"1219",5,7,3,"EQW",7.01198504210347,3.95056382399605,0.162
"1220",5,7,4,"EQW",2.93755736844363,3.42434727305766,0.5165
"1221",5,7,5,"EQW",5.68542444971876,3.77209293002305,0.7645
"1222",5,7,6,"EQW",4.63717869594643,3.55346768775586,0.6925
"1223",5,7,7,"EQW",9.69848534577104,4.03687550232709,0.892
"1224",5,7,8,"EQW",4.36489552461299,3.94323545675012,0.4365
"1225",5,7,9,"EQW",4.02871677743991,3.82208190283781,0.5
"1226",5,7,10,"EQW",6.51555645636518,3.72238745393729,0.791
"1227",5,7,11,"EQW",3.8519311443043,3.6231651703315,0.5265
"1228",5,7,12,"EQW",4.16513276596565,3.52968348926462,0.656
"1229",5,7,13,"EQW",3.89977208296426,3.70491093719742,0.3815
"1230",5,7,14,"EQW",5.73917388803108,3.57365012335389,0.7955
"1231",5,7,15,"EQW",3.40681233120081,3.47387060282362,0.537
"1232",5,7,16,"EQW",6.58540629996549,3.57743313934693,0.832
"1233",5,7,17,"EQW",4.85035998877951,3.4916971192361,0.6905
"1234",5,7,18,"EQW",5.64455798561155,4.18006478739933,0.304
"1235",5,7,19,"EQW",7.6162724995173,4.38521436789238,0.1865
"1236",5,7,20,"EQW",4.54463175391085,3.64223849500598,0.2815
"1237",5,7,21,"EQW",5.17857815300296,3.65943920067925,0.762
"1238",5,7,22,"EQW",2.74820495532221,3.3804316506961,0.4655
"1239",5,7,23,"EQW",5.52292831663958,3.56017958973943,0.826
"1240",5,7,24,"EQW",3.42831180363631,3.44144544587162,0.6285
"1241",5,7,25,"EQW",4.11428934533736,3.72840554476224,0.3095
"1242",5,7,26,"EQW",3.06179650583393,3.31151045718391,0.6755
"1243",5,7,27,"EQW",2.69663261733277,3.37477990537335,0.396
"1244",5,7,28,"EQW",2.36740320261093,3.22542427602079,0.4335
"1245",5,7,29,"EQW",2.12297038582028,3.08228670354935,0.482
"1246",5,7,30,"EQW",2.44219060546486,3.09750534782518,0.657
"1247",5,7,31,"EQW",2.05926894940482,3.04497412338963,0.5325
"1248",5,7,32,"EQW",2.3772350845458,3.09017890145717,0.382
"1249",5,7,33,"EQW",2.24859001444178,2.99496180826501,0.662
"1250",5,7,34,"EQW",1.80399992569862,3.02249447969981,0.477
"1251",5,7,35,"EQW",1.68124642029069,2.93542026648336,0.518
"1252",5,7,36,"EQW",1.62254139085529,2.88568736127825,0.449
"1253",5,7,37,"EQW",1.65121075960544,2.78932674839966,0.588
"1254",5,7,38,"EQW",2.55027517772444,3.01171337584529,0.7585
"1255",5,7,1,"SGP",5.10444849536201,3.78267702139446,0.2675
"1256",5,7,2,"SGP",10.4340959959033,4.62032967648971,0.9475
"1257",5,7,3,"SGP",7.13809842167662,3.9545433138956,0.1385
"1258",5,7,4,"SGP",2.47579713873222,3.33475139724602,0.5485
"1259",5,7,5,"SGP",4.9820956093733,3.58765063287494,0.812
"1260",5,7,6,"SGP",2.76264853707332,3.28636119408097,0.641
"1261",5,7,7,"SGP",5.76752480090294,3.63728375443004,0.873
"1262",5,7,8,"SGP",8.65980388362329,4.37792020348937,0.0495
"1263",5,7,9,"SGP",8.30400393016455,4.31914908697195,0.073
"1264",5,7,10,"SGP",2.55994170552393,3.16201857624645,0.666
"1265",5,7,11,"SGP",4.73911588031509,3.54842855852001,0.1615
"1266",5,7,12,"SGP",2.06358908135981,3.03541540934081,0.376
"1267",5,7,13,"SGP",8.20047728008803,4.12473509514301,0.0585
"1268",5,7,14,"SGP",2.42198618258409,3.09724396204939,0.678
"1269",5,7,15,"SGP",4.07069006108536,3.32468446784497,0.1775
"1270",5,7,16,"SGP",2.53210014729553,3.06882665108064,0.6905
"1271",5,7,17,"SGP",1.99265719778146,3.00021995668414,0.364
"1272",5,7,18,"SGP",13.1495958067094,5.52607548026872,0.0075
"1273",5,7,19,"SGP",13.6790214792166,5.64219453842692,0.0135
"1274",5,7,20,"SGP",3.04867711147879,3.18554699450942,0.262
"1275",5,7,21,"SGP",7.8534627483116,3.90416400621188,0.9215
"1276",5,7,22,"SGP",2.51869208184373,3.07581675587011,0.336
"1277",5,7,23,"SGP",4.43948971542563,3.40302161202195,0.8045
"1278",5,7,24,"SGP",1.99137643755931,3.04916477152351,0.427
"1279",5,7,25,"SGP",7.34152678958445,3.96833428267449,0.083
"1280",5,7,26,"SGP",2.47214401453809,3.16247412075216,0.6475
"1281",5,7,27,"SGP",3.13880562933396,3.17403667027134,0.272
"1282",5,7,28,"SGP",2.18349318205879,3.04360870850339,0.393
"1283",5,7,29,"SGP",2.10042684285803,3.05652486160893,0.4375
"1284",5,7,30,"SGP",1.78765858618986,3.02404306006868,0.5795
"1285",5,7,31,"SGP",2.12866848617898,3.05912999191241,0.3625
"1286",5,7,32,"SGP",3.37295091046398,3.23833881904779,0.2215
"1287",5,7,33,"SGP",2.19171475842902,3.12525907993003,0.6405
"1288",5,7,34,"SGP",2.15675617654622,3.03587318984688,0.3455
"1289",5,7,35,"SGP",1.76049215812484,2.97635866699431,0.5205
"1290",5,7,36,"SGP",1.78418179062796,2.94417327946065,0.4045
"1291",5,7,37,"SGP",1.93738976886143,2.92016288737186,0.595
"1292",5,7,38,"SGP",2.47253525894811,3.09584414377357,0.702
"1293",5,7,1,"SGP50",5.10444849536201,3.73941337524027,0.265
"1294",5,7,2,"SGP50",7.07180865392473,4.09149691099122,0.807
"1295",5,7,3,"SGP50",6.90350608551146,3.90577277093837,0.1635
"1296",5,7,4,"SGP50",2.85627409083793,3.46007238330085,0.5235
"1297",5,7,5,"SGP50",5.8145383514044,3.79413394427187,0.802
"1298",5,7,6,"SGP50",4.4302413009238,3.56638012105587,0.6915
"1299",5,7,7,"SGP50",9.14105858654096,4.00297349552533,0.9065
"1300",5,7,8,"SGP50",4.50122645434108,3.89394607818762,0.3405
"1301",5,7,9,"SGP50",3.83965617840514,3.79048724730392,0.4305
"1302",5,7,10,"SGP50",5.31511264397363,3.56448921734725,0.763
"1303",5,7,11,"SGP50",3.23326271129596,3.48754875400387,0.4335
"1304",5,7,12,"SGP50",2.87432462079087,3.27630858293239,0.5885
"1305",5,7,13,"SGP50",4.52590014933419,3.750556409936,0.273
"1306",5,7,14,"SGP50",4.2863890105867,3.47552592018612,0.7835
"1307",5,7,15,"SGP50",2.71891510928966,3.3151671793231,0.3995
"1308",5,7,16,"SGP50",4.41624138640363,3.31349268514628,0.7985
"1309",5,7,17,"SGP50",2.56069952621601,3.23555983835293,0.5555
"1310",5,7,18,"SGP50",8.29277161873894,4.41881032827568,0.126
"1311",5,7,19,"SGP50",9.88598849059025,4.70942388703341,0.0755
"1312",5,7,20,"SGP50",4.52824193944807,3.51247826408784,0.2235
"1313",5,7,21,"SGP50",5.19534701723161,3.6844228438799,0.8035
"1314",5,7,22,"SGP50",2.63898095015993,3.22464382564216,0.363
"1315",5,7,23,"SGP50",4.22761477964449,3.39029429064613,0.78
"1316",5,7,24,"SGP50",2.21273104829641,3.18126692046948,0.5
"1317",5,7,25,"SGP50",5.96187270926364,3.73479303045024,0.176
"1318",5,7,26,"SGP50",2.33217633292236,3.13278858530753,0.6065
"1319",5,7,27,"SGP50",3.09451200721178,3.2404113704078,0.313
"1320",5,7,28,"SGP50",2.46985753198004,3.19475453189712,0.3515
"1321",5,7,29,"SGP50",2.04560331474695,3.11587452265895,0.4125
"1322",5,7,30,"SGP50",1.92104250124012,3.0175210380155,0.584
"1323",5,7,31,"SGP50",1.90588843267977,3.12328560638747,0.4325
"1324",5,7,32,"SGP50",2.98178874871229,3.14454237377508,0.242
"1325",5,7,33,"SGP50",1.94598806848121,2.96136559193031,0.603
"1326",5,7,34,"SGP50",1.94419084782621,2.94159792011892,0.389
"1327",5,7,35,"SGP50",1.64840338507203,2.8848941537854,0.4595
"1328",5,7,36,"SGP50",1.76631536705903,2.87410036918781,0.4025
"1329",5,7,37,"SGP50",1.59982664732398,2.81631997166727,0.5675
"1330",5,7,38,"SGP50",2.1465906935334,2.9570355077252,0.71
"1331",5,8,1,"BMA",8.16645518413361,4.4457346080994,0.912
"1332",5,8,2,"BMA",9.49944005974605,4.27294096952975,0.906
"1333",5,8,3,"BMA",5.90421044813286,3.92032071943739,0.7215
"1334",5,8,4,"BMA",5.14154412108504,3.90933030423665,0.5755
"1335",5,8,5,"BMA",5.73309248069164,3.89999264789332,0.682
"1336",5,8,6,"BMA",5.44068772552516,3.91275005319087,0.296
"1337",5,8,7,"BMA",4.0547881571551,3.93502565667352,0.5445
"1338",5,8,8,"BMA",7.48656276271535,4.26933006086353,0.2415
"1339",5,8,9,"BMA",7.68224172808774,3.89215194684252,0.722
"1340",5,8,10,"BMA",26.9888959142329,7.45495498286879,0.9995
"1341",5,8,11,"BMA",27.3611553570635,6.79722213283949,0.993
"1342",5,8,12,"BMA",6.32743336676364,4.09094440076687,0.703
"1343",5,8,13,"BMA",3.94570763172482,3.72298587796732,0.6305
"1344",5,8,14,"BMA",3.37748374193701,3.59377197595155,0.543
"1345",5,8,15,"BMA",3.14038353727187,3.56392605717366,0.4975
"1346",5,8,16,"BMA",7.08925839184616,3.96196123024068,0.1815
"1347",5,8,17,"BMA",16.6956924888877,4.99106448901931,0.052
"1348",5,8,18,"BMA",6.40140946284231,3.87210672874509,0.2245
"1349",5,8,19,"BMA",13.8081923260654,4.605409907282,0.0555
"1350",5,8,20,"BMA",5.80562715975148,3.78494283124721,0.2115
"1351",5,8,21,"BMA",2.91529112362173,3.43197156384903,0.505
"1352",5,8,22,"BMA",2.78905470667239,3.40339226759531,0.576
"1353",5,8,23,"BMA",4.14922576621022,3.54396159227329,0.726
"1354",5,8,24,"BMA",3.03977035156461,3.48806946107349,0.6775
"1355",5,8,25,"BMA",4.19444089229464,3.50190981716017,0.7885
"1356",5,8,26,"BMA",2.32943227425287,3.05229307432928,0.333
"1357",5,8,27,"BMA",2.7369210787561,3.07364947472439,0.249
"1358",5,8,28,"BMA",1.699413384717,2.7804490440184,0.3565
"1359",5,8,29,"BMA",3.8401561133929,3.29992756429972,0.8545
"1360",5,8,30,"BMA",5.2803088907229,3.79242935345266,0.9195
"1361",5,8,31,"BMA",4.64967291783254,3.62872991262463,0.8995
"1362",5,8,32,"BMA",7.64504969048056,4.44460285666144,0.963
"1363",5,8,33,"BMA",7.85586305977227,4.48260295805228,0.9575
"1364",5,8,34,"BMA",8.61312065889402,4.92855087318667,0.942
"1365",5,8,35,"BMA",3.60724788240121,3.66772022661525,0.7065
"1366",5,8,36,"BMA",3.17352383842421,3.50798895860116,0.6885
"1367",5,8,37,"BMA",2.17132548875662,3.10772810543837,0.504
"1368",5,8,38,"BMA",2.2918332977408,2.85460671123788,0.298
"1369",5,8,1,"AVS",8.16645518413361,4.44665051899069,0.9175
"1370",5,8,2,"AVS",10.4301587337804,4.61498556478627,0.936
"1371",5,8,3,"AVS",9.92251908319146,4.35055308034264,0.8895
"1372",5,8,4,"AVS",4.27085491690829,3.62871743148979,0.3575
"1373",5,8,5,"AVS",3.98042517544224,3.71350224047866,0.672
"1374",5,8,6,"AVS",6.05302403093161,3.91865300404196,0.236
"1375",5,8,7,"AVS",3.98356602221574,3.84365183234787,0.5255
"1376",5,8,8,"AVS",7.59487872906502,4.26200094825595,0.2685
"1377",5,8,9,"AVS",8.05151431381845,3.93494688170734,0.734
"1378",5,8,10,"AVS",26.8721783658998,7.39390456805809,0.9995
"1379",5,8,11,"AVS",3.79980030547215,3.50805159426348,0.5935
"1380",5,8,12,"AVS",18.1279624671153,5.94326797547108,0.0075
"1381",5,8,13,"AVS",10.0433994485673,4.32097770577675,0.097
"1382",5,8,14,"AVS",6.24054047088937,3.79375718516474,0.179
"1383",5,8,15,"AVS",4.82087350732312,3.64272382357357,0.226
"1384",5,8,16,"AVS",12.1172184721625,4.81093712525514,0.037
"1385",5,8,17,"AVS",14.1515161355465,4.88396164787884,0.039
"1386",5,8,18,"AVS",7.54511864584288,3.90614952132636,0.8585
"1387",5,8,19,"AVS",10.3561214808511,4.30475322376121,0.105
"1388",5,8,20,"AVS",3.97863104520902,3.54672103414806,0.7025
"1389",5,8,21,"AVS",5.16559589400171,3.61183625461385,0.7835
"1390",5,8,22,"AVS",2.33815244615579,3.2764501500891,0.514
"1391",5,8,23,"AVS",3.0173919483747,3.46402097238271,0.627
"1392",5,8,24,"AVS",2.86537806423762,3.35780071604921,0.3775
"1393",5,8,25,"AVS",2.90895444531262,3.27433912435277,0.613
"1394",5,8,26,"AVS",5.34432211970879,3.7346104142069,0.184
"1395",5,8,27,"AVS",2.27986896007581,3.24354253954954,0.5445
"1396",5,8,28,"AVS",3.6613689868576,3.45775468983354,0.696
"1397",5,8,29,"AVS",3.74130036679663,3.3207212348683,0.7365
"1398",5,8,30,"AVS",2.49190258727692,3.24694602355631,0.371
"1399",5,8,31,"AVS",2.43882854954193,3.25057208499186,0.4145
"1400",5,8,32,"AVS",3.08980922732846,3.24915774679056,0.6905
"1401",5,8,33,"AVS",2.37853849893092,3.2212660523847,0.4885
"1402",5,8,34,"AVS",2.34273777511108,3.2403462278715,0.537
"1403",5,8,35,"AVS",3.1422168576719,3.31793811085579,0.323
"1404",5,8,36,"AVS",2.16756329439202,3.23092301526543,0.5325
"1405",5,8,37,"AVS",2.42639200598911,3.14586557577821,0.3655
"1406",5,8,38,"AVS",2.52070629533504,3.17467795859783,0.3585
"1407",5,8,1,"EQW",8.16645518413361,4.43345772753326,0.9115
"1408",5,8,2,"EQW",10.8703712411092,4.69644008656576,0.9435
"1409",5,8,3,"EQW",4.60333214133454,3.72217241630501,0.6135
"1410",5,8,4,"EQW",5.70227284931819,3.70473724844502,0.7225
"1411",5,8,5,"EQW",9.98231333765818,4.09657019269035,0.8705
"1412",5,8,6,"EQW",5.20106208342316,4.2121367114314,0.492
"1413",5,8,7,"EQW",5.32137891255937,3.72029648846037,0.7225
"1414",5,8,8,"EQW",8.36420403932727,4.21356037127826,0.2
"1415",5,8,9,"EQW",3.78834058593408,3.67164523927274,0.529
"1416",5,8,10,"EQW",19.1169971994267,5.17759119767523,0.966
"1417",5,8,11,"EQW",12.9015215205608,4.23983728288253,0.8095
"1418",5,8,12,"EQW",6.82943403404139,4.52151033469972,0.5285
"1419",5,8,13,"EQW",4.94493916676243,3.97833347605224,0.54
"1420",5,8,14,"EQW",4.55531946724128,3.84160032197678,0.5335
"1421",5,8,15,"EQW",4.41118977986092,3.86219860470341,0.5525
"1422",5,8,16,"EQW",6.24767889577781,4.21047600154006,0.328
"1423",5,8,17,"EQW",8.89217192181163,4.37648515532803,0.2235
"1424",5,8,18,"EQW",4.39170523240089,3.92462780555281,0.5605
"1425",5,8,19,"EQW",8.70724940044799,4.08114362852145,0.18
"1426",5,8,20,"EQW",3.48574285967924,3.55324154930869,0.404
"1427",5,8,21,"EQW",3.3793797706151,3.50447203003478,0.623
"1428",5,8,22,"EQW",2.91177924683202,3.46579139824795,0.5475
"1429",5,8,23,"EQW",3.89069550422855,3.66236033291677,0.685
"1430",5,8,24,"EQW",2.97877894060203,3.49636736273711,0.5685
"1431",5,8,25,"EQW",3.73564008845699,3.60746898013892,0.6945
"1432",5,8,26,"EQW",3.56698188167532,3.33492869325518,0.3045
"1433",5,8,27,"EQW",2.66402370898292,3.20299443645127,0.374
"1434",5,8,28,"EQW",2.08927404486628,3.07147612400845,0.469
"1435",5,8,29,"EQW",3.3353070774711,3.3482809533625,0.75
"1436",5,8,30,"EQW",3.13355744106374,3.49399853989704,0.687
"1437",5,8,31,"EQW",2.94904332008378,3.38137259082735,0.6455
"1438",5,8,32,"EQW",5.11369695399346,3.8802728609332,0.796
"1439",5,8,33,"EQW",4.68860355384503,3.8769673453832,0.7395
"1440",5,8,34,"EQW",5.53806701355079,3.88414979152654,0.7595
"1441",5,8,35,"EQW",3.78801192599351,3.75153048713906,0.6325
"1442",5,8,36,"EQW",3.93746146544664,3.64052353220689,0.7065
"1443",5,8,37,"EQW",2.66635008180864,3.37793290741011,0.585
"1444",5,8,38,"EQW",2.15743924852759,3.10857102074858,0.457
"1445",5,8,1,"SGP",8.16645518413361,4.41712426884118,0.918
"1446",5,8,2,"SGP",11.6711605730515,6.28047107833832,0.986
"1447",5,8,3,"SGP",2.33685502182158,3.09297337969272,0.3175
"1448",5,8,4,"SGP",2.0781236375201,2.90459690484261,0.7075
"1449",5,8,5,"SGP",5.3429353909187,3.75930945396555,0.931
"1450",5,8,6,"SGP",11.5286225332209,5.96460552330957,0.0145
"1451",5,8,7,"SGP",2.28572524326002,3.03398784331725,0.6775
"1452",5,8,8,"SGP",20.8450698067839,7.62331102488019,0.0035
"1453",5,8,9,"SGP",5.54666601902717,3.65852666031679,0.1775
"1454",5,8,10,"SGP",9.43975835383102,4.18004885867452,0.9155
"1455",5,8,11,"SGP",2.40944719005753,3.22499582891981,0.4865
"1456",5,8,12,"SGP",17.874499819072,5.76651995148936,0.0115
"1457",5,8,13,"SGP",9.93135090428307,4.32900241301213,0.092
"1458",5,8,14,"SGP",6.18677716184335,3.73008715327329,0.181
"1459",5,8,15,"SGP",4.79425383827521,3.62323396810235,0.226
"1460",5,8,16,"SGP",12.0711940584995,4.61807252184732,0.0515
"1461",5,8,17,"SGP",11.9695225897872,4.63493981825577,0.054
"1462",5,8,18,"SGP",7.50531761869761,3.84046599302016,0.8465
"1463",5,8,19,"SGP",10.3452704378132,4.2785744866423,0.1025
"1464",5,8,20,"SGP",3.95555945335291,3.55906013082199,0.7045
"1465",5,8,21,"SGP",5.13987695026106,3.69879291097011,0.7865
"1466",5,8,22,"SGP",2.34352477031201,3.33759871471956,0.5
"1467",5,8,23,"SGP",3.02229695734612,3.43785688778364,0.6335
"1468",5,8,24,"SGP",2.86325198278868,3.27011155754538,0.3805
"1469",5,8,25,"SGP",2.91388112936759,3.32399423034287,0.633
"1470",5,8,26,"SGP",5.32966779409816,3.69947664282253,0.1825
"1471",5,8,27,"SGP",2.27805457667744,3.21918637086791,0.5475
"1472",5,8,28,"SGP",3.63628982763568,3.42370139157243,0.7115
"1473",5,8,29,"SGP",3.73719297350999,3.42779799977969,0.7325
"1474",5,8,30,"SGP",2.49287304412337,3.24186169311655,0.383
"1475",5,8,31,"SGP",2.43700414268014,3.21933071612096,0.401
"1476",5,8,32,"SGP",3.10583761496942,3.3093894253704,0.688
"1477",5,8,33,"SGP",2.38788518174761,3.20045370807201,0.5115
"1478",5,8,34,"SGP",2.35982776556983,3.22581001634079,0.5505
"1479",5,8,35,"SGP",3.12676371851107,3.34359678672415,0.2895
"1480",5,8,36,"SGP",2.17725082171119,3.2330544766758,0.538
"1481",5,8,37,"SGP",2.42085015429546,3.21923924232496,0.366
"1482",5,8,38,"SGP",2.51549312829049,3.17824481687271,0.363
"1483",5,8,1,"SGP50",8.16645518413361,4.37936110473279,0.912
"1484",5,8,2,"SGP50",10.9343856310034,4.58745901942062,0.949
"1485",5,8,3,"SGP50",4.4880511514821,3.6714738344302,0.6085
"1486",5,8,4,"SGP50",5.429031241975,3.68968151786969,0.731
"1487",5,8,5,"SGP50",9.3134482161399,4.03635664823444,0.873
"1488",5,8,6,"SGP50",5.41044077413718,4.26525662379486,0.4195
"1489",5,8,7,"SGP50",4.54376789024925,3.58328795760714,0.7015
"1490",5,8,8,"SGP50",10.4683002880534,4.42623733067332,0.176
"1491",5,8,9,"SGP50",3.70190951075409,3.63477373694843,0.4385
"1492",5,8,10,"SGP50",16.1614714908406,4.87962221097713,0.959
"1493",5,8,11,"SGP50",8.21442802353355,3.93085918453128,0.722
"1494",5,8,12,"SGP50",8.5839566669818,4.77047235489007,0.3255
"1495",5,8,13,"SGP50",5.55145353850509,4.06520123310605,0.37
"1496",5,8,14,"SGP50",4.30196465027701,3.80673899714641,0.376
"1497",5,8,15,"SGP50",3.88529577188199,3.63685828888024,0.386
"1498",5,8,16,"SGP50",8.48598126271149,4.57600959123685,0.1695
"1499",5,8,17,"SGP50",10.8544161291192,4.48819329363083,0.12
"1500",5,8,18,"SGP50",4.91231858106809,3.88958892464899,0.6705
"1501",5,8,19,"SGP50",10.044642135694,4.2924821314345,0.1255
"1502",5,8,20,"SGP50",3.28988858437521,3.6022398813925,0.533
"1503",5,8,21,"SGP50",3.94679380263921,3.61974997335444,0.675
"1504",5,8,22,"SGP50",2.65880901790153,3.35353092624867,0.5295
"1505",5,8,23,"SGP50",3.37932925299386,3.46683082921419,0.6535
"1506",5,8,24,"SGP50",2.82864886269401,3.48645845408761,0.473
"1507",5,8,25,"SGP50",3.25778868575988,3.51066761521574,0.6375
"1508",5,8,26,"SGP50",4.4363598313753,3.4804992642891,0.2435
"1509",5,8,27,"SGP50",2.36240707978093,3.28217725057651,0.418
"1510",5,8,28,"SGP50",2.46673798210613,3.18889085935126,0.5665
"1511",5,8,29,"SGP50",3.4671730854127,3.29132023713413,0.751
"1512",5,8,30,"SGP50",2.61774865422744,3.41277660676309,0.5775
"1513",5,8,31,"SGP50",2.60001417515181,3.36512479821344,0.5595
"1514",5,8,32,"SGP50",4.37509527758459,3.65237399736527,0.7705
"1515",5,8,33,"SGP50",3.65893766245428,3.58488761862269,0.6675
"1516",5,8,34,"SGP50",4.19611536294108,3.67473569158141,0.7005
"1517",5,8,35,"SGP50",3.06420215032852,3.51086788394962,0.5515
"1518",5,8,36,"SGP50",3.13146103735469,3.51070812224474,0.672
"1519",5,8,37,"SGP50",2.32109472276841,3.2158843169503,0.5435
"1520",5,8,38,"SGP50",2.16411086338512,3.13098375329356,0.3975
"1521",5,9,1,"BMA",2.11013619642584,3.27527422214917,0.872
"1522",5,9,2,"BMA",0.951165007408671,2.32833170178219,0.4935
"1523",5,9,3,"BMA",1.99702163196452,2.93395916678714,0.7875
"1524",5,9,4,"BMA",2.18391094115944,2.90178858446753,0.7815
"1525",5,9,5,"BMA",1.04740410351462,2.4166758168569,0.544
"1526",5,9,6,"BMA",2.60915577403533,2.77301599627158,0.166
"1527",5,9,7,"BMA",1.29387654461585,2.48869336509656,0.3395
"1528",5,9,8,"BMA",1.00589129132118,2.32038624329385,0.444
"1529",5,9,9,"BMA",1.80892336277135,2.51535484313885,0.237
"1530",5,9,10,"BMA",1.16701134514298,2.38451829674736,0.3475
"1531",5,9,11,"BMA",1.53617989089022,2.47363800896486,0.24
"1532",5,9,12,"BMA",0.846112500593841,2.17707278044504,0.4885
"1533",5,9,13,"BMA",1.06539217916759,2.29899362650838,0.684
"1534",5,9,14,"BMA",1.76082837320983,2.56007636929414,0.8295
"1535",5,9,15,"BMA",0.709346659185767,2.03345487751371,0.4705
"1536",5,9,16,"BMA",0.664860514249513,1.9527080753644,0.4895
"1537",5,9,17,"BMA",1.10953012482025,2.19627076614109,0.747
"1538",5,9,18,"BMA",0.62255326541977,1.97599883746156,0.485
"1539",5,9,19,"BMA",1.25994054786427,2.0964981196285,0.2025
"1540",5,9,20,"BMA",0.576899460098906,1.77922088568867,0.395
"1541",5,9,21,"BMA",3.34704330638798,3.63140865608732,0.974
"1542",5,9,22,"BMA",0.749040641950144,1.94995350060172,0.6665
"1543",5,9,23,"BMA",1.26163938574221,2.27593706496308,0.7725
"1544",5,9,24,"BMA",2.98356878192636,3.25925916908936,0.9565
"1545",5,9,25,"BMA",0.90600304818103,2.04824695869939,0.7515
"1546",5,9,26,"BMA",0.527683127197122,1.59805217866926,0.613
"1547",5,9,27,"BMA",0.535175387197216,1.76857870068824,0.6165
"1548",5,9,28,"BMA",0.519685256967695,1.58186065436469,0.404
"1549",5,9,29,"BMA",0.506620549694308,1.6306407039095,0.6115
"1550",5,9,30,"BMA",3.49361247134683,4.4249664578994,0.0065
"1551",5,9,31,"BMA",2.81885250228807,3.46815287218843,0.0155
"1552",5,9,32,"BMA",2.96541067957087,3.60601938024299,0.027
"1553",5,9,33,"BMA",0.859234412986167,1.95060922490286,0.3055
"1554",5,9,34,"BMA",0.739853577830601,1.83711748860373,0.6945
"1555",5,9,35,"BMA",1.44465093672106,2.32068795269215,0.846
"1556",5,9,36,"BMA",1.51974914870307,2.37762697476474,0.854
"1557",5,9,37,"BMA",0.906758906545761,2.03666046207572,0.7215
"1558",5,9,38,"BMA",1.65606311038466,2.43459091966898,0.862
"1559",5,9,1,"AVS",2.11013619642584,3.28498738367306,0.8685
"1560",5,9,2,"AVS",0.929863789602544,2.30165258509222,0.4595
"1561",5,9,3,"AVS",2.10230100971344,2.90273118323507,0.804
"1562",5,9,4,"AVS",1.84664695041946,2.68438555993605,0.7355
"1563",5,9,5,"AVS",0.984693035411505,2.31938184434333,0.566
"1564",5,9,6,"AVS",2.59476147689823,2.76237037106443,0.1495
"1565",5,9,7,"AVS",1.23783481010593,2.3407983221763,0.384
"1566",5,9,8,"AVS",0.956484978481684,2.31684298212381,0.4425
"1567",5,9,9,"AVS",1.74727651663487,2.49508448312907,0.2125
"1568",5,9,10,"AVS",0.956934474978352,2.19993419929737,0.3835
"1569",5,9,11,"AVS",1.37875576274624,2.32739919446957,0.2155
"1570",5,9,12,"AVS",0.634226038746323,1.92146421057638,0.4875
"1571",5,9,13,"AVS",0.8438096485665,1.99271163386369,0.705
"1572",5,9,14,"AVS",0.909270594024423,1.99111220166118,0.728
"1573",5,9,15,"AVS",1.71537473825241,2.70603322600072,0.106
"1574",5,9,16,"AVS",0.631132821244333,1.82970336847112,0.3875
"1575",5,9,17,"AVS",0.852722794151971,1.90324096079475,0.7405
"1576",5,9,18,"AVS",0.923394156603374,2.14797190700808,0.2575
"1577",5,9,19,"AVS",1.64369522843242,2.40052195300188,0.1105
"1578",5,9,20,"AVS",0.479381393538213,1.68413319024811,0.4605
"1579",5,9,21,"AVS",3.29105652195008,3.91402199385206,0.9785
"1580",5,9,22,"AVS",0.961785802735189,2.33421454148991,0.363
"1581",5,9,23,"AVS",1.32818173452236,2.29180852335824,0.7925
"1582",5,9,24,"AVS",2.41888112482949,2.86080391879457,0.944
"1583",5,9,25,"AVS",0.874895596996178,2.0381741930967,0.2925
"1584",5,9,26,"AVS",0.570145140644743,1.79734157766672,0.384
"1585",5,9,27,"AVS",0.515835025088083,1.73417187777511,0.5455
"1586",5,9,28,"AVS",0.601648428551782,1.69118296679432,0.331
"1587",5,9,29,"AVS",0.620115069575252,1.7674767374749,0.6835
"1588",5,9,30,"AVS",3.73482852151281,4.91773266436551,0.0045
"1589",5,9,31,"AVS",1.11640486625461,2.15674015607334,0.3005
"1590",5,9,32,"AVS",0.759632557469367,1.91183320070822,0.3295
"1591",5,9,33,"AVS",0.694268781461408,1.76398907543663,0.684
"1592",5,9,34,"AVS",1.21033597964909,2.1206683969215,0.821
"1593",5,9,35,"AVS",1.15123255860899,2.06768774747072,0.8215
"1594",5,9,36,"AVS",0.632220666760814,1.81053021483948,0.6775
"1595",5,9,37,"AVS",0.478890714461732,1.64338108884949,0.5205
"1596",5,9,38,"AVS",1.16602381138319,2.10931606739796,0.8275
"1597",5,9,1,"EQW",2.11013619642584,3.53905599662159,0.8725
"1598",5,9,2,"EQW",0.723676953765533,2.09215130105897,0.5515
"1599",5,9,3,"EQW",2.77663538769639,3.27553534466539,0.886
"1600",5,9,4,"EQW",3.1154177898118,3.17078664355746,0.8965
"1601",5,9,5,"EQW",0.79417077007776,2.09549671395437,0.5385
"1602",5,9,6,"EQW",2.14157959011396,2.69158409904308,0.146
"1603",5,9,7,"EQW",0.929867289876369,2.37252066281026,0.599
"1604",5,9,8,"EQW",0.779317881361035,2.03898470090193,0.5785
"1605",5,9,9,"EQW",1.32739382489146,2.28681018862585,0.223
"1606",5,9,10,"EQW",0.703930099855484,2.02118631087676,0.4385
"1607",5,9,11,"EQW",1.27346788146168,2.23615770676166,0.224
"1608",5,9,12,"EQW",0.629600515173853,1.89133924102695,0.472
"1609",5,9,13,"EQW",0.823665917942673,1.96433375213212,0.68
"1610",5,9,14,"EQW",1.01474152907877,2.09407275385116,0.7375
"1611",5,9,15,"EQW",1.2082960626167,2.32251871656034,0.2575
"1612",5,9,16,"EQW",0.691368216099444,1.82096108561852,0.3715
"1613",5,9,17,"EQW",0.77477633644711,1.9066155935891,0.6985
"1614",5,9,18,"EQW",0.829585280550973,1.94974168696443,0.3395
"1615",5,9,19,"EQW",1.80937677042566,2.48710665353561,0.106
"1616",5,9,20,"EQW",0.630164064237128,1.82483812209136,0.3615
"1617",5,9,21,"EQW",2.57858117158811,3.16257372532372,0.9495
"1618",5,9,22,"EQW",0.953395577901277,2.36657069179236,0.332
"1619",5,9,23,"EQW",0.87177860913199,2.00153786080308,0.679
"1620",5,9,24,"EQW",2.59411250432905,2.99225091181759,0.949
"1621",5,9,25,"EQW",0.87220600837735,2.33642459375442,0.502
"1622",5,9,26,"EQW",0.659815503925264,1.99186991564541,0.533
"1623",5,9,27,"EQW",0.716473614674997,1.99367400433718,0.6235
"1624",5,9,28,"EQW",0.620188044806705,1.96681985630662,0.446
"1625",5,9,29,"EQW",0.852565658115108,1.93088265987222,0.725
"1626",5,9,30,"EQW",2.72494991059493,2.96005563574107,0.084
"1627",5,9,31,"EQW",0.750942423157912,1.95480437734491,0.3565
"1628",5,9,32,"EQW",0.992528695155349,2.04384371269746,0.2465
"1629",5,9,33,"EQW",0.572492832719303,1.82185279223318,0.562
"1630",5,9,34,"EQW",1.13523910443659,2.07893519858157,0.8045
"1631",5,9,35,"EQW",1.74764467657549,2.4827601119008,0.8845
"1632",5,9,36,"EQW",1.56013573525417,2.26919672480617,0.797
"1633",5,9,37,"EQW",1.22366130368631,2.08828625608995,0.7055
"1634",5,9,38,"EQW",2.40760594556808,2.63528522355894,0.8995
"1635",5,9,1,"SGP",2.11013619642584,3.21430044350157,0.86
"1636",5,9,2,"SGP",0.690846735947803,2.00190886482387,0.5845
"1637",5,9,3,"SGP",3.43964851157525,3.98906409672946,0.96
"1638",5,9,4,"SGP",3.3099300954533,3.18022805683328,0.938
"1639",5,9,5,"SGP",0.608382340185722,1.94608625932641,0.532
"1640",5,9,6,"SGP",2.01267874801689,2.60145568794938,0.1055
"1641",5,9,7,"SGP",1.08260332930081,2.11575190867597,0.777
"1642",5,9,8,"SGP",0.726538423849426,1.81759314754868,0.6505
"1643",5,9,9,"SGP",1.20658816216551,2.16673185856554,0.2015
"1644",5,9,10,"SGP",0.50957342872908,1.72600476413507,0.5145
"1645",5,9,11,"SGP",1.18416585144908,2.15165388516972,0.1735
"1646",5,9,12,"SGP",0.473230738946751,1.66799027647849,0.508
"1647",5,9,13,"SGP",0.726757436179897,1.82781069992047,0.714
"1648",5,9,14,"SGP",0.662679275137565,1.83238578369714,0.701
"1649",5,9,15,"SGP",1.93157891077764,2.83015176001627,0.0715
"1650",5,9,16,"SGP",0.684495028977498,1.82111507968724,0.291
"1651",5,9,17,"SGP",0.683069728598154,1.75572819397554,0.7165
"1652",5,9,18,"SGP",1.14124211237592,2.1252832267184,0.1755
"1653",5,9,19,"SGP",2.0787976072912,2.9078830136106,0.0635
"1654",5,9,20,"SGP",0.478203258788747,1.67507318834946,0.4825
"1655",5,9,21,"SGP",2.80626499918405,3.62049043637359,0.9755
"1656",5,9,22,"SGP",1.86513824631241,2.53900236080106,0.0875
"1657",5,9,23,"SGP",0.696157350314802,1.82397694102714,0.662
"1658",5,9,24,"SGP",1.90995376096822,2.52563995257005,0.92
"1659",5,9,25,"SGP",1.10477700552471,2.02045700856343,0.2005
"1660",5,9,26,"SGP",0.653709365663749,1.79789073425452,0.3485
"1661",5,9,27,"SGP",0.51343622726964,1.73350133486102,0.4965
"1662",5,9,28,"SGP",0.693424873263327,1.80044164544283,0.299
"1663",5,9,29,"SGP",0.627688549391703,1.7733881682328,0.67
"1664",5,9,30,"SGP",3.92547580114527,4.79984004636874,0.0075
"1665",5,9,31,"SGP",0.512406826401069,1.69726602253203,0.5115
"1666",5,9,32,"SGP",0.690342073295464,1.89444437952317,0.317
"1667",5,9,33,"SGP",0.67932733507811,1.75771323144659,0.6885
"1668",5,9,34,"SGP",1.20834704520048,2.15904320560577,0.8145
"1669",5,9,35,"SGP",1.19070865678429,2.02712837548041,0.83
"1670",5,9,36,"SGP",0.680010197946316,1.78240802717927,0.6925
"1671",5,9,37,"SGP",0.496867693607843,1.69104405473552,0.546
"1672",5,9,38,"SGP",1.200310886441,2.20451272530254,0.8495
"1673",5,9,1,"SGP50",2.11013619642584,3.15957762760003,0.8685
"1674",5,9,2,"SGP50",0.722326151948928,2.03765210938446,0.5625
"1675",5,9,3,"SGP50",2.80186166630092,3.4835458010718,0.899
"1676",5,9,4,"SGP50",3.13373538466283,3.08790001787354,0.884
"1677",5,9,5,"SGP50",0.78851185920439,2.05658994200971,0.526
"1678",5,9,6,"SGP50",2.13199141989636,2.68480206303476,0.1455
"1679",5,9,7,"SGP50",0.93182028532235,2.3400608283732,0.593
"1680",5,9,8,"SGP50",0.771711321849104,2.12275735399587,0.582
"1681",5,9,9,"SGP50",1.31522531611729,2.27325360583156,0.232
"1682",5,9,10,"SGP50",0.682514478380545,1.9469612033784,0.4505
"1683",5,9,11,"SGP50",1.26269427418653,2.24975450532352,0.2155
"1684",5,9,12,"SGP50",0.612851027788448,1.82308226454127,0.482
"1685",5,9,13,"SGP50",0.807330344566248,1.9801966090781,0.689
"1686",5,9,14,"SGP50",0.968403063580588,2.01653641285842,0.7305
"1687",5,9,15,"SGP50",1.27799069749687,2.3679966418302,0.2425
"1688",5,9,16,"SGP50",0.690931443261638,1.89894739641888,0.349
"1689",5,9,17,"SGP50",0.760076842773424,1.9685127798173,0.674
"1690",5,9,18,"SGP50",0.863459029312603,2.04688432759192,0.295
"1691",5,9,19,"SGP50",1.85515460214295,2.55849604812129,0.1025
"1692",5,9,20,"SGP50",0.615367280206153,1.79138108213278,0.388
"1693",5,9,21,"SGP50",2.58434522434072,3.23348337655899,0.9455
"1694",5,9,22,"SGP50",1.03079026054452,2.36345879850388,0.296
"1695",5,9,23,"SGP50",0.834758609813896,1.98797684261555,0.677
"1696",5,9,24,"SGP50",2.48537394612749,2.94820466008831,0.9455
"1697",5,9,25,"SGP50",0.840107137293291,2.2517950257064,0.456
"1698",5,9,26,"SGP50",0.630535985243826,1.95049700937027,0.5045
"1699",5,9,27,"SGP50",0.665568759896544,1.93548599145495,0.59
"1700",5,9,28,"SGP50",0.619381208408063,1.83704487026468,0.4395
"1701",5,9,29,"SGP50",0.793924767386063,1.95280956446881,0.702
"1702",5,9,30,"SGP50",2.93403406425139,3.15836112904777,0.064
"1703",5,9,31,"SGP50",0.729858337313216,1.87286554355409,0.3665
"1704",5,9,32,"SGP50",0.971798161857741,1.96164835407579,0.258
"1705",5,9,33,"SGP50",0.577058382289807,1.79593739706679,0.5575
"1706",5,9,34,"SGP50",1.1283027232358,2.08357487075562,0.793
"1707",5,9,35,"SGP50",1.65139579820433,2.38913950192635,0.862
"1708",5,9,36,"SGP50",1.39561471923149,2.26661043098341,0.7955
"1709",5,9,37,"SGP50",1.05231805622551,2.0404795778092,0.691
"1710",5,9,38,"SGP50",2.15882256920566,2.52531289748661,0.907
"1711",5,10,1,"BMA",2.19516679763173,3.07473811073496,0.672
"1712",5,10,2,"BMA",11.5707196141371,5.31353414869228,0.956
"1713",5,10,3,"BMA",7.39581030875974,3.98928754103198,0.8515
"1714",5,10,4,"BMA",8.34103641821485,4.20892722430746,0.854
"1715",5,10,5,"BMA",10.0382831235216,4.35880208844537,0.861
"1716",5,10,6,"BMA",28.8843352033694,6.11771913565668,0.9795
"1717",5,10,7,"BMA",6.70585992781084,4.00762734604799,0.7
"1718",5,10,8,"BMA",5.40008008415761,3.96567849471136,0.6395
"1719",5,10,9,"BMA",7.46378811423891,4.16452254492403,0.7255
"1720",5,10,10,"BMA",22.4127783679815,5.26502152224731,0.959
"1721",5,10,11,"BMA",5.75211540070479,3.98133543763494,0.627
"1722",5,10,12,"BMA",4.6759112946304,3.85314497464852,0.6275
"1723",5,10,13,"BMA",7.61109697554082,4.01388287411385,0.763
"1724",5,10,14,"BMA",6.94638713452218,3.99582913106772,0.6895
"1725",5,10,15,"BMA",23.1390187970135,4.69434811109093,0.9005
"1726",5,10,16,"BMA",6.63517042462258,3.83443386435222,0.6135
"1727",5,10,17,"BMA",9.18331270729098,4.05606705615624,0.8335
"1728",5,10,18,"BMA",5.28786698933976,3.64412087903644,0.752
"1729",5,10,19,"BMA",2.91823316222716,3.44024599601421,0.5165
"1730",5,10,20,"BMA",3.23159079581168,3.55031410566215,0.4115
"1731",5,10,21,"BMA",10.7221497482237,4.42294922865946,0.084
"1732",5,10,22,"BMA",11.3898908575665,4.44700593822932,0.1065
"1733",5,10,23,"BMA",12.3110916693916,4.40373366769314,0.075
"1734",5,10,24,"BMA",8.98045335863294,4.19567429734386,0.125
"1735",5,10,25,"BMA",3.32712429761245,3.44476193069466,0.3885
"1736",5,10,26,"BMA",5.56347697804804,3.69821746061783,0.7905
"1737",5,10,27,"BMA",5.44712037277423,3.76017354114678,0.7795
"1738",5,10,28,"BMA",8.34560773493185,4.07659734461822,0.8515
"1739",5,10,29,"BMA",3.95792106129832,3.67228899486834,0.6005
"1740",5,10,30,"BMA",2.76006354663182,3.36325796855685,0.5785
"1741",5,10,31,"BMA",2.65253106208153,3.33828390102993,0.4125
"1742",5,10,32,"BMA",3.30794985158936,3.32311508568148,0.317
"1743",5,10,33,"BMA",2.602863354463,3.27892761578786,0.6205
"1744",5,10,34,"BMA",2.63162414558339,3.24376465464697,0.6195
"1745",5,10,35,"BMA",6.74515627553158,3.86899360373018,0.8655
"1746",5,10,36,"BMA",3.82245234585117,3.39151514789745,0.2355
"1747",5,10,37,"BMA",2.38756662451071,3.13703257945717,0.444
"1748",5,10,38,"BMA",2.87997585508583,3.26453250903759,0.3475
"1749",5,10,1,"AVS",2.19516679763173,3.0462504638639,0.6485
"1750",5,10,2,"AVS",12.7419185236568,6.10636669381228,0.9835
"1751",5,10,3,"AVS",7.24152821477399,4.14617297739537,0.8535
"1752",5,10,4,"AVS",9.22085844806106,4.18392913851558,0.8795
"1753",5,10,5,"AVS",12.5590890723399,4.667043594483,0.9265
"1754",5,10,6,"AVS",19.6157307077892,6.18223281540516,0.986
"1755",5,10,7,"AVS",5.4891564416441,3.94165066601363,0.6625
"1756",5,10,8,"AVS",5.0090662662654,3.8718455149635,0.634
"1757",5,10,9,"AVS",4.71797474396423,3.64154571710471,0.6985
"1758",5,10,10,"AVS",13.0331199816655,4.91909668377145,0.9715
"1759",5,10,11,"AVS",20.3656646851662,6.20247164096918,0.007
"1760",5,10,12,"AVS",5.37873302317709,3.98285956047833,0.351
"1761",5,10,13,"AVS",7.57870640944496,4.0022816739623,0.7555
"1762",5,10,14,"AVS",5.55784618021952,4.0503259428613,0.4985
"1763",5,10,15,"AVS",22.8892044257011,4.63058380473844,0.9015
"1764",5,10,16,"AVS",14.5704623430651,5.10888691268142,0.038
"1765",5,10,17,"AVS",9.55068050465998,4.16241312843125,0.8985
"1766",5,10,18,"AVS",4.11954199434878,3.58074809704814,0.2755
"1767",5,10,19,"AVS",3.78532035942455,3.54286249002577,0.3055
"1768",5,10,20,"AVS",2.78396327940674,3.44771709264467,0.5065
"1769",5,10,21,"AVS",7.83616768844974,3.98617894640414,0.122
"1770",5,10,22,"AVS",3.16789109485735,3.4964350810926,0.4025
"1771",5,10,23,"AVS",4.78419256170645,3.63169219311609,0.2425
"1772",5,10,24,"AVS",2.82269639342899,3.43618264087083,0.4845
"1773",5,10,25,"AVS",3.84452429968273,3.4765498416968,0.697
"1774",5,10,26,"AVS",5.70603579506884,3.75315189707327,0.807
"1775",5,10,27,"AVS",2.71258570685884,3.32394923692857,0.3775
"1776",5,10,28,"AVS",2.76433249095239,3.23949144901752,0.583
"1777",5,10,29,"AVS",2.61143966048666,3.28336432636456,0.436
"1778",5,10,30,"AVS",2.30975017434356,3.26681433968584,0.538
"1779",5,10,31,"AVS",2.65038020214768,3.33126763527754,0.422
"1780",5,10,32,"AVS",3.31628167152116,3.26465636230204,0.3165
"1781",5,10,33,"AVS",2.59917618250084,3.25177589624222,0.6195
"1782",5,10,34,"AVS",2.62942567864371,3.24484107145394,0.608
"1783",5,10,35,"AVS",6.7432427095822,3.89024616420917,0.8685
"1784",5,10,36,"AVS",3.8226633743232,3.35685934375264,0.264
"1785",5,10,37,"AVS",2.38756370648702,3.20398345625806,0.425
"1786",5,10,38,"AVS",2.87997894247851,3.23547012024772,0.3325
"1787",5,10,1,"EQW",2.19516679763173,3.14519855149683,0.6675
"1788",5,10,2,"EQW",10.9193476038792,4.85795570178213,0.948
"1789",5,10,3,"EQW",7.94084775921025,4.1844105235458,0.8935
"1790",5,10,4,"EQW",5.53791852248988,3.79845734592337,0.8185
"1791",5,10,5,"EQW",5.6298006036171,3.67943566532831,0.758
"1792",5,10,6,"EQW",25.7356758173639,6.29616416700979,0.9875
"1793",5,10,7,"EQW",12.1898465696803,4.46026695865056,0.7285
"1794",5,10,8,"EQW",14.5775145887542,4.36109805769604,0.8195
"1795",5,10,9,"EQW",16.4611560742216,4.40687433367526,0.8435
"1796",5,10,10,"EQW",30.9387392207405,5.4152033521711,0.9805
"1797",5,10,11,"EQW",13.8368029809169,4.85468580363681,0.646
"1798",5,10,12,"EQW",10.3124989127072,4.417020747059,0.6195
"1799",5,10,13,"EQW",8.45403081632604,4.14301523452729,0.7185
"1800",5,10,14,"EQW",5.95241637664989,4.13811449677955,0.4915
"1801",5,10,15,"EQW",6.81650464610258,4.09160760603776,0.609
"1802",5,10,16,"EQW",7.7641172995318,4.23669481090275,0.307
"1803",5,10,17,"EQW",6.55685634328916,4.10605755547127,0.693
"1804",5,10,18,"EQW",4.30757507023676,3.79758149936026,0.521
"1805",5,10,19,"EQW",3.93688037587444,3.80092716229087,0.4555
"1806",5,10,20,"EQW",3.8337644567259,3.62930287744747,0.498
"1807",5,10,21,"EQW",7.32318114635239,4.06450507309251,0.2295
"1808",5,10,22,"EQW",6.29546296137938,3.88813226991591,0.2805
"1809",5,10,23,"EQW",8.80835607630562,4.07539800541278,0.201
"1810",5,10,24,"EQW",7.45930248866888,3.94729897511162,0.2455
"1811",5,10,25,"EQW",5.01256655695817,3.7656259248192,0.3755
"1812",5,10,26,"EQW",4.1856824110584,3.78955429642747,0.575
"1813",5,10,27,"EQW",3.83823597643264,3.72041537099429,0.4835
"1814",5,10,28,"EQW",4.55245874403616,3.83416880780844,0.6335
"1815",5,10,29,"EQW",4.54362614091211,3.88286975152807,0.5805
"1816",5,10,30,"EQW",4.90444549890545,3.85599856137274,0.629
"1817",5,10,31,"EQW",4.50570563718723,3.88993740234617,0.557
"1818",5,10,32,"EQW",3.89744903597425,3.71936794165289,0.479
"1819",5,10,33,"EQW",3.70755764949811,3.66593032612041,0.553
"1820",5,10,34,"EQW",3.77402861044335,3.77190801965763,0.562
"1821",5,10,35,"EQW",6.87863213310529,4.04088301549036,0.7735
"1822",5,10,36,"EQW",4.67256662784295,3.89957845536299,0.5885
"1823",5,10,37,"EQW",4.43632647270091,3.80917951869238,0.6305
"1824",5,10,38,"EQW",3.75219155354138,3.62633973259589,0.528
"1825",5,10,1,"SGP",2.19516679763173,3.12745308193694,0.6715
"1826",5,10,2,"SGP",13.0404648254456,6.30366774101466,0.985
"1827",5,10,3,"SGP",8.05137241081391,4.28624770571956,0.9365
"1828",5,10,4,"SGP",6.72245862935149,3.84814907003818,0.893
"1829",5,10,5,"SGP",2.84997570379032,3.1319611059515,0.7015
"1830",5,10,6,"SGP",20.9602885419163,7.44264047307536,0.996
"1831",5,10,7,"SGP",5.06130989225868,3.60551332833418,0.243
"1832",5,10,8,"SGP",3.48783606729534,3.45901858076712,0.68
"1833",5,10,9,"SGP",3.07216819002711,3.37743893608909,0.65
"1834",5,10,10,"SGP",13.0791474119863,4.98839342276146,0.977
"1835",5,10,11,"SGP",20.0178951996158,6.25659922715776,0.01
"1836",5,10,12,"SGP",9.6963590509668,4.12634573821736,0.09
"1837",5,10,13,"SGP",3.23020475806539,3.53313026375762,0.3835
"1838",5,10,14,"SGP",10.4221161090595,4.41182036104276,0.0805
"1839",5,10,15,"SGP",2.80229314907592,3.48978597171806,0.5095
"1840",5,10,16,"SGP",14.5045452564609,4.93654035106373,0.0335
"1841",5,10,17,"SGP",9.53355737826736,4.08375471867349,0.883
"1842",5,10,18,"SGP",4.12173075233202,3.61356256711594,0.326
"1843",5,10,19,"SGP",3.78480222306816,3.44854328102639,0.3325
"1844",5,10,20,"SGP",2.78725595982501,3.43111598265773,0.4985
"1845",5,10,21,"SGP",7.83184226117687,4.03066832714831,0.1185
"1846",5,10,22,"SGP",3.17764328241277,3.50540628464969,0.4205
"1847",5,10,23,"SGP",4.80112722110313,3.67570905354296,0.2465
"1848",5,10,24,"SGP",2.82972861511595,3.3972551444261,0.486
"1849",5,10,25,"SGP",3.83258819497194,3.47039831456213,0.7
"1850",5,10,26,"SGP",5.69455819099703,3.66203454574049,0.8265
"1851",5,10,27,"SGP",2.71488742744631,3.32488979844467,0.379
"1852",5,10,28,"SGP",2.77189919460142,3.30542798820764,0.6065
"1853",5,10,29,"SGP",2.6162065983344,3.3510120029712,0.425
"1854",5,10,30,"SGP",2.3187005816482,3.26331766530318,0.5335
"1855",5,10,31,"SGP",2.65296675044859,3.28192286586925,0.427
"1856",5,10,32,"SGP",3.31318388226402,3.21324357887074,0.3065
"1857",5,10,33,"SGP",2.60379666874293,3.26833173395612,0.624
"1858",5,10,34,"SGP",2.63418373963153,3.28961135854647,0.621
"1859",5,10,35,"SGP",6.74628338122386,3.90134452703471,0.866
"1860",5,10,36,"SGP",3.81287469491189,3.40998965731507,0.247
"1861",5,10,37,"SGP",2.38956992600927,3.14543558756361,0.429
"1862",5,10,38,"SGP",2.87837295266243,3.21550856611389,0.338
"1863",5,10,1,"SGP50",2.19516679763173,3.08761054728288,0.6625
"1864",5,10,2,"SGP50",11.049038682857,4.80525643179145,0.938
"1865",5,10,3,"SGP50",7.95259418567358,4.27424168571251,0.8985
"1866",5,10,4,"SGP50",5.55572885592457,3.73677395367194,0.82
"1867",5,10,5,"SGP50",5.57189345062889,3.73054272076328,0.7605
"1868",5,10,6,"SGP50",25.4927288192923,6.31264783318797,0.9875
"1869",5,10,7,"SGP50",10.3095811120984,4.32336486442846,0.6755
"1870",5,10,8,"SGP50",11.0241649914677,4.08932903912232,0.795
"1871",5,10,9,"SGP50",10.0339869213762,4.00771587082828,0.786
"1872",5,10,10,"SGP50",20.7125063713707,4.95200542013884,0.9735
"1873",5,10,11,"SGP50",10.0924805919156,4.88958655524154,0.3375
"1874",5,10,12,"SGP50",6.31876941301313,4.15997845839482,0.3625
"1875",5,10,13,"SGP50",4.12907729648207,3.74210847548845,0.5275
"1876",5,10,14,"SGP50",6.82451993151772,4.19194052115395,0.288
"1877",5,10,15,"SGP50",4.28426333686421,3.72058203246502,0.582
"1878",5,10,16,"SGP50",11.4634745485881,4.65027104766547,0.1275
"1879",5,10,17,"SGP50",8.6334874528447,4.1409025448697,0.841
"1880",5,10,18,"SGP50",3.85742736392229,3.61371944200461,0.376
"1881",5,10,19,"SGP50",3.70718992669971,3.6132569624793,0.347
"1882",5,10,20,"SGP50",2.96895957891085,3.53943987732284,0.496
"1883",5,10,21,"SGP50",7.88052691640462,4.02677283099913,0.139
"1884",5,10,22,"SGP50",3.85562959497718,3.54667705979821,0.355
"1885",5,10,23,"SGP50",5.76813950463667,3.79154948865106,0.2205
"1886",5,10,24,"SGP50",3.44575700360076,3.51585738527348,0.4105
"1887",5,10,25,"SGP50",3.44800229775135,3.53242382790403,0.6185
"1888",5,10,26,"SGP50",5.15937959820494,3.64537477033145,0.76
"1889",5,10,27,"SGP50",2.88973117014111,3.41754315432052,0.443
"1890",5,10,28,"SGP50",3.22229152135564,3.39232841321975,0.596
"1891",5,10,29,"SGP50",2.96634625385467,3.50293226094849,0.4895
"1892",5,10,30,"SGP50",2.86992285559506,3.34219970916653,0.575
"1893",5,10,31,"SGP50",2.90163379916467,3.44244801081605,0.442
"1894",5,10,32,"SGP50",3.23793582824585,3.36928271449003,0.383
"1895",5,10,33,"SGP50",2.85910518251479,3.34666097505818,0.6115
"1896",5,10,34,"SGP50",2.90176371934647,3.34649664005858,0.5985
"1897",5,10,35,"SGP50",6.92623074781472,3.99229124959687,0.8485
"1898",5,10,36,"SGP50",3.51839267080309,3.47578074953057,0.354
"1899",5,10,37,"SGP50",2.61267585777181,3.29438483855138,0.475
"1900",5,10,38,"SGP50",2.87370233358194,3.32502120051582,0.386
"1901",5,11,1,"BMA",1.24887905947807,2.27959333472635,0.3035
"1902",5,11,2,"BMA",0.972844308581267,2.14250059301381,0.291
"1903",5,11,3,"BMA",2.62081472479231,3.36308229916547,0.921
"1904",5,11,4,"BMA",2.58622159565031,3.15647132597962,0.878
"1905",5,11,5,"BMA",1.12618260732955,2.38327766626553,0.6355
"1906",5,11,6,"BMA",1.0939955292021,2.27175637188133,0.3065
"1907",5,11,7,"BMA",0.663597570909959,1.92116245898196,0.479
"1908",5,11,8,"BMA",4.38244835599094,4.32551612658618,0.98
"1909",5,11,9,"BMA",1.4340810679167,2.43823654674636,0.725
"1910",5,11,10,"BMA",1.05721973731896,2.29138263548748,0.6755
"1911",5,11,11,"BMA",3.56282367348382,3.53929955203729,0.948
"1912",5,11,12,"BMA",1.04264598071699,2.20432899056417,0.3565
"1913",5,11,13,"BMA",0.851160935269528,2.13921845177357,0.3705
"1914",5,11,14,"BMA",0.820841570750163,2.02461569026702,0.373
"1915",5,11,15,"BMA",1.87676721029118,2.62156424353301,0.126
"1916",5,11,16,"BMA",4.40651554400221,4.13498580132769,0.981
"1917",5,11,17,"BMA",1.14795922106796,2.33187742755846,0.307
"1918",5,11,18,"BMA",1.19530398444223,2.22461308598814,0.269
"1919",5,11,19,"BMA",1.29752976415771,2.34880325130595,0.2655
"1920",5,11,20,"BMA",0.867087369848908,2.11880622161768,0.343
"1921",5,11,21,"BMA",1.24402687102461,2.26310927142378,0.2525
"1922",5,11,22,"BMA",1.7516132756551,2.46022344027156,0.8315
"1923",5,11,23,"BMA",1.13743317069245,2.26830663855147,0.258
"1924",5,11,24,"BMA",2.49187327452777,2.81700860246106,0.09
"1925",5,11,25,"BMA",1.33640260722911,2.21471548031757,0.227
"1926",5,11,26,"BMA",3.67995539304142,3.38338472375002,0.036
"1927",5,11,27,"BMA",0.840227242553804,2.11766720202374,0.36
"1928",5,11,28,"BMA",1.1663949715161,2.1961703287549,0.2565
"1929",5,11,29,"BMA",0.774232246827195,2.04917451397004,0.37
"1930",5,11,30,"BMA",0.752847484248715,2.00328898478966,0.3615
"1931",5,11,31,"BMA",0.73447749627861,1.75223289749387,0.385
"1932",5,11,32,"BMA",0.494590956555648,1.80503482086986,0.506
"1933",5,11,33,"BMA",0.576282902269527,0.810469379790306,0.402
"1934",5,11,34,"BMA",0.232484196037773,0.0382993426492143,0.5455
"1935",5,11,35,"BMA",0.228441978681824,-0.0312072541833301,0.568
"1936",5,11,36,"BMA",0.172131186947222,-0.24376125553674,0.5815
"1937",5,11,37,"BMA",0.290501693116013,0.237510548446745,0.506
"1938",5,11,38,"BMA",0.284350606486884,0.207162224855263,0.5265
"1939",5,11,1,"AVS",1.24887905947807,2.34191167193053,0.296
"1940",5,11,2,"AVS",0.820267085530931,2.04967573391488,0.3175
"1941",5,11,3,"AVS",3.00266092659727,3.39990834007656,0.951
"1942",5,11,4,"AVS",2.59658213753769,3.08520872296054,0.884
"1943",5,11,5,"AVS",0.870490177896719,2.16065772218947,0.5805
"1944",5,11,6,"AVS",1.13842092195978,2.24955080070897,0.2485
"1945",5,11,7,"AVS",0.608836995292794,1.88154352511991,0.4955
"1946",5,11,8,"AVS",4.55949957294302,4.65570089127321,0.9885
"1947",5,11,9,"AVS",1.08827842125058,2.29325514044109,0.6775
"1948",5,11,10,"AVS",0.875402097637984,2.22152956569664,0.655
"1949",5,11,11,"AVS",3.53414131431192,3.57679087230532,0.96
"1950",5,11,12,"AVS",1.13329457825163,2.18624816195731,0.2785
"1951",5,11,13,"AVS",0.802588413980489,2.06260923957312,0.3615
"1952",5,11,14,"AVS",0.797317111290451,2.02302346835613,0.363
"1953",5,11,15,"AVS",1.85295387224854,2.61131270138579,0.135
"1954",5,11,16,"AVS",4.52971516807188,4.14331330886266,0.9855
"1955",5,11,17,"AVS",1.25744471150202,2.32606022127226,0.248
"1956",5,11,18,"AVS",1.22816600843722,2.21373704983132,0.252
"1957",5,11,19,"AVS",1.2538626494331,2.24821227790468,0.2635
"1958",5,11,20,"AVS",0.825015880111629,2.06450379354782,0.3725
"1959",5,11,21,"AVS",1.21298662017894,2.19895030828844,0.25
"1960",5,11,22,"AVS",1.81191911197025,2.42485275887422,0.853
"1961",5,11,23,"AVS",1.19179560056417,2.18864651310653,0.26
"1962",5,11,24,"AVS",2.53377636007495,2.82471847179267,0.088
"1963",5,11,25,"AVS",1.29675371671886,2.19908089979107,0.22
"1964",5,11,26,"AVS",3.56247686384344,3.35917236762493,0.0315
"1965",5,11,27,"AVS",0.807329271481456,2.12569077414895,0.3395
"1966",5,11,28,"AVS",1.16606804983914,2.27737275256731,0.2415
"1967",5,11,29,"AVS",0.766883504943716,2.05939512582689,0.362
"1968",5,11,30,"AVS",0.748683791386363,1.97350543741779,0.354
"1969",5,11,31,"AVS",0.74302579787398,1.76028225040041,0.3615
"1970",5,11,32,"AVS",0.502624813658771,1.81086499782061,0.5175
"1971",5,11,33,"AVS",0.606703288742663,0.840034202192567,0.37
"1972",5,11,34,"AVS",0.260951074999356,0.190407585895889,0.535
"1973",5,11,35,"AVS",0.323515206198245,0.249282894963456,0.512
"1974",5,11,36,"AVS",0.254511900359533,0.159201132790432,0.516
"1975",5,11,37,"AVS",0.284082754479518,0.257376633120898,0.5215
"1976",5,11,38,"AVS",0.295044664783653,0.328434316352464,0.5045
"1977",5,11,1,"EQW",1.24887905947807,2.32326036995434,0.2945
"1978",5,11,2,"EQW",1.16925547688823,2.17415201245621,0.2525
"1979",5,11,3,"EQW",2.10582371454453,2.8352104614387,0.834
"1980",5,11,4,"EQW",2.08263005999867,2.85964652829871,0.8305
"1981",5,11,5,"EQW",1.35471439036634,2.4684895214165,0.68
"1982",5,11,6,"EQW",1.02151226018288,2.3047393408856,0.4405
"1983",5,11,7,"EQW",0.776060771875069,2.11259169751358,0.482
"1984",5,11,8,"EQW",3.78271054397337,3.68534133641952,0.927
"1985",5,11,9,"EQW",1.37343814556191,2.45328314502852,0.7105
"1986",5,11,10,"EQW",1.19323338282153,2.3462994558594,0.681
"1987",5,11,11,"EQW",3.66458318724695,3.56730077346446,0.933
"1988",5,11,12,"EQW",1.05772375847339,2.4368398233449,0.439
"1989",5,11,13,"EQW",0.973996260927425,2.28602536752616,0.4015
"1990",5,11,14,"EQW",1.00024766403665,2.18659400872691,0.409
"1991",5,11,15,"EQW",1.99180945167529,2.68798018787289,0.1715
"1992",5,11,16,"EQW",3.36312582884114,3.46776967961414,0.888
"1993",5,11,17,"EQW",1.03004761032374,2.36757310679659,0.3795
"1994",5,11,18,"EQW",1.1363730634882,2.34494709579914,0.329
"1995",5,11,19,"EQW",1.41228016327284,2.39010857662196,0.272
"1996",5,11,20,"EQW",1.0521478930885,2.27598816936862,0.3435
"1997",5,11,21,"EQW",1.4303812298867,2.33305368481705,0.2275
"1998",5,11,22,"EQW",1.46392515034435,2.53702622642066,0.782
"1999",5,11,23,"EQW",0.90528025317448,2.15596107580825,0.387
"2000",5,11,24,"EQW",2.15919611741442,2.66271933584545,0.1325
"2001",5,11,25,"EQW",1.5648237846051,2.36737151141254,0.1785
"2002",5,11,26,"EQW",4.27398903967156,3.92570985367419,0.022
"2003",5,11,27,"EQW",1.97610800534962,2.65187181857926,0.2035
"2004",5,11,28,"EQW",2.3324837557573,2.68866232767681,0.1225
"2005",5,11,29,"EQW",1.6093025006499,2.53683349025735,0.1795
"2006",5,11,30,"EQW",1.38590662443817,2.37376005260489,0.2085
"2007",5,11,31,"EQW",1.27615150190972,2.31260339408372,0.179
"2008",5,11,32,"EQW",0.673142385966914,1.78208769618985,0.334
"2009",5,11,33,"EQW",0.942170866331062,1.34620149705471,0.2085
"2010",5,11,34,"EQW",0.390653119964701,0.386926197165945,0.3055
"2011",5,11,35,"EQW",0.280133316612065,0.111178703415219,0.2805
"2012",5,11,36,"EQW",0.211506256042497,-0.183287654330942,0.2805
"2013",5,11,37,"EQW",0.193696220989128,-0.301521927506479,0.2685
"2014",5,11,38,"EQW",0.168579060755239,-0.664821156681846,0.2625
"2015",5,11,1,"SGP",1.24887905947807,2.24793700501551,0.2965
"2016",5,11,2,"SGP",0.96103868623018,2.11491056259435,0.281
"2017",5,11,3,"SGP",2.56372351681728,3.24493983323172,0.936
"2018",5,11,4,"SGP",2.76409584494027,3.08070176654495,0.9
"2019",5,11,5,"SGP",1.68431846629267,2.56494486454037,0.781
"2020",5,11,6,"SGP",0.871404797256486,2.22486119893909,0.445
"2021",5,11,7,"SGP",0.606361646886015,1.90178637509879,0.518
"2022",5,11,8,"SGP",4.55560894220471,4.59781453961173,0.99
"2023",5,11,9,"SGP",0.887140726943322,2.18224029969521,0.6465
"2024",5,11,10,"SGP",0.844735279348057,2.02820964681059,0.6565
"2025",5,11,11,"SGP",3.5121521424797,3.51339234741605,0.9655
"2026",5,11,12,"SGP",1.13358166347186,2.20457063993347,0.274
"2027",5,11,13,"SGP",0.812283391489049,2.05797128103621,0.37
"2028",5,11,14,"SGP",0.774552169922783,2.02524311444015,0.365
"2029",5,11,15,"SGP",1.8833622470804,2.51644452190442,0.1225
"2030",5,11,16,"SGP",4.4680409324791,4.1856523773992,0.9825
"2031",5,11,17,"SGP",1.24393321447822,2.30257408199612,0.2635
"2032",5,11,18,"SGP",1.2151757502182,2.21548310292748,0.242
"2033",5,11,19,"SGP",1.28917440024977,2.32575869480627,0.2455
"2034",5,11,20,"SGP",0.820090900919278,2.06127260339528,0.3495
"2035",5,11,21,"SGP",1.21296497196703,2.20608715403963,0.245
"2036",5,11,22,"SGP",1.78626695028746,2.54257555795895,0.849
"2037",5,11,23,"SGP",1.18173522691146,2.2078939464386,0.254
"2038",5,11,24,"SGP",2.55934557152348,2.95994063363631,0.085
"2039",5,11,25,"SGP",1.24402490959786,2.20928372126393,0.2255
"2040",5,11,26,"SGP",3.54877918953753,3.49037742516347,0.0265
"2041",5,11,27,"SGP",0.855091097403269,2.15000247573762,0.34
"2042",5,11,28,"SGP",1.18466345076153,2.20307288679911,0.2425
"2043",5,11,29,"SGP",0.809580539421388,2.09087289963811,0.366
"2044",5,11,30,"SGP",0.778785011592857,1.93502811873415,0.3535
"2045",5,11,31,"SGP",0.73214130799913,1.7470485706511,0.3535
"2046",5,11,32,"SGP",0.478941623772907,1.91288902291977,0.5625
"2047",5,11,33,"SGP",0.437172459572342,0.739387672705471,0.4155
"2048",5,11,34,"SGP",0.158063885165647,-0.394553626951711,0.616
"2049",5,11,35,"SGP",0.174732000207465,-0.37807070620747,0.61
"2050",5,11,36,"SGP",0.162439788207059,-0.182616374601997,0.58
"2051",5,11,37,"SGP",0.28450142270957,0.0388314603326207,0.5225
"2052",5,11,38,"SGP",0.277134154242153,0.246202315328472,0.5035
"2053",5,11,1,"SGP50",1.24887905947807,2.29535634620603,0.291
"2054",5,11,2,"SGP50",1.158215556336,2.08512597160981,0.2775
"2055",5,11,3,"SGP50",2.13319506869009,2.94138241917516,0.8325
"2056",5,11,4,"SGP50",2.1119053626581,2.86994940713899,0.827
"2057",5,11,5,"SGP50",1.36894251676149,2.60481518214533,0.6965
"2058",5,11,6,"SGP50",1.00630999458552,2.35398567332145,0.44
"2059",5,11,7,"SGP50",0.760841098726859,2.12034485946224,0.477
"2060",5,11,8,"SGP50",3.85417757657957,3.78827899743373,0.9265
"2061",5,11,9,"SGP50",1.33595433791359,2.42647403930645,0.6695
"2062",5,11,10,"SGP50",1.15927688738817,2.36767901415431,0.674
"2063",5,11,11,"SGP50",3.64539268167044,3.48219243215961,0.934
"2064",5,11,12,"SGP50",1.04839524358877,2.38324308552045,0.411
"2065",5,11,13,"SGP50",0.950494705304821,2.15239880237951,0.414
"2066",5,11,14,"SGP50",0.960932710057341,2.20996733636335,0.3685
"2067",5,11,15,"SGP50",1.95949694276845,2.63973480805091,0.1585
"2068",5,11,16,"SGP50",3.53317888049824,3.40670137652846,0.8985
"2069",5,11,17,"SGP50",1.03760333130697,2.43397742798268,0.394
"2070",5,11,18,"SGP50",1.13434368181324,2.26842239203324,0.3145
"2071",5,11,19,"SGP50",1.38525219625353,2.39102149419198,0.248
"2072",5,11,20,"SGP50",1.0068970178257,2.19601975097943,0.3255
"2073",5,11,21,"SGP50",1.39562304202721,2.37805970338432,0.238
"2074",5,11,22,"SGP50",1.50692223148114,2.47922883506078,0.8035
"2075",5,11,23,"SGP50",0.936086975190733,2.17990173575473,0.3715
"2076",5,11,24,"SGP50",2.22547066585486,2.76045249144621,0.1135
"2077",5,11,25,"SGP50",1.51534373420404,2.34149519101107,0.1845
"2078",5,11,26,"SGP50",4.16293558091993,3.80120746977486,0.02
"2079",5,11,27,"SGP50",1.74877306640928,2.47409855898083,0.2205
"2080",5,11,28,"SGP50",2.10412450079382,2.65199555171356,0.141
"2081",5,11,29,"SGP50",1.43018436009764,2.45550004257812,0.212
"2082",5,11,30,"SGP50",1.24927144168361,2.30978954424413,0.227
"2083",5,11,31,"SGP50",1.15458936170211,2.07181256054311,0.2285
"2084",5,11,32,"SGP50",0.610682203930001,1.77342803242787,0.376
"2085",5,11,33,"SGP50",0.84034331282203,1.22368994879159,0.2515
"2086",5,11,34,"SGP50",0.344180301202339,0.450890499487702,0.345
"2087",5,11,35,"SGP50",0.263480190478299,0.12200086017461,0.332
"2088",5,11,36,"SGP50",0.204765477998604,-0.178205703472906,0.346
"2089",5,11,37,"SGP50",0.202808460877049,-0.189126427977798,0.2945
"2090",5,11,38,"SGP50",0.181316761004061,-0.33831964217574,0.285
"2091",5,12,1,"BMA",4.04644565992246,3.58480789349016,0.7155
"2092",5,12,2,"BMA",5.66504073257936,4.18746456386279,0.8435
"2093",5,12,3,"BMA",4.79406639995074,3.74720647939415,0.6915
"2094",5,12,4,"BMA",11.6482044432393,4.31785710880563,0.888
"2095",5,12,5,"BMA",8.07375297323239,3.94120547153264,0.807
"2096",5,12,6,"BMA",5.07963451244539,3.74304282534974,0.2835
"2097",5,12,7,"BMA",6.88777366773076,3.98680734149143,0.222
"2098",5,12,8,"BMA",8.60075295320064,4.124947731244,0.211
"2099",5,12,9,"BMA",8.51211870727004,4.03334610969523,0.756
"2100",5,12,10,"BMA",8.22094110178204,3.89219749184,0.828
"2101",5,12,11,"BMA",6.36667261480267,3.72264029169329,0.82
"2102",5,12,12,"BMA",4.24601891976122,3.42886448040619,0.78
"2103",5,12,13,"BMA",3.59974615402874,3.51541860838764,0.241
"2104",5,12,14,"BMA",4.53046930511449,3.51345426128332,0.237
"2105",5,12,15,"BMA",3.77913595040038,3.60494790896788,0.298
"2106",5,12,16,"BMA",5.96166345844223,3.713823141422,0.1585
"2107",5,12,17,"BMA",4.03466503316607,3.43840209759903,0.21
"2108",5,12,18,"BMA",2.90782131065827,3.122292989004,0.3055
"2109",5,12,19,"BMA",3.42300921834358,3.19864203244509,0.226
"2110",5,12,20,"BMA",3.28144675576194,3.18863729407401,0.2155
"2111",5,12,21,"BMA",1.46918177811512,2.87276650960191,0.4805
"2112",5,12,22,"BMA",1.40603607155217,2.64423721684776,0.5385
"2113",5,12,23,"BMA",1.23346083695803,2.52142874192787,0.523
"2114",5,12,24,"BMA",1.62273338961173,2.77373277048274,0.7
"2115",5,12,25,"BMA",1.22164232877839,2.46796603471014,0.6315
"2116",5,12,26,"BMA",2.57670061377313,2.96088780018846,0.1565
"2117",5,12,27,"BMA",3.76870909380529,3.28487318599505,0.0645
"2118",5,12,28,"BMA",2.32629155181944,2.80588620142743,0.14
"2119",5,12,29,"BMA",0.834471718045504,2.17335383412145,0.608
"2120",5,12,30,"BMA",0.896176982630188,2.12241205022933,0.351
"2121",5,12,31,"BMA",1.24947600106791,2.14610486589459,0.207
"2122",5,12,32,"BMA",0.651758561102032,1.90942270997941,0.4765
"2123",5,12,33,"BMA",0.597755340296242,1.8692027268886,0.4855
"2124",5,12,34,"BMA",0.858926564935815,1.99353898875649,0.244
"2125",5,12,35,"BMA",1.7324588970992,2.4486230193079,0.092
"2126",5,12,36,"BMA",2.98905471117145,3.57697976269893,0.0155
"2127",5,12,37,"BMA",2.15415309320974,2.89264352709684,0.0415
"2128",5,12,38,"BMA",0.969945257997609,1.84138354199262,0.146
"2129",5,12,1,"AVS",4.04644565992246,3.5544538742851,0.7075
"2130",5,12,2,"AVS",4.65896427577138,3.8448201781419,0.752
"2131",5,12,3,"AVS",5.92576475928948,3.86685959934265,0.7565
"2132",5,12,4,"AVS",7.69629162641522,4.05833320317063,0.8695
"2133",5,12,5,"AVS",6.81440996184469,3.90408567499466,0.8165
"2134",5,12,6,"AVS",5.62836490195574,3.85524530152801,0.227
"2135",5,12,7,"AVS",6.9213744595773,3.94231601949011,0.215
"2136",5,12,8,"AVS",8.58647611121542,4.06475235895389,0.2145
"2137",5,12,9,"AVS",8.45634592747065,3.97003944819044,0.7605
"2138",5,12,10,"AVS",7.58822063647662,3.8911739200813,0.7975
"2139",5,12,11,"AVS",3.23708756168142,3.29750946792694,0.6435
"2140",5,12,12,"AVS",1.89168313910804,2.95997494076848,0.4115
"2141",5,12,13,"AVS",7.46704115787106,4.05995291915755,0.0605
"2142",5,12,14,"AVS",3.41750169838665,3.31643140994622,0.762
"2143",5,12,15,"AVS",1.75295496623439,2.99269153693169,0.5075
"2144",5,12,16,"AVS",4.22835841301773,3.40281311333762,0.16
"2145",5,12,17,"AVS",1.8278685673043,2.90831684189061,0.599
"2146",5,12,18,"AVS",1.8434862516579,2.97839706101235,0.531
"2147",5,12,19,"AVS",2.18980378696822,3.05438128014447,0.316
"2148",5,12,20,"AVS",1.68814154116169,2.9611742709822,0.5515
"2149",5,12,21,"AVS",3.8023421865947,3.3638675039409,0.819
"2150",5,12,22,"AVS",1.75164232518072,2.89490702831487,0.378
"2151",5,12,23,"AVS",1.50035036098138,2.81757538869547,0.5095
"2152",5,12,24,"AVS",2.08728256332253,2.91400317301266,0.6715
"2153",5,12,25,"AVS",1.6866504052314,2.82471569688537,0.371
"2154",5,12,26,"AVS",4.50334968314922,3.36924752327583,0.107
"2155",5,12,27,"AVS",1.8739642376598,2.85900812887435,0.6635
"2156",5,12,28,"AVS",1.5357264001829,2.73340442577123,0.6125
"2157",5,12,29,"AVS",1.58624768578011,2.73862380011594,0.6325
"2158",5,12,30,"AVS",3.70649777925765,3.14966784087967,0.136
"2159",5,12,31,"AVS",1.48667467668691,2.73029794216865,0.5525
"2160",5,12,32,"AVS",1.84731341594854,2.85823468111534,0.6715
"2161",5,12,33,"AVS",1.34613373306548,2.6984532064121,0.456
"2162",5,12,34,"AVS",1.22177300102116,2.54687759376092,0.411
"2163",5,12,35,"AVS",1.22241047924124,2.56723188860501,0.394
"2164",5,12,36,"AVS",1.38759065355855,2.77766523957146,0.408
"2165",5,12,37,"AVS",1.40661913416363,2.72277112631876,0.603
"2166",5,12,38,"AVS",1.35449199449692,2.65746154480468,0.6135
"2167",5,12,1,"EQW",4.04644565992246,3.56300324870426,0.721
"2168",5,12,2,"EQW",5.63106705414497,4.04197429551584,0.842
"2169",5,12,3,"EQW",4.44213394496604,3.49944692266498,0.774
"2170",5,12,4,"EQW",13.965167089855,5.10049717711099,0.9485
"2171",5,12,5,"EQW",10.4364206943335,3.93573148748845,0.839
"2172",5,12,6,"EQW",6.17450853952315,4.27219765477652,0.499
"2173",5,12,7,"EQW",4.53982743229056,3.76811770233428,0.561
"2174",5,12,8,"EQW",5.07110746903244,4.00917659528993,0.338
"2175",5,12,9,"EQW",8.13427966876845,4.03790651277654,0.8385
"2176",5,12,10,"EQW",4.65285709064504,3.72713662159457,0.605
"2177",5,12,11,"EQW",4.58881721001918,3.62224318632671,0.6865
"2178",5,12,12,"EQW",3.96217351674505,3.51755535522633,0.6535
"2179",5,12,13,"EQW",4.32211103184174,3.84328856124117,0.3365
"2180",5,12,14,"EQW",3.39851182527534,3.59456239446094,0.5615
"2181",5,12,15,"EQW",3.2331281834995,3.5370502387588,0.5085
"2182",5,12,16,"EQW",4.15148894360067,3.79237575909688,0.3225
"2183",5,12,17,"EQW",2.98204834860047,3.48886450278244,0.463
"2184",5,12,18,"EQW",2.69194150616194,3.32560201822913,0.468
"2185",5,12,19,"EQW",2.96020247637371,3.26485856296588,0.3565
"2186",5,12,20,"EQW",2.50976438178895,3.19667830258832,0.381
"2187",5,12,21,"EQW",2.36669033713856,3.24714392459823,0.605
"2188",5,12,22,"EQW",2.02727172596783,3.11371507849726,0.494
"2189",5,12,23,"EQW",1.85289945223013,3.01736472360731,0.5105
"2190",5,12,24,"EQW",2.14283110156203,3.01117423059702,0.6535
"2191",5,12,25,"EQW",1.75306874212839,2.91183375905154,0.508
"2192",5,12,26,"EQW",3.00577892767143,2.99170367935587,0.221
"2193",5,12,27,"EQW",2.19242288034978,3.05116790240175,0.3255
"2194",5,12,28,"EQW",1.6984542461345,2.82203851641688,0.3565
"2195",5,12,29,"EQW",1.3099769661091,2.50356169570504,0.615
"2196",5,12,30,"EQW",1.68698422167627,2.62121185257441,0.321
"2197",5,12,31,"EQW",1.30148259442737,2.50783868869082,0.3835
"2198",5,12,32,"EQW",1.12195830315291,2.40290781049631,0.548
"2199",5,12,33,"EQW",1.07453954788309,2.34259945721413,0.515
"2200",5,12,34,"EQW",1.08912605967182,2.29201919614435,0.4075
"2201",5,12,35,"EQW",1.31559353992594,2.38338012225777,0.3045
"2202",5,12,36,"EQW",1.80582242515924,2.9246264366374,0.2375
"2203",5,12,37,"EQW",1.3693601850775,2.63949735569985,0.2985
"2204",5,12,38,"EQW",0.963361119446042,2.19078086470496,0.349
"2205",5,12,1,"SGP",4.04644565992246,3.5667603157709,0.698
"2206",5,12,2,"SGP",7.35134501679429,4.98828057190472,0.9565
"2207",5,12,3,"SGP",3.04472996127109,3.01826159219539,0.895
"2208",5,12,4,"SGP",12.0366183351564,7.82412681310058,0.9975
"2209",5,12,5,"SGP",1.50010559568237,2.79436418057091,0.5375
"2210",5,12,6,"SGP",11.6292817313216,5.9888716713142,0.0145
"2211",5,12,7,"SGP",1.97807876192221,3.01309932138886,0.405
"2212",5,12,8,"SGP",8.41256578201555,4.23554387404594,0.056
"2213",5,12,9,"SGP",7.89201596100141,4.10267863124885,0.939
"2214",5,12,10,"SGP",5.21577967270294,3.49415257537991,0.1425
"2215",5,12,11,"SGP",1.81911199774574,2.9579080277879,0.479
"2216",5,12,12,"SGP",1.89769965273621,2.98594600621953,0.3855
"2217",5,12,13,"SGP",7.42853330920915,4.057253375159,0.0565
"2218",5,12,14,"SGP",3.59988126658068,3.28216479467238,0.7885
"2219",5,12,15,"SGP",1.73948606301453,2.9756128063171,0.5195
"2220",5,12,16,"SGP",4.22759938558537,3.41166471787165,0.1505
"2221",5,12,17,"SGP",1.83210067956674,2.98427603623711,0.592
"2222",5,12,18,"SGP",1.84780619036339,2.92515251196587,0.5615
"2223",5,12,19,"SGP",2.19936951618461,3.00360588620698,0.3075
"2224",5,12,20,"SGP",1.68970449824356,2.93869744054018,0.5395
"2225",5,12,21,"SGP",3.77503345718343,3.26318248578605,0.8105
"2226",5,12,22,"SGP",1.75362568075221,2.86281904873081,0.391
"2227",5,12,23,"SGP",1.50318703462977,2.82116702656623,0.511
"2228",5,12,24,"SGP",2.08570187523717,2.88982908124235,0.6565
"2229",5,12,25,"SGP",1.6849311820761,2.78830932427628,0.375
"2230",5,12,26,"SGP",4.4871730392599,3.47748160678299,0.1145
"2231",5,12,27,"SGP",1.86712272349426,2.819483705024,0.6665
"2232",5,12,28,"SGP",1.53095931800232,2.71915295294992,0.614
"2233",5,12,29,"SGP",1.58150660484598,2.75928731658966,0.644
"2234",5,12,30,"SGP",3.6773577025772,3.2367598425927,0.1425
"2235",5,12,31,"SGP",1.49647956477073,2.78293787565528,0.5745
"2236",5,12,32,"SGP",1.8749519580173,2.82549117856309,0.687
"2237",5,12,33,"SGP",1.42288555697654,2.74994782339782,0.4405
"2238",5,12,34,"SGP",1.32370804859728,2.72694009800335,0.4505
"2239",5,12,35,"SGP",1.24238655305082,2.6226395424568,0.488
"2240",5,12,36,"SGP",1.33579813264309,2.65373524145648,0.499
"2241",5,12,37,"SGP",1.44444105722943,2.67789209439804,0.6225
"2242",5,12,38,"SGP",1.37418373685565,2.73178425126594,0.6045
"2243",5,12,1,"SGP50",4.04644565992246,3.60384313567466,0.721
"2244",5,12,2,"SGP50",5.69717582538464,4.05336052143888,0.826
"2245",5,12,3,"SGP50",4.39263591505787,3.40436095923762,0.7945
"2246",5,12,4,"SGP50",13.7815904738948,5.23957722480383,0.96
"2247",5,12,5,"SGP50",8.80662217319285,3.77782779528342,0.7975
"2248",5,12,6,"SGP50",5.84352291034704,4.32759358585172,0.4245
"2249",5,12,7,"SGP50",3.54948360566517,3.58261984855107,0.499
"2250",5,12,8,"SGP50",5.77748824059392,4.00885733187711,0.232
"2251",5,12,9,"SGP50",7.6491529448547,4.06323532268102,0.845
"2252",5,12,10,"SGP50",3.69258141189294,3.67507633275223,0.4645
"2253",5,12,11,"SGP50",2.92914114984262,3.26996211589143,0.5725
"2254",5,12,12,"SGP50",2.52420388018809,3.26376243364214,0.519
"2255",5,12,13,"SGP50",5.61479339472643,3.84579189227308,0.1875
"2256",5,12,14,"SGP50",3.01656355074719,3.44292060065724,0.6175
"2257",5,12,15,"SGP50",2.41899159004678,3.2257457237799,0.4515
"2258",5,12,16,"SGP50",4.46197045683499,3.5448304490846,0.2195
"2259",5,12,17,"SGP50",2.35335175632989,3.19233131063662,0.47
"2260",5,12,18,"SGP50",2.2301312100511,3.15078512074562,0.489
"2261",5,12,19,"SGP50",2.74628133323816,3.21891498170636,0.318
"2262",5,12,20,"SGP50",2.04086059311472,3.08832905621702,0.439
"2263",5,12,21,"SGP50",2.76112566021134,3.20050758322415,0.694
"2264",5,12,22,"SGP50",1.87972072973871,2.96716378762111,0.4485
"2265",5,12,23,"SGP50",1.65716526725619,2.94460708695656,0.502
"2266",5,12,24,"SGP50",2.03333384442429,2.95397099824884,0.6535
"2267",5,12,25,"SGP50",1.64703235777509,2.88882530264589,0.462
"2268",5,12,26,"SGP50",3.74307836600084,3.19681224984485,0.157
"2269",5,12,27,"SGP50",1.73282060384227,2.94869101044392,0.465
"2270",5,12,28,"SGP50",1.48543669915683,2.68536023265225,0.4605
"2271",5,12,29,"SGP50",1.37860935077277,2.60487428410465,0.619
"2272",5,12,30,"SGP50",2.38573206090355,2.7868699890428,0.2435
"2273",5,12,31,"SGP50",1.28457249922617,2.57960328577416,0.4435
"2274",5,12,32,"SGP50",1.31682104953747,2.46945891635429,0.596
"2275",5,12,33,"SGP50",1.14887728374928,2.4921648459942,0.4635
"2276",5,12,34,"SGP50",1.14193919425573,2.41320497146294,0.4075
"2277",5,12,35,"SGP50",1.25603369959704,2.5641065446065,0.331
"2278",5,12,36,"SGP50",1.57433360858137,2.87371658462866,0.2965
"2279",5,12,37,"SGP50",1.2622621851247,2.7001284256812,0.393
"2280",5,12,38,"SGP50",0.974494370394069,2.27394066120166,0.426
"2281",5,13,1,"BMA",4.68677524465524,3.79707991246156,0.8645
"2282",5,13,2,"BMA",1.6009934499705,2.79261840713044,0.5155
"2283",5,13,3,"BMA",2.13076622071251,2.93682454018383,0.6735
"2284",5,13,4,"BMA",3.60343651348081,3.32358736771115,0.814
"2285",5,13,5,"BMA",2.2367779599906,3.05542737863685,0.6785
"2286",5,13,6,"BMA",2.03044603859575,2.98335978700623,0.3605
"2287",5,13,7,"BMA",3.19647935145393,3.24919939920794,0.774
"2288",5,13,8,"BMA",4.07881098032164,3.3022321246833,0.8395
"2289",5,13,9,"BMA",3.8502267886321,3.17165109733627,0.8265
"2290",5,13,10,"BMA",1.52495225082067,2.81637149941024,0.5365
"2291",5,13,11,"BMA",1.2762546926115,2.61853152132809,0.5105
"2292",5,13,12,"BMA",4.71998511055934,3.62823542425682,0.96
"2293",5,13,13,"BMA",1.43779953574494,2.60833836395331,0.321
"2294",5,13,14,"BMA",3.30375270923639,3.14697450728053,0.93
"2295",5,13,15,"BMA",3.04969002706373,3.17229915067986,0.1105
"2296",5,13,16,"BMA",8.31799111757349,5.13659869780155,0.0225
"2297",5,13,17,"BMA",1.29550365841439,2.61406302222058,0.428
"2298",5,13,18,"BMA",1.25360837923846,2.5928856694111,0.426
"2299",5,13,19,"BMA",3.65304828974214,3.22506988958056,0.12
"2300",5,13,20,"BMA",2.19588308189245,2.82871121116428,0.2265
"2301",5,13,21,"BMA",2.98696169509866,2.87774113166004,0.1655
"2302",5,13,22,"BMA",1.3954299437459,2.56734454474599,0.3635
"2303",5,13,23,"BMA",2.26168743600337,2.83462141161178,0.234
"2304",5,13,24,"BMA",1.66150712448538,2.65678013780706,0.2885
"2305",5,13,25,"BMA",1.32929255794612,2.61003137620985,0.397
"2306",5,13,26,"BMA",1.38176615022286,2.65944813062708,0.625
"2307",5,13,27,"BMA",2.96774429891449,3.0544577256361,0.1355
"2308",5,13,28,"BMA",7.20254804070758,4.67519537524525,0.023
"2309",5,13,29,"BMA",1.54842168102544,2.60353961965164,0.319
"2310",5,13,30,"BMA",2.4557917031284,2.84987975705838,0.8035
"2311",5,13,31,"BMA",1.97241949117585,2.81977951175899,0.2745
"2312",5,13,32,"BMA",1.29527603279279,2.61214662811074,0.409
"2313",5,13,33,"BMA",1.55237537981694,2.67093263568257,0.3095
"2314",5,13,34,"BMA",1.21857448023374,2.51077878165819,0.3895
"2315",5,13,35,"BMA",1.09066853915908,2.49612620667475,0.4925
"2316",5,13,36,"BMA",2.33180827284246,2.72906322732472,0.171
"2317",5,13,37,"BMA",0.983667326152735,2.33041929369858,0.569
"2318",5,13,38,"BMA",1.06727897715905,2.33670980908403,0.6235
"2319",5,13,1,"AVS",4.68677524465524,3.77502676467189,0.869
"2320",5,13,2,"AVS",1.85314830339308,2.84533069821557,0.3925
"2321",5,13,3,"AVS",1.62264476428011,2.83866382090669,0.5595
"2322",5,13,4,"AVS",3.2252750058752,3.21909874240409,0.753
"2323",5,13,5,"AVS",2.3492330536256,3.07116508488953,0.688
"2324",5,13,6,"AVS",2.04610177168695,3.05623875904798,0.385
"2325",5,13,7,"AVS",3.09640568690659,3.25834420470891,0.745
"2326",5,13,8,"AVS",4.61621430409434,3.48153508714728,0.837
"2327",5,13,9,"AVS",5.23771679390752,3.62194031565938,0.87
"2328",5,13,10,"AVS",1.9231996334158,3.00932342375113,0.5985
"2329",5,13,11,"AVS",1.31119053440644,2.60517132888043,0.498
"2330",5,13,12,"AVS",4.07564173653587,3.50813702072302,0.956
"2331",5,13,13,"AVS",1.7004671531024,2.53413105198619,0.203
"2332",5,13,14,"AVS",2.91924888075242,3.00814800748456,0.911
"2333",5,13,15,"AVS",3.23254609266597,3.24513124253036,0.092
"2334",5,13,16,"AVS",9.16903255346216,8.00409142641657,0
"2335",5,13,17,"AVS",1.82898267129418,2.82386994334616,0.296
"2336",5,13,18,"AVS",1.40213756228418,2.66233258603586,0.367
"2337",5,13,19,"AVS",3.8804540599348,3.09191476159593,0.114
"2338",5,13,20,"AVS",2.22200793050365,2.79306401856633,0.2255
"2339",5,13,21,"AVS",3.07912192509078,2.98547044650268,0.1415
"2340",5,13,22,"AVS",1.42532613433822,2.62145081051784,0.3615
"2341",5,13,23,"AVS",2.41659417095717,2.86806546884072,0.1905
"2342",5,13,24,"AVS",1.80134729308231,2.68816445197881,0.2655
"2343",5,13,25,"AVS",1.38479704223152,2.63155907083018,0.3565
"2344",5,13,26,"AVS",1.23810146919317,2.59364338858704,0.5985
"2345",5,13,27,"AVS",3.0493900099949,3.04724520138133,0.1345
"2346",5,13,28,"AVS",7.19736209997254,4.55277848555943,0.0195
"2347",5,13,29,"AVS",1.19798924397199,2.52539033154259,0.5265
"2348",5,13,30,"AVS",3.78938927190074,3.31040784080122,0.905
"2349",5,13,31,"AVS",2.21338622107578,2.77215728352702,0.203
"2350",5,13,32,"AVS",1.27657612824972,2.57219977546948,0.376
"2351",5,13,33,"AVS",1.48024308618825,2.53586717035334,0.327
"2352",5,13,34,"AVS",1.07953409029414,2.4401380953216,0.453
"2353",5,13,35,"AVS",1.05426207205289,2.4094306272532,0.536
"2354",5,13,36,"AVS",2.09300620307165,2.65994536393812,0.197
"2355",5,13,37,"AVS",1.57283609303094,2.49541717065653,0.7475
"2356",5,13,38,"AVS",1.23101533172682,2.5124335018197,0.673
"2357",5,13,1,"EQW",4.68677524465524,3.79472138981517,0.873
"2358",5,13,2,"EQW",1.69932025686549,2.73536337965949,0.63
"2359",5,13,3,"EQW",2.82213429541946,3.09811480425967,0.774
"2360",5,13,4,"EQW",4.12856639330845,3.51813244598616,0.866
"2361",5,13,5,"EQW",1.66070903023628,2.82993210954656,0.6165
"2362",5,13,6,"EQW",2.23898405135009,2.91982062092346,0.2875
"2363",5,13,7,"EQW",2.8115479619681,3.14937857230364,0.7855
"2364",5,13,8,"EQW",2.95880692256107,2.92666016101363,0.803
"2365",5,13,9,"EQW",2.83960647973347,2.91301223198007,0.784
"2366",5,13,10,"EQW",1.56907076913503,2.73718599930687,0.54
"2367",5,13,11,"EQW",1.62663270892182,2.73245472743436,0.6105
"2368",5,13,12,"EQW",6.31696052221385,3.96631203935018,0.9565
"2369",5,13,13,"EQW",2.27873143536919,2.95428262857417,0.6335
"2370",5,13,14,"EQW",6.87257298752979,3.91757016281794,0.959
"2371",5,13,15,"EQW",2.4612754898235,3.19924325216861,0.5675
"2372",5,13,16,"EQW",2.82632740581941,3.32520713018953,0.349
"2373",5,13,17,"EQW",1.62743719981801,2.84461519588629,0.4455
"2374",5,13,18,"EQW",1.53881051508279,2.84071494160694,0.468
"2375",5,13,19,"EQW",3.12165344209097,3.22980571047953,0.225
"2376",5,13,20,"EQW",2.36934576133661,2.96204445333491,0.264
"2377",5,13,21,"EQW",1.99773804002659,2.7887632844804,0.281
"2378",5,13,22,"EQW",1.31028112741998,2.62520406818151,0.541
"2379",5,13,23,"EQW",1.26845687428955,2.62668304081189,0.464
"2380",5,13,24,"EQW",1.22644290275476,2.58351709816893,0.535
"2381",5,13,25,"EQW",1.41035267666836,2.65179143780957,0.6295
"2382",5,13,26,"EQW",3.07430180798684,3.11792905704139,0.837
"2383",5,13,27,"EQW",1.59388505653397,2.91473951938526,0.4815
"2384",5,13,28,"EQW",3.3610721869468,3.0278881187469,0.1575
"2385",5,13,29,"EQW",1.15751909658751,2.41058760069163,0.419
"2386",5,13,30,"EQW",3.24951652016667,3.2601580899841,0.898
"2387",5,13,31,"EQW",1.26376035944288,2.58563533610744,0.5415
"2388",5,13,32,"EQW",1.34349115836696,2.62282040730731,0.627
"2389",5,13,33,"EQW",1.15285495885774,2.45357049696215,0.5915
"2390",5,13,34,"EQW",1.15091247239617,2.53211766660631,0.61
"2391",5,13,35,"EQW",1.4086680985244,2.57895145589307,0.697
"2392",5,13,36,"EQW",1.22445401067647,2.37503806229183,0.3575
"2393",5,13,37,"EQW",1.20736853694321,2.47101953767557,0.677
"2394",5,13,38,"EQW",1.51914386225754,2.58809128095458,0.728
"2395",5,13,1,"SGP",4.68677524465524,3.88789061885724,0.8675
"2396",5,13,2,"SGP",1.64772206459615,2.60391983276961,0.664
"2397",5,13,3,"SGP",3.60267691630995,3.33726664467402,0.8875
"2398",5,13,4,"SGP",5.15808338109177,3.84400823080866,0.949
"2399",5,13,5,"SGP",1.85308562355323,2.7305774731539,0.735
"2400",5,13,6,"SGP",1.97124800800274,2.83190112463914,0.2435
"2401",5,13,7,"SGP",3.11769532848279,3.04212329175168,0.8825
"2402",5,13,8,"SGP",1.75446607763133,2.56754075384027,0.7745
"2403",5,13,9,"SGP",1.09167066830633,2.31665168613008,0.6465
"2404",5,13,10,"SGP",1.57874418651449,2.44363827560248,0.246
"2405",5,13,11,"SGP",1.06685299450478,2.27005942003645,0.335
"2406",5,13,12,"SGP",3.80461772759607,3.410032900748,0.9495
"2407",5,13,13,"SGP",1.6333035868502,2.5499644382163,0.2385
"2408",5,13,14,"SGP",3.00111725317379,3.12650511541849,0.9225
"2409",5,13,15,"SGP",3.11073347449905,3.24708920881245,0.0865
"2410",5,13,16,"SGP",8.86961747605304,6.27008547099184,0.0095
"2411",5,13,17,"SGP",2.57166323163189,2.95447708282329,0.159
"2412",5,13,18,"SGP",2.34672467057709,2.7725973252267,0.1655
"2413",5,13,19,"SGP",6.71382692919371,4.43305703891032,0.02
"2414",5,13,20,"SGP",4.05280385401813,3.36308760642878,0.088
"2415",5,13,21,"SGP",1.4942061155095,2.60071198309257,0.288
"2416",5,13,22,"SGP",1.22493287554392,2.48321429898156,0.6675
"2417",5,13,23,"SGP",1.01660173861794,2.42818293701282,0.3805
"2418",5,13,24,"SGP",0.965391827243478,2.29644350756166,0.535
"2419",5,13,25,"SGP",1.10173239907924,2.46810943674287,0.6125
"2420",5,13,26,"SGP",2.2958717137661,2.84217895235627,0.823
"2421",5,13,27,"SGP",2.05358458883789,2.71572353212519,0.193
"2422",5,13,28,"SGP",5.0050734383873,3.93633607888599,0.035
"2423",5,13,29,"SGP",1.34487447140505,2.39259947794978,0.6875
"2424",5,13,30,"SGP",4.97058240450736,3.81370969489317,0.9635
"2425",5,13,31,"SGP",1.27615204680745,2.49810334007218,0.3365
"2426",5,13,32,"SGP",1.05061559955526,2.40426083986121,0.5635
"2427",5,13,33,"SGP",1.02482935683896,2.32562353875841,0.4855
"2428",5,13,34,"SGP",0.940175298497256,2.38747602508356,0.5385
"2429",5,13,35,"SGP",1.13735131368222,2.32749314233561,0.6335
"2430",5,13,36,"SGP",1.68949412542096,2.54540524519429,0.2395
"2431",5,13,37,"SGP",1.74231947333157,2.56902316133087,0.7825
"2432",5,13,38,"SGP",1.36969464874508,2.47013296234598,0.7095
"2433",5,13,1,"SGP50",4.68677524465524,3.69330347782691,0.871
"2434",5,13,2,"SGP50",1.69979103989391,2.7717325524316,0.6415
"2435",5,13,3,"SGP50",2.84760070606659,3.12648296229781,0.782
"2436",5,13,4,"SGP50",4.17428090649817,3.51319352480474,0.8685
"2437",5,13,5,"SGP50",1.65427171335915,2.74730439503014,0.632
"2438",5,13,6,"SGP50",2.20715651550757,2.94200014686617,0.285
"2439",5,13,7,"SGP50",2.85082878587114,3.1050840882366,0.793
"2440",5,13,8,"SGP50",2.89371275214562,3.02520554057212,0.809
"2441",5,13,9,"SGP50",2.68235047561125,2.88415862104634,0.772
"2442",5,13,10,"SGP50",1.48626988584422,2.76293727683683,0.518
"2443",5,13,11,"SGP50",1.50332028929842,2.70594301696474,0.584
"2444",5,13,12,"SGP50",5.97325189700726,3.88839812742723,0.962
"2445",5,13,13,"SGP50",1.90798742541542,2.87693468078954,0.5745
"2446",5,13,14,"SGP50",6.0651675393874,3.65870760635549,0.951
"2447",5,13,15,"SGP50",2.07045041583963,3.09859532256373,0.468
"2448",5,13,16,"SGP50",3.47293496045815,3.49855823229078,0.249
"2449",5,13,17,"SGP50",1.6013520454537,2.84859737986886,0.3975
"2450",5,13,18,"SGP50",1.52097520190442,2.80173778279297,0.3865
"2451",5,13,19,"SGP50",3.66850103907,3.32958089597661,0.1755
"2452",5,13,20,"SGP50",2.57075718962734,2.97676412663135,0.212
"2453",5,13,21,"SGP50",2.01382306142674,2.83465983775191,0.269
"2454",5,13,22,"SGP50",1.24402623245621,2.6316676760243,0.538
"2455",5,13,23,"SGP50",1.3193025415604,2.55207711434655,0.4045
"2456",5,13,24,"SGP50",1.18188999089062,2.55107179733672,0.503
"2457",5,13,25,"SGP50",1.2682464254578,2.60617340384679,0.5825
"2458",5,13,26,"SGP50",2.59177620409381,2.9509566360527,0.796
"2459",5,13,27,"SGP50",1.63607160638949,2.91433074594272,0.4
"2460",5,13,28,"SGP50",3.99261690856166,3.2804055132243,0.13
"2461",5,13,29,"SGP50",1.13864813700042,2.48921616391938,0.448
"2462",5,13,30,"SGP50",3.36297646832538,3.2005143050772,0.879
"2463",5,13,31,"SGP50",1.26741107989017,2.63728783586471,0.4715
"2464",5,13,32,"SGP50",1.25334441715883,2.59232338264791,0.6135
"2465",5,13,33,"SGP50",1.13226179344013,2.519992782271,0.5385
"2466",5,13,34,"SGP50",1.11512091283495,2.4776178351166,0.59
"2467",5,13,35,"SGP50",1.31836528089188,2.5647801187008,0.66
"2468",5,13,36,"SGP50",1.377318137445,2.49467166618363,0.322
"2469",5,13,37,"SGP50",1.26724025931117,2.45593067804912,0.6935
"2470",5,13,38,"SGP50",1.47099428702948,2.58606721499225,0.7255
"2471",5,14,1,"BMA",9.09058590570955,4.20069317688518,0.8315
"2472",5,14,2,"BMA",5.40145490881232,3.76553528702764,0.737
"2473",5,14,3,"BMA",11.0540326311758,4.42039331546952,0.8735
"2474",5,14,4,"BMA",4.95111659763227,3.97650142460381,0.441
"2475",5,14,5,"BMA",9.10315775231927,4.20343318941032,0.8165
"2476",5,14,6,"BMA",19.4152163913861,5.27339587550202,0.9565
"2477",5,14,7,"BMA",6.4288355702379,3.98947375564594,0.661
"2478",5,14,8,"BMA",6.39120721315199,4.01828776613479,0.2735
"2479",5,14,9,"BMA",5.22306454890039,3.88488811334625,0.628
"2480",5,14,10,"BMA",5.6704714083011,3.87305287650484,0.63
"2481",5,14,11,"BMA",8.42050808821412,4.04605088842345,0.7435
"2482",5,14,12,"BMA",23.4266422290678,5.0177815012782,0.942
"2483",5,14,13,"BMA",12.9861801949807,4.35377306667623,0.7775
"2484",5,14,14,"BMA",6.08875385992069,4.03338341822041,0.297
"2485",5,14,15,"BMA",6.89470764684829,4.28079957517611,0.341
"2486",5,14,16,"BMA",6.06117567468907,4.10112600711873,0.3555
"2487",5,14,17,"BMA",10.4899693075366,4.30003396910316,0.849
"2488",5,14,18,"BMA",13.9248767326327,4.73535164672533,0.912
"2489",5,14,19,"BMA",6.56978307724603,3.91466023876884,0.805
"2490",5,14,20,"BMA",6.42286742424972,3.81620411488467,0.7935
"2491",5,14,21,"BMA",3.22166448507301,3.48310624213465,0.6515
"2492",5,14,22,"BMA",2.5905181422652,3.26939799852555,0.604
"2493",5,14,23,"BMA",4.42027513653736,3.49798568265301,0.7645
"2494",5,14,24,"BMA",4.46041356085065,3.61731889003475,0.781
"2495",5,14,25,"BMA",4.15333145322895,3.42617660895399,0.8005
"2496",5,14,26,"BMA",2.75538892786464,3.19343668007013,0.711
"2497",5,14,27,"BMA",5.90001107024653,3.7069352119008,0.89
"2498",5,14,28,"BMA",4.7366506534271,3.5043512824175,0.8685
"2499",5,14,29,"BMA",2.95877698882807,3.18264272836159,0.762
"2500",5,14,30,"BMA",4.00897991179793,3.40849508851104,0.8475
"2501",5,14,31,"BMA",3.7993736136326,3.29748459442112,0.843
"2502",5,14,32,"BMA",3.67558850071122,3.23879558638545,0.847
"2503",5,14,33,"BMA",2.49128238211958,2.9508979800214,0.769
"2504",5,14,34,"BMA",3.50918227246766,3.10375180670904,0.8425
"2505",5,14,35,"BMA",2.16558737471831,2.90216714887333,0.7595
"2506",5,14,36,"BMA",1.0961917081463,2.46019424835228,0.467
"2507",5,14,37,"BMA",1.71008609037219,2.62353771363678,0.2515
"2508",5,14,38,"BMA",1.32977491708438,2.49908398571693,0.333
"2509",5,14,1,"AVS",9.09058590570955,4.19580392014896,0.8315
"2510",5,14,2,"AVS",6.74523391343794,3.89241398773309,0.771
"2511",5,14,3,"AVS",18.5090838046081,5.12468587491865,0.9475
"2512",5,14,4,"AVS",6.41874477500008,3.97664974727907,0.264
"2513",5,14,5,"AVS",5.72331949211705,3.87907137124161,0.73
"2514",5,14,6,"AVS",18.8822881023672,5.33673845298484,0.953
"2515",5,14,7,"AVS",6.42680402096219,4.00212842930797,0.683
"2516",5,14,8,"AVS",6.39746400471617,4.0807742662109,0.2705
"2517",5,14,9,"AVS",5.21374519960405,3.86736369499357,0.615
"2518",5,14,10,"AVS",5.69617439011488,3.88831906268788,0.6395
"2519",5,14,11,"AVS",8.51058931103466,3.98578145708042,0.7405
"2520",5,14,12,"AVS",24.019945767818,5.07062565216141,0.9475
"2521",5,14,13,"AVS",13.2186592543367,5.17658193333578,0.0225
"2522",5,14,14,"AVS",33.0861403673077,8.65478436727077,0
"2523",5,14,15,"AVS",6.88836720530735,4.20176611717323,0.3495
"2524",5,14,16,"AVS",6.03133880059339,4.08579380082237,0.3795
"2525",5,14,17,"AVS",10.5441672006254,4.31565509165411,0.8475
"2526",5,14,18,"AVS",14.0771843774687,4.75623098288787,0.92
"2527",5,14,19,"AVS",6.74022096798481,3.86367641564733,0.804
"2528",5,14,20,"AVS",6.54818106810949,3.93135460085064,0.7955
"2529",5,14,21,"AVS",3.23936185417013,3.45728404304517,0.6645
"2530",5,14,22,"AVS",2.589223959903,3.29466039760642,0.611
"2531",5,14,23,"AVS",4.43089482938415,3.51348679030089,0.7725
"2532",5,14,24,"AVS",4.47161475185779,3.56170197677635,0.784
"2533",5,14,25,"AVS",4.10368911782822,3.44652887472723,0.7995
"2534",5,14,26,"AVS",2.67795298378919,3.21829393757027,0.686
"2535",5,14,27,"AVS",5.68740555390309,3.76937114762768,0.88
"2536",5,14,28,"AVS",3.31260587030085,3.46513461078566,0.7175
"2537",5,14,29,"AVS",2.40287905389319,3.26555462042164,0.4735
"2538",5,14,30,"AVS",3.20690355193517,3.24501300387497,0.6735
"2539",5,14,31,"AVS",2.45721975526327,3.32504278858281,0.551
"2540",5,14,32,"AVS",2.4050745255689,3.27209699525536,0.563
"2541",5,14,33,"AVS",2.36951932198465,3.21303445280949,0.459
"2542",5,14,34,"AVS",3.01125579898607,3.31954340411641,0.658
"2543",5,14,35,"AVS",2.27594733390968,3.32133311182479,0.4145
"2544",5,14,36,"AVS",2.630406300601,3.27953752095516,0.367
"2545",5,14,37,"AVS",2.21628531295542,3.08509198826102,0.523
"2546",5,14,38,"AVS",2.59105716667786,3.24697328572101,0.651
"2547",5,14,1,"EQW",9.09058590570955,4.30939645351726,0.82
"2548",5,14,2,"EQW",4.95465673695508,3.63854743270178,0.752
"2549",5,14,3,"EQW",11.0545799777394,4.72001353799885,0.8945
"2550",5,14,4,"EQW",4.3188456757117,3.74201666962849,0.5455
"2551",5,14,5,"EQW",14.6805342433765,4.80291104179053,0.924
"2552",5,14,6,"EQW",27.5123434457847,6.23225524239503,0.9865
"2553",5,14,7,"EQW",10.8904188646314,4.60023107384562,0.642
"2554",5,14,8,"EQW",6.99514202007809,4.29019562523933,0.4925
"2555",5,14,9,"EQW",10.1572577239076,4.13867727734253,0.799
"2556",5,14,10,"EQW",6.96394703999824,4.06201538667958,0.64
"2557",5,14,11,"EQW",7.78518614104335,4.05361127656762,0.6595
"2558",5,14,12,"EQW",13.5490619160307,4.28722587420798,0.8215
"2559",5,14,13,"EQW",8.30692074443899,4.41083711229296,0.556
"2560",5,14,14,"EQW",10.1259655552209,4.43523519708894,0.2975
"2561",5,14,15,"EQW",6.18626137619396,4.03131342149479,0.3505
"2562",5,14,16,"EQW",7.21579389842441,4.07586048070688,0.2525
"2563",5,14,17,"EQW",6.39982465742638,4.01862896369251,0.704
"2564",5,14,18,"EQW",5.51715070754835,3.99203829015406,0.6535
"2565",5,14,19,"EQW",4.65848574329254,3.98338798578994,0.4815
"2566",5,14,20,"EQW",4.26028977747101,3.79348495873661,0.625
"2567",5,14,21,"EQW",3.68034297549997,3.6613135080728,0.433
"2568",5,14,22,"EQW",3.31439719145843,3.5148425268319,0.451
"2569",5,14,23,"EQW",3.22019461501097,3.49249666231908,0.5755
"2570",5,14,24,"EQW",3.03243891177471,3.48654393989641,0.5255
"2571",5,14,25,"EQW",2.84404890895776,3.41809587804616,0.539
"2572",5,14,26,"EQW",2.8779640853659,3.36240726122447,0.4525
"2573",5,14,27,"EQW",3.30048717446872,3.4452106955892,0.6475
"2574",5,14,28,"EQW",2.61495209374668,3.38796009075782,0.5345
"2575",5,14,29,"EQW",2.49498004002505,3.25282550053651,0.477
"2576",5,14,30,"EQW",2.49953355667453,3.1663459160365,0.588
"2577",5,14,31,"EQW",2.33637308297217,3.2330470460717,0.575
"2578",5,14,32,"EQW",2.28065306937442,3.18688987084586,0.582
"2579",5,14,33,"EQW",2.06663666908136,3.09062348448195,0.493
"2580",5,14,34,"EQW",2.40970544427088,3.12422503141067,0.657
"2581",5,14,35,"EQW",1.93241707714781,3.03057121201146,0.5655
"2582",5,14,36,"EQW",2.04030497106346,2.86233019770643,0.3695
"2583",5,14,37,"EQW",2.15105506131625,2.97304025468734,0.3255
"2584",5,14,38,"EQW",1.77860866576886,2.83243511689167,0.4335
"2585",5,14,1,"SGP",9.09058590570955,4.25102443611287,0.827
"2586",5,14,2,"SGP",5.85457671082164,3.63320487400295,0.8125
"2587",5,14,3,"SGP",10.274703621171,5.35838488850404,0.987
"2588",5,14,4,"SGP",2.42884856788886,3.03753758608506,0.306
"2589",5,14,5,"SGP",12.2835641562768,5.52654172474852,0.992
"2590",5,14,6,"SGP",21.3905659415619,7.59098778028348,0.9995
"2591",5,14,7,"SGP",12.8935587150504,4.81620546797464,0.046
"2592",5,14,8,"SGP",9.50263470487132,4.17454189799146,0.1065
"2593",5,14,9,"SGP",3.38551182520197,3.36068624827386,0.655
"2594",5,14,10,"SGP",5.02566602339613,3.55451303856058,0.2205
"2595",5,14,11,"SGP",3.9958047965748,3.47964112626964,0.2435
"2596",5,14,12,"SGP",2.5149859822618,3.27114827043521,0.565
"2597",5,14,13,"SGP",13.0972835379724,5.17689086297023,0.028
"2598",5,14,14,"SGP",32.8781449419979,8.8751785810764,0.001
"2599",5,14,15,"SGP",8.31684665966437,3.97770517076699,0.1365
"2600",5,14,16,"SGP",7.62386511020512,3.90591837643197,0.147
"2601",5,14,17,"SGP",11.3471718322986,4.53074244210726,0.9085
"2602",5,14,18,"SGP",2.95720679332553,3.5725230777221,0.463
"2603",5,14,19,"SGP",6.75354291492379,3.92608768793626,0.194
"2604",5,14,20,"SGP",3.75739181953316,3.48800096869651,0.616
"2605",5,14,21,"SGP",3.75200339340886,3.58568210395839,0.3545
"2606",5,14,22,"SGP",2.73366782484989,3.32103658802149,0.486
"2607",5,14,23,"SGP",3.94864628080246,3.53870545504386,0.7035
"2608",5,14,24,"SGP",2.59123677557415,3.41827884100189,0.5285
"2609",5,14,25,"SGP",2.48219184631803,3.33133575731026,0.496
"2610",5,14,26,"SGP",2.62301841985637,3.3934166651609,0.473
"2611",5,14,27,"SGP",4.53272596758455,3.61153340303147,0.75
"2612",5,14,28,"SGP",2.69744555612413,3.35683839768792,0.448
"2613",5,14,29,"SGP",2.53553235630899,3.25874234963633,0.428
"2614",5,14,30,"SGP",3.16099014912658,3.26872049955717,0.686
"2615",5,14,31,"SGP",2.444000495239,3.2436803179576,0.556
"2616",5,14,32,"SGP",2.40221032039625,3.22964596929954,0.5465
"2617",5,14,33,"SGP",2.3702868227534,3.27143046028287,0.473
"2618",5,14,34,"SGP",3.00714291575705,3.2921869027223,0.653
"2619",5,14,35,"SGP",2.27542520318117,3.25011149477403,0.431
"2620",5,14,36,"SGP",2.62923469727703,3.2573113444979,0.3795
"2621",5,14,37,"SGP",2.22831026987309,3.20203262250952,0.549
"2622",5,14,38,"SGP",2.62968255356519,3.21331522890949,0.657
"2623",5,14,1,"SGP50",9.09058590570955,4.26594072135059,0.823
"2624",5,14,2,"SGP50",5.00091967786464,3.57305868556592,0.7545
"2625",5,14,3,"SGP50",11.2480730814385,4.56596540780802,0.8895
"2626",5,14,4,"SGP50",4.0779526063291,3.66624493034749,0.5235
"2627",5,14,5,"SGP50",14.3001391507891,4.81995320428221,0.9225
"2628",5,14,6,"SGP50",25.7538471458388,6.46663391911187,0.9855
"2629",5,14,7,"SGP50",8.19456919592849,4.4843235051064,0.49
"2630",5,14,8,"SGP50",6.30382053150918,4.15700951697927,0.3535
"2631",5,14,9,"SGP50",6.34583221727431,3.82187995016913,0.7275
"2632",5,14,10,"SGP50",4.40368778265719,3.85886381985371,0.4375
"2633",5,14,11,"SGP50",4.16274682596124,3.69203773131249,0.462
"2634",5,14,12,"SGP50",5.56500030042,3.70692770312566,0.67
"2635",5,14,13,"SGP50",8.36501369461182,4.80403217592165,0.23
"2636",5,14,14,"SGP50",22.9714826050814,5.42642717061166,0.0835
"2637",5,14,15,"SGP50",7.67122053167706,4.0860496044987,0.174
"2638",5,14,16,"SGP50",7.80176303795815,4.04110448434032,0.176
"2639",5,14,17,"SGP50",8.88449004914051,4.31170984278058,0.828
"2640",5,14,18,"SGP50",3.52835333996245,3.69306009810523,0.5125
"2641",5,14,19,"SGP50",5.92543805780944,3.89983013675802,0.257
"2642",5,14,20,"SGP50",3.82917001135047,3.57357196149348,0.6075
"2643",5,14,21,"SGP50",3.88923791681631,3.60619519890423,0.347
"2644",5,14,22,"SGP50",2.9964900372537,3.43865210000498,0.4725
"2645",5,14,23,"SGP50",3.63378862269214,3.59147267088796,0.6625
"2646",5,14,24,"SGP50",2.78398078028977,3.44646999069121,0.5325
"2647",5,14,25,"SGP50",2.66462367438761,3.42336606905653,0.507
"2648",5,14,26,"SGP50",2.72981260845253,3.40676396587499,0.4825
"2649",5,14,27,"SGP50",4.10722086401039,3.55566780204996,0.702
"2650",5,14,28,"SGP50",2.68643071765232,3.34490843213735,0.473
"2651",5,14,29,"SGP50",2.52319546129583,3.27662359863321,0.441
"2652",5,14,30,"SGP50",2.91580544216674,3.32021302786149,0.6365
"2653",5,14,31,"SGP50",2.45049165794447,3.2369884117547,0.5695
"2654",5,14,32,"SGP50",2.38496836495819,3.20682830751038,0.574
"2655",5,14,33,"SGP50",2.26357090180651,3.18629153244134,0.4955
"2656",5,14,34,"SGP50",2.78962596063721,3.22437247647741,0.664
"2657",5,14,35,"SGP50",2.12638339187131,3.18341031556661,0.494
"2658",5,14,36,"SGP50",2.31087469844444,3.03332917103041,0.3855
"2659",5,14,37,"SGP50",2.03092566624475,3.08094975688583,0.4635
"2660",5,14,38,"SGP50",2.06279948282763,3.0564284094493,0.551
"2661",5,15,1,"BMA",4.20703750792682,3.64613235531758,0.3365
"2662",5,15,2,"BMA",4.40673836070251,3.63926862220507,0.759
"2663",5,15,3,"BMA",2.24430117601775,3.13313948068053,0.41
"2664",5,15,4,"BMA",8.68224922975492,4.21494528468879,0.0745
"2665",5,15,5,"BMA",2.31077349610198,3.08416878297649,0.4065
"2666",5,15,6,"BMA",5.16395850535266,3.59632099588825,0.8235
"2667",5,15,7,"BMA",2.20538422484376,3.04093026742632,0.6305
"2668",5,15,8,"BMA",1.72245699492725,2.91315047980052,0.5095
"2669",5,15,9,"BMA",3.18669348533488,3.12253914023163,0.7875
"2670",5,15,10,"BMA",1.69064178843004,2.92310510474685,0.485
"2671",5,15,11,"BMA",1.60888133058481,2.88813220109303,0.535
"2672",5,15,12,"BMA",3.79024494953551,3.26235108334962,0.1675
"2673",5,15,13,"BMA",2.08251718043833,2.88289633022807,0.3415
"2674",5,15,14,"BMA",8.85013756301084,4.54077377712905,0.978
"2675",5,15,15,"BMA",1.4852366395684,2.77165416088901,0.514
"2676",5,15,16,"BMA",1.85472490269916,2.97864055253816,0.329
"2677",5,15,17,"BMA",2.57094559017445,2.9901751599127,0.2585
"2678",5,15,18,"BMA",3.75928415548555,3.23956349160313,0.1745
"2679",5,15,19,"BMA",12.3005381508123,5.84930781309047,0.0075
"2680",5,15,20,"BMA",1.7975724343811,2.92839285973177,0.561
"2681",5,15,21,"BMA",1.5615650656899,2.8518050626685,0.54
"2682",5,15,22,"BMA",1.60110771800274,2.86155608688014,0.551
"2683",5,15,23,"BMA",4.32665588096134,3.41193584797481,0.138
"2684",5,15,24,"BMA",2.97520307522089,3.09822236278142,0.222
"2685",5,15,25,"BMA",3.11721045930211,3.16289487590173,0.7965
"2686",5,15,26,"BMA",2.42647365220905,2.93958071172592,0.753
"2687",5,15,27,"BMA",3.43575855522347,3.18333145309905,0.176
"2688",5,15,28,"BMA",1.45468295405008,2.74235353987281,0.4965
"2689",5,15,29,"BMA",5.24326866447861,3.5731983599287,0.1
"2690",5,15,30,"BMA",2.4291529813813,3.00644640976804,0.251
"2691",5,15,31,"BMA",1.51533351374687,2.72906823073133,0.4875
"2692",5,15,32,"BMA",1.56678917795921,2.88136604922188,0.5015
"2693",5,15,33,"BMA",1.67454001810892,2.88298151418563,0.3605
"2694",5,15,34,"BMA",2.02605957118478,2.84004802772654,0.311
"2695",5,15,35,"BMA",1.5033879587775,2.70941315373019,0.424
"2696",5,15,36,"BMA",1.54692957644188,2.76493267441267,0.611
"2697",5,15,37,"BMA",1.55838769667088,2.72419922722569,0.3675
"2698",5,15,38,"BMA",1.42338456652121,2.70934833320702,0.5705
"2699",5,15,1,"AVS",4.20703750792682,3.62485852141201,0.328
"2700",5,15,2,"AVS",5.3222897431678,3.65559405110054,0.867
"2701",5,15,3,"AVS",2.0714646957035,3.07322601059962,0.411
"2702",5,15,4,"AVS",8.29102483855435,4.08271135906044,0.072
"2703",5,15,5,"AVS",2.59838951358705,3.06433758154922,0.3275
"2704",5,15,6,"AVS",3.70687061575547,3.30457058522868,0.7725
"2705",5,15,7,"AVS",1.98247104779627,2.94318606892993,0.6205
"2706",5,15,8,"AVS",1.72061025028741,2.86333218597384,0.4835
"2707",5,15,9,"AVS",3.18661043824113,3.15024319542989,0.774
"2708",5,15,10,"AVS",1.68663151745598,2.94230398809523,0.489
"2709",5,15,11,"AVS",1.6233277328233,2.8485673433416,0.54
"2710",5,15,12,"AVS",3.65697888282315,3.26928263875766,0.1765
"2711",5,15,13,"AVS",2.08782055572409,2.8616307774352,0.303
"2712",5,15,14,"AVS",8.80626189839978,4.60392314126289,0.9735
"2713",5,15,15,"AVS",1.48180824882157,2.76283239895608,0.5285
"2714",5,15,16,"AVS",1.81625919304784,2.90980147334468,0.348
"2715",5,15,17,"AVS",2.58778032840284,3.01245457598086,0.2365
"2716",5,15,18,"AVS",3.77290959094026,3.35402113535233,0.1755
"2717",5,15,19,"AVS",12.2666216624068,5.64626607597819,0.0095
"2718",5,15,20,"AVS",1.72646886567621,2.89460442700282,0.519
"2719",5,15,21,"AVS",1.56396819944523,2.84395268563509,0.571
"2720",5,15,22,"AVS",1.59518359756459,2.85291342129284,0.558
"2721",5,15,23,"AVS",4.29063665112193,3.39520265537136,0.143
"2722",5,15,24,"AVS",2.97603601444628,3.1119145597529,0.224
"2723",5,15,25,"AVS",3.13107407800923,3.13713347952904,0.7655
"2724",5,15,26,"AVS",2.47799947793302,3.01270389875496,0.746
"2725",5,15,27,"AVS",3.36150287447679,3.12145916885202,0.1775
"2726",5,15,28,"AVS",1.45705072914903,2.72581121230746,0.5055
"2727",5,15,29,"AVS",5.19490512557763,3.55627337477462,0.095
"2728",5,15,30,"AVS",2.45245775685037,2.94451262814105,0.2705
"2729",5,15,31,"AVS",1.51510577339509,2.77192198268388,0.5035
"2730",5,15,32,"AVS",1.56659402279736,2.87689976654685,0.479
"2731",5,15,33,"AVS",1.68746272571362,2.7619631523693,0.37
"2732",5,15,34,"AVS",2.05254647403534,2.85282084046757,0.296
"2733",5,15,35,"AVS",1.51604165708272,2.74883980327457,0.4325
"2734",5,15,36,"AVS",1.52096166921264,2.73360150331094,0.6145
"2735",5,15,37,"AVS",1.57113130348455,2.62635705563233,0.3745
"2736",5,15,38,"AVS",1.42532446168675,2.75031024157195,0.5635
"2737",5,15,1,"EQW",4.20703750792682,3.57583382030375,0.3325
"2738",5,15,2,"EQW",3.72093798852431,3.63323660676815,0.6465
"2739",5,15,3,"EQW",2.62669708665704,3.29549875802828,0.4325
"2740",5,15,4,"EQW",7.80252494683569,3.98322146665682,0.1365
"2741",5,15,5,"EQW",2.83049201102133,3.30806582727994,0.3745
"2742",5,15,6,"EQW",5.23021695984957,3.60634982845336,0.804
"2743",5,15,7,"EQW",4.05250772768852,3.45292429585636,0.7165
"2744",5,15,8,"EQW",3.35172097103491,3.278009090775,0.6615
"2745",5,15,9,"EQW",5.95252159385165,3.55268881872765,0.844
"2746",5,15,10,"EQW",3.58509624412536,3.32548498208747,0.633
"2747",5,15,11,"EQW",3.64378343163353,3.31151405407023,0.6685
"2748",5,15,12,"EQW",3.06199836071077,3.43439890248268,0.4285
"2749",5,15,13,"EQW",2.30064436123989,3.17529565551227,0.4405
"2750",5,15,14,"EQW",10.2806312416645,4.68698150961146,0.9675
"2751",5,15,15,"EQW",4.02462474945821,3.37351530514792,0.6775
"2752",5,15,16,"EQW",3.12861326071525,3.31249750913518,0.559
"2753",5,15,17,"EQW",2.5007512322846,3.23755326275758,0.512
"2754",5,15,18,"EQW",2.85129134371147,3.32947222448839,0.3405
"2755",5,15,19,"EQW",9.70840702393466,4.8567125184432,0.1275
"2756",5,15,20,"EQW",2.93000209292631,3.55686291440371,0.5495
"2757",5,15,21,"EQW",2.17929982682047,3.09117875377458,0.5125
"2758",5,15,22,"EQW",2.30728998913061,3.20807121107795,0.572
"2759",5,15,23,"EQW",3.30777815363608,3.53912507899382,0.294
"2760",5,15,24,"EQW",2.65682757060254,3.19772873413867,0.3255
"2761",5,15,25,"EQW",3.274439951618,3.26563340106573,0.7775
"2762",5,15,26,"EQW",3.84075468060848,3.33281897071947,0.7655
"2763",5,15,27,"EQW",2.57115893075177,3.33032678968653,0.4145
"2764",5,15,28,"EQW",2.36119159504047,3.02882392611003,0.652
"2765",5,15,29,"EQW",3.36401453503252,3.46689755517762,0.2915
"2766",5,15,30,"EQW",2.14834738948351,2.96276644245558,0.35
"2767",5,15,31,"EQW",1.67045059125102,2.91201957602749,0.5285
"2768",5,15,32,"EQW",1.637588046474,2.88496710826454,0.5645
"2769",5,15,33,"EQW",1.48915319279056,2.80428427430221,0.4815
"2770",5,15,34,"EQW",1.65807576193665,2.79259008936133,0.38
"2771",5,15,35,"EQW",1.34212445985421,2.674399514633,0.458
"2772",5,15,36,"EQW",1.595994955719,2.71003101480949,0.6685
"2773",5,15,37,"EQW",1.22837058479992,2.58705801616812,0.4845
"2774",5,15,38,"EQW",1.46730409763954,2.61877838785516,0.6595
"2775",5,15,1,"SGP",4.20703750792682,3.62149605321526,0.3395
"2776",5,15,2,"SGP",4.96832230739338,3.63562582956748,0.8265
"2777",5,15,3,"SGP",2.0525840980934,3.09470939194436,0.424
"2778",5,15,4,"SGP",11.2053747020077,5.02221426442342,0.03
"2779",5,15,5,"SGP",2.617336584529,3.18320081067855,0.309
"2780",5,15,6,"SGP",3.68331480724534,3.32211209116709,0.776
"2781",5,15,7,"SGP",2.08545660151316,3.09458731292088,0.613
"2782",5,15,8,"SGP",1.68103135216685,2.87381721734612,0.478
"2783",5,15,9,"SGP",3.13005113199618,3.22917245700665,0.779
"2784",5,15,10,"SGP",1.81594603522275,2.91682124053011,0.387
"2785",5,15,11,"SGP",1.60479944694368,2.8164098822751,0.465
"2786",5,15,12,"SGP",5.01698307216249,3.51224307655764,0.109
"2787",5,15,13,"SGP",2.04679298981794,2.88653336087562,0.3155
"2788",5,15,14,"SGP",9.26624149424623,4.63255058165179,0.977
"2789",5,15,15,"SGP",1.50237420901319,2.82780581581928,0.446
"2790",5,15,16,"SGP",2.11850356155537,2.90901402440055,0.3155
"2791",5,15,17,"SGP",2.50902458857411,3.05251793466161,0.2475
"2792",5,15,18,"SGP",3.71117639025641,3.22275145666804,0.1695
"2793",5,15,19,"SGP",12.341519820698,5.87863491805576,0.009
"2794",5,15,20,"SGP",2.08643144842357,3.05419470954418,0.6205
"2795",5,15,21,"SGP",1.56392326406667,2.88878063513744,0.546
"2796",5,15,22,"SGP",1.61274765800583,2.90900013755994,0.5675
"2797",5,15,23,"SGP",4.36155705332265,3.43447686183197,0.1415
"2798",5,15,24,"SGP",2.97467235055147,3.1059279181837,0.217
"2799",5,15,25,"SGP",3.09280710644365,3.13090721952059,0.7925
"2800",5,15,26,"SGP",2.37918537403479,3.0374964360133,0.724
"2801",5,15,27,"SGP",3.49077215089463,3.17231035362502,0.1815
"2802",5,15,28,"SGP",1.45595879473959,2.7262720303055,0.504
"2803",5,15,29,"SGP",5.26461964898493,3.5590695477168,0.0985
"2804",5,15,30,"SGP",2.40635369750591,2.94771854795974,0.286
"2805",5,15,31,"SGP",1.51709646956978,2.76863640361088,0.531
"2806",5,15,32,"SGP",1.56573145247225,2.90466278232908,0.496
"2807",5,15,33,"SGP",1.66338456149286,2.83511576192611,0.3755
"2808",5,15,34,"SGP",2.00886592832364,2.91967701469027,0.3035
"2809",5,15,35,"SGP",1.49603411174947,2.73483274360299,0.413
"2810",5,15,36,"SGP",1.55627573665712,2.76182349049635,0.628
"2811",5,15,37,"SGP",1.55021796426785,2.7163243105,0.368
"2812",5,15,38,"SGP",1.42871608721561,2.73003401725318,0.557
"2813",5,15,1,"SGP50",4.20703750792682,3.6216805491447,0.33
"2814",5,15,2,"SGP50",3.75774099832017,3.67236095684412,0.6615
"2815",5,15,3,"SGP50",2.55286042015295,3.2585096268849,0.425
"2816",5,15,4,"SGP50",7.85563408122787,4.02680238631583,0.132
"2817",5,15,5,"SGP50",2.72169577430312,3.22889445028037,0.3835
"2818",5,15,6,"SGP50",5.07489073933577,3.46783883726012,0.808
"2819",5,15,7,"SGP50",3.7280042004232,3.41516401969979,0.7025
"2820",5,15,8,"SGP50",2.90130700547299,3.22416093425755,0.626
"2821",5,15,9,"SGP50",5.06750879178645,3.39723845078532,0.8175
"2822",5,15,10,"SGP50",2.65103698083874,3.15908379162941,0.5475
"2823",5,15,11,"SGP50",2.52183306443854,3.11309868436843,0.599
"2824",5,15,12,"SGP50",3.22265882921622,3.41201080124708,0.3015
"2825",5,15,13,"SGP50",2.01077523562312,2.9509901903713,0.4075
"2826",5,15,14,"SGP50",9.43945185481846,4.57288977309801,0.971
"2827",5,15,15,"SGP50",2.32380759116277,3.05583775214934,0.5765
"2828",5,15,16,"SGP50",2.17702147987388,3.07300598823843,0.43
"2829",5,15,17,"SGP50",2.06012008065392,3.06083356021252,0.3745
"2830",5,15,18,"SGP50",3.13812380751046,3.23111027938227,0.218
"2831",5,15,19,"SGP50",11.9180616313385,5.25969547315961,0.042
"2832",5,15,20,"SGP50",2.6802269069237,3.34795467479956,0.5845
"2833",5,15,21,"SGP50",1.83104639196951,2.96289109386932,0.4935
"2834",5,15,22,"SGP50",1.81415697450683,2.96800592833014,0.529
"2835",5,15,23,"SGP50",4.14310538462443,3.43756535937519,0.1865
"2836",5,15,24,"SGP50",2.94721866984005,3.11866528373903,0.2465
"2837",5,15,25,"SGP50",2.90782750117638,3.02640973224611,0.7535
"2838",5,15,26,"SGP50",2.54961551320031,3.14423136947436,0.696
"2839",5,15,27,"SGP50",3.063069332651,3.25192888295958,0.279
"2840",5,15,28,"SGP50",1.67146921220242,2.83404394693591,0.571
"2841",5,15,29,"SGP50",4.65475927515284,3.61188562423625,0.1375
"2842",5,15,30,"SGP50",2.27252566397106,3.02031088702289,0.3095
"2843",5,15,31,"SGP50",1.58996354657556,2.83002440149782,0.523
"2844",5,15,32,"SGP50",1.54178362876974,2.82249183162848,0.54
"2845",5,15,33,"SGP50",1.51740798007391,2.84033517103808,0.4225
"2846",5,15,34,"SGP50",1.81099553766009,2.82798838098447,0.3345
"2847",5,15,35,"SGP50",1.39626111465441,2.74328117062735,0.4495
"2848",5,15,36,"SGP50",1.5834425886197,2.68060573995021,0.654
"2849",5,15,37,"SGP50",1.31904426533481,2.59067833606273,0.4275
"2850",5,15,38,"SGP50",1.36288056059954,2.63747290648615,0.6275
"2851",5,16,1,"BMA",2.21559302893765,3.07563787122575,0.651
"2852",5,16,2,"BMA",3.46658765880383,3.44322689489333,0.1655
"2853",5,16,3,"BMA",8.28262712518306,4.61847420989112,0.9375
"2854",5,16,4,"BMA",4.50366460212586,3.51969808882925,0.821
"2855",5,16,5,"BMA",2.08795780075036,3.06073180194145,0.486
"2856",5,16,6,"BMA",2.87160528239242,3.23940920495588,0.6855
"2857",5,16,7,"BMA",6.7325818896411,3.82619037440787,0.885
"2858",5,16,8,"BMA",7.60451362872089,3.9382231101905,0.893
"2859",5,16,9,"BMA",5.72663277028116,3.6533531966812,0.824
"2860",5,16,10,"BMA",2.50927180457746,3.12247066457463,0.6155
"2861",5,16,11,"BMA",5.64247766032156,3.62310588541934,0.912
"2862",5,16,12,"BMA",1.8822092809925,2.94710553846518,0.419
"2863",5,16,13,"BMA",3.04337696944537,3.26509489024627,0.194
"2864",5,16,14,"BMA",10.9699004634397,5.20643050978584,0.0515
"2865",5,16,15,"BMA",2.82397572071843,3.35336661749611,0.4495
"2866",5,16,16,"BMA",5.189528110022,3.50213348581618,0.8465
"2867",5,16,17,"BMA",2.28636734133385,3.19021036834249,0.5375
"2868",5,16,18,"BMA",7.04755745291866,3.92044078350432,0.1325
"2869",5,16,19,"BMA",2.44896399065323,3.12368495351432,0.3555
"2870",5,16,20,"BMA",2.02124808228962,3.09113510418384,0.579
"2871",5,16,21,"BMA",6.91335778167372,3.84418408515094,0.894
"2872",5,16,22,"BMA",5.63479389451434,3.67820065990536,0.2025
"2873",5,16,23,"BMA",2.22531226390056,3.00379917770323,0.3445
"2874",5,16,24,"BMA",2.11412845018947,2.98648314811881,0.675
"2875",5,16,25,"BMA",2.7881866884716,3.02718588133655,0.2415
"2876",5,16,26,"BMA",2.51197138323392,2.90153886320264,0.2235
"2877",5,16,27,"BMA",1.44217890415385,2.57348653646108,0.642
"2878",5,16,28,"BMA",2.25447154627824,2.98544983762576,0.7925
"2879",5,16,29,"BMA",1.82280484468453,2.70873932183871,0.7295
"2880",5,16,30,"BMA",1.36012380088805,2.56087603250723,0.683
"2881",5,16,31,"BMA",1.44080105225659,2.37576698819327,0.2775
"2882",5,16,32,"BMA",1.11966009915325,2.2130913606324,0.3175
"2883",5,16,33,"BMA",1.64045434307556,2.49982007155808,0.1955
"2884",5,16,34,"BMA",1.1509310110318,2.1579578131065,0.2465
"2885",5,16,35,"BMA",0.659713203716326,1.87899863511015,0.3885
"2886",5,16,36,"BMA",0.829778068134559,1.96364329592562,0.6905
"2887",5,16,37,"BMA",0.859658733712764,1.80732811823319,0.2665
"2888",5,16,38,"BMA",0.501926047818482,1.6902686439997,0.5215
"2889",5,16,1,"AVS",2.21559302893765,3.07304287361229,0.6475
"2890",5,16,2,"AVS",3.47764851423304,3.39410193957286,0.155
"2891",5,16,3,"AVS",10.5321447487009,6.97037236484722,0.9965
"2892",5,16,4,"AVS",4.60690124698451,3.51984279530044,0.826
"2893",5,16,5,"AVS",2.12117975617192,3.13330410920949,0.4685
"2894",5,16,6,"AVS",2.99130120235988,3.22041734916218,0.719
"2895",5,16,7,"AVS",6.80705338452322,3.99772662743101,0.8935
"2896",5,16,8,"AVS",5.31696413910768,3.57644884905011,0.8335
"2897",5,16,9,"AVS",2.04225904902472,2.78516279248532,0.686
"2898",5,16,10,"AVS",1.3947847565856,2.58132063187007,0.353
"2899",5,16,11,"AVS",4.1399089049127,3.42078192420475,0.9225
"2900",5,16,12,"AVS",2.03336048663346,2.73325196068447,0.252
"2901",5,16,13,"AVS",3.77712235253111,3.27703702875123,0.094
"2902",5,16,14,"AVS",13.186922559426,8.90216706378769,0
"2903",5,16,15,"AVS",3.87589230349802,3.2640805438927,0.1425
"2904",5,16,16,"AVS",1.78881022947757,2.76736054419373,0.668
"2905",5,16,17,"AVS",4.11945198592998,3.31366121284318,0.1285
"2906",5,16,18,"AVS",13.9497450491608,6.69044891472628,0.0025
"2907",5,16,19,"AVS",2.79894824032411,3.22493318390298,0.3285
"2908",5,16,20,"AVS",1.71132090546906,2.96586045614748,0.495
"2909",5,16,21,"AVS",5.20209584576783,3.56616184033837,0.8775
"2910",5,16,22,"AVS",10.5203020386797,4.59737016277132,0.033
"2911",5,16,23,"AVS",2.58701381041183,2.94924385532124,0.297
"2912",5,16,24,"AVS",1.59721387175232,2.8223100493121,0.606
"2913",5,16,25,"AVS",3.10772442929135,3.06322445352483,0.189
"2914",5,16,26,"AVS",3.44804046110563,3.1306230170305,0.146
"2915",5,16,27,"AVS",1.1965196394735,2.57486373037942,0.5815
"2916",5,16,28,"AVS",1.7626857217787,2.66685464430734,0.709
"2917",5,16,29,"AVS",1.52781264168801,2.57902340963249,0.6975
"2918",5,16,30,"AVS",1.1902835771407,2.46093781843032,0.63
"2919",5,16,31,"AVS",1.76756824839046,2.49852603117793,0.214
"2920",5,16,32,"AVS",1.41633652473394,2.37794592645631,0.2235
"2921",5,16,33,"AVS",2.12115458835485,2.63618816405855,0.141
"2922",5,16,34,"AVS",1.52493532251335,2.40657567837284,0.195
"2923",5,16,35,"AVS",0.746359981128552,1.8536941681183,0.347
"2924",5,16,36,"AVS",0.718042283011702,1.99141721713844,0.626
"2925",5,16,37,"AVS",1.05643192980896,2.00779242242807,0.2215
"2926",5,16,38,"AVS",0.543615771815302,1.83500122689198,0.4965
"2927",5,16,1,"EQW",2.21559302893765,3.06354372989322,0.6425
"2928",5,16,2,"EQW",3.44637419498313,3.42801998025573,0.1995
"2929",5,16,3,"EQW",6.4171751136519,4.02191592274086,0.874
"2930",5,16,4,"EQW",4.09549393949392,3.32475387686392,0.8315
"2931",5,16,5,"EQW",2.13215051760591,2.96768551217092,0.386
"2932",5,16,6,"EQW",2.51045198362387,3.07119971810457,0.6825
"2933",5,16,7,"EQW",5.57190793024311,3.67159580766311,0.884
"2934",5,16,8,"EQW",5.5705012139815,3.51809953228247,0.883
"2935",5,16,9,"EQW",4.44018568067662,3.38659304784168,0.8315
"2936",5,16,10,"EQW",2.5621314825203,3.09498879112111,0.6335
"2937",5,16,11,"EQW",7.05968798304625,3.95813987158834,0.922
"2938",5,16,12,"EQW",2.68268501914941,3.2096116109615,0.611
"2939",5,16,13,"EQW",2.27259498398467,3.25362129104842,0.4725
"2940",5,16,14,"EQW",6.26890403448792,4.05178732415481,0.1545
"2941",5,16,15,"EQW",2.62249119893145,3.19096916530255,0.3565
"2942",5,16,16,"EQW",4.18373969738425,3.34825499162753,0.808
"2943",5,16,17,"EQW",2.3810753382814,3.20266156841733,0.524
"2944",5,16,18,"EQW",6.42341234609558,3.86802472848394,0.151
"2945",5,16,19,"EQW",2.12791809090913,3.09352699019509,0.3835
"2946",5,16,20,"EQW",1.84832282056844,2.98486898945764,0.5335
"2947",5,16,21,"EQW",6.12417874830215,3.73429918712271,0.872
"2948",5,16,22,"EQW",5.12994454415618,3.67549272763666,0.274
"2949",5,16,23,"EQW",2.13349593077411,2.90243077907382,0.389
"2950",5,16,24,"EQW",2.1796925541973,3.07461017014341,0.662
"2951",5,16,25,"EQW",4.35809215870034,3.32670579495646,0.191
"2952",5,16,26,"EQW",2.35040933357069,2.92574290218174,0.282
"2953",5,16,27,"EQW",1.7981826815251,2.86763281745135,0.6465
"2954",5,16,28,"EQW",1.80955940535938,2.87159956577934,0.644
"2955",5,16,29,"EQW",1.5862021316784,2.89701609989584,0.5985
"2956",5,16,30,"EQW",1.34142212956095,2.69370875556568,0.5475
"2957",5,16,31,"EQW",2.2582238185375,2.72505395226972,0.2165
"2958",5,16,32,"EQW",1.24551408611966,2.49057394234158,0.3995
"2959",5,16,33,"EQW",1.58500020005963,2.62610975967071,0.29
"2960",5,16,34,"EQW",1.21175147422972,2.47160005113087,0.3885
"2961",5,16,35,"EQW",1.00060151427112,2.28578981922267,0.4755
"2962",5,16,36,"EQW",1.05175551895902,2.31557193246955,0.613
"2963",5,16,37,"EQW",1.28649654890921,2.35366418148465,0.2905
"2964",5,16,38,"EQW",0.882607385052079,2.10203286966579,0.5545
"2965",5,16,1,"SGP",2.21559302893765,3.06203119447743,0.6605
"2966",5,16,2,"SGP",3.08013756949978,3.28613596282982,0.1655
"2967",5,16,3,"SGP",9.89468631835922,5.73913873763864,0.982
"2968",5,16,4,"SGP",3.68254099616015,3.16847501252808,0.865
"2969",5,16,5,"SGP",2.80453070976545,3.00526443579597,0.188
"2970",5,16,6,"SGP",1.74127563903193,2.69092455743603,0.6965
"2971",5,16,7,"SGP",4.1879426218854,3.39661831595823,0.9155
"2972",5,16,8,"SGP",2.89810503019317,2.93802540025656,0.8435
"2973",5,16,9,"SGP",1.64340955255862,2.7026351541504,0.7115
"2974",5,16,10,"SGP",1.37889232534054,2.57765214747815,0.3615
"2975",5,16,11,"SGP",4.21525451458324,3.4805286061518,0.9295
"2976",5,16,12,"SGP",1.98202982595756,2.81409115347132,0.2425
"2977",5,16,13,"SGP",3.67498050107423,3.28246601666592,0.103
"2978",5,16,14,"SGP",12.955782936151,7.2210331788085,0.002
"2979",5,16,15,"SGP",3.93419475702007,3.30137143008492,0.1335
"2980",5,16,16,"SGP",1.75727766167157,2.72656341342548,0.656
"2981",5,16,17,"SGP",4.03109801321489,3.25073335714692,0.142
"2982",5,16,18,"SGP",13.8307692710124,6.44365398891599,0.0085
"2983",5,16,19,"SGP",1.72146082439742,2.92018106036354,0.5785
"2984",5,16,20,"SGP",1.59794788605968,2.91222426741969,0.5345
"2985",5,16,21,"SGP",5.75715660421348,3.70896290157441,0.917
"2986",5,16,22,"SGP",15.0451205719481,6.76962625600744,0.0075
"2987",5,16,23,"SGP",1.87457837495398,2.92039519801173,0.362
"2988",5,16,24,"SGP",2.81544281623468,3.0434042883565,0.7565
"2989",5,16,25,"SGP",10.553722999275,5.98957711731082,0.014
"2990",5,16,26,"SGP",1.54080213797154,2.79629515829364,0.4275
"2991",5,16,27,"SGP",3.60378851569686,3.17525235233847,0.8255
"2992",5,16,28,"SGP",1.91677365527837,2.86761559770161,0.664
"2993",5,16,29,"SGP",1.4910621199337,2.82801852208247,0.5
"2994",5,16,30,"SGP",1.26809653292308,2.6854852886659,0.4575
"2995",5,16,31,"SGP",3.70940277473824,3.22343121942759,0.143
"2996",5,16,32,"SGP",1.49416865628135,2.70671545272853,0.5755
"2997",5,16,33,"SGP",1.55865539272465,2.82131766021036,0.543
"2998",5,16,34,"SGP",1.9253812147085,2.81197343161538,0.7155
"2999",5,16,35,"SGP",2.22407509518347,2.85906491582733,0.7425
"3000",5,16,36,"SGP",1.67702705241638,2.70963480861554,0.6715
"3001",5,16,37,"SGP",1.65962524361157,2.72344857495345,0.3655
"3002",5,16,38,"SGP",1.72395719967144,2.70085884765457,0.6945
"3003",5,16,1,"SGP50",2.21559302893765,3.09692037840384,0.644
"3004",5,16,2,"SGP50",3.43607335109959,3.44454047710024,0.198
"3005",5,16,3,"SGP50",6.59804704487075,4.04190719167454,0.8775
"3006",5,16,4,"SGP50",4.09380091503201,3.44189299452183,0.8505
"3007",5,16,5,"SGP50",2.1103714317056,2.9591876920426,0.3945
"3008",5,16,6,"SGP50",2.51483280615372,3.03240460936963,0.699
"3009",5,16,7,"SGP50",5.57451576751757,3.68886154479934,0.8895
"3010",5,16,8,"SGP50",5.36881684994055,3.51415009555678,0.9
"3011",5,16,9,"SGP50",4.10415597675035,3.29591747214131,0.8055
"3012",5,16,10,"SGP50",2.2770450612573,3.07523211864282,0.6125
"3013",5,16,11,"SGP50",6.63247409180521,3.8463788518424,0.9355
"3014",5,16,12,"SGP50",2.26571817560915,3.11124419702191,0.575
"3015",5,16,13,"SGP50",2.20068765340134,3.13402230423331,0.4115
"3016",5,16,14,"SGP50",7.32696539666625,4.21030271883347,0.119
"3017",5,16,15,"SGP50",2.6791621124205,3.18741954081535,0.324
"3018",5,16,16,"SGP50",3.52690779857388,3.24745861667193,0.7945
"3019",5,16,17,"SGP50",2.31067332322584,3.30049486148501,0.4405
"3020",5,16,18,"SGP50",7.92963625274118,4.04794636774564,0.119
"3021",5,16,19,"SGP50",1.96809579411222,3.05090940823121,0.413
"3022",5,16,20,"SGP50",1.76486100186905,2.9839263444712,0.53
"3023",5,16,21,"SGP50",5.65815526596389,3.71826381221181,0.889
"3024",5,16,22,"SGP50",7.12668655849392,4.07950293744134,0.1985
"3025",5,16,23,"SGP50",2.20921768304899,3.04779469273576,0.355
"3026",5,16,24,"SGP50",2.20779964447538,3.06943638065845,0.6545
"3027",5,16,25,"SGP50",5.48531922032629,3.59930735738608,0.1385
"3028",5,16,26,"SGP50",2.2410027783449,2.92089679897772,0.297
"3029",5,16,27,"SGP50",2.00948925435049,2.90742897659029,0.6815
"3030",5,16,28,"SGP50",1.78449220959565,2.89851803140821,0.633
"3031",5,16,29,"SGP50",1.59985649029631,2.77792542877638,0.5545
"3032",5,16,30,"SGP50",1.37640440491895,2.73473622141195,0.519
"3033",5,16,31,"SGP50",2.50379695468021,2.81896351252533,0.2295
"3034",5,16,32,"SGP50",1.26292757907428,2.52413836777907,0.441
"3035",5,16,33,"SGP50",1.53562758261221,2.61777917807612,0.3365
"3036",5,16,34,"SGP50",1.21536979672904,2.54815982241681,0.446
"3037",5,16,35,"SGP50",1.07414451092248,2.34715121839106,0.5185
"3038",5,16,36,"SGP50",1.1026640599515,2.2915271724558,0.6225
"3039",5,16,37,"SGP50",1.29148059257139,2.39363894921396,0.288
"3040",5,16,38,"SGP50",0.912790011124657,2.15806261618681,0.576
"3041",5,17,1,"BMA",3.01433955145106,3.3564746758803,0.657
"3042",5,17,2,"BMA",2.2161623716654,3.00425931877504,0.7055
"3043",5,17,3,"BMA",6.04664063656036,4.44907086381914,0.939
"3044",5,17,4,"BMA",8.06003732054593,4.23565266504813,0.892
"3045",5,17,5,"BMA",4.00386577680061,3.62713575232542,0.6485
"3046",5,17,6,"BMA",18.5112254885668,5.33411704429981,0.9685
"3047",5,17,7,"BMA",3.23986618938403,3.56118468263395,0.435
"3048",5,17,8,"BMA",19.7994534371596,5.3430781157719,0.9765
"3049",5,17,9,"BMA",5.02961987391118,3.81560460592366,0.6945
"3050",5,17,10,"BMA",7.33899348854042,4.01293459988969,0.7825
"3051",5,17,11,"BMA",8.99263628097961,4.20495689817448,0.1785
"3052",5,17,12,"BMA",6.91343415679805,3.83204242949359,0.6785
"3053",5,17,13,"BMA",10.452562685854,3.95730546530047,0.746
"3054",5,17,14,"BMA",19.6676174637933,4.97870533478486,0.955
"3055",5,17,15,"BMA",4.23642009390996,3.60695354679581,0.586
"3056",5,17,16,"BMA",9.58643519906086,4.37592183581407,0.137
"3057",5,17,17,"BMA",6.04751464585719,4.01757367018998,0.326
"3058",5,17,18,"BMA",3.94839748021908,3.6364763983422,0.5665
"3059",5,17,19,"BMA",3.17081460903447,3.48536524878508,0.481
"3060",5,17,20,"BMA",2.76333669355061,3.38672422722805,0.6075
"3061",5,17,21,"BMA",2.36372473527837,3.24678187022768,0.6065
"3062",5,17,22,"BMA",5.22879785665162,3.56906884817755,0.825
"3063",5,17,23,"BMA",5.22857268573476,3.73135507188662,0.8635
"3064",5,17,24,"BMA",2.09586926721531,3.04423405280546,0.6695
"3065",5,17,25,"BMA",2.74408101750201,3.13502876714688,0.752
"3066",5,17,26,"BMA",13.3430252611962,6.23662289205964,0.9955
"3067",5,17,27,"BMA",8.81915680384232,4.64409454050677,0.9675
"3068",5,17,28,"BMA",5.08798240916633,3.54846062906678,0.874
"3069",5,17,29,"BMA",4.26288836451444,3.39055905028589,0.846
"3070",5,17,30,"BMA",1.37324291331618,2.71029899609545,0.439
"3071",5,17,31,"BMA",1.33385846168157,2.57870564236814,0.3625
"3072",5,17,32,"BMA",1.14562265006146,2.43156446314749,0.556
"3073",5,17,33,"BMA",1.98271856245698,2.76568982300828,0.7945
"3074",5,17,34,"BMA",1.16139982564657,2.31453916977585,0.3385
"3075",5,17,35,"BMA",0.842567355918003,2.10311936596681,0.573
"3076",5,17,36,"BMA",1.23281720858456,2.26902169813854,0.2625
"3077",5,17,37,"BMA",1.50131846431231,2.380131116454,0.1795
"3078",5,17,38,"BMA",0.934062766586231,2.09871398012349,0.305
"3079",5,17,1,"AVS",3.01433955145106,3.35771858124496,0.644
"3080",5,17,2,"AVS",1.99681247332432,2.93953159405086,0.6555
"3081",5,17,3,"AVS",5.63186982553335,3.90857076620902,0.8955
"3082",5,17,4,"AVS",8.76204592349983,4.24693484622826,0.9265
"3083",5,17,5,"AVS",3.06813263431428,3.46435279306103,0.355
"3084",5,17,6,"AVS",12.8014071606337,4.57340452967738,0.921
"3085",5,17,7,"AVS",3.22720654010686,3.53648069098577,0.4145
"3086",5,17,8,"AVS",19.5174064000357,5.47898394766244,0.9715
"3087",5,17,9,"AVS",4.99676999999929,3.77567246197749,0.68
"3088",5,17,10,"AVS",7.32537599999987,4.00381272835529,0.7935
"3089",5,17,11,"AVS",8.9976848000194,4.26275199904626,0.1615
"3090",5,17,12,"AVS",6.91435659999998,3.77984232365303,0.6995
"3091",5,17,13,"AVS",10.4633917319975,3.9923518814938,0.76
"3092",5,17,14,"AVS",19.677400159465,5.03861013876755,0.9505
"3093",5,17,15,"AVS",4.23822575484366,3.62036385680902,0.5965
"3094",5,17,16,"AVS",9.59156240153046,4.3989343648118,0.139
"3095",5,17,17,"AVS",6.0527016,4.06957214340523,0.33
"3096",5,17,18,"AVS",3.9620024,3.67849623772737,0.5545
"3097",5,17,19,"AVS",3.164436,3.46455189722264,0.493
"3098",5,17,20,"AVS",2.7665072,3.36630636721768,0.597
"3099",5,17,21,"AVS",2.3641,3.24044782274207,0.6
"3100",5,17,22,"AVS",5.25074232,3.62447344185896,0.822
"3101",5,17,23,"AVS",5.25868484,3.55316046160562,0.8715
"3102",5,17,24,"AVS",2.10261792,2.98147711579606,0.655
"3103",5,17,25,"AVS",2.75212532,3.11068092038018,0.754
"3104",5,17,26,"AVS",13.3668508,6.08668517936613,0.9965
"3105",5,17,27,"AVS",9.26538,4.6773599203246,0.9695
"3106",5,17,28,"AVS",6.79620435999986,4.07424446811647,0.9405
"3107",5,17,29,"AVS",7.41101819995935,4.03898246564148,0.947
"3108",5,17,30,"AVS",2.00781235736739,2.90326313181965,0.7125
"3109",5,17,31,"AVS",1.58607343566782,2.7741556901559,0.6655
"3110",5,17,32,"AVS",2.35401470659976,2.87994372923954,0.798
"3111",5,17,33,"AVS",3.30295941647493,3.17901936986351,0.8585
"3112",5,17,34,"AVS",1.12667336411761,2.42786639846273,0.4405
"3113",5,17,35,"AVS",0.998253407249308,2.38892396130894,0.5655
"3114",5,17,36,"AVS",1.42688121427333,2.39969810216376,0.2745
"3115",5,17,37,"AVS",2.04547542949493,2.67253590730754,0.1805
"3116",5,17,38,"AVS",1.32224575976616,2.28722029472054,0.2555
"3117",5,17,1,"EQW",3.01433955145106,3.36930418179904,0.6365
"3118",5,17,2,"EQW",2.31188926606041,3.06312372586604,0.6765
"3119",5,17,3,"EQW",5.56750629796927,4.03109810351908,0.8475
"3120",5,17,4,"EQW",6.70042775527894,4.09065296171664,0.8865
"3121",5,17,5,"EQW",3.196395798439,3.58733041181814,0.545
"3122",5,17,6,"EQW",19.5564952308002,6.05980410348218,0.9775
"3123",5,17,7,"EQW",5.12614826888717,4.04747903225953,0.4995
"3124",5,17,8,"EQW",26.1584926005016,6.44139264259791,0.9925
"3125",5,17,9,"EQW",6.03851645983379,4.09376415356822,0.6285
"3126",5,17,10,"EQW",9.45007874787287,4.04502268910235,0.827
"3127",5,17,11,"EQW",7.86338765737834,4.17704678965706,0.221
"3128",5,17,12,"EQW",5.81675605620002,3.80488378875063,0.7275
"3129",5,17,13,"EQW",4.5642587904149,3.85600588715156,0.568
"3130",5,17,14,"EQW",10.1170672790203,4.22403962703912,0.836
"3131",5,17,15,"EQW",5.72735147519281,4.03179182385052,0.3605
"3132",5,17,16,"EQW",12.5862766056341,4.37123962421422,0.1125
"3133",5,17,17,"EQW",7.67829220339641,4.01991740461086,0.1935
"3134",5,17,18,"EQW",5.72852562376527,3.89186356713334,0.2785
"3135",5,17,19,"EQW",5.36273885308372,3.80194786628043,0.2655
"3136",5,17,20,"EQW",4.18133296657585,3.6586838766448,0.3325
"3137",5,17,21,"EQW",4.27989926463886,3.66549924706231,0.328
"3138",5,17,22,"EQW",3.26029398832541,3.67446981443523,0.492
"3139",5,17,23,"EQW",3.07880373280107,3.55251843729665,0.4945
"3140",5,17,24,"EQW",4.41862480323483,3.64446085135218,0.288
"3141",5,17,25,"EQW",2.93236853819084,3.41212566168697,0.42
"3142",5,17,26,"EQW",6.78876392626372,3.97166717889843,0.8375
"3143",5,17,27,"EQW",3.12889601135756,3.51890044570294,0.582
"3144",5,17,28,"EQW",2.83755926746582,3.458777992087,0.5325
"3145",5,17,29,"EQW",3.29901132366966,3.46139137167156,0.687
"3146",5,17,30,"EQW",2.46540937003979,3.13276928053729,0.4175
"3147",5,17,31,"EQW",1.9633779646638,2.94015245341058,0.4705
"3148",5,17,32,"EQW",2.20035189906629,3.06798495679004,0.6215
"3149",5,17,33,"EQW",2.43090627452367,3.15912035043842,0.6765
"3150",5,17,34,"EQW",2.24134926046785,2.82885810561723,0.3135
"3151",5,17,35,"EQW",1.59209250798495,2.76680283378675,0.5345
"3152",5,17,36,"EQW",1.77603356951061,2.84113065318167,0.359
"3153",5,17,37,"EQW",1.9794310181197,2.93461120795973,0.3025
"3154",5,17,38,"EQW",1.51994426839017,2.64097554949455,0.428
"3155",5,17,1,"SGP",3.01433955145106,3.40541988443755,0.631
"3156",5,17,2,"SGP",2.44851939263561,2.9497832097124,0.7805
"3157",5,17,3,"SGP",6.44288754252893,5.22796648894078,0.978
"3158",5,17,4,"SGP",5.88160828862858,4.38689848819025,0.9815
"3159",5,17,5,"SGP",3.69813772940842,3.47061510944987,0.1065
"3160",5,17,6,"SGP",18.6565723382492,12.3962632433009,0.9985
"3161",5,17,7,"SGP",19.4908834057542,7.03494060172754,0.0165
"3162",5,17,8,"SGP",23.9915878697517,9.57433410850708,0.998
"3163",5,17,9,"SGP",7.13699360878809,3.95897601964395,0.1635
"3164",5,17,10,"SGP",3.21547305357459,3.41311155018462,0.6275
"3165",5,17,11,"SGP",17.1264191520483,6.16699829193244,0.0065
"3166",5,17,12,"SGP",2.92449762303552,3.41184933560658,0.589
"3167",5,17,13,"SGP",5.85665838591898,3.74211242939844,0.1825
"3168",5,17,14,"SGP",2.9732645487085,3.4377481781503,0.5945
"3169",5,17,15,"SGP",19.3395787579997,5.87894716219162,0.014
"3170",5,17,16,"SGP",26.6440570086679,8.14134493723749,5e-04
"3171",5,17,17,"SGP",14.2248115446292,4.50338259808597,0.0715
"3172",5,17,18,"SGP",12.9086673061539,4.48660325732971,0.0825
"3173",5,17,19,"SGP",4.08777062825541,3.58263762419786,0.3065
"3174",5,17,20,"SGP",2.68797919296246,3.36568172300836,0.441
"3175",5,17,21,"SGP",2.58572959166411,3.33208448213771,0.5345
"3176",5,17,22,"SGP",3.98630707041788,3.51307567640608,0.723
"3177",5,17,23,"SGP",2.81985289311795,3.25708170418257,0.631
"3178",5,17,24,"SGP",4.15954900602298,3.54549779248834,0.2405
"3179",5,17,25,"SGP",2.79257992891273,3.24867378791274,0.593
"3180",5,17,26,"SGP",12.5989213955128,4.69959650302815,0.964
"3181",5,17,27,"SGP",3.05837934209515,3.40068412140289,0.4025
"3182",5,17,28,"SGP",4.45739818662259,3.4827705072451,0.221
"3183",5,17,29,"SGP",3.00735074001886,3.42741035862332,0.6755
"3184",5,17,30,"SGP",1.47427306632884,2.62727173344219,0.3525
"3185",5,17,31,"SGP",1.44559801152849,2.46899732528802,0.3335
"3186",5,17,32,"SGP",4.33020224845332,3.43603994728661,0.748
"3187",5,17,33,"SGP",2.91030867839135,3.25953043690109,0.6325
"3188",5,17,34,"SGP",1.18464880266568,2.29703818242603,0.3315
"3189",5,17,35,"SGP",0.835139096309597,2.13796972039838,0.58
"3190",5,17,36,"SGP",1.22695870037278,2.27970603275092,0.275
"3191",5,17,37,"SGP",1.47810744199969,2.37401174617001,0.198
"3192",5,17,38,"SGP",0.924588398493509,2.09433150650176,0.328
"3193",5,17,1,"SGP50",3.01433955145106,3.40114140286031,0.6175
"3194",5,17,2,"SGP50",2.30656094047329,2.98945078604,0.656
"3195",5,17,3,"SGP50",5.7347765293444,4.0292306711251,0.8645
"3196",5,17,4,"SGP50",6.8456047569537,4.24377330444234,0.8955
"3197",5,17,5,"SGP50",3.10033942506142,3.50845957896445,0.509
"3198",5,17,6,"SGP50",19.7245805980818,5.91817381100465,0.983
"3199",5,17,7,"SGP50",5.78605953954064,4.13764002336035,0.4435
"3200",5,17,8,"SGP50",26.0842840627279,6.63771931529007,0.99
"3201",5,17,9,"SGP50",5.47482865570146,4.08032246028851,0.571
"3202",5,17,10,"SGP50",8.31985156250652,3.9518536533745,0.802
"3203",5,17,11,"SGP50",9.16443658620125,4.32980147260543,0.179
"3204",5,17,12,"SGP50",5.23302092465725,3.71329376269241,0.715
"3205",5,17,13,"SGP50",4.20481660571536,3.86690916700267,0.4965
"3206",5,17,14,"SGP50",7.4648665700565,3.92466084594175,0.779
"3207",5,17,15,"SGP50",8.72773639459634,4.32106982083444,0.255
"3208",5,17,16,"SGP50",15.9015734794343,4.71943452885315,0.0865
"3209",5,17,17,"SGP50",9.00889589835588,4.16013655456283,0.173
"3210",5,17,18,"SGP50",7.05118401234212,3.92308590285978,0.225
"3211",5,17,19,"SGP50",5.62965179661139,3.81816313961742,0.2535
"3212",5,17,20,"SGP50",4.19386363717916,3.57873796073896,0.3395
"3213",5,17,21,"SGP50",4.1476678208376,3.59837819025832,0.345
"3214",5,17,22,"SGP50",3.20319602868751,3.55571923449001,0.509
"3215",5,17,23,"SGP50",2.92907831749799,3.40249536136804,0.4975
"3216",5,17,24,"SGP50",4.66898535659419,3.64165028992774,0.2615
"3217",5,17,25,"SGP50",2.82739997712984,3.41639721337027,0.4465
"3218",5,17,26,"SGP50",7.38857559954377,3.92364180102986,0.8465
"3219",5,17,27,"SGP50",2.79641610485317,3.46444609889429,0.542
"3220",5,17,28,"SGP50",2.65123668555845,3.32444971868889,0.489
"3221",5,17,29,"SGP50",3.05316500433605,3.33741463972549,0.7005
"3222",5,17,30,"SGP50",2.27021651403289,2.99567380841249,0.3725
"3223",5,17,31,"SGP50",1.7828355154916,2.88414723621086,0.442
"3224",5,17,32,"SGP50",1.9266815353732,2.78939307084713,0.625
"3225",5,17,33,"SGP50",2.26201303860466,3.05646674583085,0.72
"3226",5,17,34,"SGP50",1.83184069190006,2.70083902872723,0.3365
"3227",5,17,35,"SGP50",1.26625892674159,2.46457674034983,0.565
"3228",5,17,36,"SGP50",1.45133598721002,2.5713389708147,0.324
"3229",5,17,37,"SGP50",1.69176331693537,2.7029463217498,0.284
"3230",5,17,38,"SGP50",1.18621237860866,2.32736223734658,0.3945
"3231",5,18,1,"BMA",5.18733881710815,4.14240575574261,0.9155
"3232",5,18,2,"BMA",1.6353269735599,2.85340529178131,0.55
"3233",5,18,3,"BMA",2.22988447051795,2.98490682391253,0.7255
"3234",5,18,4,"BMA",9.87469541915064,4.681861750609,0.9675
"3235",5,18,5,"BMA",2.31422146051663,3.20069160382275,0.569
"3236",5,18,6,"BMA",2.02307070518575,3.04754038131034,0.4465
"3237",5,18,7,"BMA",2.48833002272545,3.15278772499372,0.386
"3238",5,18,8,"BMA",1.95257131229597,3.058495767067,0.5575
"3239",5,18,9,"BMA",5.09878046685886,3.58769841844754,0.857
"3240",5,18,10,"BMA",4.05642582933093,3.36272077931883,0.7875
"3241",5,18,11,"BMA",6.0887453221158,3.85340107684922,0.89
"3242",5,18,12,"BMA",10.0342064563805,4.72977160498446,0.9645
"3243",5,18,13,"BMA",2.65297974417789,3.23295801590766,0.667
"3244",5,18,14,"BMA",4.42061399532897,3.48088620702105,0.83
"3245",5,18,15,"BMA",4.67543655930236,3.42288469163483,0.817
"3246",5,18,16,"BMA",1.67864141674465,2.88793601250211,0.487
"3247",5,18,17,"BMA",3.31936968036828,3.14270531562496,0.8075
"3248",5,18,18,"BMA",1.47458827098428,2.73904689600131,0.5325
"3249",5,18,19,"BMA",2.07231921289914,2.82646304919938,0.7245
"3250",5,18,20,"BMA",5.12075663432971,3.60551902966499,0.078
"3251",5,18,21,"BMA",1.57635063558583,2.78168058803331,0.3685
"3252",5,18,22,"BMA",1.29061401484303,2.64409591303627,0.423
"3253",5,18,23,"BMA",1.53546892637599,2.61189002507164,0.3565
"3254",5,18,24,"BMA",1.29751793813917,2.66043097374587,0.4365
"3255",5,18,25,"BMA",1.23542465884332,2.67190383388248,0.505
"3256",5,18,26,"BMA",1.17980384291967,2.60422004130162,0.4695
"3257",5,18,27,"BMA",3.99460994592898,3.33757614549098,0.1145
"3258",5,18,28,"BMA",2.47491115958583,2.77506397840301,0.199
"3259",5,18,29,"BMA",1.16299081475709,2.55268902948096,0.468
"3260",5,18,30,"BMA",1.81403062167049,2.61197016292639,0.7175
"3261",5,18,31,"BMA",1.87270890098356,2.71633802467058,0.2655
"3262",5,18,32,"BMA",3.66637931500881,3.27079007962733,0.092
"3263",5,18,33,"BMA",1.22562126442212,2.59156307738792,0.424
"3264",5,18,34,"BMA",5.44307871368914,3.86223889141308,0.0345
"3265",5,18,35,"BMA",1.47966391229844,2.60065426762038,0.6435
"3266",5,18,36,"BMA",1.16526423363359,2.51007233771674,0.473
"3267",5,18,37,"BMA",1.72799272103527,2.65657824074823,0.2785
"3268",5,18,38,"BMA",3.8661117740601,3.27520389205984,0.097
"3269",5,18,1,"AVS",5.18733881710815,4.08448429148883,0.909
"3270",5,18,2,"AVS",1.52331165767452,2.77999422294678,0.4925
"3271",5,18,3,"AVS",2.1038790049702,2.86609090873013,0.6855
"3272",5,18,4,"AVS",10.0888630288761,4.63387345109898,0.9605
"3273",5,18,5,"AVS",2.3886190495262,3.2004751362104,0.6355
"3274",5,18,6,"AVS",1.85781307806083,3.00695702015625,0.463
"3275",5,18,7,"AVS",2.42523885527096,3.09310795508311,0.4025
"3276",5,18,8,"AVS",1.90144200959641,3.06215000011351,0.545
"3277",5,18,9,"AVS",5.06357227325599,3.66156020488146,0.8595
"3278",5,18,10,"AVS",4.06813540711694,3.31782616455775,0.7885
"3279",5,18,11,"AVS",6.18601418369079,3.84933504879786,0.909
"3280",5,18,12,"AVS",9.13690766255238,4.42231931496402,0.9505
"3281",5,18,13,"AVS",5.26491226682443,3.61836696584578,0.095
"3282",5,18,14,"AVS",1.50403487895015,2.83691018074568,0.564
"3283",5,18,15,"AVS",1.67035620755558,2.77784843085068,0.664
"3284",5,18,16,"AVS",1.56742216141854,2.75000560113841,0.3365
"3285",5,18,17,"AVS",2.9015590606306,3.00598582934029,0.8035
"3286",5,18,18,"AVS",1.39936711895445,2.66641764931874,0.515
"3287",5,18,19,"AVS",1.94157502702967,2.73793009936275,0.7135
"3288",5,18,20,"AVS",5.27959952648651,3.64596517196737,0.0655
"3289",5,18,21,"AVS",1.57514934708032,2.74872634188412,0.345
"3290",5,18,22,"AVS",1.27623596038388,2.62120284953782,0.4345
"3291",5,18,23,"AVS",1.50483583231561,2.58478243577218,0.3595
"3292",5,18,24,"AVS",1.26672686510787,2.66311578725952,0.413
"3293",5,18,25,"AVS",1.22555413179014,2.64732443639727,0.5085
"3294",5,18,26,"AVS",1.17758082515172,2.5884278785809,0.4815
"3295",5,18,27,"AVS",3.9872278838173,3.38601137445197,0.105
"3296",5,18,28,"AVS",2.38852043002032,2.80211432613359,0.2205
"3297",5,18,29,"AVS",1.15243683429917,2.50702280628734,0.4765
"3298",5,18,30,"AVS",1.82974427496808,2.70899877086117,0.717
"3299",5,18,31,"AVS",1.88841407168724,2.67474525668749,0.252
"3300",5,18,32,"AVS",3.67838414110841,3.23095246982747,0.1045
"3301",5,18,33,"AVS",1.21072542031255,2.55889014437077,0.458
"3302",5,18,34,"AVS",5.39290152229681,3.85031101828639,0.0365
"3303",5,18,35,"AVS",1.592353416605,2.61266519185737,0.668
"3304",5,18,36,"AVS",1.16685624168467,2.53038370082096,0.479
"3305",5,18,37,"AVS",1.72829248369909,2.65036436700127,0.2785
"3306",5,18,38,"AVS",3.84005367843815,3.36183069383746,0.0955
"3307",5,18,1,"EQW",5.18733881710815,4.0065088915647,0.911
"3308",5,18,2,"EQW",2.18674525898164,2.94681633733435,0.7015
"3309",5,18,3,"EQW",2.91055181152762,3.3153948482024,0.7935
"3310",5,18,4,"EQW",9.91566481729525,4.79691293922828,0.9475
"3311",5,18,5,"EQW",3.66746850553292,3.49056370776397,0.365
"3312",5,18,6,"EQW",2.03597315557361,3.06481379830589,0.4195
"3313",5,18,7,"EQW",2.2119737643351,3.07273857272823,0.3535
"3314",5,18,8,"EQW",1.84928872295187,2.98146180935629,0.5605
"3315",5,18,9,"EQW",3.50295536575609,3.19502018613492,0.809
"3316",5,18,10,"EQW",2.18521997870241,3.11843482987749,0.583
"3317",5,18,11,"EQW",2.90302197173205,3.13421200953134,0.716
"3318",5,18,12,"EQW",4.45654240221934,3.2138851743339,0.8305
"3319",5,18,13,"EQW",2.85036156251898,3.49605929163982,0.3925
"3320",5,18,14,"EQW",2.10409777026955,3.0027231027629,0.6115
"3321",5,18,15,"EQW",2.73359503892459,3.06729806162329,0.6855
"3322",5,18,16,"EQW",2.15245884963944,3.10000386832225,0.523
"3323",5,18,17,"EQW",4.45301393887804,3.18811762271178,0.836
"3324",5,18,18,"EQW",3.07208528314772,3.13805877053656,0.6515
"3325",5,18,19,"EQW",4.16222350291937,3.1933472553909,0.785
"3326",5,18,20,"EQW",3.22942712360524,3.64959109135657,0.366
"3327",5,18,21,"EQW",1.95168914478354,3.01220797191363,0.518
"3328",5,18,22,"EQW",1.95779424246364,2.87975765650144,0.564
"3329",5,18,23,"EQW",1.92068810804399,2.9149278786018,0.5115
"3330",5,18,24,"EQW",2.02790842540524,2.9241617964736,0.521
"3331",5,18,25,"EQW",2.23955144132059,2.96364612880076,0.61
"3332",5,18,26,"EQW",2.29119072463284,2.88633296551122,0.6275
"3333",5,18,27,"EQW",2.90499430717178,3.42091554996091,0.334
"3334",5,18,28,"EQW",2.28174429096436,3.13201762547335,0.375
"3335",5,18,29,"EQW",2.04097064602666,2.94001880211937,0.6055
"3336",5,18,30,"EQW",3.42393962502045,3.07627463739112,0.7885
"3337",5,18,31,"EQW",2.10354746055903,2.9687443944996,0.4805
"3338",5,18,32,"EQW",2.56940108078385,3.3072297921659,0.32
"3339",5,18,33,"EQW",1.90128469699062,2.79719115804596,0.579
"3340",5,18,34,"EQW",3.47927963818346,3.58238757324608,0.249
"3341",5,18,35,"EQW",2.385216224281,3.03397650784312,0.6805
"3342",5,18,36,"EQW",2.00414434948997,2.84512912850705,0.653
"3343",5,18,37,"EQW",1.69064154428993,2.81416888509928,0.455
"3344",5,18,38,"EQW",2.43458075338559,3.27374676620496,0.2935
"3345",5,18,1,"SGP",5.18733881710815,4.02511320203441,0.9125
"3346",5,18,2,"SGP",2.1547865803691,2.90092957943443,0.743
"3347",5,18,3,"SGP",3.71271163847905,3.3626348902118,0.9185
"3348",5,18,4,"SGP",11.1181193282318,6.10150250385739,0.9895
"3349",5,18,5,"SGP",10.6043889606711,4.97096951183143,0.0755
"3350",5,18,6,"SGP",1.60160981027596,2.66852565616984,0.3375
"3351",5,18,7,"SGP",2.34945449612981,2.87601857607177,0.2235
"3352",5,18,8,"SGP",1.31263439898342,2.63885907611848,0.3655
"3353",5,18,9,"SGP",1.28615655787475,2.45109528339594,0.6345
"3354",5,18,10,"SGP",2.66196890357995,2.91539269134604,0.156
"3355",5,18,11,"SGP",1.22928312893597,2.50581976707817,0.416
"3356",5,18,12,"SGP",1.05106726268252,2.35380085661452,0.5805
"3357",5,18,13,"SGP",8.74923435133471,5.42861278272763,0.012
"3358",5,18,14,"SGP",1.62230389201911,2.622925194949,0.2935
"3359",5,18,15,"SGP",1.31605733819898,2.53388519667061,0.3915
"3360",5,18,16,"SGP",3.32799949920686,3.00864627796365,0.1265
"3361",5,18,17,"SGP",1.43256885012691,2.57098563138543,0.6645
"3362",5,18,18,"SGP",1.99310512752254,2.69984943644812,0.248
"3363",5,18,19,"SGP",1.03009474913781,2.38560093003563,0.4915
"3364",5,18,20,"SGP",8.39246641750308,5.05705742376675,0.016
"3365",5,18,21,"SGP",1.42895063697249,2.6168446068565,0.351
"3366",5,18,22,"SGP",1.11920113213819,2.56079375623475,0.496
"3367",5,18,23,"SGP",1.10943839293229,2.47111777415195,0.409
"3368",5,18,24,"SGP",1.1837758258145,2.50966218447117,0.4985
"3369",5,18,25,"SGP",1.25450448791033,2.48471978098459,0.6155
"3370",5,18,26,"SGP",1.19430019077363,2.53622034793721,0.563
"3371",5,18,27,"SGP",3.28579216864696,3.14512001105388,0.126
"3372",5,18,28,"SGP",1.48035937703677,2.56682202881206,0.311
"3373",5,18,29,"SGP",1.46844315121926,2.51296288593925,0.6945
"3374",5,18,30,"SGP",3.00038806947856,2.9568627732832,0.8615
"3375",5,18,31,"SGP",1.46319601022782,2.53904065880293,0.308
"3376",5,18,32,"SGP",2.89265562554468,2.87583628544399,0.1465
"3377",5,18,33,"SGP",1.14527042240392,2.41805908520725,0.6115
"3378",5,18,34,"SGP",3.81104311117677,3.30150464042797,0.103
"3379",5,18,35,"SGP",3.31575424620391,3.25493365826472,0.903
"3380",5,18,36,"SGP",1.4783105782859,2.50601816544557,0.6935
"3381",5,18,37,"SGP",1.11789161591511,2.45464282742409,0.3775
"3382",5,18,38,"SGP",2.4420065219995,2.876262070722,0.159
"3383",5,18,1,"SGP50",5.18733881710815,3.98328117612718,0.913
"3384",5,18,2,"SGP50",2.18202358812913,2.9432521302345,0.724
"3385",5,18,3,"SGP50",2.94132633414316,3.26858282947471,0.8115
"3386",5,18,4,"SGP50",10.0522785825862,4.82333599371924,0.9655
"3387",5,18,5,"SGP50",3.763885065501,3.56940819659257,0.3355
"3388",5,18,6,"SGP50",1.98529916670265,3.0122899597514,0.4115
"3389",5,18,7,"SGP50",2.16272320677499,3.03320227962147,0.3705
"3390",5,18,8,"SGP50",1.78161495743577,2.92646825213306,0.559
"3391",5,18,9,"SGP50",3.2670846351317,3.05015870862557,0.7775
"3392",5,18,10,"SGP50",2.03033725662334,3.12713171029416,0.534
"3393",5,18,11,"SGP50",2.57255554255694,3.03097530423476,0.6665
"3394",5,18,12,"SGP50",3.85352359983296,3.2149398793203,0.808
"3395",5,18,13,"SGP50",3.31264952879106,3.51636410507672,0.314
"3396",5,18,14,"SGP50",1.9010096809669,2.87355249148286,0.5675
"3397",5,18,15,"SGP50",2.32355469152805,3.03784390873384,0.6675
"3398",5,18,16,"SGP50",2.00625364555806,3.10109189766426,0.476
"3399",5,18,17,"SGP50",3.67548117071441,3.10445612852993,0.801
"3400",5,18,18,"SGP50",2.26076281116074,3.02783538475057,0.5665
"3401",5,18,19,"SGP50",2.85439813266635,2.97893660281096,0.7315
"3402",5,18,20,"SGP50",4.00396906718588,3.65706211428808,0.2455
"3403",5,18,21,"SGP50",1.60019198306402,2.85506918692666,0.423
"3404",5,18,22,"SGP50",1.45390327349163,2.69143823310112,0.4885
"3405",5,18,23,"SGP50",1.49858799938813,2.63339024713181,0.433
"3406",5,18,24,"SGP50",1.48388373431437,2.70096829343088,0.4855
"3407",5,18,25,"SGP50",1.51518980690836,2.73516561365308,0.574
"3408",5,18,26,"SGP50",1.45197371282516,2.68089547589709,0.551
"3409",5,18,27,"SGP50",3.18580883340227,3.20971188087386,0.188
"3410",5,18,28,"SGP50",2.10319792380006,2.90772575279842,0.267
"3411",5,18,29,"SGP50",1.44365067677755,2.70796780648472,0.563
"3412",5,18,30,"SGP50",2.49769316394315,2.85095898925668,0.7855
"3413",5,18,31,"SGP50",1.5511971648329,2.6568104705183,0.376
"3414",5,18,32,"SGP50",2.85605740095002,3.14338580233429,0.1975
"3415",5,18,33,"SGP50",1.28510775295942,2.60384498441274,0.509
"3416",5,18,34,"SGP50",4.28149422076601,3.52554493706461,0.106
"3417",5,18,35,"SGP50",2.01841056348913,2.98830507299041,0.6965
"3418",5,18,36,"SGP50",1.33510809917419,2.63659738545419,0.5945
"3419",5,18,37,"SGP50",1.37264325861591,2.54699859613064,0.3755
"3420",5,18,38,"SGP50",2.88253423198398,3.23678505721391,0.164
"3421",5,19,1,"BMA",1.95466073179939,2.98138069346217,0.4685
"3422",5,19,2,"BMA",4.9938900479632,3.72755331984427,0.081
"3423",5,19,3,"BMA",2.11624807040772,2.72963039643732,0.263
"3424",5,19,4,"BMA",6.95203721298347,4.51871371402416,0.9635
"3425",5,19,5,"BMA",1.60892992676715,2.84562192617261,0.554
"3426",5,19,6,"BMA",3.21241885911919,3.1982837674904,0.8355
"3427",5,19,7,"BMA",8.34703067832732,4.78256019926273,0.9605
"3428",5,19,8,"BMA",2.84261723153173,3.09982332856442,0.748
"3429",5,19,9,"BMA",3.97941481034595,3.37374188796013,0.8525
"3430",5,19,10,"BMA",3.10586321319043,3.22681782954394,0.805
"3431",5,19,11,"BMA",4.29738952602574,3.35471591330356,0.886
"3432",5,19,12,"BMA",4.41446834036733,3.43625927434433,0.897
"3433",5,19,13,"BMA",5.10176241494935,3.58867412115283,0.0935
"3434",5,19,14,"BMA",10.4515077480482,5.13348167232995,0.014
"3435",5,19,15,"BMA",2.1289338852601,3.04563375305995,0.3285
"3436",5,19,16,"BMA",6.50631235447925,4.03711981356845,0.071
"3437",5,19,17,"BMA",2.1395593219832,3.05130763766396,0.6835
"3438",5,19,18,"BMA",2.17054831615903,2.99434507620812,0.668
"3439",5,19,19,"BMA",2.05167592929931,2.90747982694277,0.69
"3440",5,19,20,"BMA",1.75008393022635,2.81131434277455,0.6155
"3441",5,19,21,"BMA",1.98926451816344,2.89293753942494,0.3425
"3442",5,19,22,"BMA",3.01915336472252,2.97918355355208,0.2025
"3443",5,19,23,"BMA",1.72648793751804,2.79597950541116,0.342
"3444",5,19,24,"BMA",1.51403920767051,2.7288075086235,0.4595
"3445",5,19,25,"BMA",2.968350926111,3.14301901182299,0.1915
"3446",5,19,26,"BMA",6.0460785785327,3.80857845295903,0.064
"3447",5,19,27,"BMA",1.78299087960533,2.86025424195681,0.6445
"3448",5,19,28,"BMA",3.61597116561453,3.17639441871549,0.155
"3449",5,19,29,"BMA",1.49111733367092,2.78036833415729,0.531
"3450",5,19,30,"BMA",1.46640442422825,2.75698267481622,0.486
"3451",5,19,31,"BMA",1.71118061661805,2.75762782437961,0.378
"3452",5,19,32,"BMA",5.24215144270132,3.68324383014301,0.0755
"3453",5,19,33,"BMA",1.43537065212633,2.64473843367204,0.4315
"3454",5,19,34,"BMA",3.08656217061943,3.158641648506,0.2005
"3455",5,19,35,"BMA",1.3885774472716,2.64680537929055,0.424
"3456",5,19,36,"BMA",1.42586556927496,2.71240373298901,0.431
"3457",5,19,37,"BMA",1.37627406138312,2.61745522040106,0.4075
"3458",5,19,38,"BMA",1.28148101759921,2.59698005306625,0.511
"3459",5,19,1,"AVS",1.95466073179939,2.96160545180747,0.4835
"3460",5,19,2,"AVS",4.78843722439106,3.61462684644157,0.0855
"3461",5,19,3,"AVS",1.80212552962887,2.67751480260746,0.2695
"3462",5,19,4,"AVS",7.53339238870631,4.87366075009676,0.985
"3463",5,19,5,"AVS",1.55017106702864,2.72334388959503,0.561
"3464",5,19,6,"AVS",3.10872058623049,3.04699826302876,0.83
"3465",5,19,7,"AVS",8.21863600366212,4.8365669202494,0.975
"3466",5,19,8,"AVS",2.05325298741144,2.82671489929488,0.6955
"3467",5,19,9,"AVS",3.84469065015085,3.30800819004945,0.854
"3468",5,19,10,"AVS",2.9646989466246,3.101269721034,0.812
"3469",5,19,11,"AVS",3.93363778268878,3.31398852936561,0.885
"3470",5,19,12,"AVS",2.86005959678689,2.98614272577236,0.8185
"3471",5,19,13,"AVS",9.39063376110057,5.57734620118609,0.011
"3472",5,19,14,"AVS",10.9119542433451,5.06384013539023,0.017
"3473",5,19,15,"AVS",2.07436735690484,2.94523655131195,0.313
"3474",5,19,16,"AVS",6.67448636199033,4.02277669263087,0.068
"3475",5,19,17,"AVS",1.99318539498036,2.99231976363022,0.664
"3476",5,19,18,"AVS",2.08084322501442,3.03656334068383,0.677
"3477",5,19,19,"AVS",2.02651363915611,2.89831399927586,0.683
"3478",5,19,20,"AVS",1.74395780736132,2.89995982635395,0.619
"3479",5,19,21,"AVS",1.99003641677886,2.90896030705951,0.3365
"3480",5,19,22,"AVS",3.02013119694399,3.10962829706001,0.195
"3481",5,19,23,"AVS",1.72646906535545,2.79612731753091,0.3675
"3482",5,19,24,"AVS",1.51390292425131,2.77157184298262,0.448
"3483",5,19,25,"AVS",2.96867179673045,3.11435587561351,0.2155
"3484",5,19,26,"AVS",6.04620426300373,3.89787605719558,0.0645
"3485",5,19,27,"AVS",1.7845805201609,2.85412406235192,0.6505
"3486",5,19,28,"AVS",3.61565544447057,3.18478262208393,0.167
"3487",5,19,29,"AVS",1.49127425720765,2.80585901079159,0.565
"3488",5,19,30,"AVS",1.46640433790946,2.91267472987793,0.4755
"3489",5,19,31,"AVS",1.7113849707245,2.8154546619234,0.35
"3490",5,19,32,"AVS",5.24079360569483,3.71877344778983,0.069
"3491",5,19,33,"AVS",1.43386343779035,2.72257483598946,0.423
"3492",5,19,34,"AVS",3.08525066358848,3.1651092136744,0.2045
"3493",5,19,35,"AVS",1.38849007820591,2.62641882507953,0.411
"3494",5,19,36,"AVS",1.42586358787419,2.71070005570955,0.4385
"3495",5,19,37,"AVS",1.37628553275018,2.64768175595019,0.4135
"3496",5,19,38,"AVS",1.28152940974921,2.56861823881417,0.496
"3497",5,19,1,"EQW",1.95466073179939,2.97055086353,0.4875
"3498",5,19,2,"EQW",5.5465998723255,3.72520234458792,0.118
"3499",5,19,3,"EQW",2.49922479281624,2.86493372917586,0.318
"3500",5,19,4,"EQW",6.67110095133766,4.24870004183772,0.897
"3501",5,19,5,"EQW",1.84105821207432,2.90255666330935,0.5985
"3502",5,19,6,"EQW",3.77248387374779,3.26181743612682,0.8355
"3503",5,19,7,"EQW",9.0109718589957,4.50233925994583,0.9475
"3504",5,19,8,"EQW",3.579095516975,3.19311607045989,0.716
"3505",5,19,9,"EQW",4.40628831503563,3.26721165832766,0.815
"3506",5,19,10,"EQW",3.90783696112538,3.29449584495698,0.7755
"3507",5,19,11,"EQW",4.968912399374,3.41158110640757,0.8525
"3508",5,19,12,"EQW",5.12438368193887,3.38081020530767,0.835
"3509",5,19,13,"EQW",4.18292384278569,3.82485665540761,0.28
"3510",5,19,14,"EQW",9.58071338458702,4.64108359304941,0.095
"3511",5,19,15,"EQW",2.41259794667488,3.17553331571086,0.4365
"3512",5,19,16,"EQW",5.97154345740376,3.80478013056797,0.165
"3513",5,19,17,"EQW",3.87240318007383,3.48335873895351,0.742
"3514",5,19,18,"EQW",3.70282647319111,3.27145023215588,0.747
"3515",5,19,19,"EQW",4.3215656430984,3.43877571308573,0.7975
"3516",5,19,20,"EQW",4.19736765025988,3.29851214619852,0.7515
"3517",5,19,21,"EQW",2.81464958209718,3.30832295348622,0.592
"3518",5,19,22,"EQW",2.32444099370374,3.31004641402451,0.4585
"3519",5,19,23,"EQW",2.11418803182384,3.05621551413269,0.5805
"3520",5,19,24,"EQW",2.15972193974856,2.99543576938636,0.5975
"3521",5,19,25,"EQW",2.14079670077007,3.15601198475597,0.396
"3522",5,19,26,"EQW",3.81729374966293,3.39847086068869,0.191
"3523",5,19,27,"EQW",2.466314985535,3.18663730718627,0.642
"3524",5,19,28,"EQW",2.96138722449575,3.17119347872349,0.26
"3525",5,19,29,"EQW",1.84592643283273,2.89736509507871,0.589
"3526",5,19,30,"EQW",1.76221210127336,2.93639613022324,0.5715
"3527",5,19,31,"EQW",1.59142831735913,2.87321283820168,0.467
"3528",5,19,32,"EQW",3.79338948942651,3.2690865909978,0.163
"3529",5,19,33,"EQW",1.64296470959959,2.79141836912138,0.432
"3530",5,19,34,"EQW",3.37113783217529,3.05443122789403,0.166
"3531",5,19,35,"EQW",1.70506790510732,2.80825788313441,0.3465
"3532",5,19,36,"EQW",1.53423533073455,2.6550659414688,0.3685
"3533",5,19,37,"EQW",1.40060284204851,2.49063657872048,0.3445
"3534",5,19,38,"EQW",1.06047834894614,2.35462507742122,0.448
"3535",5,19,1,"SGP",1.95466073179939,2.94673670593912,0.4605
"3536",5,19,2,"SGP",4.88146120808577,3.67075901627235,0.0795
"3537",5,19,3,"SGP",1.24904981708443,2.52575993028845,0.4205
"3538",5,19,4,"SGP",9.35773022507071,5.60817094680892,0.99
"3539",5,19,5,"SGP",1.19386259382217,2.62126575466883,0.503
"3540",5,19,6,"SGP",3.0485637562258,3.0571064153266,0.84
"3541",5,19,7,"SGP",8.15010685294766,4.88964996226469,0.986
"3542",5,19,8,"SGP",1.59519467193484,2.78136490015561,0.6135
"3543",5,19,9,"SGP",2.31419136373052,2.93160989630669,0.767
"3544",5,19,10,"SGP",1.43366187120184,2.62429208879893,0.6475
"3545",5,19,11,"SGP",2.23373532360606,2.76368673710482,0.792
"3546",5,19,12,"SGP",2.01099739576904,2.6838552487316,0.7685
"3547",5,19,13,"SGP",9.45274436217496,5.91065055534065,0.007
"3548",5,19,14,"SGP",14.1890217459986,7.96152018497702,0.0015
"3549",5,19,15,"SGP",1.52213732452041,2.68823343776454,0.6345
"3550",5,19,16,"SGP",8.4426719498301,4.81164350158846,0.014
"3551",5,19,17,"SGP",7.61261191516573,4.16525924794074,0.9465
"3552",5,19,18,"SGP",2.18731067967947,2.919499520583,0.6625
"3553",5,19,19,"SGP",1.97997781940948,2.9378059763791,0.6795
"3554",5,19,20,"SGP",1.51138768515525,2.75494285041543,0.559
"3555",5,19,21,"SGP",2.37384710564353,2.93900858028745,0.249
"3556",5,19,22,"SGP",2.32170851995963,2.91580189927442,0.2485
"3557",5,19,23,"SGP",1.37612479796414,2.64123593315376,0.495
"3558",5,19,24,"SGP",1.29921333247159,2.61719091021793,0.4955
"3559",5,19,25,"SGP",2.78013781663808,2.95859301507437,0.2055
"3560",5,19,26,"SGP",4.27630078567237,3.46855813452812,0.0925
"3561",5,19,27,"SGP",5.42309111892437,3.6702058417541,0.901
"3562",5,19,28,"SGP",4.27945618285239,3.3192882395682,0.125
"3563",5,19,29,"SGP",2.81855161470654,3.0281023368155,0.7685
"3564",5,19,30,"SGP",1.61126575948369,2.74462772644296,0.5925
"3565",5,19,31,"SGP",1.78314919368841,2.62936996899453,0.3265
"3566",5,19,32,"SGP",4.49687736750033,3.46276633134688,0.0985
"3567",5,19,33,"SGP",1.71022266517256,2.71001006396997,0.6655
"3568",5,19,34,"SGP",2.68186148390414,3.01914475158727,0.192
"3569",5,19,35,"SGP",1.67193608609836,2.72509928894061,0.6695
"3570",5,19,36,"SGP",1.229784874596,2.61997790491687,0.5555
"3571",5,19,37,"SGP",1.28970991834218,2.5897795167532,0.5705
"3572",5,19,38,"SGP",1.3549663348459,2.6030159166499,0.6445
"3573",5,19,1,"SGP50",1.95466073179939,2.96382751064676,0.4755
"3574",5,19,2,"SGP50",5.48102367405855,3.74620142201495,0.11
"3575",5,19,3,"SGP50",2.30896613192985,2.86976175593211,0.3575
"3576",5,19,4,"SGP50",6.89538990150934,4.2998015889832,0.9
"3577",5,19,5,"SGP50",1.72048728703247,2.85985599821949,0.558
"3578",5,19,6,"SGP50",3.61033190873394,3.27341311160068,0.8325
"3579",5,19,7,"SGP50",8.79136643492946,4.65177179007594,0.964
"3580",5,19,8,"SGP50",3.00029288729747,3.07197008414996,0.7005
"3581",5,19,9,"SGP50",3.81686775670033,3.21283618463563,0.8035
"3582",5,19,10,"SGP50",3.17870619913271,3.00256469545997,0.752
"3583",5,19,11,"SGP50",4.14324944096932,3.28312005821779,0.853
"3584",5,19,12,"SGP50",4.11369959483956,3.20061765906593,0.8265
"3585",5,19,13,"SGP50",5.15310734890015,3.9478354751559,0.188
"3586",5,19,14,"SGP50",10.6917690289179,4.91509937067162,0.0605
"3587",5,19,15,"SGP50",2.00540234595339,3.04451647475869,0.475
"3588",5,19,16,"SGP50",6.51243582164642,3.94896820498942,0.105
"3589",5,19,17,"SGP50",4.17234653938135,3.46306008775899,0.7805
"3590",5,19,18,"SGP50",2.96271782296172,3.22099902680732,0.7195
"3591",5,19,19,"SGP50",3.08677896341267,3.11808215063255,0.7485
"3592",5,19,20,"SGP50",2.6625000224291,2.99856833351817,0.6835
"3593",5,19,21,"SGP50",2.09367626707744,3.05595213144246,0.4365
"3594",5,19,22,"SGP50",2.25152508170625,3.10149327758826,0.3365
"3595",5,19,23,"SGP50",1.67052856076345,2.85967182197834,0.5055
"3596",5,19,24,"SGP50",1.62526323465963,2.83633099785375,0.512
"3597",5,19,25,"SGP50",2.39799735252807,3.07705419155312,0.2935
"3598",5,19,26,"SGP50",4.53733335701456,3.40408501676658,0.1375
"3599",5,19,27,"SGP50",2.76525634860579,3.21150509890603,0.733
"3600",5,19,28,"SGP50",3.54191165671462,3.26830789510905,0.179
"3601",5,19,29,"SGP50",1.87071682468068,2.91344698500044,0.639
"3602",5,19,30,"SGP50",1.58913915233776,2.87392087994718,0.556
"3603",5,19,31,"SGP50",1.61077045673797,2.78603221402506,0.4
"3604",5,19,32,"SGP50",4.46407771618821,3.35464001989238,0.122
"3605",5,19,33,"SGP50",1.52956487405056,2.8147490337477,0.488
"3606",5,19,34,"SGP50",3.22167498920499,3.06962512970855,0.173
"3607",5,19,35,"SGP50",1.48345211897124,2.79465365947081,0.465
"3608",5,19,36,"SGP50",1.38958959877231,2.66292744154043,0.419
"3609",5,19,37,"SGP50",1.32120736805648,2.63501973906775,0.4355
"3610",5,19,38,"SGP50",1.13802921083721,2.50602950376848,0.4915
"3611",5,20,1,"BMA",3.09031539948485,2.98146099450347,0.1055
"3612",5,20,2,"BMA",2.21603337144119,2.64169060345152,0.15
"3613",5,20,3,"BMA",3.26319899470282,3.08082097460141,0.068
"3614",5,20,4,"BMA",0.92553931962545,2.28830186495017,0.5455
"3615",5,20,5,"BMA",0.996497677944433,2.24224511315253,0.692
"3616",5,20,6,"BMA",2.20882284270047,2.90879369011098,0.0875
"3617",5,20,7,"BMA",0.973380434700983,2.19630365907359,0.321
"3618",5,20,8,"BMA",3.36257364372521,3.65745063656026,0.9485
"3619",5,20,9,"BMA",1.24650085270145,2.2205285726162,0.2475
"3620",5,20,10,"BMA",1.65296369111753,2.50088956537851,0.816
"3621",5,20,11,"BMA",0.757931032703895,2.0835116350286,0.5015
"3622",5,20,12,"BMA",2.4582207066873,2.96019892923188,0.103
"3623",5,20,13,"BMA",0.958294882898448,2.2273142164585,0.3215
"3624",5,20,14,"BMA",0.72069995457796,2.05730069842779,0.595
"3625",5,20,15,"BMA",2.44092490753974,2.87087304661868,0.919
"3626",5,20,16,"BMA",1.0184526400066,2.11644244770995,0.302
"3627",5,20,17,"BMA",1.28882510566308,2.37814951638503,0.793
"3628",5,20,18,"BMA",1.58877032612621,2.43127335375387,0.186
"3629",5,20,19,"BMA",1.26459907913062,2.22850844926768,0.2425
"3630",5,20,20,"BMA",0.96379156006221,2.05339946369221,0.283
"3631",5,20,21,"BMA",0.671139008319824,1.97676545783778,0.4685
"3632",5,20,22,"BMA",0.634306533613746,1.91426259216295,0.4435
"3633",5,20,23,"BMA",0.801692041900396,1.95390562955359,0.333
"3634",5,20,24,"BMA",1.79459381274086,2.52995843896561,0.886
"3635",5,20,25,"BMA",5.48717755166565,5.54273999389832,0.001
"3636",5,20,26,"BMA",0.755366786764589,2.09939277426097,0.4565
"3637",5,20,27,"BMA",1.92440359707115,2.55736879456859,0.128
"3638",5,20,28,"BMA",1.11874025173615,2.17921287899339,0.7475
"3639",5,20,29,"BMA",0.779812802184734,2.01160911245763,0.3435
"3640",5,20,30,"BMA",1.15277542906227,2.1291070777666,0.771
"3641",5,20,31,"BMA",1.13917355409581,2.12454396544955,0.243
"3642",5,20,32,"BMA",0.595006616258852,1.88964745987741,0.462
"3643",5,20,33,"BMA",1.14842111630702,2.18843485228473,0.235
"3644",5,20,34,"BMA",0.605346952064622,1.94786939677147,0.4845
"3645",5,20,35,"BMA",0.605243269591833,1.84873881387002,0.4965
"3646",5,20,36,"BMA",0.783219822373962,1.9570378891319,0.298
"3647",5,20,37,"BMA",0.529430152941378,1.71019486364392,0.454
"3648",5,20,38,"BMA",1.77358433259854,2.5199082511744,0.8925
"3649",5,20,1,"AVS",3.09031539948485,3.09247107226686,0.1085
"3650",5,20,2,"AVS",2.13831416770646,2.63300749011362,0.1555
"3651",5,20,3,"AVS",3.05386370766233,3.11715232749621,0.0695
"3652",5,20,4,"AVS",1.00866915604253,2.26370770102102,0.6915
"3653",5,20,5,"AVS",1.12653058864645,2.12982794743015,0.744
"3654",5,20,6,"AVS",2.00829961334908,2.6229364048641,0.097
"3655",5,20,7,"AVS",0.807535691955546,2.04061619117359,0.3425
"3656",5,20,8,"AVS",3.61525974646116,3.73645680367698,0.9775
"3657",5,20,9,"AVS",1.26701555166669,2.19447525502884,0.2265
"3658",5,20,10,"AVS",1.78797914891645,2.51497895737477,0.84
"3659",5,20,11,"AVS",0.703558511403928,1.95587830366755,0.48
"3660",5,20,12,"AVS",2.56538143445158,2.94755491078497,0.0965
"3661",5,20,13,"AVS",0.857087299796022,2.18167623612756,0.3415
"3662",5,20,14,"AVS",0.747804460021237,2.05141139083405,0.608
"3663",5,20,15,"AVS",2.56028764106048,2.99885792017258,0.9425
"3664",5,20,16,"AVS",1.10813593348575,2.16981552266101,0.266
"3665",5,20,17,"AVS",1.25001403438443,2.28943270915756,0.775
"3666",5,20,18,"AVS",1.7049686404667,2.52694249701563,0.1565
"3667",5,20,19,"AVS",1.2562050270922,2.22339107149614,0.2165
"3668",5,20,20,"AVS",0.910735690198298,2.05572931558403,0.3155
"3669",5,20,21,"AVS",0.632553645181612,2.01260870463773,0.509
"3670",5,20,22,"AVS",0.608365621021431,1.93892839550403,0.4755
"3671",5,20,23,"AVS",0.759513044075256,1.98047760851456,0.3385
"3672",5,20,24,"AVS",1.87308302423406,2.59555318778379,0.901
"3673",5,20,25,"AVS",5.50113603472266,5.26744241691498,0.003
"3674",5,20,26,"AVS",0.691504440438178,2.03115774881172,0.4705
"3675",5,20,27,"AVS",1.84984169672185,2.51938487349411,0.123
"3676",5,20,28,"AVS",1.12588921745636,2.19579626753265,0.7625
"3677",5,20,29,"AVS",0.778211011071445,2.10253785833526,0.3405
"3678",5,20,30,"AVS",1.1590374788217,2.22344556449693,0.7765
"3679",5,20,31,"AVS",1.14615141849436,2.19255717167767,0.225
"3680",5,20,32,"AVS",0.597782080368869,1.86233225666549,0.4715
"3681",5,20,33,"AVS",1.14129955962559,2.1450170907997,0.241
"3682",5,20,34,"AVS",0.608587693183248,1.9436891999764,0.4825
"3683",5,20,35,"AVS",0.615473483515385,1.92347066117759,0.5
"3684",5,20,36,"AVS",0.770587803621002,1.94538164747696,0.339
"3685",5,20,37,"AVS",0.541515379635122,1.78643738178824,0.505
"3686",5,20,38,"AVS",1.8515648861247,2.54989911453904,0.8825
"3687",5,20,1,"EQW",3.09031539948485,3.09232752540419,0.0995
"3688",5,20,2,"EQW",2.74990058118242,2.74410829187482,0.146
"3689",5,20,3,"EQW",4.13970971186594,3.28092323862358,0.064
"3690",5,20,4,"EQW",1.67212320339614,2.61974599188016,0.323
"3691",5,20,5,"EQW",1.07371899182726,2.30976070407034,0.531
"3692",5,20,6,"EQW",2.69067478186853,3.06575300847161,0.124
"3693",5,20,7,"EQW",1.49394319983241,2.39419781573305,0.272
"3694",5,20,8,"EQW",2.47768429335178,3.01278767546883,0.82
"3695",5,20,9,"EQW",1.07878217264662,2.3962447071868,0.3675
"3696",5,20,10,"EQW",2.17593245890184,2.85043176982181,0.8205
"3697",5,20,11,"EQW",1.10569044425046,2.37644364213691,0.6215
"3698",5,20,12,"EQW",1.55810074698813,2.61991048358354,0.254
"3699",5,20,13,"EQW",1.09793671157533,2.32084366057268,0.3315
"3700",5,20,14,"EQW",0.844978474412885,2.16879078881079,0.5415
"3701",5,20,15,"EQW",2.36255798392979,2.88155280275208,0.8795
"3702",5,20,16,"EQW",0.935813590204612,2.29827609685918,0.455
"3703",5,20,17,"EQW",1.94276278682362,2.57932574935598,0.8145
"3704",5,20,18,"EQW",1.13950754772281,2.40782858098173,0.346
"3705",5,20,19,"EQW",1.12133079799995,2.32593261390049,0.2835
"3706",5,20,20,"EQW",1.2638051476072,2.42383112558334,0.271
"3707",5,20,21,"EQW",0.946649257412882,2.17509011517993,0.359
"3708",5,20,22,"EQW",0.821957569078769,2.09462168186387,0.4025
"3709",5,20,23,"EQW",1.01410068881499,2.25682030296507,0.309
"3710",5,20,24,"EQW",1.40239039956643,2.35454472494299,0.7915
"3711",5,20,25,"EQW",4.23260106137914,3.53318647445353,0.0545
"3712",5,20,26,"EQW",1.02279350627809,2.24802451968887,0.337
"3713",5,20,27,"EQW",2.45056220451555,2.70426716141438,0.0975
"3714",5,20,28,"EQW",0.741762503369539,2.10140195123401,0.58
"3715",5,20,29,"EQW",0.797283201427455,1.90811634026081,0.336
"3716",5,20,30,"EQW",1.00932771682529,2.12228214387062,0.7215
"3717",5,20,31,"EQW",0.817073581998072,1.99111682161876,0.307
"3718",5,20,32,"EQW",0.557661554517133,1.89566501112691,0.4935
"3719",5,20,33,"EQW",1.07675756786844,2.05585412514068,0.2095
"3720",5,20,34,"EQW",0.583208074014057,1.73560754616018,0.394
"3721",5,20,35,"EQW",0.515541968864274,1.6565439929365,0.431
"3722",5,20,36,"EQW",0.762820126196912,1.68351901878488,0.275
"3723",5,20,37,"EQW",0.492737072407541,1.55796318572389,0.371
"3724",5,20,38,"EQW",1.72407033918204,2.62762345309874,0.899
"3725",5,20,1,"SGP",3.09031539948485,3.0295844428352,0.11
"3726",5,20,2,"SGP",1.86462703944072,2.494849156301,0.178
"3727",5,20,3,"SGP",2.9646790664056,2.97232540829531,0.0805
"3728",5,20,4,"SGP",0.92048294346991,2.23870457921921,0.5815
"3729",5,20,5,"SGP",1.07522714542764,2.16435299819574,0.7295
"3730",5,20,6,"SGP",2.163527374294,2.73098854646994,0.0955
"3731",5,20,7,"SGP",0.863674951164892,2.05059801828723,0.328
"3732",5,20,8,"SGP",3.49110921206403,3.59832693008797,0.966
"3733",5,20,9,"SGP",1.22124781977176,2.14418623832628,0.2535
"3734",5,20,10,"SGP",1.9637497566847,2.73043580971684,0.8695
"3735",5,20,11,"SGP",0.693585868920257,1.99599619470044,0.4985
"3736",5,20,12,"SGP",2.36388002396595,2.8965498926171,0.091
"3737",5,20,13,"SGP",0.859775000603086,2.13414441581448,0.3395
"3738",5,20,14,"SGP",0.707711291728762,1.98467025540824,0.596
"3739",5,20,15,"SGP",2.34497772072905,2.83844574250959,0.9225
"3740",5,20,16,"SGP",1.08628169549554,2.10598903899675,0.2535
"3741",5,20,17,"SGP",1.58625645610162,2.42599743503548,0.8385
"3742",5,20,18,"SGP",1.72289219881782,2.41942162989219,0.155
"3743",5,20,19,"SGP",1.1147513487169,2.05329209705762,0.247
"3744",5,20,20,"SGP",1.40583489977337,2.38455034885214,0.198
"3745",5,20,21,"SGP",0.857081166192335,2.021652150174,0.3455
"3746",5,20,22,"SGP",0.715304628532328,1.99141155959769,0.372
"3747",5,20,23,"SGP",1.05113774622478,2.03540495867412,0.2635
"3748",5,20,24,"SGP",1.31015946266132,2.25608853571188,0.814
"3749",5,20,25,"SGP",5.87227315014466,5.980519554552,5e-04
"3750",5,20,26,"SGP",0.676070517455414,1.99721638287373,0.4915
"3751",5,20,27,"SGP",1.89610593172521,2.49484039160051,0.138
"3752",5,20,28,"SGP",1.16370421923223,2.18395321902094,0.7545
"3753",5,20,29,"SGP",0.791977043260023,2.00184551899631,0.3625
"3754",5,20,30,"SGP",1.14026507019473,2.20842482129674,0.7435
"3755",5,20,31,"SGP",1.18991296519965,2.13240154092718,0.231
"3756",5,20,32,"SGP",0.594906668258907,1.84530809932493,0.501
"3757",5,20,33,"SGP",1.18023372093626,2.18035530598919,0.22
"3758",5,20,34,"SGP",0.607316538830786,1.85619365391019,0.4825
"3759",5,20,35,"SGP",0.589435039195656,1.89307603289717,0.4965
"3760",5,20,36,"SGP",0.785138593850778,2.05956885457335,0.3365
"3761",5,20,37,"SGP",0.54003424688322,1.89473388148568,0.479
"3762",5,20,38,"SGP",1.83773385151944,2.54665314628448,0.885
"3763",5,20,1,"SGP50",3.09031539948485,2.95275907255157,0.106
"3764",5,20,2,"SGP50",2.66572384303253,2.73365203044074,0.131
"3765",5,20,3,"SGP50",3.989777505367,3.31637061196968,0.068
"3766",5,20,4,"SGP50",1.53862153558702,2.55520455616294,0.3465
"3767",5,20,5,"SGP50",1.00911674999663,2.35424538537797,0.5815
"3768",5,20,6,"SGP50",2.67408164106126,3.08516430148989,0.094
"3769",5,20,7,"SGP50",1.4448795075508,2.34583914017831,0.2455
"3770",5,20,8,"SGP50",2.49980854826731,3.05932525046865,0.837
"3771",5,20,9,"SGP50",1.07725351484736,2.35827643591492,0.339
"3772",5,20,10,"SGP50",2.12631883503038,2.85300078240388,0.8265
"3773",5,20,11,"SGP50",0.975600986808375,2.17322833897839,0.5975
"3774",5,20,12,"SGP50",1.63645593014231,2.54205024323902,0.214
"3775",5,20,13,"SGP50",1.08787870180614,2.23336819735021,0.31
"3776",5,20,14,"SGP50",0.778333763890926,2.13405412859626,0.5095
"3777",5,20,15,"SGP50",2.20913149891655,2.8025533139677,0.8795
"3778",5,20,16,"SGP50",0.898115809345925,2.2167416974392,0.391
"3779",5,20,17,"SGP50",1.79854136107753,2.48864139245766,0.8405
"3780",5,20,18,"SGP50",1.22831168188625,2.45075060188514,0.291
"3781",5,20,19,"SGP50",1.14791991774522,2.22113502081624,0.274
"3782",5,20,20,"SGP50",1.30804538386286,2.4333603370396,0.2355
"3783",5,20,21,"SGP50",0.947768971029582,2.19877870136018,0.335
"3784",5,20,22,"SGP50",0.811470742580692,2.12658623499337,0.373
"3785",5,20,23,"SGP50",1.0596551613269,2.17065842310827,0.278
"3786",5,20,24,"SGP50",1.30277675189214,2.2462898568317,0.7725
"3787",5,20,25,"SGP50",4.76157531635529,4.04858241262979,0.0305
"3788",5,20,26,"SGP50",0.95700722546456,2.20807310626765,0.3665
"3789",5,20,27,"SGP50",2.38237830700429,2.86400562193981,0.0955
"3790",5,20,28,"SGP50",0.793939040864247,2.07365536957113,0.606
"3791",5,20,29,"SGP50",0.806816086676432,1.91245741191311,0.3115
"3792",5,20,30,"SGP50",1.01879123709443,2.09886515032641,0.7515
"3793",5,20,31,"SGP50",0.900663363388944,1.98843825548615,0.2925
"3794",5,20,32,"SGP50",0.562446725573768,1.82280215630946,0.506
"3795",5,20,33,"SGP50",1.12540000675796,2.05672026466674,0.215
"3796",5,20,34,"SGP50",0.59050599647578,1.79540034629902,0.414
"3797",5,20,35,"SGP50",0.532800296137778,1.66646724584775,0.4305
"3798",5,20,36,"SGP50",0.78086235762831,1.80896852387836,0.2645
"3799",5,20,37,"SGP50",0.502373130922331,1.66837782041969,0.387
"3800",5,20,38,"SGP50",1.72413881446155,2.65485227001626,0.905
"3801",5,21,1,"BMA",3.01144285109434,3.10574106905423,0.1955
"3802",5,21,2,"BMA",1.1885162497325,2.54292093341071,0.5375
"3803",5,21,3,"BMA",1.29588319333112,2.37178046374477,0.668
"3804",5,21,4,"BMA",0.972598191484762,2.33495087673372,0.583
"3805",5,21,5,"BMA",1.20335059942253,2.37367059438927,0.2695
"3806",5,21,6,"BMA",0.741974167441091,2.09254523990841,0.5
"3807",5,21,7,"BMA",3.50445036940225,3.32670464624542,0.0495
"3808",5,21,8,"BMA",0.931261358116563,2.17810868885964,0.357
"3809",5,21,9,"BMA",1.91604460058556,2.52721928477817,0.8055
"3810",5,21,10,"BMA",1.5709360439261,2.32376936127539,0.8075
"3811",5,21,11,"BMA",3.45628639695844,3.29464587860721,0.939
"3812",5,21,12,"BMA",1.65160675862487,2.4301708952559,0.808
"3813",5,21,13,"BMA",0.856887597131308,2.19084876396854,0.376
"3814",5,21,14,"BMA",6.32379973643513,5.36087223125427,0.996
"3815",5,21,15,"BMA",0.841701072366752,2.25972461055474,0.4485
"3816",5,21,16,"BMA",2.82063776823273,3.10832191881994,0.0975
"3817",5,21,17,"BMA",7.11420875670338,5.11415631501856,0.996
"3818",5,21,18,"BMA",0.894801249026171,2.3248124008166,0.4765
"3819",5,21,19,"BMA",7.6157382539775,5.73511180385754,0.9945
"3820",5,21,20,"BMA",1.01101432350457,2.3516212438162,0.547
"3821",5,21,21,"BMA",1.00827413343917,2.40375499808195,0.426
"3822",5,21,22,"BMA",1.15539289132897,2.44461506186025,0.617
"3823",5,21,23,"BMA",8.40727788597684,5.60305068552482,0.0055
"3824",5,21,24,"BMA",1.10404893533728,2.45654314898559,0.392
"3825",5,21,25,"BMA",3.16635193958209,3.09396991914564,0.116
"3826",5,21,26,"BMA",3.05304733345896,3.0626544464855,0.8795
"3827",5,21,27,"BMA",1.04082375898686,2.38004408548295,0.531
"3828",5,21,28,"BMA",1.33600893731981,2.47455891239793,0.3355
"3829",5,21,29,"BMA",4.75557482620548,3.63151865830802,0.057
"3830",5,21,30,"BMA",3.15503582437846,3.16912149759736,0.8875
"3831",5,21,31,"BMA",4.64636775704641,3.57059741889881,0.0605
"3832",5,21,32,"BMA",2.38450251548783,2.85275003654516,0.179
"3833",5,21,33,"BMA",1.08453006957737,2.47215808748983,0.619
"3834",5,21,34,"BMA",1.19218073031161,2.50838668190471,0.6015
"3835",5,21,35,"BMA",1.05037339328104,2.42646296837404,0.386
"3836",5,21,36,"BMA",3.04660368494594,2.94045423225213,0.137
"3837",5,21,37,"BMA",2.33470747326771,2.71059896521961,0.185
"3838",5,21,38,"BMA",0.984962141902998,2.37785100830285,0.486
"3839",5,21,1,"AVS",3.01144285109434,3.07796269547237,0.2015
"3840",5,21,2,"AVS",1.21160187093207,2.52433659014331,0.5575
"3841",5,21,3,"AVS",1.33977328717381,2.50443100544158,0.6835
"3842",5,21,4,"AVS",1.04986952672777,2.36569892227161,0.6015
"3843",5,21,5,"AVS",1.22886583192426,2.3737922519657,0.277
"3844",5,21,6,"AVS",0.764055680759868,2.08019143044529,0.4715
"3845",5,21,7,"AVS",3.51247708041854,3.26067165072364,0.055
"3846",5,21,8,"AVS",0.927992722883863,2.23218503674079,0.369
"3847",5,21,9,"AVS",1.83809034685585,2.56612936170731,0.798
"3848",5,21,10,"AVS",1.6363164180907,2.33854704361005,0.8305
"3849",5,21,11,"AVS",3.66993103156868,3.4955435892808,0.9505
"3850",5,21,12,"AVS",1.75557204942236,2.52404581383148,0.839
"3851",5,21,13,"AVS",0.858862766745014,2.09734145441066,0.388
"3852",5,21,14,"AVS",6.32612516049496,5.41005137233995,0.994
"3853",5,21,15,"AVS",0.85544510393829,2.25137842292559,0.4165
"3854",5,21,16,"AVS",2.85401916980126,3.06503803101086,0.0895
"3855",5,21,17,"AVS",7.11281205869533,5.00465360761055,0.9935
"3856",5,21,18,"AVS",0.893306115515132,2.33159394382282,0.47
"3857",5,21,19,"AVS",7.61410426992362,5.5949020247306,0.9975
"3858",5,21,20,"AVS",0.985947183823966,2.43179480624865,0.508
"3859",5,21,21,"AVS",1.04822935879096,2.38373826383701,0.3955
"3860",5,21,22,"AVS",1.11598103509055,2.41135523340961,0.634
"3861",5,21,23,"AVS",8.66181900558523,5.93303904485262,0.0035
"3862",5,21,24,"AVS",1.10683686577679,2.43402353644022,0.4035
"3863",5,21,25,"AVS",3.16081945927395,3.15617879798661,0.1245
"3864",5,21,26,"AVS",3.04718205661688,3.05204134154688,0.88
"3865",5,21,27,"AVS",1.03637853020436,2.45853416537815,0.511
"3866",5,21,28,"AVS",1.34264780937789,2.55800912782302,0.302
"3867",5,21,29,"AVS",4.75955258442478,3.68204335744027,0.0555
"3868",5,21,30,"AVS",3.14862677217321,3.05166492001076,0.889
"3869",5,21,31,"AVS",4.65478447399879,3.56825812496139,0.0575
"3870",5,21,32,"AVS",2.38783030459725,2.79118707847987,0.194
"3871",5,21,33,"AVS",1.08258651171326,2.40594676139983,0.6
"3872",5,21,34,"AVS",1.18706199546041,2.46164605001992,0.589
"3873",5,21,35,"AVS",1.05537784132874,2.42898825815245,0.412
"3874",5,21,36,"AVS",3.0330771206197,3.01697871112349,0.128
"3875",5,21,37,"AVS",2.33461338936218,2.81151552184233,0.181
"3876",5,21,38,"AVS",0.979414579280539,2.35687096258743,0.4935
"3877",5,21,1,"EQW",3.01144285109434,3.03738452358582,0.195
"3878",5,21,2,"EQW",1.55952592316108,2.72359832817591,0.4585
"3879",5,21,3,"EQW",1.36719995417307,2.61323130411985,0.5515
"3880",5,21,4,"EQW",1.16902086783241,2.56786743677182,0.5485
"3881",5,21,5,"EQW",1.41632569160667,2.48907314865831,0.3345
"3882",5,21,6,"EQW",0.999607375687742,2.3887216096188,0.476
"3883",5,21,7,"EQW",2.91678044650507,3.05633619105101,0.1535
"3884",5,21,8,"EQW",1.16146092270017,2.41115759184342,0.4115
"3885",5,21,9,"EQW",2.6267599862661,2.89225881388247,0.85
"3886",5,21,10,"EQW",2.50957139146278,2.82217473762331,0.8265
"3887",5,21,11,"EQW",4.44459318865008,3.37434393249234,0.925
"3888",5,21,12,"EQW",3.43708341421664,3.03182665285419,0.876
"3889",5,21,13,"EQW",1.76983220902945,2.66852400355267,0.62
"3890",5,21,14,"EQW",7.66566528682884,4.79617431658238,0.979
"3891",5,21,15,"EQW",2.40479628682093,2.86256492722046,0.6565
"3892",5,21,16,"EQW",1.92835579794606,3.08928971130364,0.397
"3893",5,21,17,"EQW",7.42830499430725,4.85874847419392,0.9635
"3894",5,21,18,"EQW",2.24095144488839,2.83109279073661,0.652
"3895",5,21,19,"EQW",9.19493109944613,4.98549879796481,0.9785
"3896",5,21,20,"EQW",3.50808655437254,3.06531718973599,0.713
"3897",5,21,21,"EQW",2.55988672296611,2.96313720487297,0.638
"3898",5,21,22,"EQW",2.78632101426136,2.91427812574448,0.7365
"3899",5,21,23,"EQW",4.75701867664164,3.68793837095484,0.206
"3900",5,21,24,"EQW",1.61587468746992,2.6323037196947,0.398
"3901",5,21,25,"EQW",3.31138713478097,3.08354510039531,0.178
"3902",5,21,26,"EQW",2.36066924923519,3.10524621118353,0.7265
"3903",5,21,27,"EQW",1.45877715912281,2.71017234191673,0.5485
"3904",5,21,28,"EQW",1.48375405743493,2.63829138279229,0.39
"3905",5,21,29,"EQW",4.286724611679,3.53061847268394,0.1065
"3906",5,21,30,"EQW",2.32140671826802,3.05494578927875,0.728
"3907",5,21,31,"EQW",3.65588439762277,3.20505123041886,0.1445
"3908",5,21,32,"EQW",3.0378264106934,3.05815772476662,0.1745
"3909",5,21,33,"EQW",1.28954984844073,2.67877336045093,0.4805
"3910",5,21,34,"EQW",1.29903831739591,2.61339588100528,0.562
"3911",5,21,35,"EQW",1.18827056702924,2.56206065668748,0.489
"3912",5,21,36,"EQW",2.31511119035636,2.78644278332563,0.236
"3913",5,21,37,"EQW",2.64745870649369,2.87527023619189,0.179
"3914",5,21,38,"EQW",1.29359996432238,2.48840572934957,0.3815
"3915",5,21,1,"SGP",3.01144285109434,3.07720630077877,0.185
"3916",5,21,2,"SGP",1.1003628103712,2.40004532917715,0.556
"3917",5,21,3,"SGP",1.27105422377488,2.37588613993605,0.702
"3918",5,21,4,"SGP",0.91876276307,2.23996942633963,0.5855
"3919",5,21,5,"SGP",1.18758065877529,2.34032187777831,0.272
"3920",5,21,6,"SGP",0.733463690045074,2.08695096343165,0.462
"3921",5,21,7,"SGP",3.47610979233824,3.33392654509835,0.0435
"3922",5,21,8,"SGP",0.90440310268234,2.17006995902762,0.374
"3923",5,21,9,"SGP",1.87378541240968,2.55785981759034,0.818
"3924",5,21,10,"SGP",1.58126277110387,2.40660902523667,0.8205
"3925",5,21,11,"SGP",3.50693857369165,3.37389377383227,0.9485
"3926",5,21,12,"SGP",1.81208665113504,2.53603125148599,0.835
"3927",5,21,13,"SGP",0.870483705174321,2.21587459335699,0.378
"3928",5,21,14,"SGP",6.38171920777027,5.24123105078696,0.997
"3929",5,21,15,"SGP",0.908037142229266,2.32253081411131,0.3835
"3930",5,21,16,"SGP",3.02988403002769,3.17248546997823,0.09
"3931",5,21,17,"SGP",7.12997357189079,5.19864628677637,0.993
"3932",5,21,18,"SGP",0.975303583752074,2.34658502250825,0.437
"3933",5,21,19,"SGP",7.12896990403101,5.17254716599999,0.9935
"3934",5,21,20,"SGP",0.989751285840461,2.35223684524898,0.4625
"3935",5,21,21,"SGP",1.17766731245271,2.3636419315103,0.3565
"3936",5,21,22,"SGP",0.974814331734299,2.38002941302182,0.569
"3937",5,21,23,"SGP",9.20371132176962,6.18218580805802,0.005
"3938",5,21,24,"SGP",1.14522224569511,2.49989971155555,0.4145
"3939",5,21,25,"SGP",3.0114924971979,2.9757255176045,0.1225
"3940",5,21,26,"SGP",3.00066249192801,3.02629007120268,0.8735
"3941",5,21,27,"SGP",1.04119623823817,2.45975422956882,0.496
"3942",5,21,28,"SGP",1.39012884004636,2.50656968035502,0.3355
"3943",5,21,29,"SGP",4.74240651761775,3.65756729533672,0.041
"3944",5,21,30,"SGP",3.08721885837311,3.08559315081915,0.869
"3945",5,21,31,"SGP",4.67919138436364,3.50504203401236,0.058
"3946",5,21,32,"SGP",2.42059622793926,2.78541633371209,0.1855
"3947",5,21,33,"SGP",1.08496049617312,2.44236236896069,0.592
"3948",5,21,34,"SGP",1.15636498422705,2.51375577263985,0.5785
"3949",5,21,35,"SGP",1.09015279784579,2.35465993901051,0.3975
"3950",5,21,36,"SGP",2.90978178292396,2.90346414553471,0.133
"3951",5,21,37,"SGP",2.34226389268283,2.76533039706719,0.1705
"3952",5,21,38,"SGP",0.962328106046014,2.37114201483899,0.4985
"3953",5,21,1,"SGP50",3.01144285109434,3.06304910558323,0.1865
"3954",5,21,2,"SGP50",1.51373174745004,2.6661287605662,0.4575
"3955",5,21,3,"SGP50",1.33805544740656,2.59241770074236,0.5755
"3956",5,21,4,"SGP50",1.13291662312332,2.47539959154356,0.562
"3957",5,21,5,"SGP50",1.38050083118862,2.4650586623411,0.3065
"3958",5,21,6,"SGP50",0.955588388190785,2.33662429417172,0.474
"3959",5,21,7,"SGP50",3.04250053244413,3.09097778150176,0.129
"3960",5,21,8,"SGP50",1.14708844670597,2.39884628223502,0.375
"3961",5,21,9,"SGP50",2.43620194607826,2.89467532882822,0.834
"3962",5,21,10,"SGP50",2.22343364917775,2.7120435723771,0.808
"3963",5,21,11,"SGP50",4.0573085145093,3.47938930592074,0.9375
"3964",5,21,12,"SGP50",2.8807605589839,2.81491001446631,0.8595
"3965",5,21,13,"SGP50",1.36627832293105,2.56282355379239,0.568
"3966",5,21,14,"SGP50",7.19721204903049,5.15373874244063,0.984
"3967",5,21,15,"SGP50",1.69411856507076,2.64514615956267,0.576
"3968",5,21,16,"SGP50",2.01868847273174,3.02086382754489,0.3125
"3969",5,21,17,"SGP50",7.25096491838614,4.78034795877118,0.978
"3970",5,21,18,"SGP50",1.58380359222933,2.6619949743028,0.5955
"3971",5,21,19,"SGP50",8.41482330310665,5.16464502466364,0.98
"3972",5,21,20,"SGP50",2.1938420141885,2.75057659584262,0.6625
"3973",5,21,21,"SGP50",1.65467054081442,2.69471288058837,0.5595
"3974",5,21,22,"SGP50",1.88352583741219,2.67874899818047,0.68
"3975",5,21,23,"SGP50",6.21441265486726,4.20763083425328,0.107
"3976",5,21,24,"SGP50",1.34170826839706,2.61468077857884,0.403
"3977",5,21,25,"SGP50",3.13722169685499,3.16970957706563,0.145
"3978",5,21,26,"SGP50",2.62718083759222,3.11239757446077,0.804
"3979",5,21,27,"SGP50",1.23564148557356,2.61213704328316,0.529
"3980",5,21,28,"SGP50",1.38794318860744,2.60487590091231,0.366
"3981",5,21,29,"SGP50",4.49505496428977,3.58559046449249,0.075
"3982",5,21,30,"SGP50",2.63871026598116,3.00659416691152,0.793
"3983",5,21,31,"SGP50",4.11020909637013,3.32661814355827,0.105
"3984",5,21,32,"SGP50",2.71384482461467,2.91837748533579,0.168
"3985",5,21,33,"SGP50",1.15103212668569,2.49427604490257,0.5395
"3986",5,21,34,"SGP50",1.22062253514833,2.5238186044038,0.569
"3987",5,21,35,"SGP50",1.10373068049159,2.50033360865802,0.456
"3988",5,21,36,"SGP50",2.60946381938471,2.94284387967421,0.16
"3989",5,21,37,"SGP50",2.52436627508585,2.86056300708475,0.164
"3990",5,21,38,"SGP50",1.11572830811246,2.44021036597429,0.4305
"3991",5,22,1,"BMA",1.62155443228944,2.26433074592608,0.171
"3992",5,22,2,"BMA",0.747729962766001,1.93331411495863,0.696
"3993",5,22,3,"BMA",4.43314304395073,4.60878210221721,0.971
"3994",5,22,4,"BMA",3.85179086715151,3.34223043767466,0.883
"3995",5,22,5,"BMA",2.25014981365748,2.85246908658917,0.769
"3996",5,22,6,"BMA",1.09861448430288,2.39856898234598,0.4295
"3997",5,22,7,"BMA",3.45653225611584,3.34835956491602,0.896
"3998",5,22,8,"BMA",4.16052481575099,3.48316297120589,0.904
"3999",5,22,9,"BMA",4.62382530530562,3.68081981122721,0.9045
"4000",5,22,10,"BMA",6.13762982467241,3.94189587973778,0.9325
"4001",5,22,11,"BMA",7.79772015669104,4.21002480140342,0.948
"4002",5,22,12,"BMA",2.4031769780329,3.08408768404368,0.3545
"4003",5,22,13,"BMA",2.02016159480779,3.0712553090636,0.5755
"4004",5,22,14,"BMA",2.16071594287746,3.0505161175004,0.4045
"4005",5,22,15,"BMA",3.55026144615281,3.22546919073845,0.778
"4006",5,22,16,"BMA",3.34973219259527,3.16714413340345,0.793
"4007",5,22,17,"BMA",1.78952584609192,2.81047610896267,0.4005
"4008",5,22,18,"BMA",1.34301722135055,2.65213107034764,0.454
"4009",5,22,19,"BMA",8.61108164233371,5.12421046271135,0.985
"4010",5,22,20,"BMA",2.22933232705062,3.1281042509829,0.639
"4011",5,22,21,"BMA",1.93842832862186,2.90094221338644,0.3305
"4012",5,22,22,"BMA",3.82267209686173,3.24257512977963,0.1295
"4013",5,22,23,"BMA",4.69878286962746,3.38425057790216,0.1015
"4014",5,22,24,"BMA",1.513211897869,2.73002921941569,0.409
"4015",5,22,25,"BMA",1.41740881065125,2.59825827833721,0.377
"4016",5,22,26,"BMA",3.21853293503354,3.15182979955779,0.15
"4017",5,22,27,"BMA",4.95860125362903,3.62313226191628,0.072
"4018",5,22,28,"BMA",1.52528525975614,2.62359706488848,0.3385
"4019",5,22,29,"BMA",1.99951611581931,2.70744028312517,0.7285
"4020",5,22,30,"BMA",1.87005804129478,2.78133220953724,0.6815
"4021",5,22,31,"BMA",1.90598198955683,2.89266497723522,0.3215
"4022",5,22,32,"BMA",1.25373642055513,2.63523736203318,0.499
"4023",5,22,33,"BMA",1.27887550004212,2.65979920617304,0.5685
"4024",5,22,34,"BMA",1.69532707413605,2.83508347570419,0.2945
"4025",5,22,35,"BMA",2.91212235395197,2.98026234459803,0.1505
"4026",5,22,36,"BMA",1.00593510396132,2.30376347549594,0.383
"4027",5,22,37,"BMA",0.972402237797429,2.21171004091302,0.368
"4028",5,22,38,"BMA",1.30001558657749,2.34983406231216,0.24
"4029",5,22,1,"AVS",1.62155443228944,2.29904368319939,0.1645
"4030",5,22,2,"AVS",0.749483375208225,1.9383326024687,0.744
"4031",5,22,3,"AVS",4.51589087835427,4.41054774903675,0.976
"4032",5,22,4,"AVS",5.17732238216671,4.00300740469516,0.95
"4033",5,22,5,"AVS",1.99772799432805,2.70283770412205,0.8115
"4034",5,22,6,"AVS",0.920912531960637,2.24577819751846,0.3795
"4035",5,22,7,"AVS",3.85579105465837,3.68120194781304,0.934
"4036",5,22,8,"AVS",4.23187873982553,3.41263609618944,0.9085
"4037",5,22,9,"AVS",4.66291770632767,3.59083406126271,0.9105
"4038",5,22,10,"AVS",5.15459079904973,3.72389822973019,0.9405
"4039",5,22,11,"AVS",2.69359208073861,2.81998300100319,0.877
"4040",5,22,12,"AVS",10.4673491131882,7.1576097274866,0.001
"4041",5,22,13,"AVS",1.82251444347443,2.82548735549449,0.59
"4042",5,22,14,"AVS",2.19711171840759,3.09615656495444,0.3045
"4043",5,22,15,"AVS",3.74531639868761,3.22292666166764,0.8475
"4044",5,22,16,"AVS",1.58489603109578,2.59544685769617,0.674
"4045",5,22,17,"AVS",3.84748383907138,3.31676500199903,0.0885
"4046",5,22,18,"AVS",1.2936941051944,2.51245980448312,0.349
"4047",5,22,19,"AVS",8.30387583453556,4.96084191113595,0.9905
"4048",5,22,20,"AVS",2.56651933302016,2.88533473736534,0.189
"4049",5,22,21,"AVS",3.24509218744579,3.00839085426083,0.147
"4050",5,22,22,"AVS",4.63570640753396,3.4547084159399,0.079
"4051",5,22,23,"AVS",3.73461033646834,3.27541079027886,0.1005
"4052",5,22,24,"AVS",1.16853840687613,2.47773130851658,0.4615
"4053",5,22,25,"AVS",1.39138728630833,2.56739332569286,0.3535
"4054",5,22,26,"AVS",3.76922828450281,3.26520132952236,0.1015
"4055",5,22,27,"AVS",5.11194208313451,3.78646239790993,0.072
"4056",5,22,28,"AVS",1.35571453048028,2.63804438850445,0.4
"4057",5,22,29,"AVS",1.93128841579264,2.73549155988811,0.7215
"4058",5,22,30,"AVS",1.17393384324576,2.61523588365435,0.5295
"4059",5,22,31,"AVS",2.90645866563158,2.94779970571981,0.1475
"4060",5,22,32,"AVS",1.42272004605793,2.56748615253478,0.3485
"4061",5,22,33,"AVS",1.14794821216122,2.52906080526751,0.4185
"4062",5,22,34,"AVS",2.40432049543122,2.91609327221986,0.1965
"4063",5,22,35,"AVS",3.86752014035714,3.26210765810573,0.0965
"4064",5,22,36,"AVS",1.11901201154328,2.35819730650839,0.4215
"4065",5,22,37,"AVS",1.24818523742669,2.45181203256647,0.37
"4066",5,22,38,"AVS",1.50166338856496,2.48957984554614,0.2565
"4067",5,22,1,"EQW",1.62155443228944,2.350399814985,0.163
"4068",5,22,2,"EQW",0.83618065208896,2.11195136085037,0.594
"4069",5,22,3,"EQW",3.12643823753676,3.42972748015646,0.876
"4070",5,22,4,"EQW",3.94448216798398,3.47766733050188,0.899
"4071",5,22,5,"EQW",2.10784592185978,2.77577686519363,0.803
"4072",5,22,6,"EQW",1.09672141860243,2.37463033569959,0.411
"4073",5,22,7,"EQW",3.29420258705639,3.38022179781045,0.895
"4074",5,22,8,"EQW",3.64666296841859,3.39211992533912,0.898
"4075",5,22,9,"EQW",3.75939419518621,3.34224442001229,0.898
"4076",5,22,10,"EQW",4.58235151134547,3.45725789389176,0.9155
"4077",5,22,11,"EQW",5.89543995377309,3.69162381707935,0.926
"4078",5,22,12,"EQW",3.19387387944756,3.26150668811846,0.274
"4079",5,22,13,"EQW",1.54796984513781,2.77410524198416,0.5895
"4080",5,22,14,"EQW",2.52507073005516,3.11617183330842,0.25
"4081",5,22,15,"EQW",2.31075703501871,2.9656341381135,0.7265
"4082",5,22,16,"EQW",1.92281513612927,2.80330347005613,0.6795
"4083",5,22,17,"EQW",2.3620934094024,3.11688663515781,0.287
"4084",5,22,18,"EQW",1.54910913552358,2.80351885912819,0.35
"4085",5,22,19,"EQW",7.55463671129502,4.55352483703919,0.966
"4086",5,22,20,"EQW",1.99872334354343,3.10175665771496,0.5175
"4087",5,22,21,"EQW",2.15722864849529,2.99672971954153,0.3245
"4088",5,22,22,"EQW",4.27600568852606,3.51383360867451,0.1115
"4089",5,22,23,"EQW",4.95205940866052,3.60047604399711,0.082
"4090",5,22,24,"EQW",1.63468096417108,2.7157945995969,0.379
"4091",5,22,25,"EQW",1.65142129277333,2.76356008488097,0.3365
"4092",5,22,26,"EQW",3.34656357967182,3.14402786532321,0.1675
"4093",5,22,27,"EQW",4.69008580113123,3.5659622569975,0.0755
"4094",5,22,28,"EQW",1.49584383502114,2.73833321132413,0.4175
"4095",5,22,29,"EQW",2.3349308081242,2.87486849612699,0.7825
"4096",5,22,30,"EQW",1.95050299854893,2.8165212308824,0.719
"4097",5,22,31,"EQW",1.41514462074901,2.69242474845093,0.4105
"4098",5,22,32,"EQW",1.16709790036599,2.58161326350202,0.5525
"4099",5,22,33,"EQW",1.31305146189708,2.52389233247859,0.6095
"4100",5,22,34,"EQW",1.23146016054144,2.49337141696689,0.401
"4101",5,22,35,"EQW",2.51570698914483,2.83095780876776,0.153
"4102",5,22,36,"EQW",1.16803735460587,2.43866798395961,0.405
"4103",5,22,37,"EQW",1.22984141981092,2.46845475782912,0.3375
"4104",5,22,38,"EQW",1.68732384917617,2.65672424078212,0.2255
"4105",5,22,1,"SGP",1.62155443228944,2.29122264120459,0.179
"4106",5,22,2,"SGP",0.786432802116563,1.98228780016358,0.7205
"4107",5,22,3,"SGP",4.43111903130842,4.4478315018592,0.9735
"4108",5,22,4,"SGP",5.71236925759503,3.94197216522827,0.9615
"4109",5,22,5,"SGP",1.89952411914471,2.4748329289748,0.8205
"4110",5,22,6,"SGP",0.862688366103694,2.08278710661837,0.378
"4111",5,22,7,"SGP",4.26198794250101,3.96929708203165,0.9735
"4112",5,22,8,"SGP",3.65228525610005,3.34680438237264,0.956
"4113",5,22,9,"SGP",3.17477678606714,3.16537093871666,0.9215
"4114",5,22,10,"SGP",2.5098241151786,2.77488768984378,0.871
"4115",5,22,11,"SGP",2.50160256310257,2.72867157496225,0.877
"4116",5,22,12,"SGP",9.78141834563532,5.51223835179575,0.021
"4117",5,22,13,"SGP",0.963035646568676,2.39189340417706,0.5135
"4118",5,22,14,"SGP",3.67997745831854,3.36489321586789,0.0845
"4119",5,22,15,"SGP",1.64546733126522,2.57049256955189,0.738
"4120",5,22,16,"SGP",0.997360419829492,2.37794585689377,0.553
"4121",5,22,17,"SGP",4.4345553945539,3.59900446878879,0.052
"4122",5,22,18,"SGP",1.96024675269966,2.68838119791693,0.2025
"4123",5,22,19,"SGP",6.78311292385818,5.02662267860138,0.986
"4124",5,22,20,"SGP",3.40954887158249,3.14574424769023,0.1085
"4125",5,22,21,"SGP",4.81138837141403,3.67076663761984,0.056
"4126",5,22,22,"SGP",6.50204437854755,4.41787324655053,0.0205
"4127",5,22,23,"SGP",5.28453925053593,3.7454534043377,0.0445
"4128",5,22,24,"SGP",1.10784158627747,2.51330384683994,0.4695
"4129",5,22,25,"SGP",1.56731303366937,2.63967519589198,0.3175
"4130",5,22,26,"SGP",3.73356799165313,3.27641938788285,0.107
"4131",5,22,27,"SGP",3.00180634209806,2.99847577207008,0.163
"4132",5,22,28,"SGP",2.24420494717641,2.88956646064896,0.7805
"4133",5,22,29,"SGP",4.12293498208538,3.33051335328443,0.918
"4134",5,22,30,"SGP",1.50724793573252,2.65087705372287,0.648
"4135",5,22,31,"SGP",2.04739267060316,2.69688243129716,0.236
"4136",5,22,32,"SGP",1.09621109866967,2.52338796007889,0.522
"4137",5,22,33,"SGP",1.20397693697386,2.47525710979398,0.6035
"4138",5,22,34,"SGP",1.48287669870999,2.50603950282665,0.311
"4139",5,22,35,"SGP",2.18466047743203,2.70422836929318,0.2255
"4140",5,22,36,"SGP",1.41686992059266,2.50418763390333,0.6775
"4141",5,22,37,"SGP",1.0831982089918,2.59897558081552,0.557
"4142",5,22,38,"SGP",1.07289221371087,2.49375585080605,0.44
"4143",5,22,1,"SGP50",1.62155443228944,2.24842370322878,0.184
"4144",5,22,2,"SGP50",0.829939143312415,2.11511661313111,0.6175
"4145",5,22,3,"SGP50",3.20305927121018,3.57481720765452,0.884
"4146",5,22,4,"SGP50",4.02510390512349,3.48275451004419,0.902
"4147",5,22,5,"SGP50",2.10246382182727,2.73912454442871,0.7985
"4148",5,22,6,"SGP50",1.08029982027316,2.32024857269412,0.405
"4149",5,22,7,"SGP50",3.36851408195979,3.40546492855673,0.876
"4150",5,22,8,"SGP50",3.62032815472757,3.29000453747754,0.9035
"4151",5,22,9,"SGP50",3.69218419421384,3.26284620351251,0.898
"4152",5,22,10,"SGP50",4.42068028734859,3.36634093121965,0.9105
"4153",5,22,11,"SGP50",5.59745522331115,3.51772263191813,0.9225
"4154",5,22,12,"SGP50",3.50848908987048,3.36396744010137,0.257
"4155",5,22,13,"SGP50",1.49682466927612,2.71286223418468,0.582
"4156",5,22,14,"SGP50",2.52389883598404,3.07291280075181,0.239
"4157",5,22,15,"SGP50",2.27584427059202,2.90860145366882,0.736
"4158",5,22,16,"SGP50",1.74486156283695,2.75447753012059,0.684
"4159",5,22,17,"SGP50",2.56741354331322,3.1369862197867,0.248
"4160",5,22,18,"SGP50",1.52203267820124,2.68393706326358,0.351
"4161",5,22,19,"SGP50",7.54739786933816,4.66512741168053,0.9695
"4162",5,22,20,"SGP50",1.94371653870155,3.11180814112257,0.427
"4163",5,22,21,"SGP50",2.49456487596186,3.05207752307186,0.2725
"4164",5,22,22,"SGP50",4.59832877400592,3.61562511619222,0.104
"4165",5,22,23,"SGP50",4.83126924882476,3.6113107928424,0.0815
"4166",5,22,24,"SGP50",1.47396233650217,2.76445592795285,0.3835
"4167",5,22,25,"SGP50",1.60770509926245,2.74849716337323,0.3305
"4168",5,22,26,"SGP50",3.47842883742316,3.18044348943255,0.1365
"4169",5,22,27,"SGP50",4.49217287821077,3.44611276213596,0.0955
"4170",5,22,28,"SGP50",1.42219721190056,2.75108080547184,0.444
"4171",5,22,29,"SGP50",2.46136180562503,2.98394219477207,0.7985
"4172",5,22,30,"SGP50",1.72751266464534,2.74583309990535,0.681
"4173",5,22,31,"SGP50",1.59041709840727,2.73565270218443,0.3795
"4174",5,22,32,"SGP50",1.15541680399788,2.57527868554443,0.5215
"4175",5,22,33,"SGP50",1.24110079449644,2.56468445185248,0.613
"4176",5,22,34,"SGP50",1.34877635591895,2.53784372063729,0.359
"4177",5,22,35,"SGP50",2.62302940943416,2.8783958647136,0.158
"4178",5,22,36,"SGP50",1.14738901917868,2.45998613766128,0.422
"4179",5,22,37,"SGP50",1.21123785591175,2.51111706990197,0.364
"4180",5,22,38,"SGP50",1.61293607097197,2.6108477193525,0.284
"4181",5,23,1,"BMA",2.88980517282016,3.26491612099164,0.3445
"4182",5,23,2,"BMA",1.54690985651735,2.80798757786321,0.449
"4183",5,23,3,"BMA",1.27499514950531,2.56039464509299,0.4775
"4184",5,23,4,"BMA",2.90231295871074,3.10072611975243,0.8205
"4185",5,23,5,"BMA",2.77740268676393,3.07403258123188,0.156
"4186",5,23,6,"BMA",2.60316263921322,2.90497170044208,0.7985
"4187",5,23,7,"BMA",6.83948383637845,4.2584845273158,0.028
"4188",5,23,8,"BMA",2.26241006575374,2.98489197749599,0.2585
"4189",5,23,9,"BMA",4.75954619142306,3.40741499298191,0.101
"4190",5,23,10,"BMA",1.98285504538218,2.80007233600192,0.335
"4191",5,23,11,"BMA",3.79269405157996,3.26993751585251,0.102
"4192",5,23,12,"BMA",2.62031023666909,2.94760988631975,0.133
"4193",5,23,13,"BMA",0.960561722654505,2.19539835995885,0.6085
"4194",5,23,14,"BMA",0.734947574894038,2.04100653947182,0.535
"4195",5,23,15,"BMA",1.95339193997044,2.87229443346479,0.8565
"4196",5,23,16,"BMA",0.989817930946485,2.35524867961038,0.6225
"4197",5,23,17,"BMA",0.770016810513305,2.03311318657431,0.611
"4198",5,23,18,"BMA",0.650698715999489,1.78921767039349,0.362
"4199",5,23,19,"BMA",0.910159857975495,2.05612002663525,0.7555
"4200",5,23,20,"BMA",0.506614326780286,1.69037374330541,0.5355
"4201",5,23,21,"BMA",1.93334392958961,2.69423004048291,0.049
"4202",5,23,22,"BMA",2.37950282905788,3.34394193129717,0.032
"4203",5,23,23,"BMA",1.79035356842147,2.69581467233114,0.0875
"4204",5,23,24,"BMA",1.34729123811015,2.29263464750611,0.1395
"4205",5,23,25,"BMA",1.0824870305634,2.00648381669374,0.1535
"4206",5,23,26,"BMA",0.86536704619397,2.00364699812646,0.7655
"4207",5,23,27,"BMA",0.458200057445309,1.64170481621792,0.5555
"4208",5,23,28,"BMA",0.421980122732161,1.56638169192456,0.4985
"4209",5,23,29,"BMA",0.678708718152839,1.81663130237258,0.718
"4210",5,23,30,"BMA",2.86190248258844,3.7464195998637,0.961
"4211",5,23,31,"BMA",4.34782482180761,4.24737801391296,0.9755
"4212",5,23,32,"BMA",1.29724313564749,2.71112775443992,0.6755
"4213",5,23,33,"BMA",1.60925301889602,2.58654567116167,0.77
"4214",5,23,34,"BMA",1.36216111465669,2.44513377088476,0.719
"4215",5,23,35,"BMA",0.904366849969621,2.20138857536652,0.4195
"4216",5,23,36,"BMA",0.929041724812996,2.26173821276812,0.355
"4217",5,23,37,"BMA",2.51107916817318,2.88906610790083,0.8715
"4218",5,23,38,"BMA",6.27564073391965,4.72413745647083,0.988
"4219",5,23,1,"AVS",2.88980517282016,3.20490629431901,0.3375
"4220",5,23,2,"AVS",1.4034722028037,2.78854070306045,0.5055
"4221",5,23,3,"AVS",1.26140511565378,2.61087384508479,0.457
"4222",5,23,4,"AVS",2.91582635702654,3.10075783711468,0.8275
"4223",5,23,5,"AVS",2.65686314441428,2.96691260920696,0.186
"4224",5,23,6,"AVS",2.16990608542164,2.90202196727414,0.757
"4225",5,23,7,"AVS",6.07627460536063,4.04608377459577,0.04
"4226",5,23,8,"AVS",3.14670764534026,3.11404477125785,0.1795
"4227",5,23,9,"AVS",5.40588450176358,3.48116819807033,0.0835
"4228",5,23,10,"AVS",1.71389941715829,2.68677910380693,0.3135
"4229",5,23,11,"AVS",4.05719184534145,3.14596378319074,0.083
"4230",5,23,12,"AVS",2.6284007941872,3.01151892318318,0.173
"4231",5,23,13,"AVS",1.29101386167944,2.48131046977151,0.6355
"4232",5,23,14,"AVS",1.04147388127401,2.43288092397622,0.433
"4233",5,23,15,"AVS",1.36513599352148,2.4559097187007,0.6835
"4234",5,23,16,"AVS",1.02131050540369,2.36907328479876,0.422
"4235",5,23,17,"AVS",0.859562822536496,2.25972403959596,0.512
"4236",5,23,18,"AVS",0.845949235510779,2.02011197894609,0.392
"4237",5,23,19,"AVS",1.0137987359505,2.19761923689335,0.7345
"4238",5,23,20,"AVS",0.62944123374464,1.92298401866548,0.4815
"4239",5,23,21,"AVS",1.87166371773819,2.66959010332781,0.0895
"4240",5,23,22,"AVS",1.9606982329456,2.93318396271007,0.1165
"4241",5,23,23,"AVS",1.12439194084702,2.53810067317245,0.31
"4242",5,23,24,"AVS",0.846419425433177,2.28568018460405,0.4265
"4243",5,23,25,"AVS",0.768541491980095,2.26204654181899,0.475
"4244",5,23,26,"AVS",1.63790437538588,2.51297422358177,0.781
"4245",5,23,27,"AVS",0.833041147908647,2.17663448277803,0.4215
"4246",5,23,28,"AVS",0.707766881000662,1.95632730379913,0.5155
"4247",5,23,29,"AVS",0.818091664060314,2.02894208109354,0.6445
"4248",5,23,30,"AVS",2.07969578496276,2.83084672693139,0.862
"4249",5,23,31,"AVS",1.61070240330259,2.61866006716585,0.7505
"4250",5,23,32,"AVS",1.22687524041125,2.41573628085256,0.309
"4251",5,23,33,"AVS",0.910998606741323,2.21458982336548,0.6155
"4252",5,23,34,"AVS",0.926826248305205,2.1885945253521,0.5985
"4253",5,23,35,"AVS",0.92165509255042,2.16683933417806,0.3945
"4254",5,23,36,"AVS",0.948084992408449,2.32375152014701,0.377
"4255",5,23,37,"AVS",2.41297563621536,2.78259146483773,0.8915
"4256",5,23,38,"AVS",6.1039737447835,4.59886503065362,0.9875
"4257",5,23,1,"EQW",2.88980517282016,3.24297571824063,0.3495
"4258",5,23,2,"EQW",2.06429111405004,2.95602152628916,0.3855
"4259",5,23,3,"EQW",1.83030997220745,2.80683664706522,0.393
"4260",5,23,4,"EQW",2.4313502433782,3.13929605931458,0.7355
"4261",5,23,5,"EQW",2.72408610176903,3.00954701671548,0.2265
"4262",5,23,6,"EQW",2.68985261093927,3.01753517006071,0.7805
"4263",5,23,7,"EQW",5.5230202219673,3.8009148947871,0.0935
"4264",5,23,8,"EQW",1.75622103005319,2.88219079940426,0.364
"4265",5,23,9,"EQW",3.4460025229918,3.08045762121718,0.18
"4266",5,23,10,"EQW",2.00556270326016,2.78530085028793,0.348
"4267",5,23,11,"EQW",3.75606233029587,3.15225007127571,0.1075
"4268",5,23,12,"EQW",2.65609016224849,3.00122713486245,0.14
"4269",5,23,13,"EQW",0.927483221123788,2.2288954071852,0.6195
"4270",5,23,14,"EQW",0.818870264063991,2.16277346408033,0.497
"4271",5,23,15,"EQW",1.58491257638368,2.59252956068803,0.7735
"4272",5,23,16,"EQW",0.988416095808396,2.32138376071825,0.593
"4273",5,23,17,"EQW",1.04379697702021,2.38430351075144,0.656
"4274",5,23,18,"EQW",0.896386729228644,2.29773383180678,0.538
"4275",5,23,19,"EQW",1.69455421705206,2.58336345618817,0.7925
"4276",5,23,20,"EQW",1.03954615014538,2.40049675778153,0.5665
"4277",5,23,21,"EQW",1.22752183962962,2.48249173077866,0.35
"4278",5,23,22,"EQW",0.944073879115917,2.29595072039547,0.4305
"4279",5,23,23,"EQW",0.761174345357978,2.3815982424017,0.508
"4280",5,23,24,"EQW",0.713061623512724,2.16945910580636,0.4765
"4281",5,23,25,"EQW",0.684523672597176,2.1126718977545,0.513
"4282",5,23,26,"EQW",1.78853444488574,2.64312617234598,0.826
"4283",5,23,27,"EQW",0.863825925267703,2.16986549732712,0.6025
"4284",5,23,28,"EQW",0.870910754858724,2.25672209802578,0.5775
"4285",5,23,29,"EQW",1.28793391818937,2.26807057266455,0.7535
"4286",5,23,30,"EQW",2.87344349214078,2.97314229459235,0.889
"4287",5,23,31,"EQW",3.02091930690551,2.9119787656095,0.85
"4288",5,23,32,"EQW",1.56254859514483,2.80373721673725,0.577
"4289",5,23,33,"EQW",1.99159412067719,2.67846022976597,0.764
"4290",5,23,34,"EQW",2.52166852973313,2.80605284348116,0.8125
"4291",5,23,35,"EQW",1.60467032430839,2.60630274094096,0.66
"4292",5,23,36,"EQW",1.2654744112205,2.51366949708152,0.603
"4293",5,23,37,"EQW",4.02479078068827,3.44571489477215,0.934
"4294",5,23,38,"EQW",9.07048115094758,5.60742756100875,0.9905
"4295",5,23,1,"SGP",2.88980517282016,3.24360528954376,0.3375
"4296",5,23,2,"SGP",1.38625889680421,2.71312381901007,0.4725
"4297",5,23,3,"SGP",1.21526778127983,2.56863795644298,0.4685
"4298",5,23,4,"SGP",2.96801394913068,3.00157618225508,0.828
"4299",5,23,5,"SGP",2.92652427935406,3.02246768646215,0.1705
"4300",5,23,6,"SGP",2.88832730666868,3.022891547493,0.846
"4301",5,23,7,"SGP",7.1940203628113,4.41409250077004,0.027
"4302",5,23,8,"SGP",1.79842753921938,2.80654568116161,0.3365
"4303",5,23,9,"SGP",4.72218754046537,3.47294584660467,0.0935
"4304",5,23,10,"SGP",2.11987851529362,2.88280116798536,0.3225
"4305",5,23,11,"SGP",3.89947074928402,3.25553568596132,0.0975
"4306",5,23,12,"SGP",2.37819479790602,2.88494058687451,0.226
"4307",5,23,13,"SGP",1.29307079183181,2.53671598200951,0.606
"4308",5,23,14,"SGP",1.07254567670903,2.41686539685654,0.4125
"4309",5,23,15,"SGP",1.39759953137509,2.56034912363304,0.6645
"4310",5,23,16,"SGP",1.10726161254647,2.45528374174612,0.414
"4311",5,23,17,"SGP",0.981600678587715,2.37377663700293,0.5215
"4312",5,23,18,"SGP",0.878953901230823,2.14733726327202,0.3975
"4313",5,23,19,"SGP",0.959256922001966,2.11740979968111,0.7725
"4314",5,23,20,"SGP",0.533249155350054,1.80360903522099,0.5225
"4315",5,23,21,"SGP",1.87745597845304,2.51709295511116,0.0775
"4316",5,23,22,"SGP",2.25341300500562,3.22040580301609,0.0555
"4317",5,23,23,"SGP",1.79570669296216,2.80921187331955,0.068
"4318",5,23,24,"SGP",1.4235064196411,2.25118332416787,0.0975
"4319",5,23,25,"SGP",1.14542187165769,2.0885215156017,0.1115
"4320",5,23,26,"SGP",0.841559698686823,2.06003262661746,0.751
"4321",5,23,27,"SGP",0.455606939006359,1.6259274479607,0.5485
"4322",5,23,28,"SGP",0.430656859605828,1.57313078345456,0.5165
"4323",5,23,29,"SGP",0.694897554068739,1.71650777020183,0.72
"4324",5,23,30,"SGP",2.83820523485056,3.39500663310542,0.948
"4325",5,23,31,"SGP",4.3620812836642,4.63268528125004,0.9795
"4326",5,23,32,"SGP",2.12543336758805,3.00052172265779,0.883
"4327",5,23,33,"SGP",2.86040758090422,3.18509301208686,0.9385
"4328",5,23,34,"SGP",3.5088166883486,3.90904000516336,0.9595
"4329",5,23,35,"SGP",2.51301773310749,3.11241408329482,0.9115
"4330",5,23,36,"SGP",1.59630140026737,2.59647410828557,0.8215
"4331",5,23,37,"SGP",4.92079589836075,4.18590687982851,0.976
"4332",5,23,38,"SGP",12.2334607007024,7.54789927446568,0.9965
"4333",5,23,1,"SGP50",2.88980517282016,3.27050310403334,0.3315
"4334",5,23,2,"SGP50",1.99821755252532,2.94224088143818,0.388
"4335",5,23,3,"SGP50",1.72110076627867,2.76391155999523,0.3955
"4336",5,23,4,"SGP50",2.5018411972222,3.08085659001905,0.7445
"4337",5,23,5,"SGP50",2.7200814899728,3.05306294803747,0.1955
"4338",5,23,6,"SGP50",2.65831209724916,3.01882851301476,0.794
"4339",5,23,7,"SGP50",5.85214053692788,3.95526359682826,0.0765
"4340",5,23,8,"SGP50",1.80930449293695,2.97834181645613,0.344
"4341",5,23,9,"SGP50",3.72729360286808,3.16621752216476,0.1725
"4342",5,23,10,"SGP50",2.16251087914299,2.94421825090384,0.324
"4343",5,23,11,"SGP50",4.00067031252181,3.16708961307975,0.096
"4344",5,23,12,"SGP50",2.66945256930249,2.85949418023379,0.1525
"4345",5,23,13,"SGP50",0.959609912500729,2.25604510801101,0.619
"4346",5,23,14,"SGP50",0.84463625560392,2.14214513748487,0.481
"4347",5,23,15,"SGP50",1.53345520908627,2.67763317327612,0.7615
"4348",5,23,16,"SGP50",0.958640917083866,2.35573170981878,0.5955
"4349",5,23,17,"SGP50",0.9909474286978,2.28191360106484,0.6095
"4350",5,23,18,"SGP50",0.876127642829533,2.26430975849629,0.5055
"4351",5,23,19,"SGP50",1.5790905970537,2.5289902335962,0.754
"4352",5,23,20,"SGP50",0.971996592745031,2.34373623832729,0.5585
"4353",5,23,21,"SGP50",1.30842115496697,2.52781123665805,0.302
"4354",5,23,22,"SGP50",1.01473013040579,2.359392148428,0.38
"4355",5,23,23,"SGP50",0.789914934718879,2.31938208758478,0.4785
"4356",5,23,24,"SGP50",0.732886273460838,2.26952357263449,0.4725
"4357",5,23,25,"SGP50",0.693803522498951,2.16270365088591,0.455
"4358",5,23,26,"SGP50",1.69807780322387,2.61115733922031,0.845
"4359",5,23,27,"SGP50",0.817970823958664,2.12797153491928,0.5665
"4360",5,23,28,"SGP50",0.822043673449515,2.15800922615091,0.5675
"4361",5,23,29,"SGP50",1.20156071246632,2.25007267250902,0.7375
"4362",5,23,30,"SGP50",2.7681998695248,3.00886775497243,0.893
"4363",5,23,31,"SGP50",2.92272536880834,2.98742571351315,0.8715
"4364",5,23,32,"SGP50",1.4670509513144,2.83913338209234,0.5985
"4365",5,23,33,"SGP50",1.8704200963121,2.69288750968174,0.762
"4366",5,23,34,"SGP50",2.37941975539836,2.85623953422562,0.806
"4367",5,23,35,"SGP50",1.47626114466746,2.6503191394671,0.6405
"4368",5,23,36,"SGP50",1.15717889185536,2.50845125530004,0.614
"4369",5,23,37,"SGP50",3.87477757978577,3.41239619814154,0.9335
"4370",5,23,38,"SGP50",8.90339801881666,5.69791790735965,0.9915
"4371",5,24,1,"BMA",2.72107404336355,3.80961746241255,0.8015
"4372",5,24,2,"BMA",2.00742493362432,2.99049041758478,0.596
"4373",5,24,3,"BMA",2.48573693879883,2.96759352031127,0.221
"4374",5,24,4,"BMA",5.73139786737424,4.05715747276636,0.907
"4375",5,24,5,"BMA",7.2734721686004,4.34781990448406,0.9185
"4376",5,24,6,"BMA",2.49687995760852,3.2563865854367,0.5305
"4377",5,24,7,"BMA",2.73198538019688,3.20349343018198,0.3295
"4378",5,24,8,"BMA",2.3189030834144,3.0265160177729,0.345
"4379",5,24,9,"BMA",1.82702432225917,2.95665561795023,0.411
"4380",5,24,10,"BMA",1.65915528884151,2.86107559496226,0.4465
"4381",5,24,11,"BMA",2.37666442984249,2.99435812232172,0.7105
"4382",5,24,12,"BMA",1.30507487939367,2.70162380994706,0.5565
"4383",5,24,13,"BMA",1.94296491763706,2.81186423330031,0.2665
"4384",5,24,14,"BMA",1.45311272589808,2.66177079369702,0.3415
"4385",5,24,15,"BMA",2.36116105134162,2.81538170215474,0.1975
"4386",5,24,16,"BMA",1.61918686397644,2.6052305599643,0.288
"4387",5,24,17,"BMA",3.15331860019493,3.0828703903465,0.0895
"4388",5,24,18,"BMA",1.32106913061474,2.43187742493616,0.7055
"4389",5,24,19,"BMA",7.24801829489815,5.30391639919676,0.991
"4390",5,24,20,"BMA",5.13621349580118,4.22772480476675,0.967
"4391",5,24,21,"BMA",8.16776620956001,5.36845508665748,0.994
"4392",5,24,22,"BMA",11.0743253736669,5.06936756711099,0.99
"4393",5,24,23,"BMA",2.19478829448123,2.75677990990337,0.8115
"4394",5,24,24,"BMA",3.33337766313098,3.11203391290326,0.903
"4395",5,24,25,"BMA",0.90941864595697,2.31397685539248,0.5
"4396",5,24,26,"BMA",5.88518395822088,4.55117642085584,0.012
"4397",5,24,27,"BMA",4.00571650114921,3.4486692739193,0.0665
"4398",5,24,28,"BMA",9.52138201858076,6.07241104182454,0
"4399",5,24,29,"BMA",7.41145971080416,4.66543951436303,0.015
"4400",5,24,30,"BMA",3.0843144274133,3.08244411511071,0.1275
"4401",5,24,31,"BMA",1.18867104895132,2.58133814272979,0.4905
"4402",5,24,32,"BMA",1.087897207381,2.47139184080933,0.52
"4403",5,24,33,"BMA",1.50081032753617,2.68019267594111,0.333
"4404",5,24,34,"BMA",1.15271892544644,2.51247355702566,0.5835
"4405",5,24,35,"BMA",1.04281312249834,2.4501162124648,0.488
"4406",5,24,36,"BMA",1.89690760813787,2.74341312433244,0.247
"4407",5,24,37,"BMA",1.0328254938365,2.48210860364519,0.4175
"4408",5,24,38,"BMA",0.872306595557017,2.37573672373574,0.4905
"4409",5,24,1,"AVS",2.72107404336355,3.63343311280156,0.8085
"4410",5,24,2,"AVS",1.51942955343601,2.57864069554834,0.6465
"4411",5,24,3,"AVS",2.57170391282427,3.269608505792,0.084
"4412",5,24,4,"AVS",7.32133481366857,4.72814144822141,0.973
"4413",5,24,5,"AVS",7.88269287091104,4.48941806155144,0.953
"4414",5,24,6,"AVS",1.73333018187869,2.80869233366347,0.478
"4415",5,24,7,"AVS",1.67809865865963,2.74939870338857,0.315
"4416",5,24,8,"AVS",1.13623986770651,2.44663703151264,0.4115
"4417",5,24,9,"AVS",1.12146929069088,2.3787560357838,0.417
"4418",5,24,10,"AVS",1.06757598556526,2.28549164426871,0.4085
"4419",5,24,11,"AVS",1.77746028599534,2.57373320109265,0.7715
"4420",5,24,12,"AVS",1.41027348259553,2.46339792800411,0.289
"4421",5,24,13,"AVS",2.41935863856451,2.87693007278632,0.154
"4422",5,24,14,"AVS",1.00300904864547,2.26286815112718,0.3725
"4423",5,24,15,"AVS",2.44403966237553,2.77674430582571,0.138
"4424",5,24,16,"AVS",1.32306550072316,2.35552039687497,0.2625
"4425",5,24,17,"AVS",3.23202055937701,3.14769014502154,0.078
"4426",5,24,18,"AVS",2.47380945324215,2.9143058946887,0.871
"4427",5,24,19,"AVS",5.04440980218612,3.97881300751504,0.9675
"4428",5,24,20,"AVS",1.03761359858584,2.35352184264041,0.403
"4429",5,24,21,"AVS",2.51561294532331,2.76593842203528,0.8615
"4430",5,24,22,"AVS",4.11063343030971,3.3546176580682,0.9385
"4431",5,24,23,"AVS",1.88218459221757,2.67353717784652,0.7875
"4432",5,24,24,"AVS",3.38648425294882,3.15973802979196,0.896
"4433",5,24,25,"AVS",0.911294893085652,2.34730918827943,0.4955
"4434",5,24,26,"AVS",5.84560517287555,4.4511784650632,0.0195
"4435",5,24,27,"AVS",3.81212900592495,3.33189600277823,0.074
"4436",5,24,28,"AVS",9.11663901793567,5.9541971906315,0.001
"4437",5,24,29,"AVS",2.62190861802851,2.8800262838345,0.246
"4438",5,24,30,"AVS",4.64634963446776,3.55508109942899,0.0485
"4439",5,24,31,"AVS",1.03625997747661,2.36309104017555,0.398
"4440",5,24,32,"AVS",2.24617964891576,2.74987974886054,0.1785
"4441",5,24,33,"AVS",3.15600460837027,2.98532510135658,0.115
"4442",5,24,34,"AVS",1.02806624395139,2.4100992187978,0.4735
"4443",5,24,35,"AVS",1.35176156904293,2.46486757898501,0.288
"4444",5,24,36,"AVS",2.15887091288044,2.78713479973426,0.18
"4445",5,24,37,"AVS",0.799129832448359,2.29782541876119,0.5365
"4446",5,24,38,"AVS",0.800731877970535,2.27047256291643,0.471
"4447",5,24,1,"EQW",2.72107404336355,3.90417506580643,0.8135
"4448",5,24,2,"EQW",1.74650736013392,2.627874297194,0.6765
"4449",5,24,3,"EQW",2.9538504995425,3.16213320938291,0.1225
"4450",5,24,4,"EQW",5.81037905945992,4.41774127171103,0.885
"4451",5,24,5,"EQW",5.69007906485233,3.92807125035327,0.9095
"4452",5,24,6,"EQW",1.6937612315803,2.84064256311486,0.4915
"4453",5,24,7,"EQW",1.84189260164298,2.77539447741409,0.358
"4454",5,24,8,"EQW",1.56068092216161,2.72986501220288,0.3995
"4455",5,24,9,"EQW",1.38944450437917,2.59288933955766,0.417
"4456",5,24,10,"EQW",1.32946381148616,2.59282516317422,0.4465
"4457",5,24,11,"EQW",2.26136136885107,2.84064746894895,0.7645
"4458",5,24,12,"EQW",1.35090196723125,2.64274626213278,0.4715
"4459",5,24,13,"EQW",1.80345481840107,2.82480272244859,0.319
"4460",5,24,14,"EQW",1.18376393819823,2.53434798422252,0.4465
"4461",5,24,15,"EQW",1.90780054264491,2.86913991866239,0.2705
"4462",5,24,16,"EQW",1.23615496223327,2.49012534916216,0.375
"4463",5,24,17,"EQW",2.44656987206656,2.89125728832488,0.1925
"4464",5,24,18,"EQW",2.28199869740034,2.73204417987586,0.8025
"4465",5,24,19,"EQW",6.57179013171716,4.25187960468972,0.98
"4466",5,24,20,"EQW",2.54631622803625,3.00345989524588,0.6805
"4467",5,24,21,"EQW",5.80147763210448,3.6455689623313,0.9485
"4468",5,24,22,"EQW",7.34844281985975,3.733937833874,0.946
"4469",5,24,23,"EQW",6.31046073671168,3.35297018977154,0.8965
"4470",5,24,24,"EQW",8.48393075033398,3.91887834213619,0.9625
"4471",5,24,25,"EQW",4.73807428782279,3.24589012864706,0.6975
"4472",5,24,26,"EQW",3.22273518636639,3.7230044112655,0.441
"4473",5,24,27,"EQW",2.16239532589888,3.16894055216446,0.384
"4474",5,24,28,"EQW",6.65924088054195,4.19851097914929,0.116
"4475",5,24,29,"EQW",6.07701077195396,3.4906398489498,0.135
"4476",5,24,30,"EQW",6.61934527282066,3.70324625828473,0.0645
"4477",5,24,31,"EQW",3.28256327854498,3.01252916089225,0.237
"4478",5,24,32,"EQW",2.9198490956879,2.95863814051431,0.2405
"4479",5,24,33,"EQW",3.43365937197777,3.0412962633097,0.1635
"4480",5,24,34,"EQW",1.51555649992125,2.60897858289013,0.403
"4481",5,24,35,"EQW",1.33284769730743,2.50400014195692,0.3785
"4482",5,24,36,"EQW",2.10704877809594,2.60850299172395,0.184
"4483",5,24,37,"EQW",1.23395633001924,2.28664954870956,0.3165
"4484",5,24,38,"EQW",0.981418233256759,2.13735995490536,0.3605
"4485",5,24,1,"SGP",2.72107404336355,4.00486718155874,0.8105
"4486",5,24,2,"SGP",1.63180353252149,2.42893288102228,0.775
"4487",5,24,3,"SGP",2.74467116668752,3.56677370873491,0.0465
"4488",5,24,4,"SGP",8.36579535475821,6.42401924787596,0.99
"4489",5,24,5,"SGP",5.71966528703613,3.99272724071187,0.9625
"4490",5,24,6,"SGP",1.21124271109378,2.52721464926147,0.4225
"4491",5,24,7,"SGP",1.40802391387373,2.60062652119392,0.324
"4492",5,24,8,"SGP",1.0990530694361,2.41456255708587,0.41
"4493",5,24,9,"SGP",1.09157847573787,2.37420261928081,0.421
"4494",5,24,10,"SGP",1.06247037894993,2.33114817092125,0.42
"4495",5,24,11,"SGP",1.78405936790194,2.72625536765266,0.7895
"4496",5,24,12,"SGP",1.38264104572213,2.45401610823743,0.309
"4497",5,24,13,"SGP",2.38555677224869,2.85032073176179,0.154
"4498",5,24,14,"SGP",1.01296585073864,2.27648832812551,0.389
"4499",5,24,15,"SGP",2.43458761671343,2.7934249418357,0.1445
"4500",5,24,16,"SGP",1.29903850177086,2.39834249482754,0.2875
"4501",5,24,17,"SGP",3.2160681989612,3.10880284245695,0.088
"4502",5,24,18,"SGP",2.40242766876696,2.79456665149274,0.8655
"4503",5,24,19,"SGP",4.98778763773761,3.88305637729602,0.97
"4504",5,24,20,"SGP",1.04391419847268,2.38302489199392,0.393
"4505",5,24,21,"SGP",2.77763919570453,2.84347162757425,0.8775
"4506",5,24,22,"SGP",3.83710895409218,3.22626621700942,0.9325
"4507",5,24,23,"SGP",1.97350778955401,2.6777255447378,0.8095
"4508",5,24,24,"SGP",3.70801949877472,3.404929053241,0.932
"4509",5,24,25,"SGP",0.958663543484143,2.31339106185428,0.4385
"4510",5,24,26,"SGP",5.27659855849985,4.0304546868767,0.029
"4511",5,24,27,"SGP",3.12845133022861,2.9953433561281,0.1065
"4512",5,24,28,"SGP",8.67144466545467,5.57030771886005,0.004
"4513",5,24,29,"SGP",1.53605577722099,2.57129830785845,0.3185
"4514",5,24,30,"SGP",4.58790728607043,3.63846344970126,0.0445
"4515",5,24,31,"SGP",1.04603487510168,2.42649988298962,0.402
"4516",5,24,32,"SGP",2.18542109604107,2.74322133338736,0.1945
"4517",5,24,33,"SGP",3.12611505403133,3.00028767146449,0.1125
"4518",5,24,34,"SGP",1.02280381908035,2.41852787261747,0.474
"4519",5,24,35,"SGP",1.39567164905968,2.44156536441875,0.2685
"4520",5,24,36,"SGP",2.19114320522908,2.71191887157418,0.1705
"4521",5,24,37,"SGP",0.784007583922729,2.27341289921774,0.5455
"4522",5,24,38,"SGP",0.793148462891347,2.16071830043648,0.453
"4523",5,24,1,"SGP50",2.72107404336355,3.73243006137733,0.806
"4524",5,24,2,"SGP50",1.74251763224589,2.66483374435136,0.6825
"4525",5,24,3,"SGP50",2.83890470008786,3.26309903682194,0.1175
"4526",5,24,4,"SGP50",6.20686637412301,4.4463354090768,0.902
"4527",5,24,5,"SGP50",5.80085418553326,4.05607952133104,0.9245
"4528",5,24,6,"SGP50",1.60254753658063,2.81305406706429,0.466
"4529",5,24,7,"SGP50",1.77730025568363,2.80504771034801,0.3405
"4530",5,24,8,"SGP50",1.47191988007091,2.67553863419442,0.3825
"4531",5,24,9,"SGP50",1.3064546316187,2.59449387786203,0.42
"4532",5,24,10,"SGP50",1.25027371720395,2.59117994253046,0.454
"4533",5,24,11,"SGP50",2.08827178959071,2.85649139777569,0.7655
"4534",5,24,12,"SGP50",1.26741608781133,2.63458518426537,0.425
"4535",5,24,13,"SGP50",1.95059266712238,2.80175597514373,0.255
"4536",5,24,14,"SGP50",1.12154007621569,2.48019264252485,0.4035
"4537",5,24,15,"SGP50",2.10066946676675,2.84224932961547,0.2075
"4538",5,24,16,"SGP50",1.25718950803497,2.48518544156593,0.3415
"4539",5,24,17,"SGP50",2.74395883901185,2.96413880142544,0.1385
"4540",5,24,18,"SGP50",2.19512230991309,2.71475709817154,0.822
"4541",5,24,19,"SGP50",5.96480550092608,4.1158106138164,0.9765
"4542",5,24,20,"SGP50",1.76280694836612,2.78043064677026,0.5925
"4543",5,24,21,"SGP50",4.68537943561537,3.39916882241513,0.938
"4544",5,24,22,"SGP50",5.62434582199846,3.43606523307801,0.9365
"4545",5,24,23,"SGP50",4.15689627350866,3.03970592034958,0.876
"4546",5,24,24,"SGP50",5.98709418800318,3.60543721199768,0.9525
"4547",5,24,25,"SGP50",2.20638930869301,2.77840080785111,0.575
"4548",5,24,26,"SGP50",3.26489928520829,3.73617406978398,0.263
"4549",5,24,27,"SGP50",2.42074532475785,3.06672564137003,0.231
"4550",5,24,28,"SGP50",8.01290397476177,4.7181883956152,0.046
"4551",5,24,29,"SGP50",4.61559523392228,3.30132071481928,0.153
"4552",5,24,30,"SGP50",5.03496259294643,3.48509819146736,0.0805
"4553",5,24,31,"SGP50",1.81597372952574,2.67992211470791,0.3605
"4554",5,24,32,"SGP50",2.03211167329535,2.69413187946233,0.2855
"4555",5,24,33,"SGP50",2.73545498392313,2.92857332728869,0.179
"4556",5,24,34,"SGP50",1.18797129114816,2.52055805373209,0.4715
"4557",5,24,35,"SGP50",1.23440832419474,2.5514640434449,0.3565
"4558",5,24,36,"SGP50",2.08399395626495,2.71588726450665,0.181
"4559",5,24,37,"SGP50",0.961484353053317,2.31522200331211,0.43
"4560",5,24,38,"SGP50",0.865254714474874,2.14352995672634,0.421
"4561",5,25,1,"BMA",2.79424968058244,3.55887069510351,0.8505
"4562",5,25,2,"BMA",1.27880467402933,2.66723653889303,0.4915
"4563",5,25,3,"BMA",1.40446039185697,2.67977923527973,0.6325
"4564",5,25,4,"BMA",2.55096170234973,2.98697381975387,0.7735
"4565",5,25,5,"BMA",6.02492829653747,3.98477155835559,0.9405
"4566",5,25,6,"BMA",4.09654555259993,3.49638341649061,0.858
"4567",5,25,7,"BMA",4.95898628469597,3.62063619270686,0.8615
"4568",5,25,8,"BMA",1.93292663527728,2.98701633879038,0.423
"4569",5,25,9,"BMA",4.57721646376679,3.49846409772768,0.843
"4570",5,25,10,"BMA",3.24148644201488,3.21390611738324,0.761
"4571",5,25,11,"BMA",1.87210662546838,3.00122617920873,0.565
"4572",5,25,12,"BMA",9.3449496414801,4.52625670279088,0.9575
"4573",5,25,13,"BMA",10.8733622140449,4.5333278900142,0.9675
"4574",5,25,14,"BMA",5.3301504425285,3.54777343978603,0.859
"4575",5,25,15,"BMA",2.06644159471331,3.01736361186427,0.4195
"4576",5,25,16,"BMA",4.90761910613794,3.52297151168959,0.1745
"4577",5,25,17,"BMA",2.22123562701619,3.09782091944693,0.6215
"4578",5,25,18,"BMA",3.19747217594275,3.22954228052837,0.7655
"4579",5,25,19,"BMA",2.11218167627423,3.14253471063268,0.3755
"4580",5,25,20,"BMA",9.3658917936432,4.36890053874358,0.948
"4581",5,25,21,"BMA",19.288342494662,6.73328900099557,0.997
"4582",5,25,22,"BMA",24.1118656244106,7.70831818209822,0.996
"4583",5,25,23,"BMA",5.54103691046707,3.61714659816828,0.6845
"4584",5,25,24,"BMA",2.12943652993335,3.09764357502777,0.3995
"4585",5,25,25,"BMA",6.91642405068056,3.97682741110801,0.085
"4586",5,25,26,"BMA",4.61797018133213,3.46531094544393,0.15
"4587",5,25,27,"BMA",11.8365018453797,5.0497688501775,0.0125
"4588",5,25,28,"BMA",2.57483587072005,3.12689833004605,0.6785
"4589",5,25,29,"BMA",1.85967489339607,2.9474300415147,0.5715
"4590",5,25,30,"BMA",5.23231415952644,3.68295317211271,0.1525
"4591",5,25,31,"BMA",2.39991479687572,3.13275692862812,0.321
"4592",5,25,32,"BMA",2.15121084184485,3.12660547177275,0.3855
"4593",5,25,33,"BMA",4.85696844363815,3.56593792626948,0.156
"4594",5,25,34,"BMA",3.69160057978212,3.28519353447652,0.1835
"4595",5,25,35,"BMA",4.04558395935703,3.2924915578533,0.138
"4596",5,25,36,"BMA",3.50065723044948,3.24046602622196,0.195
"4597",5,25,37,"BMA",7.44256351682408,4.26408302096914,0.0445
"4598",5,25,38,"BMA",2.83492350461086,3.18918948635814,0.2475
"4599",5,25,1,"AVS",2.79424968058244,3.62200497284785,0.8665
"4600",5,25,2,"AVS",1.16818947348946,2.51420250123127,0.4415
"4601",5,25,3,"AVS",1.36489284727301,2.63878321938262,0.6435
"4602",5,25,4,"AVS",2.49188052130124,2.96765142203279,0.7905
"4603",5,25,5,"AVS",6.11405176063808,3.97229650650895,0.9445
"4604",5,25,6,"AVS",2.96230116244081,3.27491008229147,0.678
"4605",5,25,7,"AVS",2.55662451235126,2.82534154631915,0.882
"4606",5,25,8,"AVS",5.75222417159913,5.66008350675379,0.0135
"4607",5,25,9,"AVS",5.15014756596595,3.90318839534809,0.916
"4608",5,25,10,"AVS",2.35643260813218,2.93292709687514,0.677
"4609",5,25,11,"AVS",3.81655997380844,3.78976607703554,0.159
"4610",5,25,12,"AVS",8.8139268474442,4.396753618546,0.9505
"4611",5,25,13,"AVS",10.232784960265,4.46289208405252,0.9595
"4612",5,25,14,"AVS",3.28920811146014,3.1064823033627,0.127
"4613",5,25,15,"AVS",6.86312797896654,4.46941904699173,0.022
"4614",5,25,16,"AVS",5.76856054485895,3.8597320337387,0.0635
"4615",5,25,17,"AVS",2.17014538514554,2.93996511905198,0.694
"4616",5,25,18,"AVS",1.72107794924803,2.79658325053984,0.594
"4617",5,25,19,"AVS",7.58365068308892,4.43907457390936,0.05
"4618",5,25,20,"AVS",9.3001897990782,4.26362203569807,0.9505
"4619",5,25,21,"AVS",14.9278181893658,5.23908566623433,0.988
"4620",5,25,22,"AVS",3.34297018935026,3.14703811853604,0.838
"4621",5,25,23,"AVS",4.99369389725104,3.50735633907898,0.096
"4622",5,25,24,"AVS",4.75823242432527,3.46485686882885,0.0835
"4623",5,25,25,"AVS",12.0609346250946,6.28205932336706,0.0035
"4624",5,25,26,"AVS",6.96529244026196,3.93036492927762,0.069
"4625",5,25,27,"AVS",12.1456210714696,5.12836390706764,0.0105
"4626",5,25,28,"AVS",3.04584925784644,3.14468695881736,0.7525
"4627",5,25,29,"AVS",1.61157024249606,2.87390194898737,0.546
"4628",5,25,30,"AVS",6.38835690526018,3.84689318407969,0.083
"4629",5,25,31,"AVS",2.92149603423447,3.1277377051386,0.254
"4630",5,25,32,"AVS",2.54986451527622,3.106156159749,0.302
"4631",5,25,33,"AVS",6.46861858081033,3.89694984743176,0.0985
"4632",5,25,34,"AVS",4.10170497159264,3.40836909450024,0.16
"4633",5,25,35,"AVS",3.94667880026248,3.40663309294541,0.1885
"4634",5,25,36,"AVS",1.95377708035493,2.98845482770629,0.4135
"4635",5,25,37,"AVS",3.46338433980126,3.13651699116827,0.2295
"4636",5,25,38,"AVS",3.05453740315605,3.17751284177271,0.7765
"4637",5,25,1,"EQW",2.79424968058244,3.39329364466769,0.834
"4638",5,25,2,"EQW",0.977874495261099,2.15110076211578,0.631
"4639",5,25,3,"EQW",2.31602105574681,3.08222750230419,0.847
"4640",5,25,4,"EQW",3.29604157453452,3.47700989502291,0.8965
"4641",5,25,5,"EQW",4.45059443396278,3.40110440261329,0.926
"4642",5,25,6,"EQW",1.99662338673764,3.05621446605325,0.58
"4643",5,25,7,"EQW",3.29466608067415,3.08766082720897,0.8425
"4644",5,25,8,"EQW",2.46459469650434,3.07820091093682,0.2855
"4645",5,25,9,"EQW",5.75290800437028,4.01396709981186,0.91
"4646",5,25,10,"EQW",2.29029653953701,2.94948077569729,0.675
"4647",5,25,11,"EQW",2.02232932687428,3.13561448539917,0.4535
"4648",5,25,12,"EQW",10.5710025264292,5.28313785959859,0.984
"4649",5,25,13,"EQW",8.0317415062256,3.91914426719376,0.936
"4650",5,25,14,"EQW",3.1020126583691,3.34562118947139,0.6365
"4651",5,25,15,"EQW",2.54507121632412,3.28592089196152,0.3585
"4652",5,25,16,"EQW",3.5843144904101,3.37768856985513,0.238
"4653",5,25,17,"EQW",3.63943158256991,3.280858787326,0.7845
"4654",5,25,18,"EQW",2.88637519850898,3.14465613350051,0.717
"4655",5,25,19,"EQW",3.22011203428805,3.31999578721259,0.275
"4656",5,25,20,"EQW",9.02517526435575,4.47580431586136,0.968
"4657",5,25,21,"EQW",11.3951470072518,4.62473215937058,0.9735
"4658",5,25,22,"EQW",11.5544349956973,4.14111056125495,0.935
"4659",5,25,23,"EQW",5.40815660928073,3.80491608808461,0.6
"4660",5,25,24,"EQW",3.90813052328793,3.66025238032778,0.5655
"4661",5,25,25,"EQW",4.24501327822491,3.72807490378228,0.317
"4662",5,25,26,"EQW",4.30035248461652,3.48556275378785,0.2135
"4663",5,25,27,"EQW",12.0588721650344,4.9519042066555,0.027
"4664",5,25,28,"EQW",3.14246588743062,3.55015110579293,0.598
"4665",5,25,29,"EQW",2.09080762690327,3.10301157839175,0.539
"4666",5,25,30,"EQW",4.85309057198816,3.65423735636059,0.1995
"4667",5,25,31,"EQW",2.54491855660729,3.11084873737239,0.3575
"4668",5,25,32,"EQW",2.04255029375536,3.04393554938076,0.428
"4669",5,25,33,"EQW",4.1031290833845,3.36492091697785,0.214
"4670",5,25,34,"EQW",3.02652735514761,3.17893179016114,0.2655
"4671",5,25,35,"EQW",3.04683847188226,3.15767142519505,0.239
"4672",5,25,36,"EQW",2.35591892910479,3.05482483486265,0.3295
"4673",5,25,37,"EQW",5.30173863190858,3.60401483502294,0.1125
"4674",5,25,38,"EQW",2.07522741374854,3.07587545535741,0.408
"4675",5,25,1,"SGP",2.79424968058244,3.48818216769322,0.852
"4676",5,25,2,"SGP",0.880481285785577,1.99924683817417,0.665
"4677",5,25,3,"SGP",2.74853927746142,3.44739435701912,0.935
"4678",5,25,4,"SGP",3.84469476163371,4.18867168515338,0.9675
"4679",5,25,5,"SGP",3.58353547389034,3.04930646151282,0.9255
"4680",5,25,6,"SGP",2.15176191677251,3.19040006026098,0.173
"4681",5,25,7,"SGP",1.90011788053619,2.67745732313702,0.8645
"4682",5,25,8,"SGP",5.5442497678254,5.34102852139846,0.0225
"4683",5,25,9,"SGP",5.87117167816725,4.80928647878712,0.987
"4684",5,25,10,"SGP",1.11832818237845,2.44929050340777,0.3685
"4685",5,25,11,"SGP",5.36830049905416,4.37256364059749,0.036
"4686",5,25,12,"SGP",9.35357665740136,7.73177934614559,0.9995
"4687",5,25,13,"SGP",2.80029493308415,2.91503017047764,0.8395
"4688",5,25,14,"SGP",3.21753880892514,3.00446124280181,0.145
"4689",5,25,15,"SGP",6.69535126654716,4.39054687515308,0.0295
"4690",5,25,16,"SGP",5.97829944886224,4.10049547971056,0.0345
"4691",5,25,17,"SGP",2.23306083570348,2.85545828999688,0.7615
"4692",5,25,18,"SGP",1.18642217978344,2.49539272657952,0.479
"4693",5,25,19,"SGP",8.3904361538805,5.00232988694066,0.018
"4694",5,25,20,"SGP",6.53341084488885,4.01854659855992,0.9505
"4695",5,25,21,"SGP",5.21924571589229,3.7199898197685,0.925
"4696",5,25,22,"SGP",3.40397778715237,3.10567686395079,0.8395
"4697",5,25,23,"SGP",4.90053770144938,3.58044378698621,0.097
"4698",5,25,24,"SGP",4.68305589821934,3.53951677887789,0.104
"4699",5,25,25,"SGP",11.944120854714,6.26633953159517,0.007
"4700",5,25,26,"SGP",8.28231607370885,4.44649574265726,0.0275
"4701",5,25,27,"SGP",13.3900715743017,6.31877069274601,5e-04
"4702",5,25,28,"SGP",9.90234269622283,4.84231479753023,0.9755
"4703",5,25,29,"SGP",1.69458519332929,2.85763242069746,0.4265
"4704",5,25,30,"SGP",7.20725299738996,4.18495923787395,0.054
"4705",5,25,31,"SGP",1.70442279598509,2.91571836837786,0.437
"4706",5,25,32,"SGP",1.61271924562904,2.84568398447116,0.5315
"4707",5,25,33,"SGP",3.3192577186768,3.17276265338135,0.2005
"4708",5,25,34,"SGP",1.81770752963677,2.92371187605226,0.46
"4709",5,25,35,"SGP",1.6689778086104,2.94237493318263,0.443
"4710",5,25,36,"SGP",1.6858612017804,2.89567814149904,0.5745
"4711",5,25,37,"SGP",2.74952656618988,3.09305141906097,0.272
"4712",5,25,38,"SGP",3.02823517879338,3.04268241802008,0.763
"4713",5,25,1,"SGP50",2.79424968058244,3.61611432893608,0.859
"4714",5,25,2,"SGP50",0.976553284995438,2.1974396909475,0.647
"4715",5,25,3,"SGP50",2.33579420044103,3.11664036769716,0.8395
"4716",5,25,4,"SGP50",3.31661780492942,3.40960508404718,0.8985
"4717",5,25,5,"SGP50",4.4155213030602,3.43805443282273,0.9255
"4718",5,25,6,"SGP50",1.9540667953819,3.13157293378112,0.5955
"4719",5,25,7,"SGP50",3.27258098552118,3.16761500755802,0.8595
"4720",5,25,8,"SGP50",2.5237532248452,3.1709708869226,0.2705
"4721",5,25,9,"SGP50",5.85173676481094,4.14022937415464,0.931
"4722",5,25,10,"SGP50",2.14224132009125,2.92997091580486,0.6625
"4723",5,25,11,"SGP50",2.06564822113151,3.17532364006298,0.4245
"4724",5,25,12,"SGP50",10.4616589794072,5.20101861465947,0.986
"4725",5,25,13,"SGP50",7.28389770824443,3.82210814669692,0.9375
"4726",5,25,14,"SGP50",2.6541748354967,3.30546475460968,0.602
"4727",5,25,15,"SGP50",2.8023073022565,3.25630096638526,0.31
"4728",5,25,16,"SGP50",3.77179061350396,3.43238287396279,0.2045
"4729",5,25,17,"SGP50",3.36778593896534,3.17577390514653,0.7895
"4730",5,25,18,"SGP50",2.32494909043911,2.96411273317288,0.6735
"4731",5,25,19,"SGP50",4.02713328529917,3.43323901666076,0.2185
"4732",5,25,20,"SGP50",8.52293496288254,4.26210645133706,0.96
"4733",5,25,21,"SGP50",9.5126983078721,4.30146809023221,0.9605
"4734",5,25,22,"SGP50",8.38114777280949,3.78283578773487,0.913
"4735",5,25,23,"SGP50",3.54631248222115,3.57688429968297,0.4395
"4736",5,25,24,"SGP50",2.92152739510853,3.46514145327975,0.4245
"4737",5,25,25,"SGP50",6.40055926438188,4.12231748003928,0.1805
"4738",5,25,26,"SGP50",5.32670482398828,3.63593377434565,0.1535
"4739",5,25,27,"SGP50",12.3314018213017,5.25463125394529,0.01
"4740",5,25,28,"SGP50",4.1687360759726,3.61935532167543,0.7355
"4741",5,25,29,"SGP50",1.86112611117526,2.9805894889474,0.527
"4742",5,25,30,"SGP50",5.5463601352913,3.80407405606103,0.1285
"4743",5,25,31,"SGP50",2.2889637224558,3.00816895857419,0.3605
"4744",5,25,32,"SGP50",1.91013646471218,3.07125731509994,0.419
"4745",5,25,33,"SGP50",4.24263346508472,3.42142017679984,0.186
"4746",5,25,34,"SGP50",2.77053105386138,3.04483689348145,0.2925
"4747",5,25,35,"SGP50",2.74942931557817,3.16094512718457,0.2755
"4748",5,25,36,"SGP50",2.10361501189236,3.02992643025556,0.376
"4749",5,25,37,"SGP50",4.81493461851746,3.52324492490109,0.144
"4750",5,25,38,"SGP50",1.96009347155246,3.08096972933009,0.4795
"4751",5,26,1,"BMA",1.57912010607804,2.10769035937038,0.219
"4752",5,26,2,"BMA",1.15400294785605,1.57517890716849,0.256
"4753",5,26,3,"BMA",0.360241916532417,0.438592536978368,0.4805
"4754",5,26,4,"BMA",0.278660619966755,0.282122355051736,0.4875
"4755",5,26,5,"BMA",0.270982463413893,0.191096772795338,0.4855
"4756",5,26,6,"BMA",0.257627113774304,0.0690215824173366,0.4985
"4757",5,26,7,"BMA",0.245392541968367,0.128113101726346,0.4785
"4758",5,26,8,"BMA",0.249637343410083,0.182565329541538,0.491
"4759",5,26,9,"BMA",0.219742658564527,-0.0216889361265291,0.5055
"4760",5,26,10,"BMA",0.210855220152934,0.0093792341427484,0.477
"4761",5,26,11,"BMA",0.19070150574194,-0.214518270671042,0.511
"4762",5,26,12,"BMA",0.179334531590024,-0.185721782324087,0.514
"4763",5,26,13,"BMA",0.17159531167314,-0.197268506882363,0.4955
"4764",5,26,14,"BMA",0.175362267480618,-0.157929265745499,0.4815
"4765",5,26,15,"BMA",0.174840619323368,-0.251644067547138,0.499
"4766",5,26,16,"BMA",0.105649525387484,-0.748094084785853,0.589
"4767",5,26,17,"BMA",0.0992182631355291,-0.937165291709985,0.618
"4768",5,26,18,"BMA",0.0830132145115156,-1.10215825438873,0.6285
"4769",5,26,19,"BMA",0.0765150827689119,-1.08801534015156,0.6325
"4770",5,26,20,"BMA",0.145983880160077,-0.407391157817579,0.4995
"4771",5,26,21,"BMA",0.166661720617275,-0.269381310766378,0.481
"4772",5,26,22,"BMA",0.152800937280664,-0.325567642727648,0.4875
"4773",5,26,23,"BMA",0.144802421380382,-0.646096765436565,0.5445
"4774",5,26,24,"BMA",0.148711288049921,-0.36803122050065,0.4835
"4775",5,26,25,"BMA",0.128358815774242,-0.567561455891781,0.514
"4776",5,26,26,"BMA",0.132665963299193,-0.376337757635765,0.486
"4777",5,26,27,"BMA",0.0991028000545625,-0.851414385118264,0.529
"4778",5,26,28,"BMA",0.110497082206935,-0.679435723119744,0.526
"4779",5,26,29,"BMA",0.114144591062322,-0.698502316351634,0.494
"4780",5,26,30,"BMA",0.106687272699411,-0.796552373197238,0.513
"4781",5,26,31,"BMA",0.0917501448754339,-0.83876226159255,0.4995
"4782",5,26,32,"BMA",0.103435986655965,-0.742363578607099,0.485
"4783",5,26,33,"BMA",0.094154654536355,-0.783847876410442,0.4745
"4784",5,26,34,"BMA",0.095114923786977,-0.865217918728595,0.441
"4785",5,26,35,"BMA",0.0853074376056748,-0.972172233195763,0.356
"4786",5,26,36,"BMA",0.075676303642697,-1.29293620717238,0.2055
"4787",5,26,37,"BMA",0.0442096893646792,-1.99153273400999,0.115
"4788",5,26,38,"BMA",0.0404887520821734,-2.1682632730683,0.0335
"4789",5,26,1,"AVS",1.57912010607804,2.1562014183818,0.2135
"4790",5,26,2,"AVS",0.802554500240651,1.23664787909883,0.3265
"4791",5,26,3,"AVS",0.330194976285429,0.433016134749751,0.4865
"4792",5,26,4,"AVS",0.275147488150513,0.227146409880223,0.5045
"4793",5,26,5,"AVS",0.271255197620324,0.0851852974330619,0.5085
"4794",5,26,6,"AVS",0.254156068667392,0.121244676990897,0.508
"4795",5,26,7,"AVS",0.245734366237638,0.0460751684896061,0.5195
"4796",5,26,8,"AVS",0.249421599273384,0.11431243230163,0.4865
"4797",5,26,9,"AVS",0.22005523066076,0.00787987690865425,0.496
"4798",5,26,10,"AVS",0.210955349401309,-0.0152590403498744,0.483
"4799",5,26,11,"AVS",0.190175766569333,-0.0847354199835815,0.499
"4800",5,26,12,"AVS",0.179239741145159,-0.286351395074039,0.519
"4801",5,26,13,"AVS",0.171873342938813,-0.177415895398138,0.5055
"4802",5,26,14,"AVS",0.1753505968157,-0.278101363347119,0.517
"4803",5,26,15,"AVS",0.17584113870648,-0.223221350108432,0.505
"4804",5,26,16,"AVS",0.111204536491208,-0.682295743589653,0.58
"4805",5,26,17,"AVS",0.120365526930286,-0.611017843149062,0.569
"4806",5,26,18,"AVS",0.109983756532161,-0.761717862165693,0.5785
"4807",5,26,19,"AVS",0.109847568687496,-0.804818727561413,0.5925
"4808",5,26,20,"AVS",0.155947449345256,-0.230787147980322,0.4885
"4809",5,26,21,"AVS",0.159132944404631,-0.283427490921944,0.4925
"4810",5,26,22,"AVS",0.152695297541735,-0.360611122774966,0.494
"4811",5,26,23,"AVS",0.141228687775906,-0.519688995272705,0.5115
"4812",5,26,24,"AVS",0.154758857053121,-0.426664021283213,0.5015
"4813",5,26,25,"AVS",0.140963182734425,-0.410940201184339,0.4875
"4814",5,26,26,"AVS",0.136289821769942,-0.502347171536613,0.5055
"4815",5,26,27,"AVS",0.11296171184611,-0.634081950200182,0.504
"4816",5,26,28,"AVS",0.127722485100165,-0.622388361386381,0.5035
"4817",5,26,29,"AVS",0.121707935029471,-0.498879763332459,0.48
"4818",5,26,30,"AVS",0.117516323782492,-0.641394376334141,0.504
"4819",5,26,31,"AVS",0.103433222558871,-0.825790839003341,0.5275
"4820",5,26,32,"AVS",0.108465588822582,-0.719930453041406,0.493
"4821",5,26,33,"AVS",0.107964348864319,-0.731799479749936,0.4975
"4822",5,26,34,"AVS",0.110037034250562,-0.695014998328676,0.4835
"4823",5,26,35,"AVS",0.106819412181364,-0.81285768763831,0.5235
"4824",5,26,36,"AVS",0.107459504347262,-0.683320954717499,0.488
"4825",5,26,37,"AVS",0.0988160314290011,-0.809047432288351,0.494
"4826",5,26,38,"AVS",0.0938282488474382,-0.767195976758269,0.4835
"4827",5,26,1,"EQW",1.57912010607804,2.12964793199789,0.227
"4828",5,26,2,"EQW",1.63197507018729,1.87676303280545,0.189
"4829",5,26,3,"EQW",0.863725938394232,1.21948079575541,0.2415
"4830",5,26,4,"EQW",0.646117102290297,0.897867130270369,0.2565
"4831",5,26,5,"EQW",0.578649722498011,0.711281323068091,0.2535
"4832",5,26,6,"EQW",0.53434775844462,0.72372089133982,0.236
"4833",5,26,7,"EQW",0.473402202157667,0.556463492983432,0.2405
"4834",5,26,8,"EQW",0.420012687304066,0.40197349832614,0.2485
"4835",5,26,9,"EQW",0.391682091129414,0.405121012780533,0.236
"4836",5,26,10,"EQW",0.369923741566039,0.397484930410986,0.2545
"4837",5,26,11,"EQW",0.307313387915284,0.165827214132107,0.2515
"4838",5,26,12,"EQW",0.289161256028564,-0.0397558552702008,0.2975
"4839",5,26,13,"EQW",0.261021741851422,0.0460431108368152,0.252
"4840",5,26,14,"EQW",0.245339549977839,-0.103309635036048,0.2505
"4841",5,26,15,"EQW",0.226306102131324,-0.244994503657513,0.2455
"4842",5,26,16,"EQW",0.179162114227196,-0.337136583954074,0.282
"4843",5,26,17,"EQW",0.164503851459917,-0.640551549956676,0.2955
"4844",5,26,18,"EQW",0.148186137408212,-0.610569683116518,0.291
"4845",5,26,19,"EQW",0.148898381449303,-0.617321796995924,0.281
"4846",5,26,20,"EQW",0.177175328297772,-0.630535986671915,0.2465
"4847",5,26,21,"EQW",0.157699929327201,-0.476539526150529,0.252
"4848",5,26,22,"EQW",0.145621097095282,-0.492173330354777,0.241
"4849",5,26,23,"EQW",0.135200120413921,-0.647370923719877,0.253
"4850",5,26,24,"EQW",0.136488629294937,-0.608415141326098,0.242
"4851",5,26,25,"EQW",0.123250727739211,-0.831143646618211,0.2465
"4852",5,26,26,"EQW",0.131589297205619,-0.602461314992325,0.2725
"4853",5,26,27,"EQW",0.116202089531981,-1.01895244473618,0.2625
"4854",5,26,28,"EQW",0.127322612923267,-0.892388814893435,0.2505
"4855",5,26,29,"EQW",0.114548456035768,-0.754797133301942,0.2455
"4856",5,26,30,"EQW",0.104726094755241,-0.818507920669856,0.253
"4857",5,26,31,"EQW",0.103043667438345,-0.932961463756869,0.2565
"4858",5,26,32,"EQW",0.0982175439986794,-0.890969281242938,0.2185
"4859",5,26,33,"EQW",0.106013845844606,-0.979612269804172,0.258
"4860",5,26,34,"EQW",0.0884473289581557,-1.10372705422524,0.237
"4861",5,26,35,"EQW",0.0854141049481313,-1.18797380094993,0.2625
"4862",5,26,36,"EQW",0.088885485820866,-1.06516945493095,0.2535
"4863",5,26,37,"EQW",0.0732622158208464,-1.25736748197071,0.2585
"4864",5,26,38,"EQW",0.0732732012777156,-1.23396866931562,0.2625
"4865",5,26,1,"SGP",1.57912010607804,2.12544475624274,0.223
"4866",5,26,2,"SGP",1.04167074879265,1.48407843342141,0.273
"4867",5,26,3,"SGP",0.409406051956105,0.495648120330467,0.459
"4868",5,26,4,"SGP",0.306047534445028,0.270427947961271,0.4715
"4869",5,26,5,"SGP",0.290231750162407,0.223369050788847,0.4815
"4870",5,26,6,"SGP",0.26554413284792,0.175992584977187,0.4805
"4871",5,26,7,"SGP",0.254014894608648,0.166772891586695,0.475
"4872",5,26,8,"SGP",0.254724871198517,0.176188971452958,0.47
"4873",5,26,9,"SGP",0.224563335889783,-0.00356331790532694,0.488
"4874",5,26,10,"SGP",0.214863051490392,-0.0980899509084169,0.502
"4875",5,26,11,"SGP",0.193362931650709,-0.0190728060352747,0.471
"4876",5,26,12,"SGP",0.181806712454548,-0.162745988847431,0.5195
"4877",5,26,13,"SGP",0.173105932815557,-0.215219658433004,0.505
"4878",5,26,14,"SGP",0.176363900152385,-0.198370088876463,0.4915
"4879",5,26,15,"SGP",0.176054548602072,-0.1828260104989,0.489
"4880",5,26,16,"SGP",0.110881160828603,-0.762973105459807,0.5765
"4881",5,26,17,"SGP",0.117341431246135,-0.780558861520754,0.5815
"4882",5,26,18,"SGP",0.106149625744177,-0.866247719790525,0.5845
"4883",5,26,19,"SGP",0.103658340319222,-0.738411471850989,0.5675
"4884",5,26,20,"SGP",0.154135155154599,-0.334577053006974,0.4795
"4885",5,26,21,"SGP",0.160042213849432,-0.398898524272394,0.4895
"4886",5,26,22,"SGP",0.151944302583615,-0.263111697966387,0.475
"4887",5,26,23,"SGP",0.140814544570335,-0.486571732299506,0.491
"4888",5,26,24,"SGP",0.152896013430407,-0.434674807827088,0.475
"4889",5,26,25,"SGP",0.137988372412592,-0.49659044245391,0.5025
"4890",5,26,26,"SGP",0.135554062319461,-0.365755258224924,0.471
"4891",5,26,27,"SGP",0.110230908501968,-0.744664209769853,0.5065
"4892",5,26,28,"SGP",0.123795273968647,-0.71148300247893,0.499
"4893",5,26,29,"SGP",0.119699958218056,-0.595441766824371,0.478
"4894",5,26,30,"SGP",0.114787982185905,-0.68452308783978,0.484
"4895",5,26,31,"SGP",0.100684794098904,-0.866516162687531,0.5205
"4896",5,26,32,"SGP",0.107272868526162,-0.76639649756366,0.495
"4897",5,26,33,"SGP",0.104169171491994,-0.731218828727199,0.4895
"4898",5,26,34,"SGP",0.106403546000354,-0.755957909285065,0.495
"4899",5,26,35,"SGP",0.104541268245768,-0.701213064848279,0.479
"4900",5,26,36,"SGP",0.104088699984373,-0.881155853893838,0.5005
"4901",5,26,37,"SGP",0.0953025889122661,-0.790398310045708,0.486
"4902",5,26,38,"SGP",0.0913495081027587,-0.964779304985843,0.5045
"4903",5,26,1,"SGP50",1.57912010607804,2.14388276786529,0.212
"4904",5,26,2,"SGP50",1.61175799573352,1.91681814008035,0.175
"4905",5,26,3,"SGP50",0.836039623228721,1.21131642088534,0.247
"4906",5,26,4,"SGP50",0.61270748537365,0.771811249216127,0.278
"4907",5,26,5,"SGP50",0.539778987511045,0.729370259118159,0.279
"4908",5,26,6,"SGP50",0.486465997756267,0.633197623961367,0.268
"4909",5,26,7,"SGP50",0.427435433848206,0.422174901464497,0.3025
"4910",5,26,8,"SGP50",0.38043314101652,0.419151529569554,0.265
"4911",5,26,9,"SGP50",0.347494334835879,0.235757007056333,0.286
"4912",5,26,10,"SGP50",0.324853722361724,0.136258532424952,0.3035
"4913",5,26,11,"SGP50",0.2717144841764,0.10515358505649,0.2995
"4914",5,26,12,"SGP50",0.254986833138834,-0.118180018928907,0.326
"4915",5,26,13,"SGP50",0.229162412742806,-0.0522376359971318,0.306
"4916",5,26,14,"SGP50",0.218839675708356,-0.158389819456481,0.3155
"4917",5,26,15,"SGP50",0.204893887833845,-0.38420161534399,0.309
"4918",5,26,16,"SGP50",0.155355426432995,-0.470810876968576,0.365
"4919",5,26,17,"SGP50",0.147396449697525,-0.549465010254581,0.3605
"4920",5,26,18,"SGP50",0.133755293536577,-0.606501001249756,0.355
"4921",5,26,19,"SGP50",0.136961172215803,-0.557122397464301,0.3415
"4922",5,26,20,"SGP50",0.163993418243784,-0.40690540965917,0.3135
"4923",5,26,21,"SGP50",0.154182757009123,-0.41541974066007,0.3125
"4924",5,26,22,"SGP50",0.144320050652058,-0.565024008586145,0.328
"4925",5,26,23,"SGP50",0.132620383480521,-0.664099271910658,0.3325
"4926",5,26,24,"SGP50",0.138827157176939,-0.588237986169076,0.3065
"4927",5,26,25,"SGP50",0.126447423329689,-0.593159954431177,0.314
"4928",5,26,26,"SGP50",0.131545895540574,-0.639843115784539,0.323
"4929",5,26,27,"SGP50",0.113894632858701,-0.757601113779242,0.3355
"4930",5,26,28,"SGP50",0.123971590552967,-0.659166462576201,0.3155
"4931",5,26,29,"SGP50",0.113217641466543,-0.742030407562396,0.326
"4932",5,26,30,"SGP50",0.106695731890496,-0.682660652196946,0.3145
"4933",5,26,31,"SGP50",0.102239023000355,-0.83808733964235,0.3305
"4934",5,26,32,"SGP50",0.0984745396853253,-0.886940437067318,0.309
"4935",5,26,33,"SGP50",0.106315570308884,-0.895516384454569,0.3375
"4936",5,26,34,"SGP50",0.0940119147016449,-1.02693582040174,0.313
"4937",5,26,35,"SGP50",0.0889929646647222,-1.08013745028911,0.34
"4938",5,26,36,"SGP50",0.0923508404860836,-0.942030782677541,0.314
"4939",5,26,37,"SGP50",0.0790835498903881,-1.01374948437246,0.32
"4940",5,26,38,"SGP50",0.0766463696501122,-1.08529785602223,0.3125
"4941",5,27,1,"BMA",19.3966473499045,5.03357920110283,0.9245
"4942",5,27,2,"BMA",14.5380300204672,4.61985572244891,0.838
"4943",5,27,3,"BMA",5.62474786252258,4.04842217654589,0.4005
"4944",5,27,4,"BMA",11.1578805404934,4.41736186076982,0.2055
"4945",5,27,5,"BMA",5.82961287311448,4.1846058132964,0.473
"4946",5,27,6,"BMA",14.5785355025754,4.56443302911288,0.8705
"4947",5,27,7,"BMA",13.1008375078535,4.44469895452804,0.82
"4948",5,27,8,"BMA",8.66890609961025,3.89649196297308,0.76
"4949",5,27,9,"BMA",7.03647337290508,4.3377766865166,0.184
"4950",5,27,10,"BMA",3.23801821186996,3.38689663755793,0.305
"4951",5,27,11,"BMA",2.06350118602809,3.02531685172163,0.393
"4952",5,27,12,"BMA",12.6778022658407,5.62457651452858,0.014
"4953",5,27,13,"BMA",2.86825404406097,3.19761084978598,0.3065
"4954",5,27,14,"BMA",8.01602362883531,4.10163535632138,0.0695
"4955",5,27,15,"BMA",12.2663625644213,5.1196830071166,0.9795
"4956",5,27,16,"BMA",8.38322134850706,4.09391016218561,0.081
"4957",5,27,17,"BMA",3.42025303299269,3.35190161619221,0.7315
"4958",5,27,18,"BMA",5.76921941356286,3.74859192686338,0.8515
"4959",5,27,19,"BMA",12.0322653200527,4.78487544596466,0.0265
"4960",5,27,20,"BMA",3.23216215742746,3.32637512581911,0.2845
"4961",5,27,21,"BMA",2.21100743531542,3.13666385959871,0.563
"4962",5,27,22,"BMA",2.58992025799922,3.13130915109318,0.594
"4963",5,27,23,"BMA",2.3647414767515,3.20663448173346,0.59
"4964",5,27,24,"BMA",2.12934636416017,3.17354371063902,0.4545
"4965",5,27,25,"BMA",2.28242156415218,3.1656754521551,0.4125
"4966",5,27,26,"BMA",3.55056680078409,3.33456833128965,0.7485
"4967",5,27,27,"BMA",3.03775854718732,3.28207025168298,0.712
"4968",5,27,28,"BMA",10.1015284099553,4.53163304464648,0.0435
"4969",5,27,29,"BMA",2.4004528298505,3.16131062980505,0.6355
"4970",5,27,30,"BMA",3.61460637698185,3.37485582396642,0.781
"4971",5,27,31,"BMA",3.47132430323502,3.24336758181399,0.2505
"4972",5,27,32,"BMA",3.89599984732051,3.3720681912853,0.7805
"4973",5,27,33,"BMA",2.63984509851192,3.11653053490578,0.3015
"4974",5,27,34,"BMA",6.3071509231083,3.73006006655417,0.118
"4975",5,27,35,"BMA",7.89589436023378,3.98813685373662,0.913
"4976",5,27,36,"BMA",4.77092235445778,3.54400446941618,0.1785
"4977",5,27,37,"BMA",7.07752572755653,3.93649075210244,0.8965
"4978",5,27,38,"BMA",3.53279779611585,3.28774907458312,0.25
"4979",5,27,1,"AVS",19.3966473499045,5.01449829832524,0.9345
"4980",5,27,2,"AVS",7.431412447203,4.19418951060653,0.7445
"4981",5,27,3,"AVS",5.62070519999989,4.04032041191253,0.3855
"4982",5,27,4,"AVS",11.2763511999945,4.46230699716384,0.2045
"4983",5,27,5,"AVS",5.95430158653114,4.2231968157287,0.4735
"4984",5,27,6,"AVS",15.3852564057134,4.5583836599416,0.861
"4985",5,27,7,"AVS",16.4311632160462,4.79456151841884,0.889
"4986",5,27,8,"AVS",1.98023680910076,3.11940676877422,0.5325
"4987",5,27,9,"AVS",8.9524111737626,4.13425716562024,0.0565
"4988",5,27,10,"AVS",3.54193815370029,3.30629205401707,0.251
"4989",5,27,11,"AVS",2.0587436215215,2.98360213756413,0.3705
"4990",5,27,12,"AVS",12.7978804492262,5.8017539978853,0.0065
"4991",5,27,13,"AVS",2.88410498256424,3.19562951352205,0.2975
"4992",5,27,14,"AVS",8.12448455630193,3.92339302793661,0.075
"4993",5,27,15,"AVS",12.3428760843318,5.21230858113916,0.9855
"4994",5,27,16,"AVS",8.59949039427468,4.28542559860082,0.0575
"4995",5,27,17,"AVS",3.36872351265822,3.35093305647857,0.732
"4996",5,27,18,"AVS",5.70520619711693,3.68846002459428,0.841
"4997",5,27,19,"AVS",12.135052005344,4.85219003302304,0.0235
"4998",5,27,20,"AVS",3.25320683573521,3.36103569554911,0.2905
"4999",5,27,21,"AVS",2.19708536724254,3.16625850521107,0.5455
"5000",5,27,22,"AVS",2.57888015065943,3.17939913684883,0.6
"5001",5,27,23,"AVS",2.35778857698598,3.18063275485468,0.562
"5002",5,27,24,"AVS",2.12810470652327,3.15243034209814,0.4335
"5003",5,27,25,"AVS",2.28234260668305,3.21150573594244,0.396
"5004",5,27,26,"AVS",3.55021190138808,3.29131869458747,0.7385
"5005",5,27,27,"AVS",3.03767978222945,3.25008623925412,0.71
"5006",5,27,28,"AVS",10.1015375195983,4.53855510564801,0.0395
"5007",5,27,29,"AVS",2.40045155728085,3.18132115936759,0.621
"5008",5,27,30,"AVS",3.61460595114895,3.30753066672524,0.7555
"5009",5,27,31,"AVS",3.47132434993926,3.3013090222154,0.238
"5010",5,27,32,"AVS",3.89599983278406,3.29171714230085,0.756
"5011",5,27,33,"AVS",2.63984509893844,3.09234616563891,0.299
"5012",5,27,34,"AVS",6.30715092330001,3.79479493700333,0.123
"5013",5,27,35,"AVS",7.89589436038598,4.0329668515446,0.9075
"5014",5,27,36,"AVS",4.77092235451522,3.48996952741839,0.1935
"5015",5,27,37,"AVS",7.07752572755749,3.81600893965,0.9005
"5016",5,27,38,"AVS",3.53279779612057,3.24765753662694,0.258
"5017",5,27,1,"EQW",19.3966473499045,5.18708983376303,0.9425
"5018",5,27,2,"EQW",22.1987803167404,5.35738819173558,0.925
"5019",5,27,3,"EQW",12.3616653649537,4.33596610909765,0.713
"5020",5,27,4,"EQW",11.3103837862014,4.36765619479712,0.603
"5021",5,27,5,"EQW",14.2730708063863,4.39781362576653,0.7915
"5022",5,27,6,"EQW",22.3897411437675,4.71966523304927,0.93
"5023",5,27,7,"EQW",19.2452244950377,4.52064222596822,0.7945
"5024",5,27,8,"EQW",21.2147521092125,4.56823385816677,0.857
"5025",5,27,9,"EQW",15.8213712718655,4.72260758783248,0.698
"5026",5,27,10,"EQW",13.6189869825068,4.42056985506373,0.7245
"5027",5,27,11,"EQW",14.3253189973097,4.3460755060669,0.8035
"5028",5,27,12,"EQW",9.0894580577386,4.64708771276675,0.619
"5029",5,27,13,"EQW",5.01965319029261,3.83527544192654,0.531
"5030",5,27,14,"EQW",6.85520156905558,4.16720994226529,0.3535
"5031",5,27,15,"EQW",7.67613321879022,4.23382980826218,0.6535
"5032",5,27,16,"EQW",6.29251462000951,4.09578115752089,0.3055
"5033",5,27,17,"EQW",4.71375676594802,3.9175426492108,0.505
"5034",5,27,18,"EQW",6.75660206851184,4.04512446879119,0.7415
"5035",5,27,19,"EQW",5.5615914920875,4.08775688749401,0.428
"5036",5,27,20,"EQW",4.34820294583633,3.73554841555049,0.399
"5037",5,27,21,"EQW",4.20443183554967,3.80016126382075,0.4395
"5038",5,27,22,"EQW",4.17686244085515,3.7257254308858,0.4895
"5039",5,27,23,"EQW",4.27324334721884,3.85836858664464,0.5305
"5040",5,27,24,"EQW",4.45999795269059,3.8240980236419,0.4815
"5041",5,27,25,"EQW",4.60337427512375,3.85016420861164,0.441
"5042",5,27,26,"EQW",5.09442985387122,3.94993183789541,0.5975
"5043",5,27,27,"EQW",6.07637643482825,3.95344282156335,0.6645
"5044",5,27,28,"EQW",6.2276938962706,4.24371148090778,0.3845
"5045",5,27,29,"EQW",4.84800168682117,3.92610577015658,0.515
"5046",5,27,30,"EQW",5.49032836331203,3.99719495038261,0.578
"5047",5,27,31,"EQW",5.53719719308514,4.06208302730135,0.4185
"5048",5,27,32,"EQW",5.75805681445726,3.97268299867224,0.6085
"5049",5,27,33,"EQW",5.36958170602511,3.9819926436407,0.4545
"5050",5,27,34,"EQW",7.59183374267605,4.4680245004741,0.2955
"5051",5,27,35,"EQW",6.65858670684848,4.44521313656758,0.556
"5052",5,27,36,"EQW",7.75009395366924,4.33622177792555,0.3405
"5053",5,27,37,"EQW",6.96183361465789,4.40530225330873,0.5785
"5054",5,27,38,"EQW",6.89307398477858,4.23520023253888,0.3765
"5055",5,27,1,"SGP",19.3966473499045,5.36177489503803,0.9415
"5056",5,27,2,"SGP",30.7376136356317,6.50695454311394,0.98
"5057",5,27,3,"SGP",3.26696601202526,3.41567531181298,0.548
"5058",5,27,4,"SGP",2.91263012781678,3.34534187905587,0.3395
"5059",5,27,5,"SGP",3.24351138791751,3.34781495741427,0.707
"5060",5,27,6,"SGP",6.40375999734967,3.91516713701298,0.894
"5061",5,27,7,"SGP",2.41212087581207,3.16155531655341,0.3955
"5062",5,27,8,"SGP",1.99701110095978,3.09675262477839,0.523
"5063",5,27,9,"SGP",8.86143564528464,4.20588916494101,0.0575
"5064",5,27,10,"SGP",3.52291819360604,3.26924569373035,0.244
"5065",5,27,11,"SGP",2.05784414861363,2.93429852492111,0.3815
"5066",5,27,12,"SGP",12.715750179981,5.43933379774294,0.014
"5067",5,27,13,"SGP",2.8821871479833,3.14677395622124,0.3085
"5068",5,27,14,"SGP",8.10776043920611,4.09407027299073,0.0625
"5069",5,27,15,"SGP",12.314489089775,5.18830382637459,0.9835
"5070",5,27,16,"SGP",8.58585852333007,4.22719721869756,0.0635
"5071",5,27,17,"SGP",3.36863248781249,3.35115145603355,0.735
"5072",5,27,18,"SGP",5.7066800432995,3.71618105489534,0.866
"5073",5,27,19,"SGP",12.0974454024565,4.84759583799852,0.028
"5074",5,27,20,"SGP",3.25358487376299,3.33525613704859,0.2835
"5075",5,27,21,"SGP",2.20081015047967,3.17260124335309,0.5695
"5076",5,27,22,"SGP",2.58110360102275,3.18429521162263,0.63
"5077",5,27,23,"SGP",2.36155569409504,3.22643170979249,0.5655
"5078",5,27,24,"SGP",2.13235113378174,3.09525170242232,0.449
"5079",5,27,25,"SGP",2.28560571531394,3.17218551757259,0.4155
"5080",5,27,26,"SGP",3.55170918815654,3.33119844196354,0.76
"5081",5,27,27,"SGP",3.04330116666469,3.30745207363828,0.7045
"5082",5,27,28,"SGP",10.0765227445387,4.41175921282867,0.0415
"5083",5,27,29,"SGP",2.40377072521354,3.07442495496566,0.612
"5084",5,27,30,"SGP",3.61563188905718,3.28717933302202,0.742
"5085",5,27,31,"SGP",3.47158383968132,3.21461291377128,0.249
"5086",5,27,32,"SGP",3.89610995839266,3.37066711717,0.7815
"5087",5,27,33,"SGP",2.64177569202243,3.13257800349943,0.295
"5088",5,27,34,"SGP",6.30521579311184,3.70299901896949,0.1245
"5089",5,27,35,"SGP",7.88121490990852,4.09489104734143,0.9155
"5090",5,27,36,"SGP",4.77304008507711,3.50605322703304,0.174
"5091",5,27,37,"SGP",7.06666274545306,3.84363371584715,0.883
"5092",5,27,38,"SGP",3.53550802339436,3.31473512780548,0.2405
"5093",5,27,1,"SGP50",19.3966473499045,5.12960000007894,0.9345
"5094",5,27,2,"SGP50",22.5016179001016,5.32368545353532,0.9235
"5095",5,27,3,"SGP50",12.0465867831009,4.34509919821864,0.7075
"5096",5,27,4,"SGP50",9.03465251588221,4.28492926677847,0.56
"5097",5,27,5,"SGP50",8.86399950049784,3.99151860429794,0.7385
"5098",5,27,6,"SGP50",12.9347010985953,4.26959742133292,0.916
"5099",5,27,7,"SGP50",6.53851596586535,3.77159932025035,0.6035
"5100",5,27,8,"SGP50",5.84557679703689,3.55639357664732,0.6565
"5101",5,27,9,"SGP50",6.65268918164997,4.38715612198853,0.29
"5102",5,27,10,"SGP50",3.7076822397141,3.5287357827262,0.4095
"5103",5,27,11,"SGP50",2.94812620462277,3.29210469019182,0.4775
"5104",5,27,12,"SGP50",9.23468230651639,5.11315972408022,0.1555
"5105",5,27,13,"SGP50",2.89334730013486,3.34617225576889,0.33
"5106",5,27,14,"SGP50",7.42910387294876,3.99107657400672,0.136
"5107",5,27,15,"SGP50",11.0141181963373,4.98313697028835,0.9305
"5108",5,27,16,"SGP50",7.94658503321891,4.25177541131489,0.1135
"5109",5,27,17,"SGP50",3.40727832352486,3.37722768356218,0.6975
"5110",5,27,18,"SGP50",5.81095528722796,3.75852626701362,0.832
"5111",5,27,19,"SGP50",10.3267704484474,4.57911483013196,0.096
"5112",5,27,20,"SGP50",3.29878985959686,3.36354862774336,0.3015
"5113",5,27,21,"SGP50",2.41015976311258,3.22703466437258,0.5485
"5114",5,27,22,"SGP50",2.71244262869811,3.27010338996542,0.603
"5115",5,27,23,"SGP50",2.56996593072814,3.38602503368066,0.577
"5116",5,27,24,"SGP50",2.3776566613894,3.21418852703487,0.459
"5117",5,27,25,"SGP50",2.4878120863929,3.2959865364811,0.428
"5118",5,27,26,"SGP50",3.65923732354771,3.44911666173641,0.7295
"5119",5,27,27,"SGP50",3.36953983692885,3.33161761349213,0.6895
"5120",5,27,28,"SGP50",8.92535357599825,4.44546673521336,0.094
"5121",5,27,29,"SGP50",2.60148738148365,3.26857195512688,0.607
"5122",5,27,30,"SGP50",3.70632371366424,3.38964962144491,0.731
"5123",5,27,31,"SGP50",3.53451375685961,3.37982794054061,0.267
"5124",5,27,32,"SGP50",3.94116179274834,3.44036127536419,0.7515
"5125",5,27,33,"SGP50",2.78232008111519,3.1587461667801,0.3335
"5126",5,27,34,"SGP50",6.26491733822149,3.87150029898221,0.133
"5127",5,27,35,"SGP50",7.21822456755943,4.09738605950262,0.861
"5128",5,27,36,"SGP50",4.92855475034655,3.63574802638996,0.203
"5129",5,27,37,"SGP50",6.59699063787209,3.88681065496262,0.8485
"5130",5,27,38,"SGP50",3.72177145134323,3.36309455504107,0.2805
"5131",5,28,1,"BMA",1.47291396795834,2.62339590327466,0.3465
"5132",5,28,2,"BMA",1.08635918430335,2.22416593174455,0.33
"5133",5,28,3,"BMA",0.94848413407033,2.14758663113127,0.3525
"5134",5,28,4,"BMA",1.64082839214294,2.42602211964126,0.163
"5135",5,28,5,"BMA",2.68494497160797,2.89004165515572,0.9
"5136",5,28,6,"BMA",2.40676558183489,2.90002869244858,0.889
"5137",5,28,7,"BMA",1.73742241965032,2.61970657814323,0.783
"5138",5,28,8,"BMA",3.9764769414749,3.58929273894871,0.9315
"5139",5,28,9,"BMA",1.94694158614134,2.6298509825481,0.7885
"5140",5,28,10,"BMA",4.55087962192826,3.90839980589763,0.0495
"5141",5,28,11,"BMA",1.0934076442323,2.3798479721151,0.4035
"5142",5,28,12,"BMA",1.21665460653718,2.47314897863983,0.699
"5143",5,28,13,"BMA",1.11788916797433,2.27145418825086,0.669
"5144",5,28,14,"BMA",2.37149655009695,2.82378429235511,0.8785
"5145",5,28,15,"BMA",1.06853997128012,2.30779319315844,0.629
"5146",5,28,16,"BMA",3.00065002096638,3.08399554843539,0.919
"5147",5,28,17,"BMA",0.985584013786907,2.16837436052533,0.666
"5148",5,28,18,"BMA",1.7504621026824,2.53606692098387,0.165
"5149",5,28,19,"BMA",1.21941046012212,2.21601652581752,0.2575
"5150",5,28,20,"BMA",5.31124037151499,4.60631782797183,0.9885
"5151",5,28,21,"BMA",5.24357554950704,4.10730782631076,0.984
"5152",5,28,22,"BMA",2.51210135810472,2.84701267839494,0.885
"5153",5,28,23,"BMA",5.8970596115323,4.34860852156175,0.9875
"5154",5,28,24,"BMA",4.5941189498582,3.6716207177381,0.9505
"5155",5,28,25,"BMA",10.606706919972,7.24364636586915,0.999
"5156",5,28,26,"BMA",5.06695678814332,3.39026490539105,0.1125
"5157",5,28,27,"BMA",1.4807747764258,2.56811816538438,0.305
"5158",5,28,28,"BMA",4.64613966831849,3.38259544921614,0.932
"5159",5,28,29,"BMA",5.47699277536937,3.80305925751783,0.948
"5160",5,28,30,"BMA",1.48885608520478,2.69953468942242,0.673
"5161",5,28,31,"BMA",1.2643823712455,2.54678376452468,0.3935
"5162",5,28,32,"BMA",5.41155986809708,3.83498812831199,0.9545
"5163",5,28,33,"BMA",1.94939983424076,2.83294597092297,0.267
"5164",5,28,34,"BMA",2.27141855055337,2.8650298342821,0.8105
"5165",5,28,35,"BMA",1.44024576331761,2.65823686167833,0.674
"5166",5,28,36,"BMA",9.22930689755724,5.52171387530884,0.0025
"5167",5,28,37,"BMA",2.92732719477661,2.95007951594717,0.1485
"5168",5,28,38,"BMA",3.71160748564911,3.23899598583275,0.8705
"5169",5,28,1,"AVS",1.47291396795834,2.59467529717671,0.336
"5170",5,28,2,"AVS",0.937133101168113,2.18357880244748,0.3855
"5171",5,28,3,"AVS",0.901734344641947,2.12337444537768,0.354
"5172",5,28,4,"AVS",1.68426416170093,2.38719661660677,0.165
"5173",5,28,5,"AVS",2.48336752483509,2.83195589617478,0.899
"5174",5,28,6,"AVS",2.48964882846859,3.04952778903672,0.9025
"5175",5,28,7,"AVS",1.71772199686223,2.64371896167479,0.773
"5176",5,28,8,"AVS",3.53245812171825,3.39307845016411,0.909
"5177",5,28,9,"AVS",1.85994452887567,2.62266731353476,0.778
"5178",5,28,10,"AVS",4.98619892730638,4.0612692548125,0.036
"5179",5,28,11,"AVS",1.04353608580503,2.35828888596974,0.4155
"5180",5,28,12,"AVS",1.22580788473491,2.40455526021671,0.7005
"5181",5,28,13,"AVS",1.08417091069068,2.28557246214591,0.6665
"5182",5,28,14,"AVS",2.22812493604964,2.70965023472798,0.86
"5183",5,28,15,"AVS",0.838627752664918,2.21980599656829,0.5385
"5184",5,28,16,"AVS",2.63222967888414,2.92862212614708,0.909
"5185",5,28,17,"AVS",0.86941264404675,2.08222521088592,0.65
"5186",5,28,18,"AVS",1.77968401007701,2.57968769890848,0.1675
"5187",5,28,19,"AVS",1.22284318191967,2.19774252561292,0.2595
"5188",5,28,20,"AVS",5.31062781331267,4.64179816241312,0.988
"5189",5,28,21,"AVS",5.09241969257718,4.06324159294266,0.981
"5190",5,28,22,"AVS",2.50700996517913,2.85613753039373,0.8885
"5191",5,28,23,"AVS",6.00247027973293,4.59509662731965,0.9905
"5192",5,28,24,"AVS",4.61135361643151,3.67955873776665,0.9535
"5193",5,28,25,"AVS",10.3022850809994,7.0465643137322,0.999
"5194",5,28,26,"AVS",9.73544793070714,5.18476467682147,0.0165
"5195",5,28,27,"AVS",1.47895213589183,2.5409643147791,0.306
"5196",5,28,28,"AVS",4.65095914142251,3.39467168299788,0.9245
"5197",5,28,29,"AVS",5.48128440138748,3.82685144476277,0.957
"5198",5,28,30,"AVS",1.47826387223342,2.59386955727346,0.6215
"5199",5,28,31,"AVS",1.2714516343175,2.57758225496961,0.423
"5200",5,28,32,"AVS",5.42107507021726,3.82730509031206,0.953
"5201",5,28,33,"AVS",1.95405214607187,2.88543081327253,0.2515
"5202",5,28,34,"AVS",2.27886677708135,2.85897180270123,0.7975
"5203",5,28,35,"AVS",1.44570306943942,2.56510521241862,0.6495
"5204",5,28,36,"AVS",9.20603283841387,5.31024006974144,0.0035
"5205",5,28,37,"AVS",2.92601825294028,2.9705300416862,0.157
"5206",5,28,38,"AVS",3.71326827660634,3.30907098567149,0.8895
"5207",5,28,1,"EQW",1.47291396795834,2.72782070988573,0.361
"5208",5,28,2,"EQW",1.30300213044822,2.32188245326655,0.3095
"5209",5,28,3,"EQW",1.34345105116939,2.33756024803024,0.295
"5210",5,28,4,"EQW",2.17183147792835,2.629729658811,0.1315
"5211",5,28,5,"EQW",2.21784805584062,2.9116531145239,0.8465
"5212",5,28,6,"EQW",1.55610890420376,2.60468338490602,0.7545
"5213",5,28,7,"EQW",1.22743086534748,2.34678565471917,0.6675
"5214",5,28,8,"EQW",3.38058788340934,3.23573375383751,0.9045
"5215",5,28,9,"EQW",1.85666206522075,2.6367698223093,0.7895
"5216",5,28,10,"EQW",4.02239838410717,3.40595872962625,0.0935
"5217",5,28,11,"EQW",1.05399977615496,2.35271522926287,0.4065
"5218",5,28,12,"EQW",1.12524648869046,2.4196028867597,0.6625
"5219",5,28,13,"EQW",1.00311772824363,2.20674834845732,0.6395
"5220",5,28,14,"EQW",2.24694413209298,2.73318665580743,0.86
"5221",5,28,15,"EQW",1.16297821085377,2.39656025615869,0.634
"5222",5,28,16,"EQW",3.47765404762182,3.17545711704719,0.926
"5223",5,28,17,"EQW",2.00360273542187,2.58572680089669,0.753
"5224",5,28,18,"EQW",1.211784370112,2.50210224115572,0.436
"5225",5,28,19,"EQW",1.11917674880444,2.4094436893806,0.356
"5226",5,28,20,"EQW",4.845192655212,4.00390955646091,0.9605
"5227",5,28,21,"EQW",6.89858173822803,4.53335732586306,0.984
"5228",5,28,22,"EQW",5.00746265558069,3.34995813701571,0.917
"5229",5,28,23,"EQW",8.98997223952074,4.74683903279147,0.9945
"5230",5,28,24,"EQW",8.93693583848539,4.06849210929647,0.972
"5231",5,28,25,"EQW",15.6915126481952,6.34247710495671,1
"5232",5,28,26,"EQW",5.51781994232722,4.07035663676605,0.5345
"5233",5,28,27,"EQW",2.61279924915764,3.15833560128798,0.5405
"5234",5,28,28,"EQW",6.03359752417001,3.67032006881691,0.915
"5235",5,28,29,"EQW",7.54776544201916,3.95063585972824,0.9415
"5236",5,28,30,"EQW",3.79850833705907,3.20755478534203,0.708
"5237",5,28,31,"EQW",2.62903968693191,3.21651397070881,0.548
"5238",5,28,32,"EQW",6.47406808672861,3.79279789849243,0.9135
"5239",5,28,33,"EQW",2.54208977875549,3.29124199684072,0.463
"5240",5,28,34,"EQW",3.22057800160669,3.1355181622718,0.7655
"5241",5,28,35,"EQW",2.5313677739122,3.01134179842098,0.671
"5242",5,28,36,"EQW",6.71880597351356,4.06234843774527,0.164
"5243",5,28,37,"EQW",4.63841723581316,3.3665578603521,0.1435
"5244",5,28,38,"EQW",2.40556003261154,3.17176321726148,0.621
"5245",5,28,1,"SGP",1.47291396795834,2.66134592372753,0.337
"5246",5,28,2,"SGP",1.0233241525288,2.16997455074703,0.3365
"5247",5,28,3,"SGP",0.921899966725487,2.08658752781382,0.325
"5248",5,28,4,"SGP",1.55663914183647,2.41362577775348,0.174
"5249",5,28,5,"SGP",3.13074196710759,3.23901941613957,0.9355
"5250",5,28,6,"SGP",1.86486508409398,2.61915413881804,0.8155
"5251",5,28,7,"SGP",1.2877036749143,2.34791612791635,0.735
"5252",5,28,8,"SGP",3.3106041922074,3.32275715706532,0.9405
"5253",5,28,9,"SGP",1.32183056226167,2.3885973225443,0.7745
"5254",5,28,10,"SGP",5.24261878500161,4.63472448172766,0.0155
"5255",5,28,11,"SGP",0.823942001779159,2.17165497000986,0.469
"5256",5,28,12,"SGP",1.18337401153937,2.31881708431635,0.7255
"5257",5,28,13,"SGP",0.81269202143497,2.08454522227228,0.622
"5258",5,28,14,"SGP",1.81000106995436,2.44435679074626,0.8375
"5259",5,28,15,"SGP",0.767087664078855,2.1610956462483,0.5055
"5260",5,28,16,"SGP",2.6374445131473,2.86993851059211,0.908
"5261",5,28,17,"SGP",0.912310005210186,2.12846874314862,0.634
"5262",5,28,18,"SGP",1.72491857798948,2.64496492810584,0.1685
"5263",5,28,19,"SGP",1.21404671222702,2.23015301676026,0.2765
"5264",5,28,20,"SGP",5.29477480270307,4.81270036649908,0.994
"5265",5,28,21,"SGP",5.1847342329522,4.08597328686673,0.982
"5266",5,28,22,"SGP",2.50409110139358,2.77160657207241,0.892
"5267",5,28,23,"SGP",5.94955124913624,4.59390935849357,0.9855
"5268",5,28,24,"SGP",4.61156667012911,3.89031842158786,0.9585
"5269",5,28,25,"SGP",10.3333562867999,6.8468015811893,0.9995
"5270",5,28,26,"SGP",8.76550192391055,4.75863435497977,0.039
"5271",5,28,27,"SGP",1.51043768287976,2.58454637510011,0.3015
"5272",5,28,28,"SGP",4.57707222738064,3.46417577568738,0.924
"5273",5,28,29,"SGP",5.30183128820637,3.67868392762779,0.944
"5274",5,28,30,"SGP",1.25645761139885,2.57411099155654,0.524
"5275",5,28,31,"SGP",1.95846757270114,2.78719687453538,0.275
"5276",5,28,32,"SGP",4.77770343068429,3.66708094900989,0.9375
"5277",5,28,33,"SGP",3.82341789197483,3.33588016158758,0.1145
"5278",5,28,34,"SGP",1.85863342685947,2.70980399211686,0.749
"5279",5,28,35,"SGP",1.13281351601446,2.45974885095021,0.509
"5280",5,28,36,"SGP",11.3970592054594,7.42445659349738,0.002
"5281",5,28,37,"SGP",3.93939604954044,3.30494256389652,0.104
"5282",5,28,38,"SGP",3.024647978228,3.01694253120683,0.8485
"5283",5,28,1,"SGP50",1.47291396795834,2.67584450667647,0.331
"5284",5,28,2,"SGP50",1.29021711416537,2.33448382319179,0.296
"5285",5,28,3,"SGP50",1.3162112848615,2.26491168544289,0.2785
"5286",5,28,4,"SGP50",2.11984138459458,2.57502474846511,0.1415
"5287",5,28,5,"SGP50",2.27371934010648,2.91566920053021,0.8555
"5288",5,28,6,"SGP50",1.57205131880453,2.56334348575761,0.769
"5289",5,28,7,"SGP50",1.23758832757709,2.43930247046775,0.691
"5290",5,28,8,"SGP50",3.41404605535109,3.26175531598917,0.908
"5291",5,28,9,"SGP50",1.82155982704218,2.5848233994671,0.7735
"5292",5,28,10,"SGP50",4.10361241531708,3.56410441789004,0.0795
"5293",5,28,11,"SGP50",1.02574128007532,2.29083675018275,0.393
"5294",5,28,12,"SGP50",1.13217713620454,2.3794235274358,0.667
"5295",5,28,13,"SGP50",0.989402041219583,2.27986485489029,0.641
"5296",5,28,14,"SGP50",2.2110993848119,2.70131759936113,0.8495
"5297",5,28,15,"SGP50",1.11449979959602,2.41853866661567,0.6225
"5298",5,28,16,"SGP50",3.38950302307601,3.25059357703883,0.927
"5299",5,28,17,"SGP50",1.85070694480543,2.63027506608778,0.788
"5300",5,28,18,"SGP50",1.23883441369425,2.64738174717166,0.365
"5301",5,28,19,"SGP50",1.1219158521126,2.40189590103799,0.3615
"5302",5,28,20,"SGP50",4.91913818588386,3.99650698796437,0.953
"5303",5,28,21,"SGP50",6.63222988019042,4.55377676015715,0.986
"5304",5,28,22,"SGP50",4.42302843421909,3.17539253772601,0.907
"5305",5,28,23,"SGP50",8.11406523081271,4.78933538549346,0.994
"5306",5,28,24,"SGP50",7.46595498524421,3.9771522744445,0.9745
"5307",5,28,25,"SGP50",13.520031293711,6.47163149135187,1
"5308",5,28,26,"SGP50",4.31478399011596,3.9022130353006,0.3885
"5309",5,28,27,"SGP50",1.88639257411415,2.94816585113203,0.438
"5310",5,28,28,"SGP50",4.96469870613558,3.48171020701103,0.923
"5311",5,28,29,"SGP50",5.94283307460201,3.68290439797985,0.9355
"5312",5,28,30,"SGP50",2.06319279517839,2.88416018204322,0.5885
"5313",5,28,31,"SGP50",1.87067429832951,2.95342076910408,0.3985
"5314",5,28,32,"SGP50",5.289606695474,3.63537371312333,0.9125
"5315",5,28,33,"SGP50",2.45920393281374,3.14584901162851,0.2875
"5316",5,28,34,"SGP50",2.25935333419457,2.78463859278421,0.7325
"5317",5,28,35,"SGP50",1.5853988373923,2.6952480424086,0.609
"5318",5,28,36,"SGP50",8.85736797901475,4.95048971337356,0.0615
"5319",5,28,37,"SGP50",3.9453853324933,3.33759787743769,0.1375
"5320",5,28,38,"SGP50",2.61950534891743,3.08240086610847,0.77
"5321",5,29,1,"BMA",7.34055149799073,4.49190972064491,0.9055
"5322",5,29,2,"BMA",2.70342825332261,3.28454678684775,0.639
"5323",5,29,3,"BMA",2.27532359812367,3.2138496049986,0.4645
"5324",5,29,4,"BMA",2.16071578750071,3.07540450772414,0.5535
"5325",5,29,5,"BMA",8.9220017615851,4.62289106572721,0.955
"5326",5,29,6,"BMA",17.9947197082442,5.44777836322823,0.984
"5327",5,29,7,"BMA",24.6203525783975,6.30269814766037,0.991
"5328",5,29,8,"BMA",4.22170507702559,3.85157590211637,0.5025
"5329",5,29,9,"BMA",3.98340048064103,3.66937393729367,0.36
"5330",5,29,10,"BMA",7.02728247229662,3.97988407478062,0.225
"5331",5,29,11,"BMA",7.08551562949658,3.90828843412666,0.7445
"5332",5,29,12,"BMA",6.10422065279784,3.86169596896046,0.6745
"5333",5,29,13,"BMA",6.22215151885198,3.87701909085936,0.673
"5334",5,29,14,"BMA",4.06988009772817,3.74160653625459,0.5025
"5335",5,29,15,"BMA",4.89960765603737,3.97628169407033,0.3135
"5336",5,29,16,"BMA",4.7168790652353,3.87752600681706,0.4225
"5337",5,29,17,"BMA",3.72260745129178,3.57577923230002,0.393
"5338",5,29,18,"BMA",2.67676796773428,3.37732845346038,0.552
"5339",5,29,19,"BMA",4.8854867079539,3.5383143046123,0.2015
"5340",5,29,20,"BMA",2.34645620906315,3.13035516156047,0.6
"5341",5,29,21,"BMA",2.49209765755696,3.12627730382678,0.708
"5342",5,29,22,"BMA",2.78621628178923,3.124446956856,0.7445
"5343",5,29,23,"BMA",1.44879780668719,2.68037621950244,0.4445
"5344",5,29,24,"BMA",3.61800342355365,3.21939678686644,0.1315
"5345",5,29,25,"BMA",2.54868272890534,2.91345425311283,0.1875
"5346",5,29,26,"BMA",1.77584574126038,2.65097142768041,0.2325
"5347",5,29,27,"BMA",1.49055103088312,2.55779269237496,0.737
"5348",5,29,28,"BMA",4.76765286498223,3.92956055097484,0.964
"5349",5,29,29,"BMA",3.84931116102677,3.37993671837336,0.9335
"5350",5,29,30,"BMA",3.45261663559998,3.35042397861145,0.923
"5351",5,29,31,"BMA",0.825598799022358,2.12120840073575,0.537
"5352",5,29,32,"BMA",1.9246501476455,2.42243277574683,0.1815
"5353",5,29,33,"BMA",1.31904573615007,2.2011958526531,0.2325
"5354",5,29,34,"BMA",1.01317533459702,2.0615793193952,0.285
"5355",5,29,35,"BMA",3.22568948255052,3.42951097951888,0.033
"5356",5,29,36,"BMA",6.68544963145492,9.40485169396532,5e-04
"5357",5,29,37,"BMA",3.15396288666112,3.90682683231335,0.1825
"5358",5,29,38,"BMA",1.22639012439752,2.82269898921269,0.5
"5359",5,29,1,"AVS",7.34055149799073,4.15837412675186,0.882
"5360",5,29,2,"AVS",2.33080814422428,3.2150174409683,0.578
"5361",5,29,3,"AVS",2.24374136210414,3.22559340089082,0.507
"5362",5,29,4,"AVS",2.45262082578907,3.28880899372785,0.5685
"5363",5,29,5,"AVS",10.8651475002459,4.51560368929491,0.937
"5364",5,29,6,"AVS",23.0411912210537,6.08341004869572,0.996
"5365",5,29,7,"AVS",11.2798480677109,4.7024826728193,0.9755
"5366",5,29,8,"AVS",20.1132083398785,8.85210388464725,0
"5367",5,29,9,"AVS",3.80229101166893,3.65653273310546,0.3885
"5368",5,29,10,"AVS",6.63833509331291,3.87940902216066,0.21
"5369",5,29,11,"AVS",5.45012229809056,3.74834578367523,0.7765
"5370",5,29,12,"AVS",4.66675438041305,3.57012497533403,0.192
"5371",5,29,13,"AVS",6.83180092254554,3.85493259566004,0.1055
"5372",5,29,14,"AVS",11.8704065307844,4.75438011256037,0.0475
"5373",5,29,15,"AVS",4.89119363750199,3.85148578697807,0.314
"5374",5,29,16,"AVS",4.69402774841991,3.84247621200683,0.3825
"5375",5,29,17,"AVS",3.74445856539671,3.54788077761473,0.377
"5376",5,29,18,"AVS",2.64887921785446,3.33779553193002,0.5605
"5377",5,29,19,"AVS",4.99252221252926,3.6127664778923,0.194
"5378",5,29,20,"AVS",2.34739912396386,3.12334695050587,0.592
"5379",5,29,21,"AVS",2.49449023966168,3.17675173502373,0.707
"5380",5,29,22,"AVS",2.79659245663027,3.09139891582662,0.7535
"5381",5,29,23,"AVS",1.44128025625793,2.6906922757275,0.46
"5382",5,29,24,"AVS",3.62615922950768,3.31122162201144,0.12
"5383",5,29,25,"AVS",2.56594637773447,2.80738008386052,0.1725
"5384",5,29,26,"AVS",1.78026108738331,2.57412673890323,0.2425
"5385",5,29,27,"AVS",1.48791130089835,2.54273601285307,0.7415
"5386",5,29,28,"AVS",4.77454957884456,3.82382228333889,0.9525
"5387",5,29,29,"AVS",3.86948026951518,3.45157076742698,0.9325
"5388",5,29,30,"AVS",3.47380750948565,3.24125989797216,0.9125
"5389",5,29,31,"AVS",0.823106753136335,2.16522289223269,0.534
"5390",5,29,32,"AVS",1.92421471432244,2.50132078878808,0.169
"5391",5,29,33,"AVS",1.32056435354574,2.23890390599904,0.224
"5392",5,29,34,"AVS",1.0134082273168,2.04747023499523,0.2815
"5393",5,29,35,"AVS",3.22648908264673,3.25327061383483,0.0325
"5394",5,29,36,"AVS",6.69007306329718,10.2094248107876,0
"5395",5,29,37,"AVS",5.19331955819823,5.8265383913842,0.002
"5396",5,29,38,"AVS",2.83514412087474,3.44902430851562,0.0745
"5397",5,29,1,"EQW",7.34055149799073,4.29545096013447,0.893
"5398",5,29,2,"EQW",3.51009352631085,3.48242899801795,0.744
"5399",5,29,3,"EQW",2.00019593894271,3.00982128414301,0.4785
"5400",5,29,4,"EQW",2.00623636648276,2.98406048006089,0.562
"5401",5,29,5,"EQW",8.22308279388101,4.52000639326844,0.911
"5402",5,29,6,"EQW",15.9211789285745,5.6482081599961,0.9835
"5403",5,29,7,"EQW",20.5378998767496,5.27550271207445,0.9895
"5404",5,29,8,"EQW",6.90086525681863,4.37801183501043,0.5805
"5405",5,29,9,"EQW",5.24610542963957,3.76518450085385,0.679
"5406",5,29,10,"EQW",4.25781664418947,3.82047510045625,0.4055
"5407",5,29,11,"EQW",7.94767899581077,4.03257325800316,0.8195
"5408",5,29,12,"EQW",3.97754590959756,3.73069306721097,0.5245
"5409",5,29,13,"EQW",3.84706743673748,3.71973858197838,0.4635
"5410",5,29,14,"EQW",4.80815527873611,3.74603886678531,0.3405
"5411",5,29,15,"EQW",4.78005996070786,3.70128560182908,0.2595
"5412",5,29,16,"EQW",3.87405465885189,3.57242905017785,0.35
"5413",5,29,17,"EQW",5.20487504454763,3.7146556467318,0.2475
"5414",5,29,18,"EQW",3.14901215457068,3.44202247690443,0.3935
"5415",5,29,19,"EQW",8.8534869025039,4.1184177468773,0.098
"5416",5,29,20,"EQW",3.11970104006582,3.54923638673688,0.492
"5417",5,29,21,"EQW",2.92418730314119,3.44009022906116,0.4255
"5418",5,29,22,"EQW",2.55067017998505,3.2764556686624,0.447
"5419",5,29,23,"EQW",3.93212708805678,3.2695757960561,0.2605
"5420",5,29,24,"EQW",5.2973244544113,3.52320021245725,0.171
"5421",5,29,25,"EQW",3.30728044613682,3.46499250186048,0.3365
"5422",5,29,26,"EQW",2.9217830110597,3.2914826100946,0.3155
"5423",5,29,27,"EQW",2.00308437888649,3.02082021503762,0.5595
"5424",5,29,28,"EQW",2.27299744355995,3.15848735940944,0.658
"5425",5,29,29,"EQW",2.15729455462422,3.22079223981818,0.539
"5426",5,29,30,"EQW",2.07054132752161,3.08018819157565,0.596
"5427",5,29,31,"EQW",1.87278300658302,2.83875151569122,0.39
"5428",5,29,32,"EQW",2.06186062453565,2.81093679073524,0.264
"5429",5,29,33,"EQW",1.43596635040398,2.6529224275458,0.4895
"5430",5,29,34,"EQW",1.26966764972233,2.58458578527242,0.5075
"5431",5,29,35,"EQW",2.02982121574188,2.81139064474163,0.2835
"5432",5,29,36,"EQW",3.35237606950967,3.52885523988068,0.18
"5433",5,29,37,"EQW",2.26304369180862,3.31901902148154,0.295
"5434",5,29,38,"EQW",1.67734619349301,2.96274559906525,0.3175
"5435",5,29,1,"SGP",7.34055149799073,4.3285722691565,0.9
"5436",5,29,2,"SGP",4.25065943475047,3.46277666679595,0.8155
"5437",5,29,3,"SGP",1.6811641778806,2.88764643994091,0.5745
"5438",5,29,4,"SGP",1.15246571845192,2.47178709685879,0.554
"5439",5,29,5,"SGP",8.10410442718556,5.49604177622182,0.9915
"5440",5,29,6,"SGP",13.3828797986725,7.32279099510109,0.9995
"5441",5,29,7,"SGP",8.20110031802996,4.20752493976675,0.969
"5442",5,29,8,"SGP",19.2797441174206,7.32225834584271,0.0165
"5443",5,29,9,"SGP",2.53739543661135,3.20574586226675,0.6295
"5444",5,29,10,"SGP",6.10615617596698,3.7371676607892,0.1395
"5445",5,29,11,"SGP",4.7867441959672,3.53014582495584,0.8105
"5446",5,29,12,"SGP",4.89775689880351,3.53515593844183,0.1835
"5447",5,29,13,"SGP",6.92012155343715,3.89183495768774,0.119
"5448",5,29,14,"SGP",12.5020047573644,4.80740366415957,0.03
"5449",5,29,15,"SGP",3.99708033083643,3.39268958798542,0.233
"5450",5,29,16,"SGP",2.24581456860283,3.14962235586757,0.44
"5451",5,29,17,"SGP",4.72878858842985,3.45843580004486,0.1795
"5452",5,29,18,"SGP",1.91060159106264,3.05678500963516,0.4835
"5453",5,29,19,"SGP",6.96762499039222,3.92766537858746,0.093
"5454",5,29,20,"SGP",6.54290900481242,3.84830314281728,0.8745
"5455",5,29,21,"SGP",2.75526697715916,3.18892113654491,0.6455
"5456",5,29,22,"SGP",1.92664089151641,3.00181777322734,0.5355
"5457",5,29,23,"SGP",2.71683759750328,3.14026889590323,0.3175
"5458",5,29,24,"SGP",2.18477249494534,3.13503506701914,0.3605
"5459",5,29,25,"SGP",4.11592854405509,3.35039633049258,0.7765
"5460",5,29,26,"SGP",2.60303966089082,3.17564030809049,0.666
"5461",5,29,27,"SGP",3.82549382138606,3.30439341204372,0.795
"5462",5,29,28,"SGP",1.73335950790498,2.98347948709921,0.488
"5463",5,29,29,"SGP",3.97519652508489,3.28953219632621,0.1675
"5464",5,29,30,"SGP",2.62391811861592,2.99656556235221,0.2935
"5465",5,29,31,"SGP",3.88952409284224,3.27599425564873,0.1875
"5466",5,29,32,"SGP",2.72308408679169,3.11361976849491,0.253
"5467",5,29,33,"SGP",2.6533155437921,2.95553959426675,0.71
"5468",5,29,34,"SGP",1.79101068058884,3.00948927427975,0.581
"5469",5,29,35,"SGP",1.92914816187164,2.96538442966171,0.3525
"5470",5,29,36,"SGP",1.82112716957357,2.82577369456579,0.398
"5471",5,29,37,"SGP",1.35008321386756,3.08689480781604,0.6765
"5472",5,29,38,"SGP",1.32588976005877,3.05158179827857,0.6415
"5473",5,29,1,"SGP50",7.34055149799073,4.32605972924676,0.8835
"5474",5,29,2,"SGP50",3.5303859162155,3.39241417469163,0.714
"5475",5,29,3,"SGP50",1.97432573447757,3.10221363786828,0.5025
"5476",5,29,4,"SGP50",1.96805056846899,2.99940307998393,0.559
"5477",5,29,5,"SGP50",8.36135871210937,4.41156709433673,0.93
"5478",5,29,6,"SGP50",15.8142929077999,5.93294637694344,0.9895
"5479",5,29,7,"SGP50",18.9661238789916,5.08700937138622,0.988
"5480",5,29,8,"SGP50",6.83316618352459,4.44534075432345,0.5125
"5481",5,29,9,"SGP50",4.54593807383785,3.61195768646093,0.652
"5482",5,29,10,"SGP50",4.37199821233724,3.8209466785983,0.3555
"5483",5,29,11,"SGP50",7.20219982010284,3.91306868822735,0.8295
"5484",5,29,12,"SGP50",3.63809138170597,3.68489795021804,0.43
"5485",5,29,13,"SGP50",4.08961402414885,3.68812580313494,0.357
"5486",5,29,14,"SGP50",6.56649820894756,4.10644395938249,0.2315
"5487",5,29,15,"SGP50",4.72309072768734,3.61932875315949,0.235
"5488",5,29,16,"SGP50",3.38600472417665,3.4221486885401,0.3485
"5489",5,29,17,"SGP50",5.32446876339082,3.62384606723804,0.2085
"5490",5,29,18,"SGP50",2.79252866056466,3.32976201015803,0.3945
"5491",5,29,19,"SGP50",8.46573325173603,4.16800495518975,0.0955
"5492",5,29,20,"SGP50",3.62532034956157,3.70733698813281,0.6535
"5493",5,29,21,"SGP50",2.64962801698677,3.34237995746057,0.514
"5494",5,29,22,"SGP50",2.32207276392862,3.28610781640069,0.478
"5495",5,29,23,"SGP50",3.4323213340796,3.23232338931738,0.296
"5496",5,29,24,"SGP50",3.75691072411369,3.45122064355659,0.242
"5497",5,29,25,"SGP50",2.71934524197582,3.42121656393544,0.503
"5498",5,29,26,"SGP50",2.31607831798301,3.21838920456723,0.467
"5499",5,29,27,"SGP50",2.47663503945858,3.19456786870866,0.6625
"5500",5,29,28,"SGP50",2.05812809621165,3.11102983624965,0.612
"5501",5,29,29,"SGP50",2.42337115054612,3.28846048742646,0.4105
"5502",5,29,30,"SGP50",2.00303515420756,3.18569470178572,0.4865
"5503",5,29,31,"SGP50",2.34169266726962,2.8833577568352,0.3295
"5504",5,29,32,"SGP50",2.23942107683801,2.84931161426672,0.2675
"5505",5,29,33,"SGP50",1.6006602887766,2.73052768058432,0.533
"5506",5,29,34,"SGP50",1.32039514310517,2.66463882545421,0.489
"5507",5,29,35,"SGP50",2.04207181200997,2.78185812917511,0.296
"5508",5,29,36,"SGP50",3.06216122588023,3.35086400702717,0.206
"5509",5,29,37,"SGP50",1.94123110175211,3.22619172484894,0.364
"5510",5,29,38,"SGP50",1.51674234543755,2.9567120601117,0.355
"5511",5,30,1,"BMA",2.82788997124996,3.21137294166429,0.813
"5512",5,30,2,"BMA",1.82707501620325,2.69428639184254,0.2815
"5513",5,30,3,"BMA",9.3704352857371,5.18586973080056,0.966
"5514",5,30,4,"BMA",3.48220176877888,3.40717081603391,0.733
"5515",5,30,5,"BMA",4.12781522104116,3.49180784581223,0.7715
"5516",5,30,6,"BMA",3.33651834320244,3.24420261718699,0.2805
"5517",5,30,7,"BMA",2.11252566924426,3.03275564261158,0.552
"5518",5,30,8,"BMA",3.84155861906109,3.33757582855277,0.774
"5519",5,30,9,"BMA",3.33157745103711,3.29582111346325,0.7005
"5520",5,30,10,"BMA",2.67251574738545,3.25219997614278,0.335
"5521",5,30,11,"BMA",3.11416821428245,3.26240521342144,0.7145
"5522",5,30,12,"BMA",2.28018276133088,3.08545881604959,0.391
"5523",5,30,13,"BMA",2.25814652995589,3.05600519804981,0.344
"5524",5,30,14,"BMA",1.72345525958752,2.87662570103522,0.434
"5525",5,30,15,"BMA",2.59835313108426,2.92697114717353,0.2315
"5526",5,30,16,"BMA",4.03714021520954,3.40041895487306,0.826
"5527",5,30,17,"BMA",8.5045045660769,4.61859699690444,0.962
"5528",5,30,18,"BMA",4.81045869838604,3.58121748711616,0.8315
"5529",5,30,19,"BMA",1.87502714478629,2.91070522662733,0.572
"5530",5,30,20,"BMA",1.79015654185359,2.73592361063996,0.685
"5531",5,30,21,"BMA",3.86872196732668,3.34768094218387,0.8725
"5532",5,30,22,"BMA",2.37530832957664,2.91762254462536,0.23
"5533",5,30,23,"BMA",1.22401351164434,2.61585446083873,0.51
"5534",5,30,24,"BMA",1.29674612260713,2.63450114671693,0.5555
"5535",5,30,25,"BMA",5.46449136487229,3.77135679006296,0.0585
"5536",5,30,26,"BMA",1.63056189417934,2.73219591773363,0.324
"5537",5,30,27,"BMA",1.26399400895237,2.58718046578508,0.5785
"5538",5,30,28,"BMA",2.3720543737642,2.83294659593164,0.209
"5539",5,30,29,"BMA",1.38871046843521,2.5724090846282,0.6345
"5540",5,30,30,"BMA",1.20554251134901,2.5334134380525,0.5085
"5541",5,30,31,"BMA",1.74788894565505,2.66866412711427,0.2865
"5542",5,30,32,"BMA",1.7807033262644,2.66660612636519,0.7135
"5543",5,30,33,"BMA",4.65853953944827,3.41663246276483,0.078
"5544",5,30,34,"BMA",4.3489150841562,3.39833604121888,0.91
"5545",5,30,35,"BMA",1.72511142873505,2.71538765548784,0.6955
"5546",5,30,36,"BMA",4.11681562924803,3.31629160598524,0.1035
"5547",5,30,37,"BMA",2.44948535875641,2.87713742980489,0.211
"5548",5,30,38,"BMA",5.0518780217415,3.63109398396779,0.062
"5549",5,30,1,"AVS",2.82788997124996,3.15042652075367,0.804
"5550",5,30,2,"AVS",2.41880227923866,2.80568724080667,0.228
"5551",5,30,3,"AVS",9.96014858792151,5.66064812309014,0.9745
"5552",5,30,4,"AVS",3.23561327503232,3.28691677944374,0.736
"5553",5,30,5,"AVS",4.2460561741767,3.55491853164038,0.771
"5554",5,30,6,"AVS",3.0752105417912,3.30884758298299,0.2945
"5555",5,30,7,"AVS",2.11113627536387,3.05457551386205,0.559
"5556",5,30,8,"AVS",3.8022216672435,3.35477533346571,0.7615
"5557",5,30,9,"AVS",3.3491027209373,3.32960374763109,0.727
"5558",5,30,10,"AVS",2.65376136224183,3.25809080066057,0.3575
"5559",5,30,11,"AVS",3.06333892400109,3.33942313203668,0.7185
"5560",5,30,12,"AVS",2.27181802457307,3.06792383125598,0.404
"5561",5,30,13,"AVS",2.25359673011447,3.11124480079336,0.3385
"5562",5,30,14,"AVS",1.70248893515349,2.95853488622337,0.4435
"5563",5,30,15,"AVS",2.46142320036553,2.95003080073889,0.245
"5564",5,30,16,"AVS",4.05033835519479,3.48863152587813,0.837
"5565",5,30,17,"AVS",9.08064439734272,4.9383317296797,0.98
"5566",5,30,18,"AVS",6.15345593077818,3.91165257574171,0.858
"5567",5,30,19,"AVS",1.33834272964362,2.68733016349918,0.43
"5568",5,30,20,"AVS",1.52518457490346,2.66003672111564,0.638
"5569",5,30,21,"AVS",3.67409676779916,3.33987570764313,0.871
"5570",5,30,22,"AVS",2.46381199682689,2.94435936732226,0.2285
"5571",5,30,23,"AVS",1.20911271073689,2.5814082799146,0.4955
"5572",5,30,24,"AVS",1.27749388777702,2.55310757901018,0.565
"5573",5,30,25,"AVS",5.52987039382768,3.90077848048937,0.049
"5574",5,30,26,"AVS",1.57389452675804,2.70674988663808,0.33
"5575",5,30,27,"AVS",1.26761449299219,2.63477079805147,0.56
"5576",5,30,28,"AVS",2.33240025570651,2.79253485037379,0.2265
"5577",5,30,29,"AVS",1.40504191525008,2.58022712012281,0.6555
"5578",5,30,30,"AVS",1.20759619304461,2.53038450790861,0.497
"5579",5,30,31,"AVS",1.74272369009723,2.72134392953337,0.294
"5580",5,30,32,"AVS",1.79953970076655,2.67592263186541,0.7165
"5581",5,30,33,"AVS",4.70687817368902,3.44408005038648,0.076
"5582",5,30,34,"AVS",4.5009414109843,3.62474995382374,0.925
"5583",5,30,35,"AVS",1.61066711677553,2.73435191563568,0.682
"5584",5,30,36,"AVS",4.40232389856744,3.42776433592535,0.077
"5585",5,30,37,"AVS",2.38333722728709,2.86913848538112,0.2135
"5586",5,30,38,"AVS",4.64398906768849,3.39086917047308,0.079
"5587",5,30,1,"EQW",2.82788997124996,3.16594147014015,0.798
"5588",5,30,2,"EQW",1.4074519509599,2.68795970916642,0.4445
"5589",5,30,3,"EQW",9.23315488786681,4.95677433552643,0.953
"5590",5,30,4,"EQW",3.24199783256685,3.14600056606689,0.789
"5591",5,30,5,"EQW",3.91797002688368,3.49276623130654,0.808
"5592",5,30,6,"EQW",4.04107967226687,3.28929333323919,0.1915
"5593",5,30,7,"EQW",2.57382936319445,3.11843738729901,0.696
"5594",5,30,8,"EQW",4.1984071008932,3.43028566367274,0.8225
"5595",5,30,9,"EQW",2.32162104263992,2.9990976425163,0.6625
"5596",5,30,10,"EQW",3.54606711607618,3.3416093184059,0.229
"5597",5,30,11,"EQW",3.4839347016949,3.26526994975851,0.7735
"5598",5,30,12,"EQW",3.00745175942324,3.20476071211097,0.263
"5599",5,30,13,"EQW",2.28560636214357,3.01573541137605,0.292
"5600",5,30,14,"EQW",1.74048763174405,2.91984668438429,0.387
"5601",5,30,15,"EQW",3.70437172030515,3.17561684298051,0.1705
"5602",5,30,16,"EQW",3.80311713650377,3.26255486512128,0.824
"5603",5,30,17,"EQW",4.40457619341469,3.33145273866171,0.8425
"5604",5,30,18,"EQW",2.52375117116982,3.10068240664722,0.6685
"5605",5,30,19,"EQW",2.27679288816218,3.00424169355326,0.644
"5606",5,30,20,"EQW",3.23612003706352,3.12819700570171,0.7715
"5607",5,30,21,"EQW",6.42603107506671,3.73799134901955,0.9355
"5608",5,30,22,"EQW",2.4616747843441,3.16847840108742,0.5645
"5609",5,30,23,"EQW",2.55252396669386,2.93454867662213,0.672
"5610",5,30,24,"EQW",2.87585102139229,2.96917616187008,0.722
"5611",5,30,25,"EQW",2.99191504775316,3.38628391623595,0.2865
"5612",5,30,26,"EQW",1.7632372583062,2.9309067858568,0.4105
"5613",5,30,27,"EQW",1.75343777313103,2.8381488679597,0.5765
"5614",5,30,28,"EQW",2.09970399206738,3.01986351128034,0.318
"5615",5,30,29,"EQW",1.84138010976076,2.8335481879067,0.6245
"5616",5,30,30,"EQW",1.66809485916953,2.78834613114589,0.5685
"5617",5,30,31,"EQW",1.67846584629022,2.89236185264554,0.419
"5618",5,30,32,"EQW",2.50274745225523,2.92161194183904,0.7575
"5619",5,30,33,"EQW",2.81217988565299,3.26722347100614,0.2785
"5620",5,30,34,"EQW",4.5938438361769,3.46899587637499,0.9015
"5621",5,30,35,"EQW",3.34734303738651,3.07884951756892,0.791
"5622",5,30,36,"EQW",2.33834662155191,3.1469500704099,0.363
"5623",5,30,37,"EQW",1.91327195419069,3.04619047788159,0.348
"5624",5,30,38,"EQW",4.01574824841897,3.43816827855956,0.163
"5625",5,30,1,"SGP",2.82788997124996,3.12745033003404,0.7995
"5626",5,30,2,"SGP",1.26201130670143,2.59604647655537,0.441
"5627",5,30,3,"SGP",11.0809364400602,6.15937263380677,0.9875
"5628",5,30,4,"SGP",2.76324723761349,2.98501380713826,0.756
"5629",5,30,5,"SGP",4.31526449535922,3.39217647921858,0.8785
"5630",5,30,6,"SGP",3.78833925295017,3.20358745458343,0.1535
"5631",5,30,7,"SGP",3.38116389003469,3.13453390159162,0.8125
"5632",5,30,8,"SGP",4.41730610041435,3.37055920239546,0.8655
"5633",5,30,9,"SGP",1.8587209082149,2.82748013543565,0.6655
"5634",5,30,10,"SGP",4.08357153561602,3.42060031120653,0.1415
"5635",5,30,11,"SGP",3.43991097377284,3.23249676744165,0.8455
"5636",5,30,12,"SGP",3.90596960675819,3.37465639285799,0.1435
"5637",5,30,13,"SGP",2.45439744177604,2.95768970656598,0.2485
"5638",5,30,14,"SGP",1.64350140878385,2.73244593161256,0.3745
"5639",5,30,15,"SGP",4.35980316707173,3.27252735845376,0.1075
"5640",5,30,16,"SGP",3.51892241911765,3.18372774168227,0.843
"5641",5,30,17,"SGP",2.34630678978457,2.85025099965865,0.7585
"5642",5,30,18,"SGP",1.37801565528551,2.71566906063336,0.458
"5643",5,30,19,"SGP",1.3506870725447,2.70088177199019,0.4255
"5644",5,30,20,"SGP",1.57361041460325,2.69070749247781,0.665
"5645",5,30,21,"SGP",3.74570977810935,3.2186746742428,0.8725
"5646",5,30,22,"SGP",2.3732811005885,2.86425565284059,0.2305
"5647",5,30,23,"SGP",1.232234722852,2.58192988428338,0.505
"5648",5,30,24,"SGP",1.32396045882875,2.6245925524057,0.5485
"5649",5,30,25,"SGP",5.39645749394364,3.84030962091228,0.0565
"5650",5,30,26,"SGP",1.55395941901912,2.68000945771433,0.334
"5651",5,30,27,"SGP",1.30075320395978,2.6612415778793,0.5785
"5652",5,30,28,"SGP",2.32371143573573,2.85413209244213,0.208
"5653",5,30,29,"SGP",1.40411427689953,2.57725898091354,0.6385
"5654",5,30,30,"SGP",1.20215028802013,2.55835255397514,0.498
"5655",5,30,31,"SGP",1.76589712027906,2.68523786720892,0.283
"5656",5,30,32,"SGP",1.79953063972032,2.60647114772831,0.7225
"5657",5,30,33,"SGP",4.63108722064747,3.41805585533842,0.0725
"5658",5,30,34,"SGP",4.49033656711486,3.45175848025814,0.92
"5659",5,30,35,"SGP",1.62033111053797,2.64168801622364,0.6755
"5660",5,30,36,"SGP",4.37234372840476,3.41702517052067,0.082
"5661",5,30,37,"SGP",2.36855278728135,2.90087715350263,0.203
"5662",5,30,38,"SGP",4.66277220819258,3.44515528816606,0.078
"5663",5,30,1,"SGP50",2.82788997124996,3.16736326426884,0.8185
"5664",5,30,2,"SGP50",1.40053426327624,2.74298519135303,0.4545
"5665",5,30,3,"SGP50",9.36510215495241,4.81476588635587,0.9525
"5666",5,30,4,"SGP50",3.2343028219776,3.1824434306689,0.7635
"5667",5,30,5,"SGP50",3.93081625073533,3.44866072523152,0.821
"5668",5,30,6,"SGP50",4.0133931593552,3.26244525570289,0.1775
"5669",5,30,7,"SGP50",2.6343122411661,3.17632466461529,0.6905
"5670",5,30,8,"SGP50",4.21481142542184,3.31107749186069,0.823
"5671",5,30,9,"SGP50",2.23158414558898,3.02704593071623,0.6385
"5672",5,30,10,"SGP50",3.66072496969105,3.39326199808692,0.214
"5673",5,30,11,"SGP50",3.47608340730907,3.23182508663223,0.806
"5674",5,30,12,"SGP50",3.19927690574537,3.31280959339963,0.2335
"5675",5,30,13,"SGP50",2.30115973537474,2.96293319055238,0.314
"5676",5,30,14,"SGP50",1.71832592880395,2.76974186235871,0.386
"5677",5,30,15,"SGP50",3.80452990815641,3.32580482802256,0.144
"5678",5,30,16,"SGP50",3.7607815264177,3.27839658912528,0.844
"5679",5,30,17,"SGP50",4.00377512132157,3.278440519079,0.8345
"5680",5,30,18,"SGP50",2.20037558681879,3.00028830804763,0.622
"5681",5,30,19,"SGP50",1.98976547991309,2.91247808900763,0.595
"5682",5,30,20,"SGP50",2.77379289352826,2.995762316287,0.758
"5683",5,30,21,"SGP50",5.62008539268365,3.58774665659681,0.917
"5684",5,30,22,"SGP50",2.08970932432369,3.09833243372125,0.4645
"5685",5,30,23,"SGP50",1.9356460745773,2.85130346013232,0.6155
"5686",5,30,24,"SGP50",2.14898068285566,2.85248484814245,0.6665
"5687",5,30,25,"SGP50",3.65005634639741,3.5001485272337,0.1955
"5688",5,30,26,"SGP50",1.69307346373805,2.81559336934698,0.347
"5689",5,30,27,"SGP50",1.5091220587851,2.69445108407748,0.5615
"5690",5,30,28,"SGP50",2.24377869812041,2.90919050217811,0.2595
"5691",5,30,29,"SGP50",1.56489970861001,2.6780569853497,0.6155
"5692",5,30,30,"SGP50",1.36397221955278,2.63878637753575,0.533
"5693",5,30,31,"SGP50",1.68557645444742,2.80600190867714,0.336
"5694",5,30,32,"SGP50",2.02630413315213,2.80886887447199,0.7355
"5695",5,30,33,"SGP50",3.52824701488448,3.43616600950546,0.161
"5696",5,30,34,"SGP50",4.21433342113114,3.34719552870811,0.8965
"5697",5,30,35,"SGP50",2.39384226656643,2.907247920492,0.761
"5698",5,30,36,"SGP50",2.88508333554592,3.2291891283962,0.226
"5699",5,30,37,"SGP50",2.16098724964827,2.96865612934755,0.258
"5700",5,30,38,"SGP50",4.69520684547842,3.58339591706819,0.1015
"5701",5,31,1,"BMA",3.97674933754037,3.50703739622743,0.2835
"5702",5,31,2,"BMA",4.84372510966271,3.42466955960485,0.1625
"5703",5,31,3,"BMA",9.66695275682731,4.65541655385858,0.957
"5704",5,31,4,"BMA",9.91036880290634,4.47872366340571,0.947
"5705",5,31,5,"BMA",5.60502581792449,3.7743012369175,0.2135
"5706",5,31,6,"BMA",2.58630495125154,3.36079092946427,0.5455
"5707",5,31,7,"BMA",4.3209402822622,3.51777954462427,0.7765
"5708",5,31,8,"BMA",2.35375823281503,3.16561770999584,0.587
"5709",5,31,9,"BMA",3.51737726035531,3.32909073623634,0.265
"5710",5,31,10,"BMA",4.25922498409294,3.4680266867423,0.204
"5711",5,31,11,"BMA",2.24695865631791,3.13300267542042,0.405
"5712",5,31,12,"BMA",1.91508476760475,3.00658045268932,0.5515
"5713",5,31,13,"BMA",1.83891553622736,3.02441690113364,0.4615
"5714",5,31,14,"BMA",2.24466175205116,3.02749773572348,0.676
"5715",5,31,15,"BMA",5.62999731431616,3.77360857907301,0.0935
"5716",5,31,16,"BMA",2.58886553146968,3.03643138341312,0.717
"5717",5,31,17,"BMA",2.46234052832337,3.0335406297253,0.2985
"5718",5,31,18,"BMA",1.68470543394568,3.00976204451351,0.5045
"5719",5,31,19,"BMA",7.29005459729918,3.92973440480663,0.0625
"5720",5,31,20,"BMA",1.67474819047603,2.90713511722477,0.446
"5721",5,31,21,"BMA",1.5745560399968,2.83455559014954,0.485
"5722",5,31,22,"BMA",2.26890553267834,2.98330960548674,0.2965
"5723",5,31,23,"BMA",5.78130173088686,3.6862128401407,0.08
"5724",5,31,24,"BMA",1.7666647726161,2.86338268535652,0.3955
"5725",5,31,25,"BMA",1.84252874932456,2.79981711635328,0.3615
"5726",5,31,26,"BMA",2.19069080903424,3.02530327827285,0.292
"5727",5,31,27,"BMA",3.73986009985604,3.34021350964634,0.852
"5728",5,31,28,"BMA",1.45737584445572,2.83696993103618,0.498
"5729",5,31,29,"BMA",2.13511238783957,2.74469466028202,0.2585
"5730",5,31,30,"BMA",1.16963184438073,2.41557301536423,0.4085
"5731",5,31,31,"BMA",1.76615964451361,2.54636710710371,0.211
"5732",5,31,32,"BMA",2.7673213272405,3.21315406890741,0.104
"5733",5,31,33,"BMA",1.94022834936591,2.89595559978995,0.2125
"5734",5,31,34,"BMA",3.70170348238601,2.60633797000718,0.1235
"5735",5,31,35,"BMA",0.574825463816596,0.953102237267385,0.5385
"5736",5,31,36,"BMA",0.457221467140718,0.64812376908115,0.568
"5737",5,31,37,"BMA",0.412111056060668,0.718527313476251,0.5645
"5738",5,31,38,"BMA",0.42913034052287,0.680656618116043,0.579
"5739",5,31,1,"AVS",3.97674933754037,3.46411506395328,0.298
"5740",5,31,2,"AVS",4.27547750805799,3.40953376621352,0.1565
"5741",5,31,3,"AVS",10.2571097534644,4.76642999153564,0.977
"5742",5,31,4,"AVS",9.89619691545737,4.41311662093464,0.943
"5743",5,31,5,"AVS",5.62098863529978,3.70916874012347,0.1935
"5744",5,31,6,"AVS",2.64693197521937,3.34634509616516,0.4855
"5745",5,31,7,"AVS",3.95084784624495,3.48745438662344,0.741
"5746",5,31,8,"AVS",2.82721106077568,3.33088713797584,0.5995
"5747",5,31,9,"AVS",3.18186926867041,3.34045942369058,0.318
"5748",5,31,10,"AVS",4.37726995057641,3.60354756244186,0.205
"5749",5,31,11,"AVS",2.5349666180401,3.26808071653722,0.4035
"5750",5,31,12,"AVS",1.96484860052746,3.04790419487562,0.546
"5751",5,31,13,"AVS",1.80847425955364,2.93726787085056,0.4965
"5752",5,31,14,"AVS",2.20486117175945,2.97119039220984,0.6825
"5753",5,31,15,"AVS",5.77048224943561,3.73630728822899,0.105
"5754",5,31,16,"AVS",2.53562198285803,3.01257794430748,0.7055
"5755",5,31,17,"AVS",2.41635052851435,3.01576811712627,0.326
"5756",5,31,18,"AVS",1.70822302820591,2.9587363146292,0.5045
"5757",5,31,19,"AVS",7.01728628437254,3.9943846757011,0.059
"5758",5,31,20,"AVS",2.09519028854211,2.85701056457199,0.3305
"5759",5,31,21,"AVS",1.44639638028981,2.77603833901647,0.5155
"5760",5,31,22,"AVS",1.82337905938818,2.77017759478688,0.311
"5761",5,31,23,"AVS",5.83284207132699,3.98234272090745,0.05
"5762",5,31,24,"AVS",2.7577587794041,3.00655069683981,0.176
"5763",5,31,25,"AVS",2.03749992202575,2.79027321504014,0.2655
"5764",5,31,26,"AVS",2.29450810614261,2.93513551174883,0.2445
"5765",5,31,27,"AVS",3.42783538953476,3.15462260867515,0.8205
"5766",5,31,28,"AVS",1.38773484315966,2.77189084696377,0.535
"5767",5,31,29,"AVS",1.93848251239002,2.67812812777887,0.2485
"5768",5,31,30,"AVS",1.04155477032299,2.2645563321952,0.3475
"5769",5,31,31,"AVS",1.8004693107399,2.498996872997,0.169
"5770",5,31,32,"AVS",3.09091185334176,3.33619934536959,0.0495
"5771",5,31,33,"AVS",2.1448459405629,2.92362583127502,0.16
"5772",5,31,34,"AVS",3.47627486869149,2.53462636881408,0.1425
"5773",5,31,35,"AVS",0.791565108010139,1.24644839095623,0.4745
"5774",5,31,36,"AVS",0.60448726062126,1.02075571788121,0.514
"5775",5,31,37,"AVS",0.588770398916493,0.939166619362161,0.5095
"5776",5,31,38,"AVS",0.578358539574728,0.875100320704474,0.5325
"5777",5,31,1,"EQW",3.97674933754037,3.47596310595359,0.289
"5778",5,31,2,"EQW",6.39101483733441,3.7523238966283,0.137
"5779",5,31,3,"EQW",7.28572780788128,4.20614227349133,0.861
"5780",5,31,4,"EQW",10.1450737452586,4.32803748897498,0.916
"5781",5,31,5,"EQW",4.57442399766603,3.72580091245872,0.28
"5782",5,31,6,"EQW",2.89962748388561,3.40081879493594,0.568
"5783",5,31,7,"EQW",5.28601571032019,3.58557071284305,0.79
"5784",5,31,8,"EQW",3.188439695543,3.38967483121606,0.6225
"5785",5,31,9,"EQW",3.26231316926464,3.5383886464055,0.3755
"5786",5,31,10,"EQW",3.5116618724631,3.52775191959242,0.342
"5787",5,31,11,"EQW",2.50679733269117,3.2991432398428,0.487
"5788",5,31,12,"EQW",2.87093840852157,3.30688603609115,0.637
"5789",5,31,13,"EQW",2.6654568838684,3.26856993366399,0.5935
"5790",5,31,14,"EQW",4.02982566627508,3.32778511743692,0.76
"5791",5,31,15,"EQW",3.33414039802649,3.55551693707242,0.3465
"5792",5,31,16,"EQW",3.95989086365629,3.3608475115429,0.7745
"5793",5,31,17,"EQW",2.44093325020403,3.30582917785733,0.523
"5794",5,31,18,"EQW",2.65626169576838,3.12914299445683,0.6245
"5795",5,31,19,"EQW",4.30737923971171,3.69837071462814,0.245
"5796",5,31,20,"EQW",1.96797269335306,3.06294584193559,0.5205
"5797",5,31,21,"EQW",2.0939519761614,2.97093925799339,0.6055
"5798",5,31,22,"EQW",1.89244507931406,3.01099521824443,0.447
"5799",5,31,23,"EQW",4.02555371619785,3.48897333299679,0.1885
"5800",5,31,24,"EQW",1.71128990862513,2.83015531336339,0.4225
"5801",5,31,25,"EQW",1.61695725999251,2.79371510598662,0.4
"5802",5,31,26,"EQW",1.76629152073463,2.81932276199831,0.326
"5803",5,31,27,"EQW",4.24446476754581,3.41101970362155,0.877
"5804",5,31,28,"EQW",1.89245796478331,2.94377818051344,0.6325
"5805",5,31,29,"EQW",1.5285652057451,2.76055360417912,0.413
"5806",5,31,30,"EQW",1.26686768953374,2.6408755027033,0.519
"5807",5,31,31,"EQW",1.32783393800843,2.57753917102677,0.408
"5808",5,31,32,"EQW",1.62237135746078,2.59988037280407,0.313
"5809",5,31,33,"EQW",1.26033684285275,2.50111885244407,0.3555
"5810",5,31,34,"EQW",2.84239746619346,2.43151402743081,0.155
"5811",5,31,35,"EQW",0.968879027277118,1.41740266001735,0.288
"5812",5,31,36,"EQW",0.652671612209534,1.04140623421556,0.282
"5813",5,31,37,"EQW",0.485842103931449,0.727646669012643,0.2775
"5814",5,31,38,"EQW",0.387687429377138,0.500680449211661,0.2815
"5815",5,31,1,"SGP",3.97674933754037,3.43603171475164,0.29
"5816",5,31,2,"SGP",4.51023767337496,3.39730652605987,0.161
"5817",5,31,3,"SGP",10.0015571552818,4.74148737127085,0.964
"5818",5,31,4,"SGP",9.85111996910232,4.2633646124195,0.9525
"5819",5,31,5,"SGP",7.02262695264269,3.90311734443002,0.11
"5820",5,31,6,"SGP",2.54441031323701,3.23050279227146,0.621
"5821",5,31,7,"SGP",4.71203139588052,3.50933705453125,0.8325
"5822",5,31,8,"SGP",2.09145076470386,3.08832160737516,0.535
"5823",5,31,9,"SGP",4.05651456124397,3.48447223955096,0.2005
"5824",5,31,10,"SGP",4.19730870966957,3.35111378853785,0.2045
"5825",5,31,11,"SGP",2.0836873959312,3.03037085696623,0.3905
"5826",5,31,12,"SGP",1.83025063289319,2.98577670855372,0.551
"5827",5,31,13,"SGP",1.82733926696831,3.0319199955284,0.48
"5828",5,31,14,"SGP",2.21822675639107,2.99101627142311,0.6795
"5829",5,31,15,"SGP",5.70318903550826,3.76425394381268,0.092
"5830",5,31,16,"SGP",2.62926786941427,2.98322100319605,0.7
"5831",5,31,17,"SGP",2.50358799064024,2.95921580456665,0.3095
"5832",5,31,18,"SGP",1.68587250896514,2.95527391212294,0.4945
"5833",5,31,19,"SGP",7.40002185912209,4.10301789274876,0.055
"5834",5,31,20,"SGP",1.64312281978617,2.90192108994989,0.4865
"5835",5,31,21,"SGP",1.62383119189928,2.85420376695649,0.515
"5836",5,31,22,"SGP",2.40218739539729,3.01889429654098,0.2865
"5837",5,31,23,"SGP",5.73831275188946,3.71739830036472,0.096
"5838",5,31,24,"SGP",1.65407701615334,2.85656920839097,0.4405
"5839",5,31,25,"SGP",1.78357581406782,2.89205116401204,0.377
"5840",5,31,26,"SGP",2.14948260497308,2.97993394722608,0.3105
"5841",5,31,27,"SGP",3.9900693991629,3.34740598432055,0.843
"5842",5,31,28,"SGP",1.66499558508042,2.7925097657434,0.4145
"5843",5,31,29,"SGP",2.73650191110997,3.11554583315503,0.2235
"5844",5,31,30,"SGP",1.52434093532809,2.77207328575482,0.4455
"5845",5,31,31,"SGP",1.89080105129471,2.86643242480534,0.3375
"5846",5,31,32,"SGP",1.88237786698466,2.8183200000399,0.3415
"5847",5,31,33,"SGP",1.38968946769284,2.71252605498976,0.453
"5848",5,31,34,"SGP",1.99620379716041,1.99654186230811,0.285
"5849",5,31,35,"SGP",0.425995054515703,0.670050087559335,0.578
"5850",5,31,36,"SGP",0.429116633423923,0.662089981967629,0.5885
"5851",5,31,37,"SGP",0.391067206340021,0.658722363283459,0.5615
"5852",5,31,38,"SGP",0.418324473653636,0.626885199797425,0.576
"5853",5,31,1,"SGP50",3.97674933754037,3.4930745411605,0.315
"5854",5,31,2,"SGP50",6.25539897614706,3.68916357378879,0.16
"5855",5,31,3,"SGP50",7.53866243680553,4.26944366600278,0.8645
"5856",5,31,4,"SGP50",10.0957141068455,4.24799316147211,0.915
"5857",5,31,5,"SGP50",4.81476326107355,3.72028866654113,0.251
"5858",5,31,6,"SGP50",2.82794583213744,3.36160040858685,0.591
"5859",5,31,7,"SGP50",5.11501170781782,3.61545291237062,0.7895
"5860",5,31,8,"SGP50",2.834915551771,3.34589474664036,0.574
"5861",5,31,9,"SGP50",3.39319737522286,3.49344821058681,0.321
"5862",5,31,10,"SGP50",3.69103347495043,3.55875173810398,0.272
"5863",5,31,11,"SGP50",2.36545160470644,3.26695103365096,0.4495
"5864",5,31,12,"SGP50",2.47154976740088,3.19016859647538,0.618
"5865",5,31,13,"SGP50",2.26962409949674,3.23108535139444,0.5445
"5866",5,31,14,"SGP50",3.2440247916105,3.23130719170634,0.7085
"5867",5,31,15,"SGP50",3.95067288499078,3.65978778697866,0.2335
"5868",5,31,16,"SGP50",3.30786636229904,3.21578377818769,0.751
"5869",5,31,17,"SGP50",2.22936249172325,3.14237786447129,0.4275
"5870",5,31,18,"SGP50",2.02664010583014,3.01548801478991,0.5855
"5871",5,31,19,"SGP50",5.51110894225239,3.84518770117758,0.1395
"5872",5,31,20,"SGP50",1.80590909441141,3.00545213713091,0.489
"5873",5,31,21,"SGP50",1.75933544857435,2.84616030166265,0.575
"5874",5,31,22,"SGP50",1.96870901234596,2.8907989586094,0.372
"5875",5,31,23,"SGP50",4.84820891906905,3.67044332726572,0.123
"5876",5,31,24,"SGP50",1.74726722262543,2.94857237762711,0.4105
"5877",5,31,25,"SGP50",1.73082660253729,2.83910369692554,0.358
"5878",5,31,26,"SGP50",1.95750071529973,2.82767360939914,0.326
"5879",5,31,27,"SGP50",4.16228580459489,3.4137273411231,0.863
"5880",5,31,28,"SGP50",1.62860056383673,2.86472449976115,0.577
"5881",5,31,29,"SGP50",1.78710628006559,2.77680059229806,0.338
"5882",5,31,30,"SGP50",1.28433981417466,2.62517773360149,0.4965
"5883",5,31,31,"SGP50",1.49327823619541,2.67389390322549,0.3655
"5884",5,31,32,"SGP50",1.76633615254641,2.7138957061894,0.2865
"5885",5,31,33,"SGP50",1.3392507599491,2.56046430600639,0.3705
"5886",5,31,34,"SGP50",2.70915114522375,2.30870642580478,0.176
"5887",5,31,35,"SGP50",0.871539303880846,1.31526912630813,0.339
"5888",5,31,36,"SGP50",0.623864288803475,0.980896805451053,0.3565
"5889",5,31,37,"SGP50",0.48699483496963,0.723864955940517,0.317
"5890",5,31,38,"SGP50",0.408867805138438,0.50531365569532,0.3455
"5891",5,32,1,"BMA",2.83936261550455,3.19128414957426,0.825
"5892",5,32,2,"BMA",1.72164014577547,2.67407375787314,0.711
"5893",5,32,3,"BMA",6.53488949172626,4.22711607156112,0.944
"5894",5,32,4,"BMA",9.2378975635488,4.63554946192688,0.948
"5895",5,32,5,"BMA",9.73211452291374,4.36096537220805,0.909
"5896",5,32,6,"BMA",4.01797182713709,3.81436055873609,0.596
"5897",5,32,7,"BMA",14.2808206529978,4.68932271635026,0.9445
"5898",5,32,8,"BMA",6.62909639812452,3.97341053352101,0.7705
"5899",5,32,9,"BMA",3.96335000033684,3.63322468415381,0.6015
"5900",5,32,10,"BMA",6.7377168601312,3.84946375867597,0.8
"5901",5,32,11,"BMA",9.75696497636407,4.1868381740133,0.8645
"5902",5,32,12,"BMA",4.22380945879687,3.74664727734699,0.432
"5903",5,32,13,"BMA",16.0714329943242,4.64634972883708,0.9395
"5904",5,32,14,"BMA",17.4045051736712,5.12565344292636,0.963
"5905",5,32,15,"BMA",7.23923162967423,3.9687926073919,0.832
"5906",5,32,16,"BMA",21.2903829096634,6.09763676276595,0.9885
"5907",5,32,17,"BMA",6.65440783877846,3.86510018775629,0.801
"5908",5,32,18,"BMA",2.73404455755434,3.41299419852048,0.4985
"5909",5,32,19,"BMA",10.6908342675345,4.31239813593967,0.09
"5910",5,32,20,"BMA",7.43632139370786,3.88454393791478,0.145
"5911",5,32,21,"BMA",4.50816566032991,3.51607469070438,0.2455
"5912",5,32,22,"BMA",4.39644206456507,3.53387259174287,0.2365
"5913",5,32,23,"BMA",4.27904557051389,3.47572203835295,0.222
"5914",5,32,24,"BMA",2.49612724214893,3.17571670099679,0.3785
"5915",5,32,25,"BMA",2.91043611043197,3.29714215028036,0.272
"5916",5,32,26,"BMA",4.07284509856403,3.48865618502468,0.8185
"5917",5,32,27,"BMA",4.0223359264928,3.35159217704059,0.829
"5918",5,32,28,"BMA",3.09821312156368,3.1871358104491,0.794
"5919",5,32,29,"BMA",3.92857452181094,3.31382645707607,0.8605
"5920",5,32,30,"BMA",3.34023405686076,3.18559965870425,0.823
"5921",5,32,31,"BMA",2.737660106865,3.00755074352212,0.784
"5922",5,32,32,"BMA",2.78434153056958,2.99302009769919,0.814
"5923",5,32,33,"BMA",1.12026621702825,2.50022350793535,0.454
"5924",5,32,34,"BMA",1.22519993087021,2.57858806035816,0.601
"5925",5,32,35,"BMA",3.23696091071056,3.25220823320478,0.8695
"5926",5,32,36,"BMA",2.03573454880542,2.80240876143438,0.8
"5927",5,32,37,"BMA",1.33785473049672,2.49552427579445,0.7015
"5928",5,32,38,"BMA",2.28670849872798,2.83221799986718,0.84
"5929",5,32,1,"AVS",2.83936261550455,3.25074219692997,0.8485
"5930",5,32,2,"AVS",1.4286916502892,2.63198941263688,0.6425
"5931",5,32,3,"AVS",5.20730371573633,3.86196326709304,0.9015
"5932",5,32,4,"AVS",9.48931250866102,4.5646294534863,0.954
"5933",5,32,5,"AVS",11.1256164790913,4.58049577643551,0.961
"5934",5,32,6,"AVS",5.11069552360895,4.7186668310088,0.012
"5935",5,32,7,"AVS",16.6106546204409,8.2067955924729,0.999
"5936",5,32,8,"AVS",4.12707325302831,3.75687952306778,0.618
"5937",5,32,9,"AVS",3.2211936315182,3.43805175614381,0.5395
"5938",5,32,10,"AVS",4.07927885618534,3.34035780478194,0.758
"5939",5,32,11,"AVS",1.49717487441768,2.78385605832923,0.5075
"5940",5,32,12,"AVS",17.649509879438,7.90888782485137,0.0015
"5941",5,32,13,"AVS",15.220206746429,4.71825131367916,0.944
"5942",5,32,14,"AVS",2.74379213961735,3.21364934239877,0.557
"5943",5,32,15,"AVS",9.11471077076952,4.36037227153346,0.035
"5944",5,32,16,"AVS",6.3491128511097,3.81563857420572,0.888
"5945",5,32,17,"AVS",12.298811191781,4.8258638514376,0.0195
"5946",5,32,18,"AVS",14.8423270451335,5.54357447171442,0.0105
"5947",5,32,19,"AVS",22.5683842199675,7.03063213476134,0.002
"5948",5,32,20,"AVS",4.6924900966263,3.57374109255347,0.237
"5949",5,32,21,"AVS",2.43363423865081,3.29479216818485,0.578
"5950",5,32,22,"AVS",3.4406436753984,3.28020657645502,0.279
"5951",5,32,23,"AVS",2.25041160471007,3.18398912469648,0.463
"5952",5,32,24,"AVS",3.08557466785508,3.27302394116099,0.6985
"5953",5,32,25,"AVS",2.42277958060167,3.2147189543804,0.4175
"5954",5,32,26,"AVS",7.49835029665262,4.00298438503911,0.912
"5955",5,32,27,"AVS",2.27934561796107,3.144045250756,0.4275
"5956",5,32,28,"AVS",2.13569161216145,3.15615124042776,0.4385
"5957",5,32,29,"AVS",2.40065147738753,3.19991414392136,0.581
"5958",5,32,30,"AVS",2.05576927727568,3.02132510126134,0.467
"5959",5,32,31,"AVS",2.12562052475829,3.0963699312631,0.53
"5960",5,32,32,"AVS",2.04205342649959,2.9748657473339,0.5555
"5961",5,32,33,"AVS",2.82985571296689,3.22289535120485,0.292
"5962",5,32,34,"AVS",3.6050648134597,3.2641678763527,0.7615
"5963",5,32,35,"AVS",3.06200893863461,3.22331008347511,0.7385
"5964",5,32,36,"AVS",2.219300427602,3.02945153078815,0.3765
"5965",5,32,37,"AVS",1.95440948544031,3.07168198737478,0.482
"5966",5,32,38,"AVS",2.19330888564978,3.01568160403742,0.639
"5967",5,32,1,"EQW",2.83936261550455,3.14138009695316,0.836
"5968",5,32,2,"EQW",2.96800542469548,3.1076556393378,0.8145
"5969",5,32,3,"EQW",6.16574812275089,4.51984708615951,0.946
"5970",5,32,4,"EQW",5.87945376527779,3.58362497564099,0.8955
"5971",5,32,5,"EQW",4.37845837511232,3.28419954932357,0.7445
"5972",5,32,6,"EQW",3.04917664818373,3.60130034840258,0.4715
"5973",5,32,7,"EQW",16.0789204506384,5.32800582804027,0.9675
"5974",5,32,8,"EQW",6.6263603871452,4.04602991457727,0.6965
"5975",5,32,9,"EQW",5.09924888772622,3.66353770574873,0.6985
"5976",5,32,10,"EQW",7.35011559986309,3.75757033299408,0.8425
"5977",5,32,11,"EQW",6.7874852036528,3.73129594690263,0.809
"5978",5,32,12,"EQW",5.7412094808179,3.90874397593554,0.298
"5979",5,32,13,"EQW",9.31992372954417,4.17799893073475,0.853
"5980",5,32,14,"EQW",5.89001048058795,3.68721713534036,0.75
"5981",5,32,15,"EQW",3.74512483765719,3.75248313907974,0.477
"5982",5,32,16,"EQW",13.3594579201866,4.59635279043048,0.955
"5983",5,32,17,"EQW",4.42757911831662,3.95152897235908,0.506
"5984",5,32,18,"EQW",5.23981585166607,3.78764436512146,0.281
"5985",5,32,19,"EQW",14.1828019936976,4.66413552997971,0.054
"5986",5,32,20,"EQW",5.90446229714734,3.74868392233472,0.2255
"5987",5,32,21,"EQW",3.60206203713308,3.48227676681634,0.3535
"5988",5,32,22,"EQW",4.34604108071622,3.51275757755019,0.2705
"5989",5,32,23,"EQW",3.62314766738836,3.45697691602144,0.3235
"5990",5,32,24,"EQW",2.61771102843805,3.33564767347572,0.4705
"5991",5,32,25,"EQW",3.01268592206036,3.32700711033285,0.365
"5992",5,32,26,"EQW",4.85449251718274,3.67138441975586,0.7885
"5993",5,32,27,"EQW",2.99608413859132,3.49360144546097,0.5885
"5994",5,32,28,"EQW",2.66680207536108,3.40990191598716,0.597
"5995",5,32,29,"EQW",3.06688791311466,3.41439722771775,0.6815
"5996",5,32,30,"EQW",2.4345729356006,3.25941136361061,0.569
"5997",5,32,31,"EQW",2.30150019514724,3.25949966384751,0.6005
"5998",5,32,32,"EQW",2.19521075465533,3.1612895752222,0.623
"5999",5,32,33,"EQW",2.31571010410974,2.98587534341332,0.3465
"6000",5,32,34,"EQW",1.84194576028407,2.86299852500315,0.602
"6001",5,32,35,"EQW",2.61347565864792,3.21188143732588,0.7315
"6002",5,32,36,"EQW",1.72919277098642,2.94720730632411,0.5295
"6003",5,32,37,"EQW",1.47416312294866,2.76672700772979,0.527
"6004",5,32,38,"EQW",1.77174214642246,2.81453812279343,0.65
"6005",5,32,1,"SGP",2.83936261550455,3.11401052207687,0.825
"6006",5,32,2,"SGP",2.61485974206105,2.8405768881014,0.8345
"6007",5,32,3,"SGP",7.78322530205045,6.28499256514148,0.982
"6008",5,32,4,"SGP",9.02751272656312,4.75828101376119,0.971
"6009",5,32,5,"SGP",0.995564109781612,2.25648138928605,0.5335
"6010",5,32,6,"SGP",4.82279759418219,4.4359250081784,0.0415
"6011",5,32,7,"SGP",16.612299524996,8.40149413029577,0.998
"6012",5,32,8,"SGP",4.56866845422078,3.42593955332749,0.147
"6013",5,32,9,"SGP",2.03164223727047,2.98865271008415,0.351
"6014",5,32,10,"SGP",2.53714808157372,2.98270140005109,0.731
"6015",5,32,11,"SGP",1.50360946460635,2.71239890465125,0.518
"6016",5,32,12,"SGP",17.3620125981784,6.86328431374981,0.006
"6017",5,32,13,"SGP",13.3458192849528,5.04492061456502,0.979
"6018",5,32,14,"SGP",1.81509102472628,3.04161069357392,0.477
"6019",5,32,15,"SGP",8.99096230941923,4.30370645674165,0.0425
"6020",5,32,16,"SGP",6.40493456557413,3.76049799955087,0.8795
"6021",5,32,17,"SGP",12.1425171472253,5.12514073224123,0.0225
"6022",5,32,18,"SGP",14.7007801876031,5.36890593762565,0.016
"6023",5,32,19,"SGP",22.4565426541969,7.1473525940626,0.0035
"6024",5,32,20,"SGP",2.44202622887883,3.30250398334791,0.511
"6025",5,32,21,"SGP",2.44788296007738,3.27271577867495,0.595
"6026",5,32,22,"SGP",3.44716440852627,3.3733303906011,0.28
"6027",5,32,23,"SGP",2.25946065155369,3.23142672827388,0.4895
"6028",5,32,24,"SGP",3.07040265265343,3.29553768033336,0.6795
"6029",5,32,25,"SGP",2.42816781414535,3.2435892111515,0.429
"6030",5,32,26,"SGP",7.45946181421938,3.98013973738198,0.9035
"6031",5,32,27,"SGP",2.28727694187199,3.18183610012805,0.3995
"6032",5,32,28,"SGP",2.13934592609601,3.14833731808603,0.408
"6033",5,32,29,"SGP",2.40597696354172,3.18445577408038,0.5995
"6034",5,32,30,"SGP",2.05782948132821,3.02106364250976,0.4515
"6035",5,32,31,"SGP",2.12686884361899,3.17717837356408,0.515
"6036",5,32,32,"SGP",2.04287597865964,3.08757696914664,0.571
"6037",5,32,33,"SGP",2.82428603094949,3.15038409358857,0.3075
"6038",5,32,34,"SGP",3.57534162924611,3.27691307040666,0.759
"6039",5,32,35,"SGP",3.05573013456741,3.18341358978827,0.7005
"6040",5,32,36,"SGP",2.212484604292,3.09356911718199,0.384
"6041",5,32,37,"SGP",1.94893174370523,3.07049178322485,0.4875
"6042",5,32,38,"SGP",2.18826239626416,3.00392398026585,0.643
"6043",5,32,1,"SGP50",2.83936261550455,3.15242334422485,0.8545
"6044",5,32,2,"SGP50",2.96886086383041,3.15150464802883,0.803
"6045",5,32,3,"SGP50",6.2042723452881,4.45554186975246,0.9445
"6046",5,32,4,"SGP50",5.90232364165331,3.55595095027918,0.8975
"6047",5,32,5,"SGP50",4.33568187615805,3.27792968829314,0.758
"6048",5,32,6,"SGP50",3.00094282622369,3.61483374462131,0.4675
"6049",5,32,7,"SGP50",16.2320427121942,5.4446650874898,0.9735
"6050",5,32,8,"SGP50",6.0276725269581,4.02728128396028,0.657
"6051",5,32,9,"SGP50",4.54638093182006,3.57965905977984,0.6665
"6052",5,32,10,"SGP50",6.59456056356745,3.67911835680716,0.817
"6053",5,32,11,"SGP50",5.52441449717216,3.54692539939277,0.775
"6054",5,32,12,"SGP50",7.24395595541987,4.05883323852739,0.217
"6055",5,32,13,"SGP50",10.0531610243312,4.27345504051792,0.899
"6056",5,32,14,"SGP50",4.32122048294514,3.51705036219239,0.667
"6057",5,32,15,"SGP50",4.35358890689574,3.79972744006612,0.348
"6058",5,32,16,"SGP50",10.7807436312299,4.30016011332605,0.9325
"6059",5,32,17,"SGP50",5.71940940572666,4.11442006099291,0.3035
"6060",5,32,18,"SGP50",7.7419555133704,4.10880657820643,0.184
"6061",5,32,19,"SGP50",16.1267928478811,5.07881713924721,0.0405
"6062",5,32,20,"SGP50",4.57303833073911,3.63986148206605,0.3005
"6063",5,32,21,"SGP50",3.17097576001892,3.45903745033796,0.381
"6064",5,32,22,"SGP50",4.35233468075104,3.55725883986092,0.251
"6065",5,32,23,"SGP50",3.36992515479931,3.39377749680418,0.355
"6066",5,32,24,"SGP50",2.62830320631001,3.30203623911057,0.5125
"6067",5,32,25,"SGP50",2.99891092258089,3.31514274422027,0.35
"6068",5,32,26,"SGP50",5.22700179270484,3.63985687595127,0.802
"6069",5,32,27,"SGP50",2.60311256528786,3.30786628166399,0.549
"6070",5,32,28,"SGP50",2.42468635423167,3.29753678920552,0.527
"6071",5,32,29,"SGP50",2.77982997803896,3.3586777480873,0.619
"6072",5,32,30,"SGP50",2.27299718486554,3.17770343488841,0.5515
"6073",5,32,31,"SGP50",2.22931212405028,3.14773882705602,0.5705
"6074",5,32,32,"SGP50",2.13504347827626,3.09224128408384,0.599
"6075",5,32,33,"SGP50",2.41879949271297,2.99669052016047,0.3295
"6076",5,32,34,"SGP50",2.12969797108156,2.94633175885331,0.6375
"6077",5,32,35,"SGP50",2.75035323096526,3.16685895438272,0.7295
"6078",5,32,36,"SGP50",1.74745666764566,2.95485602374744,0.516
"6079",5,32,37,"SGP50",1.50913933123275,2.7828320705177,0.5565
"6080",5,32,38,"SGP50",1.86546328800376,2.79354398705476,0.6685
"6081",5,33,1,"BMA",1.307283842962,2.55077648465345,0.494
"6082",5,33,2,"BMA",0.943113568000633,2.23628371208478,0.572
"6083",5,33,3,"BMA",0.729064778026121,2.09110453720536,0.482
"6084",5,33,4,"BMA",1.19427839622826,2.21481233011782,0.772
"6085",5,33,5,"BMA",0.719318625190851,1.93923908198454,0.3425
"6086",5,33,6,"BMA",1.08258384927866,2.15427440128944,0.217
"6087",5,33,7,"BMA",7.32499524123383,13.8843221812789,1
"6088",5,33,8,"BMA",1.3330186299653,2.65175442178214,0.524
"6089",5,33,9,"BMA",2.32035869990125,2.76646557442255,0.8105
"6090",5,33,10,"BMA",2.54053618696938,2.83825549459928,0.9005
"6091",5,33,11,"BMA",4.61001158903299,4.17617623151906,0.079
"6092",5,33,12,"BMA",6.36847570536129,4.07725880833621,0.97
"6093",5,33,13,"BMA",5.2751983634552,3.99058525477097,0.95
"6094",5,33,14,"BMA",1.50088846844066,2.71501850637431,0.5835
"6095",5,33,15,"BMA",1.3920980469042,2.59853779029579,0.5025
"6096",5,33,16,"BMA",1.33813017469716,2.33883887079907,0.723
"6097",5,33,17,"BMA",0.896727487305617,2.25222682692916,0.348
"6098",5,33,18,"BMA",8.80523908700399,6.21960289934767,0.01
"6099",5,33,19,"BMA",1.70848167060805,2.86725076374351,0.5615
"6100",5,33,20,"BMA",1.44998642502157,2.72527632234089,0.5115
"6101",5,33,21,"BMA",1.45646470383045,2.73401318127453,0.407
"6102",5,33,22,"BMA",1.73002472075869,2.67362823216008,0.679
"6103",5,33,23,"BMA",1.2120057406514,2.5491960337373,0.539
"6104",5,33,24,"BMA",1.52330423086926,2.63499487942711,0.311
"6105",5,33,25,"BMA",3.73424561392143,3.27522830151744,0.098
"6106",5,33,26,"BMA",1.15817899186904,2.43372763993753,0.611
"6107",5,33,27,"BMA",1.29784480499564,2.48374824577723,0.359
"6108",5,33,28,"BMA",1.06393092675088,2.37601553058897,0.427
"6109",5,33,29,"BMA",1.27694233674872,2.40053695224088,0.6835
"6110",5,33,30,"BMA",1.06786636779039,2.39528560570357,0.4185
"6111",5,33,31,"BMA",2.27390642703884,2.72936320789741,0.171
"6112",5,33,32,"BMA",3.81448178551915,3.47200267214792,0.0525
"6113",5,33,33,"BMA",0.975837935245998,2.27588034843167,0.396
"6114",5,33,34,"BMA",1.57867889580995,2.44966933790521,0.2275
"6115",5,33,35,"BMA",1.38651210822132,2.37178510729567,0.238
"6116",5,33,36,"BMA",0.963370963696977,2.14169582710709,0.329
"6117",5,33,37,"BMA",0.882901779870683,2.11707522234739,0.645
"6118",5,33,38,"BMA",1.60187370904741,2.50640474253834,0.818
"6119",5,33,1,"AVS",1.307283842962,2.54328112906634,0.487
"6120",5,33,2,"AVS",0.834996967329165,2.07843110112432,0.615
"6121",5,33,3,"AVS",0.672674530706035,1.97159564625037,0.484
"6122",5,33,4,"AVS",1.21825683445359,2.21853248791262,0.784
"6123",5,33,5,"AVS",0.71105330339469,1.87925803732457,0.3335
"6124",5,33,6,"AVS",0.997415027781706,2.1634835153561,0.2265
"6125",5,33,7,"AVS",7.52370653912981,9.82066869631604,1
"6126",5,33,8,"AVS",1.23317173884969,2.36291121649246,0.2905
"6127",5,33,9,"AVS",2.1746226837022,2.61043672528922,0.8565
"6128",5,33,10,"AVS",2.17044203494996,2.64399945324903,0.8865
"6129",5,33,11,"AVS",4.68425412125176,3.99073541972474,0.0365
"6130",5,33,12,"AVS",7.98265419040271,5.276481573839,0.994
"6131",5,33,13,"AVS",4.71011806519222,4.17253709715072,0.9665
"6132",5,33,14,"AVS",1.19566996618756,2.42340186648188,0.319
"6133",5,33,15,"AVS",1.0259800833476,2.40523114550176,0.51
"6134",5,33,16,"AVS",1.21608358996366,2.32243089981907,0.7105
"6135",5,33,17,"AVS",0.895973514672468,2.16911085565999,0.3745
"6136",5,33,18,"AVS",8.40309610479737,5.58405385027587,0.006
"6137",5,33,19,"AVS",1.16613820390763,2.51403840240493,0.508
"6138",5,33,20,"AVS",1.08169914881683,2.37805931727861,0.4235
"6139",5,33,21,"AVS",1.35775058739723,2.43779423834254,0.32
"6140",5,33,22,"AVS",1.45367489027445,2.49039671884543,0.6905
"6141",5,33,23,"AVS",1.01037204226262,2.31797928282261,0.3925
"6142",5,33,24,"AVS",1.76721133612972,2.67650569794534,0.2165
"6143",5,33,25,"AVS",4.17295560515999,3.35628357519325,0.051
"6144",5,33,26,"AVS",1.31304092468424,2.36759844627137,0.678
"6145",5,33,27,"AVS",1.77583512406856,2.54926325827753,0.2255
"6146",5,33,28,"AVS",1.4266776942792,2.4662760866399,0.283
"6147",5,33,29,"AVS",0.96189981405066,2.31254378083759,0.604
"6148",5,33,30,"AVS",1.77585463063497,2.59217084297995,0.225
"6149",5,33,31,"AVS",3.33658826769756,3.22926445788355,0.0775
"6150",5,33,32,"AVS",3.21393187809354,3.13768010577151,0.0935
"6151",5,33,33,"AVS",1.02960574485737,2.40421561359054,0.5995
"6152",5,33,34,"AVS",1.75648509257017,2.61881227758393,0.225
"6153",5,33,35,"AVS",1.28851488502545,2.39861844023239,0.3125
"6154",5,33,36,"AVS",0.91937561858736,2.26391130631664,0.4275
"6155",5,33,37,"AVS",1.14546417741657,2.29528032128047,0.6615
"6156",5,33,38,"AVS",0.934371920452199,2.19363584613739,0.5995
"6157",5,33,1,"EQW",1.307283842962,2.57758859985861,0.4845
"6158",5,33,2,"EQW",1.21131482055369,2.4954119523347,0.5095
"6159",5,33,3,"EQW",1.20232333806825,2.375991878777,0.4135
"6160",5,33,4,"EQW",1.1595667861479,2.39533096789928,0.6105
"6161",5,33,5,"EQW",1.00534739034876,2.31426286645091,0.406
"6162",5,33,6,"EQW",1.12513390640623,2.40058155607861,0.323
"6163",5,33,7,"EQW",6.55427493610791,4.67928433079997,0.9695
"6164",5,33,8,"EQW",1.37909847348067,2.64649684375044,0.533
"6165",5,33,9,"EQW",2.89783130860999,2.90739977570416,0.8705
"6166",5,33,10,"EQW",3.41936054188966,3.01743757887414,0.9055
"6167",5,33,11,"EQW",2.33206071838335,3.18230778280347,0.2815
"6168",5,33,12,"EQW",7.00007753462434,4.35350965849409,0.976
"6169",5,33,13,"EQW",4.26725383753618,3.39323044083915,0.87
"6170",5,33,14,"EQW",1.44309342809961,2.71344622707647,0.551
"6171",5,33,15,"EQW",2.01528085161533,2.82699546140278,0.6795
"6172",5,33,16,"EQW",2.60225137206723,2.79183287345218,0.7985
"6173",5,33,17,"EQW",1.57665042372922,2.68192764818369,0.6225
"6174",5,33,18,"EQW",4.33096923382355,3.59975431484223,0.1505
"6175",5,33,19,"EQW",1.75290812209643,2.90529812352164,0.408
"6176",5,33,20,"EQW",1.29050926566118,2.631402303966,0.432
"6177",5,33,21,"EQW",1.45827081073816,2.64074238798232,0.3685
"6178",5,33,22,"EQW",1.54218035119602,2.59344811001182,0.688
"6179",5,33,23,"EQW",1.18163673657542,2.42323031612642,0.503
"6180",5,33,24,"EQW",1.51173962382594,2.63879135946146,0.351
"6181",5,33,25,"EQW",3.21643140537712,3.09110865449696,0.129
"6182",5,33,26,"EQW",1.25062144013728,2.47391367840916,0.6625
"6183",5,33,27,"EQW",1.11996791688077,2.41973346054502,0.424
"6184",5,33,28,"EQW",0.988641554867306,2.29757433190866,0.4735
"6185",5,33,29,"EQW",1.43399252184065,2.4828069563293,0.7285
"6186",5,33,30,"EQW",1.0077903579548,2.36541939390938,0.4685
"6187",5,33,31,"EQW",2.23507659582398,2.76673560329633,0.177
"6188",5,33,32,"EQW",2.70419991299153,2.82715753494169,0.1175
"6189",5,33,33,"EQW",0.864838458976481,2.23673465265671,0.4995
"6190",5,33,34,"EQW",1.17779715658446,2.3226039696665,0.34
"6191",5,33,35,"EQW",1.08441977297635,2.25830719968585,0.319
"6192",5,33,36,"EQW",0.842775424615537,2.15120522829525,0.3825
"6193",5,33,37,"EQW",1.09930268836537,2.22262367388663,0.699
"6194",5,33,38,"EQW",1.66640798368293,2.63958144042058,0.81
"6195",5,33,1,"SGP",1.307283842962,2.64390456620637,0.493
"6196",5,33,2,"SGP",0.878656513024357,2.1470529628605,0.582
"6197",5,33,3,"SGP",0.712807314032986,2.09924104966312,0.4755
"6198",5,33,4,"SGP",1.18656190203303,2.28704576123061,0.768
"6199",5,33,5,"SGP",0.738888584095087,1.96848387850685,0.3415
"6200",5,33,6,"SGP",1.16881445015959,2.20514577235371,0.196
"6201",5,33,7,"SGP",7.02491073272005,7.35185001234493,0.9965
"6202",5,33,8,"SGP",1.44201310993278,2.40505607939853,0.2565
"6203",5,33,9,"SGP",1.65975805981662,2.40231842407735,0.824
"6204",5,33,10,"SGP",2.07018635465594,2.53391691130654,0.8785
"6205",5,33,11,"SGP",5.0602011631918,4.50494039473519,0.0325
"6206",5,33,12,"SGP",4.72884943352841,3.67368929424229,0.968
"6207",5,33,13,"SGP",4.60145268099496,3.92562933930157,0.9575
"6208",5,33,14,"SGP",1.01958754240418,2.27403620911097,0.3385
"6209",5,33,15,"SGP",1.11660980532269,2.16496990206605,0.286
"6210",5,33,16,"SGP",0.993456808136618,2.15790277896434,0.6935
"6211",5,33,17,"SGP",0.898530160722137,2.13087708588053,0.3505
"6212",5,33,18,"SGP",8.87985941166129,7.10831033727105,0.003
"6213",5,33,19,"SGP",5.18527783445463,4.10174565962049,0.0385
"6214",5,33,20,"SGP",1.57409423043011,2.60822953933599,0.2685
"6215",5,33,21,"SGP",1.91095117077164,2.7257461356432,0.191
"6216",5,33,22,"SGP",1.02514353532783,2.32256332445756,0.5755
"6217",5,33,23,"SGP",1.40295503958363,2.4030117965184,0.2955
"6218",5,33,24,"SGP",2.45148557603269,2.79661657860224,0.1395
"6219",5,33,25,"SGP",3.89243498546794,3.38244468512441,0.067
"6220",5,33,26,"SGP",1.32050429075151,2.44944601419605,0.672
"6221",5,33,27,"SGP",0.941888500549608,2.31619797762503,0.4475
"6222",5,33,28,"SGP",0.917922370784323,2.29029201693687,0.5505
"6223",5,33,29,"SGP",1.34878030555897,2.44258767837977,0.729
"6224",5,33,30,"SGP",0.882707888898603,2.28365413629961,0.4305
"6225",5,33,31,"SGP",3.6767353126298,3.36148803822557,0.056
"6226",5,33,32,"SGP",1.63220194467174,2.46344685082003,0.21
"6227",5,33,33,"SGP",1.15007213499899,2.28026751945503,0.7215
"6228",5,33,34,"SGP",0.909451297373408,2.23624812234211,0.5925
"6229",5,33,35,"SGP",0.78308370332737,2.1467499944183,0.559
"6230",5,33,36,"SGP",0.802275743809308,2.09891890113549,0.578
"6231",5,33,37,"SGP",2.36135264381334,2.70078427102437,0.871
"6232",5,33,38,"SGP",2.06046258956599,2.61625919419911,0.8305
"6233",5,33,1,"SGP50",1.307283842962,2.52559495961408,0.4775
"6234",5,33,2,"SGP50",1.19152075076825,2.45337562489346,0.529
"6235",5,33,3,"SGP50",1.15520292723315,2.39986935827399,0.431
"6236",5,33,4,"SGP50",1.14316421758275,2.4242065061462,0.6265
"6237",5,33,5,"SGP50",0.96873623615137,2.22106247194084,0.3815
"6238",5,33,6,"SGP50",1.11898690220664,2.3891792280365,0.313
"6239",5,33,7,"SGP50",6.57989959608728,4.69025733218776,0.9685
"6240",5,33,8,"SGP50",1.28532914714912,2.64240069558281,0.496
"6241",5,33,9,"SGP50",2.68066694677373,2.86717769880383,0.851
"6242",5,33,10,"SGP50",3.13808405485248,2.86108379035624,0.886
"6243",5,33,11,"SGP50",2.61682644423033,3.19144001728596,0.23
"6244",5,33,12,"SGP50",6.77479441805046,4.36536224715022,0.9755
"6245",5,33,13,"SGP50",3.89536916457463,3.21609630125801,0.857
"6246",5,33,14,"SGP50",1.27970626996419,2.64159400663545,0.4695
"6247",5,33,15,"SGP50",1.67645303403361,2.70244080818639,0.64
"6248",5,33,16,"SGP50",2.17822192345267,2.63594197215159,0.7705
"6249",5,33,17,"SGP50",1.28404718429505,2.47861286719246,0.548
"6250",5,33,18,"SGP50",5.11507900695968,3.82965219993954,0.12
"6251",5,33,19,"SGP50",1.88179287238054,2.88625620567446,0.3785
"6252",5,33,20,"SGP50",1.27377996318612,2.58515577262991,0.414
"6253",5,33,21,"SGP50",1.49361981422782,2.58597769316253,0.3195
"6254",5,33,22,"SGP50",1.41196823282126,2.50476549484315,0.6525
"6255",5,33,23,"SGP50",1.12931908749126,2.49544531977793,0.4255
"6256",5,33,24,"SGP50",1.66013358487853,2.74340446027243,0.2955
"6257",5,33,25,"SGP50",3.47599118731486,3.27340777166555,0.092
"6258",5,33,26,"SGP50",1.2574295371282,2.48131054462132,0.6545
"6259",5,33,27,"SGP50",1.14853936952855,2.38056043677343,0.376
"6260",5,33,28,"SGP50",0.996020043589592,2.37378488944009,0.474
"6261",5,33,29,"SGP50",1.33416570354432,2.44650000332343,0.7075
"6262",5,33,30,"SGP50",1.04627288041966,2.34892791707589,0.464
"6263",5,33,31,"SGP50",2.58274979792239,2.82792556813718,0.157
"6264",5,33,32,"SGP50",2.59819680745009,2.91481912387083,0.111
"6265",5,33,33,"SGP50",0.891464958991506,2.28367748926194,0.5415
"6266",5,33,34,"SGP50",1.13698360677337,2.3586622268318,0.3335
"6267",5,33,35,"SGP50",1.03093740229029,2.31216425693679,0.338
"6268",5,33,36,"SGP50",0.83035198540181,2.14635781806612,0.404
"6269",5,33,37,"SGP50",1.20033043901772,2.25508502786941,0.6915
"6270",5,33,38,"SGP50",1.59593676727245,2.55748338946328,0.7685
"6271",5,34,1,"BMA",4.79246003187224,3.74470970238839,0.926
"6272",5,34,2,"BMA",1.61304922460552,2.74323868624041,0.3585
"6273",5,34,3,"BMA",1.58894874361528,2.58417898442144,0.3405
"6274",5,34,4,"BMA",1.9316501694887,2.59038447462989,0.2185
"6275",5,34,5,"BMA",2.4053411004767,2.9821070457479,0.833
"6276",5,34,6,"BMA",1.5379561810412,2.58945999575657,0.292
"6277",5,34,7,"BMA",1.7987792282,2.63546315336015,0.783
"6278",5,34,8,"BMA",6.11437815047375,4.95226590377833,0.985
"6279",5,34,9,"BMA",5.40371093268113,3.72792291653194,0.965
"6280",5,34,10,"BMA",1.45933549327824,2.33539214713008,0.7115
"6281",5,34,11,"BMA",2.01633247923343,2.65764210429223,0.1805
"6282",5,34,12,"BMA",6.13907567468451,4.92834161634213,0.994
"6283",5,34,13,"BMA",1.11668609428534,2.41246306947498,0.385
"6284",5,34,14,"BMA",6.45295918558844,4.73751756086719,0.9865
"6285",5,34,15,"BMA",7.50070265800895,5.08620815694923,0.0165
"6286",5,34,16,"BMA",1.52729972459891,2.86318326405729,0.409
"6287",5,34,17,"BMA",1.36444037711877,2.62959782409808,0.3565
"6288",5,34,18,"BMA",1.80894716698452,2.70807140220638,0.277
"6289",5,34,19,"BMA",2.88149779983209,3.09799433841785,0.164
"6290",5,34,20,"BMA",1.06439426555464,2.43411673533023,0.455
"6291",5,34,21,"BMA",2.12703014148816,2.74690717274619,0.2135
"6292",5,34,22,"BMA",4.40856600768377,3.40433243648606,0.9375
"6293",5,34,23,"BMA",10.6007279543092,5.96908622286869,0.0085
"6294",5,34,24,"BMA",2.99999455046833,3.19928757269844,0.722
"6295",5,34,25,"BMA",3.85798165432296,3.51775989108736,0.1655
"6296",5,34,26,"BMA",1.97285090174265,3.07580055407799,0.587
"6297",5,34,27,"BMA",8.54843743786531,4.36785888305082,0.0355
"6298",5,34,28,"BMA",1.46806020525398,2.86733414910729,0.564
"6299",5,34,29,"BMA",1.94222778731008,2.87952828919468,0.669
"6300",5,34,30,"BMA",2.11143738946311,2.88044189912596,0.713
"6301",5,34,31,"BMA",1.4908150659807,2.78297387764196,0.427
"6302",5,34,32,"BMA",1.19426014879026,2.52544392602009,0.4825
"6303",5,34,33,"BMA",3.84131160813535,3.26310509515227,0.1025
"6304",5,34,34,"BMA",8.20470654370805,4.81551150378797,0.0085
"6305",5,34,35,"BMA",2.83738470871107,3.24244612904751,0.332
"6306",5,34,36,"BMA",3.424755528616,3.35553934278443,0.814
"6307",5,34,37,"BMA",1.88310769935939,2.86296226259978,0.6725
"6308",5,34,38,"BMA",1.81362749962602,2.69983875669568,0.701
"6309",5,34,1,"AVS",4.79246003187224,3.8838956565835,0.93
"6310",5,34,2,"AVS",1.8170143154715,2.70648426585267,0.3275
"6311",5,34,3,"AVS",1.86410353113657,2.65209895287806,0.2765
"6312",5,34,4,"AVS",1.94864584482696,2.62204906491548,0.212
"6313",5,34,5,"AVS",2.84886690245966,3.14667394729539,0.9015
"6314",5,34,6,"AVS",1.66557889333551,2.61842540724354,0.255
"6315",5,34,7,"AVS",1.93219268433769,2.6980504999015,0.798
"6316",5,34,8,"AVS",5.95806672382243,4.9299207654057,0.988
"6317",5,34,9,"AVS",3.43571268756391,3.14742253698052,0.928
"6318",5,34,10,"AVS",1.06691722534894,2.25016847470124,0.666
"6319",5,34,11,"AVS",2.17421611554252,2.71574847258629,0.1495
"6320",5,34,12,"AVS",6.00785371482821,4.8587325797183,0.996
"6321",5,34,13,"AVS",1.15122025253948,2.29631794425891,0.321
"6322",5,34,14,"AVS",6.36924868228186,5.21335675927968,0.995
"6323",5,34,15,"AVS",7.91656376479512,5.09827151414262,0.0055
"6324",5,34,16,"AVS",1.860736421377,2.69918196890591,0.236
"6325",5,34,17,"AVS",1.45544940535188,2.60890223588923,0.2765
"6326",5,34,18,"AVS",2.10629302374788,2.65424050211024,0.1985
"6327",5,34,19,"AVS",3.44965552785141,3.10361649922163,0.097
"6328",5,34,20,"AVS",1.02170740193501,2.30186645382437,0.4145
"6329",5,34,21,"AVS",2.49311245757351,2.82500394353272,0.158
"6330",5,34,22,"AVS",3.97667049820357,3.36454760514035,0.945
"6331",5,34,23,"AVS",11.0462153042736,7.31986255537653,0
"6332",5,34,24,"AVS",1.80085805575164,2.6595169056383,0.2845
"6333",5,34,25,"AVS",5.57125109629877,3.87927219835845,0.0355
"6334",5,34,26,"AVS",2.39523708467587,2.86468188118763,0.181
"6335",5,34,27,"AVS",9.97250578445545,6.06674292442647,0.0035
"6336",5,34,28,"AVS",1.640145442691,2.67391966941386,0.3285
"6337",5,34,29,"AVS",3.98900082287981,3.1868703350972,0.9025
"6338",5,34,30,"AVS",1.19908078154279,2.50685004945549,0.584
"6339",5,34,31,"AVS",2.54044234860838,2.88634336568616,0.2075
"6340",5,34,32,"AVS",1.64483061921761,2.67630012941827,0.291
"6341",5,34,33,"AVS",3.61789338209009,3.28111377909206,0.1065
"6342",5,34,34,"AVS",4.76516610385608,3.57324745280194,0.06
"6343",5,34,35,"AVS",1.6175351185082,2.58342390762115,0.6845
"6344",5,34,36,"AVS",4.53217174145099,3.53548566128658,0.931
"6345",5,34,37,"AVS",2.40882498116518,2.85052163341181,0.797
"6346",5,34,38,"AVS",2.15154828300601,2.75198468284965,0.781
"6347",5,34,1,"EQW",4.79246003187224,3.83967610019288,0.9335
"6348",5,34,2,"EQW",1.3638661036213,2.66654547954827,0.432
"6349",5,34,3,"EQW",1.27718871392367,2.5058901424086,0.4265
"6350",5,34,4,"EQW",1.82672277207374,2.62711595350014,0.2555
"6351",5,34,5,"EQW",2.21784834453382,2.94477340828306,0.7785
"6352",5,34,6,"EQW",1.51950263693094,2.62172923775267,0.3065
"6353",5,34,7,"EQW",1.77331863058945,2.67461441758107,0.7325
"6354",5,34,8,"EQW",6.4963782413083,4.45832516472764,0.972
"6355",5,34,9,"EQW",6.37212783566238,3.84561635189178,0.9605
"6356",5,34,10,"EQW",3.78110322509091,3.02078637196725,0.8385
"6357",5,34,11,"EQW",1.62269624915402,2.85596350279684,0.518
"6358",5,34,12,"EQW",7.42876044846169,4.44848638255964,0.957
"6359",5,34,13,"EQW",2.16380978444162,2.83828556064583,0.667
"6360",5,34,14,"EQW",8.52280346030153,4.59658317642615,0.9765
"6361",5,34,15,"EQW",2.96085394310427,3.41067880242203,0.329
"6362",5,34,16,"EQW",2.19450846035509,3.03149122669946,0.6305
"6363",5,34,17,"EQW",1.75848466041998,2.86438161341249,0.54
"6364",5,34,18,"EQW",1.78247515613678,2.91271953970445,0.503
"6365",5,34,19,"EQW",1.81426762192623,3.01987608447623,0.4415
"6366",5,34,20,"EQW",1.78033579969849,2.73814784111857,0.6275
"6367",5,34,21,"EQW",1.55154929520374,2.83357339750396,0.5095
"6368",5,34,22,"EQW",6.68182528527263,4.06214194455021,0.963
"6369",5,34,23,"EQW",4.35934089539171,3.42449489521669,0.2355
"6370",5,34,24,"EQW",3.08296190804592,3.18274181735703,0.733
"6371",5,34,25,"EQW",2.52670511743136,3.22082029914237,0.323
"6372",5,34,26,"EQW",2.06616149076581,3.05042460275517,0.6105
"6373",5,34,27,"EQW",7.10082774179848,3.97910327570919,0.073
"6374",5,34,28,"EQW",1.6599190779428,2.90252082376184,0.4025
"6375",5,34,29,"EQW",1.77469615039393,2.94510442584201,0.564
"6376",5,34,30,"EQW",1.50908971007259,2.82950817456296,0.5345
"6377",5,34,31,"EQW",2.47737019332177,2.9422354048782,0.2535
"6378",5,34,32,"EQW",1.80467035368042,2.74761084740685,0.332
"6379",5,34,33,"EQW",5.0854449857657,3.72194524583553,0.073
"6380",5,34,34,"EQW",7.46840597618466,4.40703986632514,0.0245
"6381",5,34,35,"EQW",3.38100773930057,3.32506574258651,0.2345
"6382",5,34,36,"EQW",2.18386413998046,3.20566173011455,0.367
"6383",5,34,37,"EQW",1.84068928243574,2.88369257983711,0.3435
"6384",5,34,38,"EQW",1.25233467803107,2.59778380229529,0.5105
"6385",5,34,1,"SGP",4.79246003187224,3.88250685881385,0.9295
"6386",5,34,2,"SGP",1.18555485763462,2.52505241860703,0.4495
"6387",5,34,3,"SGP",0.932199360082621,2.3268561371984,0.488
"6388",5,34,4,"SGP",1.36598476195664,2.35423922467088,0.235
"6389",5,34,5,"SGP",2.57190724427756,2.87255735711396,0.917
"6390",5,34,6,"SGP",2.14576928577149,2.77853723013599,0.1095
"6391",5,34,7,"SGP",1.11454963580267,2.24223080476501,0.733
"6392",5,34,8,"SGP",5.22376401442781,4.87839804744525,0.993
"6393",5,34,9,"SGP",3.53433689538299,3.23416608776721,0.9445
"6394",5,34,10,"SGP",1.15542911979527,2.35707031007953,0.6935
"6395",5,34,11,"SGP",2.06389078556741,2.68710108319503,0.152
"6396",5,34,12,"SGP",6.07162788832464,4.66240550620835,0.99
"6397",5,34,13,"SGP",1.12976752090134,2.30386686163614,0.37
"6398",5,34,14,"SGP",6.43244923940983,5.02292766098189,0.9935
"6399",5,34,15,"SGP",7.66591025511597,5.01426570481825,0.0205
"6400",5,34,16,"SGP",1.79812488778658,2.6873095372689,0.2345
"6401",5,34,17,"SGP",1.43867232156068,2.59585102344016,0.279
"6402",5,34,18,"SGP",2.05711926234367,2.75044604822634,0.2085
"6403",5,34,19,"SGP",3.36258140826429,3.12456430809173,0.1075
"6404",5,34,20,"SGP",1.02310674205135,2.37132279118801,0.392
"6405",5,34,21,"SGP",2.4495996549722,2.93528158304905,0.1495
"6406",5,34,22,"SGP",3.98082612286033,3.34942781196845,0.936
"6407",5,34,23,"SGP",10.8859676624325,6.86104997307065,0.003
"6408",5,34,24,"SGP",1.7968020703933,2.70223193547469,0.272
"6409",5,34,25,"SGP",5.49541608542553,3.87593065271541,0.0405
"6410",5,34,26,"SGP",2.35381686079029,2.88288855843597,0.1905
"6411",5,34,27,"SGP",9.91643660733868,5.82405370932488,0.005
"6412",5,34,28,"SGP",1.63781677124521,2.68943659891268,0.326
"6413",5,34,29,"SGP",3.93804345545432,3.2365536362481,0.9075
"6414",5,34,30,"SGP",1.18699934161276,2.55188252394392,0.5945
"6415",5,34,31,"SGP",2.49550157310582,2.87506789839487,0.199
"6416",5,34,32,"SGP",1.66485041394267,2.71332978815074,0.3025
"6417",5,34,33,"SGP",3.64164371717654,3.31592471848813,0.103
"6418",5,34,34,"SGP",4.70119154644991,3.64470531871957,0.056
"6419",5,34,35,"SGP",1.59701245759408,2.71984923437113,0.699
"6420",5,34,36,"SGP",4.41359732940643,3.5459127351844,0.915
"6421",5,34,37,"SGP",2.35941085858918,2.90352524494166,0.808
"6422",5,34,38,"SGP",2.11925469486268,2.78831617453834,0.7865
"6423",5,34,1,"SGP50",4.79246003187224,3.64294878200777,0.9175
"6424",5,34,2,"SGP50",1.35625460153821,2.6217394117023,0.42
"6425",5,34,3,"SGP50",1.25564697005333,2.56537758951428,0.438
"6426",5,34,4,"SGP50",1.78041017049576,2.58159128694042,0.2485
"6427",5,34,5,"SGP50",2.2576180020786,2.9214470703905,0.7785
"6428",5,34,6,"SGP50",1.51781417998128,2.63962828608813,0.307
"6429",5,34,7,"SGP50",1.74939368476619,2.57246153690138,0.7595
"6430",5,34,8,"SGP50",6.43100194041282,4.6169964817706,0.9775
"6431",5,34,9,"SGP50",6.05657365787347,3.94003768489341,0.9635
"6432",5,34,10,"SGP50",3.38568257360084,3.00497064434744,0.8365
"6433",5,34,11,"SGP50",1.52281844181622,2.83508323701377,0.4675
"6434",5,34,12,"SGP50",7.28981860814273,4.41871551490086,0.962
"6435",5,34,13,"SGP50",1.81714836777141,2.80437995423339,0.6305
"6436",5,34,14,"SGP50",8.14236256960748,4.60108446479064,0.9785
"6437",5,34,15,"SGP50",3.51331228256929,3.53956310176125,0.243
"6438",5,34,16,"SGP50",1.93672164801584,2.9749285261406,0.5815
"6439",5,34,17,"SGP50",1.54679140994674,2.80067340468198,0.4915
"6440",5,34,18,"SGP50",1.60512626813346,2.84923608241576,0.441
"6441",5,34,19,"SGP50",1.84555382893126,2.90064686543419,0.386
"6442",5,34,20,"SGP50",1.47520968101171,2.65854683001053,0.579
"6443",5,34,21,"SGP50",1.52372881877439,2.77915136180042,0.412
"6444",5,34,22,"SGP50",5.9359219685425,3.75410995531406,0.9495
"6445",5,34,23,"SGP50",6.00905686514522,3.81275188142545,0.148
"6446",5,34,24,"SGP50",2.5428966763318,3.10626804884963,0.6815
"6447",5,34,25,"SGP50",3.15812268680302,3.28216977288848,0.2345
"6448",5,34,26,"SGP50",1.82657955305611,3.02405411002148,0.554
"6449",5,34,27,"SGP50",7.92867243963594,4.23769455802889,0.062
"6450",5,34,28,"SGP50",1.5463246223462,2.76704631088711,0.424
"6451",5,34,29,"SGP50",1.9074535691094,2.96689208987874,0.62
"6452",5,34,30,"SGP50",1.42783674113782,2.74060582726126,0.5395
"6453",5,34,31,"SGP50",2.59560382523124,2.98267322885314,0.243
"6454",5,34,32,"SGP50",1.80181259248189,2.73508146686462,0.3205
"6455",5,34,33,"SGP50",4.86005791043328,3.49561080749251,0.083
"6456",5,34,34,"SGP50",6.71386983971401,4.21772897021648,0.034
"6457",5,34,35,"SGP50",2.49910961371527,3.11994450774622,0.334
"6458",5,34,36,"SGP50",2.04410043038213,3.16505125547905,0.4895
"6459",5,34,37,"SGP50",1.67762482888106,2.86826913556238,0.4365
"6460",5,34,38,"SGP50",1.31996274242245,2.71107673591888,0.522
"6461",5,35,1,"BMA",0.601209147246238,1.80675091654682,0.5205
"6462",5,35,2,"BMA",0.560759099380666,1.70861359708042,0.655
"6463",5,35,3,"BMA",0.709367718010917,1.78533976989096,0.26
"6464",5,35,4,"BMA",0.444385104397825,1.40056050593667,0.4025
"6465",5,35,5,"BMA",0.429939142472604,1.33619070226625,0.6575
"6466",5,35,6,"BMA",0.611522462311201,1.59852551674712,0.7805
"6467",5,35,7,"BMA",0.556778607834992,1.48174095646621,0.211
"6468",5,35,8,"BMA",1.18846007169414,2.2600633453378,0.0595
"6469",5,35,9,"BMA",0.410562367372363,1.31155637893744,0.3365
"6470",5,35,10,"BMA",0.353971126665292,1.29071531067734,0.6445
"6471",5,35,11,"BMA",2.73754877210725,4.88933567204404,0.002
"6472",5,35,12,"BMA",0.354916858014502,1.30031490039068,0.4455
"6473",5,35,13,"BMA",2.17264871178918,3.56525612446074,0.98
"6474",5,35,14,"BMA",0.697639935617363,1.69110342297098,0.7535
"6475",5,35,15,"BMA",0.515619598341189,1.48046553913764,0.303
"6476",5,35,16,"BMA",0.344852913532477,1.32484451353511,0.4845
"6477",5,35,17,"BMA",1.28778598321315,2.25349308722855,0.907
"6478",5,35,18,"BMA",0.635815182514239,1.67612659277669,0.2445
"6479",5,35,19,"BMA",0.363780736468561,1.3069050980526,0.5385
"6480",5,35,20,"BMA",1.35761695348811,2.4150086907411,0.0675
"6481",5,35,21,"BMA",1.29845788896676,2.26356100622378,0.915
"6482",5,35,22,"BMA",0.600292357134754,1.55470564276535,0.252
"6483",5,35,23,"BMA",0.341367791774893,1.37868975208785,0.4825
"6484",5,35,24,"BMA",0.613562918575994,1.5893486961116,0.233
"6485",5,35,25,"BMA",0.598383786629713,1.5330631679496,0.739
"6486",5,35,26,"BMA",1.29614704769396,2.20292137128634,0.914
"6487",5,35,27,"BMA",1.3900919912577,2.38716401425154,0.9325
"6488",5,35,28,"BMA",0.534068440690716,1.47814659125893,0.2665
"6489",5,35,29,"BMA",1.5060076275527,2.43198858602425,0.9275
"6490",5,35,30,"BMA",2.2627682030709,3.41608990624315,0.0225
"6491",5,35,31,"BMA",0.355211453052377,1.40694927657413,0.523
"6492",5,35,32,"BMA",2.30675048872023,3.72312943796826,0.989
"6493",5,35,33,"BMA",3.2263100231742,4.59059376529255,0.9955
"6494",5,35,34,"BMA",0.614089252280611,1.63687850873261,0.282
"6495",5,35,35,"BMA",0.61053052533903,1.64374399370852,0.71
"6496",5,35,36,"BMA",3.08287747257674,3.97410579113844,0.9935
"6497",5,35,37,"BMA",1.27798475208026,2.06682065323712,0.869
"6498",5,35,38,"BMA",0.640369852502637,1.68632654937596,0.718
"6499",5,35,1,"AVS",0.601209147246238,1.78664334006198,0.5185
"6500",5,35,2,"AVS",0.561223367521056,1.69522384812848,0.6775
"6501",5,35,3,"AVS",0.721037373989893,1.7048628476538,0.269
"6502",5,35,4,"AVS",0.476867257193586,1.52044374890894,0.407
"6503",5,35,5,"AVS",0.412670157122311,1.39705399731982,0.6075
"6504",5,35,6,"AVS",0.614001571489629,1.50548584649144,0.7675
"6505",5,35,7,"AVS",0.542197914716008,1.44235622733211,0.2545
"6506",5,35,8,"AVS",1.18957192779901,2.19279762566372,0.077
"6507",5,35,9,"AVS",0.478509899219419,1.41189552144212,0.2975
"6508",5,35,10,"AVS",0.34386925750397,1.29548541573997,0.6105
"6509",5,35,11,"AVS",2.74853765368515,4.80106838480077,0.004
"6510",5,35,12,"AVS",0.348140410102747,1.30190052535345,0.456
"6511",5,35,13,"AVS",2.2027505122081,3.53705570470886,0.9845
"6512",5,35,14,"AVS",0.639137919779292,1.60359265922132,0.75
"6513",5,35,15,"AVS",0.416791665761746,1.40643512705114,0.3625
"6514",5,35,16,"AVS",0.303370565933154,1.12061246908709,0.496
"6515",5,35,17,"AVS",1.21656188289146,2.21883499277461,0.931
"6516",5,35,18,"AVS",0.807445063880171,1.78338616839047,0.161
"6517",5,35,19,"AVS",0.425116080538365,1.40380590143735,0.6535
"6518",5,35,20,"AVS",1.40627232216903,2.32892781165584,0.0675
"6519",5,35,21,"AVS",1.35331490743875,2.20126787141954,0.9115
"6520",5,35,22,"AVS",0.643785392477526,1.56921318335896,0.252
"6521",5,35,23,"AVS",0.341517344632267,1.27400443183112,0.517
"6522",5,35,24,"AVS",0.664256021301663,1.61173588885143,0.23
"6523",5,35,25,"AVS",0.520950505540869,1.54867789997667,0.714
"6524",5,35,26,"AVS",1.26489327950429,2.18562522116935,0.913
"6525",5,35,27,"AVS",1.47752265325934,2.40664150052762,0.937
"6526",5,35,28,"AVS",0.459601266288395,1.37205348608219,0.3145
"6527",5,35,29,"AVS",1.88281511971672,2.73869852859272,0.9555
"6528",5,35,30,"AVS",2.14875942026526,3.28455302150616,0.0275
"6529",5,35,31,"AVS",0.362266565358064,1.39403669375893,0.5295
"6530",5,35,32,"AVS",2.36813298958074,3.70882408668611,0.9915
"6531",5,35,33,"AVS",3.38650588170366,4.78086527148304,0.9965
"6532",5,35,34,"AVS",0.622121858341162,1.60878967184491,0.272
"6533",5,35,35,"AVS",0.610797011179902,1.66210934780221,0.72
"6534",5,35,36,"AVS",3.08076381356113,4.0011904007642,0.994
"6535",5,35,37,"AVS",1.27260075925669,2.09908495761112,0.876
"6536",5,35,38,"AVS",0.60674560082227,1.65345673856327,0.6905
"6537",5,35,1,"EQW",0.601209147246238,1.79288369123948,0.5085
"6538",5,35,2,"EQW",0.56934108442346,1.70754022143559,0.6205
"6539",5,35,3,"EQW",0.799911593909443,1.77978551193273,0.266
"6540",5,35,4,"EQW",0.579069528270016,1.64834161965284,0.3355
"6541",5,35,5,"EQW",0.450478885711812,1.56451144176964,0.536
"6542",5,35,6,"EQW",0.613006874928357,1.70897287157292,0.7215
"6543",5,35,7,"EQW",0.563324702888159,1.60928927909821,0.3025
"6544",5,35,8,"EQW",1.3053610757839,2.13798165656212,0.0995
"6545",5,35,9,"EQW",0.665523034507774,1.57432847455065,0.2765
"6546",5,35,10,"EQW",0.397933555170894,1.48755061134088,0.518
"6547",5,35,11,"EQW",2.52942760459641,3.59242971653967,0.0145
"6548",5,35,12,"EQW",0.66453104797729,1.60241622229236,0.2945
"6549",5,35,13,"EQW",1.58241954077532,2.62837848092475,0.9025
"6550",5,35,14,"EQW",0.935774686592829,1.93962962714748,0.7945
"6551",5,35,15,"EQW",0.437221087624465,1.56578295918889,0.5065
"6552",5,35,16,"EQW",0.414587340060062,1.52031261529113,0.5715
"6553",5,35,17,"EQW",1.45458540109739,2.44141253800966,0.925
"6554",5,35,18,"EQW",0.543150131789913,1.73912526759712,0.4635
"6555",5,35,19,"EQW",0.562677353054239,1.65296897594289,0.679
"6556",5,35,20,"EQW",1.0018603633175,1.96292562472802,0.181
"6557",5,35,21,"EQW",1.02207697598371,2.06209223292263,0.81
"6558",5,35,22,"EQW",0.535173823481897,1.62323216433894,0.343
"6559",5,35,23,"EQW",0.380289945929541,1.44480199139135,0.5275
"6560",5,35,24,"EQW",0.703619799958827,1.72214506375547,0.241
"6561",5,35,25,"EQW",0.416527099614001,1.44831299108079,0.6085
"6562",5,35,26,"EQW",1.1994259219857,2.33010238903844,0.9
"6563",5,35,27,"EQW",1.86010390632458,2.54978168260025,0.947
"6564",5,35,28,"EQW",0.666733351483916,1.82760734137135,0.609
"6565",5,35,29,"EQW",2.54471956923843,3.19424433855254,0.967
"6566",5,35,30,"EQW",0.787968397674552,2.21978383643912,0.3815
"6567",5,35,31,"EQW",0.498001175476312,1.57485652474797,0.612
"6568",5,35,32,"EQW",2.56567703646508,3.38874033077106,0.9685
"6569",5,35,33,"EQW",4.67593027180238,4.98711855109492,0.995
"6570",5,35,34,"EQW",1.44477951824409,2.33227242439991,0.632
"6571",5,35,35,"EQW",1.99104670877205,2.3159613575631,0.8415
"6572",5,35,36,"EQW",4.81407885580351,4.30029768343203,0.9935
"6573",5,35,37,"EQW",3.73995252093936,2.85627020440204,0.9365
"6574",5,35,38,"EQW",3.01824678886963,2.5092545964198,0.7995
"6575",5,35,1,"SGP",0.601209147246238,1.77808568011633,0.516
"6576",5,35,2,"SGP",0.561758825142778,1.69404955734393,0.6745
"6577",5,35,3,"SGP",0.69662111729953,1.71365921403226,0.262
"6578",5,35,4,"SGP",0.425844675602726,1.40894705389404,0.3965
"6579",5,35,5,"SGP",0.428887804739919,1.38949225907875,0.6555
"6580",5,35,6,"SGP",0.608476562905964,1.55989467639697,0.7835
"6581",5,35,7,"SGP",0.558947001395986,1.48388791183436,0.2345
"6582",5,35,8,"SGP",1.2153831167206,2.19474370023967,0.07
"6583",5,35,9,"SGP",0.385028197363994,1.2455471288755,0.3815
"6584",5,35,10,"SGP",0.38559809952899,1.30101547035606,0.645
"6585",5,35,11,"SGP",2.6124743812697,4.43012388351497,0.0035
"6586",5,35,12,"SGP",0.339840518793869,1.22632680130879,0.4445
"6587",5,35,13,"SGP",2.1590840809369,3.49575564327963,0.983
"6588",5,35,14,"SGP",0.625002002333293,1.56896831983595,0.751
"6589",5,35,15,"SGP",0.424479609363393,1.36933893010708,0.348
"6590",5,35,16,"SGP",0.310696963389873,1.13965893920572,0.5045
"6591",5,35,17,"SGP",1.22921043026665,2.10594052104043,0.92
"6592",5,35,18,"SGP",0.784122758465505,1.82741616562391,0.1725
"6593",5,35,19,"SGP",0.457329554143691,1.38953147852373,0.6655
"6594",5,35,20,"SGP",1.41926125491303,2.35898133534412,0.07
"6595",5,35,21,"SGP",1.42185256852038,2.46138072538793,0.9385
"6596",5,35,22,"SGP",0.762457326516345,1.69900776169176,0.202
"6597",5,35,23,"SGP",0.335050676423357,1.25364221367216,0.563
"6598",5,35,24,"SGP",0.787708154334324,1.72354714259452,0.1825
"6599",5,35,25,"SGP",0.415029604656548,1.30159170206602,0.6705
"6600",5,35,26,"SGP",1.20769993615859,2.21696163513963,0.925
"6601",5,35,27,"SGP",1.28036154295511,2.23530662555661,0.9345
"6602",5,35,28,"SGP",0.365326871422417,1.29498342588989,0.3915
"6603",5,35,29,"SGP",2.56208381805916,3.52401624846411,0.9765
"6604",5,35,30,"SGP",1.46588617949916,2.4280523891289,0.0975
"6605",5,35,31,"SGP",0.382549109881655,1.38611275890162,0.588
"6606",5,35,32,"SGP",2.521115132159,3.94923453463413,0.9885
"6607",5,35,33,"SGP",4.0373296139945,6.15107516285943,0.9985
"6608",5,35,34,"SGP",0.625540215133017,1.69586652487313,0.3045
"6609",5,35,35,"SGP",0.654692895154197,1.61833007338781,0.731
"6610",5,35,36,"SGP",3.10590478739398,4.21952320055677,0.9915
"6611",5,35,37,"SGP",1.2879336564692,2.07607386313718,0.864
"6612",5,35,38,"SGP",0.473658314550477,1.62647647197334,0.604
"6613",5,35,1,"SGP50",0.601209147246238,1.79431153688147,0.536
"6614",5,35,2,"SGP50",0.568560404325694,1.69562003783259,0.609
"6615",5,35,3,"SGP50",0.795081463991429,1.75218434598077,0.26
"6616",5,35,4,"SGP50",0.571975395969109,1.61367519219363,0.341
"6617",5,35,5,"SGP50",0.446465309183931,1.56977736435903,0.538
"6618",5,35,6,"SGP50",0.612428675167717,1.70087546028534,0.7215
"6619",5,35,7,"SGP50",0.560863920515848,1.5413004734077,0.3175
"6620",5,35,8,"SGP50",1.29423541722624,2.22828142094542,0.0975
"6621",5,35,9,"SGP50",0.644482800429502,1.59951246409338,0.2605
"6622",5,35,10,"SGP50",0.392830492329868,1.39770713250284,0.5295
"6623",5,35,11,"SGP50",2.53972859640668,3.79037533231333,0.0125
"6624",5,35,12,"SGP50",0.628993605665641,1.60172629745723,0.301
"6625",5,35,13,"SGP50",1.6234141418246,2.73814064669822,0.9065
"6626",5,35,14,"SGP50",0.905163874568723,1.83335429115339,0.8065
"6627",5,35,15,"SGP50",0.427982126324722,1.56220491130111,0.5035
"6628",5,35,16,"SGP50",0.402391531837011,1.38537792285446,0.569
"6629",5,35,17,"SGP50",1.43006868745053,2.25499586728218,0.9095
"6630",5,35,18,"SGP50",0.545359018782241,1.82495087714086,0.418
"6631",5,35,19,"SGP50",0.549185390544068,1.58971459153941,0.673
"6632",5,35,20,"SGP50",1.03591922680999,2.01377068526293,0.155
"6633",5,35,21,"SGP50",1.05336742226067,2.14533988482271,0.8375
"6634",5,35,22,"SGP50",0.548782818318107,1.6702758513211,0.3335
"6635",5,35,23,"SGP50",0.374875667645449,1.41798419733012,0.5215
"6636",5,35,24,"SGP50",0.707850300507539,1.64748622043424,0.23
"6637",5,35,25,"SGP50",0.416589491209756,1.47115684647727,0.591
"6638",5,35,26,"SGP50",1.20248371697095,2.15776093198871,0.8845
"6639",5,35,27,"SGP50",1.79688881895327,2.68023167062985,0.95
"6640",5,35,28,"SGP50",0.61472855443434,1.73120349162652,0.6005
"6641",5,35,29,"SGP50",2.50295989879533,3.14919186107481,0.9665
"6642",5,35,30,"SGP50",0.836675995178947,2.21863108667652,0.338
"6643",5,35,31,"SGP50",0.483017288836798,1.56923380915806,0.6175
"6644",5,35,32,"SGP50",2.55536791205002,3.4418455591265,0.9715
"6645",5,35,33,"SGP50",4.56015983900696,5.45154401648599,0.9955
"6646",5,35,34,"SGP50",1.24687635602947,2.29090189991309,0.5815
"6647",5,35,35,"SGP50",1.73358882042462,2.20984737486982,0.839
"6648",5,35,36,"SGP50",4.45600137869619,4.23861234100443,0.9965
"6649",5,35,37,"SGP50",3.12576377338021,2.63180536414385,0.9295
"6650",5,35,38,"SGP50",2.21225590748092,2.30910936540218,0.7625
"6651",5,36,1,"BMA",6.65123357764122,3.91453473354555,0.814
"6652",5,36,2,"BMA",2.75855153602899,3.39099064447519,0.555
"6653",5,36,3,"BMA",2.3810350348819,3.19456615848211,0.5545
"6654",5,36,4,"BMA",3.87605283206076,3.1417991645451,0.8015
"6655",5,36,5,"BMA",1.79537254670364,2.63488182850486,0.6455
"6656",5,36,6,"BMA",11.755959508298,10.6026401236126,0.9995
"6657",5,36,7,"BMA",4.87950265068094,3.90330823704099,0.449
"6658",5,36,8,"BMA",4.95501472048007,3.72859775616118,0.633
"6659",5,36,9,"BMA",7.38230598610269,3.89706422319286,0.7975
"6660",5,36,10,"BMA",4.62634669160838,3.64405101979232,0.7095
"6661",5,36,11,"BMA",9.83838066739905,4.27224411552773,0.904
"6662",5,36,12,"BMA",2.98940544806917,3.48901347363967,0.4895
"6663",5,36,13,"BMA",4.96563074864299,3.66141693660377,0.248
"6664",5,36,14,"BMA",3.06776944114211,3.28349498486815,0.648
"6665",5,36,15,"BMA",3.46109680373092,3.34009955512826,0.313
"6666",5,36,16,"BMA",3.14475420185306,3.32321618373176,0.341
"6667",5,36,17,"BMA",11.3459374593372,4.44960398096098,0.0535
"6668",5,36,18,"BMA",8.47792921278164,4.07734459215278,0.108
"6669",5,36,19,"BMA",12.0816117101587,4.56032593474723,0.046
"6670",5,36,20,"BMA",9.02081889349017,4.20087255443488,0.083
"6671",5,36,21,"BMA",3.51654970832316,3.41181471889615,0.3145
"6672",5,36,22,"BMA",6.69080873779603,3.78162457995129,0.1265
"6673",5,36,23,"BMA",2.55177681816731,3.24887477691015,0.411
"6674",5,36,24,"BMA",4.06785528178814,3.35790250085853,0.227
"6675",5,36,25,"BMA",3.13596387156526,3.12473580779445,0.2435
"6676",5,36,26,"BMA",3.60832655441597,3.20309780011238,0.1335
"6677",5,36,27,"BMA",1.28565373127971,2.51016056821811,0.622
"6678",5,36,28,"BMA",2.16060300019602,2.88734142425528,0.802
"6679",5,36,29,"BMA",1.83349307143778,2.70627532918073,0.7845
"6680",5,36,30,"BMA",1.30823724912245,2.51528870541631,0.743
"6681",5,36,31,"BMA",2.64732332421116,3.10513010323902,0.892
"6682",5,36,32,"BMA",2.61023857238317,3.06546284008178,0.883
"6683",5,36,33,"BMA",3.55112305791433,3.43325755425856,0.9355
"6684",5,36,34,"BMA",1.10054089047841,2.25777094548518,0.699
"6685",5,36,35,"BMA",0.628770230126864,1.96973190020984,0.57
"6686",5,36,36,"BMA",0.676592158419062,1.83218955369561,0.3775
"6687",5,36,37,"BMA",0.63264759480553,1.68273423642505,0.3485
"6688",5,36,38,"BMA",0.76422159981952,1.78954229545188,0.2795
"6689",5,36,1,"AVS",6.65123357764122,3.88070682006259,0.8055
"6690",5,36,2,"AVS",2.52254505193183,3.30560178902018,0.6085
"6691",5,36,3,"AVS",2.8789090592781,3.16264983400651,0.6395
"6692",5,36,4,"AVS",7.34113719153997,3.90356945425608,0.874
"6693",5,36,5,"AVS",4.10012457940168,3.09447864268102,0.7545
"6694",5,36,6,"AVS",11.5997225471691,10.3599109125933,1
"6695",5,36,7,"AVS",22.9734356268026,23.9295390926246,0
"6696",5,36,8,"AVS",5.3121536655388,3.80777342019538,0.633
"6697",5,36,9,"AVS",8.70565588833602,3.9348643610673,0.801
"6698",5,36,10,"AVS",5.62366423037876,3.85726313355489,0.137
"6699",5,36,11,"AVS",2.49397789707711,3.01416534674868,0.668
"6700",5,36,12,"AVS",9.68739148601841,4.9316429045859,0.023
"6701",5,36,13,"AVS",9.9413051510402,4.50867452514385,0.0765
"6702",5,36,14,"AVS",3.08820736576389,3.30520333005353,0.65
"6703",5,36,15,"AVS",4.14497112052512,3.51022754840449,0.251
"6704",5,36,16,"AVS",3.16105729352752,3.37184853380259,0.3565
"6705",5,36,17,"AVS",10.9501293773575,4.42046024407775,0.065
"6706",5,36,18,"AVS",7.23675223968062,3.89432056314796,0.1365
"6707",5,36,19,"AVS",7.78758627493604,3.96335808774883,0.121
"6708",5,36,20,"AVS",1.78154578952076,2.96244905569643,0.5165
"6709",5,36,21,"AVS",5.15893155200576,3.41545293365646,0.852
"6710",5,36,22,"AVS",2.18337163693561,2.98155271485749,0.408
"6711",5,36,23,"AVS",4.56682840021107,3.42263828173733,0.84
"6712",5,36,24,"AVS",2.01616708499059,3.04217464980064,0.3865
"6713",5,36,25,"AVS",1.76810813362224,2.96578188118533,0.5215
"6714",5,36,26,"AVS",3.247692430984,3.12646406393326,0.2035
"6715",5,36,27,"AVS",3.24764909809649,3.11383729895026,0.7885
"6716",5,36,28,"AVS",1.53966138136157,2.77868231706577,0.5685
"6717",5,36,29,"AVS",3.01843891928792,3.0692644155187,0.231
"6718",5,36,30,"AVS",1.68095574264092,2.90692788218443,0.4925
"6719",5,36,31,"AVS",2.19422659518952,2.88835189968954,0.6755
"6720",5,36,32,"AVS",1.68515313582618,2.96046178471806,0.5035
"6721",5,36,33,"AVS",1.6460362290488,2.87285247959011,0.5845
"6722",5,36,34,"AVS",2.21654634422176,2.9908039812075,0.302
"6723",5,36,35,"AVS",1.51118293178614,2.75779553920904,0.5165
"6724",5,36,36,"AVS",1.53491873174146,2.82958248738482,0.4905
"6725",5,36,37,"AVS",1.44523409110674,2.75056025356852,0.5545
"6726",5,36,38,"AVS",1.31579575918492,2.81037403589471,0.521
"6727",5,36,1,"EQW",6.65123357764122,3.87197287741866,0.8105
"6728",5,36,2,"EQW",2.7800331478063,3.31536838814338,0.619
"6729",5,36,3,"EQW",2.58726908674283,3.2139425760497,0.567
"6730",5,36,4,"EQW",4.06223410956522,3.386257873703,0.74
"6731",5,36,5,"EQW",4.11906232636329,3.28235081044196,0.7055
"6732",5,36,6,"EQW",16.4990291421516,5.5690323468316,0.973
"6733",5,36,7,"EQW",5.4563954052698,4.13735754434084,0.4505
"6734",5,36,8,"EQW",3.71353988473273,3.67222874656584,0.5565
"6735",5,36,9,"EQW",4.84375026127234,3.66237277681333,0.6565
"6736",5,36,10,"EQW",4.25527268187642,3.85049876556799,0.571
"6737",5,36,11,"EQW",8.94368816042118,3.874635817981,0.8805
"6738",5,36,12,"EQW",5.01309047044741,4.01922259870318,0.538
"6739",5,36,13,"EQW",4.83227213750451,3.98802929649789,0.406
"6740",5,36,14,"EQW",5.49831483381234,3.62775976151611,0.77
"6741",5,36,15,"EQW",3.68318881040844,3.61531026884743,0.437
"6742",5,36,16,"EQW",3.50575122250998,3.48015413903776,0.5025
"6743",5,36,17,"EQW",6.65909816607645,4.2564783643358,0.2615
"6744",5,36,18,"EQW",4.30377623539767,3.66654833264139,0.326
"6745",5,36,19,"EQW",6.42891553155861,3.86259674275582,0.1805
"6746",5,36,20,"EQW",4.71260980189258,3.52176586588484,0.2465
"6747",5,36,21,"EQW",2.54014187323644,3.38355691924678,0.4815
"6748",5,36,22,"EQW",3.65023620586422,3.32940702378602,0.2555
"6749",5,36,23,"EQW",2.11350949272012,3.07520967397547,0.5645
"6750",5,36,24,"EQW",2.3921990763303,3.02497158430785,0.3315
"6751",5,36,25,"EQW",2.5392028824946,3.12573497566539,0.279
"6752",5,36,26,"EQW",3.90877694592551,3.34041792029508,0.13
"6753",5,36,27,"EQW",1.6621498922599,2.75570849082595,0.597
"6754",5,36,28,"EQW",1.61175342686035,2.79251063410669,0.609
"6755",5,36,29,"EQW",1.5859990489451,2.80779092816465,0.48
"6756",5,36,30,"EQW",1.35915821997505,2.68296446527573,0.5495
"6757",5,36,31,"EQW",1.88322013727071,2.88288928992197,0.704
"6758",5,36,32,"EQW",1.79426998504245,2.94858113490895,0.6835
"6759",5,36,33,"EQW",2.3181431351954,3.1660590194868,0.75
"6760",5,36,34,"EQW",1.32773931546467,2.67311765227567,0.535
"6761",5,36,35,"EQW",1.084484760716,2.40688717048901,0.5525
"6762",5,36,36,"EQW",1.02444040703085,2.34500210912293,0.468
"6763",5,36,37,"EQW",0.949393143406504,2.21350168900259,0.4925
"6764",5,36,38,"EQW",0.908304694923866,2.19142795693227,0.459
"6765",5,36,1,"SGP",6.65123357764122,3.88293662984377,0.801
"6766",5,36,2,"SGP",2.60762965233793,3.2413417364162,0.6415
"6767",5,36,3,"SGP",1.47675455080674,2.73025593088454,0.543
"6768",5,36,4,"SGP",1.95374980043622,2.68569303195848,0.7825
"6769",5,36,5,"SGP",0.9857239043507,2.31392779415586,0.585
"6770",5,36,6,"SGP",11.6660525155956,9.83265628006746,0.999
"6771",5,36,7,"SGP",22.1691836927176,7.58192042556947,0.009
"6772",5,36,8,"SGP",4.52279251460064,3.38014621861539,0.1395
"6773",5,36,9,"SGP",2.86657795751621,3.09364548516778,0.242
"6774",5,36,10,"SGP",6.40060564621866,4.07152665075578,0.0635
"6775",5,36,11,"SGP",1.86874090334878,2.89195760693444,0.6415
"6776",5,36,12,"SGP",9.55067858786358,4.69260915592765,0.0275
"6777",5,36,13,"SGP",14.0563693618847,5.83844564319786,0.0065
"6778",5,36,14,"SGP",4.01328167992022,3.40695554918157,0.8
"6779",5,36,15,"SGP",4.38836016250627,3.39952283529473,0.1785
"6780",5,36,16,"SGP",2.00022663115308,3.06166087501409,0.4175
"6781",5,36,17,"SGP",8.64283151725005,4.18828700913623,0.0495
"6782",5,36,18,"SGP",2.34158707418082,3.16328767541974,0.337
"6783",5,36,19,"SGP",4.29412587201169,3.45222773871397,0.1695
"6784",5,36,20,"SGP",1.79113967756603,2.94757278279723,0.5
"6785",5,36,21,"SGP",5.10251572701869,3.57010316687571,0.86
"6786",5,36,22,"SGP",2.19608579548523,2.9485844403539,0.3875
"6787",5,36,23,"SGP",4.52707651809528,3.46768475621243,0.831
"6788",5,36,24,"SGP",2.02243215426136,3.10294497866311,0.404
"6789",5,36,25,"SGP",1.77048030438512,2.90959128731795,0.4925
"6790",5,36,26,"SGP",3.25372051234188,3.13874983246459,0.2175
"6791",5,36,27,"SGP",3.22678593806655,3.20027626412919,0.8
"6792",5,36,28,"SGP",1.54093563001965,2.76249024000624,0.572
"6793",5,36,29,"SGP",2.99660341140501,3.1080996170501,0.2275
"6794",5,36,30,"SGP",1.6781961317322,2.97033979687456,0.4725
"6795",5,36,31,"SGP",2.19012406764568,2.93059421467854,0.6725
"6796",5,36,32,"SGP",1.68501162194426,2.99869267313963,0.5305
"6797",5,36,33,"SGP",1.65125563122634,2.88105082722123,0.5855
"6798",5,36,34,"SGP",2.20285569536485,2.97228014827379,0.3
"6799",5,36,35,"SGP",1.50569936106455,2.74840744203674,0.5225
"6800",5,36,36,"SGP",1.52820963881959,2.8099407140445,0.5105
"6801",5,36,37,"SGP",1.43912138919126,2.71513353444594,0.551
"6802",5,36,38,"SGP",1.31033200613087,2.81069742485711,0.5175
"6803",5,36,1,"SGP50",6.65123357764122,3.85896365108554,0.782
"6804",5,36,2,"SGP50",2.77986493313243,3.25074288170895,0.6115
"6805",5,36,3,"SGP50",2.50236231775913,3.06960280987861,0.5565
"6806",5,36,4,"SGP50",4.03422235325439,3.34288241555007,0.762
"6807",5,36,5,"SGP50",3.85199445254836,3.24813972651005,0.728
"6808",5,36,6,"SGP50",15.8353789060305,5.70520349175148,0.982
"6809",5,36,7,"SGP50",6.71652398552719,4.18536230576808,0.398
"6810",5,36,8,"SGP50",3.3928991328215,3.64787413970876,0.49
"6811",5,36,9,"SGP50",3.84447682036707,3.60567179814493,0.592
"6812",5,36,10,"SGP50",3.7881372215429,3.79682845943583,0.445
"6813",5,36,11,"SGP50",6.32599158443795,3.55528025504372,0.804
"6814",5,36,12,"SGP50",4.84370736218765,4.10458947381667,0.372
"6815",5,36,13,"SGP50",6.9461957991897,4.25386112474587,0.232
"6816",5,36,14,"SGP50",4.49687173770338,3.52677254570942,0.771
"6817",5,36,15,"SGP50",3.60943383592557,3.51761995523168,0.3085
"6818",5,36,16,"SGP50",2.62833533417472,3.22140954762224,0.4465
"6819",5,36,17,"SGP50",8.06483331526817,4.26296755437588,0.1435
"6820",5,36,18,"SGP50",3.79980818180979,3.49417340497575,0.2995
"6821",5,36,19,"SGP50",6.08202705271183,3.69500482667384,0.179
"6822",5,36,20,"SGP50",3.25442675737136,3.336969014321,0.359
"6823",5,36,21,"SGP50",3.06871396395753,3.39800073378602,0.641
"6824",5,36,22,"SGP50",3.10607636406579,3.16586252658496,0.281
"6825",5,36,23,"SGP50",2.86839180283132,3.26967804647149,0.6635
"6826",5,36,24,"SGP50",2.39051897509485,3.05154444095267,0.3745
"6827",5,36,25,"SGP50",2.12340613051684,3.0459601189135,0.3675
"6828",5,36,26,"SGP50",3.60571968169087,3.24376173183796,0.166
"6829",5,36,27,"SGP50",2.26991271852143,3.04285947874404,0.6835
"6830",5,36,28,"SGP50",1.61538464576894,2.82041304526734,0.5545
"6831",5,36,29,"SGP50",2.05654830201579,3.0322037079306,0.3705
"6832",5,36,30,"SGP50",1.5273220856922,2.74718465238926,0.5285
"6833",5,36,31,"SGP50",1.99917862903788,2.87658610697206,0.704
"6834",5,36,32,"SGP50",1.72216161787682,2.89037856542818,0.612
"6835",5,36,33,"SGP50",2.00982625931387,3.09385047715832,0.673
"6836",5,36,34,"SGP50",1.57450580339303,2.75579450203869,0.437
"6837",5,36,35,"SGP50",1.22028564773581,2.5077488366926,0.551
"6838",5,36,36,"SGP50",1.17870451197517,2.45621589819844,0.4895
"6839",5,36,37,"SGP50",1.09201316604494,2.35579838238718,0.49
"6840",5,36,38,"SGP50",1.01278389748268,2.33440414179857,0.4695
"6841",5,37,1,"BMA",1.27571083538038,2.29743640544352,0.3075
"6842",5,37,2,"BMA",3.49096046394977,3.56120290683328,0.036
"6843",5,37,3,"BMA",4.22760947981195,3.52682283034529,0.0555
"6844",5,37,4,"BMA",0.844130005566836,2.17859800134297,0.4755
"6845",5,37,5,"BMA",0.82348249551478,2.13087863005176,0.637
"6846",5,37,6,"BMA",1.17503992661752,2.18380106804479,0.2455
"6847",5,37,7,"BMA",0.735868349589371,2.00388921426823,0.626
"6848",5,37,8,"BMA",1.21902764050562,2.18965995819462,0.1945
"6849",5,37,9,"BMA",0.637443502510677,1.94701201196165,0.495
"6850",5,37,10,"BMA",0.589679039266962,1.8524848914579,0.495
"6851",5,37,11,"BMA",0.574527397822326,1.84508576661621,0.505
"6852",5,37,12,"BMA",0.541511499028361,1.74850590484322,0.486
"6853",5,37,13,"BMA",0.544686855509373,1.74699437672665,0.509
"6854",5,37,14,"BMA",0.616379754877718,1.75698642288515,0.668
"6855",5,37,15,"BMA",1.2379016438181,2.14495734384999,0.8395
"6856",5,37,16,"BMA",0.485222378254693,1.75696170645283,0.5185
"6857",5,37,17,"BMA",0.658200305003153,1.75547782550998,0.685
"6858",5,37,18,"BMA",0.512200430688982,1.64500329894207,0.488
"6859",5,37,19,"BMA",0.667847114769996,1.87698137558246,0.2875
"6860",5,37,20,"BMA",0.445616758170185,1.61787680453656,0.4765
"6861",5,37,21,"BMA",0.650887497572158,1.77005283656538,0.7125
"6862",5,37,22,"BMA",1.19442203496284,2.08257293278675,0.843
"6863",5,37,23,"BMA",2.95906491562245,3.80565753845702,0.0145
"6864",5,37,24,"BMA",1.25187103222525,2.18397865341252,0.1535
"6865",5,37,25,"BMA",0.66123328877236,1.75844401561075,0.6625
"6866",5,37,26,"BMA",0.467235328950841,1.60794101938716,0.495
"6867",5,37,27,"BMA",0.666685144112825,1.71406264192055,0.3145
"6868",5,37,28,"BMA",0.652147586607459,1.7272083797889,0.3025
"6869",5,37,29,"BMA",1.22641257143893,1.54926719547543,0.146
"6870",5,37,30,"BMA",0.187788827654784,0.0236422120767892,0.488
"6871",5,37,31,"BMA",0.228030081963327,0.0286727913892446,0.496
"6872",5,37,32,"BMA",0.225567261658516,-0.0910869765457604,0.4985
"6873",5,37,33,"BMA",0.217773016229637,-0.023352778730992,0.5115
"6874",5,37,34,"BMA",0.203241975795738,-0.073330281213506,0.5015
"6875",5,37,35,"BMA",0.185188118824643,-0.201905820652864,0.5275
"6876",5,37,36,"BMA",0.230506512886769,0.0735819405993625,0.478
"6877",5,37,37,"BMA",0.213774481165448,-0.113738013918352,0.498
"6878",5,37,38,"BMA",0.191617102069759,-0.180127767995804,0.5055
"6879",5,37,1,"AVS",1.27571083538038,2.26945085717661,0.321
"6880",5,37,2,"AVS",3.30792450742844,3.40650904452767,0.044
"6881",5,37,3,"AVS",3.69384361712925,3.24048789074972,0.0665
"6882",5,37,4,"AVS",0.792093377116218,2.13805637024325,0.476
"6883",5,37,5,"AVS",0.826072348610096,2.14502144330316,0.628
"6884",5,37,6,"AVS",1.1676545577014,2.12689950866083,0.242
"6885",5,37,7,"AVS",0.736256557661595,2.02086393389993,0.636
"6886",5,37,8,"AVS",1.21800614952643,2.18986401851174,0.205
"6887",5,37,9,"AVS",0.637435084604983,1.87567051000637,0.4975
"6888",5,37,10,"AVS",0.589861871000396,1.81311774975667,0.4935
"6889",5,37,11,"AVS",0.575154153488298,1.89374655727299,0.515
"6890",5,37,12,"AVS",0.542552420118648,1.76255902025517,0.476
"6891",5,37,13,"AVS",0.546841394496804,1.74602387826462,0.4915
"6892",5,37,14,"AVS",0.620212989579131,1.76162662091042,0.6765
"6893",5,37,15,"AVS",1.23205674746407,2.08182444886171,0.8255
"6894",5,37,16,"AVS",0.481882687728416,1.71824277189436,0.494
"6895",5,37,17,"AVS",0.649804804575448,1.80627150876632,0.6805
"6896",5,37,18,"AVS",0.512323137911868,1.66086109637163,0.507
"6897",5,37,19,"AVS",0.668447849283339,1.82029470045923,0.3055
"6898",5,37,20,"AVS",0.445549635128079,1.61612323570466,0.4655
"6899",5,37,21,"AVS",0.650485610597788,1.78348952627616,0.6865
"6900",5,37,22,"AVS",1.19400299960471,2.06011968424701,0.8535
"6901",5,37,23,"AVS",2.95915269952281,3.8558606741808,0.0185
"6902",5,37,24,"AVS",1.25217327246081,2.03851230578719,0.1665
"6903",5,37,25,"AVS",0.661574766429611,1.68335560936766,0.6785
"6904",5,37,26,"AVS",0.467507048666776,1.67711292387111,0.478
"6905",5,37,27,"AVS",0.666787106210345,1.72634648746251,0.324
"6906",5,37,28,"AVS",0.650203933618284,1.68598917366863,0.321
"6907",5,37,29,"AVS",1.22720500454307,1.51140666500326,0.1495
"6908",5,37,30,"AVS",0.186511497223053,-0.00186468077115733,0.509
"6909",5,37,31,"AVS",0.228329879567335,0.137584322131407,0.477
"6910",5,37,32,"AVS",0.225696626476144,0.00139847938999573,0.503
"6911",5,37,33,"AVS",0.217928665628029,0.0151641135993286,0.4905
"6912",5,37,34,"AVS",0.203585315196985,-0.0752918640869415,0.4995
"6913",5,37,35,"AVS",0.184939997752223,-0.082219657013002,0.505
"6914",5,37,36,"AVS",0.230878233760548,-0.0136419696513535,0.4975
"6915",5,37,37,"AVS",0.214151533492658,-0.108185683168246,0.4875
"6916",5,37,38,"AVS",0.190050704617391,-0.194349799539515,0.5065
"6917",5,37,1,"EQW",1.27571083538038,2.26498482742817,0.307
"6918",5,37,2,"EQW",3.91589288196802,3.58667932649755,0.046
"6919",5,37,3,"EQW",5.61968221493147,3.8089270616194,0.0355
"6920",5,37,4,"EQW",3.41878596091018,3.09273165396197,0.1595
"6921",5,37,5,"EQW",1.38190407823218,2.51689409370041,0.3945
"6922",5,37,6,"EQW",2.08411928595862,2.46741431009756,0.1735
"6923",5,37,7,"EQW",1.07589587594126,2.25490378256621,0.4405
"6924",5,37,8,"EQW",1.5581601846082,2.28030260863171,0.1725
"6925",5,37,9,"EQW",0.785131319755107,1.92652814807761,0.342
"6926",5,37,10,"EQW",0.632994036457742,1.82129243571219,0.399
"6927",5,37,11,"EQW",0.561983986507874,1.81016668338136,0.4345
"6928",5,37,12,"EQW",0.50492932871095,1.67305946713158,0.486
"6929",5,37,13,"EQW",0.482022867959516,1.67937295506283,0.517
"6930",5,37,14,"EQW",0.687886179805685,1.78981071026658,0.726
"6931",5,37,15,"EQW",1.59501593768619,2.53675494359489,0.8825
"6932",5,37,16,"EQW",0.902332272382457,2.08745309869177,0.7025
"6933",5,37,17,"EQW",1.32628134559339,2.26007659059828,0.8005
"6934",5,37,18,"EQW",0.974797772532519,2.15490627202246,0.687
"6935",5,37,19,"EQW",0.659580562548046,1.98086712290044,0.541
"6936",5,37,20,"EQW",0.661529494355293,1.88086293556591,0.663
"6937",5,37,21,"EQW",1.02933121785662,2.05815375168767,0.773
"6938",5,37,22,"EQW",1.83819508242061,2.51191750215562,0.884
"6939",5,37,23,"EQW",1.42880802442998,2.3825087537237,0.241
"6940",5,37,24,"EQW",1.29746011587858,2.08929512895908,0.158
"6941",5,37,25,"EQW",0.555624377671669,1.72983754360507,0.526
"6942",5,37,26,"EQW",0.539022116241216,1.7030609413968,0.428
"6943",5,37,27,"EQW",0.831433393898974,1.83934807357651,0.257
"6944",5,37,28,"EQW",1.04168270490321,2.01882705280741,0.211
"6945",5,37,29,"EQW",1.97240905350711,2.24900136874817,0.0635
"6946",5,37,30,"EQW",0.665698892025772,1.10492259037862,0.2475
"6947",5,37,31,"EQW",0.395372944622213,0.505708885844344,0.249
"6948",5,37,32,"EQW",0.292031240092674,0.147991873338063,0.2615
"6949",5,37,33,"EQW",0.22917037424463,-0.0258991961786088,0.249
"6950",5,37,34,"EQW",0.196200355141606,-0.231187937668342,0.2475
"6951",5,37,35,"EQW",0.160892843375918,-0.494355355653184,0.259
"6952",5,37,36,"EQW",0.155232492730675,-0.347832766682423,0.227
"6953",5,37,37,"EQW",0.140076237866076,-0.52035196107144,0.2415
"6954",5,37,38,"EQW",0.128135793771542,-0.641795247528308,0.2655
"6955",5,37,1,"SGP",1.27571083538038,2.31605306541914,0.319
"6956",5,37,2,"SGP",3.48041785319819,3.56232264403577,0.0285
"6957",5,37,3,"SGP",4.97898009253394,4.16325748251332,0.0255
"6958",5,37,4,"SGP",1.6986184984086,2.56969070361453,0.301
"6959",5,37,5,"SGP",0.816826274829399,2.21881655889417,0.591
"6960",5,37,6,"SGP",1.21666955217274,2.26382032682034,0.235
"6961",5,37,7,"SGP",0.739381267532972,2.01933151298782,0.617
"6962",5,37,8,"SGP",1.23248749197293,2.2132061810898,0.1875
"6963",5,37,9,"SGP",0.635893714520515,1.97632047384073,0.4915
"6964",5,37,10,"SGP",0.590146996762738,1.87557058230668,0.509
"6965",5,37,11,"SGP",0.571245505378027,1.8336811390006,0.5125
"6966",5,37,12,"SGP",0.535598732089015,1.74482059246752,0.469
"6967",5,37,13,"SGP",0.536030090401622,1.76369301479158,0.478
"6968",5,37,14,"SGP",0.624906758505018,1.81348103107386,0.6725
"6969",5,37,15,"SGP",1.24388970690677,2.16718581854799,0.8355
"6970",5,37,16,"SGP",0.491798913714644,1.68155097520775,0.5265
"6971",5,37,17,"SGP",0.683018176989377,1.82269490267832,0.69
"6972",5,37,18,"SGP",0.512382216899006,1.68918213853101,0.5095
"6973",5,37,19,"SGP",0.653271351736716,1.8170809388328,0.308
"6974",5,37,20,"SGP",0.451097704015779,1.64080398286872,0.472
"6975",5,37,21,"SGP",0.669013464896639,1.84950742721533,0.7025
"6976",5,37,22,"SGP",1.22811154866675,2.12567536931745,0.848
"6977",5,37,23,"SGP",2.83996161511885,3.57212219686259,0.0315
"6978",5,37,24,"SGP",1.25030244813931,2.1056309571059,0.1505
"6979",5,37,25,"SGP",0.649982803779422,1.7566359385646,0.682
"6980",5,37,26,"SGP",0.466781903986733,1.64688792488769,0.4715
"6981",5,37,27,"SGP",0.66900492690274,1.75387268000089,0.299
"6982",5,37,28,"SGP",0.672072431274491,1.73524730976519,0.2945
"6983",5,37,29,"SGP",1.25359809685055,1.66337209488921,0.129
"6984",5,37,30,"SGP",0.215101949258106,-0.0799598909306251,0.502
"6985",5,37,31,"SGP",0.234365511306457,0.0560134777921114,0.482
"6986",5,37,32,"SGP",0.228128704577165,-0.144691460933419,0.513
"6987",5,37,33,"SGP",0.217757463929076,-0.0211509095363547,0.4875
"6988",5,37,34,"SGP",0.202105512570347,-0.0883218870056688,0.4925
"6989",5,37,35,"SGP",0.18501970918642,-0.211655818979304,0.5275
"6990",5,37,36,"SGP",0.225174265148236,0.116057269692021,0.464
"6991",5,37,37,"SGP",0.208321672503203,0.0778801238212797,0.4595
"6992",5,37,38,"SGP",0.192659926213343,-0.080005253669794,0.4725
"6993",5,37,1,"SGP50",1.27571083538038,2.20063630666019,0.3
"6994",5,37,2,"SGP50",3.88159072364289,3.47354453726457,0.045
"6995",5,37,3,"SGP50",5.54539527473802,3.81747563390417,0.0355
"6996",5,37,4,"SGP50",3.3245524658176,3.0205540457251,0.1565
"6997",5,37,5,"SGP50",1.29856056851109,2.5017990901361,0.3825
"6998",5,37,6,"SGP50",1.9632529902573,2.43229022777367,0.1715
"6999",5,37,7,"SGP50",0.996684806688136,2.21794429399432,0.436
"7000",5,37,8,"SGP50",1.48862365305861,2.32600847116828,0.1615
"7001",5,37,9,"SGP50",0.746217355127565,1.94386897242001,0.368
"7002",5,37,10,"SGP50",0.618431178225947,1.79574495589444,0.4075
"7003",5,37,11,"SGP50",0.559117277234821,1.80568825671084,0.4445
"7004",5,37,12,"SGP50",0.504596337992729,1.66518746623503,0.4795
"7005",5,37,13,"SGP50",0.478768136391402,1.59508618201348,0.5045
"7006",5,37,14,"SGP50",0.656797460702457,1.76771335199173,0.6975
"7007",5,37,15,"SGP50",1.51426333628983,2.43155330603994,0.867
"7008",5,37,16,"SGP50",0.808977842670804,2.05913078588815,0.669
"7009",5,37,17,"SGP50",1.21042978237702,2.11363914592377,0.782
"7010",5,37,18,"SGP50",0.872986370253098,2.08350544779455,0.652
"7011",5,37,19,"SGP50",0.62425443692055,1.85341460990914,0.513
"7012",5,37,20,"SGP50",0.614761874228692,1.86592726465402,0.608
"7013",5,37,21,"SGP50",0.970689450391452,2.04651084644114,0.773
"7014",5,37,22,"SGP50",1.76053633740304,2.43315808251081,0.872
"7015",5,37,23,"SGP50",1.55360925226785,2.42445597198643,0.2175
"7016",5,37,24,"SGP50",1.28088010676881,2.05921951108116,0.154
"7017",5,37,25,"SGP50",0.543363459211094,1.69109633868235,0.5385
"7018",5,37,26,"SGP50",0.514401295955026,1.69934759116989,0.455
"7019",5,37,27,"SGP50",0.805400348718274,1.79808044071879,0.268
"7020",5,37,28,"SGP50",0.996608253460802,1.94553249381726,0.2285
"7021",5,37,29,"SGP50",1.88291800869137,2.11180953427728,0.085
"7022",5,37,30,"SGP50",0.613549567014903,0.918096103883236,0.297
"7023",5,37,31,"SGP50",0.37343083950399,0.349171921223416,0.3005
"7024",5,37,32,"SGP50",0.283614068767041,0.15177034412711,0.284
"7025",5,37,33,"SGP50",0.228438958022695,-0.0344202584403011,0.291
"7026",5,37,34,"SGP50",0.199733428566503,-0.219559444916525,0.2955
"7027",5,37,35,"SGP50",0.166261886261072,-0.396655480403212,0.2895
"7028",5,37,36,"SGP50",0.165017936375113,-0.317451265125529,0.29
"7029",5,37,37,"SGP50",0.15055789748043,-0.514872432236263,0.2815
"7030",5,37,38,"SGP50",0.139631734422,-0.575504233545299,0.288
"7031",5,38,1,"BMA",4.31559008213827,3.68502114089654,0.761
"7032",5,38,2,"BMA",2.96008856402251,3.22204856296592,0.7005
"7033",5,38,3,"BMA",10.9841134166063,5.10019322588322,0.9485
"7034",5,38,4,"BMA",7.59975311755079,3.98082313631148,0.8125
"7035",5,38,5,"BMA",5.70534386373072,3.95656694568906,0.286
"7036",5,38,6,"BMA",3.95633465875816,3.7668783921606,0.538
"7037",5,38,7,"BMA",3.77949878584905,3.6842955673061,0.5645
"7038",5,38,8,"BMA",3.70246047577709,3.61961753521455,0.5915
"7039",5,38,9,"BMA",3.52776151123974,3.53420568645054,0.4975
"7040",5,38,10,"BMA",3.75708410671701,3.50315706309082,0.5915
"7041",5,38,11,"BMA",2.81032058630265,3.32030456079164,0.5555
"7042",5,38,12,"BMA",2.27243429845928,3.2535154461435,0.533
"7043",5,38,13,"BMA",5.97029362994682,3.86336041274456,0.135
"7044",5,38,14,"BMA",2.68856917908119,3.27967649516589,0.59
"7045",5,38,15,"BMA",2.12260657261853,3.1390237653585,0.5065
"7046",5,38,16,"BMA",5.1823143802105,3.52774393220662,0.144
"7047",5,38,17,"BMA",1.78542509650282,2.95658357713159,0.5795
"7048",5,38,18,"BMA",1.73229073845168,2.83392533200264,0.378
"7049",5,38,19,"BMA",2.58981743537211,2.8704422769114,0.2195
"7050",5,38,20,"BMA",4.49476583260173,3.64269105332819,0.077
"7051",5,38,21,"BMA",1.55773934529332,2.66579864117914,0.7
"7052",5,38,22,"BMA",5.03996684622507,3.95792805965778,0.956
"7053",5,38,23,"BMA",7.2231290756892,4.89893123533726,0.983
"7054",5,38,24,"BMA",2.71874887527546,3.15898434999684,0.773
"7055",5,38,25,"BMA",6.1830318127469,4.24456366692652,0.933
"7056",5,38,26,"BMA",3.0274520658139,3.43010957631435,0.694
"7057",5,38,27,"BMA",2.03966390328905,3.03337943433542,0.4375
"7058",5,38,28,"BMA",2.51145572509673,2.93878746592027,0.275
"7059",5,38,29,"BMA",1.41150306521783,2.6242958264618,0.376
"7060",5,38,30,"BMA",1.3497494123773,2.51913597678899,0.6405
"7061",5,38,31,"BMA",1.11282759806397,2.4132568057943,0.594
"7062",5,38,32,"BMA",2.95787928764414,3.11285878036554,0.8725
"7063",5,38,33,"BMA",2.56159614120238,3.01777675260469,0.834
"7064",5,38,34,"BMA",2.52254430657323,3.16606247528763,0.8035
"7065",5,38,35,"BMA",1.16162904146529,2.44039070657234,0.4745
"7066",5,38,36,"BMA",1.08327433236363,2.35951376863431,0.6435
"7067",5,38,37,"BMA",2.2552026097855,2.64055961638578,0.168
"7068",5,38,38,"BMA",5.31172793888185,4.37543308873314,0.0375
"7069",5,38,1,"AVS",4.31559008213827,3.7876047045198,0.7575
"7070",5,38,2,"AVS",2.81073290384286,3.25514116606627,0.5745
"7071",5,38,3,"AVS",10.5766139165199,4.57068401653264,0.9055
"7072",5,38,4,"AVS",9.84463344336367,4.20498678464392,0.8605
"7073",5,38,5,"AVS",8.5622380529012,4.21748827379979,0.0995
"7074",5,38,6,"AVS",3.98266980125643,3.59590657560732,0.3515
"7075",5,38,7,"AVS",2.92887099704489,3.34023895420242,0.4545
"7076",5,38,8,"AVS",2.26095496636049,3.10535277845477,0.413
"7077",5,38,9,"AVS",5.30079322384181,3.89833458285941,0.121
"7078",5,38,10,"AVS",3.37861985815839,3.52203940335994,0.4805
"7079",5,38,11,"AVS",2.86356442047743,3.37774519065809,0.5495
"7080",5,38,12,"AVS",2.2569043506949,3.14111243581405,0.574
"7081",5,38,13,"AVS",5.64604800918033,3.71330210840754,0.1695
"7082",5,38,14,"AVS",2.69605711707001,3.36171270882401,0.5795
"7083",5,38,15,"AVS",2.14188753117701,3.09598134225189,0.556
"7084",5,38,16,"AVS",4.53040211161946,3.49526347738282,0.147
"7085",5,38,17,"AVS",1.75867376558478,2.99388920741869,0.544
"7086",5,38,18,"AVS",1.6182572698957,2.77688049286279,0.4105
"7087",5,38,19,"AVS",2.54415481302852,2.90056992762673,0.213
"7088",5,38,20,"AVS",4.5107698030457,3.43451999602556,0.094
"7089",5,38,21,"AVS",1.52393416343964,2.62978211745337,0.6835
"7090",5,38,22,"AVS",5.06805842941507,3.86439307683273,0.947
"7091",5,38,23,"AVS",7.41491968940884,4.98440600272815,0.991
"7092",5,38,24,"AVS",3.38774488347141,3.16170057582474,0.8785
"7093",5,38,25,"AVS",7.03688962454532,4.46671117883436,0.9815
"7094",5,38,26,"AVS",5.99066038357048,4.16144932027769,0.959
"7095",5,38,27,"AVS",2.59522938985338,3.16993834679862,0.839
"7096",5,38,28,"AVS",1.01484225940633,2.44951746436234,0.45
"7097",5,38,29,"AVS",1.19048488091885,2.38685058721335,0.356
"7098",5,38,30,"AVS",1.07217070097251,2.36402242815038,0.6295
"7099",5,38,31,"AVS",1.04273966849399,2.39807204788795,0.616
"7100",5,38,32,"AVS",3.13847764819316,3.21150970892039,0.9125
"7101",5,38,33,"AVS",3.11014579024811,3.11283572599297,0.9055
"7102",5,38,34,"AVS",3.22196826124381,3.20238061702371,0.894
"7103",5,38,35,"AVS",0.982726640527886,2.35435150559663,0.596
"7104",5,38,36,"AVS",1.02554980363055,2.20189579418718,0.671
"7105",5,38,37,"AVS",2.2192667612611,2.61220316602036,0.148
"7106",5,38,38,"AVS",5.93467989398981,5.13277524124439,0.005
"7107",5,38,1,"EQW",4.31559008213827,3.80416236360668,0.7545
"7108",5,38,2,"EQW",3.02441468807685,3.21930625419287,0.7425
"7109",5,38,3,"EQW",11.1196311574087,4.79795922360371,0.9475
"7110",5,38,4,"EQW",6.89960405187398,3.85091065061019,0.8405
"7111",5,38,5,"EQW",4.63934541433671,3.89679589785124,0.356
"7112",5,38,6,"EQW",3.68692595983043,3.49140155076018,0.6465
"7113",5,38,7,"EQW",3.50451630828262,3.41476038766766,0.6245
"7114",5,38,8,"EQW",3.43265210633932,3.45962257396484,0.601
"7115",5,38,9,"EQW",3.32874209269771,3.63593549222443,0.472
"7116",5,38,10,"EQW",3.17289286805797,3.45597934641855,0.485
"7117",5,38,11,"EQW",2.93994876989055,3.48218407088578,0.48
"7118",5,38,12,"EQW",2.93884101798533,3.43550951957445,0.4735
"7119",5,38,13,"EQW",4.36484619033101,3.69312573530669,0.267
"7120",5,38,14,"EQW",4.27475252878411,3.58303977901671,0.732
"7121",5,38,15,"EQW",2.48657044387675,3.20300429768155,0.531
"7122",5,38,16,"EQW",4.32804047006457,3.65083079854854,0.256
"7123",5,38,17,"EQW",2.90980178022112,3.26760566405132,0.6865
"7124",5,38,18,"EQW",2.22987415668228,3.13409723297627,0.4135
"7125",5,38,19,"EQW",2.36880854434653,3.03599616899139,0.328
"7126",5,38,20,"EQW",2.84491337716699,3.03450777871581,0.2725
"7127",5,38,21,"EQW",2.91164968830677,3.12531219066615,0.7695
"7128",5,38,22,"EQW",4.17162713383888,3.61930276933846,0.83
"7129",5,38,23,"EQW",4.20937764312518,3.54795941968564,0.7665
"7130",5,38,24,"EQW",2.83915258459545,3.63095730813537,0.5495
"7131",5,38,25,"EQW",5.3545311967602,3.67621769516502,0.8425
"7132",5,38,26,"EQW",3.46662987458364,3.56618468095028,0.6365
"7133",5,38,27,"EQW",2.61966042046116,3.33054104614579,0.5775
"7134",5,38,28,"EQW",2.20939302853559,3.14217560957512,0.438
"7135",5,38,29,"EQW",1.86507423108679,2.93414869772866,0.5615
"7136",5,38,30,"EQW",2.7799938902054,2.98325120020096,0.7475
"7137",5,38,31,"EQW",2.19342075447234,2.91185983705443,0.66
"7138",5,38,32,"EQW",3.99286959868167,3.32654618440426,0.819
"7139",5,38,33,"EQW",3.09953460810812,3.17297370460403,0.718
"7140",5,38,34,"EQW",3.24499262739875,3.19643291631102,0.705
"7141",5,38,35,"EQW",2.20822369673384,2.99695677276901,0.528
"7142",5,38,36,"EQW",2.50645848326126,2.89134654087385,0.674
"7143",5,38,37,"EQW",2.25440073498761,3.16074370434494,0.411
"7144",5,38,38,"EQW",2.43988658354503,3.38460477319227,0.3575
"7145",5,38,1,"SGP",4.31559008213827,3.7552939332874,0.7625
"7146",5,38,2,"SGP",3.20811011957772,3.04468058103904,0.8435
"7147",5,38,3,"SGP",11.8170833794297,7.62777535913385,0.995
"7148",5,38,4,"SGP",4.30109091582192,3.29733399612162,0.8585
"7149",5,38,5,"SGP",10.0921832758667,4.92539522044137,0.0415
"7150",5,38,6,"SGP",1.7883373944276,2.88623937093704,0.6175
"7151",5,38,7,"SGP",1.48938240247937,2.73278082671946,0.4335
"7152",5,38,8,"SGP",1.97461601858346,2.85027497562384,0.314
"7153",5,38,9,"SGP",6.16184632279816,4.2129793862488,0.0475
"7154",5,38,10,"SGP",5.23231665868857,3.70953015543255,0.0925
"7155",5,38,11,"SGP",5.51776937520415,3.62962806877717,0.0855
"7156",5,38,12,"SGP",6.03093239519617,3.70552371213238,0.061
"7157",5,38,13,"SGP",5.71427367585916,3.68952663551124,0.0835
"7158",5,38,14,"SGP",8.47570716226059,4.34362685908418,0.9485
"7159",5,38,15,"SGP",1.68204612445836,2.86129397295792,0.389
"7160",5,38,16,"SGP",6.5677563834424,3.91630987712982,0.0625
"7161",5,38,17,"SGP",4.50856998643111,3.54752955800452,0.8725
"7162",5,38,18,"SGP",2.310645954856,2.92400878425012,0.311
"7163",5,38,19,"SGP",2.05758204706729,2.95674572633346,0.3485
"7164",5,38,20,"SGP",1.67458227953146,2.87937749112851,0.397
"7165",5,38,21,"SGP",7.0308270875188,4.06533874362834,0.951
"7166",5,38,22,"SGP",3.35653808969626,3.20314218481525,0.806
"7167",5,38,23,"SGP",1.57239700962734,2.7795564197439,0.6015
"7168",5,38,24,"SGP",5.3699673349382,3.61128626977525,0.089
"7169",5,38,25,"SGP",3.42147174335107,3.24506635723946,0.806
"7170",5,38,26,"SGP",2.80721219971281,3.01474694359778,0.203
"7171",5,38,27,"SGP",2.68679317737295,2.93926803869341,0.2405
"7172",5,38,28,"SGP",3.78188129144909,3.19394177714481,0.156
"7173",5,38,29,"SGP",1.53478451674252,2.74106357271111,0.626
"7174",5,38,30,"SGP",2.77417732846279,3.07355618648036,0.806
"7175",5,38,31,"SGP",1.29163537198599,2.63838398340854,0.53
"7176",5,38,32,"SGP",2.35344811396204,2.91706427303588,0.749
"7177",5,38,33,"SGP",1.40171421936067,2.70062969148859,0.4335
"7178",5,38,34,"SGP",1.36632283278712,2.75592737491489,0.4855
"7179",5,38,35,"SGP",2.47471252183212,2.93358764396464,0.225
"7180",5,38,36,"SGP",1.56296259353416,2.71501193156791,0.63
"7181",5,38,37,"SGP",2.37120651201168,2.89316090495096,0.2285
"7182",5,38,38,"SGP",1.5506346786018,2.72632520515599,0.332
"7183",5,38,1,"SGP50",4.31559008213827,3.71567923611366,0.754
"7184",5,38,2,"SGP50",3.03187467343749,3.16398521372982,0.73
"7185",5,38,3,"SGP50",11.2196319076043,4.95386236458837,0.9575
"7186",5,38,4,"SGP50",6.72266198156239,3.85181166030386,0.8575
"7187",5,38,5,"SGP50",4.88031054492844,3.92830142121063,0.3255
"7188",5,38,6,"SGP50",3.4302640515841,3.41676131424893,0.6485
"7189",5,38,7,"SGP50",3.03370298294065,3.32419176525087,0.5995
"7190",5,38,8,"SGP50",2.83668564846298,3.28802555315877,0.5465
"7191",5,38,9,"SGP50",3.32536923765546,3.6077677037215,0.3755
"7192",5,38,10,"SGP50",3.01237182051877,3.5540349141149,0.424
"7193",5,38,11,"SGP50",2.95909779595318,3.45246695631043,0.3835
"7194",5,38,12,"SGP50",3.12109584550508,3.50026648994701,0.354
"7195",5,38,13,"SGP50",5.1281588386372,3.69298988258964,0.181
"7196",5,38,14,"SGP50",4.49918685402872,3.56887862149036,0.7575
"7197",5,38,15,"SGP50",2.12461103225919,3.13436592751966,0.4685
"7198",5,38,16,"SGP50",5.50398463169328,3.8935065749839,0.1465
"7199",5,38,17,"SGP50",2.90303570976717,3.30467925093031,0.6905
"7200",5,38,18,"SGP50",2.44456650985962,3.14489451088517,0.3345
"7201",5,38,19,"SGP50",2.58825819584345,3.0438581270435,0.311
"7202",5,38,20,"SGP50",2.74428231693108,3.11457619708441,0.2745
"7203",5,38,21,"SGP50",3.560301115537,3.22571650871576,0.781
"7204",5,38,22,"SGP50",3.68137273236307,3.46661731138951,0.8
"7205",5,38,23,"SGP50",3.04250386338536,3.2105201891507,0.7245
"7206",5,38,24,"SGP50",2.86935445739634,3.47935591766599,0.411
"7207",5,38,25,"SGP50",4.34733682707219,3.48596225985492,0.815
"7208",5,38,26,"SGP50",2.47142304897785,3.29566765049166,0.5175
"7209",5,38,27,"SGP50",2.13888127163316,3.14845257955309,0.452
"7210",5,38,28,"SGP50",2.43286759385886,3.13410912767234,0.3195
"7211",5,38,29,"SGP50",1.57207178731816,2.74968249828454,0.5165
"7212",5,38,30,"SGP50",2.35816671180727,2.94453427979989,0.712
"7213",5,38,31,"SGP50",1.61464764479288,2.80659746730376,0.5955
"7214",5,38,32,"SGP50",3.0033120100245,3.08204516892793,0.7755
"7215",5,38,33,"SGP50",1.9920164133919,2.95968746651007,0.6095
"7216",5,38,34,"SGP50",2.05169274884878,2.95574888546846,0.6305
"7217",5,38,35,"SGP50",1.76253519179392,2.90903078122079,0.4145
"7218",5,38,36,"SGP50",1.64049216282746,2.71558864356259,0.629
"7219",5,38,37,"SGP50",2.23268437361928,2.91415562476132,0.277
"7220",5,38,38,"SGP50",2.54163472865652,3.2097220100157,0.279
"7221",5,39,1,"BMA",9.16324116952061,4.23471351180893,0.9105
"7222",5,39,2,"BMA",2.28590892546953,3.12493576027264,0.552
"7223",5,39,3,"BMA",3.26831278715056,3.43240300901195,0.711
"7224",5,39,4,"BMA",3.32900608382192,3.30678197635532,0.3025
"7225",5,39,5,"BMA",5.06821617802502,3.60845217942572,0.8065
"7226",5,39,6,"BMA",3.56874807759595,3.35796840626252,0.729
"7227",5,39,7,"BMA",5.26305776460154,3.59022253425558,0.8185
"7228",5,39,8,"BMA",5.07630902203306,3.49991074555945,0.821
"7229",5,39,9,"BMA",2.11084913276281,3.14645225706357,0.461
"7230",5,39,10,"BMA",3.02591515918657,3.21101387312733,0.748
"7231",5,39,11,"BMA",2.59139812934707,3.02696766103213,0.2855
"7232",5,39,12,"BMA",3.21006395320677,3.17375036434456,0.785
"7233",5,39,13,"BMA",3.43860510700093,3.16506673865657,0.83
"7234",5,39,14,"BMA",1.93914864235444,2.88959507835619,0.348
"7235",5,39,15,"BMA",7.9529054443374,4.34492645001109,0.039
"7236",5,39,16,"BMA",1.98300436088432,2.86549636123487,0.661
"7237",5,39,17,"BMA",1.55867181163335,2.79154293814587,0.421
"7238",5,39,18,"BMA",1.72620098470903,2.83333459728894,0.638
"7239",5,39,19,"BMA",2.07846729851436,2.91141059334522,0.297
"7240",5,39,20,"BMA",1.62998199890842,2.76303177857451,0.373
"7241",5,39,21,"BMA",1.97318767273538,2.80641075402963,0.3105
"7242",5,39,22,"BMA",5.18181893445244,3.56143848444151,0.08
"7243",5,39,23,"BMA",2.01027458730457,2.86656699515481,0.7015
"7244",5,39,24,"BMA",1.60200986711849,2.71329315754146,0.3535
"7245",5,39,25,"BMA",2.93529089947388,3.08410945673828,0.21
"7246",5,39,26,"BMA",6.99152016149776,4.21997682412717,0.0295
"7247",5,39,27,"BMA",5.77593063435358,3.73127441103455,0.072
"7248",5,39,28,"BMA",6.4529954832294,3.81959451529255,0.0685
"7249",5,39,29,"BMA",1.60396810250079,2.88605958623667,0.4635
"7250",5,39,30,"BMA",1.7474735995899,2.84793989299655,0.3945
"7251",5,39,31,"BMA",1.45315032178999,2.74269359596118,0.4195
"7252",5,39,32,"BMA",1.99115065252394,2.89270135087463,0.323
"7253",5,39,33,"BMA",1.60827924032283,2.77826819815149,0.3965
"7254",5,39,34,"BMA",1.44738882016718,2.7571014127123,0.435
"7255",5,39,35,"BMA",2.18001400316988,2.96206576857676,0.727
"7256",5,39,36,"BMA",1.44597949599525,2.70078025861947,0.411
"7257",5,39,37,"BMA",1.66125520961877,2.76135754270379,0.345
"7258",5,39,38,"BMA",1.91779405796521,2.84210224384353,0.296
"7259",5,39,1,"AVS",9.16324116952061,4.38237163874217,0.9115
"7260",5,39,2,"AVS",2.23123293212759,3.12735181144253,0.4915
"7261",5,39,3,"AVS",2.58795642454355,3.27426321302213,0.637
"7262",5,39,4,"AVS",3.53391165253089,3.41464833592934,0.2725
"7263",5,39,5,"AVS",4.63376315627348,3.60477655856444,0.7865
"7264",5,39,6,"AVS",4.13016829365533,3.5217311223077,0.7525
"7265",5,39,7,"AVS",6.51863333317344,3.8045347489258,0.8465
"7266",5,39,8,"AVS",7.90118119073508,4.03010959836076,0.892
"7267",5,39,9,"AVS",1.95405365412953,3.10893645335574,0.474
"7268",5,39,10,"AVS",2.49558859690346,3.07226621021229,0.7265
"7269",5,39,11,"AVS",2.60431335299589,3.00019300516885,0.2375
"7270",5,39,12,"AVS",3.05090055791788,3.09982181627596,0.778
"7271",5,39,13,"AVS",3.53429501121922,3.13118882094579,0.8295
"7272",5,39,14,"AVS",1.79038086341853,2.81572363518723,0.3835
"7273",5,39,15,"AVS",7.62527594461611,4.4502202125599,0.0455
"7274",5,39,16,"AVS",2.0005673893054,2.89281607265244,0.681
"7275",5,39,17,"AVS",1.55366818091918,2.80430580637518,0.432
"7276",5,39,18,"AVS",1.73550707915921,2.76238374008797,0.6235
"7277",5,39,19,"AVS",2.06859228008007,2.91574968107146,0.3135
"7278",5,39,20,"AVS",1.62646019272264,2.78799499553822,0.3625
"7279",5,39,21,"AVS",1.97225465790755,2.84789254662982,0.2825
"7280",5,39,22,"AVS",5.18509074881732,3.66988870019245,0.087
"7281",5,39,23,"AVS",2.00217716497094,2.802537319629,0.687
"7282",5,39,24,"AVS",1.60743329496914,2.79931893059269,0.364
"7283",5,39,25,"AVS",2.95948722180207,3.08623615371011,0.2
"7284",5,39,26,"AVS",7.03131537639291,4.16457256666943,0.0325
"7285",5,39,27,"AVS",5.87754884598502,3.81151381806712,0.058
"7286",5,39,28,"AVS",6.85786700485385,4.03395487254819,0.047
"7287",5,39,29,"AVS",1.66937023504481,2.89601605225459,0.5395
"7288",5,39,30,"AVS",1.72706415834412,2.87112178126493,0.3935
"7289",5,39,31,"AVS",1.42598895751055,2.71169776747522,0.44
"7290",5,39,32,"AVS",1.95278620448996,2.88158338140268,0.3185
"7291",5,39,33,"AVS",1.38836342904388,2.70118117290461,0.4725
"7292",5,39,34,"AVS",1.39927624088525,2.7637055178489,0.571
"7293",5,39,35,"AVS",2.75438767066303,2.97776777017812,0.8045
"7294",5,39,36,"AVS",1.45032285477031,2.73917976652739,0.4075
"7295",5,39,37,"AVS",1.63103044959782,2.72555676901351,0.3485
"7296",5,39,38,"AVS",1.76788148284979,2.77705673704321,0.3105
"7297",5,39,1,"EQW",9.16324116952061,4.31792150445257,0.9135
"7298",5,39,2,"EQW",2.58771778295145,3.18835121910693,0.601
"7299",5,39,3,"EQW",4.00795356939722,3.5272395186554,0.7415
"7300",5,39,4,"EQW",4.00540330845671,3.40979672751621,0.2335
"7301",5,39,5,"EQW",4.20756753897423,3.45972694422708,0.785
"7302",5,39,6,"EQW",2.1977312808978,3.16347460049259,0.5545
"7303",5,39,7,"EQW",3.14478173311748,3.21956984270393,0.7015
"7304",5,39,8,"EQW",3.39451848572209,3.16964842204981,0.7085
"7305",5,39,9,"EQW",2.47245883836733,3.40860958858712,0.451
"7306",5,39,10,"EQW",3.17627562248725,3.26823172266322,0.72
"7307",5,39,11,"EQW",2.53272216229877,3.35846395194133,0.424
"7308",5,39,12,"EQW",4.08617364897432,3.29556097639686,0.7925
"7309",5,39,13,"EQW",5.67919257948588,3.40730829576737,0.8575
"7310",5,39,14,"EQW",3.20410095528354,3.430500268966,0.585
"7311",5,39,15,"EQW",4.40201925737905,3.74814383913136,0.277
"7312",5,39,16,"EQW",2.47984804803563,3.04102393262276,0.6565
"7313",5,39,17,"EQW",2.27365001477105,3.13801328601474,0.537
"7314",5,39,18,"EQW",2.94626636279102,3.07599509715636,0.6785
"7315",5,39,19,"EQW",2.45905743347103,3.17378596901961,0.483
"7316",5,39,20,"EQW",2.29528476716142,3.09485612612817,0.5285
"7317",5,39,21,"EQW",2.29366765779983,3.15981584239108,0.4625
"7318",5,39,22,"EQW",3.55597735923009,3.71154268746343,0.2915
"7319",5,39,23,"EQW",3.23519186831013,3.16720637431903,0.733
"7320",5,39,24,"EQW",2.20669491241841,2.94737497984061,0.547
"7321",5,39,25,"EQW",2.28447765347778,3.13619271196176,0.4275
"7322",5,39,26,"EQW",4.29137311556399,3.74019188044003,0.2245
"7323",5,39,27,"EQW",4.18634671658879,3.38257608796223,0.1975
"7324",5,39,28,"EQW",5.69787359000938,3.64265919228474,0.11
"7325",5,39,29,"EQW",2.44003394520575,3.15515290014018,0.389
"7326",5,39,30,"EQW",2.18507439565376,2.94949214734115,0.3395
"7327",5,39,31,"EQW",1.67563992316738,2.8078407090188,0.398
"7328",5,39,32,"EQW",2.10073345421474,2.82860547368949,0.28
"7329",5,39,33,"EQW",1.93547144318232,2.77324141569832,0.3255
"7330",5,39,34,"EQW",1.62304650507137,2.74093011714599,0.3455
"7331",5,39,35,"EQW",1.43143270582153,2.54504956118135,0.6505
"7332",5,39,36,"EQW",1.04003420972167,2.46645950164822,0.48
"7333",5,39,37,"EQW",1.28609050887418,2.45335325276256,0.329
"7334",5,39,38,"EQW",2.20025906264119,2.83634343004899,0.175
"7335",5,39,1,"SGP",9.16324116952061,4.26938337583106,0.925
"7336",5,39,2,"SGP",2.39268717726314,3.12023567854503,0.6425
"7337",5,39,3,"SGP",5.57494125286965,3.69879719125674,0.8755
"7338",5,39,4,"SGP",2.22331259869958,3.03024183529412,0.384
"7339",5,39,5,"SGP",6.74952182533179,3.87948463066776,0.918
"7340",5,39,6,"SGP",2.04519509440831,2.97733896192273,0.628
"7341",5,39,7,"SGP",2.6220142991026,3.00807666831631,0.714
"7342",5,39,8,"SGP",1.26663287126892,2.55925631717654,0.5175
"7343",5,39,9,"SGP",4.95218794355168,3.83582228216864,0.0655
"7344",5,39,10,"SGP",1.19192229368151,2.55345795111309,0.47
"7345",5,39,11,"SGP",5.70038217638422,3.98951586601269,0.0485
"7346",5,39,12,"SGP",1.34922164298835,2.59924105890975,0.5895
"7347",5,39,13,"SGP",1.57158063354723,2.63371013706718,0.6705
"7348",5,39,14,"SGP",3.5917891383637,3.36666278599339,0.123
"7349",5,39,15,"SGP",11.7181895130567,6.1928241535978,0.008
"7350",5,39,16,"SGP",1.37782109024839,2.68193553622976,0.4645
"7351",5,39,17,"SGP",2.42535100864998,2.97269334625312,0.241
"7352",5,39,18,"SGP",1.46046926862055,2.78024857362593,0.4365
"7353",5,39,19,"SGP",3.4592063140275,3.19802883743366,0.1405
"7354",5,39,20,"SGP",1.58175580511529,2.81178628382721,0.3495
"7355",5,39,21,"SGP",1.65171293717285,2.82576466013655,0.323
"7356",5,39,22,"SGP",4.37331277227414,3.35512204534935,0.116
"7357",5,39,23,"SGP",3.41138177658873,3.09657160723515,0.855
"7358",5,39,24,"SGP",1.33542198607938,2.68587702978,0.4605
"7359",5,39,25,"SGP",2.21888298324022,2.99413353089859,0.2525
"7360",5,39,26,"SGP",5.26579113097274,3.7989078274218,0.0585
"7361",5,39,27,"SGP",2.89196175751045,3.08628667410581,0.1735
"7362",5,39,28,"SGP",2.67846518496591,2.97357305532652,0.1865
"7363",5,39,29,"SGP",2.74666225213104,3.01524241662727,0.7935
"7364",5,39,30,"SGP",1.64178278796406,2.67770211633523,0.6725
"7365",5,39,31,"SGP",1.68211859477745,2.61463177399899,0.6605
"7366",5,39,32,"SGP",1.29913723180734,2.63751389363699,0.4815
"7367",5,39,33,"SGP",1.26277357543972,2.68816777114841,0.607
"7368",5,39,34,"SGP",1.48421729726365,2.6650041357913,0.654
"7369",5,39,35,"SGP",3.29878554861647,3.0360768470018,0.8425
"7370",5,39,36,"SGP",1.17158844886663,2.55460896164262,0.5105
"7371",5,39,37,"SGP",1.29495518628193,2.60167279542609,0.393
"7372",5,39,38,"SGP",1.45290453011883,2.63190998501854,0.3475
"7373",5,39,1,"SGP50",9.16324116952061,4.23885721808362,0.9135
"7374",5,39,2,"SGP50",2.583060986893,3.27820195180982,0.6065
"7375",5,39,3,"SGP50",4.06587890921441,3.53951682447532,0.7535
"7376",5,39,4,"SGP50",3.87913600950775,3.43376737046776,0.2345
"7377",5,39,5,"SGP50",4.34259750090124,3.56141345478513,0.799
"7378",5,39,6,"SGP50",2.16048671266813,3.09325041181533,0.561
"7379",5,39,7,"SGP50",3.08480897711349,3.19119730180259,0.6845
"7380",5,39,8,"SGP50",3.1714806718472,3.16020186939951,0.714
"7381",5,39,9,"SGP50",2.47557830419982,3.26826484883342,0.4325
"7382",5,39,10,"SGP50",2.80072428289938,3.10687159856405,0.6995
"7383",5,39,11,"SGP50",2.67517263995789,3.3551260655413,0.3815
"7384",5,39,12,"SGP50",3.50397048161802,3.19807410120189,0.759
"7385",5,39,13,"SGP50",4.60201013284171,3.25818649260544,0.832
"7386",5,39,14,"SGP50",2.5639581339472,3.32505470740571,0.4965
"7387",5,39,15,"SGP50",5.77949519247777,4.02914144329731,0.1945
"7388",5,39,16,"SGP50",2.10634505993531,2.97368153654875,0.6525
"7389",5,39,17,"SGP50",1.93260978605069,3.00753309900603,0.4455
"7390",5,39,18,"SGP50",2.1447800842996,2.99593117886426,0.6315
"7391",5,39,19,"SGP50",2.23739824579413,3.15285246582087,0.364
"7392",5,39,20,"SGP50",1.7990647152646,2.91172095265881,0.439
"7393",5,39,21,"SGP50",1.90602371078634,2.99465278518568,0.4
"7394",5,39,22,"SGP50",4.17050672488164,3.58042645032262,0.176
"7395",5,39,23,"SGP50",2.66620923594311,3.01609609082218,0.7425
"7396",5,39,24,"SGP50",1.62098689548116,2.84756111924138,0.4605
"7397",5,39,25,"SGP50",2.26008722604362,2.98384230775063,0.3035
"7398",5,39,26,"SGP50",5.40834682484284,3.92416406388258,0.107
"7399",5,39,27,"SGP50",4.52271461584679,3.46625442463259,0.14
"7400",5,39,28,"SGP50",5.27485455059165,3.46091983220614,0.112
"7401",5,39,29,"SGP50",2.00189302249764,3.10550766316613,0.473
"7402",5,39,30,"SGP50",1.83241647906469,2.90604818516146,0.4125
"7403",5,39,31,"SGP50",1.51217832908977,2.78830824899087,0.4625
"7404",5,39,32,"SGP50",1.86429196917746,2.790915430382,0.326
"7405",5,39,33,"SGP50",1.63552483187376,2.78227795523614,0.3715
"7406",5,39,34,"SGP50",1.46112081106281,2.68224472790459,0.4105
"7407",5,39,35,"SGP50",1.81505613172842,2.73252147443604,0.7035
"7408",5,39,36,"SGP50",1.15735786936959,2.50494803039185,0.43
"7409",5,39,37,"SGP50",1.39657619104285,2.59193214361036,0.331
"7410",5,39,38,"SGP50",2.0123051111149,2.78677361834103,0.2255
"7411",5,40,1,"BMA",7.46369831846939,4.34336126595759,0.9015
"7412",5,40,2,"BMA",2.40394676457072,3.11797907425878,0.6035
"7413",5,40,3,"BMA",4.40214674142248,3.39244209844132,0.2
"7414",5,40,4,"BMA",2.77063927567267,3.34058909675727,0.665
"7415",5,40,5,"BMA",5.38309687165322,3.7030490903093,0.8255
"7416",5,40,6,"BMA",3.37116393944502,3.37033778817235,0.7355
"7417",5,40,7,"BMA",11.6451210618616,4.61813036972612,0.9525
"7418",5,40,8,"BMA",4.93565204188695,3.5048393776937,0.79
"7419",5,40,9,"BMA",3.33647449013809,3.23460631336262,0.6885
"7420",5,40,10,"BMA",2.14959966280322,3.136223414936,0.472
"7421",5,40,11,"BMA",6.37018171100378,3.73108910496962,0.9005
"7422",5,40,12,"BMA",8.13997608212114,4.22599094889269,0.1365
"7423",5,40,13,"BMA",3.47080819959747,3.39886213143398,0.5695
"7424",5,40,14,"BMA",2.68557152117841,3.27603834151251,0.5005
"7425",5,40,15,"BMA",10.6779905502906,4.54241614848822,0.96
"7426",5,40,16,"BMA",4.4116437994325,3.4341057391882,0.8275
"7427",5,40,17,"BMA",2.46934064689053,3.03092719335538,0.709
"7428",5,40,18,"BMA",4.65604277617712,3.55674952910757,0.144
"7429",5,40,19,"BMA",10.8085930265372,4.72490981023859,0.031
"7430",5,40,20,"BMA",6.75481552075674,3.86121948252258,0.114
"7431",5,40,21,"BMA",2.80140783826785,3.07943509674117,0.2835
"7432",5,40,22,"BMA",1.51496613801394,2.828219366762,0.563
"7433",5,40,23,"BMA",3.62674073598089,3.32267201968305,0.843
"7434",5,40,24,"BMA",3.16315863793627,3.16964366983374,0.8165
"7435",5,40,25,"BMA",5.98094174943724,3.94367895451569,0.935
"7436",5,40,26,"BMA",3.51344641301429,3.32648853759109,0.8295
"7437",5,40,27,"BMA",2.16037975350842,2.83709140429029,0.7205
"7438",5,40,28,"BMA",1.83977038342163,2.85228020525839,0.6875
"7439",5,40,29,"BMA",3.16448158268568,3.13226427330389,0.833
"7440",5,40,30,"BMA",1.37370643086057,2.55215690604273,0.4055
"7441",5,40,31,"BMA",1.07749752378714,2.46196589932153,0.4555
"7442",5,40,32,"BMA",1.09019361523902,2.41774192700828,0.5765
"7443",5,40,33,"BMA",2.38212741826733,2.94416077438615,0.835
"7444",5,40,34,"BMA",1.31428020980683,2.43765606164757,0.3225
"7445",5,40,35,"BMA",0.810846633275413,2.17987293252702,0.496
"7446",5,40,36,"BMA",0.84934481598401,2.26014134877189,0.4375
"7447",5,40,37,"BMA",1.278614943314,2.30127046758128,0.2635
"7448",5,40,38,"BMA",1.03362407701694,2.12804574890939,0.32
"7449",5,40,1,"AVS",7.46369831846939,4.43013691090775,0.898
"7450",5,40,2,"AVS",2.17017641080688,3.10731897622861,0.5685
"7451",5,40,3,"AVS",4.39522772382824,3.44262523880607,0.2065
"7452",5,40,4,"AVS",2.75335215355391,3.33947596767427,0.67
"7453",5,40,5,"AVS",5.74918616462031,3.74835310386516,0.8255
"7454",5,40,6,"AVS",3.89315172683541,3.39739452178292,0.7635
"7455",5,40,7,"AVS",13.408753519852,5.22771919426583,0.976
"7456",5,40,8,"AVS",2.27726146658267,3.07874339572736,0.5985
"7457",5,40,9,"AVS",1.59123229547543,2.83440423290777,0.6085
"7458",5,40,10,"AVS",2.01661383956184,2.78529034659545,0.271
"7459",5,40,11,"AVS",4.83063587199785,3.50706594015249,0.9
"7460",5,40,12,"AVS",15.4267562429158,7.88398738298103,0.001
"7461",5,40,13,"AVS",3.68513552625791,3.43992891533587,0.5655
"7462",5,40,14,"AVS",2.79819941238227,3.32929952425046,0.4715
"7463",5,40,15,"AVS",10.3542221632735,4.48282981866959,0.9545
"7464",5,40,16,"AVS",4.09562324609082,3.35375483350622,0.8185
"7465",5,40,17,"AVS",2.37788691912411,3.0818510125098,0.6965
"7466",5,40,18,"AVS",4.71249622602467,3.58396493947298,0.1335
"7467",5,40,19,"AVS",10.9994040539857,4.88470445679676,0.027
"7468",5,40,20,"AVS",7.24528985684995,3.97836117173226,0.0875
"7469",5,40,21,"AVS",3.03335204253905,3.20009440305592,0.2435
"7470",5,40,22,"AVS",1.64031157438456,2.8591674568442,0.4525
"7471",5,40,23,"AVS",2.3317067425059,3.02514107322324,0.685
"7472",5,40,24,"AVS",1.97797128251205,3.01446865350609,0.4135
"7473",5,40,25,"AVS",1.90310116605113,2.94878598478688,0.5675
"7474",5,40,26,"AVS",2.42433994997044,3.14952692594982,0.266
"7475",5,40,27,"AVS",2.41535783171216,2.9766905342498,0.2965
"7476",5,40,28,"AVS",2.27160341921118,3.02449370520989,0.332
"7477",5,40,29,"AVS",1.57583236870813,2.81813142038294,0.4855
"7478",5,40,30,"AVS",5.07985301781081,3.39121287960837,0.131
"7479",5,40,31,"AVS",1.89782746992304,2.97716321043345,0.3885
"7480",5,40,32,"AVS",1.61628428497068,2.921730494609,0.4675
"7481",5,40,33,"AVS",1.71209696575635,2.82130659736593,0.6
"7482",5,40,34,"AVS",4.18813833818787,3.35615744466212,0.156
"7483",5,40,35,"AVS",1.07771946267967,2.4038227158734,0.505
"7484",5,40,36,"AVS",1.01199261969125,2.35206602610788,0.43
"7485",5,40,37,"AVS",1.34763701215271,2.41464483958638,0.2615
"7486",5,40,38,"AVS",1.05339201395728,2.18267955155994,0.323
"7487",5,40,1,"EQW",7.46369831846939,4.37443197578306,0.904
"7488",5,40,2,"EQW",3.49211200730613,3.35956087091865,0.7775
"7489",5,40,3,"EQW",3.03759142954036,3.14977887801694,0.25
"7490",5,40,4,"EQW",4.33367959620583,3.60251811000604,0.798
"7491",5,40,5,"EQW",3.63588650644323,3.278770944093,0.7765
"7492",5,40,6,"EQW",1.91224951666518,2.95948092299011,0.579
"7493",5,40,7,"EQW",9.26367186563793,4.62310609895812,0.95
"7494",5,40,8,"EQW",2.91036060788413,3.20251160717926,0.6615
"7495",5,40,9,"EQW",3.22096330964295,3.22606445714353,0.7255
"7496",5,40,10,"EQW",2.14276649756926,3.09270494559368,0.5205
"7497",5,40,11,"EQW",7.23228630749045,4.06688900673753,0.922
"7498",5,40,12,"EQW",7.09705950905381,3.94878361023458,0.148
"7499",5,40,13,"EQW",3.04808148181328,3.41263353595353,0.4195
"7500",5,40,14,"EQW",2.73096133059914,3.23685262019572,0.3545
"7501",5,40,15,"EQW",8.72120904037574,4.14532314209626,0.952
"7502",5,40,16,"EQW",2.98635974866781,3.38930831412686,0.593
"7503",5,40,17,"EQW",2.59162373438075,3.2701127603653,0.5455
"7504",5,40,18,"EQW",4.77532562259023,3.65813152756285,0.218
"7505",5,40,19,"EQW",6.82259227319889,3.7887480348123,0.1175
"7506",5,40,20,"EQW",3.49317851812426,3.20486095668086,0.259
"7507",5,40,21,"EQW",2.24271709555136,3.05455859876052,0.3385
"7508",5,40,22,"EQW",1.70183776396074,2.90089435425741,0.5775
"7509",5,40,23,"EQW",2.80012025229188,3.16324052138265,0.7455
"7510",5,40,24,"EQW",2.26060204985605,3.12926369814397,0.6345
"7511",5,40,25,"EQW",4.02696468014366,3.44087700240947,0.7845
"7512",5,40,26,"EQW",2.5994238849633,3.28788514328958,0.6325
"7513",5,40,27,"EQW",2.24186749626028,3.16463925905333,0.6085
"7514",5,40,28,"EQW",2.22901626683335,3.07329766640049,0.6225
"7515",5,40,29,"EQW",3.22455792579641,3.19678432299711,0.746
"7516",5,40,30,"EQW",2.12797756244049,3.05765050482204,0.4215
"7517",5,40,31,"EQW",1.73923831195504,2.88914684767033,0.573
"7518",5,40,32,"EQW",1.97798075135159,2.91391759231309,0.639
"7519",5,40,33,"EQW",2.98437789020782,3.13771044718064,0.7765
"7520",5,40,34,"EQW",1.95347665401296,2.96736360664488,0.4135
"7521",5,40,35,"EQW",1.8506906836867,2.74445148125529,0.6495
"7522",5,40,36,"EQW",1.56566434311823,2.79882710384468,0.5795
"7523",5,40,37,"EQW",1.46363549006758,2.74715140484899,0.4825
"7524",5,40,38,"EQW",1.43011535642091,2.7454859464283,0.5745
"7525",5,40,1,"SGP",7.46369831846939,4.43949652985868,0.9
"7526",5,40,2,"SGP",3.60310488680835,3.25798244857722,0.784
"7527",5,40,3,"SGP",2.15428657203505,2.93652548623662,0.2875
"7528",5,40,4,"SGP",6.65688605399453,4.09329226535228,0.9455
"7529",5,40,5,"SGP",3.65118147213158,3.28382472163744,0.844
"7530",5,40,6,"SGP",1.43994361782203,2.6688976445674,0.449
"7531",5,40,7,"SGP",8.21091882432472,4.50405838900672,0.974
"7532",5,40,8,"SGP",1.54066079448996,2.74347981104625,0.4125
"7533",5,40,9,"SGP",1.39735909293684,2.68641247260024,0.555
"7534",5,40,10,"SGP",2.00033135750794,2.7969816844661,0.275
"7535",5,40,11,"SGP",4.78421403707845,3.58119430923776,0.9255
"7536",5,40,12,"SGP",15.1429288103735,6.88766537193392,0.0055
"7537",5,40,13,"SGP",10.4351776953405,5.05874161683962,0.026
"7538",5,40,14,"SGP",5.10467269043339,3.62479646384299,0.107
"7539",5,40,15,"SGP",5.24904603889876,3.55683201573166,0.914
"7540",5,40,16,"SGP",3.6450157541158,3.27905431533708,0.172
"7541",5,40,17,"SGP",3.4957411938429,3.28001329489276,0.2015
"7542",5,40,18,"SGP",10.3856614451773,4.78885207162858,0.021
"7543",5,40,19,"SGP",9.70245759378892,4.4896673767193,0.029
"7544",5,40,20,"SGP",2.04551752229726,2.98999821697645,0.3955
"7545",5,40,21,"SGP",1.77785868696591,3.01141235843097,0.5005
"7546",5,40,22,"SGP",2.32196165817834,2.97450132670108,0.6755
"7547",5,40,23,"SGP",2.70867519491668,3.15298752881732,0.7295
"7548",5,40,24,"SGP",1.73159423343542,2.98644000297969,0.492
"7549",5,40,25,"SGP",2.5205758283025,3.04987989648386,0.6975
"7550",5,40,26,"SGP",1.83514792121626,2.93161262256936,0.396
"7551",5,40,27,"SGP",1.7086783267899,2.91158643150349,0.3995
"7552",5,40,28,"SGP",1.65113963283426,2.87399005558319,0.495
"7553",5,40,29,"SGP",2.06947763200574,2.89501222315792,0.68
"7554",5,40,30,"SGP",3.27731112606124,3.17087591406748,0.214
"7555",5,40,31,"SGP",1.68145822964143,2.81893467424526,0.5785
"7556",5,40,32,"SGP",1.82955884275982,2.91059735575869,0.609
"7557",5,40,33,"SGP",2.29884456503404,3.00138750119152,0.721
"7558",5,40,34,"SGP",2.91847320528372,3.11704545404249,0.22
"7559",5,40,35,"SGP",2.03132692738384,2.99355286234401,0.671
"7560",5,40,36,"SGP",1.44606667452956,2.7938271524634,0.497
"7561",5,40,37,"SGP",1.44474679213743,2.71720772907559,0.4705
"7562",5,40,38,"SGP",1.49949365974561,2.79517344123488,0.5615
"7563",5,40,1,"SGP50",7.46369831846939,4.25932754427503,0.9065
"7564",5,40,2,"SGP50",3.49593807314085,3.34584071410877,0.7695
"7565",5,40,3,"SGP50",2.9885477739961,3.11491727697484,0.251
"7566",5,40,4,"SGP50",4.46588520917172,3.7069638265521,0.8105
"7567",5,40,5,"SGP50",3.63542095681945,3.29089637329447,0.7935
"7568",5,40,6,"SGP50",1.87078004699302,2.96699127414161,0.5445
"7569",5,40,7,"SGP50",9.23037048216362,4.52951475250277,0.9575
"7570",5,40,8,"SGP50",2.69227799051009,3.15246011605633,0.653
"7571",5,40,9,"SGP50",2.97248793342242,3.12959453535571,0.7145
"7572",5,40,10,"SGP50",2.00886959475062,3.07608376148476,0.4855
"7573",5,40,11,"SGP50",6.86612820360421,4.01000152093791,0.925
"7574",5,40,12,"SGP50",8.17891647015469,4.11279795183834,0.1255
"7575",5,40,13,"SGP50",3.36005630918788,3.50243466818402,0.387
"7576",5,40,14,"SGP50",2.92354848587602,3.29865116461793,0.308
"7577",5,40,15,"SGP50",8.16491752172755,4.15171676580565,0.9385
"7578",5,40,16,"SGP50",2.5845672738481,3.34870069674025,0.517
"7579",5,40,17,"SGP50",2.36619476427574,3.25407950769352,0.4825
"7580",5,40,18,"SGP50",5.79177384708147,3.8674548504111,0.1585
"7581",5,40,19,"SGP50",7.4080891067112,3.86806888881353,0.096
"7582",5,40,20,"SGP50",3.37938212440996,3.27538344154752,0.256
"7583",5,40,21,"SGP50",2.23925949761512,3.0873005848196,0.361
"7584",5,40,22,"SGP50",1.73924881722977,2.90669690889955,0.5425
"7585",5,40,23,"SGP50",2.58270146700629,3.15240467292452,0.6985
"7586",5,40,24,"SGP50",2.0516470331534,3.14366309257239,0.6125
"7587",5,40,25,"SGP50",3.41516375686313,3.35423423466872,0.7515
"7588",5,40,26,"SGP50",2.2270905518737,3.18198690641483,0.567
"7589",5,40,27,"SGP50",1.97743858171927,3.07916757509226,0.5325
"7590",5,40,28,"SGP50",1.97246696669756,3.05042385754477,0.5675
"7591",5,40,29,"SGP50",2.69271667469318,3.14257463258453,0.7195
"7592",5,40,30,"SGP50",2.43215136498652,3.0707549644085,0.353
"7593",5,40,31,"SGP50",1.63179916458965,2.8348312783181,0.5455
"7594",5,40,32,"SGP50",1.77756057729376,2.85152007226528,0.6435
"7595",5,40,33,"SGP50",2.57218620617016,3.0165284497857,0.7195
"7596",5,40,34,"SGP50",2.21671794849502,2.9491999483785,0.334
"7597",5,40,35,"SGP50",1.66832640322809,2.79295264340823,0.631
"7598",5,40,36,"SGP50",1.43524397637321,2.75237334657757,0.5265
"7599",5,40,37,"SGP50",1.45325655162925,2.72104853743153,0.422
"7600",5,40,38,"SGP50",1.33214085897211,2.6262994197846,0.5225
"7601",5,41,1,"BMA",8.003091472773,4.05744479321339,0.87
"7602",5,41,2,"BMA",4.61095261884226,3.65565840871116,0.7555
"7603",5,41,3,"BMA",15.1984917441376,4.98586045957508,0.9435
"7604",5,41,4,"BMA",20.2001897791417,4.98247976011238,0.924
"7605",5,41,5,"BMA",7.14365407701589,4.13830549338937,0.305
"7606",5,41,6,"BMA",11.8225206696438,4.52514407178661,0.165
"7607",5,41,7,"BMA",16.2939512617025,4.84669696496844,0.8735
"7608",5,41,8,"BMA",24.1590607507439,5.21047866399855,0.9355
"7609",5,41,9,"BMA",11.1330345311952,4.36636567637758,0.817
"7610",5,41,10,"BMA",5.09017944089312,3.92964318960764,0.435
"7611",5,41,11,"BMA",9.80914703801682,4.53526789604083,0.282
"7612",5,41,12,"BMA",12.6632016043645,4.25804237157253,0.7155
"7613",5,41,13,"BMA",5.15858752152817,3.79167905201332,0.595
"7614",5,41,14,"BMA",3.6264721558287,3.70040721539963,0.484
"7615",5,41,15,"BMA",4.15041762139758,3.82433359929073,0.5035
"7616",5,41,16,"BMA",6.9939235055702,3.96435684692329,0.2425
"7617",5,41,17,"BMA",10.2741801850655,4.27632109546203,0.115
"7618",5,41,18,"BMA",3.11161814885573,3.45891956357593,0.483
"7619",5,41,19,"BMA",3.03678750102897,3.46070139630603,0.413
"7620",5,41,20,"BMA",3.28679709103703,3.34869305129144,0.3345
"7621",5,41,21,"BMA",2.11927764513898,3.152060075217,0.5425
"7622",5,41,22,"BMA",4.50848085757255,3.5252087371656,0.819
"7623",5,41,23,"BMA",4.06366127209885,3.43352509379629,0.804
"7624",5,41,24,"BMA",5.04204570157366,3.63401421208044,0.8625
"7625",5,41,25,"BMA",4.50585866398503,3.33507804672585,0.8655
"7626",5,41,26,"BMA",5.47282854571201,3.64975144073335,0.911
"7627",5,41,27,"BMA",3.93333571855867,3.22830821403739,0.1385
"7628",5,41,28,"BMA",1.40448535584205,2.6016005512735,0.4105
"7629",5,41,29,"BMA",1.73714384370687,2.67653772678554,0.301
"7630",5,41,30,"BMA",1.09006009190604,2.45242980614469,0.4595
"7631",5,41,31,"BMA",1.60647442622237,2.60180469275774,0.237
"7632",5,41,32,"BMA",1.02554725647807,2.37057953946515,0.5795
"7633",5,41,33,"BMA",3.41001930639525,3.38649895167151,0.9055
"7634",5,41,34,"BMA",1.07097119763179,2.36742848751385,0.6585
"7635",5,41,35,"BMA",0.789372661293517,2.15319430310658,0.464
"7636",5,41,36,"BMA",0.913882727764257,2.11653301766198,0.365
"7637",5,41,37,"BMA",1.96910465044502,2.46956283038942,0.134
"7638",5,41,38,"BMA",2.99338578056983,3.13832650528075,0.0655
"7639",5,41,1,"AVS",8.003091472773,3.93991232632803,0.861
"7640",5,41,2,"AVS",3.42844741768321,3.48064347343649,0.686
"7641",5,41,3,"AVS",14.7894947605553,5.01081799435763,0.9505
"7642",5,41,4,"AVS",28.2582646995232,5.96098533019856,0.979
"7643",5,41,5,"AVS",7.86146774266637,4.06934273009808,0.222
"7644",5,41,6,"AVS",12.2285870590534,4.42217571487895,0.1675
"7645",5,41,7,"AVS",16.0933960964786,4.62897213244526,0.8495
"7646",5,41,8,"AVS",24.0592902549638,5.30169621460916,0.932
"7647",5,41,9,"AVS",9.05063200980053,4.09363781924154,0.098
"7648",5,41,10,"AVS",14.420856350822,4.89281935774012,0.0365
"7649",5,41,11,"AVS",11.9018050903239,4.43480034290267,0.0605
"7650",5,41,12,"AVS",7.60831637882833,4.05220776667019,0.7955
"7651",5,41,13,"AVS",14.5610157092435,4.99293897996755,0.031
"7652",5,41,14,"AVS",3.57261898848736,3.723670952444,0.512
"7653",5,41,15,"AVS",4.01310091570799,3.74746908544592,0.473
"7654",5,41,16,"AVS",7.70717409600989,3.93331735839887,0.1955
"7655",5,41,17,"AVS",10.2393826652438,4.31647003479165,0.1095
"7656",5,41,18,"AVS",3.51566847001343,3.51001394473881,0.608
"7657",5,41,19,"AVS",3.07589614894966,3.37429089161626,0.3905
"7658",5,41,20,"AVS",3.27952088291402,3.46347505141363,0.3235
"7659",5,41,21,"AVS",2.12171027589587,3.12258756535338,0.535
"7660",5,41,22,"AVS",4.52608801740725,3.49591530918586,0.8065
"7661",5,41,23,"AVS",4.08328192623048,3.41826493160756,0.8035
"7662",5,41,24,"AVS",5.07700313307758,3.6062840439618,0.867
"7663",5,41,25,"AVS",4.38061254941337,3.49082371461016,0.8415
"7664",5,41,26,"AVS",4.59512383947655,3.63194757365174,0.858
"7665",5,41,27,"AVS",9.23522641675834,4.1825487655011,0.076
"7666",5,41,28,"AVS",1.35904720632208,2.67324069106432,0.4145
"7667",5,41,29,"AVS",1.69824833471327,2.63261790519147,0.311
"7668",5,41,30,"AVS",1.0814608975712,2.46557008792262,0.48
"7669",5,41,31,"AVS",1.59463696420463,2.55183153589773,0.2685
"7670",5,41,32,"AVS",1.0262967619648,2.32982355375429,0.588
"7671",5,41,33,"AVS",3.41729699892391,3.39337586655574,0.9105
"7672",5,41,34,"AVS",1.0727303597981,2.39093965227285,0.6595
"7673",5,41,35,"AVS",0.787649520087676,2.16145131314938,0.483
"7674",5,41,36,"AVS",0.914257760011628,2.09718299751095,0.36
"7675",5,41,37,"AVS",1.97517059998384,2.48412146801913,0.1265
"7676",5,41,38,"AVS",3.00808167994662,3.14581715591129,0.0525
"7677",5,41,1,"EQW",8.003091472773,4.14165986134289,0.8695
"7678",5,41,2,"EQW",5.20302049490125,3.72815709546329,0.7975
"7679",5,41,3,"EQW",14.2255765884835,5.06612723330066,0.9435
"7680",5,41,4,"EQW",13.9952607623501,4.42048268248852,0.899
"7681",5,41,5,"EQW",7.6134390474615,4.32093278241854,0.5515
"7682",5,41,6,"EQW",5.79354395690116,4.12991229583295,0.481
"7683",5,41,7,"EQW",20.9576725052759,5.33020603250982,0.9545
"7684",5,41,8,"EQW",20.361893070463,4.69506967352887,0.886
"7685",5,41,9,"EQW",11.5850144525152,4.57654837691226,0.6985
"7686",5,41,10,"EQW",6.05885132853317,4.27207897194314,0.4545
"7687",5,41,11,"EQW",8.48629387112362,4.28575519278494,0.2285
"7688",5,41,12,"EQW",5.82380758461121,3.94666430559698,0.646
"7689",5,41,13,"EQW",5.24170906680589,4.00172286111009,0.4125
"7690",5,41,14,"EQW",3.79154253186059,3.75129694358965,0.495
"7691",5,41,15,"EQW",4.07679863758329,3.78785235553502,0.534
"7692",5,41,16,"EQW",6.50126529014162,3.97243583013571,0.2645
"7693",5,41,17,"EQW",8.10168976572961,4.00165057815336,0.172
"7694",5,41,18,"EQW",3.57720203825413,3.59816931511024,0.5335
"7695",5,41,19,"EQW",4.58556988385372,3.58913151890387,0.315
"7696",5,41,20,"EQW",4.48578477520522,3.58824769186396,0.293
"7697",5,41,21,"EQW",3.10831516124293,3.51835604610009,0.47
"7698",5,41,22,"EQW",3.15920574077548,3.50563503926513,0.616
"7699",5,41,23,"EQW",2.95689908250117,3.43203585350945,0.4805
"7700",5,41,24,"EQW",3.06464340421779,3.38837051206408,0.6185
"7701",5,41,25,"EQW",2.74388099655661,3.40282093766024,0.5605
"7702",5,41,26,"EQW",3.15260717081913,3.41455996786313,0.6505
"7703",5,41,27,"EQW",7.63618968859026,3.85248619495508,0.0935
"7704",5,41,28,"EQW",3.03486766013117,3.43919737058064,0.4695
"7705",5,41,29,"EQW",3.29367506135207,3.26197910821448,0.2715
"7706",5,41,30,"EQW",2.16820409573321,3.13626537448523,0.3955
"7707",5,41,31,"EQW",2.90265699769506,3.08277460064895,0.2795
"7708",5,41,32,"EQW",1.78821188792106,2.78300148843772,0.5335
"7709",5,41,33,"EQW",2.48104414722122,3.18166274028665,0.668
"7710",5,41,34,"EQW",1.89928976603451,2.83305381390148,0.452
"7711",5,41,35,"EQW",1.61088679827009,2.68486645960399,0.4775
"7712",5,41,36,"EQW",1.57237822503872,2.65202439447688,0.44
"7713",5,41,37,"EQW",1.97791429430427,2.77933267940258,0.3125
"7714",5,41,38,"EQW",2.16002259205926,3.03564335436268,0.292
"7715",5,41,1,"SGP",8.003091472773,4.1421777766014,0.881
"7716",5,41,2,"SGP",6.24486856965252,3.86511715031304,0.876
"7717",5,41,3,"SGP",19.8943973327462,6.97549066352253,0.986
"7718",5,41,4,"SGP",21.0088923209335,5.08233914323378,0.9645
"7719",5,41,5,"SGP",7.38825415856148,4.01731441366626,0.096
"7720",5,41,6,"SGP",6.22238643031327,3.70413410375535,0.1295
"7721",5,41,7,"SGP",18.0774707047261,5.91825639376673,0.9925
"7722",5,41,8,"SGP",3.63147569207972,3.47387651774281,0.6605
"7723",5,41,9,"SGP",8.88313899076251,4.09553767965278,0.104
"7724",5,41,10,"SGP",14.2538484595397,5.09977207358126,0.041
"7725",5,41,11,"SGP",12.0442039053976,4.47529088582567,0.0535
"7726",5,41,12,"SGP",6.67664311472419,3.92039017795011,0.818
"7727",5,41,13,"SGP",14.4551593366183,5.07642020351338,0.0255
"7728",5,41,14,"SGP",3.47182861788212,3.52572472995368,0.352
"7729",5,41,15,"SGP",2.69429976157259,3.381261815837,0.4885
"7730",5,41,16,"SGP",10.3610730323273,4.29361465168802,0.079
"7731",5,41,17,"SGP",6.46627853336568,3.91692165104064,0.162
"7732",5,41,18,"SGP",5.87599750965085,3.77574579724447,0.816
"7733",5,41,19,"SGP",5.39661860988113,3.70224776798851,0.2315
"7734",5,41,20,"SGP",2.86570055571854,3.37002749424259,0.481
"7735",5,41,21,"SGP",4.20706391502654,3.46126075131258,0.7225
"7736",5,41,22,"SGP",3.46289327506932,3.48276892454693,0.6875
"7737",5,41,23,"SGP",3.30015517416733,3.4398129692138,0.327
"7738",5,41,24,"SGP",3.02727681047651,3.32665997047691,0.637
"7739",5,41,25,"SGP",2.70211105886507,3.34612153089769,0.4605
"7740",5,41,26,"SGP",2.93529290630235,3.38573269779523,0.6175
"7741",5,41,27,"SGP",10.3549365932503,4.48080166748082,0.065
"7742",5,41,28,"SGP",12.4937001327594,4.66701078663677,0.961
"7743",5,41,29,"SGP",3.19334173351051,3.43052878418683,0.3655
"7744",5,41,30,"SGP",2.88969568563687,3.36266828420069,0.6425
"7745",5,41,31,"SGP",2.97503970751825,3.27189197357553,0.3505
"7746",5,41,32,"SGP",2.96869548526212,3.279950081358,0.724
"7747",5,41,33,"SGP",2.60207967256843,3.32167068487888,0.5705
"7748",5,41,34,"SGP",4.01149013035308,3.4292854678612,0.2635
"7749",5,41,35,"SGP",2.6478824027411,3.21913741337943,0.5615
"7750",5,41,36,"SGP",2.37590951518967,3.20159107279659,0.5525
"7751",5,41,37,"SGP",2.23092032360466,3.32552067653547,0.4425
"7752",5,41,38,"SGP",2.17853274763568,3.17724447027358,0.549
"7753",5,41,1,"SGP50",8.003091472773,4.11473638500859,0.877
"7754",5,41,2,"SGP50",5.20884765139406,3.73457380443842,0.774
"7755",5,41,3,"SGP50",14.4141431215634,5.12719748351787,0.9465
"7756",5,41,4,"SGP50",14.1412625037124,4.40455976426474,0.9015
"7757",5,41,5,"SGP50",7.22123947969424,4.33688227776421,0.5065
"7758",5,41,6,"SGP50",5.519645140491,4.14128874120883,0.4295
"7759",5,41,7,"SGP50",20.0675326997605,5.35048281508676,0.956
"7760",5,41,8,"SGP50",14.9767727530471,4.30257918034033,0.845
"7761",5,41,9,"SGP50",7.57031378081805,4.38354205192801,0.5195
"7762",5,41,10,"SGP50",7.5298333101293,4.45452189423647,0.2895
"7763",5,41,11,"SGP50",9.7857074605988,4.33654819414822,0.1715
"7764",5,41,12,"SGP50",6.02091618434783,3.97797464045199,0.723
"7765",5,41,13,"SGP50",8.55165288491368,4.36929412943676,0.2285
"7766",5,41,14,"SGP50",3.567065986871,3.62543449926919,0.405
"7767",5,41,15,"SGP50",3.24450201658297,3.49755307666243,0.501
"7768",5,41,16,"SGP50",8.61400893640827,4.22156047801663,0.1575
"7769",5,41,17,"SGP50",7.37342028608455,3.94118548476251,0.1655
"7770",5,41,18,"SGP50",4.40234404608839,3.69103227284238,0.69
"7771",5,41,19,"SGP50",5.06261254995818,3.66334494080099,0.2695
"7772",5,41,20,"SGP50",3.34208014356503,3.46442179067725,0.388
"7773",5,41,21,"SGP50",3.30364003849166,3.54911764844302,0.5995
"7774",5,41,22,"SGP50",3.32144565522817,3.47416825115367,0.6485
"7775",5,41,23,"SGP50",3.02247134573564,3.45599614229382,0.4145
"7776",5,41,24,"SGP50",3.05103034130144,3.39994133901688,0.638
"7777",5,41,25,"SGP50",2.64389944300961,3.34027597284758,0.5265
"7778",5,41,26,"SGP50",3.05753792226962,3.34619484286631,0.6435
"7779",5,41,27,"SGP50",8.76457833679115,4.06943136780773,0.086
"7780",5,41,28,"SGP50",6.14534135478611,3.78290857105637,0.711
"7781",5,41,29,"SGP50",3.11104685587161,3.26186981323582,0.314
"7782",5,41,30,"SGP50",2.20106185993933,3.1562121897287,0.5095
"7783",5,41,31,"SGP50",2.76708898811361,3.16477395400981,0.301
"7784",5,41,32,"SGP50",1.99681237241219,2.92506564064044,0.5735
"7785",5,41,33,"SGP50",2.46221743577154,3.19607393114924,0.688
"7786",5,41,34,"SGP50",2.17886399901636,2.96537953095447,0.402
"7787",5,41,35,"SGP50",1.62727102419697,2.72117595432684,0.498
"7788",5,41,36,"SGP50",1.47407917626425,2.67897653974053,0.456
"7789",5,41,37,"SGP50",1.77487449807545,2.74205808383158,0.308
"7790",5,41,38,"SGP50",1.97134720808231,2.93904165732061,0.2795
"7791",5,42,1,"BMA",1.72675771312069,2.31736553173705,0.158
"7792",5,42,2,"BMA",0.705810439733937,1.88081296251225,0.691
"7793",5,42,3,"BMA",7.33708775730444,5.77585254481926,0.985
"7794",5,42,4,"BMA",4.6032961883634,3.61216122488387,0.8475
"7795",5,42,5,"BMA",1.98169561368578,3.00371316326406,0.4285
"7796",5,42,6,"BMA",3.08439748881188,3.07041392421172,0.2245
"7797",5,42,7,"BMA",1.79166355272326,2.88266329121946,0.356
"7798",5,42,8,"BMA",1.57191877590024,2.78063304014712,0.617
"7799",5,42,9,"BMA",1.51854036380003,2.6889246676778,0.5915
"7800",5,42,10,"BMA",1.41064721816483,2.66224692431507,0.375
"7801",5,42,11,"BMA",1.2236654318257,2.59988372775891,0.591
"7802",5,42,12,"BMA",1.65004200912811,2.62361550580215,0.29
"7803",5,42,13,"BMA",3.11529644283394,3.07438290405494,0.1405
"7804",5,42,14,"BMA",1.25373662427098,2.44310184905399,0.337
"7805",5,42,15,"BMA",1.0927717669367,2.31629788643594,0.3425
"7806",5,42,16,"BMA",5.69864347648939,4.29747123393549,0.9725
"7807",5,42,17,"BMA",1.95262034027246,2.68383759166561,0.7715
"7808",5,42,18,"BMA",0.934561706409055,2.1777978479824,0.3835
"7809",5,42,19,"BMA",1.20140260148265,2.34593638807531,0.3035
"7810",5,42,20,"BMA",1.62366422213659,2.56703094887529,0.825
"7811",5,42,21,"BMA",0.827850988346423,2.15809479235714,0.6275
"7812",5,42,22,"BMA",2.91455565733127,3.08606293641116,0.0465
"7813",5,42,23,"BMA",1.55325717691316,2.33379282412919,0.1745
"7814",5,42,24,"BMA",1.33135068638682,2.10081749595445,0.218
"7815",5,42,25,"BMA",2.48454352831369,2.84257937513588,0.056
"7816",5,42,26,"BMA",0.877219854885238,2.01501247159629,0.3235
"7817",5,42,27,"BMA",0.617317166734768,1.86375475252961,0.4695
"7818",5,42,28,"BMA",2.48668874255243,2.87537093425872,0.9095
"7819",5,42,29,"BMA",2.91616229879956,3.29241892414031,0.944
"7820",5,42,30,"BMA",0.845342318768186,2.11736724388673,0.6505
"7821",5,42,31,"BMA",1.19273358124073,2.20222446606224,0.7645
"7822",5,42,32,"BMA",3.2710817352238,3.336182796404,0.955
"7823",5,42,33,"BMA",1.95617779049896,2.74269278397395,0.823
"7824",5,42,34,"BMA",1.15369569533638,2.43196196836423,0.711
"7825",5,42,35,"BMA",4.94556129054793,3.96605482995558,0.979
"7826",5,42,36,"BMA",2.24284107224596,2.71113542401629,0.761
"7827",5,42,37,"BMA",1.56768010335153,2.51867843674917,0.223
"7828",5,42,38,"BMA",2.78011009457381,2.96554639931964,0.9185
"7829",5,42,1,"AVS",1.72675771312069,2.35658588821772,0.1685
"7830",5,42,2,"AVS",0.705727509349331,1.81603111552701,0.713
"7831",5,42,3,"AVS",7.32388455753115,5.77983008724685,0.991
"7832",5,42,4,"AVS",6.19686265502573,4.08196113015746,0.928
"7833",5,42,5,"AVS",1.51759998997374,2.49827460712586,0.334
"7834",5,42,6,"AVS",2.01272182437574,2.55227067342858,0.2105
"7835",5,42,7,"AVS",0.918518308601859,2.26389235920032,0.605
"7836",5,42,8,"AVS",1.28133714064429,2.46244099755994,0.7145
"7837",5,42,9,"AVS",0.755865868781202,2.1296217562668,0.5175
"7838",5,42,10,"AVS",1.80935984725666,2.59544285999234,0.1585
"7839",5,42,11,"AVS",0.897369719756301,2.16374372263784,0.6255
"7840",5,42,12,"AVS",2.58151592238841,2.9483932356498,0.091
"7841",5,42,13,"AVS",3.3888536798137,3.35837347964679,0.047
"7842",5,42,14,"AVS",0.912063883130027,2.21513680690553,0.3675
"7843",5,42,15,"AVS",1.23302788357534,2.30773504415927,0.239
"7844",5,42,16,"AVS",5.46519107345501,4.66284508021961,0.988
"7845",5,42,17,"AVS",1.58652248072874,2.5046580961505,0.2255
"7846",5,42,18,"AVS",1.74587808831028,2.57806005476281,0.1985
"7847",5,42,19,"AVS",0.922742471944821,2.23721186640425,0.367
"7848",5,42,20,"AVS",2.43569635259482,2.73587662099784,0.884
"7849",5,42,21,"AVS",0.83137528144888,2.16297426578068,0.4515
"7850",5,42,22,"AVS",3.17284933839925,3.268058467821,0.055
"7851",5,42,23,"AVS",0.845587907104763,2.3190646970277,0.491
"7852",5,42,24,"AVS",0.756583944049702,2.11692886119864,0.452
"7853",5,42,25,"AVS",1.31452215688754,2.30899941867979,0.216
"7854",5,42,26,"AVS",1.22889566490241,2.26296710370088,0.7135
"7855",5,42,27,"AVS",0.858944257427364,2.08652070417552,0.5875
"7856",5,42,28,"AVS",2.60432844822113,2.87141714789408,0.9035
"7857",5,42,29,"AVS",0.98737463406974,2.19413581687479,0.6525
"7858",5,42,30,"AVS",1.73926606373086,2.48921266510159,0.1745
"7859",5,42,31,"AVS",0.821325294522137,2.08906550683427,0.6145
"7860",5,42,32,"AVS",1.78882387668049,2.44822336436928,0.839
"7861",5,42,33,"AVS",0.85783861539111,2.15775869463414,0.392
"7862",5,42,34,"AVS",0.840850720476423,2.17456180864957,0.376
"7863",5,42,35,"AVS",3.39660800735016,3.28570526554463,0.9525
"7864",5,42,36,"AVS",0.71799283541054,2.12222207317083,0.4985
"7865",5,42,37,"AVS",1.88901009243031,2.58200492422699,0.1505
"7866",5,42,38,"AVS",2.5749268530351,2.80160407957532,0.9115
"7867",5,42,1,"EQW",1.72675771312069,2.38068662143916,0.1765
"7868",5,42,2,"EQW",0.91045612782975,2.10434937769926,0.5945
"7869",5,42,3,"EQW",5.20535125728097,4.34235323333712,0.906
"7870",5,42,4,"EQW",4.46136156951504,3.50942471090719,0.8735
"7871",5,42,5,"EQW",1.53074387841076,2.6471369852785,0.359
"7872",5,42,6,"EQW",2.27701011079801,2.77048014111872,0.2195
"7873",5,42,7,"EQW",1.14042682884078,2.5156672343878,0.474
"7874",5,42,8,"EQW",1.33041611676547,2.57796867059836,0.6515
"7875",5,42,9,"EQW",1.02880432462478,2.32769708438227,0.554
"7876",5,42,10,"EQW",1.52039484386142,2.55463036171863,0.286
"7877",5,42,11,"EQW",1.02169099463669,2.36083391653297,0.6085
"7878",5,42,12,"EQW",1.92270630673983,2.70735343847779,0.219
"7879",5,42,13,"EQW",3.1022208715198,3.12256340134334,0.092
"7880",5,42,14,"EQW",1.04128693334944,2.29983796583478,0.378
"7881",5,42,15,"EQW",1.29396854534028,2.35963045814597,0.266
"7882",5,42,16,"EQW",5.41115510920401,4.50747982703805,0.9805
"7883",5,42,17,"EQW",1.22859318546953,2.68252352458679,0.4885
"7884",5,42,18,"EQW",1.19744387248855,2.47957921244717,0.362
"7885",5,42,19,"EQW",0.963890468373704,2.39000882510796,0.4195
"7886",5,42,20,"EQW",2.5876253587859,2.82030994441255,0.8705
"7887",5,42,21,"EQW",1.15429647629313,2.38827980625708,0.5715
"7888",5,42,22,"EQW",2.13767935449785,3.01563096663399,0.2255
"7889",5,42,23,"EQW",0.99277860240282,2.37056198863092,0.536
"7890",5,42,24,"EQW",0.957726006324758,2.3558287817662,0.5215
"7891",5,42,25,"EQW",1.15405816177536,2.49904478413618,0.381
"7892",5,42,26,"EQW",1.32468692948982,2.40796065628533,0.689
"7893",5,42,27,"EQW",1.25272382130756,2.3597469403893,0.686
"7894",5,42,28,"EQW",3.44685793594696,3.22672461156396,0.933
"7895",5,42,29,"EQW",2.36080839094489,2.70431430329727,0.803
"7896",5,42,30,"EQW",1.34011093719458,2.66424693549106,0.5065
"7897",5,42,31,"EQW",1.67471526570039,2.43757113099299,0.7535
"7898",5,42,32,"EQW",3.22734636979963,3.00683461171897,0.91
"7899",5,42,33,"EQW",1.62439500053582,2.59845313701051,0.635
"7900",5,42,34,"EQW",1.3591515040091,2.42057084787075,0.6235
"7901",5,42,35,"EQW",5.01412300647782,3.83228748872791,0.972
"7902",5,42,36,"EQW",2.46214869164796,2.73664251141852,0.7355
"7903",5,42,37,"EQW",1.53328649322885,2.7998597131846,0.5195
"7904",5,42,38,"EQW",4.23119081380753,3.29733550294232,0.942
"7905",5,42,1,"SGP",1.72675771312069,2.36320669904636,0.168
"7906",5,42,2,"SGP",0.757348285402848,1.8307183530142,0.7105
"7907",5,42,3,"SGP",7.31800617221232,6.32305481220699,0.989
"7908",5,42,4,"SGP",6.61659034557695,3.89226542372771,0.955
"7909",5,42,5,"SGP",1.38134688111121,2.47532515015156,0.303
"7910",5,42,6,"SGP",1.87477741355159,2.59688071494617,0.195
"7911",5,42,7,"SGP",0.908260885437127,2.18128325810018,0.5965
"7912",5,42,8,"SGP",1.27296545154159,2.38038732826955,0.724
"7913",5,42,9,"SGP",0.745721802451204,2.17492774472067,0.501
"7914",5,42,10,"SGP",1.80184014264534,2.49088897685166,0.163
"7915",5,42,11,"SGP",0.877636013571127,2.13321900801219,0.6265
"7916",5,42,12,"SGP",2.55204676726872,2.89827398571235,0.089
"7917",5,42,13,"SGP",3.39819477636879,3.43922699095592,0.0425
"7918",5,42,14,"SGP",0.889384186240314,2.17834573409598,0.355
"7919",5,42,15,"SGP",1.34791589100232,2.29757030512664,0.239
"7920",5,42,16,"SGP",5.37235777431734,4.78859635906903,0.9925
"7921",5,42,17,"SGP",1.69709577379218,2.44790075799285,0.209
"7922",5,42,18,"SGP",1.83897266833873,2.63870766653824,0.176
"7923",5,42,19,"SGP",0.926658387526206,2.20327952505266,0.3695
"7924",5,42,20,"SGP",2.37781900910006,2.76242920501764,0.877
"7925",5,42,21,"SGP",0.905514628458359,2.13832506072341,0.3755
"7926",5,42,22,"SGP",3.36302384681454,3.20122136571566,0.067
"7927",5,42,23,"SGP",0.842276503595522,2.22389659310325,0.5635
"7928",5,42,24,"SGP",0.759989468784446,2.12537576961184,0.474
"7929",5,42,25,"SGP",1.21440594539916,2.30467054763731,0.2515
"7930",5,42,26,"SGP",1.2544183242308,2.30781995354519,0.7275
"7931",5,42,27,"SGP",0.866632098320274,2.12374318421321,0.629
"7932",5,42,28,"SGP",2.5981614936955,2.86037517276153,0.9125
"7933",5,42,29,"SGP",0.90419931307266,2.16853740237633,0.6415
"7934",5,42,30,"SGP",1.7275143031834,2.54650584469502,0.174
"7935",5,42,31,"SGP",0.844278646494598,2.0630750115549,0.6235
"7936",5,42,32,"SGP",1.81823865347894,2.47621081873713,0.8635
"7937",5,42,33,"SGP",0.836585446259018,2.14975888921713,0.39
"7938",5,42,34,"SGP",0.833197042858863,2.10955131278451,0.368
"7939",5,42,35,"SGP",3.45549910043093,3.35742230331033,0.949
"7940",5,42,36,"SGP",0.733422765405291,2.11894056198889,0.4905
"7941",5,42,37,"SGP",1.82586564023127,2.55159181069958,0.175
"7942",5,42,38,"SGP",2.61093507955866,2.97486338669829,0.9135
"7943",5,42,1,"SGP50",1.72675771312069,2.33095562020869,0.1625
"7944",5,42,2,"SGP50",0.889199230987121,2.11407163483983,0.6065
"7945",5,42,3,"SGP50",5.40703726320604,4.34665977329652,0.9135
"7946",5,42,4,"SGP50",4.59650017932761,3.51404768601304,0.8735
"7947",5,42,5,"SGP50",1.50740914636902,2.61725292770509,0.3675
"7948",5,42,6,"SGP50",2.21956713067806,2.77659972472733,0.206
"7949",5,42,7,"SGP50",1.09397041574608,2.45702853707101,0.499
"7950",5,42,8,"SGP50",1.30821098368468,2.54798068432953,0.657
"7951",5,42,9,"SGP50",0.971166643344064,2.32091405854593,0.568
"7952",5,42,10,"SGP50",1.56093350636108,2.53858406210831,0.2665
"7953",5,42,11,"SGP50",0.981201222561828,2.24154267627361,0.6135
"7954",5,42,12,"SGP50",2.03443887341191,2.76435892679762,0.1945
"7955",5,42,13,"SGP50",3.18915316781781,3.15965035385155,0.0915
"7956",5,42,14,"SGP50",1.01640273360479,2.21362180480508,0.3615
"7957",5,42,15,"SGP50",1.33609472018449,2.39065585762897,0.261
"7958",5,42,16,"SGP50",5.37039642455876,4.55383342913068,0.9845
"7959",5,42,17,"SGP50",1.20047716258235,2.64125059436999,0.4515
"7960",5,42,18,"SGP50",1.29439278331312,2.42600280600988,0.3205
"7961",5,42,19,"SGP50",0.972459592014869,2.31078233905677,0.4145
"7962",5,42,20,"SGP50",2.42253291880998,2.72437434686649,0.8615
"7963",5,42,21,"SGP50",1.0149396572286,2.31897586092647,0.5255
"7964",5,42,22,"SGP50",2.43305680039917,3.07134241944365,0.195
"7965",5,42,23,"SGP50",0.937261619916928,2.27951563277926,0.525
"7966",5,42,24,"SGP50",0.905930057429558,2.25272383698171,0.488
"7967",5,42,25,"SGP50",1.21462998130779,2.39412439585965,0.311
"7968",5,42,26,"SGP50",1.215558590115,2.37192458353136,0.696
"7969",5,42,27,"SGP50",1.07981350858585,2.22137124383959,0.6565
"7970",5,42,28,"SGP50",3.11598516272917,3.03145356742521,0.924
"7971",5,42,29,"SGP50",1.87546825369996,2.56474097081474,0.7705
"7972",5,42,30,"SGP50",1.21497462160715,2.58713590792969,0.412
"7973",5,42,31,"SGP50",1.31748232378922,2.30723377217455,0.714
"7974",5,42,32,"SGP50",2.70724795569045,2.8902072562286,0.889
"7975",5,42,33,"SGP50",1.19304442115056,2.40322213269404,0.579
"7976",5,42,34,"SGP50",1.02680574927201,2.31940820493884,0.568
"7977",5,42,35,"SGP50",4.42293380300082,3.68095863459937,0.9695
"7978",5,42,36,"SGP50",1.73233411282907,2.59116735555239,0.687
"7979",5,42,37,"SGP50",1.32207042179077,2.6992431645293,0.4355
"7980",5,42,38,"SGP50",3.62177894743478,3.24001841282113,0.9335
"7981",5,43,1,"BMA",1.17612330077123,2.46486034644032,0.615
"7982",5,43,2,"BMA",2.06300102512969,2.72167838548344,0.131
"7983",5,43,3,"BMA",1.00243108234546,2.12356107704382,0.2985
"7984",5,43,4,"BMA",1.01364090874043,2.11088888510283,0.283
"7985",5,43,5,"BMA",1.04119080434877,2.01482117093514,0.25
"7986",5,43,6,"BMA",0.978524950807917,2.16075649151432,0.7275
"7987",5,43,7,"BMA",0.528275361735538,1.71445815324106,0.4565
"7988",5,43,8,"BMA",2.03037460302422,2.70105508106791,0.9255
"7989",5,43,9,"BMA",3.13566286184275,3.26712381902417,0.97
"7990",5,43,10,"BMA",2.87916793794495,3.25892888806438,0.961
"7991",5,43,11,"BMA",3.4808387342103,3.92577842450976,0.041
"7992",5,43,12,"BMA",1.24075620024345,2.31182995665976,0.2555
"7993",5,43,13,"BMA",0.774659341376783,2.03188887354047,0.644
"7994",5,43,14,"BMA",1.73703459574438,2.46366554982641,0.166
"7995",5,43,15,"BMA",2.76526495079601,3.01948794671641,0.069
"7996",5,43,16,"BMA",0.980518138028919,2.09717736371998,0.701
"7997",5,43,17,"BMA",1.89554264790464,2.48794409968071,0.1305
"7998",5,43,18,"BMA",1.54409038444323,2.44254372294719,0.807
"7999",5,43,19,"BMA",0.659431755865285,1.91847867972666,0.4945
"8000",5,43,20,"BMA",0.788615125359261,2.03943119173189,0.351
"8001",5,43,21,"BMA",2.36002819101356,2.93557149161654,0.92
"8002",5,43,22,"BMA",1.11150820695236,2.17115550592061,0.2785
"8003",5,43,23,"BMA",1.73917036667579,2.57901456253845,0.8605
"8004",5,43,24,"BMA",1.10824686577183,2.26334013417661,0.7255
"8005",5,43,25,"BMA",1.10927625873427,2.20699507647629,0.2825
"8006",5,43,26,"BMA",0.621331148329483,1.85532770204536,0.458
"8007",5,43,27,"BMA",1.04410039209064,2.15856408076099,0.745
"8008",5,43,28,"BMA",0.753466142871694,1.89232871774817,0.377
"8009",5,43,29,"BMA",0.811490750719735,1.88749734061207,0.309
"8010",5,43,30,"BMA",2.97995860964775,3.29927239989707,0.0415
"8011",5,43,31,"BMA",3.43741099980392,3.15343317698009,0.0615
"8012",5,43,32,"BMA",0.804354676591616,1.99844582754426,0.339
"8013",5,43,33,"BMA",0.737558388255636,1.87357059486593,0.6385
"8014",5,43,34,"BMA",1.20894827060479,2.10016544723193,0.1955
"8015",5,43,35,"BMA",1.21156715258828,2.20258688376544,0.777
"8016",5,43,36,"BMA",0.57113517176532,1.85997479731085,0.49
"8017",5,43,37,"BMA",0.751980947720184,1.96553997687896,0.63
"8018",5,43,38,"BMA",2.72345986663015,3.07507601597332,0.945
"8019",5,43,1,"AVS",1.17612330077123,2.46114073979522,0.6275
"8020",5,43,2,"AVS",1.89338141356589,2.56439013899363,0.1635
"8021",5,43,3,"AVS",0.970993868242306,2.07533137238829,0.3185
"8022",5,43,4,"AVS",1.00037581255754,2.0995733327464,0.288
"8023",5,43,5,"AVS",0.899307514669233,1.95492570909811,0.27
"8024",5,43,6,"AVS",1.15990170878296,2.1868598656018,0.801
"8025",5,43,7,"AVS",0.50868482831394,1.7326901275204,0.462
"8026",5,43,8,"AVS",1.98764630748436,2.7245603637771,0.935
"8027",5,43,9,"AVS",2.97618022905061,3.36017804435852,0.971
"8028",5,43,10,"AVS",2.83913037617019,3.32835923149888,0.9535
"8029",5,43,11,"AVS",3.62102452446781,3.81053910422452,0.028
"8030",5,43,12,"AVS",1.21523445571297,2.25392708921892,0.2565
"8031",5,43,13,"AVS",0.750627752414357,2.01458699364496,0.6165
"8032",5,43,14,"AVS",1.78682188225122,2.40716568436452,0.1405
"8033",5,43,15,"AVS",2.74998649891184,2.87387976185307,0.0715
"8034",5,43,16,"AVS",1.07015425403271,2.08382107380338,0.7115
"8035",5,43,17,"AVS",1.8621659091236,2.43967757868793,0.1305
"8036",5,43,18,"AVS",1.71409212011231,2.5242156411219,0.8375
"8037",5,43,19,"AVS",0.66217049083996,1.96259739483556,0.478
"8038",5,43,20,"AVS",0.790958689179618,2.06874762526215,0.3515
"8039",5,43,21,"AVS",2.40861577458488,2.82922573434313,0.917
"8040",5,43,22,"AVS",1.11830531979653,2.17699079386956,0.2875
"8041",5,43,23,"AVS",1.72934420986875,2.51202293851287,0.8685
"8042",5,43,24,"AVS",1.24960487331295,2.32183113363617,0.7485
"8043",5,43,25,"AVS",1.06964731475901,2.10416557043163,0.2885
"8044",5,43,26,"AVS",0.62168484784681,1.79758663330602,0.476
"8045",5,43,27,"AVS",1.02419249856119,2.1293724484178,0.759
"8046",5,43,28,"AVS",0.682686145923109,1.80745441156957,0.389
"8047",5,43,29,"AVS",0.817806036096992,1.8885575636837,0.2785
"8048",5,43,30,"AVS",3.13907057566031,3.61686550007305,0.0265
"8049",5,43,31,"AVS",4.12744656495949,3.68383037132567,0.0345
"8050",5,43,32,"AVS",0.820930388512775,2.01413615968026,0.3375
"8051",5,43,33,"AVS",0.7391911305754,1.89584948798072,0.6465
"8052",5,43,34,"AVS",1.20879706940324,2.11524621540048,0.208
"8053",5,43,35,"AVS",1.2114252843832,2.25032549099032,0.794
"8054",5,43,36,"AVS",0.570923303035411,1.83209296101817,0.496
"8055",5,43,37,"AVS",0.751790807592983,1.96437841248611,0.651
"8056",5,43,38,"AVS",2.72334804406634,3.06934187218104,0.943
"8057",5,43,1,"EQW",1.17612330077123,2.49820391470402,0.6405
"8058",5,43,2,"EQW",2.21258708998056,2.75793189836377,0.1465
"8059",5,43,3,"EQW",1.5224586695402,2.34862105539963,0.246
"8060",5,43,4,"EQW",1.59607812259978,2.34462132684297,0.197
"8061",5,43,5,"EQW",1.66435321036103,2.33886034580766,0.1675
"8062",5,43,6,"EQW",0.770935807752081,2.13058243976267,0.551
"8063",5,43,7,"EQW",0.67207651776839,1.91891020868354,0.451
"8064",5,43,8,"EQW",2.09560639786663,2.77408117961839,0.893
"8065",5,43,9,"EQW",3.98283629935,3.71508831427694,0.9475
"8066",5,43,10,"EQW",4.18643064265638,3.67998962332401,0.942
"8067",5,43,11,"EQW",2.08325816798265,3.02515653929005,0.225
"8068",5,43,12,"EQW",1.27876578994879,2.38335123545964,0.275
"8069",5,43,13,"EQW",0.900701450739872,2.209052489274,0.592
"8070",5,43,14,"EQW",1.62943693545105,2.54748538178006,0.196
"8071",5,43,15,"EQW",2.80196059778671,2.93128058285313,0.096
"8072",5,43,16,"EQW",0.766156333518405,2.08853409133996,0.5475
"8073",5,43,17,"EQW",2.26495645830293,2.72909714765471,0.1075
"8074",5,43,18,"EQW",1.08954666636247,2.23305361725706,0.695
"8075",5,43,19,"EQW",0.743713220266133,2.08565039402509,0.5535
"8076",5,43,20,"EQW",0.751692824264182,2.04579103348386,0.4335
"8077",5,43,21,"EQW",2.62970566811782,2.92352490636681,0.909
"8078",5,43,22,"EQW",0.960680980408922,2.29679179349586,0.398
"8079",5,43,23,"EQW",2.1701547479482,2.64904591992843,0.8815
"8080",5,43,24,"EQW",1.28539487769243,2.33585418734455,0.7105
"8081",5,43,25,"EQW",0.979762720855014,2.3005435619949,0.3925
"8082",5,43,26,"EQW",0.709489545572757,2.02373574155271,0.5395
"8083",5,43,27,"EQW",1.38195524476825,2.267014818753,0.786
"8084",5,43,28,"EQW",0.815639977047075,2.19140336851021,0.395
"8085",5,43,29,"EQW",0.753275742968878,2.0026515484169,0.381
"8086",5,43,30,"EQW",2.02576611379499,2.59151768054374,0.1475
"8087",5,43,31,"EQW",3.02019990397731,2.99122452035128,0.064
"8088",5,43,32,"EQW",2.17019503411931,2.58524473879721,0.1445
"8089",5,43,33,"EQW",0.980537361653319,2.17048211024417,0.356
"8090",5,43,34,"EQW",1.79849446351276,2.37358961869519,0.141
"8091",5,43,35,"EQW",0.739061719091022,2.0796824094547,0.5945
"8092",5,43,36,"EQW",0.594271242307191,1.80402416784628,0.515
"8093",5,43,37,"EQW",0.777616435074977,1.96820300276362,0.68
"8094",5,43,38,"EQW",3.2568217338886,3.40530483354136,0.9565
"8095",5,43,1,"SGP",1.17612330077123,2.49765887795328,0.6295
"8096",5,43,2,"SGP",1.88795435396582,2.50879451176967,0.1475
"8097",5,43,3,"SGP",0.898864926549701,2.04968040745505,0.314
"8098",5,43,4,"SGP",0.990907451929307,2.10952656913759,0.2675
"8099",5,43,5,"SGP",1.05922782010086,2.00601059418827,0.2435
"8100",5,43,6,"SGP",0.873342808107334,2.12150710621289,0.6845
"8101",5,43,7,"SGP",0.528628576523694,1.73844247869224,0.429
"8102",5,43,8,"SGP",2.11631363289498,2.7898129398035,0.9395
"8103",5,43,9,"SGP",3.4820939053203,3.51403730938256,0.9775
"8104",5,43,10,"SGP",3.08165035214828,3.34300522131967,0.963
"8105",5,43,11,"SGP",3.43626252681173,3.75731347841715,0.041
"8106",5,43,12,"SGP",1.20229065168826,2.20431707946093,0.2305
"8107",5,43,13,"SGP",0.754434095138249,2.00763154854069,0.6265
"8108",5,43,14,"SGP",1.81368332130157,2.44352370641939,0.128
"8109",5,43,15,"SGP",2.69916236497846,2.99575804998898,0.071
"8110",5,43,16,"SGP",1.05349676492548,2.07361238894628,0.7135
"8111",5,43,17,"SGP",2.04610142811056,2.60767734447307,0.1125
"8112",5,43,18,"SGP",1.74807880626839,2.4600334889427,0.841
"8113",5,43,19,"SGP",0.675223568707223,1.9221475295201,0.479
"8114",5,43,20,"SGP",0.813076567354233,2.07508409568119,0.354
"8115",5,43,21,"SGP",2.55471222252993,3.05548241934642,0.928
"8116",5,43,22,"SGP",1.72153865046267,2.50218704826777,0.152
"8117",5,43,23,"SGP",1.76667754169778,2.48508664748231,0.866
"8118",5,43,24,"SGP",0.649411409761779,1.93710516133785,0.527
"8119",5,43,25,"SGP",1.71915023448931,2.59198061588745,0.1565
"8120",5,43,26,"SGP",0.627138828590069,1.92473578817927,0.478
"8121",5,43,27,"SGP",1.12040608709377,2.17773882914714,0.765
"8122",5,43,28,"SGP",1.15365254561376,2.13619635911657,0.2295
"8123",5,43,29,"SGP",0.858893413081409,2.02856378246872,0.3125
"8124",5,43,30,"SGP",2.20891140719701,2.75413702718173,0.093
"8125",5,43,31,"SGP",2.45889439978493,2.9773414476146,0.072
"8126",5,43,32,"SGP",1.05546709438716,2.12848346479778,0.2705
"8127",5,43,33,"SGP",0.651346865358866,1.86904096807599,0.576
"8128",5,43,34,"SGP",1.24315860711846,2.13933729268571,0.1935
"8129",5,43,35,"SGP",1.18954818053795,2.18192691048822,0.7885
"8130",5,43,36,"SGP",0.581615358495263,1.8772431349311,0.507
"8131",5,43,37,"SGP",0.755523255753499,1.96013918762666,0.637
"8132",5,43,38,"SGP",2.74405229279805,3.06927250783764,0.946
"8133",5,43,1,"SGP50",1.17612330077123,2.46080696632596,0.6325
"8134",5,43,2,"SGP50",2.19249683417212,2.72972663810595,0.154
"8135",5,43,3,"SGP50",1.46939148963623,2.30384851081591,0.2505
"8136",5,43,4,"SGP50",1.53104702335537,2.2824731036275,0.212
"8137",5,43,5,"SGP50",1.60863769333432,2.29315676908512,0.171
"8138",5,43,6,"SGP50",0.75861230724459,2.15162070309854,0.5405
"8139",5,43,7,"SGP50",0.656647066130759,1.93986511383871,0.4315
"8140",5,43,8,"SGP50",2.06620015144225,2.7291707054607,0.88
"8141",5,43,9,"SGP50",3.93340003884276,3.73743566813208,0.9545
"8142",5,43,10,"SGP50",4.07243579543859,3.63433572149775,0.944
"8143",5,43,11,"SGP50",2.21110438065459,3.00685291133338,0.1985
"8144",5,43,12,"SGP50",1.26554540381346,2.36432656015634,0.2745
"8145",5,43,13,"SGP50",0.874195651859477,2.13374486987856,0.6015
"8146",5,43,14,"SGP50",1.64282017787944,2.47405866236153,0.203
"8147",5,43,15,"SGP50",2.77331334674467,3.03449169098466,0.07
"8148",5,43,16,"SGP50",0.76299088355253,2.10901189002575,0.5465
"8149",5,43,17,"SGP50",2.34076535733846,2.71231399008963,0.108
"8150",5,43,18,"SGP50",1.11195712429825,2.24801908431618,0.7085
"8151",5,43,19,"SGP50",0.71273352892891,2.00220819184543,0.504
"8152",5,43,20,"SGP50",0.757736933073076,2.11631236290172,0.4095
"8153",5,43,21,"SGP50",2.53783360092589,2.93637157020248,0.9125
"8154",5,43,22,"SGP50",1.01751167890789,2.33329290712957,0.351
"8155",5,43,23,"SGP50",2.03430464522151,2.60745633195675,0.8695
"8156",5,43,24,"SGP50",1.10927496184005,2.24651206647534,0.689
"8157",5,43,25,"SGP50",1.04523335172857,2.3143164908802,0.332
"8158",5,43,26,"SGP50",0.674734663553028,1.9635461761975,0.5095
"8159",5,43,27,"SGP50",1.27708324194079,2.24900187640574,0.775
"8160",5,43,28,"SGP50",0.842124917764345,2.16918042736595,0.364
"8161",5,43,29,"SGP50",0.773795392320941,2.003645874406,0.376
"8162",5,43,30,"SGP50",2.15436261084587,2.75193526365488,0.124
"8163",5,43,31,"SGP50",3.05516820587567,3.17392495884833,0.057
"8164",5,43,32,"SGP50",2.08559180236007,2.56481169876606,0.1505
"8165",5,43,33,"SGP50",0.929923164681206,2.19378636968392,0.3745
"8166",5,43,34,"SGP50",1.73500426041148,2.36690268167877,0.1525
"8167",5,43,35,"SGP50",0.790725764225376,2.08846068144179,0.6185
"8168",5,43,36,"SGP50",0.595837911256273,1.7982468949028,0.483
"8169",5,43,37,"SGP50",0.760117914703989,1.940903089343,0.6955
"8170",5,43,38,"SGP50",3.1352537173162,3.26262801508052,0.9415
"8171",5,44,1,"BMA",7.11521091708716,4.32728606065408,0.855
"8172",5,44,2,"BMA",3.10272170917543,3.42608735867522,0.6335
"8173",5,44,3,"BMA",2.64030331527991,3.2258624334445,0.3865
"8174",5,44,4,"BMA",2.2119373745959,3.03700935256195,0.3815
"8175",5,44,5,"BMA",5.53447180354981,3.78239605558438,0.9055
"8176",5,44,6,"BMA",2.88920616929542,3.10374568431992,0.7745
"8177",5,44,7,"BMA",1.46400681884958,2.73501689326301,0.55
"8178",5,44,8,"BMA",1.30723830765064,2.64533798613669,0.482
"8179",5,44,9,"BMA",11.5548650666634,6.02949517924825,0.9945
"8180",5,44,10,"BMA",3.64822400573114,3.20190275362768,0.809
"8181",5,44,11,"BMA",9.15442707668034,4.49160926416923,0.9755
"8182",5,44,12,"BMA",8.39476917809698,4.29352811976054,0.9635
"8183",5,44,13,"BMA",6.30006650891191,3.71379969184358,0.92
"8184",5,44,14,"BMA",10.5247977526433,4.46540722557982,0.0545
"8185",5,44,15,"BMA",3.13344216950544,3.22649026264265,0.751
"8186",5,44,16,"BMA",6.89908601311715,3.91957172493395,0.9205
"8187",5,44,17,"BMA",7.00167271146698,3.93961014693983,0.9165
"8188",5,44,18,"BMA",2.34612420140959,3.19783408018752,0.663
"8189",5,44,19,"BMA",6.57281345903263,3.77094791577533,0.1045
"8190",5,44,20,"BMA",3.77890734000221,3.31624786256391,0.2285
"8191",5,44,21,"BMA",2.11602564875119,3.06657101018659,0.5885
"8192",5,44,22,"BMA",3.76300109806668,3.36902402643159,0.207
"8193",5,44,23,"BMA",4.11124472375505,3.30218098804104,0.1795
"8194",5,44,24,"BMA",11.3291192802247,4.99869270294294,0.0195
"8195",5,44,25,"BMA",3.15823355481761,3.24305576512647,0.2595
"8196",5,44,26,"BMA",4.83425601017208,3.52866890552671,0.164
"8197",5,44,27,"BMA",2.50466894868398,3.12414524273275,0.3285
"8198",5,44,28,"BMA",6.13821351772056,3.68101385958113,0.1045
"8199",5,44,29,"BMA",5.2974696928881,3.48233808919496,0.158
"8200",5,44,30,"BMA",2.9736560329852,3.26989359119917,0.288
"8201",5,44,31,"BMA",2.20432983759213,3.05000363824051,0.3665
"8202",5,44,32,"BMA",4.64039120453242,3.40236203189618,0.156
"8203",5,44,33,"BMA",1.82797744059442,3.03236537338285,0.537
"8204",5,44,34,"BMA",2.00972654294264,3.0571252786064,0.382
"8205",5,44,35,"BMA",2.14059107399655,2.98518075479336,0.3785
"8206",5,44,36,"BMA",2.74769556645996,2.99666803375504,0.2685
"8207",5,44,37,"BMA",4.47407470676728,3.42221949721685,0.115
"8208",5,44,38,"BMA",1.8393866926055,2.89615930215749,0.371
"8209",5,44,1,"AVS",7.11521091708716,4.21879172964063,0.863
"8210",5,44,2,"AVS",3.12060668022353,3.47533404099482,0.5015
"8211",5,44,3,"AVS",4.02313060614349,3.54781456316219,0.325
"8212",5,44,4,"AVS",2.86310012187906,3.22166448610067,0.3735
"8213",5,44,5,"AVS",5.92827451074253,3.85397010439877,0.9415
"8214",5,44,6,"AVS",3.09088790876908,3.090773606887,0.7575
"8215",5,44,7,"AVS",1.30816453055955,2.59826571825103,0.5565
"8216",5,44,8,"AVS",1.23838443670339,2.58554207548865,0.5
"8217",5,44,9,"AVS",11.9415851275996,6.33103121169977,0.997
"8218",5,44,10,"AVS",3.11758162106582,3.04467801456504,0.7895
"8219",5,44,11,"AVS",8.73937402696703,4.33135009489546,0.975
"8220",5,44,12,"AVS",6.04449297921202,3.85597541187457,0.9505
"8221",5,44,13,"AVS",4.09010976295596,3.38732032992475,0.888
"8222",5,44,14,"AVS",16.1822347711029,9.15422766250935,0
"8223",5,44,15,"AVS",2.73845633809861,3.13618473292478,0.685
"8224",5,44,16,"AVS",4.93702742167866,3.59329457489085,0.874
"8225",5,44,17,"AVS",3.46535607872586,3.04673730799034,0.81
"8226",5,44,18,"AVS",1.75369519599221,2.83709698050035,0.352
"8227",5,44,19,"AVS",12.180867243806,5.88525491794272,0.0065
"8228",5,44,20,"AVS",6.48847862847352,3.88328026807482,0.0845
"8229",5,44,21,"AVS",2.01127867585286,3.05760758584174,0.568
"8230",5,44,22,"AVS",4.11134016527034,3.39396216134491,0.191
"8231",5,44,23,"AVS",4.13182381603414,3.38732756190167,0.18
"8232",5,44,24,"AVS",11.3304036011921,4.86481614708547,0.031
"8233",5,44,25,"AVS",3.16249544948638,3.23821146158966,0.2545
"8234",5,44,26,"AVS",4.84951545703839,3.51995197069028,0.1745
"8235",5,44,27,"AVS",2.50419196692066,3.16830662368872,0.3265
"8236",5,44,28,"AVS",6.14051837739112,3.7302898173157,0.1055
"8237",5,44,29,"AVS",4.11605958249418,3.45703219498592,0.2145
"8238",5,44,30,"AVS",1.89978698879064,2.9655520433189,0.6485
"8239",5,44,31,"AVS",2.35878080985495,3.03828954561573,0.699
"8240",5,44,32,"AVS",1.90529997634452,2.8854752989427,0.3775
"8241",5,44,33,"AVS",3.7047681892548,3.26697106471717,0.822
"8242",5,44,34,"AVS",1.64432653320305,2.81691571985333,0.601
"8243",5,44,35,"AVS",1.59364329746387,2.89429538956853,0.506
"8244",5,44,36,"AVS",1.78599955537228,2.82684705223997,0.362
"8245",5,44,37,"AVS",2.1203461225358,2.89277228840103,0.312
"8246",5,44,38,"AVS",2.8646871491678,3.06881728953769,0.775
"8247",5,44,1,"EQW",7.11521091708716,4.35345692538915,0.8725
"8248",5,44,2,"EQW",3.59892068662554,3.45298659065014,0.769
"8249",5,44,3,"EQW",2.56500137214809,3.16226953164239,0.308
"8250",5,44,4,"EQW",3.03256985421583,3.13176168751316,0.2605
"8251",5,44,5,"EQW",3.85309657954355,3.45639122281554,0.812
"8252",5,44,6,"EQW",2.47663536561308,3.0329813436583,0.659
"8253",5,44,7,"EQW",1.98926919128846,3.0458108596482,0.5185
"8254",5,44,8,"EQW",1.94704171341288,2.95466548761446,0.477
"8255",5,44,9,"EQW",11.8321871920119,5.13629116834847,0.984
"8256",5,44,10,"EQW",5.22722378874734,3.40658354973154,0.8045
"8257",5,44,11,"EQW",11.6079358845518,4.64686307151774,0.973
"8258",5,44,12,"EQW",12.2199872769233,4.49946916309536,0.9755
"8259",5,44,13,"EQW",11.4135437351088,4.20954025425664,0.9455
"8260",5,44,14,"EQW",5.19083573026735,4.03391454076056,0.363
"8261",5,44,15,"EQW",3.76831485586867,3.35161054056705,0.6685
"8262",5,44,16,"EQW",7.64032639327663,3.81570981354419,0.88
"8263",5,44,17,"EQW",9.37744098937083,3.92727705228703,0.9025
"8264",5,44,18,"EQW",5.1987314755203,3.56853598627777,0.715
"8265",5,44,19,"EQW",4.83238074151058,3.993291145239,0.348
"8266",5,44,20,"EQW",3.84381380963183,3.74153226142654,0.3405
"8267",5,44,21,"EQW",2.91673931946264,3.32455591109336,0.5815
"8268",5,44,22,"EQW",3.50951471896224,3.50879598480088,0.333
"8269",5,44,23,"EQW",4.06710393993671,3.59182817421454,0.273
"8270",5,44,24,"EQW",9.4723872979834,4.29391879120604,0.103
"8271",5,44,25,"EQW",2.54596704188506,3.28272850940582,0.415
"8272",5,44,26,"EQW",2.92851118777735,3.32306642805462,0.3435
"8273",5,44,27,"EQW",2.24619868717139,3.24367060417913,0.5175
"8274",5,44,28,"EQW",3.2185636283808,3.2532206375199,0.2865
"8275",5,44,29,"EQW",3.1192224839741,3.24108781426829,0.3025
"8276",5,44,30,"EQW",2.17514648488031,3.08258388467367,0.443
"8277",5,44,31,"EQW",1.97229428832074,3.1417462256776,0.522
"8278",5,44,32,"EQW",2.50982854876796,3.01875143161499,0.2905
"8279",5,44,33,"EQW",2.1226239149328,3.10819633169935,0.6135
"8280",5,44,34,"EQW",1.73281759487249,2.90306588158589,0.567
"8281",5,44,35,"EQW",1.60161119064237,2.86176500812733,0.5065
"8282",5,44,36,"EQW",1.93702169047099,2.85546959049521,0.335
"8283",5,44,37,"EQW",3.80227651165533,3.25356376359597,0.158
"8284",5,44,38,"EQW",1.84709348724776,2.9326930955323,0.399
"8285",5,44,1,"SGP",7.11521091708716,4.1986244830162,0.8625
"8286",5,44,2,"SGP",3.69431695631233,3.23329839576301,0.817
"8287",5,44,3,"SGP",1.54132482990691,2.86001841919102,0.4275
"8288",5,44,4,"SGP",1.66007782334775,2.76782906010488,0.3705
"8289",5,44,5,"SGP",5.25587361420183,3.63126802613676,0.935
"8290",5,44,6,"SGP",1.3667224031729,2.5989227796158,0.6035
"8291",5,44,7,"SGP",1.68272550472071,2.64649309587075,0.2575
"8292",5,44,8,"SGP",1.94958611032268,2.6961647411046,0.2165
"8293",5,44,9,"SGP",9.53580267831541,6.38319984047426,0.999
"8294",5,44,10,"SGP",1.26025606172841,2.61475645148054,0.55
"8295",5,44,11,"SGP",6.14601841850831,4.16015521303062,0.9605
"8296",5,44,12,"SGP",5.6914137929189,3.98791728778288,0.9465
"8297",5,44,13,"SGP",4.17508893680594,3.33913324279078,0.8735
"8298",5,44,14,"SGP",15.7450948685664,6.86221007303709,0.0055
"8299",5,44,15,"SGP",1.47732641202585,2.79153220636553,0.512
"8300",5,44,16,"SGP",3.55081406378583,3.24726766426657,0.845
"8301",5,44,17,"SGP",3.4443963617208,3.18474941818601,0.837
"8302",5,44,18,"SGP",1.7440664589856,2.85672596053951,0.356
"8303",5,44,19,"SGP",12.0235222319415,5.7724832606861,0.007
"8304",5,44,20,"SGP",7.09292357463983,4.03116831328168,0.0695
"8305",5,44,21,"SGP",1.98058772122691,2.99127335800116,0.339
"8306",5,44,22,"SGP",6.58868340304437,3.7845062191318,0.077
"8307",5,44,23,"SGP",7.37384876012204,4.117701244068,0.0555
"8308",5,44,24,"SGP",13.1955314343827,5.83768125138625,0.003
"8309",5,44,25,"SGP",2.18013270953273,2.95877331404432,0.647
"8310",5,44,26,"SGP",1.81245526278651,2.98564946596017,0.4295
"8311",5,44,27,"SGP",2.22488233845008,3.03927909404719,0.671
"8312",5,44,28,"SGP",2.59634003931849,3.01893001901979,0.2555
"8313",5,44,29,"SGP",1.76907103559228,2.93381446598583,0.4205
"8314",5,44,30,"SGP",1.95121241313295,3.01594094097153,0.666
"8315",5,44,31,"SGP",2.39338540403138,2.99932950481146,0.699
"8316",5,44,32,"SGP",1.85981690778182,2.93043877621428,0.375
"8317",5,44,33,"SGP",3.67397736699547,3.28407217573598,0.8085
"8318",5,44,34,"SGP",1.64486889699484,2.87592121417448,0.594
"8319",5,44,35,"SGP",1.59258568685226,2.90333335801768,0.488
"8320",5,44,36,"SGP",1.78817025051272,2.86024511466822,0.375
"8321",5,44,37,"SGP",2.141069964783,2.90653074612989,0.2955
"8322",5,44,38,"SGP",2.82601642449704,3.05929457602727,0.761
"8323",5,44,1,"SGP50",7.11521091708716,4.26738868540664,0.8625
"8324",5,44,2,"SGP50",3.61882328408156,3.39583608723989,0.7475
"8325",5,44,3,"SGP50",2.5022816422176,3.14670846040585,0.3285
"8326",5,44,4,"SGP50",2.9262745988203,3.11617166294814,0.2625
"8327",5,44,5,"SGP50",3.88611831777479,3.3804832713334,0.822
"8328",5,44,6,"SGP50",2.26655915734309,2.94375063817432,0.661
"8329",5,44,7,"SGP50",1.78421684334835,2.89923032724383,0.4765
"8330",5,44,8,"SGP50",1.74634706676943,2.87997591438758,0.4635
"8331",5,44,9,"SGP50",11.2560433459446,5.52594270316016,0.99
"8332",5,44,10,"SGP50",3.89118248462955,3.12314437223029,0.762
"8333",5,44,11,"SGP50",9.78791872352794,4.38629488550727,0.97
"8334",5,44,12,"SGP50",9.70822120882859,4.35694959953265,0.9745
"8335",5,44,13,"SGP50",8.24171406554785,3.9232841656191,0.925
"8336",5,44,14,"SGP50",6.90254186631059,4.17872973900077,0.236
"8337",5,44,15,"SGP50",2.63138174167571,3.17313779034774,0.6355
"8338",5,44,16,"SGP50",5.8352978929397,3.66138733922014,0.88
"8339",5,44,17,"SGP50",6.32547544463458,3.66524746585688,0.8905
"8340",5,44,18,"SGP50",2.55920806478131,3.18954531089333,0.604
"8341",5,44,19,"SGP50",7.06940760171425,4.24208865427414,0.159
"8342",5,44,20,"SGP50",4.66604369749141,3.78557640440138,0.192
"8343",5,44,21,"SGP50",2.10933536126478,3.1397744476158,0.48
"8344",5,44,22,"SGP50",4.45601790446024,3.51419509989331,0.2005
"8345",5,44,23,"SGP50",5.15142717684909,3.61622917716815,0.1735
"8346",5,44,24,"SGP50",11.3416046505798,4.94625436521964,0.0305
"8347",5,44,25,"SGP50",2.17608905911243,3.15345071171815,0.4725
"8348",5,44,26,"SGP50",2.74050604782303,3.19363027376004,0.338
"8349",5,44,27,"SGP50",2.0415515588967,3.1254831290799,0.5275
"8350",5,44,28,"SGP50",3.4589183410639,3.30547471786902,0.2565
"8351",5,44,29,"SGP50",2.7905884651853,3.16190688053752,0.2985
"8352",5,44,30,"SGP50",1.91979033631159,3.01436275295119,0.4865
"8353",5,44,31,"SGP50",1.94948392230495,3.05536650978938,0.564
"8354",5,44,32,"SGP50",2.49749843585387,3.06678052961777,0.2995
"8355",5,44,33,"SGP50",2.48567848413541,3.16904499394268,0.6955
"8356",5,44,34,"SGP50",1.72080130225426,2.96018338461831,0.5305
"8357",5,44,35,"SGP50",1.66049913143857,2.89288713695842,0.481
"8358",5,44,36,"SGP50",2.03286775506797,2.90237301451644,0.3215
"8359",5,44,37,"SGP50",3.23797770328256,3.1949486356277,0.1885
"8360",5,44,38,"SGP50",1.82344350714607,3.03301046442536,0.5465
"8361",5,45,1,"BMA",2.56773628288825,2.95991068222248,0.6595
"8362",5,45,2,"BMA",4.19946261270975,4.40797756185511,0.11
"8363",5,45,3,"BMA",6.07192124111597,3.87086880135349,0.851
"8364",5,45,4,"BMA",2.7883474794701,3.37711917992706,0.6015
"8365",5,45,5,"BMA",10.9543673669153,4.63433549163984,0.9395
"8366",5,45,6,"BMA",8.32652871518662,4.0383061311444,0.874
"8367",5,45,7,"BMA",5.54301106116109,3.79491988509152,0.816
"8368",5,45,8,"BMA",5.50538058359856,3.70987564817319,0.8325
"8369",5,45,9,"BMA",8.57333349439311,4.12332068968115,0.9095
"8370",5,45,10,"BMA",2.89459365128948,3.29934863973907,0.619
"8371",5,45,11,"BMA",3.15826913899125,3.38159686147872,0.342
"8372",5,45,12,"BMA",8.04517911588338,4.10894876490357,0.916
"8373",5,45,13,"BMA",2.93310650365258,3.27103190459411,0.651
"8374",5,45,14,"BMA",2.63706628782082,3.15888475031164,0.6475
"8375",5,45,15,"BMA",2.80281951676309,3.25584118538235,0.3055
"8376",5,45,16,"BMA",6.05461895107196,3.85856546767408,0.107
"8377",5,45,17,"BMA",10.7383689710384,4.74283787950215,0.0295
"8378",5,45,18,"BMA",2.34040044899875,3.10482117414118,0.5915
"8379",5,45,19,"BMA",2.06439086518706,3.16708921951774,0.4585
"8380",5,45,20,"BMA",1.9641479222673,3.11006899471733,0.525
"8381",5,45,21,"BMA",8.45419688327176,4.14014328570629,0.0625
"8382",5,45,22,"BMA",3.47377672353608,3.30311967437366,0.275
"8383",5,45,23,"BMA",9.57752897432269,4.58809250943215,0.0525
"8384",5,45,24,"BMA",5.26692144582524,3.64946730273917,0.1505
"8385",5,45,25,"BMA",4.49459749129327,3.42709819131742,0.1615
"8386",5,45,26,"BMA",3.62801411505668,3.28708664614848,0.2425
"8387",5,45,27,"BMA",3.72483788628499,3.28072958611377,0.198
"8388",5,45,28,"BMA",2.81349571388794,3.05508190253591,0.2525
"8389",5,45,29,"BMA",2.95828931757401,3.02877564898036,0.205
"8390",5,45,30,"BMA",1.51259342809007,2.73417039015797,0.607
"8391",5,45,31,"BMA",2.02870929872271,2.87292872880196,0.739
"8392",5,45,32,"BMA",2.40620779839548,3.01507744104163,0.781
"8393",5,45,33,"BMA",2.60080671316379,3.16266732486646,0.8005
"8394",5,45,34,"BMA",4.47776288802242,3.84822866464496,0.8735
"8395",5,45,35,"BMA",3.10234426702114,3.48578307240107,0.7315
"8396",5,45,36,"BMA",2.2268049958288,3.19890317078286,0.587
"8397",5,45,37,"BMA",1.8377192903992,2.99914526339738,0.499
"8398",5,45,38,"BMA",3.98528471050195,3.24300459167278,0.206
"8399",5,45,1,"AVS",2.56773628288825,2.96506889221761,0.655
"8400",5,45,2,"AVS",5.00993033511203,5.6099422404665,0.025
"8401",5,45,3,"AVS",3.80719174863674,3.46995009225892,0.9165
"8402",5,45,4,"AVS",4.84740699448937,3.99618736637407,0.0445
"8403",5,45,5,"AVS",1.70516184976815,2.27630404647647,0.7755
"8404",5,45,6,"AVS",1.43728719279421,2.58500237596605,0.705
"8405",5,45,7,"AVS",1.06998087792099,2.34954714708714,0.5645
"8406",5,45,8,"AVS",1.06014855892117,2.24177700787476,0.6735
"8407",5,45,9,"AVS",3.69738666962195,3.44675266540272,0.9535
"8408",5,45,10,"AVS",3.59320224554861,3.10852319205727,0.079
"8409",5,45,11,"AVS",13.4909727313085,22.8149882516213,0
"8410",5,45,12,"AVS",2.77309645740344,3.02191899600523,0.83
"8411",5,45,13,"AVS",2.65427902513922,2.9439202232151,0.1755
"8412",5,45,14,"AVS",2.6658438730659,2.90338172354983,0.157
"8413",5,45,15,"AVS",8.54375363554051,5.01187603391552,0.0145
"8414",5,45,16,"AVS",13.5767248194566,7.47873818294702,5e-04
"8415",5,45,17,"AVS",8.33801602908238,4.36162589746646,0.027
"8416",5,45,18,"AVS",10.9301078510737,5.20479108248915,0.99
"8417",5,45,19,"AVS",1.93536342988969,3.09431907868828,0.5225
"8418",5,45,20,"AVS",1.85599151220814,3.05500219983863,0.571
"8419",5,45,21,"AVS",8.16721327456334,4.20210227991397,0.052
"8420",5,45,22,"AVS",2.08984864692639,3.01729601901639,0.3865
"8421",5,45,23,"AVS",5.44967037329486,3.68227116883532,0.094
"8422",5,45,24,"AVS",1.49668686185968,2.80829448454556,0.534
"8423",5,45,25,"AVS",1.61452841348347,2.81693679589669,0.5665
"8424",5,45,26,"AVS",1.75542295987519,2.94130259292336,0.584
"8425",5,45,27,"AVS",1.69938253493186,2.96167537375948,0.569
"8426",5,45,28,"AVS",1.6926855576961,2.8707392937057,0.6065
"8427",5,45,29,"AVS",1.4576662944886,2.78594903538619,0.5015
"8428",5,45,30,"AVS",4.46961189683313,3.57827008288301,0.884
"8429",5,45,31,"AVS",1.88043242074349,2.88473973506281,0.664
"8430",5,45,32,"AVS",1.67809961443314,2.79445642148234,0.6245
"8431",5,45,33,"AVS",1.50867183033406,2.93083956196867,0.538
"8432",5,45,34,"AVS",2.25777041236356,2.8892400451679,0.7365
"8433",5,45,35,"AVS",1.28968024924071,2.6814460808526,0.486
"8434",5,45,36,"AVS",1.37462525834755,2.73998745312002,0.4785
"8435",5,45,37,"AVS",1.2660267283497,2.69334571441744,0.486
"8436",5,45,38,"AVS",3.65506927717346,3.19896705310446,0.138
"8437",5,45,1,"EQW",2.56773628288825,2.85745052527342,0.636
"8438",5,45,2,"EQW",3.45158644333039,3.61525906374608,0.276
"8439",5,45,3,"EQW",4.2230793738404,3.5515094168292,0.7995
"8440",5,45,4,"EQW",2.87492964376831,3.50129950351637,0.3815
"8441",5,45,5,"EQW",5.58066280667184,3.35872644474144,0.8295
"8442",5,45,6,"EQW",5.79116295991555,3.45353757255421,0.8245
"8443",5,45,7,"EQW",5.29777853914531,3.42808471839364,0.7975
"8444",5,45,8,"EQW",5.66133131764975,3.42161537301354,0.8075
"8445",5,45,9,"EQW",8.99577697368937,3.95293653318799,0.9355
"8446",5,45,10,"EQW",4.3471688253245,3.59569047743615,0.61
"8447",5,45,11,"EQW",4.46161111248139,3.96768001524865,0.4045
"8448",5,45,12,"EQW",8.4324755890003,3.85286891628919,0.895
"8449",5,45,13,"EQW",5.22947669975921,3.55473255166136,0.6485
"8450",5,45,14,"EQW",5.31523113763712,3.5696526190192,0.663
"8451",5,45,15,"EQW",4.2538949910032,3.8683379773977,0.498
"8452",5,45,16,"EQW",4.81145466189838,3.91125705776956,0.3505
"8453",5,45,17,"EQW",6.59579291359406,4.04945484672582,0.1785
"8454",5,45,18,"EQW",4.86868078129511,3.76179833412198,0.7625
"8455",5,45,19,"EQW",3.55301532930599,3.41492683003637,0.66
"8456",5,45,20,"EQW",4.29056330430064,3.40550698912911,0.7345
"8457",5,45,21,"EQW",4.24259520363244,3.84156482943083,0.3465
"8458",5,45,22,"EQW",2.45451364446378,3.28189001243631,0.526
"8459",5,45,23,"EQW",4.42495555589688,3.64580531889269,0.247
"8460",5,45,24,"EQW",2.66224580096176,3.27254980251672,0.347
"8461",5,45,25,"EQW",2.39527632900977,3.08784460980489,0.3395
"8462",5,45,26,"EQW",2.09823794323837,2.97635490058015,0.3985
"8463",5,45,27,"EQW",2.15147207262365,2.95672247381341,0.3355
"8464",5,45,28,"EQW",1.92168035031849,2.9160529692687,0.353
"8465",5,45,29,"EQW",2.3929887212432,3.03835021049011,0.2615
"8466",5,45,30,"EQW",1.81139232526612,2.88170097379271,0.63
"8467",5,45,31,"EQW",1.66900972381272,2.8345145359099,0.637
"8468",5,45,32,"EQW",1.77967408210623,2.85823517340581,0.6415
"8469",5,45,33,"EQW",1.84481923319213,2.952182546995,0.6575
"8470",5,45,34,"EQW",3.3371920999031,3.37093118421034,0.8095
"8471",5,45,35,"EQW",2.88483829688536,3.35809983931276,0.7285
"8472",5,45,36,"EQW",2.90517181804805,3.37219672102228,0.712
"8473",5,45,37,"EQW",2.89536385801604,3.26786111299403,0.716
"8474",5,45,38,"EQW",1.81205638803326,2.9078865454395,0.444
"8475",5,45,1,"SGP",2.56773628288825,2.85981883401706,0.638
"8476",5,45,2,"SGP",4.79229869115411,5.15138310954211,0.038
"8477",5,45,3,"SGP",3.27558852048158,3.45878054643653,0.9385
"8478",5,45,4,"SGP",4.8968055070322,4.02588347992131,0.041
"8479",5,45,5,"SGP",1.02397048836074,2.05181073302054,0.731
"8480",5,45,6,"SGP",1.49355441269698,2.61147742871092,0.714
"8481",5,45,7,"SGP",1.10269523096475,2.42224852236814,0.5945
"8482",5,45,8,"SGP",1.08820655336019,2.21932767396106,0.651
"8483",5,45,9,"SGP",3.72606992408709,3.48710817504144,0.9575
"8484",5,45,10,"SGP",3.5329082761563,3.2922020991368,0.0745
"8485",5,45,11,"SGP",13.2869634338452,9.1013226505926,0.007
"8486",5,45,12,"SGP",2.80333328429933,2.91432997394066,0.8415
"8487",5,45,13,"SGP",2.62372097464576,2.84631248688093,0.1865
"8488",5,45,14,"SGP",2.6380170902626,3.06228371822837,0.167
"8489",5,45,15,"SGP",8.45412269644016,4.95514485735486,0.013
"8490",5,45,16,"SGP",13.4668198356478,7.60250158725216,0.002
"8491",5,45,17,"SGP",8.32699726581417,4.37122899088096,0.0305
"8492",5,45,18,"SGP",10.8393718359409,4.97599145177127,0.9815
"8493",5,45,19,"SGP",2.12546575242027,2.94626891174669,0.6575
"8494",5,45,20,"SGP",1.94933977279626,2.89255220183146,0.645
"8495",5,45,21,"SGP",7.66270320519637,4.17652211180077,0.0465
"8496",5,45,22,"SGP",1.51912229723328,2.86092351991784,0.471
"8497",5,45,23,"SGP",5.15740843295255,3.53754009214788,0.1035
"8498",5,45,24,"SGP",1.50226166149119,2.84088681781088,0.5305
"8499",5,45,25,"SGP",1.61557855904425,2.83550265352747,0.56
"8500",5,45,26,"SGP",1.75279585363487,2.91756272131565,0.6005
"8501",5,45,27,"SGP",1.69743997618127,2.85430256282826,0.569
"8502",5,45,28,"SGP",1.68808074826575,2.76963548105231,0.6105
"8503",5,45,29,"SGP",1.46146822958554,2.76669333063842,0.5035
"8504",5,45,30,"SGP",4.43447291264757,3.45267331808456,0.8815
"8505",5,45,31,"SGP",1.87795524795321,2.87234296422786,0.6605
"8506",5,45,32,"SGP",1.67847166217465,2.80351064147094,0.623
"8507",5,45,33,"SGP",1.51068993031677,2.75645470069731,0.5465
"8508",5,45,34,"SGP",2.26330680596045,2.89914105750984,0.7385
"8509",5,45,35,"SGP",1.29667922898775,2.65684508029058,0.516
"8510",5,45,36,"SGP",1.3786885476936,2.75360539446651,0.4635
"8511",5,45,37,"SGP",1.27295657310556,2.65520004966356,0.5015
"8512",5,45,38,"SGP",3.63477762393912,3.18261295039518,0.151
"8513",5,45,1,"SGP50",2.56773628288825,2.99789119503684,0.6515
"8514",5,45,2,"SGP50",3.41614172579303,3.6912905907143,0.2765
"8515",5,45,3,"SGP50",4.24737339329683,3.48781566019355,0.813
"8516",5,45,4,"SGP50",2.83843984864047,3.45152524182118,0.367
"8517",5,45,5,"SGP50",5.06502805092465,3.21510570371457,0.8445
"8518",5,45,6,"SGP50",4.99357205569547,3.38295195652665,0.8185
"8519",5,45,7,"SGP50",4.13080725054333,3.23398439483967,0.7695
"8520",5,45,8,"SGP50",4.00449207029038,3.1008222888833,0.7735
"8521",5,45,9,"SGP50",6.69668748923149,3.69912462952678,0.9385
"8522",5,45,10,"SGP50",2.85749087197572,3.38179313554633,0.4365
"8523",5,45,11,"SGP50",6.31252452231959,4.18662013498317,0.234
"8524",5,45,12,"SGP50",5.33179823699375,3.44199928043047,0.8695
"8525",5,45,13,"SGP50",2.55297860414021,3.21496214443243,0.425
"8526",5,45,14,"SGP50",2.47152172470264,3.20064664194246,0.434
"8527",5,45,15,"SGP50",4.96922369251928,4.03828127572134,0.2255
"8528",5,45,16,"SGP50",8.6133497169056,4.65641749722151,0.138
"8529",5,45,17,"SGP50",8.06718980129949,4.27883410729733,0.0845
"8530",5,45,18,"SGP50",6.76694790255527,3.97697136381683,0.837
"8531",5,45,19,"SGP50",2.38384665803701,3.09177120242982,0.623
"8532",5,45,20,"SGP50",2.42361671472904,3.04357705182344,0.667
"8533",5,45,21,"SGP50",6.32915433480783,3.96583061283694,0.1385
"8534",5,45,22,"SGP50",1.92968168931057,3.0786161749471,0.4565
"8535",5,45,23,"SGP50",5.42098920129501,3.64448731348792,0.135
"8536",5,45,24,"SGP50",2.09034726921709,3.05672511925728,0.4055
"8537",5,45,25,"SGP50",1.93420597523605,2.94522300661544,0.428
"8538",5,45,26,"SGP50",1.84123828791697,2.99894559996232,0.477
"8539",5,45,27,"SGP50",1.83531442309723,2.97997430155751,0.444
"8540",5,45,28,"SGP50",1.67836133108669,2.84275100315868,0.4695
"8541",5,45,29,"SGP50",1.82970543465881,2.85672089254732,0.376
"8542",5,45,30,"SGP50",2.90762770889289,3.142533237801,0.742
"8543",5,45,31,"SGP50",1.76797577605542,2.92857239544301,0.6175
"8544",5,45,32,"SGP50",1.70470102574955,2.8534474737318,0.6095
"8545",5,45,33,"SGP50",1.63359775854437,2.8866526879163,0.571
"8546",5,45,34,"SGP50",2.59102640844673,3.12511531904943,0.7345
"8547",5,45,35,"SGP50",1.78228571432326,2.95124477176181,0.5915
"8548",5,45,36,"SGP50",1.77873023454017,3.01334860314386,0.574
"8549",5,45,37,"SGP50",1.75780842663745,2.93773410019026,0.579
"8550",5,45,38,"SGP50",2.70559059490927,3.07938938496429,0.2575
"8551",5,46,1,"BMA",6.5611705440488,4.15558054189678,0.856
"8552",5,46,2,"BMA",3.1876079769389,3.30670552978056,0.309
"8553",5,46,3,"BMA",4.2641530096529,3.62388025226412,0.78
"8554",5,46,4,"BMA",2.52457262994572,3.32967754310004,0.518
"8555",5,46,5,"BMA",5.65153568384821,3.65670644339251,0.8285
"8556",5,46,6,"BMA",15.3874594957081,5.36311109200229,0.9755
"8557",5,46,7,"BMA",12.1127796943178,4.61858494508963,0.9345
"8558",5,46,8,"BMA",3.1098765933636,3.48407069478357,0.6165
"8559",5,46,9,"BMA",2.70250535224018,3.33816951553103,0.5525
"8560",5,46,10,"BMA",10.1683664045795,4.28232320887481,0.918
"8561",5,46,11,"BMA",7.1066245495482,3.91461548501874,0.834
"8562",5,46,12,"BMA",3.67231986339991,3.4917327400236,0.336
"8563",5,46,13,"BMA",4.16745288178253,3.61733910777655,0.5935
"8564",5,46,14,"BMA",7.16938636250505,3.77538391586766,0.761
"8565",5,46,15,"BMA",12.136015861748,4.21315082052043,0.912
"8566",5,46,16,"BMA",3.07309459176471,3.45088219379603,0.488
"8567",5,46,17,"BMA",5.15664278883112,3.86349869282709,0.225
"8568",5,46,18,"BMA",3.33148814265346,3.60497959072538,0.4815
"8569",5,46,19,"BMA",2.99299633131198,3.49234841793819,0.5275
"8570",5,46,20,"BMA",2.72312142238333,3.28899418916152,0.4285
"8571",5,46,21,"BMA",2.07725632331636,3.14633706252734,0.51
"8572",5,46,22,"BMA",2.06301206455208,3.11152959071559,0.4195
"8573",5,46,23,"BMA",2.70170269322804,3.11914855589625,0.708
"8574",5,46,24,"BMA",1.91325147835397,2.92394843534259,0.374
"8575",5,46,25,"BMA",1.48028289961367,2.77558443039114,0.497
"8576",5,46,26,"BMA",1.83548642359028,2.66523926442424,0.323
"8577",5,46,27,"BMA",1.78853051990356,2.69025077894445,0.7075
"8578",5,46,28,"BMA",2.69566913457267,2.86514415241921,0.8335
"8579",5,46,29,"BMA",2.38061250155999,2.80481659328835,0.822
"8580",5,46,30,"BMA",5.14846093863391,3.90261688175432,0.0285
"8581",5,46,31,"BMA",2.29058502241301,2.6924979609232,0.1315
"8582",5,46,32,"BMA",1.96717326305927,2.74812441622617,0.844
"8583",5,46,33,"BMA",3.23196402487961,3.24367492192354,0.931
"8584",5,46,34,"BMA",6.23292324495621,5.06498318728625,0.9875
"8585",5,46,35,"BMA",5.1248200019626,3.88790594479622,0.9715
"8586",5,46,36,"BMA",1.17208405533172,2.3258198926447,0.7115
"8587",5,46,37,"BMA",1.68830168231217,2.42212572346563,0.16
"8588",5,46,38,"BMA",1.62233471032435,2.26317186868906,0.157
"8589",5,46,1,"AVS",6.5611705440488,4.00781784584218,0.8535
"8590",5,46,2,"AVS",3.50512084245761,3.25820214081391,0.2995
"8591",5,46,3,"AVS",4.01089081427213,3.47386107488988,0.746
"8592",5,46,4,"AVS",2.98614370195919,3.41525286652666,0.666
"8593",5,46,5,"AVS",8.65730264154928,4.08012116586013,0.889
"8594",5,46,6,"AVS",15.8071870341469,5.52139228492232,0.9785
"8595",5,46,7,"AVS",10.7688024944901,4.4573342922399,0.934
"8596",5,46,8,"AVS",3.05666163384632,3.57105372095216,0.5045
"8597",5,46,9,"AVS",2.64998130611849,3.24403111888663,0.5335
"8598",5,46,10,"AVS",10.0974413813911,4.13738696447488,0.905
"8599",5,46,11,"AVS",7.09621711688662,3.87549137579677,0.831
"8600",5,46,12,"AVS",3.94495806351367,3.53601779811099,0.319
"8601",5,46,13,"AVS",4.17098090587669,3.53855189706393,0.5915
"8602",5,46,14,"AVS",7.19754739485498,3.80603410847192,0.766
"8603",5,46,15,"AVS",12.1676179767195,4.09356574714003,0.9035
"8604",5,46,16,"AVS",17.2712652992007,6.78798123975556,0.005
"8605",5,46,17,"AVS",5.13602283706746,3.76102390364533,0.2455
"8606",5,46,18,"AVS",3.33850476731869,3.63131136755409,0.496
"8607",5,46,19,"AVS",2.9898744083337,3.47535442381321,0.546
"8608",5,46,20,"AVS",2.69376202718321,3.2821188407426,0.406
"8609",5,46,21,"AVS",2.0684836004246,3.12508473116787,0.51
"8610",5,46,22,"AVS",2.05445960289646,3.0115489806753,0.4545
"8611",5,46,23,"AVS",2.70735836331141,3.0609648964058,0.6985
"8612",5,46,24,"AVS",1.90665561999735,2.92652924691321,0.363
"8613",5,46,25,"AVS",1.47935096155519,2.77377502762891,0.4965
"8614",5,46,26,"AVS",1.83421499928182,2.73114744867025,0.305
"8615",5,46,27,"AVS",1.78874476459937,2.70960115255818,0.7265
"8616",5,46,28,"AVS",2.69600047969984,2.98664509019567,0.845
"8617",5,46,29,"AVS",2.38096195879283,2.80332290521584,0.815
"8618",5,46,30,"AVS",5.14806676131312,3.86227803620342,0.0235
"8619",5,46,31,"AVS",2.29055103537037,2.66561725070278,0.1165
"8620",5,46,32,"AVS",1.96718452023512,2.71818296946691,0.843
"8621",5,46,33,"AVS",3.2319938400316,3.21298928081206,0.93
"8622",5,46,34,"AVS",6.23301587990323,5.02224853845813,0.9895
"8623",5,46,35,"AVS",5.1253967481779,3.99116962918553,0.977
"8624",5,46,36,"AVS",1.17215747050331,2.29406424109991,0.713
"8625",5,46,37,"AVS",1.68834827638722,2.38050538709802,0.178
"8626",5,46,38,"AVS",1.62248441598486,2.34976655964165,0.1635
"8627",5,46,1,"EQW",6.5611705440488,4.11038093478801,0.87
"8628",5,46,2,"EQW",2.52345353337044,3.16503948748169,0.3415
"8629",5,46,3,"EQW",4.59853032562301,3.82232006688071,0.8215
"8630",5,46,4,"EQW",2.18951754660462,3.15231332071741,0.4225
"8631",5,46,5,"EQW",4.46865206915477,3.48063046858691,0.823
"8632",5,46,6,"EQW",15.3933967246006,5.47729081068168,0.9795
"8633",5,46,7,"EQW",12.8225753063151,4.7392073746263,0.9665
"8634",5,46,8,"EQW",4.5543899236481,3.85102270524095,0.5535
"8635",5,46,9,"EQW",4.4269040103211,3.53220982066867,0.7165
"8636",5,46,10,"EQW",13.6519953919214,4.94465184189859,0.9685
"8637",5,46,11,"EQW",6.86516747919856,3.76445447611245,0.7435
"8638",5,46,12,"EQW",4.57152443984851,3.83065117250734,0.3665
"8639",5,46,13,"EQW",3.58292965131955,3.48861346787585,0.6035
"8640",5,46,14,"EQW",3.82838167885,3.46779690962747,0.608
"8641",5,46,15,"EQW",5.64007402559348,3.68722705217896,0.7505
"8642",5,46,16,"EQW",5.44733700602503,3.89082709097015,0.294
"8643",5,46,17,"EQW",6.73055723412947,3.85566447752927,0.184
"8644",5,46,18,"EQW",2.64368103507747,3.35913180366848,0.521
"8645",5,46,19,"EQW",3.08679959331213,3.40813606689121,0.3605
"8646",5,46,20,"EQW",3.34477612345853,3.31360121888575,0.314
"8647",5,46,21,"EQW",2.77640355451625,3.25930473800646,0.3595
"8648",5,46,22,"EQW",3.26434350271141,3.25478755151904,0.2955
"8649",5,46,23,"EQW",2.25318904553117,3.2165055399492,0.516
"8650",5,46,24,"EQW",4.66727190125093,3.39930775971755,0.188
"8651",5,46,25,"EQW",2.54291931731348,3.2244160687291,0.383
"8652",5,46,26,"EQW",3.74715095201501,3.32132147253933,0.2345
"8653",5,46,27,"EQW",2.12601645441354,3.12372062661676,0.522
"8654",5,46,28,"EQW",1.92307002665075,3.09605333916946,0.5305
"8655",5,46,29,"EQW",1.80469381759499,2.94321864804023,0.4805
"8656",5,46,30,"EQW",7.66645383760457,4.1363605373795,0.0495
"8657",5,46,31,"EQW",2.65583761059992,3.28097866257226,0.3385
"8658",5,46,32,"EQW",1.94194267064797,2.97775365657119,0.6195
"8659",5,46,33,"EQW",2.2307139512023,3.02643071024709,0.6755
"8660",5,46,34,"EQW",2.8431420644904,3.25149702181098,0.734
"8661",5,46,35,"EQW",2.29784105404018,3.22824587708918,0.7005
"8662",5,46,36,"EQW",1.61609798895895,2.77631977399579,0.4775
"8663",5,46,37,"EQW",1.97598116480659,2.73201265392795,0.27
"8664",5,46,38,"EQW",1.48106788023788,2.69042417154934,0.3675
"8665",5,46,1,"SGP",6.5611705440488,4.08144917699866,0.8595
"8666",5,46,2,"SGP",1.99640794523673,2.96086497118554,0.352
"8667",5,46,3,"SGP",5.57473460096876,3.98954768539149,0.95
"8668",5,46,4,"SGP",2.12391036195373,2.92872064192995,0.249
"8669",5,46,5,"SGP",3.15468541317384,3.05617824478621,0.881
"8670",5,46,6,"SGP",15.7004300481739,8.41174639470583,0.9995
"8671",5,46,7,"SGP",7.63985842126671,4.25036338282461,0.949
"8672",5,46,8,"SGP",9.83279515463059,5.02641494531226,0.034
"8673",5,46,9,"SGP",1.78348390018317,3.02627031625669,0.582
"8674",5,46,10,"SGP",9.9882635797382,4.99878772693603,0.9815
"8675",5,46,11,"SGP",1.90303536451798,2.93759461179314,0.3765
"8676",5,46,12,"SGP",13.4808590232674,5.96625181751957,0.0095
"8677",5,46,13,"SGP",2.21401172629068,3.09869836808822,0.334
"8678",5,46,14,"SGP",2.74244181636353,3.0982810815857,0.257
"8679",5,46,15,"SGP",1.82137293663026,2.89684132548944,0.4075
"8680",5,46,16,"SGP",17.332365860674,6.61220180950606,0.008
"8681",5,46,17,"SGP",14.6569442009158,5.45968663412587,0.0115
"8682",5,46,18,"SGP",2.61483665340602,3.22559084484487,0.6655
"8683",5,46,19,"SGP",4.02208992246159,3.38987305213489,0.2165
"8684",5,46,20,"SGP",3.11731995547735,3.19269498395216,0.2735
"8685",5,46,21,"SGP",2.1016859696294,2.9938852061012,0.424
"8686",5,46,22,"SGP",2.19369668251144,3.16317863015015,0.3535
"8687",5,46,23,"SGP",2.81393285011485,3.13887124284653,0.7215
"8688",5,46,24,"SGP",3.79476704595807,3.31044723971989,0.213
"8689",5,46,25,"SGP",2.35568913417833,3.06690742394892,0.653
"8690",5,46,26,"SGP",1.85848200901032,2.96813829802463,0.4365
"8691",5,46,27,"SGP",4.30725815968954,3.28170605718898,0.8195
"8692",5,46,28,"SGP",2.30552290291588,3.06399851564522,0.643
"8693",5,46,29,"SGP",1.66694751734171,2.87299950491903,0.52
"8694",5,46,30,"SGP",6.18205515950859,3.71955765697719,0.0995
"8695",5,46,31,"SGP",4.34395088471098,3.38831270605363,0.8285
"8696",5,46,32,"SGP",4.00932621923147,3.34831841903887,0.848
"8697",5,46,33,"SGP",4.74810853998198,3.45594106825818,0.881
"8698",5,46,34,"SGP",2.12448810560573,3.03265637021212,0.651
"8699",5,46,35,"SGP",1.67662197020107,2.97279515812968,0.4385
"8700",5,46,36,"SGP",2.97414571437479,3.1773094739257,0.268
"8701",5,46,37,"SGP",1.9105808038198,2.93774312730521,0.3435
"8702",5,46,38,"SGP",1.99594818535205,2.96961680935806,0.615
"8703",5,46,1,"SGP50",6.5611705440488,4.22898047970245,0.8485
"8704",5,46,2,"SGP50",2.5006623856414,3.18045573373135,0.34
"8705",5,46,3,"SGP50",4.70663672850533,3.77915410898659,0.822
"8706",5,46,4,"SGP50",2.14683661249521,3.11900362785919,0.4375
"8707",5,46,5,"SGP50",4.46429438985104,3.44821088179064,0.833
"8708",5,46,6,"SGP50",15.4639024984594,5.37823469629626,0.981
"8709",5,46,7,"SGP50",12.1207201478141,4.72213313971142,0.962
"8710",5,46,8,"SGP50",4.34998299871926,3.91229164861969,0.5015
"8711",5,46,9,"SGP50",3.78209925639948,3.36538606888549,0.707
"8712",5,46,10,"SGP50",12.6027026666276,4.70475351077124,0.9705
"8713",5,46,11,"SGP50",4.80517822316155,3.56402496506377,0.6785
"8714",5,46,12,"SGP50",5.86283010328181,3.99334373676453,0.2615
"8715",5,46,13,"SGP50",2.89108952476984,3.39890809613101,0.552
"8716",5,46,14,"SGP50",2.93483369693548,3.51903731829977,0.52
"8717",5,46,15,"SGP50",3.513170132475,3.39081106481343,0.64
"8718",5,46,16,"SGP50",9.02198225433798,4.23001938240244,0.184
"8719",5,46,17,"SGP50",9.2050409438746,4.27266085091088,0.112
"8720",5,46,18,"SGP50",2.53944666464893,3.28588368078234,0.5275
"8721",5,46,19,"SGP50",3.59266827208689,3.50193708553472,0.299
"8722",5,46,20,"SGP50",3.60301003595216,3.31706235932712,0.292
"8723",5,46,21,"SGP50",2.75642009176834,3.20286738851821,0.369
"8724",5,46,22,"SGP50",3.15205382924222,3.26522209302588,0.307
"8725",5,46,23,"SGP50",2.36237130869356,3.25347589262633,0.5735
"8726",5,46,24,"SGP50",4.58952852240253,3.46320992578583,0.173
"8727",5,46,25,"SGP50",2.21535273321546,3.18929964005872,0.4725
"8728",5,46,26,"SGP50",2.87515704163682,3.20202089331111,0.3065
"8729",5,46,27,"SGP50",2.54066436495624,3.13620831911956,0.644
"8730",5,46,28,"SGP50",2.0218850469358,3.07380626428616,0.5565
"8731",5,46,29,"SGP50",1.7607538164765,2.96739737116922,0.497
"8732",5,46,30,"SGP50",7.05617103023334,4.03047599981049,0.0605
"8733",5,46,31,"SGP50",2.44556782244626,3.34556656598438,0.5095
"8734",5,46,32,"SGP50",2.50241975332357,3.09364760233556,0.724
"8735",5,46,33,"SGP50",2.9272914110583,3.20916276312988,0.7585
"8736",5,46,34,"SGP50",2.70126572059919,3.17111391619594,0.729
"8737",5,46,35,"SGP50",2.03036892603946,3.08708824489577,0.6035
"8738",5,46,36,"SGP50",1.85333998166151,2.84803432275585,0.4245
"8739",5,46,37,"SGP50",1.92856855350422,2.77727087692282,0.2895
"8740",5,46,38,"SGP50",1.46564595810427,2.8093636452568,0.4475
"8741",5,47,1,"BMA",6.23570607240896,3.9219438253637,0.755
"8742",5,47,2,"BMA",3.45799193692934,3.52310260638726,0.6
"8743",5,47,3,"BMA",2.69832693858125,3.05610125009384,0.594
"8744",5,47,4,"BMA",14.6532123428885,5.6811733066122,0.0585
"8745",5,47,5,"BMA",10.493599895914,4.5424505041871,0.842
"8746",5,47,6,"BMA",10.6676596092406,4.28346802946173,0.87
"8747",5,47,7,"BMA",14.0228080425073,4.610498218268,0.9375
"8748",5,47,8,"BMA",7.37022212361955,3.95887385864425,0.7645
"8749",5,47,9,"BMA",4.72583633864841,3.67805698517888,0.68
"8750",5,47,10,"BMA",4.53371934237298,3.67081123358794,0.6825
"8751",5,47,11,"BMA",3.2149665893916,3.50065785052241,0.4935
"8752",5,47,12,"BMA",2.77582237377609,3.40112512620782,0.4645
"8753",5,47,13,"BMA",3.18257701735578,3.39637633064746,0.6585
"8754",5,47,14,"BMA",2.89047638867586,3.33640676693736,0.363
"8755",5,47,15,"BMA",2.69139595126649,3.35128453220609,0.4505
"8756",5,47,16,"BMA",3.10178610959779,3.39564713831867,0.3595
"8757",5,47,17,"BMA",3.07260198222911,3.27133384247275,0.635
"8758",5,47,18,"BMA",11.4401060558773,4.46264321082057,0.0555
"8759",5,47,19,"BMA",9.52893212240318,4.12030148650586,0.075
"8760",5,47,20,"BMA",8.22333978220861,4.02673416033661,0.116
"8761",5,47,21,"BMA",12.3241495489245,4.42183472559347,0.0545
"8762",5,47,22,"BMA",12.2073940480671,4.47804345286578,0.044
"8763",5,47,23,"BMA",3.18296101248584,3.52117094980293,0.364
"8764",5,47,24,"BMA",3.88163335265784,3.44964926180964,0.2835
"8765",5,47,25,"BMA",7.03309941164962,3.89721240792544,0.1445
"8766",5,47,26,"BMA",4.35798151114166,3.39719363734387,0.23
"8767",5,47,27,"BMA",2.43437407587177,3.36683300030804,0.4925
"8768",5,47,28,"BMA",2.90890690683583,3.26461119445524,0.359
"8769",5,47,29,"BMA",2.4031040376913,3.29065579816829,0.5545
"8770",5,47,30,"BMA",2.49874911714169,3.26956965936133,0.5135
"8771",5,47,31,"BMA",2.49587776084548,3.3310797726096,0.5935
"8772",5,47,32,"BMA",2.33380271948823,3.28213480838267,0.529
"8773",5,47,33,"BMA",2.62318631112294,3.18151449504281,0.3935
"8774",5,47,34,"BMA",1.74127096965788,2.82441697091293,0.484
"8775",5,47,35,"BMA",1.25307332458646,2.57006082836885,0.561
"8776",5,47,36,"BMA",1.10385317777692,2.54145424436646,0.556
"8777",5,47,37,"BMA",1.41328573097069,2.49267237856345,0.7275
"8778",5,47,38,"BMA",1.0246462901254,2.38185092096379,0.65
"8779",5,47,1,"AVS",6.23570607240896,3.95634840297259,0.7355
"8780",5,47,2,"AVS",3.93015500911716,3.78920425407064,0.522
"8781",5,47,3,"AVS",4.60690519245416,3.90010246710442,0.5255
"8782",5,47,4,"AVS",15.6904200955894,5.53743220966194,0.0345
"8783",5,47,5,"AVS",18.3691457096484,5.39070760760177,0.95
"8784",5,47,6,"AVS",3.39379656722225,3.28721716637128,0.712
"8785",5,47,7,"AVS",4.50674863966727,3.42821151705815,0.9025
"8786",5,47,8,"AVS",1.77003065102826,2.8576802771793,0.3515
"8787",5,47,9,"AVS",3.94890931673702,3.38937679468365,0.155
"8788",5,47,10,"AVS",3.53818600962702,3.20602210396902,0.139
"8789",5,47,11,"AVS",9.07028999444547,4.70080430654719,0.021
"8790",5,47,12,"AVS",7.07678037301052,4.11574541470933,0.0475
"8791",5,47,13,"AVS",2.95776957594583,3.16520060146574,0.2215
"8792",5,47,14,"AVS",4.10606922128553,3.43756980200005,0.1585
"8793",5,47,15,"AVS",1.77081776521661,2.91921518420972,0.3885
"8794",5,47,16,"AVS",2.07201741932612,2.95281449253712,0.337
"8795",5,47,17,"AVS",3.9009856833084,3.37568533001921,0.859
"8796",5,47,18,"AVS",13.6965801901055,6.05611294525971,0.0025
"8797",5,47,19,"AVS",4.45188312656889,3.47156097344504,0.1635
"8798",5,47,20,"AVS",1.90428803390567,3.01033065817583,0.379
"8799",5,47,21,"AVS",3.53926547168669,3.2854870438454,0.2045
"8800",5,47,22,"AVS",2.15733338409761,3.04106225797018,0.3455
"8801",5,47,23,"AVS",10.3005340169184,4.91037259043437,0.9755
"8802",5,47,24,"AVS",2.77512051164192,3.07016197180176,0.733
"8803",5,47,25,"AVS",2.46164779431043,3.07539970984954,0.322
"8804",5,47,26,"AVS",1.91040905794087,2.87971866641351,0.5925
"8805",5,47,27,"AVS",4.28591463597686,3.28447460648021,0.8085
"8806",5,47,28,"AVS",1.77869153629808,2.86780353998701,0.569
"8807",5,47,29,"AVS",2.78563825923148,3.06684681963265,0.7625
"8808",5,47,30,"AVS",1.66248330726033,2.90618045574071,0.5515
"8809",5,47,31,"AVS",1.91160878587065,2.91389157863474,0.656
"8810",5,47,32,"AVS",1.56474828806022,2.87532076267629,0.525
"8811",5,47,33,"AVS",2.02193220314909,2.8618350990021,0.3255
"8812",5,47,34,"AVS",1.65150831905026,2.83393085458918,0.608
"8813",5,47,35,"AVS",1.77138571466257,2.85260373997856,0.615
"8814",5,47,36,"AVS",1.51479156935793,2.87950634422982,0.567
"8815",5,47,37,"AVS",1.8501831085152,2.88025932745896,0.6375
"8816",5,47,38,"AVS",1.50566625676912,2.7172575053266,0.4625
"8817",5,47,1,"EQW",6.23570607240896,3.99414125338961,0.762
"8818",5,47,2,"EQW",3.36193964338333,3.37724002993273,0.655
"8819",5,47,3,"EQW",4.03724692502966,3.40301817725597,0.6805
"8820",5,47,4,"EQW",7.12075400550074,4.20997317310094,0.2675
"8821",5,47,5,"EQW",7.7587720146275,3.91812012828056,0.8495
"8822",5,47,6,"EQW",9.06994841678636,3.88683322872409,0.8385
"8823",5,47,7,"EQW",13.8209686863572,4.25751057593664,0.931
"8824",5,47,8,"EQW",8.56819443766907,3.8562512992342,0.7295
"8825",5,47,9,"EQW",6.98384829962904,3.87199330592,0.6365
"8826",5,47,10,"EQW",7.13260901245677,3.9073517397878,0.648
"8827",5,47,11,"EQW",6.45548813042337,4.1080484189765,0.5195
"8828",5,47,12,"EQW",5.95996092628248,3.90151783772616,0.5325
"8829",5,47,13,"EQW",6.15218966311053,3.75233928100712,0.644
"8830",5,47,14,"EQW",4.7525425140663,3.71277594983143,0.543
"8831",5,47,15,"EQW",4.42749758829676,3.51743897878775,0.6
"8832",5,47,16,"EQW",4.15207418823875,3.53255978230306,0.531
"8833",5,47,17,"EQW",6.67086752046223,3.60678588761574,0.7925
"8834",5,47,18,"EQW",7.91143251275664,4.65104967738429,0.286
"8835",5,47,19,"EQW",6.04830117751786,4.08499414610122,0.274
"8836",5,47,20,"EQW",4.90125234099967,3.79688761113609,0.34
"8837",5,47,21,"EQW",6.47046756890045,4.01324980351927,0.2545
"8838",5,47,22,"EQW",6.52641648489512,3.98489281056471,0.2215
"8839",5,47,23,"EQW",3.69664306616302,3.73155197613902,0.5645
"8840",5,47,24,"EQW",2.66337853439324,3.28561749850109,0.546
"8841",5,47,25,"EQW",3.20859894644692,3.37574749498049,0.3175
"8842",5,47,26,"EQW",2.37015163676767,3.12756645407845,0.419
"8843",5,47,27,"EQW",2.72696308827887,3.24618803191187,0.638
"8844",5,47,28,"EQW",2.10455556085631,3.1060296051833,0.547
"8845",5,47,29,"EQW",2.6914584615954,3.27833752811191,0.673
"8846",5,47,30,"EQW",2.29126179850698,3.26147584607178,0.621
"8847",5,47,31,"EQW",2.6807178526997,3.26696405068286,0.6935
"8848",5,47,32,"EQW",2.36375186398983,3.21993369975316,0.65
"8849",5,47,33,"EQW",1.82236749844537,2.99966953130245,0.4935
"8850",5,47,34,"EQW",1.63783867908638,2.86836896333152,0.5465
"8851",5,47,35,"EQW",1.57678282709427,2.82720444311154,0.58
"8852",5,47,36,"EQW",1.51999671092583,2.80151739032315,0.57
"8853",5,47,37,"EQW",1.89711913020302,2.88533677992373,0.6745
"8854",5,47,38,"EQW",1.50825865719643,2.75989493541648,0.6025
"8855",5,47,1,"SGP",6.23570607240896,3.95913532633465,0.7525
"8856",5,47,2,"SGP",3.66914587981062,3.16641779888526,0.7535
"8857",5,47,3,"SGP",1.12544223993547,2.38176830811617,0.619
"8858",5,47,4,"SGP",16.5059224719174,7.63159171020665,0.012
"8859",5,47,5,"SGP",3.14960507080076,3.10547597079431,0.782
"8860",5,47,6,"SGP",1.99228000676876,3.00591620715936,0.649
"8861",5,47,7,"SGP",4.58651071110723,3.44688418017886,0.899
"8862",5,47,8,"SGP",1.7659453476432,2.83215109326717,0.353
"8863",5,47,9,"SGP",3.89131657964598,3.39321304595769,0.1595
"8864",5,47,10,"SGP",3.49512925964249,3.3755223448919,0.169
"8865",5,47,11,"SGP",8.96528416471196,4.97629240866394,0.026
"8866",5,47,12,"SGP",7.00195572985532,4.02145876481696,0.0515
"8867",5,47,13,"SGP",2.93640008843263,3.1588104248766,0.2345
"8868",5,47,14,"SGP",4.08330678830091,3.32070705612617,0.1725
"8869",5,47,15,"SGP",1.77399667505594,2.85662042428803,0.393
"8870",5,47,16,"SGP",2.07642999705123,2.95078623297289,0.315
"8871",5,47,17,"SGP",3.89696357251297,3.28731621146198,0.8465
"8872",5,47,18,"SGP",13.6552463692938,6.38199185087888,0.001
"8873",5,47,19,"SGP",4.46863087073101,3.44872546948203,0.153
"8874",5,47,20,"SGP",1.92388661391932,3.06977433753639,0.373
"8875",5,47,21,"SGP",3.5658744998224,3.30258130861479,0.2015
"8876",5,47,22,"SGP",2.17956999290391,3.07047560106164,0.3475
"8877",5,47,23,"SGP",10.2088819716938,4.6547279339425,0.9685
"8878",5,47,24,"SGP",2.76541699657158,3.14183896286073,0.7285
"8879",5,47,25,"SGP",2.46986601031623,3.062896414119,0.305
"8880",5,47,26,"SGP",1.90827056479395,2.86811017650299,0.593
"8881",5,47,27,"SGP",4.26813684635594,3.45043558387779,0.832
"8882",5,47,28,"SGP",1.77952911628347,2.88118038441794,0.5665
"8883",5,47,29,"SGP",2.7815278057914,3.05113204830298,0.7395
"8884",5,47,30,"SGP",1.66511446576982,2.87502656379538,0.5375
"8885",5,47,31,"SGP",1.91474356893615,2.83705500879061,0.6315
"8886",5,47,32,"SGP",1.56794007530035,2.78817558090695,0.501
"8887",5,47,33,"SGP",2.02074029463714,2.78308576740632,0.344
"8888",5,47,34,"SGP",1.65073945726845,2.77974736305925,0.6015
"8889",5,47,35,"SGP",1.7690669483463,2.85491925298935,0.5945
"8890",5,47,36,"SGP",1.51501940945659,2.72012670754948,0.558
"8891",5,47,37,"SGP",1.85028665983338,2.90160462821334,0.6635
"8892",5,47,38,"SGP",1.50496961853796,2.72905911529843,0.484
"8893",5,47,1,"SGP50",6.23570607240896,3.95969918012125,0.736
"8894",5,47,2,"SGP50",3.37432558627242,3.38626195595316,0.643
"8895",5,47,3,"SGP50",3.89060448622337,3.42833283728539,0.67
"8896",5,47,4,"SGP50",7.6411591250744,4.28578924570825,0.2515
"8897",5,47,5,"SGP50",7.08407377158475,3.8415660095915,0.8325
"8898",5,47,6,"SGP50",7.27506176416088,3.73091985874173,0.8075
"8899",5,47,7,"SGP50",10.6062383565267,4.10339726150773,0.939
"8900",5,47,8,"SGP50",4.66260269803042,3.50951763421468,0.6355
"8901",5,47,9,"SGP50",3.68429485387205,3.54790746937181,0.4505
"8902",5,47,10,"SGP50",3.34497812617163,3.4833042704399,0.414
"8903",5,47,11,"SGP50",5.44367794353042,4.07177380279101,0.2715
"8904",5,47,12,"SGP50",4.48553482826912,3.84785642771278,0.2775
"8905",5,47,13,"SGP50",2.67884500775977,3.34105085451977,0.4255
"8906",5,47,14,"SGP50",3.28786429524276,3.39074523810827,0.307
"8907",5,47,15,"SGP50",2.08165168561096,3.03799377105031,0.446
"8908",5,47,16,"SGP50",2.35206714859328,3.07891878001607,0.3665
"8909",5,47,17,"SGP50",3.83343341232204,3.3086738733806,0.7915
"8910",5,47,18,"SGP50",11.71591144421,4.97896294844774,0.057
"8911",5,47,19,"SGP50",5.50563674292804,3.5865193170634,0.156
"8912",5,47,20,"SGP50",3.18904252280401,3.33573052548945,0.293
"8913",5,47,21,"SGP50",5.19127503754348,3.57079202237963,0.1775
"8914",5,47,22,"SGP50",3.7844280954843,3.40858579307005,0.2695
"8915",5,47,23,"SGP50",6.42604641543758,4.11156351421192,0.8015
"8916",5,47,24,"SGP50",2.43631628715379,3.20478767275923,0.649
"8917",5,47,25,"SGP50",2.93169926884496,3.20564680027189,0.3005
"8918",5,47,26,"SGP50",1.93538976898194,3.00365660731502,0.517
"8919",5,47,27,"SGP50",3.46869237699422,3.3111250437551,0.7665
"8920",5,47,28,"SGP50",1.85809647978621,3.01689402403599,0.5355
"8921",5,47,29,"SGP50",2.61744702101651,3.06703234568372,0.707
"8922",5,47,30,"SGP50",1.82514188762529,3.0308592753645,0.5475
"8923",5,47,31,"SGP50",2.09293612477317,3.0131783789599,0.6465
"8924",5,47,32,"SGP50",1.75511911102952,2.94140431763705,0.557
"8925",5,47,33,"SGP50",1.97401909701688,2.87980002489935,0.3605
"8926",5,47,34,"SGP50",1.63033168352579,2.86701890305017,0.5815
"8927",5,47,35,"SGP50",1.66711156071682,2.83788518889824,0.5705
"8928",5,47,36,"SGP50",1.52496776325842,2.80769375398266,0.5475
"8929",5,47,37,"SGP50",1.84471855699114,2.87333061390386,0.64
"8930",5,47,38,"SGP50",1.47787096811843,2.72470867854017,0.5025
"8931",5,48,1,"BMA",7.00679771792861,3.92606618200588,0.812
"8932",5,48,2,"BMA",4.1066291145494,3.57114095389051,0.757
"8933",5,48,3,"BMA",5.15012294457966,3.76370590872662,0.7935
"8934",5,48,4,"BMA",6.77740555220218,3.93037665189133,0.8035
"8935",5,48,5,"BMA",5.90708229362118,3.73439317582314,0.75
"8936",5,48,6,"BMA",3.13839903957062,3.22412577913836,0.6705
"8937",5,48,7,"BMA",2.59034655888637,3.20510976481797,0.265
"8938",5,48,8,"BMA",2.76293653022346,3.02234644055599,0.8035
"8939",5,48,9,"BMA",8.06003099056433,4.88813415220764,0.0935
"8940",5,48,10,"BMA",8.31706224353367,3.94356563524565,0.8495
"8941",5,48,11,"BMA",7.02278091162277,3.83405209309442,0.77
"8942",5,48,12,"BMA",14.9122163188735,4.44993203716157,0.933
"8943",5,48,13,"BMA",10.1277327261082,3.90720881219337,0.8045
"8944",5,48,14,"BMA",1.9155728333474,2.78823941607192,0.493
"8945",5,48,15,"BMA",9.91548904846073,5.99159651233257,0.013
"8946",5,48,16,"BMA",5.15618264716453,3.84463819057911,0.148
"8947",5,48,17,"BMA",6.49592236648842,4.07595597053331,0.9395
"8948",5,48,18,"BMA",8.31421418765716,4.60104062742473,0.097
"8949",5,48,19,"BMA",3.00719079419633,3.36278252322258,0.334
"8950",5,48,20,"BMA",8.73301084921468,4.13261212822579,0.069
"8951",5,48,21,"BMA",14.7804525492212,5.26379867958411,0.0095
"8952",5,48,22,"BMA",3.72733415947465,3.49357146374856,0.408
"8953",5,48,23,"BMA",4.05427815401306,3.72018198607897,0.7445
"8954",5,48,24,"BMA",2.88988760337401,3.32628726142371,0.707
"8955",5,48,25,"BMA",2.775235199544,3.1560421417075,0.2875
"8956",5,48,26,"BMA",3.05263263019108,3.1371066350557,0.224
"8957",5,48,27,"BMA",1.60936921476744,2.82237048896558,0.4405
"8958",5,48,28,"BMA",2.9264813927621,3.21631615572058,0.7945
"8959",5,48,29,"BMA",3.32809582203911,3.21263762572083,0.816
"8960",5,48,30,"BMA",1.41124009853127,2.74076604972528,0.4965
"8961",5,48,31,"BMA",1.62559125959067,2.79349221304639,0.6135
"8962",5,48,32,"BMA",2.54926270620642,2.86150559718286,0.2365
"8963",5,48,33,"BMA",1.78830705101485,2.73340831137949,0.3475
"8964",5,48,34,"BMA",2.2521597185327,2.88625651287612,0.75
"8965",5,48,35,"BMA",3.54933626131031,3.10103975971005,0.1535
"8966",5,48,36,"BMA",1.62161202422593,2.68496584393082,0.6295
"8967",5,48,37,"BMA",3.31437282983527,3.129576203219,0.8335
"8968",5,48,38,"BMA",2.14174401201347,2.79918184958618,0.2595
"8969",5,48,1,"AVS",7.00679771792861,3.98203703907379,0.8535
"8970",5,48,2,"AVS",3.03335957812168,3.36549044016215,0.645
"8971",5,48,3,"AVS",5.49124078813885,3.77206456886137,0.794
"8972",5,48,4,"AVS",9.51402658658967,4.35249028451909,0.8945
"8973",5,48,5,"AVS",3.23082072734757,3.4336121814497,0.5945
"8974",5,48,6,"AVS",3.21614575237121,3.53012221487076,0.619
"8975",5,48,7,"AVS",3.02374033952562,3.50413067621153,0.469
"8976",5,48,8,"AVS",4.46189574450429,3.72599194232036,0.707
"8977",5,48,9,"AVS",3.14903830490258,3.50057656334699,0.4715
"8978",5,48,10,"AVS",8.39627933401196,3.91212740190934,0.845
"8979",5,48,11,"AVS",7.27052129597093,3.79951753536447,0.7745
"8980",5,48,12,"AVS",15.7164468941214,4.68348414273918,0.947
"8981",5,48,13,"AVS",1.51860309468614,2.73530397253252,0.392
"8982",5,48,14,"AVS",1.42737780901295,2.55519446619011,0.4035
"8983",5,48,15,"AVS",10.1522133601176,6.21495538817771,0.002
"8984",5,48,16,"AVS",6.3833395739943,3.82116802312159,0.056
"8985",5,48,17,"AVS",6.49767911471458,4.18316841769788,0.9675
"8986",5,48,18,"AVS",10.9855977325897,5.6279518033201,0.005
"8987",5,48,19,"AVS",4.23934227306485,3.38365823940431,0.1135
"8988",5,48,20,"AVS",6.5804021317202,3.93602017414177,0.0505
"8989",5,48,21,"AVS",8.75946691570939,4.68556724513222,0.018
"8990",5,48,22,"AVS",2.8357828798608,2.98287931665896,0.7915
"8991",5,48,23,"AVS",6.08737510254359,3.94334244692,0.9385
"8992",5,48,24,"AVS",3.76088592635544,3.28987436093696,0.8435
"8993",5,48,25,"AVS",2.31775215015333,2.90380671890274,0.3265
"8994",5,48,26,"AVS",2.66272541177036,3.00709904264013,0.24
"8995",5,48,27,"AVS",1.44619540330599,2.74173303388995,0.462
"8996",5,48,28,"AVS",3.02126873131383,3.06483318701853,0.8095
"8997",5,48,29,"AVS",3.32600843321426,3.1764848064847,0.8155
"8998",5,48,30,"AVS",1.37106938771574,2.73818400287424,0.4815
"8999",5,48,31,"AVS",1.6138559742004,2.86574943417877,0.617
"9000",5,48,32,"AVS",2.54419471412558,2.90607141774033,0.2435
"9001",5,48,33,"AVS",1.78161516190492,2.76613306829315,0.3445
"9002",5,48,34,"AVS",2.25545065748239,2.90713429949763,0.7405
"9003",5,48,35,"AVS",3.54688339469134,3.147227115163,0.149
"9004",5,48,36,"AVS",1.62186822769878,2.79530638511366,0.641
"9005",5,48,37,"AVS",3.31644728272696,3.16741727828686,0.8275
"9006",5,48,38,"AVS",2.14091167576718,2.889088174238,0.2635
"9007",5,48,1,"EQW",7.00679771792861,3.96357395162385,0.849
"9008",5,48,2,"EQW",4.91949558687355,3.71150187527559,0.808
"9009",5,48,3,"EQW",4.57037617793198,3.64841515658223,0.801
"9010",5,48,4,"EQW",4.86496099372203,3.49821647689429,0.7865
"9011",5,48,5,"EQW",5.24825108284372,3.40758255800275,0.757
"9012",5,48,6,"EQW",5.8099869068605,3.52205678862705,0.7815
"9013",5,48,7,"EQW",4.28198555871294,3.61344334059713,0.5945
"9014",5,48,8,"EQW",6.63385951573301,3.65036322559432,0.868
"9015",5,48,9,"EQW",3.89163945932225,3.91742383881809,0.475
"9016",5,48,10,"EQW",8.07384684908489,4.11586722871509,0.8935
"9017",5,48,11,"EQW",3.71793387078793,3.48969140997924,0.5965
"9018",5,48,12,"EQW",7.30407424478497,3.67026699412159,0.829
"9019",5,48,13,"EQW",7.69908229278739,3.81620074255011,0.7885
"9020",5,48,14,"EQW",8.57144261061867,3.84731611647893,0.7975
"9021",5,48,15,"EQW",5.04687276222283,4.13750085441004,0.5385
"9022",5,48,16,"EQW",4.44819567866856,3.8983150024764,0.583
"9023",5,48,17,"EQW",9.3244210541835,4.22265809503828,0.9185
"9024",5,48,18,"EQW",4.57386601791453,4.0242486778837,0.5135
"9025",5,48,19,"EQW",3.35520853015086,3.56346246378601,0.485
"9026",5,48,20,"EQW",5.34368920471861,4.09526077800162,0.249
"9027",5,48,21,"EQW",10.2335050464729,4.36779962660175,0.0975
"9028",5,48,22,"EQW",4.89290495181477,3.65847537009436,0.2915
"9029",5,48,23,"EQW",2.9505389659352,3.48544112368953,0.4665
"9030",5,48,24,"EQW",2.90911334632967,3.31854823232148,0.6575
"9031",5,48,25,"EQW",2.50163400066284,3.29785711812653,0.515
"9032",5,48,26,"EQW",2.57872446602897,3.24265228297134,0.4145
"9033",5,48,27,"EQW",2.39519935741085,3.09203412774218,0.376
"9034",5,48,28,"EQW",2.11559746927639,3.10436156081261,0.566
"9035",5,48,29,"EQW",3.2106662972308,3.29903753432447,0.7345
"9036",5,48,30,"EQW",3.14700160618774,3.38649937397143,0.6775
"9037",5,48,31,"EQW",4.41305390690627,3.52383646045127,0.7395
"9038",5,48,32,"EQW",3.28771968866405,3.5809892754099,0.6105
"9039",5,48,33,"EQW",2.51962129399452,3.29558206222654,0.5875
"9040",5,48,34,"EQW",3.24370904848955,3.32757120605104,0.7165
"9041",5,48,35,"EQW",2.24786640783057,3.01637182478955,0.3825
"9042",5,48,36,"EQW",1.69054651749021,2.86002473271023,0.4675
"9043",5,48,37,"EQW",1.67072510568993,2.85639252514712,0.5815
"9044",5,48,38,"EQW",2.49130847468076,2.87817649203123,0.2475
"9045",5,48,1,"SGP",7.00679771792861,3.94732641991127,0.843
"9046",5,48,2,"SGP",6.07454067795891,3.83173727601903,0.8765
"9047",5,48,3,"SGP",7.81750037781462,4.16235481668133,0.9245
"9048",5,48,4,"SGP",7.22539411942268,3.65585611730385,0.8905
"9049",5,48,5,"SGP",1.10365383419804,2.41144108351593,0.611
"9050",5,48,6,"SGP",1.03007819906696,2.3773576779324,0.593
"9051",5,48,7,"SGP",3.05285249511981,3.16811275373647,0.091
"9052",5,48,8,"SGP",2.4548768521564,2.80090881170554,0.865
"9053",5,48,9,"SGP",9.82249315750425,6.94796296066442,0.01
"9054",5,48,10,"SGP",6.52083288984498,4.20350898493605,0.959
"9055",5,48,11,"SGP",2.81503872041653,2.98340311050106,0.175
"9056",5,48,12,"SGP",1.30875641207437,2.64392804470006,0.5585
"9057",5,48,13,"SGP",1.51881894588391,2.69965716931029,0.413
"9058",5,48,14,"SGP",1.42914541768178,2.58009220375914,0.3985
"9059",5,48,15,"SGP",10.0385931528378,6.14919479340894,0.0105
"9060",5,48,16,"SGP",6.31777099709027,3.85955866563967,0.0515
"9061",5,48,17,"SGP",6.50214840147122,4.13247815627104,0.9775
"9062",5,48,18,"SGP",10.8848364460474,5.549633104333,0.009
"9063",5,48,19,"SGP",4.21653207447556,3.46082817074179,0.106
"9064",5,48,20,"SGP",6.57396892436995,3.9364081036181,0.0555
"9065",5,48,21,"SGP",8.77069165174496,4.66829039339399,0.0245
"9066",5,48,22,"SGP",2.81368525522599,3.0439057381204,0.8085
"9067",5,48,23,"SGP",6.03562631906378,4.03653044150345,0.9335
"9068",5,48,24,"SGP",3.74853451839963,3.24879320358027,0.8405
"9069",5,48,25,"SGP",2.3166910634736,3.03430094401406,0.288
"9070",5,48,26,"SGP",2.66307252376472,2.99052986380367,0.2335
"9071",5,48,27,"SGP",1.45191029713304,2.78102349092363,0.4565
"9072",5,48,28,"SGP",3.00903929442195,3.06373737217907,0.7945
"9073",5,48,29,"SGP",3.32283575192589,3.21576555885947,0.8305
"9074",5,48,30,"SGP",1.37787376279694,2.78764330928065,0.501
"9075",5,48,31,"SGP",1.62267009047363,2.87652288869683,0.5745
"9076",5,48,32,"SGP",2.53522658841865,2.88237981688045,0.242
"9077",5,48,33,"SGP",1.78155375676895,2.77878466359018,0.371
"9078",5,48,34,"SGP",2.25924926791011,2.85838574791649,0.7345
"9079",5,48,35,"SGP",3.53665480723876,3.03540371474673,0.157
"9080",5,48,36,"SGP",1.61929433272561,2.80625812310797,0.641
"9081",5,48,37,"SGP",3.2986256098642,3.11048506707076,0.8255
"9082",5,48,38,"SGP",2.14396784879329,2.88811818364546,0.2915
"9083",5,48,1,"SGP50",7.00679771792861,3.95723001485375,0.8375
"9084",5,48,2,"SGP50",4.92792468033277,3.66209740933213,0.7985
"9085",5,48,3,"SGP50",4.65305530617812,3.63159387669789,0.781
"9086",5,48,4,"SGP50",4.91531807122245,3.46806786404357,0.807
"9087",5,48,5,"SGP50",5.06505909466202,3.37167950624535,0.779
"9088",5,48,6,"SGP50",5.25088302008798,3.3989666674878,0.7655
"9089",5,48,7,"SGP50",3.66578770276091,3.55822443976656,0.543
"9090",5,48,8,"SGP50",5.52851909989443,3.50649148950228,0.8435
"9091",5,48,9,"SGP50",4.23417276274563,4.0061154321458,0.3955
"9092",5,48,10,"SGP50",7.51882573273285,4.09757608699323,0.9105
"9093",5,48,11,"SGP50",2.83469360663305,3.34255634351513,0.512
"9094",5,48,12,"SGP50",4.46884559566252,3.24885300647349,0.7185
"9095",5,48,13,"SGP50",3.87851988100212,3.31451707149871,0.6375
"9096",5,48,14,"SGP50",3.64871663091268,3.27227072765894,0.621
"9097",5,48,15,"SGP50",5.64483883962711,4.40880597399768,0.299
"9098",5,48,16,"SGP50",3.98273833385949,3.81750861748446,0.3075
"9099",5,48,17,"SGP50",7.02865790372817,4.20147902021337,0.9425
"9100",5,48,18,"SGP50",6.50924215597405,4.36072331464371,0.2245
"9101",5,48,19,"SGP50",3.28814328505363,3.42940590192382,0.2695
"9102",5,48,20,"SGP50",6.30158772958546,3.98404378979875,0.1295
"9103",5,48,21,"SGP50",9.62974634510035,4.53093382078741,0.042
"9104",5,48,22,"SGP50",2.60207794588165,3.31928090135517,0.5755
"9105",5,48,23,"SGP50",3.91379916454884,3.73079822980346,0.7455
"9106",5,48,24,"SGP50",3.19335934240907,3.29091292303462,0.7515
"9107",5,48,25,"SGP50",2.33594057711421,3.14058286684296,0.366
"9108",5,48,26,"SGP50",2.71832311725466,3.17464841408078,0.2955
"9109",5,48,27,"SGP50",1.84023947310521,2.89774790314805,0.43
"9110",5,48,28,"SGP50",2.48514052486591,3.16086957310507,0.724
"9111",5,48,29,"SGP50",3.17979153156325,3.24869227247169,0.793
"9112",5,48,30,"SGP50",1.83490666546526,2.97686034871684,0.5695
"9113",5,48,31,"SGP50",2.26861971780047,3.01773723023323,0.6325
"9114",5,48,32,"SGP50",2.32036447804271,3.1853252200506,0.3395
"9115",5,48,33,"SGP50",1.87705888659025,2.94008887742311,0.428
"9116",5,48,34,"SGP50",2.50122548133287,3.05355280627233,0.717
"9117",5,48,35,"SGP50",3.03874399838107,3.08986246999902,0.2255
"9118",5,48,36,"SGP50",1.56028441792214,2.75687675989061,0.573
"9119",5,48,37,"SGP50",2.49207961127615,2.98862932515213,0.7125
"9120",5,48,38,"SGP50",2.3061815820094,2.81135368680395,0.2675
"9121",5,49,1,"BMA",8.75685650827407,4.29193786063713,0.79
"9122",5,49,2,"BMA",4.77389953985572,3.6920572537034,0.671
"9123",5,49,3,"BMA",7.15693900939139,4.13859954176839,0.857
"9124",5,49,4,"BMA",2.99321873953189,3.16696975314334,0.6735
"9125",5,49,5,"BMA",1.78402527189694,2.79301090735451,0.3055
"9126",5,49,6,"BMA",2.2565245656179,2.90712717228125,0.809
"9127",5,49,7,"BMA",1.22332740723454,2.3864101725505,0.3575
"9128",5,49,8,"BMA",0.994794482269575,2.4015405611312,0.5485
"9129",5,49,9,"BMA",0.988905213547764,2.2311488762265,0.547
"9130",5,49,10,"BMA",1.13221799509964,2.37775327332897,0.35
"9131",5,49,11,"BMA",15.2568067658491,32.899768538065,0
"9132",5,49,12,"BMA",6.18392666491869,3.8759585254748,0.6005
"9133",5,49,13,"BMA",7.76572117454982,3.99774953971821,0.8125
"9134",5,49,14,"BMA",4.55888354136096,3.72991013373693,0.675
"9135",5,49,15,"BMA",4.03353664697099,3.64266638658075,0.636
"9136",5,49,16,"BMA",3.06734784897885,3.48639926515192,0.558
"9137",5,49,17,"BMA",5.48082282313293,3.7266548678364,0.2315
"9138",5,49,18,"BMA",12.1498972767708,4.51488196531241,0.074
"9139",5,49,19,"BMA",9.89398253072931,4.15667245566271,0.1065
"9140",5,49,20,"BMA",5.05207311596607,3.74351301891586,0.261
"9141",5,49,21,"BMA",16.6468630977314,4.99474910737071,0.034
"9142",5,49,22,"BMA",6.60943553131612,3.87500723018356,0.1885
"9143",5,49,23,"BMA",4.95096399554581,3.68761374854395,0.2555
"9144",5,49,24,"BMA",3.46918464793914,3.44521478384519,0.375
"9145",5,49,25,"BMA",3.35168764605728,3.36365943172972,0.3725
"9146",5,49,26,"BMA",3.36694380322293,3.38094123828811,0.7155
"9147",5,49,27,"BMA",2.19186378900983,3.03040820528544,0.431
"9148",5,49,28,"BMA",1.67384671555102,2.93744148160505,0.479
"9149",5,49,29,"BMA",2.67030121230339,2.95560610167108,0.7895
"9150",5,49,30,"BMA",2.47167384210112,2.9910742607014,0.7775
"9151",5,49,31,"BMA",1.5922269736938,2.73071398514971,0.643
"9152",5,49,32,"BMA",1.20487114794535,2.57796921992661,0.61
"9153",5,49,33,"BMA",4.10090651220464,3.45756124040061,0.9085
"9154",5,49,34,"BMA",5.33247155148777,3.90855429813154,0.9415
"9155",5,49,35,"BMA",3.13004338856211,3.16846008612023,0.8525
"9156",5,49,36,"BMA",3.83201314363203,3.48649949419337,0.9095
"9157",5,49,37,"BMA",5.8138450932386,4.13272430964758,0.9435
"9158",5,49,38,"BMA",3.31503337733778,3.33360258774932,0.729
"9159",5,49,1,"AVS",8.75685650827407,4.29839685625996,0.778
"9160",5,49,2,"AVS",6.48833643653651,4.00496406168796,0.7485
"9161",5,49,3,"AVS",17.6184250558013,4.89435692584811,0.9255
"9162",5,49,4,"AVS",3.48252011372857,3.59337203753654,0.467
"9163",5,49,5,"AVS",1.93498638002896,2.82534929550788,0.3095
"9164",5,49,6,"AVS",2.2000731292374,2.74726554531554,0.7975
"9165",5,49,7,"AVS",1.21711253639768,2.40560549748267,0.3575
"9166",5,49,8,"AVS",0.988689262191873,2.40148349467252,0.531
"9167",5,49,9,"AVS",0.987862387412034,2.40526316300737,0.554
"9168",5,49,10,"AVS",1.13224703221716,2.35150967716014,0.3465
"9169",5,49,11,"AVS",15.2571936212425,23.8163926992196,0
"9170",5,49,12,"AVS",15.0932077507838,7.75702382343318,0
"9171",5,49,13,"AVS",1.57578593789032,2.81210365524708,0.439
"9172",5,49,14,"AVS",3.56692664573472,3.14817190394073,0.172
"9173",5,49,15,"AVS",1.55347669940331,2.83746531958208,0.5205
"9174",5,49,16,"AVS",2.09891866033412,2.85376728990073,0.309
"9175",5,49,17,"AVS",5.76137194117113,3.71540711772215,0.076
"9176",5,49,18,"AVS",4.13367208774369,3.23063437909475,0.142
"9177",5,49,19,"AVS",2.4032583549145,2.97926412027948,0.7405
"9178",5,49,20,"AVS",3.54811449415594,3.12796061746699,0.821
"9179",5,49,21,"AVS",12.3486082892799,5.55953593879341,0.0025
"9180",5,49,22,"AVS",8.64370228417833,4.31218990462441,0.967
"9181",5,49,23,"AVS",2.33781858823292,3.06564290190989,0.689
"9182",5,49,24,"AVS",1.9723660195082,3.02073803241086,0.662
"9183",5,49,25,"AVS",1.88158505661213,2.86910196706521,0.363
"9184",5,49,26,"AVS",4.59659739141953,3.38545946781374,0.8645
"9185",5,49,27,"AVS",4.25097870427923,3.26841235197924,0.1505
"9186",5,49,28,"AVS",1.77989942786834,2.97210721405156,0.641
"9187",5,49,29,"AVS",4.19109806214328,3.36289015838173,0.8525
"9188",5,49,30,"AVS",1.5663348070538,2.83982445156582,0.4785
"9189",5,49,31,"AVS",1.55134765642474,2.69900977057691,0.4325
"9190",5,49,32,"AVS",1.45238542287749,2.85850594458044,0.53
"9191",5,49,33,"AVS",4.51679072848081,3.47781465048671,0.8855
"9192",5,49,34,"AVS",1.57084146989751,2.82074179353406,0.558
"9193",5,49,35,"AVS",1.88871108708459,2.90791473548224,0.3385
"9194",5,49,36,"AVS",1.65719876727179,2.83609265704998,0.616
"9195",5,49,37,"AVS",2.33880066563398,2.93355767338974,0.722
"9196",5,49,38,"AVS",1.43967775240793,2.78272005311522,0.4485
"9197",5,49,1,"EQW",8.75685650827407,4.3728538135736,0.8005
"9198",5,49,2,"EQW",4.29772220905057,3.58096715136163,0.687
"9199",5,49,3,"EQW",7.88303872893235,4.07655076301637,0.814
"9200",5,49,4,"EQW",6.31283763905226,3.75007489947089,0.746
"9201",5,49,5,"EQW",5.30086319034984,3.69258089959844,0.607
"9202",5,49,6,"EQW",8.76721607745726,3.78544744876868,0.831
"9203",5,49,7,"EQW",7.46092232736455,3.78055095277889,0.7095
"9204",5,49,8,"EQW",9.89516386425636,3.84083155833939,0.8085
"9205",5,49,9,"EQW",10.9966253919738,3.94469982942402,0.811
"9206",5,49,10,"EQW",11.378955653083,4.02260570878652,0.77
"9207",5,49,11,"EQW",8.56688723279238,4.44669609834965,0.54
"9208",5,49,12,"EQW",7.60215259744681,4.35065731322526,0.4925
"9209",5,49,13,"EQW",8.27914276692648,3.85803427081619,0.7625
"9210",5,49,14,"EQW",6.60585412365813,3.80759105611849,0.625
"9211",5,49,15,"EQW",6.78043057312792,3.71644071543024,0.6995
"9212",5,49,16,"EQW",5.75179928368192,3.60508664864397,0.618
"9213",5,49,17,"EQW",5.48257209310411,3.86887386114568,0.3945
"9214",5,49,18,"EQW",6.701336486899,4.19226461652385,0.293
"9215",5,49,19,"EQW",5.19979021137777,3.86076025346694,0.4455
"9216",5,49,20,"EQW",4.31790810269135,3.77310619250253,0.557
"9217",5,49,21,"EQW",9.54068588468511,4.76089551971856,0.1945
"9218",5,49,22,"EQW",4.48265366059051,4.00751707189715,0.506
"9219",5,49,23,"EQW",3.2008726596954,3.52738613813051,0.4745
"9220",5,49,24,"EQW",2.95426377777194,3.42065561019516,0.493
"9221",5,49,25,"EQW",3.04251906208806,3.42277433846012,0.4335
"9222",5,49,26,"EQW",3.61906086746662,3.54589229737003,0.682
"9223",5,49,27,"EQW",3.52103035565261,3.39789019889911,0.3305
"9224",5,49,28,"EQW",2.44889278520775,3.20030807426424,0.4625
"9225",5,49,29,"EQW",2.73058630070739,3.32135490097539,0.659
"9226",5,49,30,"EQW",2.22581305544969,3.16415913376067,0.512
"9227",5,49,31,"EQW",2.12078145795044,3.02426993693433,0.4485
"9228",5,49,32,"EQW",2.02915047265031,3.00990156250233,0.418
"9229",5,49,33,"EQW",2.90739506330304,3.24200699584712,0.707
"9230",5,49,34,"EQW",2.52623250775291,3.2045936142461,0.6415
"9231",5,49,35,"EQW",2.00481420380685,3.11803023795397,0.57
"9232",5,49,36,"EQW",2.33699171245615,3.14505481498697,0.678
"9233",5,49,37,"EQW",3.4424961322602,3.4501891551127,0.774
"9234",5,49,38,"EQW",3.10366119049743,3.33601952951035,0.71
"9235",5,49,1,"SGP",8.75685650827407,4.20842126274115,0.788
"9236",5,49,2,"SGP",4.2109493951596,3.31780448114015,0.7715
"9237",5,49,3,"SGP",5.64515411690873,4.00252221322759,0.961
"9238",5,49,4,"SGP",1.71545692885759,2.60735852190344,0.7285
"9239",5,49,5,"SGP",1.59828728242917,2.62135039856097,0.3155
"9240",5,49,6,"SGP",2.23010376254121,2.85690789847576,0.802
"9241",5,49,7,"SGP",1.21825807666417,2.4239524022804,0.348
"9242",5,49,8,"SGP",1.00490765414464,2.38333628168226,0.548
"9243",5,49,9,"SGP",1.00009380679751,2.25487568085036,0.5535
"9244",5,49,10,"SGP",1.13136338699615,2.35982702197347,0.36
"9245",5,49,11,"SGP",15.1147310482008,7.81894056920333,0.0035
"9246",5,49,12,"SGP",14.9753384288673,8.16744562780742,0.004
"9247",5,49,13,"SGP",1.57875377232628,2.78927594385647,0.444
"9248",5,49,14,"SGP",3.54963731491687,3.32805798908816,0.168
"9249",5,49,15,"SGP",1.55955139312018,2.8022774973238,0.503
"9250",5,49,16,"SGP",2.09732293716315,2.87769630082949,0.311
"9251",5,49,17,"SGP",5.75098138858195,3.70475879941925,0.076
"9252",5,49,18,"SGP",4.14581948193419,3.34721956907308,0.165
"9253",5,49,19,"SGP",2.39560671998178,2.94241220955375,0.7465
"9254",5,49,20,"SGP",3.53463117893117,3.30771891466037,0.817
"9255",5,49,21,"SGP",12.3443077244949,5.67012434450618,0.004
"9256",5,49,22,"SGP",8.58885173832635,4.27581234593484,0.9655
"9257",5,49,23,"SGP",2.33379312183927,3.06319804642886,0.702
"9258",5,49,24,"SGP",1.97220380040804,2.9470521987925,0.6445
"9259",5,49,25,"SGP",1.88687695241427,2.85134879708198,0.3545
"9260",5,49,26,"SGP",4.58548775303769,3.34418088567436,0.846
"9261",5,49,27,"SGP",4.24873976226759,3.27219505225388,0.156
"9262",5,49,28,"SGP",1.77971880394631,2.90280404076078,0.6075
"9263",5,49,29,"SGP",4.17969375721436,3.43622654661959,0.853
"9264",5,49,30,"SGP",1.56879010175894,2.82004529152428,0.4815
"9265",5,49,31,"SGP",1.5534270065859,2.79493780245489,0.4255
"9266",5,49,32,"SGP",1.45428866788561,2.75439679884014,0.5285
"9267",5,49,33,"SGP",4.50712188426638,3.54745264577554,0.8755
"9268",5,49,34,"SGP",1.57467434759161,2.75881833373127,0.5585
"9269",5,49,35,"SGP",1.88716085790678,2.8786130967675,0.3465
"9270",5,49,36,"SGP",1.66053478214025,2.89441004564597,0.6145
"9271",5,49,37,"SGP",2.34377115352768,2.92575539379081,0.7295
"9272",5,49,38,"SGP",1.44318053496209,2.7849100902272,0.473
"9273",5,49,1,"SGP50",8.75685650827407,4.23109118496674,0.7815
"9274",5,49,2,"SGP50",4.31486711648384,3.41902268356222,0.684
"9275",5,49,3,"SGP50",7.96153725756598,4.10872415715247,0.8375
"9276",5,49,4,"SGP50",5.7246175153257,3.58585993358494,0.7335
"9277",5,49,5,"SGP50",4.10886827509309,3.41731998720343,0.543
"9278",5,49,6,"SGP50",6.18214054830134,3.51281728106915,0.829
"9279",5,49,7,"SGP50",3.83133755789045,3.20674821664994,0.5895
"9280",5,49,8,"SGP50",4.20697019119974,3.08370054918058,0.693
"9281",5,49,9,"SGP50",3.67407968172405,2.92668904654563,0.69
"9282",5,49,10,"SGP50",2.87093051091657,2.90215808993294,0.5345
"9283",5,49,11,"SGP50",9.58166208192814,4.88863018218274,0.2095
"9284",5,49,12,"SGP50",10.0130181904238,5.32740228247109,0.1685
"9285",5,49,13,"SGP50",2.20818157376767,3.01784979250964,0.5435
"9286",5,49,14,"SGP50",3.05360159692304,3.41917268745871,0.3045
"9287",5,49,15,"SGP50",2.04438257335977,2.9741496609806,0.5575
"9288",5,49,16,"SGP50",2.17230609813178,3.05314205341029,0.3735
"9289",5,49,17,"SGP50",5.30499273909659,3.812781190778,0.1455
"9290",5,49,18,"SGP50",4.90127333613083,3.46345595364785,0.1465
"9291",5,49,19,"SGP50",2.39456827840477,3.10834257031117,0.6285
"9292",5,49,20,"SGP50",3.0688900756331,3.34776283570174,0.7115
"9293",5,49,21,"SGP50",12.1916963562619,5.70793029453167,0.028
"9294",5,49,22,"SGP50",6.32759727644719,4.11282423354523,0.812
"9295",5,49,23,"SGP50",2.25336943176241,3.12692760313143,0.617
"9296",5,49,24,"SGP50",2.03032070565176,3.02719206770941,0.584
"9297",5,49,25,"SGP50",2.18666614658072,3.00127381378329,0.3615
"9298",5,49,26,"SGP50",4.08054787781161,3.490972197973,0.819
"9299",5,49,27,"SGP50",4.16126623927252,3.36631756704857,0.1825
"9300",5,49,28,"SGP50",1.82552576938547,2.98456011851917,0.566
"9301",5,49,29,"SGP50",3.65395717817631,3.29965137078647,0.8015
"9302",5,49,30,"SGP50",1.70713162121444,2.91151733652488,0.4995
"9303",5,49,31,"SGP50",1.67252147493051,2.84099755324472,0.419
"9304",5,49,32,"SGP50",1.56198971789902,2.77669627886084,0.5075
"9305",5,49,33,"SGP50",4.06099912151618,3.41618269760562,0.8365
"9306",5,49,34,"SGP50",1.78720165371861,2.84893353379471,0.574
"9307",5,49,35,"SGP50",1.840968073688,2.95617737562847,0.3785
"9308",5,49,36,"SGP50",1.83821626478411,2.93961426750771,0.6455
"9309",5,49,37,"SGP50",2.60203476171095,3.04052441774016,0.738
"9310",5,49,38,"SGP50",1.67822397990884,2.86162132911181,0.5185
"9311",5,50,1,"BMA",28.4878935775109,6.42676026359874,0.982
"9312",5,50,2,"BMA",24.0235050188696,5.39607392578062,0.928
"9313",5,50,3,"BMA",15.9817734028056,5.00542933472368,0.7115
"9314",5,50,4,"BMA",10.9075734918144,4.7678799667598,0.37
"9315",5,50,5,"BMA",8.59712509201479,4.53673144209556,0.534
"9316",5,50,6,"BMA",7.73949648523232,4.46428524296302,0.5105
"9317",5,50,7,"BMA",12.2941590434964,4.51517871708648,0.7215
"9318",5,50,8,"BMA",15.6681717578013,4.49612880916545,0.779
"9319",5,50,9,"BMA",22.8148934011887,4.8708288131334,0.8945
"9320",5,50,10,"BMA",14.1360018774468,4.66370377335045,0.846
"9321",5,50,11,"BMA",4.49126739344332,3.89179671805764,0.483
"9322",5,50,12,"BMA",5.853883922405,4.03129813385851,0.3175
"9323",5,50,13,"BMA",6.54587432235603,4.13690153271112,0.3295
"9324",5,50,14,"BMA",7.335425421013,4.02601101189799,0.2815
"9325",5,50,15,"BMA",5.46052859673207,3.90528586511154,0.327
"9326",5,50,16,"BMA",8.35389110096132,4.13775006036533,0.8055
"9327",5,50,17,"BMA",3.93854766763021,3.63229432021346,0.5705
"9328",5,50,18,"BMA",4.49922960389315,3.60016532475139,0.2645
"9329",5,50,19,"BMA",6.26147102834356,3.70024231598103,0.176
"9330",5,50,20,"BMA",2.92534665046279,3.36077350748853,0.3755
"9331",5,50,21,"BMA",2.33810954956765,3.12544378721444,0.5855
"9332",5,50,22,"BMA",2.14928971122137,3.06927632444299,0.5945
"9333",5,50,23,"BMA",6.51348678142103,3.73422504274932,0.891
"9334",5,50,24,"BMA",6.0702330739895,3.81642616162327,0.8965
"9335",5,50,25,"BMA",7.07820340333909,3.84697710070579,0.9205
"9336",5,50,26,"BMA",2.45738892888429,3.11023828530356,0.7235
"9337",5,50,27,"BMA",2.18487434040396,2.97896389404282,0.7085
"9338",5,50,28,"BMA",1.6876981511891,2.60599674291196,0.353
"9339",5,50,29,"BMA",1.82786021317009,2.62500228059714,0.298
"9340",5,50,30,"BMA",1.29252776572445,2.50973757260407,0.409
"9341",5,50,31,"BMA",1.40591078029278,2.50839669866789,0.3305
"9342",5,50,32,"BMA",1.12098877638734,2.32766332273069,0.3735
"9343",5,50,33,"BMA",0.917019151519678,2.21721809475534,0.551
"9344",5,50,34,"BMA",1.14293000097352,2.35506272961193,0.3
"9345",5,50,35,"BMA",0.929949381760143,2.24058772297197,0.345
"9346",5,50,36,"BMA",1.36999489344707,2.18233673364381,0.212
"9347",5,50,37,"BMA",1.55245985205988,2.34763144904593,0.1565
"9348",5,50,38,"BMA",1.10106446022508,2.12940184087786,0.2275
"9349",5,50,1,"AVS",28.4878935775109,6.38210346233101,0.981
"9350",5,50,2,"AVS",27.3552739877181,6.05504975682184,0.9615
"9351",5,50,3,"AVS",17.7563912156247,5.09678931779162,0.7355
"9352",5,50,4,"AVS",12.7470166122887,4.5473726855584,0.227
"9353",5,50,5,"AVS",7.74240680150657,4.41108176235891,0.506
"9354",5,50,6,"AVS",7.5524946786148,4.47988908086615,0.4985
"9355",5,50,7,"AVS",12.1926669628621,4.51276511823632,0.7225
"9356",5,50,8,"AVS",7.28616863169245,3.93799910415286,0.131
"9357",5,50,9,"AVS",2.54187941197777,3.29894206870408,0.5185
"9358",5,50,10,"AVS",7.31869678645206,3.77742983896601,0.107
"9359",5,50,11,"AVS",10.5533629718675,4.57319226915074,0.05
"9360",5,50,12,"AVS",2.34186634688547,3.3004716767988,0.454
"9361",5,50,13,"AVS",2.44786875056337,3.22201136411328,0.585
"9362",5,50,14,"AVS",5.30504714986689,3.63670025319548,0.175
"9363",5,50,15,"AVS",2.22917732170192,3.21717370943305,0.51
"9364",5,50,16,"AVS",11.5079763315064,4.64877223898594,0.959
"9365",5,50,17,"AVS",13.7135011914883,4.99538958399582,0.031
"9366",5,50,18,"AVS",3.79206343613284,3.50668854500534,0.2715
"9367",5,50,19,"AVS",2.86838216688022,3.38837070264262,0.597
"9368",5,50,20,"AVS",6.04676950471129,3.74002493279205,0.827
"9369",5,50,21,"AVS",2.62815702094913,3.31681170276189,0.561
"9370",5,50,22,"AVS",2.41688285635686,3.27466305035782,0.403
"9371",5,50,23,"AVS",5.83102973681428,3.57712409004786,0.8205
"9372",5,50,24,"AVS",3.37333465843797,3.41324490440758,0.3055
"9373",5,50,25,"AVS",2.04855272050378,3.23859512014142,0.493
"9374",5,50,26,"AVS",6.12596337361803,3.77135251807445,0.1315
"9375",5,50,27,"AVS",2.30548803048244,3.20125990910378,0.5985
"9376",5,50,28,"AVS",4.9762541330206,3.50379062191647,0.183
"9377",5,50,29,"AVS",2.04512779728689,3.08297544699844,0.5485
"9378",5,50,30,"AVS",2.16854533878309,3.10934722588644,0.426
"9379",5,50,31,"AVS",2.98531797602086,3.3063609880877,0.2655
"9380",5,50,32,"AVS",2.39263651715841,3.23641552884663,0.597
"9381",5,50,33,"AVS",2.08189314321231,3.11839885833156,0.549
"9382",5,50,34,"AVS",2.21751016872726,3.10789619161843,0.411
"9383",5,50,35,"AVS",2.30749870106478,3.18087524994955,0.6
"9384",5,50,36,"AVS",1.94527797378848,3.01399423204032,0.48
"9385",5,50,37,"AVS",1.94549480425728,3.01346908778387,0.5905
"9386",5,50,38,"AVS",1.96523118572213,3.15405273769944,0.5215
"9387",5,50,1,"EQW",28.4878935775109,6.34964798792623,0.991
"9388",5,50,2,"EQW",21.7982383425842,5.18326216157558,0.9165
"9389",5,50,3,"EQW",11.9310985641481,4.46480629671161,0.7225
"9390",5,50,4,"EQW",11.0526183534346,4.47047914892688,0.641
"9391",5,50,5,"EQW",15.4381942117105,4.54822026349491,0.797
"9392",5,50,6,"EQW",10.8683384060759,4.61257492953852,0.5895
"9393",5,50,7,"EQW",10.7622605562708,4.27825822911631,0.7145
"9394",5,50,8,"EQW",8.67099176884406,4.37470578354448,0.623
"9395",5,50,9,"EQW",11.2079766119129,4.22175308134221,0.7845
"9396",5,50,10,"EQW",7.47588956417382,4.33827390569309,0.611
"9397",5,50,11,"EQW",5.79813590091307,4.12680077558668,0.396
"9398",5,50,12,"EQW",4.45025212443204,3.81426068694953,0.475
"9399",5,50,13,"EQW",4.56287793557571,3.88628444055779,0.509
"9400",5,50,14,"EQW",5.74819489637617,4.00628826418043,0.331
"9401",5,50,15,"EQW",4.25783990226722,3.69254776012644,0.4345
"9402",5,50,16,"EQW",8.60625531900841,4.40926731633529,0.7875
"9403",5,50,17,"EQW",6.0545384555854,4.16282594119487,0.3935
"9404",5,50,18,"EQW",5.44146395581151,3.7733843661476,0.305
"9405",5,50,19,"EQW",5.70095721604159,3.77995449650774,0.2675
"9406",5,50,20,"EQW",4.05327168746006,3.76095511348524,0.421
"9407",5,50,21,"EQW",3.42509170691949,3.54446432716744,0.415
"9408",5,50,22,"EQW",3.74526510963021,3.51970859287699,0.346
"9409",5,50,23,"EQW",3.71309961889503,3.62585742296403,0.6405
"9410",5,50,24,"EQW",3.22852574656193,3.55125972383342,0.451
"9411",5,50,25,"EQW",2.96976425435734,3.43469346153132,0.552
"9412",5,50,26,"EQW",3.89957922331883,3.45595140152241,0.332
"9413",5,50,27,"EQW",2.70554392725288,3.32223739328439,0.4545
"9414",5,50,28,"EQW",4.78424023321542,3.52262758037721,0.195
"9415",5,50,29,"EQW",3.45345255555237,3.39631539513104,0.3015
"9416",5,50,30,"EQW",2.94340421639281,3.23409331141088,0.3245
"9417",5,50,31,"EQW",3.40670760596807,3.28670291538623,0.2675
"9418",5,50,32,"EQW",2.58348129681172,3.13652798953657,0.3795
"9419",5,50,33,"EQW",2.13117944827661,2.96450819179787,0.4205
"9420",5,50,34,"EQW",2.47617019689719,2.98539548351535,0.3095
"9421",5,50,35,"EQW",2.11423865293375,2.99886623116489,0.376
"9422",5,50,36,"EQW",2.3295598394512,2.99773200956643,0.293
"9423",5,50,37,"EQW",2.15638143687765,2.94902208573449,0.3345
"9424",5,50,38,"EQW",1.89158687540116,2.79495635842245,0.3585
"9425",5,50,1,"SGP",28.4878935775109,6.19014967379992,0.987
"9426",5,50,2,"SGP",25.8824798229624,5.64237597527524,0.9525
"9427",5,50,3,"SGP",27.5597071624759,5.43833419668234,0.9375
"9428",5,50,4,"SGP",3.09981103867675,3.37194756940827,0.385
"9429",5,50,5,"SGP",4.02483773190213,3.48362300058418,0.758
"9430",5,50,6,"SGP",9.73897669577707,4.52613714925621,0.0575
"9431",5,50,7,"SGP",2.88936538026932,3.31858302836426,0.3885
"9432",5,50,8,"SGP",7.47499926394813,3.85568839627712,0.1265
"9433",5,50,9,"SGP",2.55948406037892,3.30302786266667,0.517
"9434",5,50,10,"SGP",7.26848681294262,3.88230145353317,0.1055
"9435",5,50,11,"SGP",10.5073583581416,4.51064800992944,0.0525
"9436",5,50,12,"SGP",2.35158968885652,3.29652537505274,0.478
"9437",5,50,13,"SGP",2.45503871077282,3.31406088952161,0.566
"9438",5,50,14,"SGP",5.30459841036282,3.66446522655809,0.1705
"9439",5,50,15,"SGP",2.23583862829621,3.2162157286109,0.501
"9440",5,50,16,"SGP",11.4851981182602,4.55854829353708,0.964
"9441",5,50,17,"SGP",13.651372394984,4.89299434822298,0.0335
"9442",5,50,18,"SGP",3.79942253316191,3.44584679663371,0.279
"9443",5,50,19,"SGP",2.86543382984778,3.37577656509544,0.5925
"9444",5,50,20,"SGP",6.01469520888974,3.71886344697418,0.8365
"9445",5,50,21,"SGP",2.62795615030154,3.25780100787311,0.5755
"9446",5,50,22,"SGP",2.42134020047028,3.33214960742442,0.393
"9447",5,50,23,"SGP",5.81559175071183,3.5993726316716,0.824
"9448",5,50,24,"SGP",3.36883694556154,3.46494600143472,0.299
"9449",5,50,25,"SGP",2.05222036016231,3.19688148778582,0.4575
"9450",5,50,26,"SGP",6.10825980113022,3.71381444126227,0.1415
"9451",5,50,27,"SGP",2.30487082894687,3.11100391835435,0.5885
"9452",5,50,28,"SGP",4.97333679522293,3.49344341201643,0.1645
"9453",5,50,29,"SGP",2.04639482168441,3.06471490683938,0.5395
"9454",5,50,30,"SGP",2.1692875264776,3.06307691501661,0.427
"9455",5,50,31,"SGP",2.98616351716473,3.23522527377871,0.2665
"9456",5,50,32,"SGP",2.38847236942585,3.19760383690571,0.619
"9457",5,50,33,"SGP",2.07899570669748,3.13939653490266,0.5605
"9458",5,50,34,"SGP",2.21643240588572,3.13405060149653,0.413
"9459",5,50,35,"SGP",2.30050941604168,3.14724119165343,0.611
"9460",5,50,36,"SGP",1.94427404912763,3.05207642006419,0.45
"9461",5,50,37,"SGP",1.94130982080179,3.13870117383381,0.5525
"9462",5,50,38,"SGP",1.96054910422855,3.07350651094981,0.5335
"9463",5,50,1,"SGP50",28.4878935775109,6.2533332913457,0.986
"9464",5,50,2,"SGP50",21.8858679492949,5.23273899686327,0.9085
"9465",5,50,3,"SGP50",12.7736282774693,4.47677124188197,0.724
"9466",5,50,4,"SGP50",10.6171710538812,4.41540546300773,0.6365
"9467",5,50,5,"SGP50",12.4458332846662,4.26244724309082,0.8015
"9468",5,50,6,"SGP50",7.8070255699345,4.41038256917051,0.4145
"9469",5,50,7,"SGP50",5.41384415416405,3.80070038581623,0.581
"9470",5,50,8,"SGP50",5.82192106460809,4.12298152670757,0.37
"9471",5,50,9,"SGP50",4.56112670421778,3.60682539741415,0.6225
"9472",5,50,10,"SGP50",5.58828093230093,4.03029430185705,0.276
"9473",5,50,11,"SGP50",8.39446755265798,4.26430928794685,0.1795
"9474",5,50,12,"SGP50",2.93928927734899,3.44790943859938,0.4515
"9475",5,50,13,"SGP50",2.93526018742026,3.40967543392668,0.5355
"9476",5,50,14,"SGP50",5.36419203446153,3.68248883196833,0.2245
"9477",5,50,15,"SGP50",2.67674081668564,3.35384728615245,0.49
"9478",5,50,16,"SGP50",10.3972934085508,4.56338294146941,0.9035
"9479",5,50,17,"SGP50",10.8116896960863,4.52950379732573,0.1405
"9480",5,50,18,"SGP50",4.22572425972694,3.55513559375471,0.279
"9481",5,50,19,"SGP50",2.98781520090858,3.46817337985137,0.5065
"9482",5,50,20,"SGP50",4.67744802277136,3.72745372885271,0.727
"9483",5,50,21,"SGP50",2.67373705770187,3.34523746770435,0.528
"9484",5,50,22,"SGP50",2.67787797928907,3.26910417089115,0.369
"9485",5,50,23,"SGP50",5.07887747668627,3.62788322367076,0.778
"9486",5,50,24,"SGP50",3.19168480128354,3.52578318273407,0.36
"9487",5,50,25,"SGP50",2.2568136081515,3.23092574350676,0.4975
"9488",5,50,26,"SGP50",5.26322807626114,3.62328095227042,0.1935
"9489",5,50,27,"SGP50",2.29964414424549,3.18760216932885,0.5625
"9490",5,50,28,"SGP50",4.84205591134655,3.54730148004266,0.181
"9491",5,50,29,"SGP50",2.19960549962132,3.15614378069613,0.473
"9492",5,50,30,"SGP50",2.25177105589261,3.0959860461291,0.4075
"9493",5,50,31,"SGP50",3.0453036708191,3.22894711814373,0.2935
"9494",5,50,32,"SGP50",2.23689425096726,3.15947550577739,0.5365
"9495",5,50,33,"SGP50",1.95918782956553,3.09494772218477,0.504
"9496",5,50,34,"SGP50",2.18683264364003,3.12804158071099,0.39
"9497",5,50,35,"SGP50",2.01194439380533,3.00604538907155,0.5405
"9498",5,50,36,"SGP50",1.93119053260209,2.99683195273702,0.407
"9499",5,50,37,"SGP50",1.80336999385074,2.97221115783279,0.471
"9500",5,50,38,"SGP50",1.76701713830546,2.96504749692016,0.4615
"9501",5,51,1,"BMA",1.01507824756999,2.35311650537322,0.662
"9502",5,51,2,"BMA",3.36275775067025,3.95601838544591,0.03
"9503",5,51,3,"BMA",1.73661256529019,2.49485748308593,0.1455
"9504",5,51,4,"BMA",1.69386497239911,2.59065032027612,0.816
"9505",5,51,5,"BMA",0.816256696896787,2.05552668212666,0.653
"9506",5,51,6,"BMA",0.636336381371742,1.90082524703682,0.4585
"9507",5,51,7,"BMA",1.99466555538312,2.66235999255368,0.0865
"9508",5,51,8,"BMA",3.33204527662804,3.56642313104823,0.0355
"9509",5,51,9,"BMA",2.03709504164589,2.69337311447741,0.1525
"9510",5,51,10,"BMA",0.71130631212342,1.99708968006243,0.4795
"9511",5,51,11,"BMA",2.1238322171703,2.69337624673016,0.0995
"9512",5,51,12,"BMA",0.941012636221753,1.97369738666811,0.305
"9513",5,51,13,"BMA",0.572814874138205,1.81684859695297,0.464
"9514",5,51,14,"BMA",0.732542215645558,1.92209010991061,0.3415
"9515",5,51,15,"BMA",0.528615434339624,1.75326070709793,0.502
"9516",5,51,16,"BMA",0.50051216234273,1.707596085848,0.523
"9517",5,51,17,"BMA",0.495737233996103,1.75176172204423,0.5225
"9518",5,51,18,"BMA",0.657176215055013,1.7635322168177,0.3075
"9519",5,51,19,"BMA",1.7886763003491,2.49931703297796,0.9135
"9520",5,51,20,"BMA",0.77983628404214,1.83702094968628,0.26
"9521",5,51,21,"BMA",1.36575618776794,2.28907442735425,0.0955
"9522",5,51,22,"BMA",0.459668564155316,1.59180500716579,0.4745
"9523",5,51,23,"BMA",0.864493594964163,1.87593060254908,0.203
"9524",5,51,24,"BMA",1.1494301835371,2.23724190889063,0.153
"9525",5,51,25,"BMA",0.536459946618024,1.70339303500557,0.588
"9526",5,51,26,"BMA",2.73516005761942,3.73569513584432,0.9795
"9527",5,51,27,"BMA",0.579570490258608,1.87177192562799,0.5055
"9528",5,51,28,"BMA",0.543219154619255,1.67553676788484,0.3835
"9529",5,51,29,"BMA",0.442428965248409,1.56908223068229,0.562
"9530",5,51,30,"BMA",0.758254262064984,1.81310918486707,0.734
"9531",5,51,31,"BMA",0.518355574793287,1.70768682970626,0.6145
"9532",5,51,32,"BMA",1.64404484438986,2.39695157049126,0.082
"9533",5,51,33,"BMA",0.439978155715537,1.52037431768891,0.519
"9534",5,51,34,"BMA",0.407530313358456,1.37287386671907,0.43
"9535",5,51,35,"BMA",0.420896165965211,1.46370928527815,0.4115
"9536",5,51,36,"BMA",1.59597624094028,2.54943694832079,0.058
"9537",5,51,37,"BMA",0.775915155184816,1.92869577885058,0.249
"9538",5,51,38,"BMA",1.59195686756482,1.81139201419855,0.117
"9539",5,51,1,"AVS",1.01507824756999,2.35175785804612,0.6675
"9540",5,51,2,"AVS",3.26179440844236,3.49016360208811,0.0385
"9541",5,51,3,"AVS",1.43129526850769,2.2925386959669,0.187
"9542",5,51,4,"AVS",2.18620581891961,2.81906138620699,0.9065
"9543",5,51,5,"AVS",0.80160323952335,1.99563197830966,0.6425
"9544",5,51,6,"AVS",0.616765665002205,1.88627516760113,0.484
"9545",5,51,7,"AVS",1.99170770325228,2.60040786047878,0.085
"9546",5,51,8,"AVS",3.21946630799045,3.62188417766285,0.0335
"9547",5,51,9,"AVS",1.39308497436138,2.40917343676192,0.251
"9548",5,51,10,"AVS",0.681435950750597,1.93737794298289,0.62
"9549",5,51,11,"AVS",1.94733664299527,2.68444652450511,0.1035
"9550",5,51,12,"AVS",0.760844601423517,1.97753281522607,0.325
"9551",5,51,13,"AVS",0.546107402429455,1.75649956105589,0.486
"9552",5,51,14,"AVS",0.749447737659263,1.88353763313271,0.346
"9553",5,51,15,"AVS",0.572369488361101,1.78035108814202,0.484
"9554",5,51,16,"AVS",0.485457542364388,1.60957069369426,0.5195
"9555",5,51,17,"AVS",0.497653080502942,1.71361142753476,0.495
"9556",5,51,18,"AVS",0.684041266127849,1.77401324767721,0.297
"9557",5,51,19,"AVS",1.93093792010446,2.69810404736386,0.9285
"9558",5,51,20,"AVS",1.17249439789526,2.10424585756392,0.1535
"9559",5,51,21,"AVS",1.2093332007683,2.08519371709934,0.163
"9560",5,51,22,"AVS",0.670847692584863,1.74721067865133,0.6985
"9561",5,51,23,"AVS",0.656482034822628,1.75673075447849,0.3225
"9562",5,51,24,"AVS",0.679961141037565,1.69795008836639,0.3065
"9563",5,51,25,"AVS",0.697036057660649,1.81244559748376,0.694
"9564",5,51,26,"AVS",2.91016324528946,3.54384714985744,0.9795
"9565",5,51,27,"AVS",0.668700098583854,1.68570818798682,0.342
"9566",5,51,28,"AVS",0.666188228196729,1.74306510286801,0.2995
"9567",5,51,29,"AVS",0.454208786422958,1.66961469960192,0.499
"9568",5,51,30,"AVS",0.698695403881312,1.82294654006919,0.704
"9569",5,51,31,"AVS",0.471040982800097,1.66477835323898,0.506
"9570",5,51,32,"AVS",1.95675808645636,2.85841544015343,0.056
"9571",5,51,33,"AVS",0.638302308110906,1.75708503530142,0.678
"9572",5,51,34,"AVS",0.473643888355958,1.57980391201829,0.4865
"9573",5,51,35,"AVS",0.453378362407309,1.53997924524367,0.5035
"9574",5,51,36,"AVS",1.23224445105588,2.11576925277396,0.15
"9575",5,51,37,"AVS",0.423221052531453,1.5646235100825,0.485
"9576",5,51,38,"AVS",1.23770359486518,1.57489269121077,0.137
"9577",5,51,1,"EQW",1.01507824756999,2.32897854185814,0.679
"9578",5,51,2,"EQW",3.25923979386048,3.37595311236857,0.043
"9579",5,51,3,"EQW",1.66199971872365,2.36291249257613,0.2315
"9580",5,51,4,"EQW",1.69377260370349,2.7547684601155,0.7735
"9581",5,51,5,"EQW",0.829928975938833,2.17855149899083,0.5035
"9582",5,51,6,"EQW",0.822200981100087,1.98652152591829,0.4295
"9583",5,51,7,"EQW",2.11152432236168,2.59607692696097,0.1065
"9584",5,51,8,"EQW",2.47904484936137,2.87549253480644,0.1045
"9585",5,51,9,"EQW",1.445791883162,2.44080043336368,0.2525
"9586",5,51,10,"EQW",0.703967887587804,2.08082170789626,0.504
"9587",5,51,11,"EQW",1.71034991927431,2.40223645187591,0.1665
"9588",5,51,12,"EQW",0.887941313909634,2.00340106444091,0.294
"9589",5,51,13,"EQW",0.574211924485408,1.80907518844554,0.466
"9590",5,51,14,"EQW",0.695104066164683,1.8913725421856,0.348
"9591",5,51,15,"EQW",0.50188165190954,1.6952368071642,0.5055
"9592",5,51,16,"EQW",0.507186398564014,1.71121205159262,0.568
"9593",5,51,17,"EQW",0.523636891596624,1.71969079109102,0.5865
"9594",5,51,18,"EQW",0.559317402414326,1.78386170726843,0.408
"9595",5,51,19,"EQW",2.03296665527583,2.73944258637673,0.939
"9596",5,51,20,"EQW",0.684501853772206,2.00356994889645,0.4275
"9597",5,51,21,"EQW",0.878782682466145,1.98455884129887,0.2745
"9598",5,51,22,"EQW",0.589304171198269,1.74526328678251,0.64
"9599",5,51,23,"EQW",0.57390403211413,1.81950646406763,0.3925
"9600",5,51,24,"EQW",0.6933378520192,1.69886095406099,0.288
"9601",5,51,25,"EQW",0.521135496554164,1.68235540024996,0.6255
"9602",5,51,26,"EQW",3.09733838104992,3.97468219915108,0.98
"9603",5,51,27,"EQW",0.865021466400669,2.0819560478388,0.6095
"9604",5,51,28,"EQW",0.640416028056014,1.9049062490359,0.5525
"9605",5,51,29,"EQW",0.68623447684624,1.88517125243068,0.6515
"9606",5,51,30,"EQW",1.1314714610107,2.02494691613512,0.819
"9607",5,51,31,"EQW",0.845843126529693,1.88925182726489,0.7235
"9608",5,51,32,"EQW",1.04858195078531,2.06062573496175,0.252
"9609",5,51,33,"EQW",0.610596111388798,1.77099796869327,0.67
"9610",5,51,34,"EQW",0.504057670597773,1.63593794597732,0.53
"9611",5,51,35,"EQW",0.501092893397,1.60314494590812,0.552
"9612",5,51,36,"EQW",1.02107464319004,1.97799964923552,0.212
"9613",5,51,37,"EQW",0.535769379166372,1.73031921957518,0.374
"9614",5,51,38,"EQW",1.6008146548925,2.0101595870688,0.074
"9615",5,51,1,"SGP",1.01507824756999,2.3075894068034,0.6605
"9616",5,51,2,"SGP",2.93915846004556,3.42533501361146,0.032
"9617",5,51,3,"SGP",1.23826011236705,2.23480716514776,0.2125
"9618",5,51,4,"SGP",2.06117111521628,2.78024280511455,0.918
"9619",5,51,5,"SGP",0.758937027844784,1.91636727088661,0.6985
"9620",5,51,6,"SGP",0.484466356219004,1.70201686102762,0.5235
"9621",5,51,7,"SGP",1.83186499426452,2.50216227064726,0.076
"9622",5,51,8,"SGP",3.18370424316823,3.71697676071316,0.0245
"9623",5,51,9,"SGP",2.56706874010952,3.05187970357778,0.08
"9624",5,51,10,"SGP",0.663932934893541,1.81232132140049,0.343
"9625",5,51,11,"SGP",1.90786629953612,2.63279609960319,0.105
"9626",5,51,12,"SGP",0.783680955970955,1.89586569886876,0.3375
"9627",5,51,13,"SGP",0.57280392702717,1.83209289099793,0.484
"9628",5,51,14,"SGP",0.741290360365768,1.89474449592068,0.3395
"9629",5,51,15,"SGP",0.484229878695535,1.6860041780264,0.5035
"9630",5,51,16,"SGP",0.516702986441353,1.68838635794989,0.5005
"9631",5,51,17,"SGP",0.485077769706032,1.7396741048359,0.534
"9632",5,51,18,"SGP",0.703664129928529,1.75789749198969,0.323
"9633",5,51,19,"SGP",1.89170063755394,2.53886619668491,0.927
"9634",5,51,20,"SGP",1.1379416570427,2.02580867072146,0.184
"9635",5,51,21,"SGP",1.20772257434601,2.15486207879489,0.171
"9636",5,51,22,"SGP",0.633712611028013,1.74412420456978,0.6655
"9637",5,51,23,"SGP",0.647874252346645,1.76656693089547,0.3305
"9638",5,51,24,"SGP",0.712203525456335,1.79445490127801,0.286
"9639",5,51,25,"SGP",0.631075969994272,1.69976121156545,0.6875
"9640",5,51,26,"SGP",2.89322512888074,3.50068989005543,0.976
"9641",5,51,27,"SGP",0.603866161530219,1.77024207490145,0.367
"9642",5,51,28,"SGP",0.646500944630429,1.81043844550241,0.3365
"9643",5,51,29,"SGP",0.473621912690346,1.71203956546185,0.522
"9644",5,51,30,"SGP",0.697129780901943,1.77728268183623,0.7155
"9645",5,51,31,"SGP",0.483646118954325,1.62710807951782,0.5305
"9646",5,51,32,"SGP",1.8213513285329,2.541383542827,0.0875
"9647",5,51,33,"SGP",0.611157265297805,1.75021755623126,0.684
"9648",5,51,34,"SGP",0.463874200832154,1.59444045423785,0.478
"9649",5,51,35,"SGP",0.462160285166204,1.61649334572058,0.5035
"9650",5,51,36,"SGP",1.27003227742899,2.22838393797918,0.128
"9651",5,51,37,"SGP",0.469708325532379,1.69859913847289,0.4485
"9652",5,51,38,"SGP",1.31798854480917,1.54050255225354,0.164
"9653",5,51,1,"SGP50",1.01507824756999,2.31498607601284,0.683
"9654",5,51,2,"SGP50",3.23550440855447,3.23363474583505,0.0485
"9655",5,51,3,"SGP50",1.60481912908309,2.41560335781043,0.2255
"9656",5,51,4,"SGP50",1.73999043401689,2.66772832032648,0.7935
"9657",5,51,5,"SGP50",0.806319049185711,2.16909901211052,0.527
"9658",5,51,6,"SGP50",0.78097724657006,1.9981113226739,0.431
"9659",5,51,7,"SGP50",2.07330436118545,2.65479738458546,0.1
"9660",5,51,8,"SGP50",2.49003419673241,2.86610968875842,0.104
"9661",5,51,9,"SGP50",1.48992483162634,2.52806519029752,0.232
"9662",5,51,10,"SGP50",0.691719545102532,1.97124992169783,0.502
"9663",5,51,11,"SGP50",1.7818280730814,2.46186263681906,0.1555
"9664",5,51,12,"SGP50",0.896044980530216,2.04402694059598,0.291
"9665",5,51,13,"SGP50",0.578239730565422,1.79552321123184,0.4665
"9666",5,51,14,"SGP50",0.714578061983639,1.8775347590466,0.352
"9667",5,51,15,"SGP50",0.505008732837134,1.71757698504963,0.508
"9668",5,51,16,"SGP50",0.50226529543437,1.70263358409449,0.5205
"9669",5,51,17,"SGP50",0.511095412703064,1.64794039336212,0.537
"9670",5,51,18,"SGP50",0.579136192906907,1.77612232027193,0.388
"9671",5,51,19,"SGP50",1.97982591190934,2.64848963590311,0.926
"9672",5,51,20,"SGP50",0.707296901955055,2.00788786556324,0.3995
"9673",5,51,21,"SGP50",0.9388472004126,1.92241344824586,0.247
"9674",5,51,22,"SGP50",0.57834367954643,1.69609954305985,0.6295
"9675",5,51,23,"SGP50",0.594630788568143,1.79631627572548,0.34
"9676",5,51,24,"SGP50",0.719907136184909,1.74513288434153,0.284
"9677",5,51,25,"SGP50",0.520828127085173,1.74322889246301,0.624
"9678",5,51,26,"SGP50",3.04547437197973,3.84934724866769,0.978
"9679",5,51,27,"SGP50",0.795678004228102,2.12354440241159,0.5945
"9680",5,51,28,"SGP50",0.605358609647618,1.87235057436793,0.5385
"9681",5,51,29,"SGP50",0.635425338514028,1.83248441867157,0.6485
"9682",5,51,30,"SGP50",1.05367096861856,1.96027574041201,0.7745
"9683",5,51,31,"SGP50",0.770819394105788,1.86250709262758,0.6925
"9684",5,51,32,"SGP50",1.13578849050858,2.17834667142344,0.2145
"9685",5,51,33,"SGP50",0.587218105213734,1.74688419625767,0.637
"9686",5,51,34,"SGP50",0.485584173404634,1.65982320660487,0.5515
"9687",5,51,35,"SGP50",0.482947924449012,1.65590766769261,0.5455
"9688",5,51,36,"SGP50",1.08014215577181,1.95404303628632,0.19
"9689",5,51,37,"SGP50",0.547824673957241,1.69912429983048,0.363
"9690",5,51,38,"SGP50",1.61892370853117,1.95307731123373,0.08
"9691",5,52,1,"BMA",2.07369463276784,2.61118581305593,0.147
"9692",5,52,2,"BMA",0.759683922785713,2.02613218554971,0.4115
"9693",5,52,3,"BMA",1.64769955088612,2.3848409274049,0.14
"9694",5,52,4,"BMA",0.706412680179818,1.98276754588206,0.4155
"9695",5,52,5,"BMA",0.58026842538068,1.83703852038377,0.5355
"9696",5,52,6,"BMA",0.999015147967271,1.93636011891445,0.766
"9697",5,52,7,"BMA",5.53474718690545,6.00466539898926,0.9915
"9698",5,52,8,"BMA",1.07497376534573,2.50355907805133,0.5185
"9699",5,52,9,"BMA",1.11524934032878,2.34497267640574,0.278
"9700",5,52,10,"BMA",0.668243829838249,2.01685604438529,0.4995
"9701",5,52,11,"BMA",0.774615834825039,2.01535081783136,0.6505
"9702",5,52,12,"BMA",0.64613809124181,1.86965564006682,0.514
"9703",5,52,13,"BMA",6.7137651076388,7.53880157338985,0.9995
"9704",5,52,14,"BMA",1.55983839752733,2.50396497604168,0.6765
"9705",5,52,15,"BMA",5.66131260392433,4.71683984961551,0.99
"9706",5,52,16,"BMA",1.18475144822263,2.29763450294979,0.343
"9707",5,52,17,"BMA",3.46881400994547,3.39872155695527,0.9415
"9708",5,52,18,"BMA",7.35192840707607,5.86417476693122,0.994
"9709",5,52,19,"BMA",2.90569865450843,3.13375294076728,0.1315
"9710",5,52,20,"BMA",1.63462972305956,2.61018044986983,0.2425
"9711",5,52,21,"BMA",1.7617772924288,2.58684364100604,0.766
"9712",5,52,22,"BMA",1.28918018281329,2.35790123286148,0.6815
"9713",5,52,23,"BMA",10.8272351902867,6.4075559846871,0.003
"9714",5,52,24,"BMA",1.91222855894662,2.71519900620574,0.299
"9715",5,52,25,"BMA",2.55513041180181,2.89432399737394,0.1765
"9716",5,52,26,"BMA",1.38466588598907,2.53174956763046,0.3335
"9717",5,52,27,"BMA",1.04161715905618,2.3871244938099,0.5565
"9718",5,52,28,"BMA",1.73933029986538,2.56463149893729,0.2435
"9719",5,52,29,"BMA",1.52080806614006,2.52018805362605,0.7395
"9720",5,52,30,"BMA",2.96496070432687,3.08108185921384,0.873
"9721",5,52,31,"BMA",1.3704287885319,2.5751688458276,0.342
"9722",5,52,32,"BMA",1.51392663268631,2.56192095910125,0.2835
"9723",5,52,33,"BMA",1.11466766370697,2.32338630673333,0.3455
"9724",5,52,34,"BMA",0.921246221561869,2.20321293999163,0.383
"9725",5,52,35,"BMA",0.803284485200044,2.14493293538003,0.4645
"9726",5,52,36,"BMA",1.85955556635154,2.39617669635592,0.172
"9727",5,52,37,"BMA",2.34653772741552,2.91663876163737,0.135
"9728",5,52,38,"BMA",2.09610604166732,2.86574689901086,0.193
"9729",5,52,1,"AVS",2.07369463276784,2.54647783150906,0.1635
"9730",5,52,2,"AVS",0.682911599837783,1.98794415923405,0.4525
"9731",5,52,3,"AVS",1.54003977525226,2.41550479925408,0.1445
"9732",5,52,4,"AVS",0.659628765592424,1.96536680415039,0.489
"9733",5,52,5,"AVS",0.624573204688782,1.84030580616125,0.5875
"9734",5,52,6,"AVS",1.05265095049244,2.06554107118779,0.8
"9735",5,52,7,"AVS",5.28591956565316,5.18176811267124,0.9925
"9736",5,52,8,"AVS",0.878081837142922,2.3245101126791,0.471
"9737",5,52,9,"AVS",1.12770488850496,2.21387354293562,0.265
"9738",5,52,10,"AVS",0.603798762417116,1.91360643268146,0.498
"9739",5,52,11,"AVS",0.733346498587977,1.96478003183817,0.6395
"9740",5,52,12,"AVS",0.633157119384967,1.85718384274389,0.4855
"9741",5,52,13,"AVS",6.69324368486647,6.70679355870254,0.998
"9742",5,52,14,"AVS",0.685523190458822,2.06888512711745,0.492
"9743",5,52,15,"AVS",5.39005975287332,4.75549812281319,0.9925
"9744",5,52,16,"AVS",1.28471399379001,2.33476933335961,0.264
"9745",5,52,17,"AVS",3.39365139358706,3.27744773775299,0.9425
"9746",5,52,18,"AVS",7.23287953780733,5.78190453332365,0.994
"9747",5,52,19,"AVS",3.27311890356703,3.09981904142625,0.08
"9748",5,52,20,"AVS",1.69308425278687,2.53677937168692,0.24
"9749",5,52,21,"AVS",1.73404921428858,2.57746749457672,0.796
"9750",5,52,22,"AVS",1.23258743468846,2.35443974099964,0.6835
"9751",5,52,23,"AVS",10.9655537210951,7.53620493905288,0.001
"9752",5,52,24,"AVS",1.12658071668989,2.43812225284675,0.415
"9753",5,52,25,"AVS",2.52451426827882,2.88709016501964,0.1485
"9754",5,52,26,"AVS",1.38001085808429,2.49291553046766,0.323
"9755",5,52,27,"AVS",1.02662101277328,2.44279278825368,0.51
"9756",5,52,28,"AVS",2.30220623641335,2.78042095920939,0.1635
"9757",5,52,29,"AVS",1.44570060737353,2.56933791231991,0.6985
"9758",5,52,30,"AVS",1.8288826077134,2.59165291164418,0.7835
"9759",5,52,31,"AVS",1.70979530317298,2.5906341243145,0.26
"9760",5,52,32,"AVS",1.86767104136701,2.63590976045591,0.2285
"9761",5,52,33,"AVS",1.31199201261761,2.42637873037965,0.3325
"9762",5,52,34,"AVS",1.04877389062107,2.33484540263819,0.4125
"9763",5,52,35,"AVS",0.936958615785204,2.31191831198152,0.506
"9764",5,52,36,"AVS",1.84470209776221,2.61973033429106,0.2105
"9765",5,52,37,"AVS",1.34650055663253,2.41772433673142,0.32
"9766",5,52,38,"AVS",1.34985301876258,2.47089588032539,0.2915
"9767",5,52,1,"EQW",2.07369463276784,2.55526268898392,0.1545
"9768",5,52,2,"EQW",1.04194740996326,2.19891143418975,0.362
"9769",5,52,3,"EQW",2.08302167903028,2.61255563867609,0.1355
"9770",5,52,4,"EQW",1.03836080580493,2.13700134425478,0.318
"9771",5,52,5,"EQW",0.722639639482631,1.98972728417779,0.464
"9772",5,52,6,"EQW",0.942664692050279,2.05405106347047,0.7
"9773",5,52,7,"EQW",4.96505024057079,4.25327155239373,0.957
"9774",5,52,8,"EQW",1.75699246462394,2.77295572408074,0.6795
"9775",5,52,9,"EQW",1.01544420080083,2.41150284597453,0.4915
"9776",5,52,10,"EQW",0.819202043144805,2.12880444628235,0.491
"9777",5,52,11,"EQW",0.890209845202723,2.20925510852974,0.633
"9778",5,52,12,"EQW",0.764535099079884,2.04648764362422,0.5365
"9779",5,52,13,"EQW",6.4165681995296,5.11301625022126,0.9795
"9780",5,52,14,"EQW",1.68837075756772,2.55155133485802,0.6905
"9781",5,52,15,"EQW",6.51066570903435,4.7413034885633,0.9855
"9782",5,52,16,"EQW",1.4113307106911,2.66123955916336,0.5345
"9783",5,52,17,"EQW",4.0839245090534,3.3422238041519,0.9225
"9784",5,52,18,"EQW",8.21779025108709,5.13821978104431,0.987
"9785",5,52,19,"EQW",2.10126173255333,3.21524141998278,0.387
"9786",5,52,20,"EQW",1.63189200030933,2.69018220999188,0.3495
"9787",5,52,21,"EQW",1.78227062589495,2.71103691772447,0.7105
"9788",5,52,22,"EQW",1.56425959609632,2.60805590861537,0.669
"9789",5,52,23,"EQW",9.37784195193157,5.05299199364611,0.0195
"9790",5,52,24,"EQW",2.47693032814479,2.89324453005926,0.272
"9791",5,52,25,"EQW",3.43863366096117,3.03916852657052,0.1555
"9792",5,52,26,"EQW",2.10169821516344,2.70193824483774,0.256
"9793",5,52,27,"EQW",1.32609620266479,2.57895716061541,0.4445
"9794",5,52,28,"EQW",2.36054919841954,2.73752333253369,0.22
"9795",5,52,29,"EQW",1.28462378974826,2.65658183898493,0.6245
"9796",5,52,30,"EQW",2.19578461202952,2.8107355827187,0.7685
"9797",5,52,31,"EQW",1.26393163014204,2.69076710787331,0.468
"9798",5,52,32,"EQW",1.29130975848557,2.46225183574912,0.3495
"9799",5,52,33,"EQW",1.19690987853403,2.41258842486826,0.354
"9800",5,52,34,"EQW",1.0078927751365,2.30286187849557,0.3695
"9801",5,52,35,"EQW",0.862789773134698,2.31586517612091,0.478
"9802",5,52,36,"EQW",1.75416434881596,2.56225047922894,0.2225
"9803",5,52,37,"EQW",1.80090334868915,2.64328449020618,0.2185
"9804",5,52,38,"EQW",2.13758014206205,2.73900882684059,0.184
"9805",5,52,1,"SGP",2.07369463276784,2.5089857411969,0.1545
"9806",5,52,2,"SGP",0.737137279468945,1.96104002939081,0.43
"9807",5,52,3,"SGP",1.68903519209522,2.45779863235487,0.119
"9808",5,52,4,"SGP",0.773596833459492,2.03451545626413,0.341
"9809",5,52,5,"SGP",0.523980048982766,1.71258676028825,0.494
"9810",5,52,6,"SGP",0.952481292381612,1.95104804249544,0.7625
"9811",5,52,7,"SGP",5.95439613625891,6.99610852666126,0.996
"9812",5,52,8,"SGP",2.81766137717396,3.18579863418953,0.8285
"9813",5,52,9,"SGP",0.890142928520858,2.36928604042543,0.5455
"9814",5,52,10,"SGP",0.628243246151895,1.91713203280638,0.4865
"9815",5,52,11,"SGP",0.764447573074349,1.96574354983165,0.6515
"9816",5,52,12,"SGP",0.601691990993236,1.89641129120002,0.492
"9817",5,52,13,"SGP",6.65813302410174,7.36176494383631,0.9995
"9818",5,52,14,"SGP",0.735045381667355,2.08150882539056,0.495
"9819",5,52,15,"SGP",5.3935012356895,4.61827959028443,0.99
"9820",5,52,16,"SGP",1.24391633982693,2.3144678974691,0.286
"9821",5,52,17,"SGP",3.39778209292589,3.30099094683341,0.938
"9822",5,52,18,"SGP",6.74607367862245,5.41088100092709,0.9945
"9823",5,52,19,"SGP",3.96952347225715,3.46543142471644,0.063
"9824",5,52,20,"SGP",2.04815155366935,2.6576129138667,0.192
"9825",5,52,21,"SGP",1.73043842156584,2.56239151032603,0.773
"9826",5,52,22,"SGP",1.12416112324071,2.34046255971443,0.6525
"9827",5,52,23,"SGP",11.3563417596551,7.15342122017799,0.0025
"9828",5,52,24,"SGP",1.19025475471945,2.47430874698371,0.413
"9829",5,52,25,"SGP",2.48458972063299,2.9021490683492,0.1665
"9830",5,52,26,"SGP",1.37900957888296,2.47281637283209,0.3335
"9831",5,52,27,"SGP",1.04454846215664,2.45565479145213,0.512
"9832",5,52,28,"SGP",2.33579763202895,2.76265361726719,0.1645
"9833",5,52,29,"SGP",1.39090476872232,2.55059008581189,0.6915
"9834",5,52,30,"SGP",1.80821469779498,2.55150776659913,0.7615
"9835",5,52,31,"SGP",1.67739787405467,2.61262961937146,0.2745
"9836",5,52,32,"SGP",1.77515574415907,2.59627746385871,0.222
"9837",5,52,33,"SGP",1.31224309699737,2.42681712348319,0.304
"9838",5,52,34,"SGP",1.03224584288122,2.31966043812949,0.4015
"9839",5,52,35,"SGP",0.916250983224208,2.33613235623615,0.5095
"9840",5,52,36,"SGP",1.83465595186581,2.59137243330518,0.2065
"9841",5,52,37,"SGP",1.34534071252193,2.44415522083078,0.306
"9842",5,52,38,"SGP",1.36228467172139,2.51433481783865,0.297
"9843",5,52,1,"SGP50",2.07369463276784,2.56012139798635,0.1675
"9844",5,52,2,"SGP50",1.02138225546832,2.13149816214569,0.356
"9845",5,52,3,"SGP50",2.03596834620154,2.54169393594008,0.1375
"9846",5,52,4,"SGP50",0.996039614274593,2.16123663359133,0.341
"9847",5,52,5,"SGP50",0.696297107583076,2.01587292918723,0.473
"9848",5,52,6,"SGP50",0.943139185779712,2.11027245719173,0.7115
"9849",5,52,7,"SGP50",5.03775093669223,4.60812758366979,0.964
"9850",5,52,8,"SGP50",1.75780827389464,2.74747358701729,0.6845
"9851",5,52,9,"SGP50",0.995683677250575,2.40001916513861,0.487
"9852",5,52,10,"SGP50",0.793345029048024,2.10337550384721,0.4985
"9853",5,52,11,"SGP50",0.872798436449421,2.09472555159091,0.609
"9854",5,52,12,"SGP50",0.738647404331645,2.09952888387958,0.54
"9855",5,52,13,"SGP50",6.48816272707908,4.83879480411469,0.9825
"9856",5,52,14,"SGP50",1.52478685195528,2.54001849998535,0.671
"9857",5,52,15,"SGP50",6.34239018136119,4.67096490430148,0.977
"9858",5,52,16,"SGP50",1.30152269142753,2.63884095524759,0.4955
"9859",5,52,17,"SGP50",3.94302996136802,3.42412088360632,0.925
"9860",5,52,18,"SGP50",7.86738696653822,5.40256015928804,0.9905
"9861",5,52,19,"SGP50",2.26142268928565,3.22994063218046,0.3415
"9862",5,52,20,"SGP50",1.70045810370825,2.75207706240478,0.3075
"9863",5,52,21,"SGP50",1.77832530362958,2.7078815924248,0.737
"9864",5,52,22,"SGP50",1.45543054555552,2.52249505992982,0.6465
"9865",5,52,23,"SGP50",9.77798686880443,5.06113098896713,0.0175
"9866",5,52,24,"SGP50",2.02997890391482,2.77682794576171,0.2975
"9867",5,52,25,"SGP50",3.05611933374398,2.93001938979718,0.1685
"9868",5,52,26,"SGP50",1.79306020466702,2.69650163277344,0.2775
"9869",5,52,27,"SGP50",1.18751683468943,2.58045798761671,0.4595
"9870",5,52,28,"SGP50",2.23288059895176,2.72069462029947,0.2105
"9871",5,52,29,"SGP50",1.31560411880979,2.558328232468,0.655
"9872",5,52,30,"SGP50",2.17370092128893,2.80544239686066,0.765
"9873",5,52,31,"SGP50",1.29965303522475,2.6619606381052,0.3955
"9874",5,52,32,"SGP50",1.35782679260543,2.52594213143879,0.3375
"9875",5,52,33,"SGP50",1.19663650893263,2.41088768335176,0.3285
"9876",5,52,34,"SGP50",0.992518324496806,2.31478670432232,0.392
"9877",5,52,35,"SGP50",0.858496528855962,2.25572050313563,0.4985
"9878",5,52,36,"SGP50",1.78762427979944,2.50508291959594,0.2215
"9879",5,52,37,"SGP50",1.72455221218626,2.61099634570416,0.2195
"9880",5,52,38,"SGP50",1.98588888542164,2.7768565834475,0.1925
"9881",5,53,1,"BMA",1.49021861440055,2.7198813344136,0.608
"9882",5,53,2,"BMA",1.55315328059283,2.71795435986953,0.667
"9883",5,53,3,"BMA",1.35467061636541,2.59383464183765,0.6465
"9884",5,53,4,"BMA",3.18488369383615,3.38122490888442,0.862
"9885",5,53,5,"BMA",1.92231759800432,2.84334451097598,0.6965
"9886",5,53,6,"BMA",2.138282297857,2.91954621785618,0.7455
"9887",5,53,7,"BMA",1.45357082175649,2.6383418726989,0.337
"9888",5,53,8,"BMA",1.13696180550231,2.55278951846654,0.49
"9889",5,53,9,"BMA",3.02500726172124,3.01844484908501,0.8715
"9890",5,53,10,"BMA",3.63450959481362,3.31094248409441,0.9005
"9891",5,53,11,"BMA",8.94023295194864,5.21295564558529,0.991
"9892",5,53,12,"BMA",9.68802870247196,5.14324862479422,0.988
"9893",5,53,13,"BMA",1.56926511681499,2.78292054028798,0.463
"9894",5,53,14,"BMA",1.38390057550686,2.67686820322925,0.4925
"9895",5,53,15,"BMA",1.85868027094032,2.71372864159955,0.712
"9896",5,53,16,"BMA",4.17830618704403,3.16286859012621,0.8765
"9897",5,53,17,"BMA",2.46348530590213,2.8378524675226,0.7815
"9898",5,53,18,"BMA",4.40971791218522,3.50108098393439,0.915
"9899",5,53,19,"BMA",1.28609320187464,2.54534542625036,0.587
"9900",5,53,20,"BMA",1.86080593799344,2.71606510111189,0.2625
"9901",5,53,21,"BMA",8.18783959384678,4.8522040108891,0.0145
"9902",5,53,22,"BMA",8.3338913551804,4.63836872203979,0.979
"9903",5,53,23,"BMA",6.51855337669392,4.00013133726563,0.053
"9904",5,53,24,"BMA",1.5982272676303,2.74478893620607,0.3895
"9905",5,53,25,"BMA",3.92822758002408,3.33181756728606,0.1295
"9906",5,53,26,"BMA",3.18366007957971,3.07521911763253,0.205
"9907",5,53,27,"BMA",2.91668706611838,2.99544134085629,0.209
"9908",5,53,28,"BMA",7.5013240411499,4.27674147794568,0.038
"9909",5,53,29,"BMA",1.67363952207767,2.77306980845603,0.3745
"9910",5,53,30,"BMA",4.48788030238526,3.3724670767176,0.1175
"9911",5,53,31,"BMA",6.86157518732302,3.94129262384732,0.0525
"9912",5,53,32,"BMA",1.70852729130451,2.84129683882457,0.37
"9913",5,53,33,"BMA",1.56756528766366,2.80734581138992,0.4465
"9914",5,53,34,"BMA",1.46959422013875,2.82301501402706,0.4925
"9915",5,53,35,"BMA",1.43835563204142,2.7466443084469,0.4805
"9916",5,53,36,"BMA",2.1018845760646,2.97005603383791,0.298
"9917",5,53,37,"BMA",1.41824747514125,2.74565914983159,0.426
"9918",5,53,38,"BMA",2.85028912336815,2.96548467988906,0.7875
"9919",5,53,1,"AVS",1.49021861440055,2.72255026296459,0.588
"9920",5,53,2,"AVS",1.58096960833188,2.72374595516121,0.6975
"9921",5,53,3,"AVS",1.39859359676343,2.67934073505513,0.673
"9922",5,53,4,"AVS",3.36306184677522,3.42828949921042,0.882
"9923",5,53,5,"AVS",1.76072083839082,2.86435362706117,0.6415
"9924",5,53,6,"AVS",1.67502910201868,2.74943606219304,0.672
"9925",5,53,7,"AVS",1.49753305203535,2.61164764775824,0.3265
"9926",5,53,8,"AVS",1.10966781471135,2.49312957518396,0.489
"9927",5,53,9,"AVS",3.05394879677238,3.03459963309865,0.861
"9928",5,53,10,"AVS",3.527224282203,3.2272979027953,0.8845
"9929",5,53,11,"AVS",8.56377567278227,5.85357328292228,0.9955
"9930",5,53,12,"AVS",9.33221840030769,5.18986357966716,0.9955
"9931",5,53,13,"AVS",1.2381046797375,2.69112550606767,0.4965
"9932",5,53,14,"AVS",1.39789818935791,2.65132069868991,0.5585
"9933",5,53,15,"AVS",2.31101611941806,2.76880103645498,0.7615
"9934",5,53,16,"AVS",5.01364203147093,3.59574796909251,0.927
"9935",5,53,17,"AVS",2.99416612126461,3.01579640976801,0.817
"9936",5,53,18,"AVS",4.45730699116168,3.55792281594291,0.917
"9937",5,53,19,"AVS",1.21709783524417,2.5355545585547,0.5675
"9938",5,53,20,"AVS",1.97051165870748,2.71730465701889,0.235
"9939",5,53,21,"AVS",8.56042640558632,5.14130266286637,0.008
"9940",5,53,22,"AVS",8.55964745553454,4.87107250453406,0.987
"9941",5,53,23,"AVS",7.15034698777752,4.42198187478649,0.0295
"9942",5,53,24,"AVS",1.54717152158938,2.67016716905298,0.41
"9943",5,53,25,"AVS",3.55499367636888,3.26323144306936,0.1525
"9944",5,53,26,"AVS",2.66491881355504,2.95456891317045,0.2325
"9945",5,53,27,"AVS",2.46297856309338,2.80942803543563,0.26
"9946",5,53,28,"AVS",6.98275485851693,4.25987631776513,0.049
"9947",5,53,29,"AVS",1.66479614925948,2.8499794340699,0.3745
"9948",5,53,30,"AVS",4.49887685555335,3.39888136600805,0.124
"9949",5,53,31,"AVS",6.84183057843074,3.93291490771672,0.05
"9950",5,53,32,"AVS",1.95856870667739,2.86240272611462,0.2945
"9951",5,53,33,"AVS",1.72461279039711,2.82382732561941,0.394
"9952",5,53,34,"AVS",1.46960273973096,2.74493596385477,0.443
"9953",5,53,35,"AVS",1.49788611460028,2.76924091170129,0.425
"9954",5,53,36,"AVS",2.38488830008528,3.01666098301907,0.2625
"9955",5,53,37,"AVS",1.57367059627624,2.67932501448492,0.376
"9956",5,53,38,"AVS",2.42792745054647,2.83546902502487,0.7525
"9957",5,53,1,"EQW",1.49021861440055,2.74304281085103,0.59
"9958",5,53,2,"EQW",1.53291379341623,2.72906190349976,0.653
"9959",5,53,3,"EQW",1.35185881373338,2.68787936526459,0.5635
"9960",5,53,4,"EQW",2.57218352885355,3.14408903246073,0.7735
"9961",5,53,5,"EQW",1.74376371641474,2.81015524200687,0.6415
"9962",5,53,6,"EQW",2.16094614664506,3.04390746432178,0.7185
"9963",5,53,7,"EQW",1.50572301843089,2.65028739819484,0.3605
"9964",5,53,8,"EQW",1.2344520143733,2.57261748445924,0.4705
"9965",5,53,9,"EQW",2.91598758911552,3.05589395424376,0.8405
"9966",5,53,10,"EQW",3.95314911510601,3.32562838320269,0.882
"9967",5,53,11,"EQW",9.95940207901149,5.45135171154161,0.987
"9968",5,53,12,"EQW",10.9672679833191,5.36989727786643,0.9845
"9969",5,53,13,"EQW",2.55402027998045,3.11301467890577,0.5815
"9970",5,53,14,"EQW",2.16872336038697,3.03998092928826,0.5895
"9971",5,53,15,"EQW",2.88394697815592,3.01181930680625,0.743
"9972",5,53,16,"EQW",5.53828530480354,3.59673939590126,0.8925
"9973",5,53,17,"EQW",4.84068398039367,3.38133967461565,0.854
"9974",5,53,18,"EQW",7.42854823159481,3.90990247576287,0.929
"9975",5,53,19,"EQW",4.13966078941546,3.27593903895258,0.7695
"9976",5,53,20,"EQW",2.3830184135331,3.13521699656435,0.569
"9977",5,53,21,"EQW",4.55743975605839,3.72026626491474,0.2025
"9978",5,53,22,"EQW",7.40492623286016,4.16333378702029,0.8955
"9979",5,53,23,"EQW",3.55507971485256,3.51203722038575,0.295
"9980",5,53,24,"EQW",1.94870090646163,3.02255998274234,0.4245
"9981",5,53,25,"EQW",3.4864453478325,3.32972632547007,0.226
"9982",5,53,26,"EQW",3.58583847721773,3.23450692191906,0.2135
"9983",5,53,27,"EQW",3.64469838261066,3.27762098790632,0.1915
"9984",5,53,28,"EQW",8.20415029489707,4.22825866954408,0.0605
"9985",5,53,29,"EQW",2.76235338909896,3.09133640822929,0.2825
"9986",5,53,30,"EQW",4.65863233011932,3.48110121451663,0.1385
"9987",5,53,31,"EQW",7.60518787269131,4.12143228906077,0.0455
"9988",5,53,32,"EQW",2.61984017985869,3.14097614277844,0.3085
"9989",5,53,33,"EQW",1.8429210100952,2.91478308659459,0.4145
"9990",5,53,34,"EQW",1.61312315101169,2.85383171536017,0.511
"9991",5,53,35,"EQW",1.58147760857285,2.85085162788752,0.586
"9992",5,53,36,"EQW",1.56661854926966,2.7974028789121,0.4265
"9993",5,53,37,"EQW",1.32243832324057,2.70097970738742,0.516
"9994",5,53,38,"EQW",3.65037499091872,3.23860368597953,0.8495
"9995",5,53,1,"SGP",1.49021861440055,2.7542678710934,0.5905
"9996",5,53,2,"SGP",1.59994537669895,2.65665893776205,0.7085
"9997",5,53,3,"SGP",1.4200459650099,2.52688551201983,0.6895
"9998",5,53,4,"SGP",3.63630311202349,3.50181127871872,0.913
"9999",5,53,5,"SGP",2.85048188230704,3.10414202842839,0.857
"10000",5,53,6,"SGP",3.72990546358517,3.42421446123859,0.8845
"10001",5,53,7,"SGP",1.34864354844933,2.54875716603343,0.341
"10002",5,53,8,"SGP",1.0678115909162,2.46982791067528,0.4905
"10003",5,53,9,"SGP",3.13935094877236,3.13901739525931,0.8885
"10004",5,53,10,"SGP",3.22312619610365,3.14744338800875,0.886
"10005",5,53,11,"SGP",8.77766480295279,5.15672164548931,0.9935
"10006",5,53,12,"SGP",7.80041541833805,4.79802126889783,0.982
"10007",5,53,13,"SGP",1.73730178773001,2.75549574581457,0.3315
"10008",5,53,14,"SGP",1.28938308418035,2.62618811497007,0.426
"10009",5,53,15,"SGP",1.32562046804739,2.54048397804107,0.6495
"10010",5,53,16,"SGP",3.45509736451849,3.1056838361496,0.861
"10011",5,53,17,"SGP",2.0170665745998,2.77924662709177,0.764
"10012",5,53,18,"SGP",3.99894109819693,3.50437316121576,0.9045
"10013",5,53,19,"SGP",1.2318886026515,2.64209859547777,0.5665
"10014",5,53,20,"SGP",1.93439163188814,2.72805455382647,0.252
"10015",5,53,21,"SGP",8.48085589556671,5.13659488618153,0.006
"10016",5,53,22,"SGP",7.35653220795834,4.4339487212344,0.9755
"10017",5,53,23,"SGP",7.19266020714568,4.35312743039143,0.0345
"10018",5,53,24,"SGP",1.81209325030125,2.76240447938605,0.3075
"10019",5,53,25,"SGP",4.79609349189442,3.45798296632579,0.09
"10020",5,53,26,"SGP",3.95859580084872,3.31146799485586,0.1375
"10021",5,53,27,"SGP",3.8200185934325,3.22986409366244,0.1435
"10022",5,53,28,"SGP",8.81108461538345,4.64987582862399,0.0205
"10023",5,53,29,"SGP",1.71723687060127,2.81668621106718,0.36
"10024",5,53,30,"SGP",4.46633291590269,3.39000849693806,0.1155
"10025",5,53,31,"SGP",6.88708235933695,4.02664327318792,0.0535
"10026",5,53,32,"SGP",1.99090530760823,2.94095851739353,0.709
"10027",5,53,33,"SGP",1.93609528984961,2.88195409097241,0.695
"10028",5,53,34,"SGP",2.0073670338092,2.79532424043824,0.7345
"10029",5,53,35,"SGP",1.75523728833477,2.8086784499455,0.6975
"10030",5,53,36,"SGP",1.44409842960699,2.69981704412875,0.4345
"10031",5,53,37,"SGP",1.27133867895042,2.64767485245151,0.572
"10032",5,53,38,"SGP",4.21891706500444,3.32850745434995,0.89
"10033",5,53,1,"SGP50",1.49021861440055,2.76301597983396,0.589
"10034",5,53,2,"SGP50",1.53405735319963,2.74112644215361,0.63
"10035",5,53,3,"SGP50",1.34778842694386,2.63827228609385,0.5615
"10036",5,53,4,"SGP50",2.62650406758836,3.04774354554489,0.777
"10037",5,53,5,"SGP50",1.77878895439986,2.84162188891136,0.6305
"10038",5,53,6,"SGP50",2.21840031006319,3.04891979101209,0.733
"10039",5,53,7,"SGP50",1.48549451670137,2.64647577670664,0.3685
"10040",5,53,8,"SGP50",1.21289655849172,2.54276465023914,0.4725
"10041",5,53,9,"SGP50",2.93992048048916,3.05456836402224,0.8465
"10042",5,53,10,"SGP50",3.90366900827616,3.32532558817998,0.8925
"10043",5,53,11,"SGP50",9.84164039278216,5.24808474091137,0.9915
"10044",5,53,12,"SGP50",10.5700278102566,5.10983559329129,0.983
"10045",5,53,13,"SGP50",2.24254164557085,3.07621917832888,0.5385
"10046",5,53,14,"SGP50",1.92174880002603,2.9694122601684,0.5475
"10047",5,53,15,"SGP50",2.56855560403577,2.94997392606523,0.721
"10048",5,53,16,"SGP50",5.15714694771528,3.54100638354427,0.8865
"10049",5,53,17,"SGP50",4.15959108689501,3.1697495501143,0.8415
"10050",5,53,18,"SGP50",6.54911569872169,3.86337429863254,0.928
"10051",5,53,19,"SGP50",3.05121819640851,3.0538992810006,0.726
"10052",5,53,20,"SGP50",1.85464487879788,2.94955105744991,0.495
"10053",5,53,21,"SGP50",5.33733087519434,3.82331517672319,0.14
"10054",5,53,22,"SGP50",7.83610442437601,4.56252185657869,0.939
"10055",5,53,23,"SGP50",4.31618618852395,3.68787954197805,0.2
"10056",5,53,24,"SGP50",1.74735468188289,2.84865339276482,0.418
"10057",5,53,25,"SGP50",3.6219841650899,3.27634758125606,0.183
"10058",5,53,26,"SGP50",3.41859285773023,3.21318857963833,0.1925
"10059",5,53,27,"SGP50",3.36890080264908,3.16887333530894,0.197
"10060",5,53,28,"SGP50",8.02226690707596,4.2053665198812,0.048
"10061",5,53,29,"SGP50",2.16454199161696,2.95422841248814,0.349
"10062",5,53,30,"SGP50",4.5025067513342,3.40509176639007,0.147
"10063",5,53,31,"SGP50",7.17795401898506,4.0742552031848,0.0545
"10064",5,53,32,"SGP50",1.90617037333437,2.97666483992776,0.4325
"10065",5,53,33,"SGP50",1.58600193166893,2.86377092629614,0.4775
"10066",5,53,34,"SGP50",1.5652501913858,2.8223711853328,0.555
"10067",5,53,35,"SGP50",1.52517812069431,2.7910315591025,0.576
"10068",5,53,36,"SGP50",1.61236429353578,2.83183718208684,0.4085
"10069",5,53,37,"SGP50",1.30093544176332,2.72736473087169,0.4995
"10070",5,53,38,"SGP50",3.5320241411474,3.15663534990958,0.861
"10071",5,54,1,"BMA",5.0591251750242,3.88689625489118,0.8035
"10072",5,54,2,"BMA",2.26496517481338,3.06538973058353,0.4095
"10073",5,54,3,"BMA",1.94924225660965,3.03784240409597,0.547
"10074",5,54,4,"BMA",1.57559413390646,2.82650103044648,0.444
"10075",5,54,5,"BMA",1.66282377328701,2.73116970952786,0.347
"10076",5,54,6,"BMA",2.04398695234759,2.85562225750126,0.28
"10077",5,54,7,"BMA",2.93796280510889,3.0150017821084,0.833
"10078",5,54,8,"BMA",2.21722127978367,2.7849655719574,0.7635
"10079",5,54,9,"BMA",1.05639634086397,2.3940756023734,0.462
"10080",5,54,10,"BMA",1.00167951882575,2.43640011344465,0.466
"10081",5,54,11,"BMA",5.28634955799681,4.03103159796472,0.032
"10082",5,54,12,"BMA",5.66491236872681,3.99260925221111,0.9635
"10083",5,54,13,"BMA",1.24650312175058,2.40018282924943,0.6355
"10084",5,54,14,"BMA",5.54787218521324,3.92497662811089,0.047
"10085",5,54,15,"BMA",1.2530928032193,2.48899384926003,0.6335
"10086",5,54,16,"BMA",1.93199793898458,2.71525577856048,0.777
"10087",5,54,17,"BMA",1.67079590955134,2.64567655839677,0.2805
"10088",5,54,18,"BMA",2.40199460420924,2.86280677174812,0.805
"10089",5,54,19,"BMA",1.59191554790668,2.57410683078325,0.7235
"10090",5,54,20,"BMA",1.09228842356328,2.4290518790446,0.446
"10091",5,54,21,"BMA",1.08162574767059,2.44690750326886,0.417
"10092",5,54,22,"BMA",0.950367577876945,2.33519384721567,0.518
"10093",5,54,23,"BMA",1.33220118647062,2.45418946477957,0.6905
"10094",5,54,24,"BMA",2.30381455932093,2.80050692207168,0.156
"10095",5,54,25,"BMA",1.34098035477307,2.40319442291872,0.683
"10096",5,54,26,"BMA",2.41972114846558,2.67265573919607,0.1785
"10097",5,54,27,"BMA",1.28856702755585,2.38970686908884,0.6825
"10098",5,54,28,"BMA",1.32233620566658,2.43247254681508,0.689
"10099",5,54,29,"BMA",2.37872837551767,2.85670218473963,0.1665
"10100",5,54,30,"BMA",0.858254823652045,2.2364017858285,0.5
"10101",5,54,31,"BMA",5.98052594148773,4.34125911166413,0.016
"10102",5,54,32,"BMA",1.02005059893569,2.47560082510651,0.5165
"10103",5,54,33,"BMA",2.44200152177566,2.76312103425155,0.151
"10104",5,54,34,"BMA",0.953361693641782,2.36939925388199,0.5055
"10105",5,54,35,"BMA",0.953883227040012,2.22375545584737,0.3835
"10106",5,54,36,"BMA",2.35095107313234,2.81338133316161,0.16
"10107",5,54,37,"BMA",1.28176356706055,2.43809627460427,0.3115
"10108",5,54,38,"BMA",1.20342563744565,2.37002899625006,0.7095
"10109",5,54,1,"AVS",5.0591251750242,3.92696206158344,0.833
"10110",5,54,2,"AVS",3.41316436287763,3.22983367832711,0.2445
"10111",5,54,3,"AVS",2.20480326009015,3.05943532257442,0.4405
"10112",5,54,4,"AVS",1.88803246048874,2.98240688445003,0.459
"10113",5,54,5,"AVS",1.54978859131347,2.82974542531891,0.4275
"10114",5,54,6,"AVS",1.55439826094197,2.72181486836362,0.392
"10115",5,54,7,"AVS",3.80647620718426,3.29647797612534,0.866
"10116",5,54,8,"AVS",2.33318439828365,2.76636715541401,0.7915
"10117",5,54,9,"AVS",0.988293155293873,2.36913619659861,0.509
"10118",5,54,10,"AVS",0.964624900758083,2.33581643848729,0.4955
"10119",5,54,11,"AVS",5.0278298513782,3.98909231253794,0.0295
"10120",5,54,12,"AVS",5.70685190096703,4.16271822486759,0.965
"10121",5,54,13,"AVS",1.17945195165501,2.42481913090566,0.633
"10122",5,54,14,"AVS",5.6461761872153,3.98184975191318,0.0415
"10123",5,54,15,"AVS",1.27513883831725,2.46792026538269,0.637
"10124",5,54,16,"AVS",1.91690526522886,2.62689509214048,0.753
"10125",5,54,17,"AVS",1.77876834015714,2.64234042806417,0.2715
"10126",5,54,18,"AVS",2.39727115869529,2.8002010107096,0.8
"10127",5,54,19,"AVS",1.46414723322943,2.54592027375674,0.6905
"10128",5,54,20,"AVS",1.09737569151734,2.41626218028134,0.416
"10129",5,54,21,"AVS",1.09483585107119,2.46454328372046,0.39
"10130",5,54,22,"AVS",0.939144858919274,2.34322926588228,0.5115
"10131",5,54,23,"AVS",1.29260471568946,2.46532438621941,0.683
"10132",5,54,24,"AVS",2.35919328865526,2.92906685900396,0.1415
"10133",5,54,25,"AVS",1.33312715265232,2.43495747623943,0.6885
"10134",5,54,26,"AVS",2.47545611505242,2.78811680917242,0.1505
"10135",5,54,27,"AVS",1.32568519217899,2.40762794281823,0.723
"10136",5,54,28,"AVS",1.31818405430752,2.46956312694754,0.6775
"10137",5,54,29,"AVS",2.49898547523652,2.93498768207743,0.141
"10138",5,54,30,"AVS",0.852462212108389,2.24952873011191,0.4985
"10139",5,54,31,"AVS",5.87865597562081,4.42987627110387,0.0175
"10140",5,54,32,"AVS",0.974556016992678,2.36476818180878,0.511
"10141",5,54,33,"AVS",2.43976019852661,2.77009769492074,0.1615
"10142",5,54,34,"AVS",0.945042999008369,2.33311428587816,0.512
"10143",5,54,35,"AVS",0.964094042773482,2.29818760606499,0.3825
"10144",5,54,36,"AVS",2.43821031876226,2.91832975647436,0.149
"10145",5,54,37,"AVS",1.32227042801796,2.46859818734442,0.3105
"10146",5,54,38,"AVS",1.19486173402477,2.33258772631059,0.675
"10147",5,54,1,"EQW",5.0591251750242,3.91873491710645,0.8195
"10148",5,54,2,"EQW",1.80003720983507,2.90760974874693,0.522
"10149",5,54,3,"EQW",2.00272134969304,3.00325411608731,0.6165
"10150",5,54,4,"EQW",1.55351500466623,2.78402000555354,0.41
"10151",5,54,5,"EQW",1.91445428216867,2.78716641953498,0.3095
"10152",5,54,6,"EQW",2.55324271431575,3.01707117638018,0.245
"10153",5,54,7,"EQW",2.68517388906312,3.02390897950045,0.778
"10154",5,54,8,"EQW",2.50254640471211,2.90876401037564,0.7505
"10155",5,54,9,"EQW",1.82608878595764,2.78189609155313,0.5945
"10156",5,54,10,"EQW",1.7195766875696,2.78363258595186,0.577
"10157",5,54,11,"EQW",3.20878932337424,3.43210390669557,0.2495
"10158",5,54,12,"EQW",6.07554953410184,3.95713876522294,0.943
"10159",5,54,13,"EQW",2.62351242051556,2.91169519035686,0.7135
"10160",5,54,14,"EQW",3.10863740050869,3.39916414293076,0.2835
"10161",5,54,15,"EQW",1.86352517911642,2.75255837027264,0.684
"10162",5,54,16,"EQW",3.01190219342119,2.97809065581631,0.822
"10163",5,54,17,"EQW",1.6082553064066,2.81098911681796,0.4875
"10164",5,54,18,"EQW",3.62489346636761,3.13828133386487,0.864
"10165",5,54,19,"EQW",3.26847969448821,2.99920849433262,0.827
"10166",5,54,20,"EQW",2.20271760240277,2.85084698613343,0.6505
"10167",5,54,21,"EQW",1.9196704409119,2.72308269729201,0.612
"10168",5,54,22,"EQW",1.96765035624687,2.73343047084127,0.657
"10169",5,54,23,"EQW",2.8648419615042,2.85495729640776,0.802
"10170",5,54,24,"EQW",1.70083488242194,2.91106043893333,0.433
"10171",5,54,25,"EQW",2.29932309654755,2.80730893479195,0.749
"10172",5,54,26,"EQW",1.75816539466399,2.83639383830497,0.3675
"10173",5,54,27,"EQW",1.89022916443673,2.60390525987678,0.699
"10174",5,54,28,"EQW",2.33325710662427,2.69983973939244,0.7585
"10175",5,54,29,"EQW",1.72689701086264,2.89162572255248,0.379
"10176",5,54,30,"EQW",1.32687098401991,2.55894849670032,0.544
"10177",5,54,31,"EQW",4.19223402158514,3.94938098312223,0.1815
"10178",5,54,32,"EQW",1.56303441242918,2.86135874968968,0.415
"10179",5,54,33,"EQW",2.56834344213841,2.99089725411581,0.2335
"10180",5,54,34,"EQW",1.47619116374646,2.77105578713436,0.489
"10181",5,54,35,"EQW",1.33435473843047,2.57983379978601,0.4325
"10182",5,54,36,"EQW",2.15987042967587,2.86889289101531,0.26
"10183",5,54,37,"EQW",1.75028578397179,2.67738031207257,0.3015
"10184",5,54,38,"EQW",1.17745987396997,2.51563083105996,0.5885
"10185",5,54,1,"SGP",5.0591251750242,3.78611092549581,0.8275
"10186",5,54,2,"SGP",1.61152370893127,2.83310211191872,0.5535
"10187",5,54,3,"SGP",2.23929598751825,2.77726899665609,0.7465
"10188",5,54,4,"SGP",1.21759702472563,2.59986014054308,0.498
"10189",5,54,5,"SGP",1.48386779755844,2.56562273985063,0.337
"10190",5,54,6,"SGP",2.29256644434948,2.8542365565432,0.21
"10191",5,54,7,"SGP",2.48160455416844,2.79624147492504,0.8155
"10192",5,54,8,"SGP",1.58315613916198,2.53854156208983,0.729
"10193",5,54,9,"SGP",1.07465257687518,2.39204768731427,0.414
"10194",5,54,10,"SGP",1.0589543090621,2.35437656671622,0.4235
"10195",5,54,11,"SGP",5.77612195668911,4.1421767933265,0.0245
"10196",5,54,12,"SGP",5.76722181369653,4.18276797855061,0.9625
"10197",5,54,13,"SGP",1.0827455984226,2.44014329490531,0.558
"10198",5,54,14,"SGP",6.01502426302464,4.05807967776052,0.0425
"10199",5,54,15,"SGP",1.33738897313334,2.50967202572518,0.6475
"10200",5,54,16,"SGP",1.92028445974184,2.7517843927421,0.79
"10201",5,54,17,"SGP",1.81653547323058,2.72641975221513,0.2485
"10202",5,54,18,"SGP",2.4188101672528,2.85824469919865,0.817
"10203",5,54,19,"SGP",1.38896927634651,2.59781011939313,0.714
"10204",5,54,20,"SGP",1.09476159706869,2.4685315747969,0.427
"10205",5,54,21,"SGP",1.07991662308109,2.45274984415684,0.411
"10206",5,54,22,"SGP",0.957103775086664,2.36451879197862,0.507
"10207",5,54,23,"SGP",1.31987668417828,2.47388808399758,0.6925
"10208",5,54,24,"SGP",2.34124288861268,2.83208230464356,0.152
"10209",5,54,25,"SGP",1.34598687577414,2.49899230221041,0.699
"10210",5,54,26,"SGP",2.44811990276409,2.7721952793328,0.147
"10211",5,54,27,"SGP",1.31959743206574,2.41315295726324,0.703
"10212",5,54,28,"SGP",1.33549245654661,2.4443607080455,0.687
"10213",5,54,29,"SGP",2.47732248073229,2.80972391829678,0.1635
"10214",5,54,30,"SGP",0.850081373445965,2.25301545562687,0.4935
"10215",5,54,31,"SGP",5.79162491680201,4.47962453533712,0.0165
"10216",5,54,32,"SGP",0.9645615449924,2.36575423202869,0.4725
"10217",5,54,33,"SGP",2.24830549402578,2.67677894010395,0.182
"10218",5,54,34,"SGP",1.10326365995433,2.44207973559373,0.604
"10219",5,54,35,"SGP",0.920117544444508,2.28698955273857,0.4975
"10220",5,54,36,"SGP",1.66706667404851,2.60984466645094,0.243
"10221",5,54,37,"SGP",1.03636694593985,2.27295439912304,0.3705
"10222",5,54,38,"SGP",1.31368435338284,2.39394303044056,0.709
"10223",5,54,1,"SGP50",5.0591251750242,3.77140746959481,0.8145
"10224",5,54,2,"SGP50",1.79479715815716,2.9569543956486,0.504
"10225",5,54,3,"SGP50",2.00824950655571,3.08881865722555,0.65
"10226",5,54,4,"SGP50",1.52737116142911,2.80157473751887,0.417
"10227",5,54,5,"SGP50",1.89612065990621,2.8193177171859,0.3115
"10228",5,54,6,"SGP50",2.56168510383278,2.99398206172799,0.229
"10229",5,54,7,"SGP50",2.65326274426273,2.97335380539458,0.7955
"10230",5,54,8,"SGP50",2.31428342977189,2.81337308703269,0.746
"10231",5,54,9,"SGP50",1.63349695055197,2.71089657624534,0.571
"10232",5,54,10,"SGP50",1.51513861769875,2.69500774042105,0.541
"10233",5,54,11,"SGP50",3.6347530448104,3.42989595520223,0.198
"10234",5,54,12,"SGP50",5.94681135458814,3.99102095104219,0.944
"10235",5,54,13,"SGP50",2.10650577451295,2.82082396515522,0.6745
"10236",5,54,14,"SGP50",3.71597678756043,3.6293448861133,0.2175
"10237",5,54,15,"SGP50",1.66547376058318,2.70129018286371,0.6805
"10238",5,54,16,"SGP50",2.60536256240115,2.95332245437918,0.8115
"10239",5,54,17,"SGP50",1.49613365952561,2.72047517104371,0.424
"10240",5,54,18,"SGP50",3.09157389356524,2.99168522925789,0.857
"10241",5,54,19,"SGP50",2.4801702897032,2.83832835098749,0.7785
"10242",5,54,20,"SGP50",1.55601251064983,2.63874028026472,0.5675
"10243",5,54,21,"SGP50",1.36036035140631,2.61781248905833,0.5495
"10244",5,54,22,"SGP50",1.36339195330647,2.514383359574,0.6065
"10245",5,54,23,"SGP50",2.05885299425109,2.68556419241416,0.7405
"10246",5,54,24,"SGP50",1.68978804234293,2.81829176082145,0.3355
"10247",5,54,25,"SGP50",1.70020288001878,2.59002421180988,0.7285
"10248",5,54,26,"SGP50",1.89480334299619,2.82060611888574,0.2705
"10249",5,54,27,"SGP50",1.41560235428712,2.45130675131588,0.672
"10250",5,54,28,"SGP50",1.63337159640411,2.57605360186069,0.7385
"10251",5,54,29,"SGP50",1.85277720269633,2.74000934218742,0.255
"10252",5,54,30,"SGP50",0.976710406687918,2.35355821950195,0.495
"10253",5,54,31,"SGP50",5.31296022333625,4.2868962237166,0.0705
"10254",5,54,32,"SGP50",1.4562759266468,2.64463751058436,0.3845
"10255",5,54,33,"SGP50",2.7762099064862,2.86528521265227,0.1895
"10256",5,54,34,"SGP50",1.32865957056431,2.63792564319976,0.476
"10257",5,54,35,"SGP50",1.21866880993364,2.51872100198881,0.404
"10258",5,54,36,"SGP50",2.17388205911237,2.77710128735147,0.2365
"10259",5,54,37,"SGP50",1.61442944984691,2.59618130338467,0.2965
"10260",5,54,38,"SGP50",1.13043434727506,2.47074759980577,0.613
"10261",5,55,1,"BMA",1.97569973909676,2.8663950289061,0.744
"10262",5,55,2,"BMA",1.0207655846228,2.3418449159412,0.4655
"10263",5,55,3,"BMA",1.94507860987391,2.78750279866549,0.795
"10264",5,55,4,"BMA",1.06038428610915,2.37799438264922,0.626
"10265",5,55,5,"BMA",6.73311418362059,4.7296060077734,0.976
"10266",5,55,6,"BMA",2.63901120335386,2.94318574366701,0.1895
"10267",5,55,7,"BMA",1.8762622456645,2.64828724096134,0.2885
"10268",5,55,8,"BMA",8.19450336497826,4.646043931803,0.021
"10269",5,55,9,"BMA",1.28873155611948,2.63509094520775,0.5505
"10270",5,55,10,"BMA",1.25878435321294,2.49657361857287,0.409
"10271",5,55,11,"BMA",6.57450194614316,4.30607452626346,0.9615
"10272",5,55,12,"BMA",8.21592453072453,4.62580004974273,0.9725
"10273",5,55,13,"BMA",6.71882583171347,3.78679588089048,0.9275
"10274",5,55,14,"BMA",3.45609296448265,3.42343659706365,0.2255
"10275",5,55,15,"BMA",1.42470955260464,2.70256355757746,0.5255
"10276",5,55,16,"BMA",1.91450528486982,2.82780968162862,0.707
"10277",5,55,17,"BMA",2.805499442325,3.0651392271417,0.188
"10278",5,55,18,"BMA",1.53682528329355,2.60761291301782,0.3395
"10279",5,55,19,"BMA",1.46906218288101,2.60332497178145,0.328
"10280",5,55,20,"BMA",1.77467063476773,2.63857616117921,0.283
"10281",5,55,21,"BMA",1.36571713745267,2.57464573768251,0.671
"10282",5,55,22,"BMA",1.13484403097654,2.42848624160298,0.406
"10283",5,55,23,"BMA",1.71624871288297,2.47872793387383,0.2235
"10284",5,55,24,"BMA",0.82316190395101,2.16903282286532,0.4835
"10285",5,55,25,"BMA",2.41693368687984,2.93670148653829,0.8665
"10286",5,55,26,"BMA",4.71009710603116,3.94163182238002,0.937
"10287",5,55,27,"BMA",4.69256010165833,3.34570003355042,0.9175
"10288",5,55,28,"BMA",1.40500937587326,2.51045302029762,0.318
"10289",5,55,29,"BMA",1.68318552153162,2.59391391019056,0.2695
"10290",5,55,30,"BMA",1.13153004523452,2.44086818946197,0.5895
"10291",5,55,31,"BMA",3.19878137879114,3.14952971374354,0.894
"10292",5,55,32,"BMA",1.71429833054407,2.64816210615978,0.283
"10293",5,55,33,"BMA",3.96066600810693,3.28149623741366,0.928
"10294",5,55,34,"BMA",1.0803208078518,2.44683697560847,0.444
"10295",5,55,35,"BMA",2.88243481468124,2.93768294299415,0.1535
"10296",5,55,36,"BMA",3.21808975456447,3.16907535259666,0.8995
"10297",5,55,37,"BMA",0.994440283622827,2.4325429019508,0.5365
"10298",5,55,38,"BMA",2.87072035587909,3.05697811821296,0.1385
"10299",5,55,1,"AVS",1.97569973909676,2.84267013485767,0.7305
"10300",5,55,2,"AVS",1.06064589316915,2.33259349226191,0.4225
"10301",5,55,3,"AVS",2.03227112349239,2.83241494896997,0.8175
"10302",5,55,4,"AVS",1.01406494221612,2.38315673620779,0.5765
"10303",5,55,5,"AVS",6.20509229238763,4.32234857962866,0.9575
"10304",5,55,6,"AVS",2.53233228493817,2.9044837766225,0.2125
"10305",5,55,7,"AVS",1.87107687954714,2.71528286542785,0.2765
"10306",5,55,8,"AVS",8.28766398300707,4.78872403820092,0.016
"10307",5,55,9,"AVS",1.35556733835288,2.6478209731006,0.5615
"10308",5,55,10,"AVS",1.26103175657046,2.55894814154045,0.413
"10309",5,55,11,"AVS",6.59844156512427,4.19380202359,0.956
"10310",5,55,12,"AVS",7.98294439459146,4.45543391374153,0.962
"10311",5,55,13,"AVS",2.4393391548042,2.8484412371848,0.794
"10312",5,55,14,"AVS",5.4237566226084,3.70191633170439,0.0535
"10313",5,55,15,"AVS",1.20196208962163,2.6301501763131,0.5195
"10314",5,55,16,"AVS",1.45794950874599,2.5987629799162,0.6495
"10315",5,55,17,"AVS",3.79965882806777,3.20489657180826,0.1085
"10316",5,55,18,"AVS",1.53442790984035,2.64345595838327,0.317
"10317",5,55,19,"AVS",1.46383780489666,2.62452110332823,0.3425
"10318",5,55,20,"AVS",1.86902859333174,2.75827259022927,0.272
"10319",5,55,21,"AVS",1.39460800694907,2.60644667068384,0.66
"10320",5,55,22,"AVS",1.7190024408146,2.69293639579265,0.246
"10321",5,55,23,"AVS",2.34432596010258,2.75661191274083,0.195
"10322",5,55,24,"AVS",1.0322721203158,2.42650491069017,0.508
"10323",5,55,25,"AVS",1.94392230698861,2.76624524825705,0.774
"10324",5,55,26,"AVS",1.90560133433818,2.69541042281243,0.7835
"10325",5,55,27,"AVS",3.75922402618532,3.19290955789328,0.8985
"10326",5,55,28,"AVS",1.45774495091249,2.52062926204599,0.32
"10327",5,55,29,"AVS",1.72888551139939,2.61648875751594,0.2555
"10328",5,55,30,"AVS",1.13292288048833,2.50974177651611,0.6195
"10329",5,55,31,"AVS",3.19004876111955,3.18691150217034,0.893
"10330",5,55,32,"AVS",1.78126939413039,2.65749859223603,0.2665
"10331",5,55,33,"AVS",3.91601269599889,3.25562108944549,0.923
"10332",5,55,34,"AVS",1.08438955900478,2.47487905384305,0.4305
"10333",5,55,35,"AVS",2.99531386835336,2.98968626394953,0.1355
"10334",5,55,36,"AVS",3.20858647381757,3.10645044659189,0.884
"10335",5,55,37,"AVS",0.991039542598791,2.40031001536256,0.534
"10336",5,55,38,"AVS",2.94418380881886,3.12226395946092,0.1115
"10337",5,55,1,"EQW",1.97569973909676,2.84513850415137,0.7605
"10338",5,55,2,"EQW",1.02065343894744,2.36847452677153,0.492
"10339",5,55,3,"EQW",2.00737001654767,2.80834037412102,0.784
"10340",5,55,4,"EQW",1.18324694141261,2.43228764958957,0.6355
"10341",5,55,5,"EQW",6.30113103944935,4.66484458929161,0.97
"10342",5,55,6,"EQW",4.05476751950477,3.35847810160367,0.1095
"10343",5,55,7,"EQW",1.34569243334261,2.66003724449824,0.4365
"10344",5,55,8,"EQW",6.47425147937923,4.2636589884093,0.034
"10345",5,55,9,"EQW",2.36643181500417,2.94481778708328,0.732
"10346",5,55,10,"EQW",1.53877023389355,2.58745314517514,0.355
"10347",5,55,11,"EQW",5.91170598086223,4.096606006763,0.9545
"10348",5,55,12,"EQW",4.49350584603197,3.3429284634002,0.8615
"10349",5,55,13,"EQW",4.87126156546655,3.36478514149878,0.877
"10350",5,55,14,"EQW",2.5172029294841,3.28531454529326,0.3375
"10351",5,55,15,"EQW",1.41191613031834,2.67764196908906,0.559
"10352",5,55,16,"EQW",1.9905918994588,2.89155515491358,0.7165
"10353",5,55,17,"EQW",2.45578666333211,2.88468331738214,0.212
"10354",5,55,18,"EQW",1.56930808629364,2.64826262622116,0.321
"10355",5,55,19,"EQW",1.66420075689089,2.72768204966208,0.288
"10356",5,55,20,"EQW",2.05117045643077,2.74815091519717,0.261
"10357",5,55,21,"EQW",1.31448359450158,2.66236218670698,0.5955
"10358",5,55,22,"EQW",1.37706476680403,2.47943871322053,0.3545
"10359",5,55,23,"EQW",2.12247220975627,2.73075584975888,0.2025
"10360",5,55,24,"EQW",0.959767282957633,2.28072402748285,0.4775
"10361",5,55,25,"EQW",2.11875363487701,2.84506016896905,0.8215
"10362",5,55,26,"EQW",3.21141547219714,3.08820581903205,0.8455
"10363",5,55,27,"EQW",6.48932025881725,3.94539068925095,0.957
"10364",5,55,28,"EQW",2.7534668437069,3.18703288245452,0.658
"10365",5,55,29,"EQW",1.84852927172695,2.94538368617994,0.6025
"10366",5,55,30,"EQW",2.47719985256424,2.91630553959954,0.7425
"10367",5,55,31,"EQW",5.58754111770141,3.63152146464377,0.939
"10368",5,55,32,"EQW",2.25289754370102,3.11128273562626,0.613
"10369",5,55,33,"EQW",6.55701530432277,3.91653829564099,0.9655
"10370",5,55,34,"EQW",3.23538093891674,3.10613725279611,0.722
"10371",5,55,35,"EQW",1.95280104296043,3.05672198735953,0.507
"10372",5,55,36,"EQW",4.86232281082353,3.41601774467753,0.91
"10373",5,55,37,"EQW",2.70541875351437,2.93159887694384,0.7385
"10374",5,55,38,"EQW",1.77173988041405,2.99203472229284,0.442
"10375",5,55,1,"SGP",1.97569973909676,2.83341973482136,0.7385
"10376",5,55,2,"SGP",0.965713071549605,2.32721540882599,0.501
"10377",5,55,3,"SGP",2.26407933656998,2.80993637952751,0.846
"10378",5,55,4,"SGP",1.15509745321536,2.35887849685537,0.687
"10379",5,55,5,"SGP",7.25277646493848,5.79198543723043,0.9925
"10380",5,55,6,"SGP",4.95000424610575,3.7531020774572,0.0605
"10381",5,55,7,"SGP",1.12974073173094,2.58927036897188,0.5475
"10382",5,55,8,"SGP",5.82876250767567,3.97479672071293,0.0385
"10383",5,55,9,"SGP",2.88200984458322,3.12144064919168,0.838
"10384",5,55,10,"SGP",1.8106378727267,2.64056534962208,0.2845
"10385",5,55,11,"SGP",5.53358051257334,3.86967752175522,0.95
"10386",5,55,12,"SGP",2.53819266217348,2.90113871052594,0.792
"10387",5,55,13,"SGP",2.56138030251936,2.82157023669619,0.795
"10388",5,55,14,"SGP",5.10461375819145,3.57705989816154,0.077
"10389",5,55,15,"SGP",1.21582450429616,2.63641607740106,0.4955
"10390",5,55,16,"SGP",1.51999688430409,2.63969455617539,0.6915
"10391",5,55,17,"SGP",3.67520656045195,3.2527141102024,0.1235
"10392",5,55,18,"SGP",1.47381526757195,2.63837319868764,0.3275
"10393",5,55,19,"SGP",1.49301648953673,2.65354310877863,0.33
"10394",5,55,20,"SGP",1.83960953764492,2.65244683154845,0.27
"10395",5,55,21,"SGP",1.40496447527055,2.55826014206226,0.6665
"10396",5,55,22,"SGP",1.73866086614559,2.6210492526764,0.266
"10397",5,55,23,"SGP",2.40246943612131,2.73690597868938,0.188
"10398",5,55,24,"SGP",1.06006372190914,2.49767096627474,0.5215
"10399",5,55,25,"SGP",1.89063689245077,2.65178047034923,0.775
"10400",5,55,26,"SGP",1.83724989173555,2.68289015003019,0.774
"10401",5,55,27,"SGP",3.99144776663796,3.27905285948906,0.9035
"10402",5,55,28,"SGP",1.29020340116691,2.56267776932763,0.354
"10403",5,55,29,"SGP",1.54915782383589,2.5866116801324,0.271
"10404",5,55,30,"SGP",1.15118753564342,2.45942796546006,0.5825
"10405",5,55,31,"SGP",3.29063758675648,3.07428444690417,0.8955
"10406",5,55,32,"SGP",1.55225239040448,2.63869054336092,0.288
"10407",5,55,33,"SGP",4.14781779951197,3.35427403606626,0.9345
"10408",5,55,34,"SGP",1.07860498385714,2.44429124752778,0.4815
"10409",5,55,35,"SGP",2.54209750560869,2.92983449149247,0.1795
"10410",5,55,36,"SGP",3.36718576924831,3.22594206992992,0.9
"10411",5,55,37,"SGP",1.04580440188067,2.43986477986091,0.5535
"10412",5,55,38,"SGP",2.54523555787898,2.79287863555327,0.1755
"10413",5,55,1,"SGP50",1.97569973909676,2.80869490582519,0.752
"10414",5,55,2,"SGP50",1.01929055631985,2.40014609070297,0.514
"10415",5,55,3,"SGP50",2.01323125691967,2.80609821263921,0.7855
"10416",5,55,4,"SGP50",1.18061969128398,2.48453178029698,0.6265
"10417",5,55,5,"SGP50",6.33469793631608,4.65767693865742,0.963
"10418",5,55,6,"SGP50",4.08687307352064,3.34560665973196,0.1135
"10419",5,55,7,"SGP50",1.32569668271467,2.63023071909973,0.433
"10420",5,55,8,"SGP50",6.44285078533168,4.32534859164882,0.037
"10421",5,55,9,"SGP50",2.37444676494892,2.9407117411667,0.745
"10422",5,55,10,"SGP50",1.55484480593411,2.63706806243387,0.3565
"10423",5,55,11,"SGP50",5.88871981303646,3.99737943387661,0.9505
"10424",5,55,12,"SGP50",4.31938184316497,3.19352796100498,0.856
"10425",5,55,13,"SGP50",4.60964184217514,3.37472365265977,0.876
"10426",5,55,14,"SGP50",2.71824739567905,3.28902279042257,0.3155
"10427",5,55,15,"SGP50",1.38670217889833,2.72406424151872,0.5435
"10428",5,55,16,"SGP50",1.9313626800509,2.78231290252343,0.7115
"10429",5,55,17,"SGP50",2.57876658377735,2.94314126207958,0.2235
"10430",5,55,18,"SGP50",1.55592349249261,2.63642328046218,0.32
"10431",5,55,19,"SGP50",1.63587646549824,2.69069151928594,0.3085
"10432",5,55,20,"SGP50",2.0104999992792,2.70999084716525,0.2655
"10433",5,55,21,"SGP50",1.32508017565136,2.57317966764473,0.6135
"10434",5,55,22,"SGP50",1.40269493709306,2.53391771196529,0.3365
"10435",5,55,23,"SGP50",2.13732117652096,2.73955451067105,0.1885
"10436",5,55,24,"SGP50",0.965177079847114,2.33112711035118,0.498
"10437",5,55,25,"SGP50",2.09992977102483,2.8394460704226,0.81
"10438",5,55,26,"SGP50",3.08119943678322,3.09939347913495,0.8615
"10439",5,55,27,"SGP50",6.22091853613166,3.82832543065347,0.9475
"10440",5,55,28,"SGP50",2.46699235633121,3.06302258053703,0.6405
"10441",5,55,29,"SGP50",1.7025831315558,2.92045117130269,0.541
"10442",5,55,30,"SGP50",2.22863394905979,2.84481361707377,0.7305
"10443",5,55,31,"SGP50",5.1417852807013,3.41576181787858,0.929
"10444",5,55,32,"SGP50",1.92563587389257,2.9360244332088,0.583
"10445",5,55,33,"SGP50",5.93323108150053,3.68768796830222,0.9485
"10446",5,55,34,"SGP50",2.45968004325535,2.93317922316459,0.6725
"10447",5,55,35,"SGP50",1.8731325445141,3.01754137729438,0.3825
"10448",5,55,36,"SGP50",4.31091932590503,3.26116696644307,0.905
"10449",5,55,37,"SGP50",2.00463066728742,2.73397107031943,0.68
"10450",5,55,38,"SGP50",1.85307499134918,2.95665514220662,0.333
"10451",5,56,1,"BMA",5.66231460084295,3.88798834565993,0.2635
"10452",5,56,2,"BMA",6.3111819121213,3.9044410112852,0.79
"10453",5,56,3,"BMA",3.09532439397596,3.53051255549333,0.5445
"10454",5,56,4,"BMA",6.33737833695819,3.85629340923809,0.8065
"10455",5,56,5,"BMA",13.3112683516291,4.98215070153224,0.9375
"10456",5,56,6,"BMA",3.95749514102993,3.63041470522475,0.644
"10457",5,56,7,"BMA",4.27009979969968,3.66260363659525,0.3155
"10458",5,56,8,"BMA",3.51536950831423,3.59637680531436,0.396
"10459",5,56,9,"BMA",6.29819933256634,3.69556600723291,0.7865
"10460",5,56,10,"BMA",12.162498189565,4.55495092311118,0.9305
"10461",5,56,11,"BMA",14.2859644174627,4.67393104824138,0.955
"10462",5,56,12,"BMA",3.84576328006731,3.52891505899872,0.651
"10463",5,56,13,"BMA",2.58613656838831,3.34855124908051,0.54
"10464",5,56,14,"BMA",3.75406023581962,3.414108631409,0.2705
"10465",5,56,15,"BMA",2.65387291846183,3.37072348019362,0.6185
"10466",5,56,16,"BMA",18.4744320039745,6.00719638815859,0.0075
"10467",5,56,17,"BMA",11.5554950266264,4.55824070583434,0.0545
"10468",5,56,18,"BMA",4.56012045201315,3.62359526330091,0.2765
"10469",5,56,19,"BMA",11.4824118393507,4.56432776974669,0.0635
"10470",5,56,20,"BMA",3.73429633459194,3.54312234140904,0.3325
"10471",5,56,21,"BMA",3.43967706672604,3.51884859690556,0.377
"10472",5,56,22,"BMA",3.4317340915097,3.51526065139179,0.3585
"10473",5,56,23,"BMA",4.47145792210201,3.62710664289753,0.26
"10474",5,56,24,"BMA",4.90757295582611,3.59187314311102,0.2525
"10475",5,56,25,"BMA",3.40610992618738,3.49925037403384,0.3455
"10476",5,56,26,"BMA",2.96667644066033,3.3628881477855,0.358
"10477",5,56,27,"BMA",2.31299781441887,3.25361042570787,0.5035
"10478",5,56,28,"BMA",2.27087312572959,3.25964129696482,0.613
"10479",5,56,29,"BMA",2.56589316909232,3.34126466424407,0.6285
"10480",5,56,30,"BMA",2.35387423015256,3.08679973641675,0.3975
"10481",5,56,31,"BMA",1.68802038268541,2.88104411328264,0.627
"10482",5,56,32,"BMA",2.72574539995006,3.07863834676437,0.8
"10483",5,56,33,"BMA",1.38405112076493,2.70878206105915,0.58
"10484",5,56,34,"BMA",1.64943365129668,2.54264052616363,0.287
"10485",5,56,35,"BMA",3.95691957955083,3.56182197848977,0.058
"10486",5,56,36,"BMA",2.63115776836021,2.85426199871673,0.117
"10487",5,56,37,"BMA",4.73459087378457,4.27182352371162,0.019
"10488",5,56,38,"BMA",2.46467378795838,3.01441792625236,0.1195
"10489",5,56,1,"AVS",5.66231460084295,3.85520222001183,0.2355
"10490",5,56,2,"AVS",9.8443041143633,4.22988090535402,0.942
"10491",5,56,3,"AVS",3.75356762222426,3.6502166056784,0.3935
"10492",5,56,4,"AVS",7.94877793355411,4.05624210201857,0.8165
"10493",5,56,5,"AVS",8.07212906654292,4.0277465455368,0.8165
"10494",5,56,6,"AVS",3.28869383350161,3.63386666070863,0.599
"10495",5,56,7,"AVS",4.85376022747862,3.65622072362943,0.2815
"10496",5,56,8,"AVS",4.00211593284294,3.64877461088773,0.3605
"10497",5,56,9,"AVS",7.45557847149788,3.81752286447861,0.7705
"10498",5,56,10,"AVS",15.8501867268294,5.07228871656696,0.9565
"10499",5,56,11,"AVS",4.84192548985999,3.51547263685388,0.8955
"10500",5,56,12,"AVS",2.89672260506838,3.06926102739684,0.2285
"10501",5,56,13,"AVS",4.71505372273583,3.56578283736275,0.124
"10502",5,56,14,"AVS",10.4758596416316,5.06172599683352,0.0135
"10503",5,56,15,"AVS",2.44878023918041,3.04124899872983,0.3105
"10504",5,56,16,"AVS",25.8971894708887,7.59796205566253,0.001
"10505",5,56,17,"AVS",11.6053456626541,4.57797295976332,0.0545
"10506",5,56,18,"AVS",4.65755957909459,3.64878510830967,0.2405
"10507",5,56,19,"AVS",12.132814268668,4.53605077248427,0.0595
"10508",5,56,20,"AVS",4.11566429462897,3.48441598050385,0.285
"10509",5,56,21,"AVS",3.72677004719409,3.54190377725678,0.293
"10510",5,56,22,"AVS",3.56644011366433,3.45169388776886,0.308
"10511",5,56,23,"AVS",3.9301294643787,3.53600790589578,0.297
"10512",5,56,24,"AVS",2.32525207674211,3.13300102538033,0.4355
"10513",5,56,25,"AVS",2.22948951032823,3.21617361835354,0.6075
"10514",5,56,26,"AVS",2.10841549521517,3.11304696406518,0.5845
"10515",5,56,27,"AVS",2.39897154205916,3.12858624929115,0.6685
"10516",5,56,28,"AVS",2.32315178639282,3.06008295915401,0.6295
"10517",5,56,29,"AVS",1.95365932743751,3.04485583204055,0.6405
"10518",5,56,30,"AVS",2.80869711062475,3.13344604356226,0.295
"10519",5,56,31,"AVS",2.3596681518681,3.10057683680927,0.653
"10520",5,56,32,"AVS",2.49385883772674,3.12628948384898,0.6975
"10521",5,56,33,"AVS",2.34259775796953,3.07324166076084,0.3315
"10522",5,56,34,"AVS",2.06792870534718,2.95825971977674,0.365
"10523",5,56,35,"AVS",1.92780164779365,3.00561029503793,0.434
"10524",5,56,36,"AVS",2.11555067841495,2.97791294307025,0.667
"10525",5,56,37,"AVS",1.5471760096605,2.85499577035127,0.477
"10526",5,56,38,"AVS",1.79614890142326,3.02257965882861,0.659
"10527",5,56,1,"EQW",5.66231460084295,3.93677894144597,0.2365
"10528",5,56,2,"EQW",5.70905868183709,3.91737289814489,0.74
"10529",5,56,3,"EQW",2.78397405190156,3.37782290270758,0.446
"10530",5,56,4,"EQW",4.68869182146434,3.566879408674,0.773
"10531",5,56,5,"EQW",13.8483585076769,5.0413828175319,0.938
"10532",5,56,6,"EQW",4.88447143375881,3.63852160363584,0.674
"10533",5,56,7,"EQW",4.18705257823849,3.87547774563636,0.399
"10534",5,56,8,"EQW",3.5509865330847,3.63129302840656,0.454
"10535",5,56,9,"EQW",5.83299087572138,3.6007088506766,0.7465
"10536",5,56,10,"EQW",10.8970695916333,4.05782591925861,0.904
"10537",5,56,11,"EQW",15.2266108961893,4.42551416168443,0.955
"10538",5,56,12,"EQW",8.59732468702325,3.93753611752308,0.698
"10539",5,56,13,"EQW",6.9363757356626,3.88030225790675,0.626
"10540",5,56,14,"EQW",5.7530282804969,4.10733545384878,0.5045
"10541",5,56,15,"EQW",5.73824717480801,3.6864027960257,0.655
"10542",5,56,16,"EQW",11.1412275737278,4.76347047701015,0.2095
"10543",5,56,17,"EQW",9.52229284263662,4.53932538830972,0.1715
"10544",5,56,18,"EQW",3.52348506369067,3.7318274530065,0.538
"10545",5,56,19,"EQW",5.22628578903663,3.72960380753612,0.268
"10546",5,56,20,"EQW",3.07490217438779,3.49351874606374,0.5805
"10547",5,56,21,"EQW",3.12242135809331,3.46130513287554,0.5905
"10548",5,56,22,"EQW",3.05794984743226,3.42659676435505,0.6025
"10549",5,56,23,"EQW",2.70503482500964,3.42810103456852,0.513
"10550",5,56,24,"EQW",2.45445241216308,3.27740946115476,0.4735
"10551",5,56,25,"EQW",2.1963144681583,3.12220959133267,0.5385
"10552",5,56,26,"EQW",2.0506266456317,3.05913675748682,0.511
"10553",5,56,27,"EQW",2.04727287662922,3.02545282188543,0.596
"10554",5,56,28,"EQW",2.25966178030124,3.11085419651484,0.6605
"10555",5,56,29,"EQW",2.5927259140921,3.32987768250136,0.693
"10556",5,56,30,"EQW",1.93529225085439,2.94505208838752,0.46
"10557",5,56,31,"EQW",1.9557263832459,2.97137296727813,0.621
"10558",5,56,32,"EQW",2.85574739785584,3.18742586522994,0.772
"10559",5,56,33,"EQW",1.8155589301784,2.99346739432732,0.546
"10560",5,56,34,"EQW",1.67424123336157,2.82618860060876,0.397
"10561",5,56,35,"EQW",2.24299421796743,2.87321709377147,0.2955
"10562",5,56,36,"EQW",1.53398822701743,2.72289704912354,0.415
"10563",5,56,37,"EQW",2.56056043585271,3.16438991447236,0.2235
"10564",5,56,38,"EQW",1.52926457379635,2.78979652790844,0.3495
"10565",5,56,1,"SGP",5.66231460084295,3.85822207948381,0.2685
"10566",5,56,2,"SGP",8.81851424255908,4.25913637899463,0.916
"10567",5,56,3,"SGP",2.45476145133305,3.20512582643972,0.5195
"10568",5,56,4,"SGP",2.56256727533884,2.86620481121001,0.763
"10569",5,56,5,"SGP",13.1414531380704,8.15163830438193,0.996
"10570",5,56,6,"SGP",1.77150259933504,2.9225882168821,0.393
"10571",5,56,7,"SGP",7.3057238032049,4.25352076980947,0.058
"10572",5,56,8,"SGP",4.66320913182308,3.53848425418291,0.1455
"10573",5,56,9,"SGP",1.56150533044745,2.86083738471128,0.5275
"10574",5,56,10,"SGP",3.02631461058404,3.10967929183169,0.781
"10575",5,56,11,"SGP",4.87759440154203,3.57701184982395,0.891
"10576",5,56,12,"SGP",2.8586997234838,3.14547231014815,0.2265
"10577",5,56,13,"SGP",4.64890354094826,3.52924658029984,0.1135
"10578",5,56,14,"SGP",10.3540026539029,5.15630367208604,0.016
"10579",5,56,15,"SGP",2.64197288899212,3.12657663583864,0.259
"10580",5,56,16,"SGP",27.2735171323436,14.3982365302585,0.001
"10581",5,56,17,"SGP",16.9393172107371,5.61343520337539,0.0115
"10582",5,56,18,"SGP",4.13352630368387,3.39199868060401,0.7765
"10583",5,56,19,"SGP",4.45580702817638,3.55446849478599,0.232
"10584",5,56,20,"SGP",4.37305090515733,3.51621207047394,0.787
"10585",5,56,21,"SGP",2.89064595772471,3.30950767144765,0.7055
"10586",5,56,22,"SGP",2.41377725581601,3.19816635305824,0.6085
"10587",5,56,23,"SGP",2.07156436326368,3.12568096268171,0.484
"10588",5,56,24,"SGP",2.13639403695492,3.1126817452142,0.4685
"10589",5,56,25,"SGP",2.22923127453169,3.08432841705588,0.618
"10590",5,56,26,"SGP",2.10724627824646,3.06378395795071,0.59
"10591",5,56,27,"SGP",2.39330539627078,3.13645032340943,0.647
"10592",5,56,28,"SGP",2.3214195596005,3.07483339645408,0.6305
"10593",5,56,29,"SGP",1.95931363020985,3.0780419271973,0.595
"10594",5,56,30,"SGP",2.80291995075286,3.096677718053,0.2795
"10595",5,56,31,"SGP",2.35488523399962,3.0775717289744,0.6495
"10596",5,56,32,"SGP",2.49576515751305,3.12929222021491,0.6875
"10597",5,56,33,"SGP",2.33660663676797,3.06679337552083,0.3365
"10598",5,56,34,"SGP",2.06723876780252,2.98190821701589,0.352
"10599",5,56,35,"SGP",1.93253988606298,2.98834909994107,0.421
"10600",5,56,36,"SGP",2.10365318587744,2.9500818873399,0.643
"10601",5,56,37,"SGP",1.55524155981378,2.85016476558451,0.442
"10602",5,56,38,"SGP",1.78645129592996,3.06528519832108,0.6745
"10603",5,56,1,"SGP50",5.66231460084295,3.89560473373378,0.264
"10604",5,56,2,"SGP50",5.82218460173533,3.83873973599363,0.768
"10605",5,56,3,"SGP50",2.7399790415585,3.32464066806144,0.4235
"10606",5,56,4,"SGP50",4.73122614210258,3.53258766358768,0.7765
"10607",5,56,5,"SGP50",13.9003545430388,5.13842941692456,0.953
"10608",5,56,6,"SGP50",4.26821274234195,3.47734043636655,0.6685
"10609",5,56,7,"SGP50",4.20317404529526,3.79338322439289,0.3765
"10610",5,56,8,"SGP50",3.32538709761847,3.5891641427351,0.385
"10611",5,56,9,"SGP50",4.2532675279159,3.42766671420802,0.7145
"10612",5,56,10,"SGP50",7.72615510665517,3.78675660117617,0.871
"10613",5,56,11,"SGP50",10.2576161911464,4.07113679597296,0.929
"10614",5,56,12,"SGP50",3.89530632852939,3.5064071123565,0.522
"10615",5,56,13,"SGP50",3.56955714285557,3.54085104990667,0.408
"10616",5,56,14,"SGP50",5.97440193313818,4.22228926403458,0.2435
"10617",5,56,15,"SGP50",2.63310560744805,3.22394064698132,0.4585
"10618",5,56,16,"SGP50",19.6825749775015,5.55100011758709,0.061
"10619",5,56,17,"SGP50",13.4114955773916,4.90205170062615,0.073
"10620",5,56,18,"SGP50",3.2093213499685,3.50657309711231,0.5565
"10621",5,56,19,"SGP50",5.7164997185214,3.72492591622719,0.2095
"10622",5,56,20,"SGP50",3.20366542394335,3.46676719864666,0.6205
"10623",5,56,21,"SGP50",2.77594488723054,3.30878747370455,0.5885
"10624",5,56,22,"SGP50",2.60428476410964,3.36578743649612,0.565
"10625",5,56,23,"SGP50",2.49171018023793,3.24326037832846,0.4535
"10626",5,56,24,"SGP50",2.45938732844415,3.24421030819377,0.4045
"10627",5,56,25,"SGP50",2.21471625090351,3.21867290980416,0.549
"10628",5,56,26,"SGP50",2.12321788430942,3.17169153545844,0.531
"10629",5,56,27,"SGP50",2.18668063198043,3.09498119524435,0.6135
"10630",5,56,28,"SGP50",2.25226019950513,3.09993708368798,0.6205
"10631",5,56,29,"SGP50",2.22037578262138,3.11939913059378,0.6065
"10632",5,56,30,"SGP50",2.51869430498786,3.09496551386122,0.358
"10633",5,56,31,"SGP50",2.13990290562967,3.06284544781746,0.6245
"10634",5,56,32,"SGP50",2.58289666241138,3.16733359648455,0.715
"10635",5,56,33,"SGP50",2.069911136027,3.00448176788657,0.4105
"10636",5,56,34,"SGP50",2.00316497078189,2.97727542587799,0.37
"10637",5,56,35,"SGP50",2.20164014864649,2.96407864514507,0.3465
"10638",5,56,36,"SGP50",1.71067823003508,2.92883251791842,0.5105
"10639",5,56,37,"SGP50",2.07782236839881,3.00961452494971,0.3195
"10640",5,56,38,"SGP50",1.51425419981548,3.02729525256662,0.5105
"10641",5,57,1,"BMA",2.15572791392129,3.06861342999574,0.693
"10642",5,57,2,"BMA",1.48905069609957,2.57559620298309,0.3525
"10643",5,57,3,"BMA",6.75917887804744,4.23598768859733,0.944
"10644",5,57,4,"BMA",2.07514838781054,2.90545928146664,0.311
"10645",5,57,5,"BMA",2.34035415645341,2.831481689043,0.262
"10646",5,57,6,"BMA",1.46796368215171,2.73348633300173,0.5265
"10647",5,57,7,"BMA",1.6618327803673,2.77072770482751,0.655
"10648",5,57,8,"BMA",1.32779706309746,2.68477314809374,0.5105
"10649",5,57,9,"BMA",2.58496048879162,2.88610099778761,0.7725
"10650",5,57,10,"BMA",1.59787179895103,2.81913379598337,0.3555
"10651",5,57,11,"BMA",2.08846794260404,2.74094251478527,0.22
"10652",5,57,12,"BMA",1.0757330730503,2.40714042357243,0.4865
"10653",5,57,13,"BMA",6.74755854687165,4.4268196892717,0.9845
"10654",5,57,14,"BMA",12.8423925597872,6.57127449550823,0.9985
"10655",5,57,15,"BMA",3.0396034344977,3.19100967400328,0.194
"10656",5,57,16,"BMA",1.19527951567125,2.57552683353161,0.43
"10657",5,57,17,"BMA",4.51238813566353,3.46154862079901,0.0815
"10658",5,57,18,"BMA",5.37050080948267,3.81291557033382,0.953
"10659",5,57,19,"BMA",7.77598538074938,4.5281674331541,0.9835
"10660",5,57,20,"BMA",1.41678744578856,2.70189550164126,0.606
"10661",5,57,21,"BMA",1.51396938201364,2.65787541683904,0.354
"10662",5,57,22,"BMA",1.48458391421701,2.67764553016574,0.6755
"10663",5,57,23,"BMA",9.12484720108933,4.83068235494863,0.0155
"10664",5,57,24,"BMA",5.33988588209971,3.58824441819461,0.0735
"10665",5,57,25,"BMA",1.40626319959859,2.75525247592784,0.4385
"10666",5,57,26,"BMA",1.9048608947911,2.81903037925493,0.292
"10667",5,57,27,"BMA",1.36446290435852,2.64133423684912,0.581
"10668",5,57,28,"BMA",1.33171931942559,2.56881489626835,0.5565
"10669",5,57,29,"BMA",5.25642916888221,3.6869698012539,0.0685
"10670",5,57,30,"BMA",1.23821845248667,2.62852978471589,0.4855
"10671",5,57,31,"BMA",1.89472635700218,2.69091119294529,0.272
"10672",5,57,32,"BMA",2.33397610215786,2.83845622194185,0.7705
"10673",5,57,33,"BMA",4.58525674991065,3.57756324558025,0.088
"10674",5,57,34,"BMA",1.21790184926542,2.64581075662285,0.4825
"10675",5,57,35,"BMA",1.24520752759481,2.60500396064733,0.45
"10676",5,57,36,"BMA",1.57549842293097,2.60361884572789,0.353
"10677",5,57,37,"BMA",3.08143553476741,2.97202975981092,0.167
"10678",5,57,38,"BMA",1.90381058645586,2.81491061703024,0.7215
"10679",5,57,1,"AVS",2.15572791392129,2.96623848327729,0.667
"10680",5,57,2,"AVS",1.4007762771663,2.45596178514395,0.3285
"10681",5,57,3,"AVS",7.97665527060138,6.13310169994907,0.9955
"10682",5,57,4,"AVS",2.05246989204878,2.83491742958845,0.3025
"10683",5,57,5,"AVS",2.14726080537352,2.82007766826254,0.2835
"10684",5,57,6,"AVS",1.48260630326202,2.7638159050238,0.621
"10685",5,57,7,"AVS",1.62774624828613,2.66921585735859,0.6665
"10686",5,57,8,"AVS",1.19431381240597,2.53292960407422,0.481
"10687",5,57,9,"AVS",2.25731722168229,2.87172186546898,0.791
"10688",5,57,10,"AVS",2.06330113523242,2.71351067700993,0.215
"10689",5,57,11,"AVS",2.39887472423865,2.93636441040018,0.188
"10690",5,57,12,"AVS",1.04899155739494,2.40832882871265,0.467
"10691",5,57,13,"AVS",6.81860016828126,4.84555674527146,0.9895
"10692",5,57,14,"AVS",10.0077529952914,6.10395154402608,0.9965
"10693",5,57,15,"AVS",3.14940618911539,3.17793756258065,0.129
"10694",5,57,16,"AVS",1.20102704520521,2.62013313467208,0.422
"10695",5,57,17,"AVS",4.64415776368162,3.68909594262195,0.065
"10696",5,57,18,"AVS",5.52271354456403,3.75522995794006,0.948
"10697",5,57,19,"AVS",7.18603405042014,4.41232572283456,0.9805
"10698",5,57,20,"AVS",1.37030592408943,2.65375427853404,0.588
"10699",5,57,21,"AVS",1.4972703363343,2.6343113460673,0.3555
"10700",5,57,22,"AVS",1.49094378182933,2.64420552183732,0.658
"10701",5,57,23,"AVS",9.0605047914164,5.36752770419111,0.0095
"10702",5,57,24,"AVS",5.38907043102936,3.49095904858071,0.0645
"10703",5,57,25,"AVS",1.37625379571329,2.70462044400591,0.3985
"10704",5,57,26,"AVS",1.90992184693578,2.73790666541671,0.302
"10705",5,57,27,"AVS",1.36813997698686,2.67711713745776,0.613
"10706",5,57,28,"AVS",1.29361016367441,2.59378707951059,0.564
"10707",5,57,29,"AVS",5.2942757224217,3.74777152801452,0.0605
"10708",5,57,30,"AVS",1.26382753441951,2.67684503296723,0.4795
"10709",5,57,31,"AVS",1.86015854360271,2.75401389476725,0.285
"10710",5,57,32,"AVS",2.37269279209045,2.85252261105992,0.781
"10711",5,57,33,"AVS",4.50819918708999,3.49862384879519,0.085
"10712",5,57,34,"AVS",1.19618109661482,2.5656384458492,0.4755
"10713",5,57,35,"AVS",1.26655951602891,2.57928796154013,0.4715
"10714",5,57,36,"AVS",1.45787174443061,2.65243568989728,0.373
"10715",5,57,37,"AVS",2.88811646188976,2.91267320815611,0.182
"10716",5,57,38,"AVS",1.88540435633329,2.74866059669696,0.722
"10717",5,57,1,"EQW",2.15572791392129,2.99345234136994,0.6655
"10718",5,57,2,"EQW",1.44589147170462,2.68841557972127,0.3585
"10719",5,57,3,"EQW",5.68073605668367,3.89748048808815,0.8945
"10720",5,57,4,"EQW",1.74848584940962,2.78260064182428,0.3395
"10721",5,57,5,"EQW",1.54011343459237,2.67349833886602,0.4085
"10722",5,57,6,"EQW",1.55296573940365,2.72445486042625,0.63
"10723",5,57,7,"EQW",1.44698816272615,2.6546490156247,0.642
"10724",5,57,8,"EQW",1.21615452378051,2.59400069639229,0.4635
"10725",5,57,9,"EQW",2.09744757451561,2.7457379077179,0.764
"10726",5,57,10,"EQW",2.02823659694462,2.87429979888987,0.284
"10727",5,57,11,"EQW",2.55729594595882,2.92887037487388,0.1745
"10728",5,57,12,"EQW",1.13141776126549,2.42519503630197,0.445
"10729",5,57,13,"EQW",5.6899137947357,4.06920535027471,0.962
"10730",5,57,14,"EQW",11.1884229893972,6.11389952469385,0.9975
"10731",5,57,15,"EQW",2.83120180264371,3.54907567613884,0.5055
"10732",5,57,16,"EQW",2.15059909117592,2.90358362484557,0.6405
"10733",5,57,17,"EQW",2.48826466597124,3.10828484101792,0.281
"10734",5,57,18,"EQW",5.72067285382612,3.76155894328447,0.934
"10735",5,57,19,"EQW",10.1457632350944,5.13523868229501,0.9895
"10736",5,57,20,"EQW",4.92403339576517,3.34533519541896,0.772
"10737",5,57,21,"EQW",3.21713641244675,3.22154307250389,0.6505
"10738",5,57,22,"EQW",4.1883255128976,3.27281732733707,0.8135
"10739",5,57,23,"EQW",4.27450759452139,3.63510134928847,0.25
"10740",5,57,24,"EQW",4.69169229357319,3.51736676859168,0.129
"10741",5,57,25,"EQW",2.17576031332105,2.94251983753278,0.307
"10742",5,57,26,"EQW",2.84827199484529,3.00299910103418,0.2505
"10743",5,57,27,"EQW",1.66249124345595,2.86906662258297,0.446
"10744",5,57,28,"EQW",1.49888611220903,2.84528091678279,0.518
"10745",5,57,29,"EQW",4.76927614872939,3.41827351606438,0.1155
"10746",5,57,30,"EQW",1.64204443598055,2.79054165557335,0.382
"10747",5,57,31,"EQW",2.22218939684212,2.85630227141339,0.266
"10748",5,57,32,"EQW",2.00175922932948,2.87569548417267,0.738
"10749",5,57,33,"EQW",3.20590715143694,3.00448034233808,0.1805
"10750",5,57,34,"EQW",1.1910194717319,2.58692907583359,0.44
"10751",5,57,35,"EQW",1.11354670322628,2.51107147752274,0.473
"10752",5,57,36,"EQW",1.2886687276286,2.49698145114303,0.377
"10753",5,57,37,"EQW",3.0914793760795,2.99496848862515,0.1285
"10754",5,57,38,"EQW",1.18910948003989,2.4680597085356,0.629
"10755",5,57,1,"SGP",2.15572791392129,2.99215235266536,0.6755
"10756",5,57,2,"SGP",1.20264504264453,2.37341277445021,0.383
"10757",5,57,3,"SGP",7.55499692396415,5.72706611096115,0.979
"10758",5,57,4,"SGP",1.54492086174708,2.73093465072253,0.329
"10759",5,57,5,"SGP",1.13118458896785,2.4606461708545,0.4955
"10760",5,57,6,"SGP",1.81267097049107,2.66081402140871,0.7455
"10761",5,57,7,"SGP",1.36972376482076,2.53724828077253,0.68
"10762",5,57,8,"SGP",1.06304513487746,2.45946865511824,0.411
"10763",5,57,9,"SGP",1.78874506452152,2.53874259601279,0.764
"10764",5,57,10,"SGP",2.6033821197986,2.90736592828356,0.1475
"10765",5,57,11,"SGP",3.11396886767544,3.09537725769176,0.1215
"10766",5,57,12,"SGP",1.0504698231783,2.3753050252199,0.435
"10767",5,57,13,"SGP",4.96756025481389,3.94501661865966,0.9735
"10768",5,57,14,"SGP",8.78739695021747,5.73750636633204,0.994
"10769",5,57,15,"SGP",3.15092282810899,3.10530185689082,0.15
"10770",5,57,16,"SGP",1.19956262402705,2.58236599766763,0.414
"10771",5,57,17,"SGP",4.55558514027208,3.66358084631459,0.069
"10772",5,57,18,"SGP",5.51483202219081,3.82225574203011,0.949
"10773",5,57,19,"SGP",7.27920706463632,4.48433711959277,0.9815
"10774",5,57,20,"SGP",1.4013478960121,2.61520181506343,0.5865
"10775",5,57,21,"SGP",1.50128779813405,2.69147481123139,0.359
"10776",5,57,22,"SGP",1.51809924558835,2.70461499022929,0.6665
"10777",5,57,23,"SGP",8.97194747758012,5.15069107883608,0.0175
"10778",5,57,24,"SGP",5.34712665307485,3.53474209101752,0.07
"10779",5,57,25,"SGP",1.40135750971282,2.7370787814611,0.42
"10780",5,57,26,"SGP",1.92235390709641,2.77025862407308,0.2885
"10781",5,57,27,"SGP",1.3663970920977,2.6031711509657,0.594
"10782",5,57,28,"SGP",1.31610237224152,2.60633576786617,0.5655
"10783",5,57,29,"SGP",5.26776697608159,3.55085430391029,0.0615
"10784",5,57,30,"SGP",1.25861012793583,2.66228532254244,0.473
"10785",5,57,31,"SGP",1.88253501774893,2.76679125457927,0.262
"10786",5,57,32,"SGP",2.34335794202793,2.86056412769114,0.769
"10787",5,57,33,"SGP",4.51260515921937,3.48863933902265,0.0905
"10788",5,57,34,"SGP",1.20345584795401,2.59479234589183,0.494
"10789",5,57,35,"SGP",1.24961669500761,2.51506182960258,0.469
"10790",5,57,36,"SGP",1.50631141643101,2.67814799575709,0.3655
"10791",5,57,37,"SGP",2.97174773586992,2.92369572539656,0.1745
"10792",5,57,38,"SGP",1.87538309229011,2.8086517169294,0.737
"10793",5,57,1,"SGP50",2.15572791392129,2.93126966034894,0.6695
"10794",5,57,2,"SGP50",1.44075700521086,2.6339093630614,0.371
"10795",5,57,3,"SGP50",5.75736033157611,3.88801688671833,0.908
"10796",5,57,4,"SGP50",1.73791065201461,2.77439699786168,0.348
"10797",5,57,5,"SGP50",1.50652054014707,2.73605936758142,0.389
"10798",5,57,6,"SGP50",1.56484941544857,2.77091485700183,0.63
"10799",5,57,7,"SGP50",1.44066139245518,2.60056514713647,0.652
"10800",5,57,8,"SGP50",1.20048971437193,2.57673596212461,0.431
"10801",5,57,9,"SGP50",2.06565439399521,2.7926818738301,0.755
"10802",5,57,10,"SGP50",2.10615788038741,2.94000900654047,0.269
"10803",5,57,11,"SGP50",2.60358005589359,2.98691291124342,0.175
"10804",5,57,12,"SGP50",1.11523334442637,2.47049094881885,0.4455
"10805",5,57,13,"SGP50",5.60541630879236,3.91134824554215,0.9665
"10806",5,57,14,"SGP50",10.8479367577929,6.11009596253692,0.997
"10807",5,57,15,"SGP50",2.67502557234915,3.48948294788939,0.468
"10808",5,57,16,"SGP50",1.87579332392834,2.87854032907127,0.606
"10809",5,57,17,"SGP50",2.78887206394446,3.21406084080331,0.243
"10810",5,57,18,"SGP50",5.65507757861984,3.78565090566282,0.928
"10811",5,57,19,"SGP50",9.49284862590652,4.93469815618824,0.984
"10812",5,57,20,"SGP50",3.82175421098285,3.18725480152795,0.758
"10813",5,57,21,"SGP50",2.42895864857521,3.02169637652386,0.562
"10814",5,57,22,"SGP50",3.18415132081553,3.08279503024703,0.7735
"10815",5,57,23,"SGP50",5.46474874075918,3.84681647931015,0.1855
"10816",5,57,24,"SGP50",4.878816519233,3.51295186704347,0.113
"10817",5,57,25,"SGP50",1.90524040912775,2.83576367725611,0.351
"10818",5,57,26,"SGP50",2.54746346574231,2.96831745178156,0.253
"10819",5,57,27,"SGP50",1.51598554462753,2.75868371175205,0.4795
"10820",5,57,28,"SGP50",1.43020605905647,2.72811043249285,0.534
"10821",5,57,29,"SGP50",4.95616309595802,3.5209080676324,0.085
"10822",5,57,30,"SGP50",1.46369192737049,2.67735112830691,0.4245
"10823",5,57,31,"SGP50",2.12167912541216,2.86115013980456,0.272
"10824",5,57,32,"SGP50",2.10138222327325,2.91836675294482,0.7455
"10825",5,57,33,"SGP50",3.63590945563655,3.18813788742012,0.139
"10826",5,57,34,"SGP50",1.18831109060766,2.49642333327099,0.441
"10827",5,57,35,"SGP50",1.1524910200305,2.58916059507945,0.452
"10828",5,57,36,"SGP50",1.38514904814382,2.53043183241339,0.3645
"10829",5,57,37,"SGP50",3.12000698552039,2.98275241551721,0.1195
"10830",5,57,38,"SGP50",1.35454417137049,2.52061140496222,0.651
"10831",5,58,1,"BMA",5.31471666287652,3.76283749114199,0.8085
"10832",5,58,2,"BMA",5.9609139556087,3.86473683021402,0.1335
"10833",5,58,3,"BMA",2.44013695893151,3.11681183525985,0.3785
"10834",5,58,4,"BMA",4.135210806781,3.31154864126796,0.1665
"10835",5,58,5,"BMA",8.06025329452473,4.17922114899359,0.944
"10836",5,58,6,"BMA",4.59923616492547,3.42547032454332,0.7985
"10837",5,58,7,"BMA",1.72350986704104,2.95336151641509,0.4655
"10838",5,58,8,"BMA",1.74135061302802,2.9161127795903,0.624
"10839",5,58,9,"BMA",2.92233583264752,3.13065021282289,0.7775
"10840",5,58,10,"BMA",5.30500838372456,3.62519970898827,0.103
"10841",5,58,11,"BMA",1.5239417614486,2.85034423335561,0.5505
"10842",5,58,12,"BMA",2.49735394986675,3.0115205310837,0.7285
"10843",5,58,13,"BMA",3.07601834650209,3.03843546920865,0.801
"10844",5,58,14,"BMA",1.55028110176229,2.707766315764,0.5895
"10845",5,58,15,"BMA",3.52443009894522,3.10536285406088,0.8235
"10846",5,58,16,"BMA",9.27005615715068,4.81407945032205,0.9805
"10847",5,58,17,"BMA",2.04503527277891,2.88839872885946,0.3325
"10848",5,58,18,"BMA",1.71219266557766,2.81439835186234,0.34
"10849",5,58,19,"BMA",4.0572961234493,3.43838099641302,0.151
"10850",5,58,20,"BMA",2.79908946483354,3.0008336735772,0.779
"10851",5,58,21,"BMA",3.89813299636655,3.31054885205685,0.1385
"10852",5,58,22,"BMA",5.95405484329939,3.81787695950596,0.0645
"10853",5,58,23,"BMA",6.25016181645654,3.8290601346495,0.078
"10854",5,58,24,"BMA",3.57152478377375,3.17592898754146,0.1735
"10855",5,58,25,"BMA",8.37534392858572,4.34854554739499,0.032
"10856",5,58,26,"BMA",1.8744429648695,2.88950833980507,0.3695
"10857",5,58,27,"BMA",2.41275268205203,3.00456216282436,0.296
"10858",5,58,28,"BMA",1.90961506537863,2.90450212085957,0.369
"10859",5,58,29,"BMA",3.78265113384753,3.21093552528231,0.166
"10860",5,58,30,"BMA",1.76243574152836,2.90384473871051,0.3985
"10861",5,58,31,"BMA",1.81755488909242,2.81899982147633,0.5965
"10862",5,58,32,"BMA",1.59682267220562,2.81433017874486,0.598
"10863",5,58,33,"BMA",1.43118593227457,2.75488540375383,0.46
"10864",5,58,34,"BMA",1.47738907276075,2.72841397695885,0.4315
"10865",5,58,35,"BMA",2.9174341085712,3.08684545352469,0.1865
"10866",5,58,36,"BMA",1.45138242261173,2.72526657169076,0.5935
"10867",5,58,37,"BMA",1.76422492548952,2.83982832769209,0.6815
"10868",5,58,38,"BMA",1.38243130137381,2.69010868454427,0.5245
"10869",5,58,1,"AVS",5.31471666287652,3.65156426957828,0.779
"10870",5,58,2,"AVS",6.91287923993933,3.82160851275803,0.092
"10871",5,58,3,"AVS",2.2994385577201,3.1507566237066,0.3995
"10872",5,58,4,"AVS",3.71533250952818,3.23936824790979,0.1795
"10873",5,58,5,"AVS",7.42406749510917,3.97382099012987,0.924
"10874",5,58,6,"AVS",3.11311406848883,3.2174759241278,0.769
"10875",5,58,7,"AVS",1.60545943203189,2.8323336460012,0.4455
"10876",5,58,8,"AVS",1.71520136198565,2.89095220139969,0.5935
"10877",5,58,9,"AVS",3.06717958358889,3.18038393670912,0.7935
"10878",5,58,10,"AVS",4.93749179087772,3.50433014240867,0.097
"10879",5,58,11,"AVS",1.52828936929149,2.81866063049396,0.5395
"10880",5,58,12,"AVS",2.53352881116362,2.99477177385832,0.7445
"10881",5,58,13,"AVS",3.14734356760481,3.12967700619506,0.8115
"10882",5,58,14,"AVS",1.58451459178164,2.77481967863201,0.6
"10883",5,58,15,"AVS",3.68899032339678,3.27235395297798,0.845
"10884",5,58,16,"AVS",9.5356082056077,5.01860986725936,0.984
"10885",5,58,17,"AVS",1.96292918737537,2.9138143443583,0.367
"10886",5,58,18,"AVS",1.59164034258506,2.73293170417608,0.372
"10887",5,58,19,"AVS",3.85232383957325,3.2216151397265,0.179
"10888",5,58,20,"AVS",2.88179548718864,3.00795664709862,0.7995
"10889",5,58,21,"AVS",3.77027283881912,3.22403695288366,0.154
"10890",5,58,22,"AVS",5.84929870812003,3.71712720558763,0.0665
"10891",5,58,23,"AVS",6.22298950670852,3.97902708397677,0.061
"10892",5,58,24,"AVS",3.62447097038571,3.23033703945821,0.1595
"10893",5,58,25,"AVS",8.55147683577856,4.6478544401285,0.0285
"10894",5,58,26,"AVS",2.00174444800804,2.92073179972331,0.329
"10895",5,58,27,"AVS",2.62918494439722,3.00656607943402,0.294
"10896",5,58,28,"AVS",2.05666640517772,2.88774779342659,0.3345
"10897",5,58,29,"AVS",4.16672417563632,3.34616266462288,0.138
"10898",5,58,30,"AVS",1.84314375381002,2.91760682659888,0.38
"10899",5,58,31,"AVS",1.73220687013911,2.85624574043686,0.6125
"10900",5,58,32,"AVS",1.53007491310428,2.84890806028296,0.5685
"10901",5,58,33,"AVS",1.4866741060173,2.71856457826029,0.432
"10902",5,58,34,"AVS",1.49991508219396,2.77576123750396,0.41
"10903",5,58,35,"AVS",3.12919127973489,3.05265864397291,0.199
"10904",5,58,36,"AVS",1.29311284066732,2.72163171226962,0.592
"10905",5,58,37,"AVS",1.68688300882309,2.73769693971657,0.647
"10906",5,58,38,"AVS",1.39240335333506,2.67970452424575,0.489
"10907",5,58,1,"EQW",5.31471666287652,3.67209796670724,0.803
"10908",5,58,2,"EQW",5.57068089768781,3.73502853716022,0.147
"10909",5,58,3,"EQW",2.79485250676158,3.17720145911138,0.306
"10910",5,58,4,"EQW",5.51900094928377,3.59059477996957,0.124
"10911",5,58,5,"EQW",6.94588311726575,4.03782655619833,0.8965
"10912",5,58,6,"EQW",4.25474090688202,3.42176428519234,0.756
"10913",5,58,7,"EQW",2.68749013929699,3.32887546935086,0.553
"10914",5,58,8,"EQW",2.94563341999117,3.26796181078225,0.6535
"10915",5,58,9,"EQW",4.51505116262889,3.4090728841281,0.796
"10916",5,58,10,"EQW",3.57210759630247,3.6710697188414,0.333
"10917",5,58,11,"EQW",2.43473783105993,3.10844496020127,0.6175
"10918",5,58,12,"EQW",3.93250464617903,3.24095504530472,0.772
"10919",5,58,13,"EQW",5.26672269734505,3.42040404222097,0.824
"10920",5,58,14,"EQW",4.26715791241037,3.30148334030674,0.7245
"10921",5,58,15,"EQW",6.80074133737965,3.6175374665142,0.881
"10922",5,58,16,"EQW",13.9011335933603,4.84260702174994,0.9855
"10923",5,58,17,"EQW",5.93652841247619,3.65440894068725,0.6045
"10924",5,58,18,"EQW",4.75451738153413,3.48698541958884,0.6015
"10925",5,58,19,"EQW",3.75302034074743,3.79454619641422,0.4745
"10926",5,58,20,"EQW",5.23700627897672,3.45603432481152,0.815
"10927",5,58,21,"EQW",3.30041989580601,3.60769159677999,0.435
"10928",5,58,22,"EQW",4.21093679708873,3.74974673092707,0.2915
"10929",5,58,23,"EQW",5.28832446976772,3.83787015972795,0.201
"10930",5,58,24,"EQW",3.45335527943799,3.28759857521978,0.2845
"10931",5,58,25,"EQW",7.23201223430845,3.91626277014336,0.111
"10932",5,58,26,"EQW",2.64464071513371,3.24759503352645,0.381
"10933",5,58,27,"EQW",2.26529412468519,3.09228316764274,0.3955
"10934",5,58,28,"EQW",1.87851645013396,2.9519061690342,0.4415
"10935",5,58,29,"EQW",2.9690685950587,3.09997537797554,0.248
"10936",5,58,30,"EQW",1.90336186819989,2.94920131305491,0.388
"10937",5,58,31,"EQW",1.79818478117622,2.90446281549323,0.6045
"10938",5,58,32,"EQW",1.9853129863505,2.8776954984382,0.6655
"10939",5,58,33,"EQW",1.61664328491206,2.83720317776739,0.5985
"10940",5,58,34,"EQW",1.63579937486366,2.82907800875091,0.598
"10941",5,58,35,"EQW",1.72936571251644,2.76438965312092,0.353
"10942",5,58,36,"EQW",1.5164001395818,2.72781185141947,0.648
"10943",5,58,37,"EQW",2.28201413034215,2.93724495435678,0.751
"10944",5,58,38,"EQW",1.91344764143799,2.89841854392739,0.6835
"10945",5,58,1,"SGP",5.31471666287652,3.73909569126355,0.803
"10946",5,58,2,"SGP",5.10405080130991,3.67370246015118,0.15
"10947",5,58,3,"SGP",1.86949798248205,2.85764636611607,0.3475
"10948",5,58,4,"SGP",7.50768642693037,4.40122381358926,0.038
"10949",5,58,5,"SGP",6.72152416766037,4.06413428738834,0.9325
"10950",5,58,6,"SGP",1.62716285131867,2.78858596289147,0.6035
"10951",5,58,7,"SGP",2.89428004324162,3.07993139792004,0.215
"10952",5,58,8,"SGP",1.51636054816218,2.68530362937444,0.38
"10953",5,58,9,"SGP",1.42660776322486,2.65301948121903,0.612
"10954",5,58,10,"SGP",8.52031666215546,4.98321393027291,0.019
"10955",5,58,11,"SGP",1.47518476264708,2.78255172511745,0.3935
"10956",5,58,12,"SGP",1.47069618149415,2.72017932838847,0.5975
"10957",5,58,13,"SGP",1.65826594299802,2.84983181841296,0.6575
"10958",5,58,14,"SGP",1.40212000624675,2.70678034044589,0.4385
"10959",5,58,15,"SGP",1.96446821934021,2.75688677790199,0.728
"10960",5,58,16,"SGP",7.36626876054431,4.55482939345844,0.975
"10961",5,58,17,"SGP",3.39205667300007,3.21951497021597,0.1575
"10962",5,58,18,"SGP",2.93383357312037,3.03622209702381,0.1815
"10963",5,58,19,"SGP",6.12206689128784,3.88215346901404,0.0655
"10964",5,58,20,"SGP",1.73083712344789,2.6917621078881,0.6715
"10965",5,58,21,"SGP",5.90680270819259,3.89528022994387,0.059
"10966",5,58,22,"SGP",8.19316421209722,4.46595458614678,0.0215
"10967",5,58,23,"SGP",7.59117533913701,4.04686822221659,0.055
"10968",5,58,24,"SGP",1.61390626124967,2.74978675182162,0.405
"10969",5,58,25,"SGP",4.0385080797922,3.41923959440125,0.1295
"10970",5,58,26,"SGP",2.70355947347261,3.06073995200339,0.7735
"10971",5,58,27,"SGP",1.66025525482841,2.80477006153647,0.615
"10972",5,58,28,"SGP",1.73034255664533,2.79889189758149,0.6585
"10973",5,58,29,"SGP",1.81482549752739,2.84265542443307,0.3295
"10974",5,58,30,"SGP",1.81289511328347,2.84965878932835,0.688
"10975",5,58,31,"SGP",3.48955913652234,3.20841248125886,0.8395
"10976",5,58,32,"SGP",2.24918611531287,2.85768395095473,0.7485
"10977",5,58,33,"SGP",1.22338517850166,2.63459628396845,0.529
"10978",5,58,34,"SGP",1.35416652608118,2.70787879122518,0.501
"10979",5,58,35,"SGP",2.23261545137441,2.80983317549061,0.252
"10980",5,58,36,"SGP",2.1525974045207,2.85428074376973,0.7375
"10981",5,58,37,"SGP",2.17412368290466,2.84670221468908,0.7385
"10982",5,58,38,"SGP",1.2838677759048,2.59581875922068,0.518
"10983",5,58,1,"SGP50",5.31471666287652,3.69064562889018,0.798
"10984",5,58,2,"SGP50",5.50044781810168,3.79692415725146,0.149
"10985",5,58,3,"SGP50",2.67497074210157,3.10703695600092,0.3255
"10986",5,58,4,"SGP50",5.45995195834309,3.62240128030168,0.1325
"10987",5,58,5,"SGP50",7.0428233976405,4.01622399698961,0.9035
"10988",5,58,6,"SGP50",4.05105601931379,3.39784751591789,0.7575
"10989",5,58,7,"SGP50",2.53725097719021,3.31610939102853,0.538
"10990",5,58,8,"SGP50",2.62195951639025,3.16110616583932,0.609
"10991",5,58,9,"SGP50",3.86599141872072,3.19047299534135,0.743
"10992",5,58,10,"SGP50",4.09480334200393,3.76400878739276,0.279
"10993",5,58,11,"SGP50",2.05386537870203,3.01628509340189,0.576
"10994",5,58,12,"SGP50",3.15283350440419,3.1173069743359,0.7425
"10995",5,58,13,"SGP50",3.97772491786519,3.27657183224761,0.8065
"10996",5,58,14,"SGP50",2.71906552458374,2.96193299428801,0.6535
"10997",5,58,15,"SGP50",4.57207874437616,3.25553061438083,0.8335
"10998",5,58,16,"SGP50",10.6667122516895,4.80583537674408,0.9815
"10999",5,58,17,"SGP50",3.00009966523484,3.3002574718446,0.442
"11000",5,58,18,"SGP50",2.44059480816953,3.17548617145101,0.4145
"11001",5,58,19,"SGP50",3.78883966334411,3.669299909786,0.255
"11002",5,58,20,"SGP50",3.03928637999229,3.062822418403,0.7615
"11003",5,58,21,"SGP50",3.72569506989297,3.65576235709136,0.2045
"11004",5,58,22,"SGP50",5.8109585580432,4.03594877127513,0.132
"11005",5,58,23,"SGP50",6.36372689258065,3.9339931495266,0.099
"11006",5,58,24,"SGP50",2.75970013595991,3.06619453401531,0.297
"11007",5,58,25,"SGP50",6.3891475079085,3.80233677669646,0.0895
"11008",5,58,26,"SGP50",1.96343893992342,3.05924274759045,0.5105
"11009",5,58,27,"SGP50",1.84515723145144,2.94571280525681,0.4205
"11010",5,58,28,"SGP50",1.66359946900424,2.88209410455843,0.4835
"11011",5,58,29,"SGP50",2.76761018376363,3.10525876095847,0.244
"11012",5,58,30,"SGP50",1.62448985011666,2.94858652540335,0.4625
"11013",5,58,31,"SGP50",2.13345748264694,2.9151344950248,0.6665
"11014",5,58,32,"SGP50",1.90072656361478,2.83770171716594,0.6805
"11015",5,58,33,"SGP50",1.39786486288744,2.71841792416615,0.5185
"11016",5,58,34,"SGP50",1.45589658164579,2.77365243166765,0.506
"11017",5,58,35,"SGP50",2.22356436216307,2.86330402506837,0.2685
"11018",5,58,36,"SGP50",1.59972279616167,2.7378337727827,0.6475
"11019",5,58,37,"SGP50",2.0237393687935,2.8532869501833,0.7275
"11020",5,58,38,"SGP50",1.48753682478771,2.68877486828406,0.5795
"11021",5,59,1,"BMA",1.03560070452406,2.37575262128798,0.4655
"11022",5,59,2,"BMA",0.67939468455339,1.94851573923687,0.4815
"11023",5,59,3,"BMA",2.76195922996434,3.41781958276172,0.946
"11024",5,59,4,"BMA",3.60984979158914,3.55186165618642,0.9415
"11025",5,59,5,"BMA",0.906915219950876,2.17659898384373,0.576
"11026",5,59,6,"BMA",0.737088287967881,1.96947945099907,0.4975
"11027",5,59,7,"BMA",2.68467187848455,3.0783140542766,0.083
"11028",5,59,8,"BMA",2.38292180389505,3.10360486086189,0.8845
"11029",5,59,9,"BMA",0.754550798607227,2.07461077799723,0.4825
"11030",5,59,10,"BMA",2.38185253529717,2.86830930638639,0.9075
"11031",5,59,11,"BMA",11.0119307050649,12.6980705964422,1
"11032",5,59,12,"BMA",2.94591227136188,3.14402664938385,0.768
"11033",5,59,13,"BMA",7.2588589022186,4.03289800420743,0.9465
"11034",5,59,14,"BMA",10.9084503307034,5.16006666691326,0.985
"11035",5,59,15,"BMA",12.6151885329048,5.23567218188256,0.985
"11036",5,59,16,"BMA",9.96984093735263,4.46950491106906,0.9585
"11037",5,59,17,"BMA",10.85012245449,4.65005052470684,0.9535
"11038",5,59,18,"BMA",6.40367432763764,3.85560993531883,0.862
"11039",5,59,19,"BMA",11.1004213281463,4.48005067108277,0.9715
"11040",5,59,20,"BMA",3.00297159320577,3.63078257358947,0.4245
"11041",5,59,21,"BMA",3.04825461841626,3.2248699102727,0.6265
"11042",5,59,22,"BMA",2.14175147263137,3.18167506793061,0.3995
"11043",5,59,23,"BMA",7.88180908572147,4.40928091983287,0.1005
"11044",5,59,24,"BMA",9.27867677551306,4.37826412947514,0.1295
"11045",5,59,25,"BMA",6.81838838449542,3.92426284853226,0.7495
"11046",5,59,26,"BMA",2.62345096427796,3.34577908251385,0.504
"11047",5,59,27,"BMA",2.32698555040475,3.24266371831575,0.4315
"11048",5,59,28,"BMA",12.7200301356551,4.83699421548146,0.0295
"11049",5,59,29,"BMA",6.99399349327962,3.88497017266306,0.083
"11050",5,59,30,"BMA",5.78029324336518,3.56704909623994,0.095
"11051",5,59,31,"BMA",1.83586414309615,2.79177821769763,0.6665
"11052",5,59,32,"BMA",1.38325009251659,2.57217336778454,0.6345
"11053",5,59,33,"BMA",1.467571403707,2.70717148119542,0.671
"11054",5,59,34,"BMA",1.07726359977129,2.44183527155564,0.5465
"11055",5,59,35,"BMA",3.05611204659887,3.1054212549653,0.1
"11056",5,59,36,"BMA",1.01571566935339,2.28999251745322,0.379
"11057",5,59,37,"BMA",4.19251436696637,3.73546625797379,0.032
"11058",5,59,38,"BMA",1.82158360988243,2.53033279386137,0.145
"11059",5,59,1,"AVS",1.03560070452406,2.37681949695891,0.451
"11060",5,59,2,"AVS",0.63452728086604,1.85847573087077,0.523
"11061",5,59,3,"AVS",2.85934879037917,3.5190161782812,0.9635
"11062",5,59,4,"AVS",3.84254742986202,3.74115884337316,0.9765
"11063",5,59,5,"AVS",0.729464464141424,2.02587058897507,0.5385
"11064",5,59,6,"AVS",0.675937617574042,1.96187311643844,0.5265
"11065",5,59,7,"AVS",2.57657287228253,3.06464663547914,0.0835
"11066",5,59,8,"AVS",2.61263297271117,3.14364837301194,0.928
"11067",5,59,9,"AVS",0.705565145113731,1.99770533215259,0.481
"11068",5,59,10,"AVS",2.47401912869534,2.89918760209196,0.918
"11069",5,59,11,"AVS",11.0113025801568,15.6532516575173,1
"11070",5,59,12,"AVS",4.30422155693073,3.59752146600333,0.0605
"11071",5,59,13,"AVS",5.67078083824983,3.90058864212159,0.961
"11072",5,59,14,"AVS",6.71311671657028,4.61142502587562,0.984
"11073",5,59,15,"AVS",5.53742017898598,3.87365629153788,0.9505
"11074",5,59,16,"AVS",1.6717320491547,2.6170472908917,0.715
"11075",5,59,17,"AVS",3.84859035732315,3.300746239459,0.9045
"11076",5,59,18,"AVS",1.50978070300347,2.60848113727893,0.3195
"11077",5,59,19,"AVS",5.74634372514883,3.87016691105712,0.9635
"11078",5,59,20,"AVS",5.73686764961801,3.88983742059246,0.0455
"11079",5,59,21,"AVS",1.7512943215471,2.66079063777176,0.274
"11080",5,59,22,"AVS",2.73690856364087,2.97333240534384,0.167
"11081",5,59,23,"AVS",10.6307138510583,6.38961559997946,0.004
"11082",5,59,24,"AVS",11.7872527506741,6.06709751465905,0.0045
"11083",5,59,25,"AVS",4.77335373923774,3.36137701965734,0.8865
"11084",5,59,26,"AVS",3.11740905772689,3.11303806230214,0.2035
"11085",5,59,27,"AVS",2.47217585903751,3.01015133467611,0.2575
"11086",5,59,28,"AVS",16.5757095531147,7.38759225842502,0.002
"11087",5,59,29,"AVS",6.52725057248099,3.71774707534516,0.089
"11088",5,59,30,"AVS",7.46638902614729,3.99758179663549,0.062
"11089",5,59,31,"AVS",1.82299638325344,2.94226869864352,0.5595
"11090",5,59,32,"AVS",3.3781500637674,3.17112636401991,0.216
"11091",5,59,33,"AVS",2.5109978610343,3.06012822348941,0.3045
"11092",5,59,34,"AVS",3.01203570156948,3.17075890296393,0.2415
"11093",5,59,35,"AVS",5.6882728707014,3.64975067581067,0.091
"11094",5,59,36,"AVS",1.55838137441206,2.81651440077583,0.516
"11095",5,59,37,"AVS",4.36216253618412,3.43231087857508,0.1525
"11096",5,59,38,"AVS",1.61021161495121,2.90808860962591,0.517
"11097",5,59,1,"EQW",1.03560070452406,2.34284761391267,0.4975
"11098",5,59,2,"EQW",0.901077069829814,2.13011728287491,0.431
"11099",5,59,3,"EQW",2.0140160590749,3.08544719924121,0.797
"11100",5,59,4,"EQW",3.20000232896678,3.42091287463349,0.891
"11101",5,59,5,"EQW",0.973401668023299,2.26802724709501,0.5545
"11102",5,59,6,"EQW",0.911429465965516,2.22676907499167,0.5215
"11103",5,59,7,"EQW",2.475017167105,2.92299288522962,0.146
"11104",5,59,8,"EQW",1.86231104990476,2.83201446850652,0.7675
"11105",5,59,9,"EQW",0.886090723082921,2.1709694170152,0.498
"11106",5,59,10,"EQW",2.39192127877573,2.8415348946523,0.8655
"11107",5,59,11,"EQW",11.6480143017097,6.9489381767464,0.9975
"11108",5,59,12,"EQW",2.11184107989452,3.16042873590706,0.411
"11109",5,59,13,"EQW",5.88681286940897,3.98575833657868,0.954
"11110",5,59,14,"EQW",8.39657412383493,4.73840588711184,0.982
"11111",5,59,15,"EQW",8.00082864616886,4.20019777103226,0.969
"11112",5,59,16,"EQW",4.91862257276584,3.38542562940747,0.86
"11113",5,59,17,"EQW",7.23486008393168,3.96908381213186,0.9465
"11114",5,59,18,"EQW",3.37469900365182,3.19175677154887,0.7355
"11115",5,59,19,"EQW",10.1553164842572,4.71447327488471,0.975
"11116",5,59,20,"EQW",2.51924689725778,3.37869344813959,0.4935
"11117",5,59,21,"EQW",3.23175617117931,3.20203055651377,0.7125
"11118",5,59,22,"EQW",2.20124332713463,3.1384344331276,0.5585
"11119",5,59,23,"EQW",4.92325788215234,3.6283733410416,0.2095
"11120",5,59,24,"EQW",9.81412009396402,4.75593880435555,0.074
"11121",5,59,25,"EQW",3.59782678571068,3.43061318778602,0.694
"11122",5,59,26,"EQW",3.2633236725784,3.36894458499329,0.282
"11123",5,59,27,"EQW",3.35890465848443,3.32505023749546,0.2445
"11124",5,59,28,"EQW",16.7430234527433,5.85351506946405,0.006
"11125",5,59,29,"EQW",8.84494083890091,4.16066218657111,0.0615
"11126",5,59,30,"EQW",8.96318020621635,4.1887334613329,0.0545
"11127",5,59,31,"EQW",2.96387922825773,3.47483820267939,0.5745
"11128",5,59,32,"EQW",2.80026034982611,3.08139324658109,0.3445
"11129",5,59,33,"EQW",2.24630276079619,3.07410887909708,0.418
"11130",5,59,34,"EQW",2.36232488617311,2.95321636311188,0.349
"11131",5,59,35,"EQW",4.7688846104945,3.39349425046319,0.133
"11132",5,59,36,"EQW",1.91979342362079,2.88839275648531,0.4525
"11133",5,59,37,"EQW",4.25829263644982,3.43007145068093,0.1395
"11134",5,59,38,"EQW",1.96674915497691,2.97806603708264,0.398
"11135",5,59,1,"SGP",1.03560070452406,2.32117730187048,0.4675
"11136",5,59,2,"SGP",0.63520542767182,1.9010304022059,0.4855
"11137",5,59,3,"SGP",2.74871225581527,3.41343972195767,0.942
"11138",5,59,4,"SGP",3.67477278000762,3.71952110802731,0.966
"11139",5,59,5,"SGP",0.674879913564118,1.94914393627574,0.531
"11140",5,59,6,"SGP",0.661259038540159,1.88776660556689,0.466
"11141",5,59,7,"SGP",2.78279175747754,3.15796821193097,0.0635
"11142",5,59,8,"SGP",2.57193781491801,3.04484946804927,0.932
"11143",5,59,9,"SGP",0.724944326204596,1.95161212257684,0.3875
"11144",5,59,10,"SGP",1.98417329032812,2.57625611338209,0.891
"11145",5,59,11,"SGP",10.4822618453553,16.2742094287221,0.9995
"11146",5,59,12,"SGP",4.61489151869377,3.92510224252575,0.062
"11147",5,59,13,"SGP",4.47834275876815,3.579098156055,0.939
"11148",5,59,14,"SGP",7.03261246975323,4.6688405119761,0.98
"11149",5,59,15,"SGP",4.5134816896541,3.4396399131945,0.93
"11150",5,59,16,"SGP",1.55422150910389,2.58212196240644,0.7135
"11151",5,59,17,"SGP",3.91759824723856,3.28204926806018,0.9075
"11152",5,59,18,"SGP",1.46141587081778,2.63716257833633,0.351
"11153",5,59,19,"SGP",5.89578299050996,4.05402719066879,0.975
"11154",5,59,20,"SGP",5.48988516753107,3.93583109526339,0.048
"11155",5,59,21,"SGP",1.69180357414881,2.72508263642459,0.2785
"11156",5,59,22,"SGP",2.65129146034878,3.01434349181982,0.1835
"11157",5,59,23,"SGP",10.4179600911183,5.69849308753493,0.008
"11158",5,59,24,"SGP",12.4547672038233,6.82375460051524,0.003
"11159",5,59,25,"SGP",3.11236695556239,3.0731567196474,0.824
"11160",5,59,26,"SGP",4.14517714599871,3.26929979660092,0.137
"11161",5,59,27,"SGP",4.20293877978282,3.37614246966099,0.0975
"11162",5,59,28,"SGP",19.2151754401533,9.45580437983061,5e-04
"11163",5,59,29,"SGP",6.70190857869667,3.91377228690565,0.0815
"11164",5,59,30,"SGP",7.36374701767861,4.04562542364509,0.0595
"11165",5,59,31,"SGP",8.16444630536263,4.37635048794919,0.9545
"11166",5,59,32,"SGP",1.57835148266654,2.93004984215551,0.516
"11167",5,59,33,"SGP",1.80544981574942,2.84742072073286,0.585
"11168",5,59,34,"SGP",1.58293908532454,2.82195508383214,0.5175
"11169",5,59,35,"SGP",2.38928225062519,3.0275422899365,0.2875
"11170",5,59,36,"SGP",3.80355977904776,3.20835790148898,0.834
"11171",5,59,37,"SGP",1.93229178943525,2.91379884582593,0.352
"11172",5,59,38,"SGP",3.06729112653953,3.08108564910073,0.784
"11173",5,59,1,"SGP50",1.03560070452406,2.4066323363962,0.4735
"11174",5,59,2,"SGP50",0.885496200638406,2.09019955871501,0.447
"11175",5,59,3,"SGP50",2.06442686752748,3.00720607935213,0.8035
"11176",5,59,4,"SGP50",3.25768005397316,3.5059405905105,0.894
"11177",5,59,5,"SGP50",0.948640243860206,2.24922207761921,0.5575
"11178",5,59,6,"SGP50",0.884632064323889,2.19880822631269,0.5245
"11179",5,59,7,"SGP50",2.48559335218148,2.99248598726329,0.131
"11180",5,59,8,"SGP50",1.92327808585473,2.81321362055368,0.795
"11181",5,59,9,"SGP50",0.857692612917667,2.20987741125945,0.47
"11182",5,59,10,"SGP50",2.34645726527117,2.77044105089911,0.86
"11183",5,59,11,"SGP50",11.4953593447535,7.59655535634634,0.998
"11184",5,59,12,"SGP50",2.216291162422,3.27686944961174,0.368
"11185",5,59,13,"SGP50",5.72439375244354,3.82102923973491,0.9475
"11186",5,59,14,"SGP50",8.07744403046034,4.6089776002491,0.982
"11187",5,59,15,"SGP50",7.35143402498691,3.92241758180071,0.957
"11188",5,59,16,"SGP50",4.13830794518435,3.10225534056899,0.8285
"11189",5,59,17,"SGP50",6.51681294000949,3.80989129514018,0.9385
"11190",5,59,18,"SGP50",2.64132990927912,3.02350755727576,0.662
"11191",5,59,19,"SGP50",9.28171610276223,4.65288883250681,0.981
"11192",5,59,20,"SGP50",2.49332390298904,3.30070779653509,0.401
"11193",5,59,21,"SGP50",2.63415102120313,3.13282224403439,0.6335
"11194",5,59,22,"SGP50",1.8766813382664,3.06492714505989,0.494
"11195",5,59,23,"SGP50",5.71678786929308,3.87299339515911,0.1375
"11196",5,59,24,"SGP50",10.1632720675231,4.89229502502403,0.0435
"11197",5,59,25,"SGP50",3.56186154815624,3.35748337880606,0.741
"11198",5,59,26,"SGP50",3.26248951645491,3.25208476250793,0.249
"11199",5,59,27,"SGP50",3.27665390150115,3.16933245927594,0.213
"11200",5,59,28,"SGP50",17.2770611300735,6.75318797520654,0.0055
"11201",5,59,29,"SGP50",7.64081794817715,4.05538425803857,0.0785
"11202",5,59,30,"SGP50",8.01338316802282,4.08505163492548,0.0595
"11203",5,59,31,"SGP50",3.25739129179952,3.3896679156001,0.6815
"11204",5,59,32,"SGP50",2.34329031955754,3.01317617753779,0.3585
"11205",5,59,33,"SGP50",1.92725385152832,2.97053011693499,0.4525
"11206",5,59,34,"SGP50",2.04984436450129,2.96208824823482,0.3695
"11207",5,59,35,"SGP50",4.04110112025664,3.30296128437646,0.1665
"11208",5,59,36,"SGP50",1.86386599863696,2.95724686171693,0.575
"11209",5,59,37,"SGP50",3.41516113482212,3.25042109210562,0.1915
"11210",5,59,38,"SGP50",1.77002044736849,2.91817716447993,0.5145
"11211",5,60,1,"BMA",2.02873661738627,3.02431199793379,0.656
"11212",5,60,2,"BMA",1.89319270020714,2.6904833310535,0.3
"11213",5,60,3,"BMA",1.04257036504154,2.43018684757893,0.5535
"11214",5,60,4,"BMA",0.864435288002167,2.23304612354542,0.499
"11215",5,60,5,"BMA",6.02815187988925,4.53449959135066,0.98
"11216",5,60,6,"BMA",1.6690424005932,2.50864967868689,0.748
"11217",5,60,7,"BMA",1.84847393930485,2.61901467049067,0.796
"11218",5,60,8,"BMA",3.63221009692028,3.33099455500224,0.9445
"11219",5,60,9,"BMA",1.19879389958752,2.33051704618523,0.7095
"11220",5,60,10,"BMA",8.46277474869366,6.45628074507986,0.003
"11221",5,60,11,"BMA",4.52334819755402,3.54050758136151,0.105
"11222",5,60,12,"BMA",2.37949835792817,2.85232360002503,0.7565
"11223",5,60,13,"BMA",1.32899370979943,2.64476692313708,0.567
"11224",5,60,14,"BMA",4.49836250393889,3.58519153309852,0.911
"11225",5,60,15,"BMA",3.92480538799666,3.41444929886202,0.101
"11226",5,60,16,"BMA",1.94083397802618,2.79293314315447,0.269
"11227",5,60,17,"BMA",1.94109788411327,2.75643594779699,0.255
"11228",5,60,18,"BMA",1.30307095077466,2.56906946176599,0.414
"11229",5,60,19,"BMA",3.01517432747944,3.06129446963798,0.8465
"11230",5,60,20,"BMA",1.93943772138612,2.78134306484183,0.2485
"11231",5,60,21,"BMA",1.43788578655906,2.61405775923486,0.3495
"11232",5,60,22,"BMA",1.07086111430097,2.45729364692151,0.5135
"11233",5,60,23,"BMA",2.95419719721182,3.0437733652593,0.135
"11234",5,60,24,"BMA",1.17834195662946,2.46350178272541,0.4245
"11235",5,60,25,"BMA",1.43430368510046,2.55783436672315,0.667
"11236",5,60,26,"BMA",1.09222143153993,2.4304990538919,0.4365
"11237",5,60,27,"BMA",1.08299818038732,2.38937478168173,0.457
"11238",5,60,28,"BMA",2.42832825943671,2.78863518694635,0.8225
"11239",5,60,29,"BMA",4.46005253722099,3.55339420400624,0.0735
"11240",5,60,30,"BMA",1.40613757591567,2.49878173935836,0.697
"11241",5,60,31,"BMA",6.2291299378661,4.33740548275707,0.0185
"11242",5,60,32,"BMA",2.09552788615595,2.76347779428622,0.776
"11243",5,60,33,"BMA",1.25449632670983,2.47824760086686,0.362
"11244",5,60,34,"BMA",1.00379006901396,2.40233093091675,0.517
"11245",5,60,35,"BMA",1.2088511584585,2.43256650556137,0.6515
"11246",5,60,36,"BMA",1.09295441286472,2.42022221431101,0.5845
"11247",5,60,37,"BMA",1.12692288883061,2.45706143374886,0.3885
"11248",5,60,38,"BMA",5.07744333877244,3.79692199696673,0.037
"11249",5,60,1,"AVS",2.02873661738627,2.92765244531605,0.6295
"11250",5,60,2,"AVS",1.48686823362724,2.51348608540465,0.304
"11251",5,60,3,"AVS",0.981699602293545,2.33828005341129,0.5925
"11252",5,60,4,"AVS",0.818982385854945,2.24387525958273,0.519
"11253",5,60,5,"AVS",6.13249441324785,4.74596370761015,0.988
"11254",5,60,6,"AVS",1.6537770638041,2.53294652152451,0.724
"11255",5,60,7,"AVS",1.59611559957899,2.42170462725999,0.778
"11256",5,60,8,"AVS",3.39024838562245,3.27142681232014,0.9475
"11257",5,60,9,"AVS",1.08419028660571,2.29994458979665,0.684
"11258",5,60,10,"AVS",8.69753932718555,8.6671595055177,0
"11259",5,60,11,"AVS",6.40036413001936,4.45570241510156,0.0255
"11260",5,60,12,"AVS",1.64242191571489,2.62257912099641,0.6965
"11261",5,60,13,"AVS",1.18064655945197,2.54224631539165,0.4075
"11262",5,60,14,"AVS",3.08662212886645,3.03304213981257,0.866
"11263",5,60,15,"AVS",6.17193871221286,4.02641001486948,0.0235
"11264",5,60,16,"AVS",2.67800825568467,2.98461658845344,0.1995
"11265",5,60,17,"AVS",2.34608952980449,2.84840154548073,0.2015
"11266",5,60,18,"AVS",1.26539523975796,2.53669417337709,0.433
"11267",5,60,19,"AVS",3.0320172975555,3.09043033573638,0.8525
"11268",5,60,20,"AVS",2.10883005695324,2.79383598298717,0.218
"11269",5,60,21,"AVS",1.44307175788713,2.6414403090922,0.337
"11270",5,60,22,"AVS",1.05693754100328,2.46558161920198,0.511
"11271",5,60,23,"AVS",2.99824702645752,2.96719712215521,0.148
"11272",5,60,24,"AVS",1.15331523091468,2.5093283861985,0.4165
"11273",5,60,25,"AVS",1.44857280708713,2.58626733202574,0.6705
"11274",5,60,26,"AVS",1.10054141420078,2.43755757019941,0.435
"11275",5,60,27,"AVS",1.08525776253008,2.41435370470404,0.4405
"11276",5,60,28,"AVS",2.37153534199109,2.76005655475343,0.807
"11277",5,60,29,"AVS",4.57698309657573,3.5194095112516,0.065
"11278",5,60,30,"AVS",1.3893467645763,2.58841243070408,0.689
"11279",5,60,31,"AVS",6.37803758808498,4.36491231344712,0.016
"11280",5,60,32,"AVS",1.93711022635537,2.65085314240361,0.7545
"11281",5,60,33,"AVS",1.11809516692082,2.42805340932852,0.3885
"11282",5,60,34,"AVS",0.979502589495033,2.35122462215678,0.53
"11283",5,60,35,"AVS",1.38394549392493,2.48225266389902,0.7025
"11284",5,60,36,"AVS",1.3159985449306,2.53285775577046,0.6955
"11285",5,60,37,"AVS",1.07219757763092,2.41246213075947,0.4205
"11286",5,60,38,"AVS",4.82102730039613,3.7239020149766,0.0385
"11287",5,60,1,"EQW",2.02873661738627,3.00189394290811,0.6455
"11288",5,60,2,"EQW",2.38559602668508,2.8905992361702,0.2805
"11289",5,60,3,"EQW",1.54769395345711,2.64673181302107,0.4625
"11290",5,60,4,"EQW",1.30245985600459,2.52743066568947,0.447
"11291",5,60,5,"EQW",5.20110883350071,3.84483217988483,0.9095
"11292",5,60,6,"EQW",2.82430093114475,2.9326421154858,0.79
"11293",5,60,7,"EQW",3.51898320305567,3.16189172786768,0.8415
"11294",5,60,8,"EQW",5.86085930396004,3.7440552909701,0.932
"11295",5,60,9,"EQW",3.78808446457642,3.0782460645778,0.824
"11296",5,60,10,"EQW",3.86594578832379,3.62227906894743,0.261
"11297",5,60,11,"EQW",4.25040507364712,3.73836170666001,0.1685
"11298",5,60,12,"EQW",2.35153016295974,2.98849616285985,0.7005
"11299",5,60,13,"EQW",1.84625533470444,2.87068551692714,0.595
"11300",5,60,14,"EQW",5.46117969892407,3.5561931592497,0.914
"11301",5,60,15,"EQW",2.52639772758164,3.32706805726087,0.376
"11302",5,60,16,"EQW",1.86295540009064,2.93071857531275,0.398
"11303",5,60,17,"EQW",1.9149577852073,2.94477930423199,0.3855
"11304",5,60,18,"EQW",1.51325778359448,2.79813349140771,0.5055
"11305",5,60,19,"EQW",3.96648986934774,3.32283051161831,0.867
"11306",5,60,20,"EQW",1.88024330671432,2.94450231807625,0.4585
"11307",5,60,21,"EQW",1.67891121611328,2.84286393430759,0.5085
"11308",5,60,22,"EQW",1.79164700903967,2.74671642186753,0.636
"11309",5,60,23,"EQW",2.11927386552192,3.08590790461632,0.3485
"11310",5,60,24,"EQW",1.46119755622256,2.7438079285372,0.509
"11311",5,60,25,"EQW",2.47467545287359,2.9321482915313,0.7595
"11312",5,60,26,"EQW",1.7508852587599,2.76330140902197,0.6055
"11313",5,60,27,"EQW",1.70076082974205,2.66186354152732,0.5835
"11314",5,60,28,"EQW",4.48900949534444,3.34898739103958,0.9005
"11315",5,60,29,"EQW",2.35360204412756,3.19212271047894,0.369
"11316",5,60,30,"EQW",2.64924905948772,2.85935030641661,0.7845
"11317",5,60,31,"EQW",3.50338354547434,3.65257903072022,0.2275
"11318",5,60,32,"EQW",2.9189608833198,3.01072435087331,0.806
"11319",5,60,33,"EQW",1.47417777095981,2.63347363011303,0.5075
"11320",5,60,34,"EQW",1.68155769948914,2.68716564047604,0.639
"11321",5,60,35,"EQW",2.2704844624933,2.79699989012572,0.735
"11322",5,60,36,"EQW",2.1414327006036,2.77452299509187,0.713
"11323",5,60,37,"EQW",1.64599351536896,2.70917712234349,0.5735
"11324",5,60,38,"EQW",3.18635544976957,3.53844638125508,0.254
"11325",5,60,1,"SGP",2.02873661738627,2.99764554310059,0.6225
"11326",5,60,2,"SGP",1.54441398750109,2.56302298341272,0.3235
"11327",5,60,3,"SGP",0.997920798809892,2.34634406844323,0.556
"11328",5,60,4,"SGP",0.84981075076278,2.21529999841407,0.5
"11329",5,60,5,"SGP",6.03257762300595,4.73606828571173,0.9825
"11330",5,60,6,"SGP",1.67178521966049,2.52264234866508,0.7505
"11331",5,60,7,"SGP",1.84179497043866,2.57260177338967,0.8025
"11332",5,60,8,"SGP",3.65676272406643,3.48493227286149,0.947
"11333",5,60,9,"SGP",1.21231282080505,2.35036931348729,0.692
"11334",5,60,10,"SGP",8.27619258985279,6.26438546627419,0.009
"11335",5,60,11,"SGP",6.29125207122743,4.30237167377948,0.0295
"11336",5,60,12,"SGP",1.37082390212397,2.58691820482802,0.6455
"11337",5,60,13,"SGP",1.20209130060358,2.42005327052741,0.4015
"11338",5,60,14,"SGP",2.9712402015458,2.96793317107458,0.84
"11339",5,60,15,"SGP",6.00908369728493,4.06102975932682,0.0355
"11340",5,60,16,"SGP",2.94061073416929,3.01392868933901,0.1635
"11341",5,60,17,"SGP",2.859513562411,2.94305368640318,0.1625
"11342",5,60,18,"SGP",1.28699262147638,2.50974633021639,0.428
"11343",5,60,19,"SGP",3.05452175715278,2.90780006638695,0.872
"11344",5,60,20,"SGP",2.60694188040743,2.86182901800969,0.18
"11345",5,60,21,"SGP",1.4805135163506,2.61203647698571,0.326
"11346",5,60,22,"SGP",1.03441715660365,2.45414214599353,0.5335
"11347",5,60,23,"SGP",3.0904210114301,3.15972133782382,0.1325
"11348",5,60,24,"SGP",1.16203111351021,2.45039775378046,0.4015
"11349",5,60,25,"SGP",1.86866050872685,2.74218792803915,0.757
"11350",5,60,26,"SGP",1.08685813367902,2.47994186341303,0.3975
"11351",5,60,27,"SGP",1.12030225111104,2.37656601431057,0.412
"11352",5,60,28,"SGP",2.90078553855476,2.90965028977094,0.863
"11353",5,60,29,"SGP",4.76777278759464,3.74694712309631,0.047
"11354",5,60,30,"SGP",1.70894511731024,2.57035049869319,0.736
"11355",5,60,31,"SGP",6.17208931848009,4.37835328084536,0.024
"11356",5,60,32,"SGP",3.46776921433027,3.2311606942413,0.883
"11357",5,60,33,"SGP",1.1289680561723,2.46924092248153,0.395
"11358",5,60,34,"SGP",1.09125792088042,2.44354935771569,0.576
"11359",5,60,35,"SGP",1.33025154959686,2.50680721971438,0.6555
"11360",5,60,36,"SGP",1.12666084827565,2.48176416388762,0.5425
"11361",5,60,37,"SGP",1.20001622500146,2.42990995882201,0.3565
"11362",5,60,38,"SGP",5.21051795913277,3.63577724928631,0.041
"11363",5,60,1,"SGP50",2.02873661738627,2.99927813142935,0.635
"11364",5,60,2,"SGP50",2.32228448562476,2.85182933879136,0.298
"11365",5,60,3,"SGP50",1.46712708239907,2.67531396799654,0.443
"11366",5,60,4,"SGP50",1.23945205227942,2.46155639045063,0.4245
"11367",5,60,5,"SGP50",5.24570444264486,4.17803805969711,0.9205
"11368",5,60,6,"SGP50",2.57308521185089,2.80990861838106,0.7845
"11369",5,60,7,"SGP50",3.19063273134487,3.0250388482835,0.834
"11370",5,60,8,"SGP50",5.42948190496085,3.6830099211184,0.9405
"11371",5,60,9,"SGP50",3.15277340772473,2.99561061435182,0.8205
"11372",5,60,10,"SGP50",4.47087838547349,3.81295933389637,0.177
"11373",5,60,11,"SGP50",4.57094687303608,3.59305905908183,0.156
"11374",5,60,12,"SGP50",2.12647961688172,2.89671293407645,0.6915
"11375",5,60,13,"SGP50",1.52937601208232,2.80783446323387,0.572
"11376",5,60,14,"SGP50",4.7207315544751,3.45965658543425,0.9075
"11377",5,60,15,"SGP50",3.00609017317627,3.32756201157208,0.2685
"11378",5,60,16,"SGP50",1.95068214526779,2.89070351881799,0.343
"11379",5,60,17,"SGP50",2.05365113801774,2.972779484342,0.2965
"11380",5,60,18,"SGP50",1.37991685093589,2.72227812172117,0.469
"11381",5,60,19,"SGP50",3.44252110144776,3.14364870862633,0.856
"11382",5,60,20,"SGP50",1.79488025540434,2.85090608815835,0.372
"11383",5,60,21,"SGP50",1.44927948110566,2.76366981254224,0.4335
"11384",5,60,22,"SGP50",1.33265658835204,2.62703988868921,0.586
"11385",5,60,23,"SGP50",2.46180317941946,3.0743387383049,0.233
"11386",5,60,24,"SGP50",1.26970440071523,2.61433849695758,0.4465
"11387",5,60,25,"SGP50",1.92905043589512,2.68704817749598,0.718
"11388",5,60,26,"SGP50",1.23912785051408,2.56722495334834,0.524
"11389",5,60,27,"SGP50",1.2200904037125,2.54691706233697,0.5295
"11390",5,60,28,"SGP50",3.40373230545229,3.01262174525978,0.8545
"11391",5,60,29,"SGP50",3.00106682290545,3.30616829358752,0.2345
"11392",5,60,30,"SGP50",1.88782714385926,2.73055211620299,0.731
"11393",5,60,31,"SGP50",4.81490066075893,3.86390288797897,0.0935
"11394",5,60,32,"SGP50",2.56895880427759,2.97070884413464,0.81
"11395",5,60,33,"SGP50",1.20395993459411,2.54979819681146,0.4175
"11396",5,60,34,"SGP50",1.1994505367525,2.52117945820762,0.591
"11397",5,60,35,"SGP50",1.54525441278477,2.54865891201177,0.691
"11398",5,60,36,"SGP50",1.36878175725537,2.56993849177213,0.6295
"11399",5,60,37,"SGP50",1.1613387657665,2.49980312444964,0.4605
"11400",5,60,38,"SGP50",4.33460187901315,3.77587641525362,0.097
