"","seq","rep","time","method","crps","logs","pit"
"1",9,1,1,"BMA",1.40384029912928,2.54117808554858,0.6965
"2",9,1,2,"BMA",0.810858102108098,2.08865262365528,0.5955
"3",9,1,3,"BMA",1.47202396501577,2.27740971504068,0.16
"4",9,1,4,"BMA",1.09614382466374,2.01623274368795,0.2185
"5",9,1,5,"BMA",1.61050843196515,2.49237987190796,0.1305
"6",9,1,6,"BMA",0.564220614820872,1.86173470450725,0.4745
"7",9,1,7,"BMA",5.32675228175783,5.41379254325731,0.99
"8",9,1,8,"BMA",6.18568636841442,4.2529564274981,0.9165
"9",9,1,9,"BMA",2.13983315455854,2.96490776132461,0.648
"10",9,1,10,"BMA",2.04803828397358,2.78831570226143,0.261
"11",9,1,11,"BMA",1.35284834277545,2.49945483559184,0.3385
"12",9,1,12,"BMA",2.27218459494873,2.78710723077758,0.8315
"13",9,1,13,"BMA",1.03028840898794,2.33819126771552,0.5925
"14",9,1,14,"BMA",0.832515140986654,2.26431516225987,0.4855
"15",9,1,15,"BMA",1.42201414479966,2.38329599848756,0.741
"16",9,1,16,"BMA",1.62532961868063,2.3892571325443,0.224
"17",9,1,17,"BMA",2.33447965201537,2.71487999016894,0.1245
"18",9,1,18,"BMA",0.825867878343201,2.16263522553901,0.441
"19",9,1,19,"BMA",3.50322754335159,3.39456949408354,0.039
"20",9,1,20,"BMA",0.886062111552379,2.1084198939353,0.3845
"21",9,1,21,"BMA",1.28732240425966,2.28739425813718,0.771
"22",9,1,22,"BMA",0.94830833962666,2.14235867241296,0.6895
"23",9,1,23,"BMA",2.33952672903011,2.6391966318541,0.094
"24",9,1,24,"BMA",2.45721318554887,3.04455521232943,0.0745
"25",9,1,25,"BMA",0.857055363210448,2.16722221272234,0.586
"26",9,1,26,"BMA",0.877187497823583,1.99954691778855,0.32
"27",9,1,27,"BMA",3.6188639237258,3.81967181461216,0.973
"28",9,1,28,"BMA",1.72872972260666,2.71010039527138,0.783
"29",9,1,29,"BMA",1.59855094461359,2.32091239645532,0.176
"30",9,1,30,"BMA",0.797158219751288,1.94284656380453,0.298
"31",9,1,31,"BMA",1.83346140481418,2.58456122194532,0.8785
"32",9,1,32,"BMA",0.648943723499924,1.93894854096701,0.5905
"33",9,1,33,"BMA",2.35807309038519,2.7520215098738,0.0605
"34",9,1,34,"BMA",1.26362663331034,2.18015993022803,0.2095
"35",9,1,35,"BMA",2.78665653715164,3.29977088356925,0.045
"36",9,1,36,"BMA",2.15777646058898,2.80324201271654,0.1015
"37",9,1,37,"BMA",1.49864697807802,2.50684117278913,0.213
"38",9,1,38,"BMA",2.08755705253464,2.65666453172039,0.85
"39",9,1,1,"AVS",1.40384029912928,2.50471371181514,0.6955
"40",9,1,2,"AVS",0.826332138290811,2.16424277776394,0.604
"41",9,1,3,"AVS",1.45360490145061,2.29974897020999,0.164
"42",9,1,4,"AVS",1.09348906967538,2.03791662070207,0.208
"43",9,1,5,"AVS",1.62015311482153,2.39260709656249,0.137
"44",9,1,6,"AVS",0.561707275658131,1.76611812212067,0.4545
"45",9,1,7,"AVS",5.30750426022767,5.14447189065036,0.9865
"46",9,1,8,"AVS",7.33063066902068,4.7313362579416,0.945
"47",9,1,9,"AVS",1.40153253609479,2.5417834406009,0.636
"48",9,1,10,"AVS",2.35427742408244,2.85792614906344,0.1415
"49",9,1,11,"AVS",1.29051719985779,2.33690999319008,0.287
"50",9,1,12,"AVS",2.42169726811924,2.88442039465186,0.888
"51",9,1,13,"AVS",0.857157080276679,2.21302384014149,0.4825
"52",9,1,14,"AVS",0.796668921540373,2.09941744607517,0.4195
"53",9,1,15,"AVS",1.32719729940339,2.30724758500436,0.7575
"54",9,1,16,"AVS",2.19769087552423,2.68394986742101,0.128
"55",9,1,17,"AVS",2.16685722469492,2.61966029665464,0.1305
"56",9,1,18,"AVS",0.783055564051451,2.04931808475165,0.5435
"57",9,1,19,"AVS",3.42008523304304,3.31588112216954,0.036
"58",9,1,20,"AVS",0.764195604509336,2.12085266471843,0.5215
"59",9,1,21,"AVS",1.57047751026256,2.3682597971855,0.8085
"60",9,1,22,"AVS",0.784668968092061,2.07430229544922,0.576
"61",9,1,23,"AVS",2.98386441217588,2.97100330641313,0.061
"62",9,1,24,"AVS",2.1183739967145,2.81217203365284,0.129
"63",9,1,25,"AVS",1.31364951183881,2.36110909420306,0.746
"64",9,1,26,"AVS",0.921333110186785,2.06636901482638,0.305
"65",9,1,27,"AVS",3.89725422919739,3.81242052614809,0.9685
"66",9,1,28,"AVS",1.49030253303371,2.66968262693422,0.7425
"67",9,1,29,"AVS",2.29949687097761,2.65599054462655,0.135
"68",9,1,30,"AVS",0.795215021930113,1.97560450739028,0.3025
"69",9,1,31,"AVS",1.85339910529077,2.60966513636494,0.857
"70",9,1,32,"AVS",0.651347990465801,1.92059194265229,0.551
"71",9,1,33,"AVS",2.35461797058479,2.83891455663406,0.0545
"72",9,1,34,"AVS",1.27458240766833,2.05983408684806,0.1915
"73",9,1,35,"AVS",2.76699013393744,3.35289284229862,0.045
"74",9,1,36,"AVS",1.82144819175474,2.59702499377235,0.168
"75",9,1,37,"AVS",0.927522677028221,2.1941213727964,0.367
"76",9,1,38,"AVS",3.25535043527043,3.26351010950052,0.931
"77",9,1,1,"EQW",1.40384029912928,2.5242123404594,0.7045
"78",9,1,2,"EQW",0.829433468259063,2.15481111191153,0.5335
"79",9,1,3,"EQW",1.84197098741419,2.40166138938901,0.1575
"80",9,1,4,"EQW",1.2094168138029,2.19999381703606,0.2685
"81",9,1,5,"EQW",1.58867417854762,2.45312068347987,0.1775
"82",9,1,6,"EQW",0.713782428013464,2.02457815668707,0.5035
"83",9,1,7,"EQW",4.81870609984656,4.39812486097625,0.9635
"84",9,1,8,"EQW",5.9411543415486,4.27365766881335,0.947
"85",9,1,9,"EQW",2.0136619954374,2.74453943404109,0.7545
"86",9,1,10,"EQW",1.89218238986035,2.75430393446936,0.2535
"87",9,1,11,"EQW",1.35684383657856,2.37811496117772,0.3095
"88",9,1,12,"EQW",2.11043957514308,2.7919896304521,0.82
"89",9,1,13,"EQW",0.967200334148046,2.44047803813962,0.473
"90",9,1,14,"EQW",0.950659290995889,2.26658728638626,0.436
"91",9,1,15,"EQW",1.27257081951608,2.51694100121853,0.7085
"92",9,1,16,"EQW",2.11649838953764,2.69822982981702,0.1775
"93",9,1,17,"EQW",2.33124989796473,2.7809434793416,0.136
"94",9,1,18,"EQW",0.883370745594438,2.29994939660736,0.4895
"95",9,1,19,"EQW",3.49562097758912,3.25191571268462,0.0535
"96",9,1,20,"EQW",0.895090268519661,2.25290904459912,0.4395
"97",9,1,21,"EQW",1.44453409926614,2.38859789207679,0.7735
"98",9,1,22,"EQW",0.937120055410656,2.21897513783104,0.6375
"99",9,1,23,"EQW",2.31870233544731,2.65026842543046,0.129
"100",9,1,24,"EQW",1.53792654013642,2.41674117899074,0.209
"101",9,1,25,"EQW",0.926711623817639,2.1815350243672,0.653
"102",9,1,26,"EQW",0.912806587713863,2.20614429869815,0.355
"103",9,1,27,"EQW",4.46908372198253,4.18482293984231,0.9765
"104",9,1,28,"EQW",1.43160879818643,2.53428503608254,0.6685
"105",9,1,29,"EQW",1.56960288494657,2.54631567960056,0.283
"106",9,1,30,"EQW",0.747097897558236,2.07322127827073,0.519
"107",9,1,31,"EQW",2.32832120367685,2.65663402065579,0.8815
"108",9,1,32,"EQW",1.00988911392015,2.42525144245006,0.478
"109",9,1,33,"EQW",1.66775042336245,2.5497356517537,0.21
"110",9,1,34,"EQW",0.785412947878551,2.19773958133793,0.495
"111",9,1,35,"EQW",1.62072735471628,2.52578753698119,0.2325
"112",9,1,36,"EQW",0.907318615397776,2.18647968533632,0.386
"113",9,1,37,"EQW",0.991869488166499,2.31967342287357,0.342
"114",9,1,38,"EQW",2.90256608398321,3.06688305280219,0.9035
"115",9,1,1,"SGP",1.40384029912928,2.52943064603583,0.7125
"116",9,1,2,"SGP",0.761098651673899,2.06812069540986,0.612
"117",9,1,3,"SGP",1.45113501935646,2.3049632504118,0.1515
"118",9,1,4,"SGP",0.979846303209385,2.01269283435141,0.239
"119",9,1,5,"SGP",1.53207019074332,2.40101846046304,0.1305
"120",9,1,6,"SGP",0.537843921923991,1.80985953023148,0.4655
"121",9,1,7,"SGP",5.51907811910904,6.6915321586139,0.9985
"122",9,1,8,"SGP",8.55813556386312,5.36155193334129,0.9865
"123",9,1,9,"SGP",1.87050930183472,2.52250934258806,0.802
"124",9,1,10,"SGP",2.43071827699425,2.82180941977622,0.1285
"125",9,1,11,"SGP",1.2151020638302,2.28625192124165,0.278
"126",9,1,12,"SGP",2.47556474449274,2.81954775035908,0.9025
"127",9,1,13,"SGP",0.829720207178702,2.01338507316528,0.4035
"128",9,1,14,"SGP",0.831733428882165,2.07994856720444,0.3805
"129",9,1,15,"SGP",1.29266034248788,2.32374583321445,0.76
"130",9,1,16,"SGP",2.51845223736509,2.82692996075812,0.099
"131",9,1,17,"SGP",1.8345767837739,2.4788171819145,0.1595
"132",9,1,18,"SGP",0.803342938989334,2.01142767234699,0.595
"133",9,1,19,"SGP",3.3399464391411,3.3115535994122,0.0575
"134",9,1,20,"SGP",0.842782980983382,2.18293837338284,0.639
"135",9,1,21,"SGP",1.71210271973742,2.56337697049076,0.819
"136",9,1,22,"SGP",0.69446720347381,2.08815000822075,0.503
"137",9,1,23,"SGP",3.44863890695152,3.28670004296738,0.0395
"138",9,1,24,"SGP",0.972298047164685,2.09264605995151,0.324
"139",9,1,25,"SGP",0.847038191018049,2.00024317329251,0.6445
"140",9,1,26,"SGP",1.6523732777016,2.46833637384372,0.1635
"141",9,1,27,"SGP",4.52099423442848,4.65470947671293,0.988
"142",9,1,28,"SGP",0.776534621751124,2.06697912457595,0.428
"143",9,1,29,"SGP",3.12898831592763,3.27541071106738,0.0865
"144",9,1,30,"SGP",0.709595344502265,2.0471046745392,0.451
"145",9,1,31,"SGP",1.45519499754578,2.31332279962815,0.7795
"146",9,1,32,"SGP",1.8891587421566,2.52845556634934,0.165
"147",9,1,33,"SGP",2.10848179280121,2.67742204005354,0.1105
"148",9,1,34,"SGP",0.750294128482463,2.10130155679401,0.4965
"149",9,1,35,"SGP",2.74968457768829,2.99089752563831,0.0835
"150",9,1,36,"SGP",0.796222386631451,2.06278407886042,0.3895
"151",9,1,37,"SGP",1.27652894080958,2.44738934716514,0.2345
"152",9,1,38,"SGP",3.31813756654711,3.18153353137464,0.9455
"153",9,1,1,"SGP50",1.40384029912928,2.59372323195318,0.6915
"154",9,1,2,"SGP50",0.825466181325285,2.10342327705049,0.534
"155",9,1,3,"SGP50",1.81770219865973,2.44786942440655,0.136
"156",9,1,4,"SGP50",1.17856723925351,2.17417591510533,0.282
"157",9,1,5,"SGP50",1.55554258881698,2.25685503787414,0.1785
"158",9,1,6,"SGP50",0.698880730284603,2.01221958883332,0.4925
"159",9,1,7,"SGP50",4.88784099099937,4.48113008050159,0.9665
"160",9,1,8,"SGP50",5.97937108412173,4.08905133154081,0.949
"161",9,1,9,"SGP50",1.93470474097143,2.76323878535127,0.7515
"162",9,1,10,"SGP50",1.95170951185023,2.82399657144183,0.228
"163",9,1,11,"SGP50",1.3335597956627,2.48819359369446,0.314
"164",9,1,12,"SGP50",2.1660327105805,2.83745824642437,0.818
"165",9,1,13,"SGP50",0.935923432152543,2.30419176333792,0.4745
"166",9,1,14,"SGP50",0.918321410720983,2.22627996674005,0.414
"167",9,1,15,"SGP50",1.27977335828916,2.39713573151926,0.713
"168",9,1,16,"SGP50",2.13289404661489,2.64786653910638,0.1785
"169",9,1,17,"SGP50",2.23559554238639,2.70543493634283,0.1435
"170",9,1,18,"SGP50",0.841260123463021,2.22552097852939,0.488
"171",9,1,19,"SGP50",3.46710705604313,3.43238060973914,0.0445
"172",9,1,20,"SGP50",0.851672626794422,2.20431588834532,0.454
"173",9,1,21,"SGP50",1.47090621501047,2.42011607738166,0.769
"174",9,1,22,"SGP50",0.878755268474063,2.17564554741337,0.6185
"175",9,1,23,"SGP50",2.49238766795849,2.91657855774894,0.1085
"176",9,1,24,"SGP50",1.4855353269893,2.43329355034692,0.2195
"177",9,1,25,"SGP50",0.925236988614201,2.14257315565572,0.629
"178",9,1,26,"SGP50",0.969356155395049,2.21165811674309,0.3255
"179",9,1,27,"SGP50",4.39103185766392,4.05914356003463,0.9785
"180",9,1,28,"SGP50",1.23711177681976,2.4949526901275,0.63
"181",9,1,29,"SGP50",1.7791101210458,2.6217356919002,0.234
"182",9,1,30,"SGP50",0.732796124744099,2.10457921457323,0.473
"183",9,1,31,"SGP50",2.17027358254533,2.57848784877861,0.864
"184",9,1,32,"SGP50",1.00379572741449,2.39260219689311,0.433
"185",9,1,33,"SGP50",1.83597185958168,2.68433010808296,0.185
"186",9,1,34,"SGP50",0.777554031668634,2.11958650832082,0.48
"187",9,1,35,"SGP50",1.78259620566225,2.59107139058721,0.192
"188",9,1,36,"SGP50",0.939441059166193,2.26770237176381,0.3545
"189",9,1,37,"SGP50",1.04714509113945,2.29355344279878,0.3215
"190",9,1,38,"SGP50",2.81057282327308,3.01148702919496,0.8855
"191",9,2,1,"BMA",4.44283218364855,3.69631028310665,0.7045
"192",9,2,2,"BMA",4.06755043497685,3.53948487897084,0.715
"193",9,2,3,"BMA",2.65694704778822,3.20993561063051,0.6425
"194",9,2,4,"BMA",4.33173131185219,3.39693451065463,0.788
"195",9,2,5,"BMA",3.4211737942029,3.52973939831135,0.268
"196",9,2,6,"BMA",6.96004827954599,3.80434623006625,0.9285
"197",9,2,7,"BMA",2.08532368321763,2.95909679023282,0.356
"198",9,2,8,"BMA",1.68730324815331,2.65933084302608,0.296
"199",9,2,9,"BMA",6.14245250512758,4.55249295308447,0.0465
"200",9,2,10,"BMA",8.37686445056797,4.48183819390887,0.076
"201",9,2,11,"BMA",3.52242631616642,3.23007174771274,0.763
"202",9,2,12,"BMA",8.19217161364151,4.06289529290037,0.0865
"203",9,2,13,"BMA",3.17524428170452,3.21901152483341,0.7355
"204",9,2,14,"BMA",3.1255298637252,3.16814862569033,0.7215
"205",9,2,15,"BMA",6.86492679616227,3.87654635241327,0.105
"206",9,2,16,"BMA",5.66069633105261,3.68602567391476,0.8565
"207",9,2,17,"BMA",3.2355021491307,3.19080187653256,0.249
"208",9,2,18,"BMA",1.94470285158393,3.02867082664017,0.568
"209",9,2,19,"BMA",5.88291283577013,3.77117885436218,0.099
"210",9,2,20,"BMA",2.63463073981774,3.12432864781234,0.3245
"211",9,2,21,"BMA",2.00588204173996,3.01672775542549,0.5495
"212",9,2,22,"BMA",7.04405023083469,3.91354557642245,0.0905
"213",9,2,23,"BMA",1.90422797907312,3.0173265723395,0.4655
"214",9,2,24,"BMA",4.16679675888915,3.31176229021126,0.184
"215",9,2,25,"BMA",3.14418538823401,3.19515071431195,0.255
"216",9,2,26,"BMA",4.64448656805262,3.47839029471661,0.138
"217",9,2,27,"BMA",1.88951360891606,2.91875691282243,0.4315
"218",9,2,28,"BMA",3.05294182473317,3.27078521324986,0.2425
"219",9,2,29,"BMA",1.86063325678308,2.96475100693507,0.381
"220",9,2,30,"BMA",5.14804639400821,3.54590354918118,0.101
"221",9,2,31,"BMA",2.69725926531463,3.02995470022684,0.233
"222",9,2,32,"BMA",1.85948341698375,2.81790201142279,0.635
"223",9,2,33,"BMA",1.70569179268862,2.91658515832129,0.5005
"224",9,2,34,"BMA",2.0560525674367,2.90371679089638,0.6965
"225",9,2,35,"BMA",2.26207290343595,3.01436224700163,0.7025
"226",9,2,36,"BMA",1.36084132102444,2.72819288287618,0.4785
"227",9,2,37,"BMA",2.03072606966061,2.77353825826334,0.2915
"228",9,2,38,"BMA",1.4024876701981,2.64177301841213,0.389
"229",9,2,1,"AVS",4.44283218364855,3.66603990568679,0.695
"230",9,2,2,"AVS",2.59534846443253,3.35780823467328,0.567
"231",9,2,3,"AVS",2.85345867462006,3.30471710876996,0.64
"232",9,2,4,"AVS",6.92551186859351,3.78647820869165,0.8245
"233",9,2,5,"AVS",3.0519806813927,3.50925732304671,0.339
"234",9,2,6,"AVS",11.8671293330952,4.4706979438871,0.97
"235",9,2,7,"AVS",2.26319398802749,2.86073368903953,0.2545
"236",9,2,8,"AVS",1.83871864004737,2.65122558188444,0.227
"237",9,2,9,"AVS",6.51037837691404,4.59686781160597,0.0185
"238",9,2,10,"AVS",10.787944386496,5.83296125936291,0.004
"239",9,2,11,"AVS",3.65388862393396,3.25705211693813,0.775
"240",9,2,12,"AVS",11.0006253241839,4.86122607132152,0.031
"241",9,2,13,"AVS",3.1367510060219,3.25460765711813,0.7205
"242",9,2,14,"AVS",2.9730459878515,3.18752704364059,0.7295
"243",9,2,15,"AVS",7.35051025889057,4.07111202014871,0.072
"244",9,2,16,"AVS",5.77227018270708,3.59010410173545,0.8585
"245",9,2,17,"AVS",3.44293039312955,3.21624171870409,0.2375
"246",9,2,18,"AVS",1.95791739013461,3.03554180809527,0.5675
"247",9,2,19,"AVS",5.82193341065923,3.65952841340862,0.105
"248",9,2,20,"AVS",3.21765195515923,3.15683557477283,0.26
"249",9,2,21,"AVS",2.01196633525811,3.06742532005418,0.5555
"250",9,2,22,"AVS",7.08588900250895,3.93841650069866,0.085
"251",9,2,23,"AVS",1.89569057150945,3.06176084193427,0.4815
"252",9,2,24,"AVS",4.23770822097917,3.33756370717383,0.189
"253",9,2,25,"AVS",3.03852668561063,3.17763890837946,0.2565
"254",9,2,26,"AVS",4.09166618022889,3.29410186570506,0.1705
"255",9,2,27,"AVS",1.71510542534648,2.88975794042508,0.611
"256",9,2,28,"AVS",1.67180073672577,2.92538446468179,0.5425
"257",9,2,29,"AVS",1.6400383157679,2.82085883991048,0.67
"258",9,2,30,"AVS",2.72689343140988,2.9652437664324,0.2155
"259",9,2,31,"AVS",1.87962740712394,2.71913063472877,0.2685
"260",9,2,32,"AVS",2.56839099515632,2.82956385210045,0.82
"261",9,2,33,"AVS",1.87285788601308,2.76794139072877,0.708
"262",9,2,34,"AVS",2.72541463029123,2.99176278279738,0.823
"263",9,2,35,"AVS",3.03486490687087,2.94853440155507,0.82
"264",9,2,36,"AVS",1.21542614418175,2.61697389072731,0.5465
"265",9,2,37,"AVS",1.97699503184587,2.75657426937962,0.2515
"266",9,2,38,"AVS",1.37467023856685,2.57076003405431,0.3725
"267",9,2,1,"EQW",4.44283218364855,3.75209545290607,0.7085
"268",9,2,2,"EQW",4.35820817308261,3.68388339002753,0.7255
"269",9,2,3,"EQW",2.58948058609022,3.18908065981507,0.6115
"270",9,2,4,"EQW",4.0113482843388,3.42031062461452,0.745
"271",9,2,5,"EQW",3.04333150600395,3.46698529962883,0.3675
"272",9,2,6,"EQW",7.5082516295578,3.95682190288983,0.8955
"273",9,2,7,"EQW",3.60203710003914,3.50778315805363,0.612
"274",9,2,8,"EQW",4.55418135035218,3.48420413370058,0.6905
"275",9,2,9,"EQW",3.45121872470302,3.607709763057,0.493
"276",9,2,10,"EQW",3.65896219867652,3.73645754524987,0.4885
"277",9,2,11,"EQW",5.60953775672259,3.52773362486154,0.8025
"278",9,2,12,"EQW",4.33292623320127,3.79911745185363,0.371
"279",9,2,13,"EQW",4.20931083502241,3.36382803131168,0.751
"280",9,2,14,"EQW",5.28375851889002,3.5311156572981,0.783
"281",9,2,15,"EQW",4.56229354063098,3.90555778113241,0.358
"282",9,2,16,"EQW",6.02499197702994,3.56671933723401,0.818
"283",9,2,17,"EQW",3.32652847347112,3.48154424629215,0.4765
"284",9,2,18,"EQW",3.4943186217481,3.29489994567656,0.6465
"285",9,2,19,"EQW",4.42311656530114,3.90641613173907,0.315
"286",9,2,20,"EQW",2.78244599983209,3.29791227598741,0.51
"287",9,2,21,"EQW",4.49699327322839,3.51516621688174,0.7205
"288",9,2,22,"EQW",3.83496307914453,3.61121967472392,0.3255
"289",9,2,23,"EQW",3.02348062890891,3.30190630868736,0.617
"290",9,2,24,"EQW",2.83752820918017,3.36607161061095,0.3805
"291",9,2,25,"EQW",2.61145064152166,3.30061400128848,0.4245
"292",9,2,26,"EQW",3.0777095255581,3.44664269307084,0.3145
"293",9,2,27,"EQW",2.21636973523129,3.16410047747447,0.5625
"294",9,2,28,"EQW",2.26536066405389,3.23767063548122,0.464
"295",9,2,29,"EQW",1.96080133269938,3.03758250292509,0.5205
"296",9,2,30,"EQW",3.64672328866687,3.36203463327253,0.223
"297",9,2,31,"EQW",3.10638818035897,3.17791183156507,0.238
"298",9,2,32,"EQW",1.72771936900703,2.98260848765048,0.493
"299",9,2,33,"EQW",2.10509325990878,2.99673465018899,0.35
"300",9,2,34,"EQW",1.52310316326864,2.80911464576626,0.4865
"301",9,2,35,"EQW",1.48770855621314,2.6473246607631,0.603
"302",9,2,36,"EQW",1.20284737994558,2.55844790472032,0.4985
"303",9,2,37,"EQW",1.43988087458681,2.65672599366893,0.357
"304",9,2,38,"EQW",1.11187156697549,2.43404130881126,0.4635
"305",9,2,1,"SGP",4.44283218364855,3.68318052132529,0.6855
"306",9,2,2,"SGP",5.38897193959527,3.70412782665166,0.826
"307",9,2,3,"SGP",2.6786025301867,2.99427637461743,0.6945
"308",9,2,4,"SGP",2.66803687117565,2.85256206931633,0.787
"309",9,2,5,"SGP",4.86595232798577,3.71205167527475,0.094
"310",9,2,6,"SGP",4.70504057235039,3.563770514833,0.9255
"311",9,2,7,"SGP",2.19989461974289,2.9039089452713,0.285
"312",9,2,8,"SGP",1.78298450528222,2.73440488509239,0.242
"313",9,2,9,"SGP",6.30949055611626,4.67051930819582,0.0265
"314",9,2,10,"SGP",10.4780254894642,5.69738563854224,0.0135
"315",9,2,11,"SGP",1.4263725062787,2.7750418511007,0.6005
"316",9,2,12,"SGP",12.9237375493129,7.35440039393396,0.0065
"317",9,2,13,"SGP",1.41219907249223,2.83290764528281,0.5035
"318",9,2,14,"SGP",1.44571953793313,2.73309593971426,0.5075
"319",9,2,15,"SGP",12.7886041363952,5.49032767668096,0.005
"320",9,2,16,"SGP",1.50628626250997,2.81561314745896,0.57
"321",9,2,17,"SGP",4.33289245586103,3.37430156127477,0.1225
"322",9,2,18,"SGP",1.69632338601555,2.80386297866695,0.3775
"323",9,2,19,"SGP",7.1356013900453,4.07023905552902,0.032
"324",9,2,20,"SGP",1.39359313785415,2.72109264196824,0.565
"325",9,2,21,"SGP",6.8983852106221,4.09179160464003,0.9645
"326",9,2,22,"SGP",2.38345283327995,2.96291383924194,0.2685
"327",9,2,23,"SGP",2.54425232722226,2.95420549306723,0.763
"328",9,2,24,"SGP",1.88818552761753,2.84403547869206,0.318
"329",9,2,25,"SGP",1.78838316242631,2.74992085107817,0.3155
"330",9,2,26,"SGP",2.43202120242341,2.91381856833643,0.222
"331",9,2,27,"SGP",1.94635441622476,2.81926706248409,0.6925
"332",9,2,28,"SGP",1.91080999941535,2.75540344327055,0.706
"333",9,2,29,"SGP",1.68107545473956,2.75653289642558,0.6685
"334",9,2,30,"SGP",2.63155771998885,2.980371208873,0.1975
"335",9,2,31,"SGP",1.89324890946277,2.67774738284237,0.2805
"336",9,2,32,"SGP",2.5424933340656,2.87477667577816,0.8065
"337",9,2,33,"SGP",1.85782108539669,2.74646956943741,0.703
"338",9,2,34,"SGP",2.69694718773135,2.92363342869346,0.832
"339",9,2,35,"SGP",3.00847627596978,3.10949962492605,0.843
"340",9,2,36,"SGP",1.21434724363981,2.68183187775163,0.545
"341",9,2,37,"SGP",1.972221636471,2.79470997096776,0.2665
"342",9,2,38,"SGP",1.37170239467257,2.61430386936128,0.37
"343",9,2,1,"SGP50",4.44283218364855,3.63318141802855,0.701
"344",9,2,2,"SGP50",4.37550701984724,3.67145506024243,0.711
"345",9,2,3,"SGP50",2.57661713063921,3.21717156160016,0.6155
"346",9,2,4,"SGP50",4.07997734747245,3.42467366754514,0.7655
"347",9,2,5,"SGP50",2.98609959604099,3.46000122169164,0.376
"348",9,2,6,"SGP50",7.44258200356766,3.97138073510693,0.8985
"349",9,2,7,"SGP50",3.22302040906368,3.36700010543417,0.5955
"350",9,2,8,"SGP50",3.69922491334893,3.29806149243944,0.623
"351",9,2,9,"SGP50",3.27183895159681,3.67734104156463,0.409
"352",9,2,10,"SGP50",3.96094006557425,3.83237249795319,0.3775
"353",9,2,11,"SGP50",4.20619377254724,3.3305441212131,0.762
"354",9,2,12,"SGP50",5.84261603119999,4.09200365470884,0.2255
"355",9,2,13,"SGP50",3.13475996043678,3.25400959269836,0.6815
"356",9,2,14,"SGP50",3.46250763061011,3.18294110724923,0.7
"357",9,2,15,"SGP50",6.42331143364735,4.05826531323491,0.206
"358",9,2,16,"SGP50",4.05867695825407,3.28551140509338,0.76
"359",9,2,17,"SGP50",3.06933913937076,3.36097971487511,0.2945
"360",9,2,18,"SGP50",2.04880152386902,2.98678149806703,0.523
"361",9,2,19,"SGP50",5.44398115420387,3.93878491644355,0.1435
"362",9,2,20,"SGP50",1.96210137020782,3.01527798250782,0.4705
"363",9,2,21,"SGP50",3.98068819635683,3.48842266945564,0.76
"364",9,2,22,"SGP50",3.80227272018205,3.37941305129449,0.2195
"365",9,2,23,"SGP50",2.20388890073766,3.01561900051235,0.6435
"366",9,2,24,"SGP50",2.60411768599678,2.98215596481621,0.2925
"367",9,2,25,"SGP50",2.32612267390633,3.09203577419974,0.3015
"368",9,2,26,"SGP50",3.16055660954474,3.2297187845172,0.205
"369",9,2,27,"SGP50",1.77490125212442,2.94169399417679,0.574
"370",9,2,28,"SGP50",1.85829667544698,3.02853497345081,0.4865
"371",9,2,29,"SGP50",1.63891615938791,2.88963068444077,0.5315
"372",9,2,30,"SGP50",3.75505193071326,3.26989787328605,0.173
"373",9,2,31,"SGP50",2.75646933413977,3.02770972140047,0.2325
"374",9,2,32,"SGP50",1.77483147089024,2.90877754146563,0.5985
"375",9,2,33,"SGP50",1.74899431720439,2.99176345647694,0.476
"376",9,2,34,"SGP50",1.74324315475698,2.83239270992267,0.5985
"377",9,2,35,"SGP50",1.88964435078497,2.84082999134481,0.6705
"378",9,2,36,"SGP50",1.2367354427956,2.60339834131549,0.4945
"379",9,2,37,"SGP50",1.75663466583432,2.76123040336747,0.2865
"380",9,2,38,"SGP50",1.24918443770633,2.49425580958911,0.417
"381",9,3,1,"BMA",1.99215998961222,2.94929841330372,0.7405
"382",9,3,2,"BMA",2.59940765456172,3.07911988027922,0.772
"383",9,3,3,"BMA",3.92057336067539,3.38991186480498,0.8645
"384",9,3,4,"BMA",1.93635956854556,2.91857960811538,0.6685
"385",9,3,5,"BMA",1.35037015184971,2.65306767166517,0.4535
"386",9,3,6,"BMA",3.00650047291137,3.21890969733916,0.832
"387",9,3,7,"BMA",1.87299080954514,2.77994514705926,0.679
"388",9,3,8,"BMA",1.94909963135804,2.79605470390731,0.742
"389",9,3,9,"BMA",4.64120736391231,3.58506181276963,0.9165
"390",9,3,10,"BMA",1.24142726810891,2.47450446451623,0.528
"391",9,3,11,"BMA",11.343349725541,6.2696404467196,0.9955
"392",9,3,12,"BMA",6.2256157741678,3.68107086791293,0.9065
"393",9,3,13,"BMA",8.53933605681561,4.35976030782895,0.96
"394",9,3,14,"BMA",4.1315565909326,3.26493127494745,0.853
"395",9,3,15,"BMA",1.60589071874419,2.74500282578171,0.577
"396",9,3,16,"BMA",6.11445608647409,3.92933020765618,0.9375
"397",9,3,17,"BMA",5.25505078961774,3.71872380706878,0.901
"398",9,3,18,"BMA",6.66954373816349,4.03067630171406,0.065
"399",9,3,19,"BMA",3.63770498131012,3.27207484344578,0.816
"400",9,3,20,"BMA",1.84719528022254,2.89419478335795,0.3795
"401",9,3,21,"BMA",2.12752462844444,2.95065663300287,0.3005
"402",9,3,22,"BMA",1.68763782689214,2.85206536600425,0.614
"403",9,3,23,"BMA",1.45804763525915,2.71779304865166,0.5015
"404",9,3,24,"BMA",2.2052508406829,2.94444354803825,0.2715
"405",9,3,25,"BMA",9.23609287800182,4.96144484360538,0.0155
"406",9,3,26,"BMA",1.55510957616657,2.85049303469616,0.535
"407",9,3,27,"BMA",4.55926965941019,3.39478405825167,0.132
"408",9,3,28,"BMA",2.83445310766345,3.04480250956842,0.2015
"409",9,3,29,"BMA",3.97894314422334,3.22192272258016,0.1375
"410",9,3,30,"BMA",2.49245201575602,2.9655440498077,0.2345
"411",9,3,31,"BMA",2.10057186690691,2.86282848765084,0.2655
"412",9,3,32,"BMA",4.18794535319841,3.40619493652876,0.1135
"413",9,3,33,"BMA",3.12052984621689,3.10183475768573,0.1495
"414",9,3,34,"BMA",1.45731569790983,2.67209105238636,0.37
"415",9,3,35,"BMA",1.18961404642005,2.56147132817278,0.5135
"416",9,3,36,"BMA",2.6109659627581,3.07765928313583,0.821
"417",9,3,37,"BMA",2.09465294919071,2.92317858659728,0.729
"418",9,3,38,"BMA",1.79591608240987,2.62037208725007,0.313
"419",9,3,1,"AVS",1.99215998961222,2.98582757711286,0.7345
"420",9,3,2,"AVS",2.18031612742852,2.98538567555082,0.7355
"421",9,3,3,"AVS",2.97333922410754,3.22332108977155,0.778
"422",9,3,4,"AVS",2.05523449427204,2.95304455629815,0.627
"423",9,3,5,"AVS",1.67309217065312,2.86595781175374,0.4065
"424",9,3,6,"AVS",2.24765404629089,3.00897636637126,0.708
"425",9,3,7,"AVS",2.14501115602589,3.03727191417413,0.643
"426",9,3,8,"AVS",2.40935505407422,3.15256364197319,0.6815
"427",9,3,9,"AVS",4.81175548893244,3.56973036246126,0.8775
"428",9,3,10,"AVS",2.20413215205424,3.05190033830258,0.6655
"429",9,3,11,"AVS",11.110267366145,5.58781828056331,0.9835
"430",9,3,12,"AVS",7.05597767565282,3.89914232423642,0.9315
"431",9,3,13,"AVS",6.89627532250112,4.15856207529659,0.9615
"432",9,3,14,"AVS",1.49292437597161,2.64547984723019,0.5985
"433",9,3,15,"AVS",4.8696248558129,3.86898732865152,0.085
"434",9,3,16,"AVS",5.84228658590757,3.69976842777775,0.9395
"435",9,3,17,"AVS",4.1506080045665,3.56483092903331,0.939
"436",9,3,18,"AVS",12.763171477199,6.46684465818893,0.0045
"437",9,3,19,"AVS",4.25075805040081,3.33877011201396,0.8615
"438",9,3,20,"AVS",1.89621178092684,2.87798183873966,0.3555
"439",9,3,21,"AVS",2.06735436140069,2.83484847565333,0.303
"440",9,3,22,"AVS",1.65230791702679,2.81513612950548,0.6465
"441",9,3,23,"AVS",1.40248329786283,2.69099207866455,0.4805
"442",9,3,24,"AVS",2.38304966375677,2.91374589797607,0.25
"443",9,3,25,"AVS",9.68503827612792,5.34461078536434,0.0115
"444",9,3,26,"AVS",1.60926216867896,2.74129574096643,0.605
"445",9,3,27,"AVS",5.23180931689629,3.60672878601037,0.094
"446",9,3,28,"AVS",2.94450955307627,3.15858113594852,0.192
"447",9,3,29,"AVS",4.24041889641509,3.37153646300312,0.1235
"448",9,3,30,"AVS",2.50416586389198,2.95683211219291,0.247
"449",9,3,31,"AVS",2.33418448890848,2.90274841391416,0.2705
"450",9,3,32,"AVS",4.89386518818488,3.64554498784869,0.0825
"451",9,3,33,"AVS",3.23488377625661,3.10232931669407,0.172
"452",9,3,34,"AVS",1.43399076147659,2.74825189734876,0.5005
"453",9,3,35,"AVS",1.49347030547244,2.78715959125664,0.512
"454",9,3,36,"AVS",1.90279776154881,2.79046761719458,0.706
"455",9,3,37,"AVS",1.5037524716193,2.77866332724025,0.4845
"456",9,3,38,"AVS",4.55701626375818,3.49947509061633,0.105
"457",9,3,1,"EQW",1.99215998961222,2.9795956835309,0.749
"458",9,3,2,"EQW",3.09656247061952,3.2359439853223,0.8
"459",9,3,3,"EQW",4.37037274242885,3.53377346638527,0.8875
"460",9,3,4,"EQW",1.99624119817981,2.9679742462496,0.6895
"461",9,3,5,"EQW",1.41323317934925,2.69722487470473,0.449
"462",9,3,6,"EQW",2.72657546116202,3.10974632435701,0.772
"463",9,3,7,"EQW",1.48244861912509,2.66980361228544,0.6325
"464",9,3,8,"EQW",1.56617222643681,2.65866673078031,0.6395
"465",9,3,9,"EQW",4.0075211423536,3.26687764393831,0.8815
"466",9,3,10,"EQW",1.39641285244641,2.7262377193411,0.4915
"467",9,3,11,"EQW",10.584649345772,5.62314382010048,0.9845
"468",9,3,12,"EQW",5.84793331402667,3.78907757797462,0.919
"469",9,3,13,"EQW",7.68787332690294,4.00471249159323,0.9465
"470",9,3,14,"EQW",3.68517139530437,3.13828392367201,0.7485
"471",9,3,15,"EQW",2.17777339822417,3.16729997596054,0.5005
"472",9,3,16,"EQW",5.18499776806215,3.59081801369959,0.9055
"473",9,3,17,"EQW",5.77830358762606,3.85064194826101,0.9265
"474",9,3,18,"EQW",5.76925016482505,3.76721062443591,0.1695
"475",9,3,19,"EQW",3.11625082963402,3.21525128563963,0.7515
"476",9,3,20,"EQW",2.13526062416863,3.10844933225272,0.39
"477",9,3,21,"EQW",2.31924852476529,3.04116439239938,0.33
"478",9,3,22,"EQW",1.73452706898055,2.87462045382046,0.586
"479",9,3,23,"EQW",1.63802991854475,2.8782758877731,0.518
"480",9,3,24,"EQW",2.2071435351604,2.97214417681907,0.3245
"481",9,3,25,"EQW",9.1942813853791,4.67604912931448,0.0285
"482",9,3,26,"EQW",1.56500595877813,2.76403533306177,0.4665
"483",9,3,27,"EQW",4.41625716965132,3.43922980184849,0.136
"484",9,3,28,"EQW",1.95037148873805,2.93984077101603,0.3375
"485",9,3,29,"EQW",2.54797931959709,2.99824629898319,0.241
"486",9,3,30,"EQW",1.6516293457296,2.80209049844411,0.409
"487",9,3,31,"EQW",1.48559981067238,2.79393496960936,0.436
"488",9,3,32,"EQW",2.84669559794775,3.04131642204178,0.187
"489",9,3,33,"EQW",2.13843866101357,2.83460770575354,0.2525
"490",9,3,34,"EQW",1.28348590908795,2.60023352549095,0.4645
"491",9,3,35,"EQW",1.3425974572535,2.59689292855846,0.572
"492",9,3,36,"EQW",2.64072458869068,2.92882218284198,0.794
"493",9,3,37,"EQW",1.85889615129009,2.92545463040775,0.702
"494",9,3,38,"EQW",2.31425158609865,2.77795217618795,0.2515
"495",9,3,1,"SGP",1.99215998961222,2.93948770193941,0.749
"496",9,3,2,"SGP",3.85993598900225,3.4490825828264,0.888
"497",9,3,3,"SGP",4.9307395923503,3.69393353644481,0.942
"498",9,3,4,"SGP",1.86828520078278,2.79995807414062,0.7365
"499",9,3,5,"SGP",1.07600965277744,2.42247212078523,0.4995
"500",9,3,6,"SGP",3.75932133849173,3.38960127411516,0.9235
"501",9,3,7,"SGP",1.35968156170153,2.4267234059039,0.6615
"502",9,3,8,"SGP",1.13137881574002,2.35818365643593,0.6265
"503",9,3,9,"SGP",3.22438684649853,3.1643735353246,0.9065
"504",9,3,10,"SGP",1.62360441334933,2.55421230057088,0.2195
"505",9,3,11,"SGP",9.57324329156388,8.29605675383494,1
"506",9,3,12,"SGP",5.79249650207641,4.18962999112843,0.965
"507",9,3,13,"SGP",4.46512376866486,3.3964984349932,0.9335
"508",9,3,14,"SGP",1.13037297686909,2.46262208217868,0.413
"509",9,3,15,"SGP",5.3337987039255,3.98043808702319,0.06
"510",9,3,16,"SGP",3.29369526475285,3.143234391259,0.9055
"511",9,3,17,"SGP",3.90570841560141,3.45420501938075,0.943
"512",9,3,18,"SGP",13.3120226979083,8.20006812183187,0.0025
"513",9,3,19,"SGP",1.95164467320596,2.72838721131505,0.7165
"514",9,3,20,"SGP",3.64964175146911,3.24004747274764,0.1225
"515",9,3,21,"SGP",4.04330829077394,3.34260816062911,0.0945
"516",9,3,22,"SGP",1.26045260636751,2.52648933795476,0.416
"517",9,3,23,"SGP",1.99949091419594,2.70281177034887,0.2775
"518",9,3,24,"SGP",4.77282209036492,3.46808143796983,0.0795
"519",9,3,25,"SGP",13.0086815202178,6.29092327016441,0.005
"520",9,3,26,"SGP",1.37540877987159,2.7189856766944,0.471
"521",9,3,27,"SGP",7.07250111705778,4.0956441767242,0.0395
"522",9,3,28,"SGP",1.4053173695132,2.6976664255159,0.5795
"523",9,3,29,"SGP",1.25508334110403,2.6543054426642,0.434
"524",9,3,30,"SGP",1.42146023128021,2.64678851399766,0.648
"525",9,3,31,"SGP",1.53789056585295,2.67345372023194,0.67
"526",9,3,32,"SGP",1.61965382044835,2.63987164474771,0.3315
"527",9,3,33,"SGP",1.15888901732323,2.50550384496901,0.4445
"528",9,3,34,"SGP",1.96598951920588,2.67097525000448,0.749
"529",9,3,35,"SGP",2.38266540444303,2.81854594574785,0.772
"530",9,3,36,"SGP",3.5258467792465,3.12424016605592,0.892
"531",9,3,37,"SGP",1.19561350518631,2.50842742492889,0.579
"532",9,3,38,"SGP",5.30798954298987,3.76005771671817,0.0545
"533",9,3,1,"SGP50",1.99215998961222,2.97511959646746,0.756
"534",9,3,2,"SGP50",3.12455350300701,3.34630714118947,0.8175
"535",9,3,3,"SGP50",4.41109955691963,3.6426998152641,0.9045
"536",9,3,4,"SGP50",1.99058715113473,2.89659715252887,0.7055
"537",9,3,5,"SGP50",1.38663352440043,2.68215061222309,0.436
"538",9,3,6,"SGP50",2.7937364853661,3.17553997057235,0.7775
"539",9,3,7,"SGP50",1.45773833470088,2.58422320628848,0.638
"540",9,3,8,"SGP50",1.52421425732259,2.62491226979927,0.644
"541",9,3,9,"SGP50",3.96094789941218,3.42153639177211,0.8915
"542",9,3,10,"SGP50",1.34880207141528,2.63294062342858,0.4585
"543",9,3,11,"SGP50",10.53228473277,5.65438727461691,0.9865
"544",9,3,12,"SGP50",5.56865867248011,3.753227553997,0.923
"545",9,3,13,"SGP50",7.17843612749252,3.96534012638501,0.959
"546",9,3,14,"SGP50",3.05418856934677,3.05526267197825,0.7185
"547",9,3,15,"SGP50",2.16583811495518,3.15079491573083,0.4745
"548",9,3,16,"SGP50",4.96541152529547,3.44247229660665,0.8935
"549",9,3,17,"SGP50",5.31357909799792,3.60783498703352,0.916
"550",9,3,18,"SGP50",6.92169999729785,3.94263756322405,0.1335
"551",9,3,19,"SGP50",2.97790348804527,3.0853272322659,0.742
"552",9,3,20,"SGP50",2.22417564022277,3.08198920372982,0.325
"553",9,3,21,"SGP50",2.54187156742732,3.12826310758173,0.2695
"554",9,3,22,"SGP50",1.55488261723803,2.76464719929402,0.546
"555",9,3,23,"SGP50",1.5565471319165,2.86080593265429,0.47
"556",9,3,24,"SGP50",2.60169967571294,3.04562483000925,0.2625
"557",9,3,25,"SGP50",9.88257800790548,4.87980298510031,0.0215
"558",9,3,26,"SGP50",1.49239049037389,2.77674383938169,0.4895
"559",9,3,27,"SGP50",4.97365416295454,3.55159639780315,0.1225
"560",9,3,28,"SGP50",1.85520133472029,2.95124828116425,0.365
"561",9,3,29,"SGP50",2.45948481517949,2.88687968637961,0.2765
"562",9,3,30,"SGP50",1.61166754146597,2.79447959183122,0.419
"563",9,3,31,"SGP50",1.4982593037674,2.81499216281864,0.447
"564",9,3,32,"SGP50",2.87213321932096,2.96583187454078,0.2105
"565",9,3,33,"SGP50",2.02777507786127,2.80511013770164,0.2725
"566",9,3,34,"SGP50",1.3339755673908,2.69009290226436,0.5105
"567",9,3,35,"SGP50",1.43483103887872,2.65253437639981,0.5755
"568",9,3,36,"SGP50",2.55163226439582,2.99223449545003,0.796
"569",9,3,37,"SGP50",1.60234248505079,2.79331881792837,0.6145
"570",9,3,38,"SGP50",2.94890784005403,2.92298578541258,0.215
"571",9,4,1,"BMA",6.53686042635099,3.91360217758929,0.8125
"572",9,4,2,"BMA",8.97017329824203,4.30364076880886,0.8815
"573",9,4,3,"BMA",4.40057282793115,3.66260891467936,0.7125
"574",9,4,4,"BMA",3.36105561028116,3.57317986138547,0.473
"575",9,4,5,"BMA",3.54291249332449,3.49667782632941,0.3395
"576",9,4,6,"BMA",3.87484488982596,3.39829509227968,0.278
"577",9,4,7,"BMA",7.07043590580806,3.96034545364269,0.8625
"578",9,4,8,"BMA",13.7798980908615,4.78069388360557,0.9475
"579",9,4,9,"BMA",7.82224235267583,3.82397664184113,0.876
"580",9,4,10,"BMA",2.66167076648526,3.24110040113948,0.3325
"581",9,4,11,"BMA",10.1596315443516,4.38199190120426,0.95
"582",9,4,12,"BMA",8.30479451102491,4.09314450163839,0.075
"583",9,4,13,"BMA",7.65065819317882,3.94141613466254,0.103
"584",9,4,14,"BMA",6.85613550796286,3.96819459803295,0.129
"585",9,4,15,"BMA",10.2984415789417,4.31008433531684,0.058
"586",9,4,16,"BMA",5.48574771460071,3.58499030377078,0.2035
"587",9,4,17,"BMA",3.15706692390405,3.3847802348543,0.3115
"588",9,4,18,"BMA",2.56939683890932,3.28142096352225,0.6015
"589",9,4,19,"BMA",2.57838845617555,3.23525795634616,0.396
"590",9,4,20,"BMA",2.54408931569066,3.27690381953983,0.3815
"591",9,4,21,"BMA",8.64798325831715,4.20411649599784,0.072
"592",9,4,22,"BMA",2.66657909812338,3.22428580845665,0.346
"593",9,4,23,"BMA",3.48655579040281,3.3334781642911,0.27
"594",9,4,24,"BMA",2.06428361574815,3.05439120037545,0.4985
"595",9,4,25,"BMA",2.0699692791085,3.0950539298798,0.415
"596",9,4,26,"BMA",1.78777712448914,2.95504987295964,0.52
"597",9,4,27,"BMA",1.61896257341861,2.77125383732183,0.461
"598",9,4,28,"BMA",2.53572009606531,3.05229607383693,0.7575
"599",9,4,29,"BMA",1.42858924453625,2.5984891399617,0.4255
"600",9,4,30,"BMA",1.09190349812786,2.51997914937446,0.5685
"601",9,4,31,"BMA",1.02146013272128,2.43263642591517,0.6185
"602",9,4,32,"BMA",0.967817482301009,2.27698407569138,0.6015
"603",9,4,33,"BMA",0.803158895938143,2.14868546713756,0.521
"604",9,4,34,"BMA",1.13971794178083,2.08373623928303,0.2835
"605",9,4,35,"BMA",2.06101173199486,2.53936675704436,0.0995
"606",9,4,36,"BMA",1.53755374795201,2.15826462528975,0.151
"607",9,4,37,"BMA",1.26024050851252,2.03816956744484,0.202
"608",9,4,38,"BMA",0.959286307215792,1.93153559211809,0.25
"609",9,4,1,"AVS",6.53686042635099,3.85433385000968,0.798
"610",9,4,2,"AVS",6.18389052546123,3.90416092222771,0.817
"611",9,4,3,"AVS",4.74848140450483,3.69152210283887,0.7465
"612",9,4,4,"AVS",2.92999385915749,3.44723870035961,0.5245
"613",9,4,5,"AVS",3.29214166490433,3.44543001963595,0.388
"614",9,4,6,"AVS",3.59990902548064,3.41529079590787,0.31
"615",9,4,7,"AVS",7.83626356601284,4.06539727308535,0.892
"616",9,4,8,"AVS",19.2614186934761,5.96904308948385,0.9845
"617",9,4,9,"AVS",6.10150095772508,3.71068573461899,0.8705
"618",9,4,10,"AVS",2.35007254360484,3.17365218194465,0.368
"619",9,4,11,"AVS",10.7370654527448,4.40812019520876,0.9505
"620",9,4,12,"AVS",7.24724050780669,3.77648425054563,0.117
"621",9,4,13,"AVS",7.51757446345916,3.88768421051365,0.1175
"622",9,4,14,"AVS",6.81247030204651,3.82058430382846,0.136
"623",9,4,15,"AVS",10.3176712199651,4.61615096776944,0.057
"624",9,4,16,"AVS",5.51982078421534,3.65921421567749,0.1885
"625",9,4,17,"AVS",3.2320711579313,3.40437048424171,0.308
"626",9,4,18,"AVS",2.50505437041665,3.26841248613409,0.586
"627",9,4,19,"AVS",2.59791835189945,3.20453215928188,0.358
"628",9,4,20,"AVS",2.54285968612032,3.22919538643471,0.3965
"629",9,4,21,"AVS",8.68024198618278,4.26518326135831,0.0685
"630",9,4,22,"AVS",2.70895860271842,3.2189349586319,0.3505
"631",9,4,23,"AVS",3.54854824504574,3.33544806639433,0.262
"632",9,4,24,"AVS",2.14039499110835,3.09126767583246,0.508
"633",9,4,25,"AVS",2.19830773412652,3.18237648628751,0.431
"634",9,4,26,"AVS",2.0536717416412,3.11254729968704,0.494
"635",9,4,27,"AVS",2.14312536622279,3.10090643367675,0.4335
"636",9,4,28,"AVS",2.44465595171895,3.15111226289482,0.654
"637",9,4,29,"AVS",2.69627868752858,3.17534158137726,0.3125
"638",9,4,30,"AVS",1.90928122777154,2.97474156870814,0.507
"639",9,4,31,"AVS",2.00291250200191,3.08300404445901,0.5355
"640",9,4,32,"AVS",1.81185832263783,2.95796990266966,0.4745
"641",9,4,33,"AVS",1.94725190781694,3.06566944126886,0.4565
"642",9,4,34,"AVS",1.93370299447642,2.96925772554439,0.405
"643",9,4,35,"AVS",1.87778877682315,3.02273797061649,0.4055
"644",9,4,36,"AVS",1.46691639340241,2.84098395229435,0.51
"645",9,4,37,"AVS",1.5869493082178,3.099142576446,0.5
"646",9,4,38,"AVS",1.57805559797972,3.04179573439594,0.499
"647",9,4,1,"EQW",6.53686042635099,3.95314972374674,0.812
"648",9,4,2,"EQW",10.1431003299637,4.51284696983087,0.91
"649",9,4,3,"EQW",4.55084821507112,3.66232790557093,0.7265
"650",9,4,4,"EQW",3.48210650448432,3.47111052668035,0.3605
"651",9,4,5,"EQW",4.52914673054993,3.66441247495911,0.246
"652",9,4,6,"EQW",5.46075536661795,3.73746058582851,0.204
"653",9,4,7,"EQW",5.06356991740697,3.62803719282106,0.789
"654",9,4,8,"EQW",8.40177727433899,3.9482885439226,0.892
"655",9,4,9,"EQW",9.82408819253305,3.98400295665819,0.889
"656",9,4,10,"EQW",4.64569098423188,3.73381293562498,0.5785
"657",9,4,11,"EQW",13.8214889901873,4.58231089680472,0.9505
"658",9,4,12,"EQW",5.48445657079554,4.24353472503555,0.396
"659",9,4,13,"EQW",5.38416248858574,3.93213074416594,0.313
"660",9,4,14,"EQW",5.65032608371533,3.90012034819189,0.24
"661",9,4,15,"EQW",7.88414695854719,4.01464307944128,0.159
"662",9,4,16,"EQW",4.30840459363864,3.48964449801071,0.248
"663",9,4,17,"EQW",2.54665739816891,3.30699406354933,0.5115
"664",9,4,18,"EQW",4.29833261871024,3.55723661161753,0.7735
"665",9,4,19,"EQW",2.98469358677757,3.45696214182951,0.637
"666",9,4,20,"EQW",2.79069097192132,3.43099139333834,0.579
"667",9,4,21,"EQW",4.33792694500909,3.29747691847362,0.223
"668",9,4,22,"EQW",1.90342001305624,2.98353895163806,0.4155
"669",9,4,23,"EQW",2.67470608062155,3.04102348267003,0.276
"670",9,4,24,"EQW",1.48977424943948,2.75553380241258,0.4715
"671",9,4,25,"EQW",1.46058017789363,2.71049571476223,0.417
"672",9,4,26,"EQW",1.35252461098741,2.67962210412263,0.5445
"673",9,4,27,"EQW",1.37741927591581,2.72329902343308,0.5475
"674",9,4,28,"EQW",2.77405833652905,3.18469735842258,0.773
"675",9,4,29,"EQW",1.49280746545044,2.72623833363373,0.495
"676",9,4,30,"EQW",1.53109524957014,2.86010963837307,0.647
"677",9,4,31,"EQW",1.70950717112451,2.77780464560169,0.661
"678",9,4,32,"EQW",1.72882043531105,2.92710461226806,0.661
"679",9,4,33,"EQW",1.57217589903671,2.82352584659573,0.612
"680",9,4,34,"EQW",1.32031596549924,2.74086052554736,0.508
"681",9,4,35,"EQW",1.27695328478726,2.62797040470861,0.445
"682",9,4,36,"EQW",1.10231280952871,2.58556485210124,0.546
"683",9,4,37,"EQW",1.15255235136012,2.59968095771097,0.559
"684",9,4,38,"EQW",1.10218165138603,2.54983979054829,0.5495
"685",9,4,1,"SGP",6.53686042635099,3.9159610525611,0.794
"686",9,4,2,"SGP",11.997134698364,5.02411631014442,0.949
"687",9,4,3,"SGP",5.54992878613651,3.81812908731609,0.813
"688",9,4,4,"SGP",2.5497806861441,3.31696777546887,0.55
"689",9,4,5,"SGP",2.69545384989613,3.30190795007177,0.397
"690",9,4,6,"SGP",4.34633086105809,3.43957134320934,0.223
"691",9,4,7,"SGP",4.69378925038639,3.43635730102463,0.8135
"692",9,4,8,"SGP",6.47229284475879,3.83763513863805,0.8795
"693",9,4,9,"SGP",3.59406126661834,3.2775491419214,0.769
"694",9,4,10,"SGP",5.02474521459941,3.55155187167839,0.1435
"695",9,4,11,"SGP",6.86618749377001,3.986683591219,0.923
"696",9,4,12,"SGP",13.2582195318423,5.6129792034867,0.017
"697",9,4,13,"SGP",11.7332542892966,4.66182172405614,0.036
"698",9,4,14,"SGP",9.5270200670165,4.34981337063383,0.0585
"699",9,4,15,"SGP",9.91256088176603,4.4066944587415,0.067
"700",9,4,16,"SGP",5.18459071293344,3.5284563671957,0.189
"701",9,4,17,"SGP",4.10785107288812,3.48083379625218,0.772
"702",9,4,18,"SGP",5.15294741046973,3.55149359868035,0.8055
"703",9,4,19,"SGP",2.30082728313284,3.26819249989984,0.422
"704",9,4,20,"SGP",3.13070213947533,3.2619221914989,0.241
"705",9,4,21,"SGP",8.89665762476297,4.08124754386687,0.056
"706",9,4,22,"SGP",2.17795052441601,3.12811649989787,0.599
"707",9,4,23,"SGP",2.06761177990929,3.07371233194992,0.405
"708",9,4,24,"SGP",1.97970043630308,3.04801147771872,0.5145
"709",9,4,25,"SGP",1.86345652820329,3.057351884857,0.4285
"710",9,4,26,"SGP",1.73983897772932,2.9848831237685,0.5235
"711",9,4,27,"SGP",1.96014005082908,3.09883872057461,0.504
"712",9,4,28,"SGP",2.32238864127498,3.07400046192706,0.6505
"713",9,4,29,"SGP",2.91020896199454,3.15968681779553,0.2795
"714",9,4,30,"SGP",1.81104565826458,3.10497712933171,0.5245
"715",9,4,31,"SGP",1.91073461669947,2.95705543405441,0.5985
"716",9,4,32,"SGP",1.78630701211576,3.05759079675534,0.5055
"717",9,4,33,"SGP",1.85848985545943,2.99941461035341,0.45
"718",9,4,34,"SGP",1.89217729364123,3.04756825031536,0.417
"719",9,4,35,"SGP",1.62069147743423,2.89910315809117,0.477
"720",9,4,36,"SGP",1.39225912956391,2.93913986015707,0.6105
"721",9,4,37,"SGP",1.54326545602859,2.94621046280561,0.5615
"722",9,4,38,"SGP",1.40601303361327,2.83985160711136,0.4865
"723",9,4,1,"SGP50",6.53686042635099,3.86100452765795,0.7895
"724",9,4,2,"SGP50",10.1661823384094,4.44512263623137,0.915
"725",9,4,3,"SGP50",4.58629955141047,3.69167785890731,0.712
"726",9,4,4,"SGP50",3.3811670853005,3.48573228403951,0.368
"727",9,4,5,"SGP50",4.35443563224,3.5497357759212,0.26
"728",9,4,6,"SGP50",5.42211722742832,3.68366820960727,0.192
"729",9,4,7,"SGP50",4.91576157114787,3.54106846791675,0.806
"730",9,4,8,"SGP50",7.97315701579957,3.95459257944664,0.8745
"731",9,4,9,"SGP50",8.69302794090795,3.83768698224147,0.8775
"732",9,4,10,"SGP50",3.86484520547074,3.64780971778484,0.5175
"733",9,4,11,"SGP50",11.9028717792679,4.40639786514485,0.949
"734",9,4,12,"SGP50",6.28526064021287,4.27442566821994,0.271
"735",9,4,13,"SGP50",6.67086174061659,4.06114495920332,0.201
"736",9,4,14,"SGP50",6.60587654641236,4.00609186622324,0.1705
"737",9,4,15,"SGP50",8.84726497101547,4.32287602944084,0.113
"738",9,4,16,"SGP50",4.71478513830632,3.54203278292501,0.2455
"739",9,4,17,"SGP50",2.6381370923099,3.43378914762508,0.538
"740",9,4,18,"SGP50",3.98841563925381,3.49058741432943,0.734
"741",9,4,19,"SGP50",2.53274958941483,3.33842834584373,0.537
"742",9,4,20,"SGP50",2.52574544903681,3.29467856579319,0.4835
"743",9,4,21,"SGP50",5.88433437975299,3.57773181487432,0.1635
"744",9,4,22,"SGP50",2.0192505525351,3.10210921319188,0.429
"745",9,4,23,"SGP50",2.67860005505491,3.18150476443013,0.294
"746",9,4,24,"SGP50",1.63731581667419,2.87732073409467,0.473
"747",9,4,25,"SGP50",1.61764106761989,2.83078102740857,0.411
"748",9,4,26,"SGP50",1.48823793272516,2.74141199053744,0.5215
"749",9,4,27,"SGP50",1.51629082991962,2.76290380522585,0.5155
"750",9,4,28,"SGP50",2.63789514696919,3.1905785582674,0.7455
"751",9,4,29,"SGP50",1.69869165912797,2.75622690781122,0.443
"752",9,4,30,"SGP50",1.54661563886053,2.86299880825093,0.6215
"753",9,4,31,"SGP50",1.69172741245735,2.85849851389059,0.6485
"754",9,4,32,"SGP50",1.69373701395394,2.90153040304062,0.6145
"755",9,4,33,"SGP50",1.5639184806374,2.84391504656671,0.578
"756",9,4,34,"SGP50",1.3613454236742,2.71392125514156,0.4825
"757",9,4,35,"SGP50",1.33045976529581,2.72189839440178,0.4395
"758",9,4,36,"SGP50",1.1186847435351,2.60946913445164,0.5315
"759",9,4,37,"SGP50",1.16734252826293,2.65403245764963,0.521
"760",9,4,38,"SGP50",1.10622080323022,2.5296416600257,0.551
"761",9,5,1,"BMA",2.53262654572335,3.2503407731132,0.5775
"762",9,5,2,"BMA",1.86042059041879,2.95141423654841,0.319
"763",9,5,3,"BMA",7.18508609887449,4.66178574035902,0.943
"764",9,5,4,"BMA",2.32692163778315,3.28406408563372,0.5085
"765",9,5,5,"BMA",2.21885349909569,3.23570271316477,0.524
"766",9,5,6,"BMA",2.53029667376537,3.16342510664119,0.3255
"767",9,5,7,"BMA",9.89926268023735,4.53041485947764,0.9375
"768",9,5,8,"BMA",5.56527787579991,3.59418946986593,0.8345
"769",9,5,9,"BMA",2.59587443254205,3.20356265129427,0.389
"770",9,5,10,"BMA",5.12860951942494,3.57831800285029,0.8325
"771",9,5,11,"BMA",9.19609103807955,4.10369453056561,0.939
"772",9,5,12,"BMA",3.32294369297971,3.52716445520876,0.284
"773",9,5,13,"BMA",7.17060482724151,3.81001361666619,0.869
"774",9,5,14,"BMA",3.75859760610397,3.5473882183496,0.3035
"775",9,5,15,"BMA",2.63634274386975,3.26155745583184,0.4785
"776",9,5,16,"BMA",2.44179192912252,3.16463130015301,0.457
"777",9,5,17,"BMA",2.4358626982022,3.24525299628775,0.441
"778",9,5,18,"BMA",2.23680871874658,3.19709708013166,0.4335
"779",9,5,19,"BMA",2.4737180885476,3.12699098991427,0.6685
"780",9,5,20,"BMA",2.31393153474648,3.14572622121277,0.644
"781",9,5,21,"BMA",7.39440547590903,3.93617999996399,0.076
"782",9,5,22,"BMA",1.56070124884421,2.68923825761549,0.437
"783",9,5,23,"BMA",1.76324733237166,2.76810239508826,0.3525
"784",9,5,24,"BMA",1.62973940100906,2.63745302608171,0.3135
"785",9,5,25,"BMA",1.25489897031125,2.52812547100929,0.37
"786",9,5,26,"BMA",1.33336289030449,2.44158064665902,0.3195
"787",9,5,27,"BMA",2.93918808563553,3.02504267647583,0.1035
"788",9,5,28,"BMA",1.74370459906293,2.51695081125503,0.1945
"789",9,5,29,"BMA",2.23254599868879,2.800813371457,0.864
"790",9,5,30,"BMA",2.89593393546782,2.99417576776929,0.9295
"791",9,5,31,"BMA",1.124180688734,2.311951338261,0.7085
"792",9,5,32,"BMA",0.903924953510766,2.19833762350611,0.66
"793",9,5,33,"BMA",0.757852940875426,2.04681880409149,0.4725
"794",9,5,34,"BMA",3.50340492162276,3.67665104740522,0.021
"795",9,5,35,"BMA",0.903855803594598,1.93437714521666,0.3155
"796",9,5,36,"BMA",5.67936695102195,5.79445030200533,0.0025
"797",9,5,37,"BMA",4.12243446716532,5.02480148983875,0.0075
"798",9,5,38,"BMA",1.25019232157524,2.28443958144342,0.189
"799",9,5,1,"AVS",2.53262654572335,3.29094269646046,0.575
"800",9,5,2,"AVS",1.50997745632222,2.79170811083265,0.3235
"801",9,5,3,"AVS",8.24514883714894,5.49643828599139,0.988
"802",9,5,4,"AVS",2.39104278542206,3.13268386902966,0.309
"803",9,5,5,"AVS",2.00600201330094,2.91014365613473,0.351
"804",9,5,6,"AVS",3.88135713485534,3.46327042639163,0.1235
"805",9,5,7,"AVS",8.38429799330062,4.69293923490141,0.937
"806",9,5,8,"AVS",4.32140784592869,3.31750985667566,0.7895
"807",9,5,9,"AVS",7.83142005809961,4.9294291483128,0.026
"808",9,5,10,"AVS",4.72049484925514,3.40606055415566,0.8005
"809",9,5,11,"AVS",4.41016932877586,3.22856040877482,0.847
"810",9,5,12,"AVS",12.8251807018363,7.30316113784603,0.0015
"811",9,5,13,"AVS",7.0484660251775,3.75385479017039,0.8495
"812",9,5,14,"AVS",12.7155585492635,5.87059499049753,0.023
"813",9,5,15,"AVS",2.7935234322124,3.34272641819978,0.501
"814",9,5,16,"AVS",2.59462103609401,3.25794615222995,0.511
"815",9,5,17,"AVS",2.4604297789307,3.31759332288792,0.4865
"816",9,5,18,"AVS",2.18805936660131,3.10707846269304,0.471
"817",9,5,19,"AVS",2.8799248443328,3.1619336241942,0.715
"818",9,5,20,"AVS",2.91843269494319,3.25900849136968,0.7345
"819",9,5,21,"AVS",5.74551881823675,3.79839527300815,0.085
"820",9,5,22,"AVS",1.54474061894677,2.7616148244319,0.4595
"821",9,5,23,"AVS",1.64880928143817,2.78964659678301,0.3595
"822",9,5,24,"AVS",1.55748931271091,2.59167264427813,0.3245
"823",9,5,25,"AVS",1.22494540974491,2.45583687743806,0.3625
"824",9,5,26,"AVS",1.31250735506658,2.43504813695784,0.3335
"825",9,5,27,"AVS",2.93145927592293,2.99799610710666,0.1035
"826",9,5,28,"AVS",1.74294356386472,2.5062775191451,0.1955
"827",9,5,29,"AVS",2.23499634216054,2.72513980312188,0.862
"828",9,5,30,"AVS",2.9094451167149,3.06272327463445,0.918
"829",9,5,31,"AVS",1.12739389592997,2.28637736064738,0.697
"830",9,5,32,"AVS",0.903512852485205,2.19246207879666,0.6545
"831",9,5,33,"AVS",0.756724199369625,2.11436669627214,0.4435
"832",9,5,34,"AVS",3.50369643209561,3.61786249471544,0.0265
"833",9,5,35,"AVS",0.904081682633209,1.9222931456872,0.294
"834",9,5,36,"AVS",5.6804486554036,6.53218221104151,0.001
"835",9,5,37,"AVS",4.2085088970306,5.46242089039353,0.001
"836",9,5,38,"AVS",1.49967983598143,2.2293013260197,0.0805
"837",9,5,1,"EQW",2.53262654572335,3.23874318420537,0.5815
"838",9,5,2,"EQW",2.32701124971183,3.07038823550564,0.322
"839",9,5,3,"EQW",5.85798991342733,4.13304616798971,0.868
"840",9,5,4,"EQW",2.11592994284091,3.05805383671261,0.4395
"841",9,5,5,"EQW",2.098018384669,3.0050981002553,0.5575
"842",9,5,6,"EQW",2.4884303452566,3.30541761847709,0.3825
"843",9,5,7,"EQW",10.4181477440963,4.82790087859718,0.9555
"844",9,5,8,"EQW",5.47946223554536,3.39440435245226,0.8045
"845",9,5,9,"EQW",3.51352940806662,3.71226819519983,0.403
"846",9,5,10,"EQW",6.05571681173111,3.49803433934354,0.8455
"847",9,5,11,"EQW",8.28199653898167,3.78616158806317,0.9175
"848",9,5,12,"EQW",4.7876515528143,3.96062757444558,0.3445
"849",9,5,13,"EQW",6.95552479613502,3.69248016389435,0.8675
"850",9,5,14,"EQW",5.20347054453659,4.01392830315985,0.329
"851",9,5,15,"EQW",3.58404032409055,3.61476250531412,0.419
"852",9,5,16,"EQW",2.75532959126642,3.34611650040831,0.4435
"853",9,5,17,"EQW",2.77817423302581,3.42067456247823,0.4425
"854",9,5,18,"EQW",2.41888102925155,3.22352454685589,0.571
"855",9,5,19,"EQW",3.54814121478611,3.2915153053658,0.7305
"856",9,5,20,"EQW",2.69061225736034,3.15634180291341,0.6195
"857",9,5,21,"EQW",6.70452048128211,3.99280036136306,0.1745
"858",9,5,22,"EQW",1.85043942496454,2.99812048117188,0.5325
"859",9,5,23,"EQW",1.85675432314619,3.02208244277273,0.4625
"860",9,5,24,"EQW",1.74689465047411,2.97786180782469,0.439
"861",9,5,25,"EQW",1.53132035237515,2.74454377048638,0.497
"862",9,5,26,"EQW",1.48895920640898,2.68508196661121,0.459
"863",9,5,27,"EQW",2.29203082140159,2.96910797235099,0.2585
"864",9,5,28,"EQW",1.7627400449661,2.73809192916022,0.327
"865",9,5,29,"EQW",2.19949937291124,2.9542069011882,0.7695
"866",9,5,30,"EQW",1.96841352144273,3.03808096820869,0.677
"867",9,5,31,"EQW",1.36116618725936,2.6385595123228,0.566
"868",9,5,32,"EQW",1.29088806067537,2.59617422475031,0.5505
"869",9,5,33,"EQW",1.17523192048443,2.50973295665478,0.463
"870",9,5,34,"EQW",2.72388781141792,2.82377088793146,0.155
"871",9,5,35,"EQW",0.99416797025733,2.36658717424792,0.5115
"872",9,5,36,"EQW",3.76988290397779,3.56586470470423,0.113
"873",9,5,37,"EQW",1.9879140770892,3.26025928112528,0.2635
"874",9,5,38,"EQW",1.04214344412094,2.43726353018657,0.417
"875",9,5,1,"SGP",2.53262654572335,3.27249396252523,0.563
"876",9,5,2,"SGP",1.46271673334188,2.81554431512637,0.331
"877",9,5,3,"SGP",7.05667761030166,6.96883704986116,0.991
"878",9,5,4,"SGP",2.22623404251621,2.83647999011084,0.1935
"879",9,5,5,"SGP",1.10972695173412,2.37438286174882,0.3985
"880",9,5,6,"SGP",4.1063605288338,3.55869259644034,0.0565
"881",9,5,7,"SGP",8.43048543421832,5.61208897173298,0.9965
"882",9,5,8,"SGP",1.26942425486531,2.57183834515507,0.6025
"883",9,5,9,"SGP",7.84066040774898,4.92499665678583,0.0155
"884",9,5,10,"SGP",2.44151998676273,2.95137040271166,0.7935
"885",9,5,11,"SGP",2.89313557490439,3.03966440712911,0.826
"886",9,5,12,"SGP",12.5685363795486,6.908924419311,0.01
"887",9,5,13,"SGP",2.77398232505613,2.99847104649694,0.7625
"888",9,5,14,"SGP",13.3575613444119,6.27515128057034,0.0045
"889",9,5,15,"SGP",10.7295263978671,5.01096836062292,0.0265
"890",9,5,16,"SGP",3.84712502070707,3.26793998036427,0.1915
"891",9,5,17,"SGP",4.23559157893974,3.37750004056868,0.165
"892",9,5,18,"SGP",2.48597254080107,3.06282955340031,0.744
"893",9,5,19,"SGP",3.60301907976485,3.2025517439285,0.8225
"894",9,5,20,"SGP",1.40105539626572,2.70474378439738,0.4515
"895",9,5,21,"SGP",14.3431923231209,7.35352834713416,0.002
"896",9,5,22,"SGP",1.82541635921744,2.86747894881678,0.388
"897",9,5,23,"SGP",1.54002148646321,2.82580248647,0.487
"898",9,5,24,"SGP",1.45630424143577,2.84206677490249,0.515
"899",9,5,25,"SGP",1.82218793726805,2.87727579960937,0.6365
"900",9,5,26,"SGP",1.60105779737803,2.80623878452379,0.613
"901",9,5,27,"SGP",1.503561986618,2.82894294958254,0.42
"902",9,5,28,"SGP",1.97342218042149,2.95624070574528,0.3695
"903",9,5,29,"SGP",2.16487570002078,3.08306281987067,0.647
"904",9,5,30,"SGP",1.70165372167227,2.83594102336049,0.462
"905",9,5,31,"SGP",1.60765261436679,2.77258314461181,0.413
"906",9,5,32,"SGP",1.7466438425236,2.74644807221612,0.3445
"907",9,5,33,"SGP",1.80901934905388,2.78026772353232,0.3095
"908",9,5,34,"SGP",3.17393405928807,3.09890126590466,0.1865
"909",9,5,35,"SGP",1.58602116356325,2.7420917615671,0.66
"910",9,5,36,"SGP",2.05366595111359,2.78752128506141,0.2765
"911",9,5,37,"SGP",1.12868341262931,2.68427817347303,0.6085
"912",9,5,38,"SGP",2.03622388948755,3.0005408404036,0.8165
"913",9,5,1,"SGP50",2.53262654572335,3.20025955766474,0.5685
"914",9,5,2,"SGP50",2.257511055066,3.01361422179716,0.311
"915",9,5,3,"SGP50",5.99501289902062,4.24096158600224,0.868
"916",9,5,4,"SGP50",2.03227971918964,3.08587998159997,0.434
"917",9,5,5,"SGP50",1.91770223122467,2.92090181238853,0.5435
"918",9,5,6,"SGP50",2.51057657738664,3.30107861782283,0.3275
"919",9,5,7,"SGP50",9.94003723337941,4.83885807826823,0.956
"920",9,5,8,"SGP50",4.20689679660119,3.24517463015766,0.7895
"921",9,5,9,"SGP50",3.78543845827716,3.65386538685789,0.2925
"922",9,5,10,"SGP50",4.77435540549235,3.37856526814371,0.8365
"923",9,5,11,"SGP50",6.19920645390312,3.61260090766185,0.895
"924",9,5,12,"SGP50",6.27180018339397,4.30927842356705,0.201
"925",9,5,13,"SGP50",5.11658503870241,3.46935898991435,0.8275
"926",9,5,14,"SGP50",7.40171102944356,4.42931881004478,0.165
"927",9,5,15,"SGP50",4.32927920015595,3.6725220394873,0.2985
"928",9,5,16,"SGP50",2.66167841721707,3.25162391695867,0.3345
"929",9,5,17,"SGP50",2.92609416002012,3.31647902528133,0.308
"930",9,5,18,"SGP50",2.09152564545903,3.16147173170726,0.5555
"931",9,5,19,"SGP50",2.81638647903461,3.19950403472006,0.6965
"932",9,5,20,"SGP50",1.80658461980665,2.97542113989372,0.537
"933",9,5,21,"SGP50",10.0028776751381,4.56683069539411,0.0705
"934",9,5,22,"SGP50",1.7482317905382,2.94318642969003,0.468
"935",9,5,23,"SGP50",1.97153159273244,2.94916624167759,0.395
"936",9,5,24,"SGP50",1.84331947635759,2.95943464265782,0.3835
"937",9,5,25,"SGP50",1.59650937218781,2.84767926821533,0.501
"938",9,5,26,"SGP50",1.58304270137642,2.85170780152152,0.444
"939",9,5,27,"SGP50",2.31133278722692,2.96305464751427,0.2715
"940",9,5,28,"SGP50",1.90245695808872,2.84342091560404,0.322
"941",9,5,29,"SGP50",2.15128212045444,2.87586882379716,0.715
"942",9,5,30,"SGP50",1.73226790284447,2.88971150647771,0.594
"943",9,5,31,"SGP50",1.42839699913308,2.65844561236586,0.465
"944",9,5,32,"SGP50",1.33518888865177,2.65336481459349,0.4645
"945",9,5,33,"SGP50",1.36429199772368,2.56226928317733,0.3935
"946",9,5,34,"SGP50",3.08035925938826,3.06115322430645,0.158
"947",9,5,35,"SGP50",1.12744794289761,2.50411011258133,0.5275
"948",9,5,36,"SGP50",3.52664748165816,3.40670484035728,0.1525
"949",9,5,37,"SGP50",1.6952451354193,3.04231319003858,0.335
"950",9,5,38,"SGP50",1.0957219461778,2.56512488757996,0.506
"951",9,6,1,"BMA",4.92040144804917,3.83192401826229,0.7305
"952",9,6,2,"BMA",2.44090997251781,3.1653374853169,0.4425
"953",9,6,3,"BMA",5.12790973449627,3.6756790727713,0.867
"954",9,6,4,"BMA",3.06184536932532,3.05595237782987,0.7815
"955",9,6,5,"BMA",9.44742883294729,5.28947960218416,0.9775
"956",9,6,6,"BMA",7.37920152470278,4.04188824266858,0.8995
"957",9,6,7,"BMA",3.18580157163181,3.37587440736406,0.607
"958",9,6,8,"BMA",12.9740314468595,4.7065441073536,0.062
"959",9,6,9,"BMA",5.65073868353517,3.83106057196904,0.24
"960",9,6,10,"BMA",5.37655808619323,3.67570725914182,0.6715
"961",9,6,11,"BMA",13.5839903114123,4.37389787242662,0.8935
"962",9,6,12,"BMA",4.90584429290934,3.94975323550701,0.5575
"963",9,6,13,"BMA",6.2588317758873,4.03341071982888,0.261
"964",9,6,14,"BMA",4.41017934204884,3.86852262138977,0.3725
"965",9,6,15,"BMA",6.69547042247166,3.96249608721039,0.244
"966",9,6,16,"BMA",7.89697533265257,4.15686743945457,0.839
"967",9,6,17,"BMA",3.16412927861466,3.47532937090355,0.4015
"968",9,6,18,"BMA",3.50932306072993,3.41514708110923,0.7
"969",9,6,19,"BMA",3.79226765370482,3.47960228459713,0.756
"970",9,6,20,"BMA",3.09761004843911,3.26111500913979,0.265
"971",9,6,21,"BMA",1.76019045703493,2.86590208017614,0.5795
"972",9,6,22,"BMA",2.42398036300957,2.88871661151466,0.2775
"973",9,6,23,"BMA",1.82152683867231,2.87903957703596,0.6555
"974",9,6,24,"BMA",3.38877109044494,3.14121162170237,0.857
"975",9,6,25,"BMA",2.4840254252746,2.93184919925122,0.7905
"976",9,6,26,"BMA",1.82568686910648,2.64198750143549,0.761
"977",9,6,27,"BMA",2.75357104622921,3.04131057412039,0.8695
"978",9,6,28,"BMA",2.47477179987606,2.86964615271053,0.832
"979",9,6,29,"BMA",0.964744257627643,2.3336925546878,0.423
"980",9,6,30,"BMA",3.66819239674665,3.37310816234274,0.053
"981",9,6,31,"BMA",0.802906429489743,2.17989928881048,0.4585
"982",9,6,32,"BMA",2.77585511797479,2.91203928164235,0.0735
"983",9,6,33,"BMA",0.812334698855484,2.06385661985482,0.361
"984",9,6,34,"BMA",0.965950730476559,2.04594866375811,0.2765
"985",9,6,35,"BMA",2.08965246106301,2.61113130298814,0.097
"986",9,6,36,"BMA",2.4491183399632,2.97231313980654,0.047
"987",9,6,37,"BMA",1.25229869537643,2.01746364907848,0.146
"988",9,6,38,"BMA",1.26862719568146,2.13368054854086,0.1425
"989",9,6,1,"AVS",4.92040144804917,3.75611333381562,0.709
"990",9,6,2,"AVS",3.09288776109697,3.43097680177672,0.431
"991",9,6,3,"AVS",7.04110075099722,3.9969488633079,0.8655
"992",9,6,4,"AVS",2.20807720904546,2.89585845617651,0.7615
"993",9,6,5,"AVS",9.2600253381751,5.28338919434302,0.9725
"994",9,6,6,"AVS",7.01924835626281,3.90142188498879,0.8715
"995",9,6,7,"AVS",2.82003903595656,3.25006890171295,0.5985
"996",9,6,8,"AVS",17.2122346739845,7.114144245802,0.0035
"997",9,6,9,"AVS",5.88545361927028,3.80846691506246,0.2315
"998",9,6,10,"AVS",5.57554383300459,3.71409407925815,0.6575
"999",9,6,11,"AVS",10.9094122300646,4.06689401400193,0.86
"1000",9,6,12,"AVS",10.3294918779471,5.28864897951179,0.02
"1001",9,6,13,"AVS",22.2468421736338,9.97241976460328,0
"1002",9,6,14,"AVS",4.35388117833875,3.86011564895831,0.3905
"1003",9,6,15,"AVS",5.99121197903119,3.85289993706022,0.289
"1004",9,6,16,"AVS",8.62077044993936,4.1514264842363,0.8645
"1005",9,6,17,"AVS",2.63341955186336,3.29409553845517,0.477
"1006",9,6,18,"AVS",3.70837423989766,3.44535244056729,0.7355
"1007",9,6,19,"AVS",4.0145933594265,3.31288036496152,0.777
"1008",9,6,20,"AVS",2.88585240392479,3.1689474827198,0.28
"1009",9,6,21,"AVS",1.75538748009012,2.89199003636507,0.5795
"1010",9,6,22,"AVS",2.40726416000124,2.89484271273303,0.262
"1011",9,6,23,"AVS",1.82178944000804,2.83943851580309,0.6835
"1012",9,6,24,"AVS",3.39244927999977,3.11307692829459,0.8475
"1013",9,6,25,"AVS",2.48638047999834,2.95673464732772,0.7975
"1014",9,6,26,"AVS",1.82649007999957,2.55053086430289,0.7675
"1015",9,6,27,"AVS",2.75425116000007,2.98178819544886,0.8635
"1016",9,6,28,"AVS",2.47527571999825,2.83788180501891,0.829
"1017",9,6,29,"AVS",0.964525320002066,2.33948082598272,0.3805
"1018",9,6,30,"AVS",3.66862327999991,3.34937609195448,0.0575
"1019",9,6,31,"AVS",0.802845440000201,2.12856338113023,0.48
"1020",9,6,32,"AVS",2.77682683999999,2.92003684901327,0.0705
"1021",9,6,33,"AVS",0.81277748,2.05779284510049,0.364
"1022",9,6,34,"AVS",0.96692332,2.07076004833692,0.281
"1023",9,6,35,"AVS",2.092632676,2.52950131030793,0.103
"1024",9,6,36,"AVS",2.45725515199998,3.00990836536113,0.054
"1025",9,6,37,"AVS",1.26900707199996,2.03288296198001,0.1465
"1026",9,6,38,"AVS",1.30060846799998,2.10790464884828,0.133
"1027",9,6,1,"EQW",4.92040144804917,3.75256597063055,0.7295
"1028",9,6,2,"EQW",2.37966379506658,3.18277264933296,0.436
"1029",9,6,3,"EQW",5.2655537021199,3.74999627501071,0.8055
"1030",9,6,4,"EQW",4.84080662079241,3.41986411531285,0.7925
"1031",9,6,5,"EQW",12.2978121929633,4.82541411211464,0.9455
"1032",9,6,6,"EQW",12.028268147267,4.44189100954981,0.9275
"1033",9,6,7,"EQW",8.19697547232742,3.87417589706974,0.761
"1034",9,6,8,"EQW",6.38459019998248,4.22861332135656,0.3705
"1035",9,6,9,"EQW",4.17903442908869,3.76186192373134,0.4485
"1036",9,6,10,"EQW",5.65685593806755,3.71410866867771,0.721
"1037",9,6,11,"EQW",10.1141165607094,4.01228574293827,0.8485
"1038",9,6,12,"EQW",5.50122369140282,4.10222058539827,0.5315
"1039",9,6,13,"EQW",7.72944762794899,4.27329973751535,0.298
"1040",9,6,14,"EQW",3.56957614150442,3.61555733212823,0.519
"1041",9,6,15,"EQW",5.95531878673748,3.87439097094995,0.236
"1042",9,6,16,"EQW",7.17642874595089,3.9653464717045,0.8085
"1043",9,6,17,"EQW",5.58352156438009,3.86019857139168,0.3105
"1044",9,6,18,"EQW",3.07397907364394,3.47412050242199,0.617
"1045",9,6,19,"EQW",2.95072472151396,3.3557896523733,0.5885
"1046",9,6,20,"EQW",5.26031375620083,3.64818037963525,0.1805
"1047",9,6,21,"EQW",2.39875821944251,3.22295127255774,0.566
"1048",9,6,22,"EQW",3.83077352365106,3.4116224085762,0.222
"1049",9,6,23,"EQW",2.32099090490868,3.13739329895208,0.6135
"1050",9,6,24,"EQW",2.45646507288505,3.14361006793585,0.66
"1051",9,6,25,"EQW",2.08644975401225,3.14039344699106,0.5265
"1052",9,6,26,"EQW",1.77991941589552,2.95191292352156,0.5285
"1053",9,6,27,"EQW",2.42514009088737,3.07471880678777,0.697
"1054",9,6,28,"EQW",1.99214052352879,3.05106700655571,0.6105
"1055",9,6,29,"EQW",2.10929500622357,2.80757938566385,0.3615
"1056",9,6,30,"EQW",2.62632755003775,2.92942340948513,0.2365
"1057",9,6,31,"EQW",1.79500008830943,2.75335340521232,0.6675
"1058",9,6,32,"EQW",2.20246331985139,2.79370081672099,0.2335
"1059",9,6,33,"EQW",1.36931997007513,2.52017002087992,0.57
"1060",9,6,34,"EQW",1.25330350992539,2.48040422606336,0.4705
"1061",9,6,35,"EQW",1.50896727325262,2.47297726744356,0.3395
"1062",9,6,36,"EQW",1.48586954945087,2.53790573548456,0.313
"1063",9,6,37,"EQW",1.05706836315699,2.32708712561196,0.4565
"1064",9,6,38,"EQW",1.07446580554675,2.29421752424176,0.403
"1065",9,6,1,"SGP",4.92040144804917,3.76262378524369,0.7135
"1066",9,6,2,"SGP",1.85532144325328,2.85603601205638,0.5225
"1067",9,6,3,"SGP",4.38653430989492,3.4333057973639,0.9335
"1068",9,6,4,"SGP",2.218513671469,2.72037659805023,0.787
"1069",9,6,5,"SGP",9.69676448580592,5.98743571123553,0.9945
"1070",9,6,6,"SGP",6.88333280443623,4.10813916762999,0.9605
"1071",9,6,7,"SGP",1.73492112934715,2.84177087845047,0.358
"1072",9,6,8,"SGP",17.1712263440804,7.7319276659518,0.0035
"1073",9,6,9,"SGP",4.80826399296345,3.53538962592985,0.135
"1074",9,6,10,"SGP",1.69698176567222,3.00111650103862,0.4425
"1075",9,6,11,"SGP",2.18368357450016,2.99376111815681,0.662
"1076",9,6,12,"SGP",10.1811256492485,5.2105510311776,0.025
"1077",9,6,13,"SGP",22.0444266717007,8.02714443469618,0.004
"1078",9,6,14,"SGP",3.01607795775732,3.25132673983653,0.6925
"1079",9,6,15,"SGP",6.20333046174085,3.83125843965473,0.1315
"1080",9,6,16,"SGP",13.7579738138885,5.25932818555669,0.9805
"1081",9,6,17,"SGP",13.328293674594,5.1144040142523,0.0235
"1082",9,6,18,"SGP",3.35505031167753,3.36445235992044,0.6885
"1083",9,6,19,"SGP",2.39237289240023,3.1825171864273,0.571
"1084",9,6,20,"SGP",6.62687898305029,3.79105327238243,0.128
"1085",9,6,21,"SGP",4.69292106804457,3.58592157746004,0.801
"1086",9,6,22,"SGP",2.95224670675466,3.2661275492479,0.341
"1087",9,6,23,"SGP",5.26168971029605,3.55611458761815,0.8115
"1088",9,6,24,"SGP",3.00520796417725,3.34065709271304,0.7045
"1089",9,6,25,"SGP",3.56599388493747,3.46488196120947,0.2495
"1090",9,6,26,"SGP",2.20967936856551,3.05701439223451,0.39
"1091",9,6,27,"SGP",3.09813838078877,3.24934045446797,0.729
"1092",9,6,28,"SGP",2.2040088070754,3.056917502995,0.3675
"1093",9,6,29,"SGP",5.06879880254729,3.50648026504712,0.1555
"1094",9,6,30,"SGP",2.26719429052329,3.05586345141877,0.356
"1095",9,6,31,"SGP",4.71769479915289,3.45572701952931,0.824
"1096",9,6,32,"SGP",2.517590938962,3.10460516238474,0.3245
"1097",9,6,33,"SGP",2.9685446857914,3.20076451911899,0.7265
"1098",9,6,34,"SGP",1.90023512517837,3.03479021842434,0.487
"1099",9,6,35,"SGP",1.91726852143286,3.07595973372435,0.419
"1100",9,6,36,"SGP",1.7077526288298,2.8783562033597,0.516
"1101",9,6,37,"SGP",1.88486744727334,3.04165016416698,0.638
"1102",9,6,38,"SGP",1.7408790763005,2.96154944619636,0.496
"1103",9,6,1,"SGP50",4.92040144804917,3.76833243066522,0.716
"1104",9,6,2,"SGP50",2.34123708334626,3.07023098105404,0.4455
"1105",9,6,3,"SGP50",5.30498822333374,3.75950297804039,0.8275
"1106",9,6,4,"SGP50",4.63376931573329,3.39449874236472,0.8045
"1107",9,6,5,"SGP50",11.8314198191191,4.78516350455371,0.9465
"1108",9,6,6,"SGP50",10.7030413726507,4.21065719500053,0.9275
"1109",9,6,7,"SGP50",5.59949066968423,3.57158160352914,0.6665
"1110",9,6,8,"SGP50",8.00337441446513,4.34798566857613,0.242
"1111",9,6,9,"SGP50",3.77652964894682,3.57345930791997,0.374
"1112",9,6,10,"SGP50",3.52360380437601,3.31443168446769,0.631
"1113",9,6,11,"SGP50",5.84465918934452,3.54801767757151,0.7925
"1114",9,6,12,"SGP50",5.50261221158907,4.15805456822249,0.3035
"1115",9,6,13,"SGP50",13.3817823664736,4.8631436262519,0.123
"1116",9,6,14,"SGP50",2.9904516127251,3.556762783375,0.5595
"1117",9,6,15,"SGP50",6.79699310634305,3.88635421278216,0.1605
"1118",9,6,16,"SGP50",8.99218817901582,4.35338590128349,0.854
"1119",9,6,17,"SGP50",9.36205483875764,4.35713110726655,0.1535
"1120",9,6,18,"SGP50",3.05618762728401,3.3988383700982,0.6115
"1121",9,6,19,"SGP50",2.64170606606717,3.37396783942784,0.532
"1122",9,6,20,"SGP50",6.49554949274959,3.7595012029417,0.152
"1123",9,6,21,"SGP50",3.12389501177664,3.35022625118046,0.6475
"1124",9,6,22,"SGP50",3.57011635329894,3.36454303782722,0.272
"1125",9,6,23,"SGP50",3.29066234381107,3.32698706949051,0.696
"1126",9,6,24,"SGP50",2.69669087329869,3.26357034924944,0.656
"1127",9,6,25,"SGP50",2.59194953806085,3.22422505656302,0.3965
"1128",9,6,26,"SGP50",1.96141203411639,3.00896583788267,0.459
"1129",9,6,27,"SGP50",2.62876497474201,3.11167290891427,0.7255
"1130",9,6,28,"SGP50",1.93441143442004,3.12582088102747,0.49
"1131",9,6,29,"SGP50",3.10017526051706,3.13065403999354,0.2775
"1132",9,6,30,"SGP50",2.58520252009427,3.10941733163389,0.2685
"1133",9,6,31,"SGP50",2.48779110983608,2.90427285220567,0.709
"1134",9,6,32,"SGP50",2.39261563603074,2.96524225985919,0.26
"1135",9,6,33,"SGP50",1.66696086634036,2.73214187089422,0.6135
"1136",9,6,34,"SGP50",1.39638633646866,2.61608125747623,0.443
"1137",9,6,35,"SGP50",1.66760194295149,2.69945470547673,0.3205
"1138",9,6,36,"SGP50",1.57231431023553,2.65543058259015,0.319
"1139",9,6,37,"SGP50",1.15713850413921,2.44112809951071,0.454
"1140",9,6,38,"SGP50",1.17252978823837,2.39429246385032,0.3755
"1141",9,7,1,"BMA",19.6534752041703,5.52866583416622,0.977
"1142",9,7,2,"BMA",4.86512739628714,3.87232547016079,0.643
"1143",9,7,3,"BMA",11.8834314649884,4.6374502639488,0.8595
"1144",9,7,4,"BMA",6.83602461744325,4.29993492963283,0.6955
"1145",9,7,5,"BMA",5.27363277119323,3.9731045137332,0.563
"1146",9,7,6,"BMA",16.6248726380789,4.96908723546721,0.9095
"1147",9,7,7,"BMA",19.9257551617676,5.17419987768902,0.922
"1148",9,7,8,"BMA",13.394490674911,4.49324211408212,0.8475
"1149",9,7,9,"BMA",12.2605366241084,4.37060720511001,0.854
"1150",9,7,10,"BMA",11.733041591662,4.19189771039206,0.8175
"1151",9,7,11,"BMA",6.78800766788565,3.979649782273,0.636
"1152",9,7,12,"BMA",5.13822031232529,3.86083047637686,0.485
"1153",9,7,13,"BMA",4.16465551125353,3.61986735838913,0.358
"1154",9,7,14,"BMA",4.50750829902181,3.38124929371256,0.7795
"1155",9,7,15,"BMA",16.8602136526216,5.61340562037655,0.036
"1156",9,7,16,"BMA",10.3496902901136,4.29977785261313,0.126
"1157",9,7,17,"BMA",6.56086425025518,3.80719408740972,0.262
"1158",9,7,18,"BMA",4.6840520800649,3.7573694640383,0.742
"1159",9,7,19,"BMA",5.64848869512138,3.8103583040987,0.2095
"1160",9,7,20,"BMA",3.4127243674833,3.40211890987517,0.3045
"1161",9,7,21,"BMA",4.15457871095321,3.44762397014711,0.7445
"1162",9,7,22,"BMA",2.18105474638754,3.19982471057744,0.509
"1163",9,7,23,"BMA",3.47059735485991,3.35276939306712,0.726
"1164",9,7,24,"BMA",2.7685011002062,3.20924608754557,0.6705
"1165",9,7,25,"BMA",4.04700346191333,3.35745374192663,0.7415
"1166",9,7,26,"BMA",2.17091667912903,3.18272909546145,0.475
"1167",9,7,27,"BMA",2.05622170736928,2.9995341931846,0.408
"1168",9,7,28,"BMA",2.35251802998525,3.17874337620434,0.6525
"1169",9,7,29,"BMA",4.14679341330046,3.43895330389507,0.1945
"1170",9,7,30,"BMA",3.99862620288385,3.31022813195088,0.7945
"1171",9,7,31,"BMA",1.93911667025393,3.05434515677762,0.488
"1172",9,7,32,"BMA",1.71812278653992,2.83313720465596,0.6265
"1173",9,7,33,"BMA",2.98338427862744,3.19332993345764,0.2815
"1174",9,7,34,"BMA",1.61015278440773,2.9410808956007,0.4665
"1175",9,7,35,"BMA",1.65904918514892,2.91634493460303,0.526
"1176",9,7,36,"BMA",1.77083364429188,2.89817174263092,0.585
"1177",9,7,37,"BMA",1.55234704246544,2.84668929790669,0.536
"1178",9,7,38,"BMA",1.4333402914259,2.6667636554296,0.421
"1179",9,7,1,"AVS",19.6534752041703,5.52454369939616,0.9735
"1180",9,7,2,"AVS",4.98824461773543,3.67937795792013,0.731
"1181",9,7,3,"AVS",13.3726672866429,4.66583857258101,0.926
"1182",9,7,4,"AVS",10.3987388495459,4.20636918932943,0.857
"1183",9,7,5,"AVS",5.99828800658907,3.95875981254021,0.702
"1184",9,7,6,"AVS",19.0187897669131,5.23766849770673,0.951
"1185",9,7,7,"AVS",15.5802287127853,4.57929132581753,0.8885
"1186",9,7,8,"AVS",3.58413579714846,3.44340257438531,0.269
"1187",9,7,9,"AVS",2.29350432082598,3.21106492221736,0.493
"1188",9,7,10,"AVS",2.61391199557448,3.18894081492097,0.3945
"1189",9,7,11,"AVS",4.65054391739178,3.50373497364183,0.1975
"1190",9,7,12,"AVS",4.70851062273702,3.45060130005847,0.196
"1191",9,7,13,"AVS",4.96051802226285,3.4634915320563,0.161
"1192",9,7,14,"AVS",3.69966043705576,3.33559169665062,0.7785
"1193",9,7,15,"AVS",19.2565905277538,7.41462985080808,0.002
"1194",9,7,16,"AVS",5.31032461472794,3.62697274920432,0.138
"1195",9,7,17,"AVS",2.25803496276883,3.19535540016185,0.449
"1196",9,7,18,"AVS",6.09550913041507,3.67073373237703,0.841
"1197",9,7,19,"AVS",6.76511634007266,3.83028827061679,0.1175
"1198",9,7,20,"AVS",2.76415219878736,3.22033834195562,0.325
"1199",9,7,21,"AVS",5.39336486932798,3.62153013178604,0.8505
"1200",9,7,22,"AVS",2.08630715188519,3.24251126109262,0.4575
"1201",9,7,23,"AVS",3.03100717899074,3.27858854440209,0.6715
"1202",9,7,24,"AVS",2.02039474471285,3.12082772618296,0.543
"1203",9,7,25,"AVS",3.16356829743444,3.30050353787492,0.705
"1204",9,7,26,"AVS",2.08483763507415,3.1074201867497,0.439
"1205",9,7,27,"AVS",2.05549126145517,3.05752481579952,0.402
"1206",9,7,28,"AVS",2.34400837258815,3.14599379835574,0.653
"1207",9,7,29,"AVS",4.15414369340863,3.48388605213449,0.198
"1208",9,7,30,"AVS",4.01509353440617,3.24831435937445,0.8055
"1209",9,7,31,"AVS",1.94431164997296,3.09249661037086,0.4855
"1210",9,7,32,"AVS",1.71433201104143,2.84723021984373,0.618
"1211",9,7,33,"AVS",3.03060256803144,3.2185405104577,0.2715
"1212",9,7,34,"AVS",1.63071625911375,2.85049064701094,0.4845
"1213",9,7,35,"AVS",1.69531652043576,2.97923350987466,0.532
"1214",9,7,36,"AVS",1.90690735660961,2.96791644895403,0.609
"1215",9,7,37,"AVS",1.7373161335982,2.98250242257736,0.563
"1216",9,7,38,"AVS",1.6023738672201,2.84723903474477,0.4615
"1217",9,7,1,"EQW",19.6534752041703,5.63200040527761,0.976
"1218",9,7,2,"EQW",5.07381928416956,3.93069642023349,0.668
"1219",9,7,3,"EQW",10.6643208247318,4.51534559504161,0.836
"1220",9,7,4,"EQW",5.23233780611255,4.05782574334829,0.5415
"1221",9,7,5,"EQW",4.34163454942297,3.91911639110604,0.5575
"1222",9,7,6,"EQW",13.8846518919976,4.58341818733865,0.9135
"1223",9,7,7,"EQW",12.6229832827692,4.26433017824564,0.821
"1224",9,7,8,"EQW",10.1065161922694,4.25518016186454,0.729
"1225",9,7,9,"EQW",10.7460359541936,4.18733809086163,0.8015
"1226",9,7,10,"EQW",9.91414019353744,4.17397716744467,0.759
"1227",9,7,11,"EQW",7.40782989229109,4.13422663413594,0.682
"1228",9,7,12,"EQW",5.52021251959317,3.99504204601861,0.588
"1229",9,7,13,"EQW",5.34642666535031,3.94378367009644,0.57
"1230",9,7,14,"EQW",8.23339247500894,4.01376401822175,0.8165
"1231",9,7,15,"EQW",6.14521610395201,4.11931603074062,0.3645
"1232",9,7,16,"EQW",7.05923347040524,4.04159035192401,0.208
"1233",9,7,17,"EQW",5.87794532850597,3.81434577689379,0.263
"1234",9,7,18,"EQW",3.63560649855433,3.65332798990366,0.581
"1235",9,7,19,"EQW",5.36679964465668,3.74504406401855,0.251
"1236",9,7,20,"EQW",6.5197436111158,3.79162859542612,0.2015
"1237",9,7,21,"EQW",3.92400077403065,3.6750228082979,0.43
"1238",9,7,22,"EQW",4.13670499000863,3.55038571922266,0.316
"1239",9,7,23,"EQW",3.32855824271184,3.57656498173517,0.477
"1240",9,7,24,"EQW",3.04828384341772,3.54890210032476,0.5075
"1241",9,7,25,"EQW",3.40271655038357,3.46012195979955,0.6265
"1242",9,7,26,"EQW",3.20380900839634,3.4804135627599,0.583
"1243",9,7,27,"EQW",2.97222737387755,3.41782814877837,0.5485
"1244",9,7,28,"EQW",3.40570722918394,3.49531415516347,0.6635
"1245",9,7,29,"EQW",2.88237678963428,3.37155276176172,0.4015
"1246",9,7,30,"EQW",2.61956208017662,3.23753194482174,0.6235
"1247",9,7,31,"EQW",2.11643902383322,3.12703452524476,0.5165
"1248",9,7,32,"EQW",2.63285820934332,3.20576784239212,0.6995
"1249",9,7,33,"EQW",2.12530041587645,3.10847952576192,0.5225
"1250",9,7,34,"EQW",1.71140695202695,2.85515487534281,0.483
"1251",9,7,35,"EQW",1.7337246862832,2.79457555435508,0.42
"1252",9,7,36,"EQW",1.6534062953352,2.81006328377177,0.4305
"1253",9,7,37,"EQW",1.50740088184889,2.70860954246694,0.44
"1254",9,7,38,"EQW",1.61907920463968,2.72202872053873,0.3655
"1255",9,7,1,"SGP",19.6534752041703,5.54292269139527,0.9745
"1256",9,7,2,"SGP",5.27096680838157,3.75985101698939,0.7415
"1257",9,7,3,"SGP",15.3065080390487,5.04434244427209,0.9455
"1258",9,7,4,"SGP",9.39850254167851,4.18956905907385,0.827
"1259",9,7,5,"SGP",3.30988661975516,3.46091617544201,0.329
"1260",9,7,6,"SGP",9.38933254945755,4.28486563509051,0.941
"1261",9,7,7,"SGP",2.49244900453559,3.25960305877445,0.508
"1262",9,7,8,"SGP",3.53013443662352,3.29223196235653,0.2895
"1263",9,7,9,"SGP",2.32396849901581,3.18466144195789,0.512
"1264",9,7,10,"SGP",2.60691588923827,3.22153301121207,0.3845
"1265",9,7,11,"SGP",4.60103508655862,3.55442629436626,0.185
"1266",9,7,12,"SGP",4.67267300870982,3.47615044656168,0.1795
"1267",9,7,13,"SGP",4.92410718860454,3.52842356476218,0.158
"1268",9,7,14,"SGP",3.7165276371283,3.37267800388036,0.7825
"1269",9,7,15,"SGP",19.1164568543346,7.24588581425284,0.0025
"1270",9,7,16,"SGP",5.32480874439346,3.70165128895635,0.157
"1271",9,7,17,"SGP",2.27218739336458,3.25028755464954,0.4275
"1272",9,7,18,"SGP",6.06078646358691,3.69486615266571,0.8605
"1273",9,7,19,"SGP",6.75815048772963,3.72822143636667,0.124
"1274",9,7,20,"SGP",2.78345423843721,3.23435478509986,0.3255
"1275",9,7,21,"SGP",5.35358241091123,3.64307881669957,0.8435
"1276",9,7,22,"SGP",2.09520021009103,3.1671772499576,0.462
"1277",9,7,23,"SGP",3.02481057625759,3.33601448064314,0.691
"1278",9,7,24,"SGP",2.02503316903922,3.06865215454493,0.557
"1279",9,7,25,"SGP",3.1627675512524,3.3211367510285,0.724
"1280",9,7,26,"SGP",2.08763823063569,3.12176351534621,0.4395
"1281",9,7,27,"SGP",2.05811838208484,3.03091021389449,0.4085
"1282",9,7,28,"SGP",2.34914098783429,3.19609150639128,0.643
"1283",9,7,29,"SGP",4.1431597633826,3.44725920814714,0.1985
"1284",9,7,30,"SGP",3.99977786304129,3.26713170887246,0.8015
"1285",9,7,31,"SGP",1.94497905286529,3.1313234316296,0.4995
"1286",9,7,32,"SGP",1.71917644789154,2.86689041003259,0.647
"1287",9,7,33,"SGP",3.01980509235216,3.18555761429942,0.266
"1288",9,7,34,"SGP",1.63147290608538,2.91448439998565,0.4705
"1289",9,7,35,"SGP",1.69407845245922,2.99225854665627,0.5245
"1290",9,7,36,"SGP",1.90210738573821,2.98431528090385,0.5895
"1291",9,7,37,"SGP",1.73363797591862,2.9282801561363,0.555
"1292",9,7,38,"SGP",1.60151354388657,2.87664259797693,0.461
"1293",9,7,1,"SGP50",19.6534752041703,5.68045753278007,0.9755
"1294",9,7,2,"SGP50",5.07343345942885,3.88507452372308,0.656
"1295",9,7,3,"SGP50",11.3197828838828,4.50369832687173,0.865
"1296",9,7,4,"SGP50",5.34278565594883,4.10878226099135,0.567
"1297",9,7,5,"SGP50",4.28618778336566,3.83222471717104,0.5535
"1298",9,7,6,"SGP50",13.9433494765474,4.66663973843466,0.929
"1299",9,7,7,"SGP50",11.3933178567359,4.20522080211138,0.8045
"1300",9,7,8,"SGP50",8.30976627776315,4.12958523411639,0.651
"1301",9,7,9,"SGP50",8.16423456611926,3.95625938019784,0.744
"1302",9,7,10,"SGP50",6.30622497984325,3.84309744804915,0.6635
"1303",9,7,11,"SGP50",4.61579438911635,3.8640208803735,0.4965
"1304",9,7,12,"SGP50",3.9297797832277,3.66695247040341,0.4085
"1305",9,7,13,"SGP50",3.93364380506515,3.76373909518718,0.373
"1306",9,7,14,"SGP50",5.05264445343237,3.59515640873298,0.7895
"1307",9,7,15,"SGP50",12.3217919213544,4.83078420301417,0.157
"1308",9,7,16,"SGP50",6.24556386690438,3.83668065503246,0.177
"1309",9,7,17,"SGP50",3.47562954007149,3.42235255565703,0.356
"1310",9,7,18,"SGP50",4.53192227114096,3.77072047362813,0.729
"1311",9,7,19,"SGP50",6.43527582728215,3.77667865750078,0.17
"1312",9,7,20,"SGP50",4.14627450663753,3.45247689605684,0.2675
"1313",9,7,21,"SGP50",3.86907050477054,3.64002557386044,0.6685
"1314",9,7,22,"SGP50",2.74869518196205,3.32668667207759,0.4035
"1315",9,7,23,"SGP50",2.8694287655578,3.41188383742708,0.597
"1316",9,7,24,"SGP50",2.33193764751567,3.23694067545376,0.5255
"1317",9,7,25,"SGP50",3.13023522016623,3.42181930654196,0.675
"1318",9,7,26,"SGP50",2.30807788998677,3.19637001154726,0.4885
"1319",9,7,27,"SGP50",2.24980974278847,3.14913459381948,0.4345
"1320",9,7,28,"SGP50",2.62659571679338,3.32686326141875,0.65
"1321",9,7,29,"SGP50",3.6102601678689,3.41769090109861,0.2645
"1322",9,7,30,"SGP50",3.28308575737755,3.32615410178502,0.726
"1323",9,7,31,"SGP50",1.97782540886463,3.04586810750675,0.53
"1324",9,7,32,"SGP50",1.98865271351166,2.96237347379194,0.6495
"1325",9,7,33,"SGP50",2.51076314165876,3.17335744455237,0.3565
"1326",9,7,34,"SGP50",1.65292360783444,2.8739388818441,0.4805
"1327",9,7,35,"SGP50",1.65095114375259,2.90093776849522,0.4925
"1328",9,7,36,"SGP50",1.6862661687872,2.9067029795136,0.533
"1329",9,7,37,"SGP50",1.55770787534283,2.85746215301099,0.513
"1330",9,7,38,"SGP50",1.55885703359386,2.78149401426378,0.412
"1331",9,8,1,"BMA",9.47484765876656,4.50266618018242,0.927
"1332",9,8,2,"BMA",14.3326348340003,4.94985195920881,0.9555
"1333",9,8,3,"BMA",4.33027647020216,3.84353150485676,0.4805
"1334",9,8,4,"BMA",6.42829778396837,4.06485685336687,0.7415
"1335",9,8,5,"BMA",14.224294646604,4.69121477259181,0.895
"1336",9,8,6,"BMA",6.90978825738048,3.97668909402786,0.7155
"1337",9,8,7,"BMA",4.28736237466483,3.83167895784321,0.5705
"1338",9,8,8,"BMA",3.58845074492332,3.59995916249825,0.527
"1339",9,8,9,"BMA",12.4518730061086,4.4024898699289,0.94
"1340",9,8,10,"BMA",5.58207614926579,3.42830104266251,0.7845
"1341",9,8,11,"BMA",2.44764019671987,3.1673513998926,0.358
"1342",9,8,12,"BMA",23.7627857268892,7.48721081182137,0.0115
"1343",9,8,13,"BMA",8.59140821092016,4.44296684271738,0.2635
"1344",9,8,14,"BMA",6.82515001174361,4.24805587736403,0.3145
"1345",9,8,15,"BMA",10.0069377613273,4.22459545223393,0.802
"1346",9,8,16,"BMA",4.36296214021211,3.88443065350577,0.48
"1347",9,8,17,"BMA",3.81498997683427,3.70351104328843,0.578
"1348",9,8,18,"BMA",3.12619876561594,3.45213933026075,0.4725
"1349",9,8,19,"BMA",3.6583972064299,3.56897178464534,0.68
"1350",9,8,20,"BMA",2.48667713317392,3.3442843512022,0.533
"1351",9,8,21,"BMA",2.66444442516235,3.31571934080298,0.631
"1352",9,8,22,"BMA",5.88916393988792,3.76632178408743,0.864
"1353",9,8,23,"BMA",3.89944198771891,3.46590328585128,0.752
"1354",9,8,24,"BMA",1.87842002935561,3.07645395761503,0.463
"1355",9,8,25,"BMA",1.78871163925765,2.93815316785283,0.566
"1356",9,8,26,"BMA",1.66810279100437,2.88757449553028,0.5855
"1357",9,8,27,"BMA",1.40047044930691,2.74067186630463,0.485
"1358",9,8,28,"BMA",2.6617250087111,2.85537583449588,0.216
"1359",9,8,29,"BMA",5.00387322726114,3.86743221023254,0.0565
"1360",9,8,30,"BMA",6.11136109206498,4.23960731504986,0.0515
"1361",9,8,31,"BMA",1.9329250085441,2.89791285093338,0.3155
"1362",9,8,32,"BMA",1.01410457653701,2.38367833957873,0.4845
"1363",9,8,33,"BMA",0.928848649625841,2.20728583730311,0.5905
"1364",9,8,34,"BMA",1.60587490943312,2.3247118174011,0.2035
"1365",9,8,35,"BMA",1.25228359695786,2.20735196134589,0.223
"1366",9,8,36,"BMA",0.586483314580316,1.83693711978174,0.5435
"1367",9,8,37,"BMA",0.54193703770692,1.86904403127494,0.4605
"1368",9,8,38,"BMA",0.483382635933152,1.64784516755188,0.5075
"1369",9,8,1,"AVS",9.47484765876656,4.46275423310166,0.9195
"1370",9,8,2,"AVS",13.6895941345614,4.80183665417515,0.9525
"1371",9,8,3,"AVS",4.24874313323079,3.64183170214108,0.6585
"1372",9,8,4,"AVS",8.2961555934825,4.13211538633397,0.822
"1373",9,8,5,"AVS",19.3736092254024,5.37399435445665,0.9615
"1374",9,8,6,"AVS",4.14079193272466,3.72763216174718,0.5535
"1375",9,8,7,"AVS",3.84082702436071,3.71712762251096,0.4705
"1376",9,8,8,"AVS",2.95624512677987,3.41671796678118,0.435
"1377",9,8,9,"AVS",8.37025293329878,4.00738537353495,0.927
"1378",9,8,10,"AVS",2.75501335223451,3.11696748717688,0.723
"1379",9,8,11,"AVS",2.4861292447129,3.06031318737986,0.321
"1380",9,8,12,"AVS",24.2810641668786,7.99218568480119,0.0015
"1381",9,8,13,"AVS",16.0404377213901,5.4098130837201,0.0235
"1382",9,8,14,"AVS",15.4299803621479,5.34048169399504,0.025
"1383",9,8,15,"AVS",9.10217734132378,4.03928738244241,0.9055
"1384",9,8,16,"AVS",10.5196265926574,4.36624942650386,0.0655
"1385",9,8,17,"AVS",2.76160089588406,3.37595797106152,0.528
"1386",9,8,18,"AVS",3.43335917178194,3.4533212255177,0.3415
"1387",9,8,19,"AVS",3.15896762076182,3.4549221515619,0.6485
"1388",9,8,20,"AVS",3.72580147730439,3.48593980322746,0.3145
"1389",9,8,21,"AVS",2.63536253587606,3.29992873475689,0.6085
"1390",9,8,22,"AVS",4.74305119817998,3.54103694476923,0.7855
"1391",9,8,23,"AVS",2.59770022573803,3.23853505985803,0.425
"1392",9,8,24,"AVS",3.99827636077098,3.48636055082687,0.249
"1393",9,8,25,"AVS",2.67247551195291,3.31612651173897,0.6605
"1394",9,8,26,"AVS",2.30339465516139,3.16415904290276,0.581
"1395",9,8,27,"AVS",1.97532457013322,3.04475581094328,0.4925
"1396",9,8,28,"AVS",2.27541170671125,3.08128986620167,0.353
"1397",9,8,29,"AVS",2.54010775027273,3.28862978032005,0.3625
"1398",9,8,30,"AVS",2.05040447628879,3.10873234176329,0.5545
"1399",9,8,31,"AVS",4.43562908416442,3.45509423965657,0.8265
"1400",9,8,32,"AVS",2.57894156796853,3.16225178065138,0.6545
"1401",9,8,33,"AVS",2.09932675501526,3.03719010979405,0.531
"1402",9,8,34,"AVS",2.6822428766485,3.12650294802916,0.314
"1403",9,8,35,"AVS",1.85682983060324,2.90458064408563,0.5675
"1404",9,8,36,"AVS",1.67099150742238,2.73610918737733,0.615
"1405",9,8,37,"AVS",0.792232665745926,2.09985288832111,0.4595
"1406",9,8,38,"AVS",0.537010609190228,1.70741464104888,0.527
"1407",9,8,1,"EQW",9.47484765876656,4.41939503942384,0.919
"1408",9,8,2,"EQW",16.2972311027104,5.28201920393129,0.9605
"1409",9,8,3,"EQW",3.86909126218764,3.67888451016626,0.4035
"1410",9,8,4,"EQW",5.41730304067479,3.90148230746925,0.71
"1411",9,8,5,"EQW",11.582702086849,4.44432750613124,0.8755
"1412",9,8,6,"EQW",6.51867323170142,3.87532280680212,0.7335
"1413",9,8,7,"EQW",5.1569471456318,3.71503278461257,0.654
"1414",9,8,8,"EQW",4.43398586337761,3.70544884424863,0.633
"1415",9,8,9,"EQW",15.7063876900888,4.66580599746848,0.95
"1416",9,8,10,"EQW",13.232142724421,4.32847787604913,0.881
"1417",9,8,11,"EQW",8.73093595521546,4.05576713466803,0.7325
"1418",9,8,12,"EQW",7.61043845594101,4.40660812295483,0.3375
"1419",9,8,13,"EQW",5.97100358444652,4.06348957029291,0.355
"1420",9,8,14,"EQW",7.22607716027035,4.14566849179831,0.2505
"1421",9,8,15,"EQW",7.28973140049072,4.00396150433004,0.7885
"1422",9,8,16,"EQW",4.82217042360491,3.92253395698727,0.401
"1423",9,8,17,"EQW",3.52569925503107,3.73497355385906,0.573
"1424",9,8,18,"EQW",3.42488161257868,3.63962331164424,0.4415
"1425",9,8,19,"EQW",3.54721676815671,3.52930289805541,0.6105
"1426",9,8,20,"EQW",3.21119767776845,3.46346880224243,0.4465
"1427",9,8,21,"EQW",2.82984259405454,3.34400243023043,0.5625
"1428",9,8,22,"EQW",4.62056759807555,3.6761377476872,0.7295
"1429",9,8,23,"EQW",3.29094603377781,3.58490284993503,0.6035
"1430",9,8,24,"EQW",2.9010902934864,3.31040647390688,0.39
"1431",9,8,25,"EQW",2.27404934783478,3.15556917160447,0.542
"1432",9,8,26,"EQW",2.07248414609826,3.10039816679627,0.495
"1433",9,8,27,"EQW",2.05753437312374,2.96221790541814,0.4165
"1434",9,8,28,"EQW",3.29849304256272,3.15556661355429,0.2345
"1435",9,8,29,"EQW",4.49114848556727,3.74917387320832,0.2065
"1436",9,8,30,"EQW",4.79851925610467,3.78848627214437,0.229
"1437",9,8,31,"EQW",2.5101400889282,3.29555445806725,0.388
"1438",9,8,32,"EQW",1.79261109395672,2.86804956581396,0.422
"1439",9,8,33,"EQW",1.59725885297935,2.76653397039574,0.4185
"1440",9,8,34,"EQW",2.87066113233404,3.03189018046466,0.2365
"1441",9,8,35,"EQW",1.97060783787712,2.90430322743834,0.325
"1442",9,8,36,"EQW",1.43309318109293,2.67374997775906,0.438
"1443",9,8,37,"EQW",1.50615959411481,2.67712739222181,0.39
"1444",9,8,38,"EQW",1.29261289262029,2.45741361013798,0.4345
"1445",9,8,1,"SGP",9.47484765876656,4.33871696173457,0.9015
"1446",9,8,2,"SGP",17.3530293577131,5.43346687335321,0.974
"1447",9,8,3,"SGP",3.68310409133247,3.63681262992929,0.578
"1448",9,8,4,"SGP",4.6994292471246,3.5598049120985,0.793
"1449",9,8,5,"SGP",10.1319673780391,4.56463718215629,0.947
"1450",9,8,6,"SGP",2.856436985589,3.31839159952489,0.6495
"1451",9,8,7,"SGP",2.10272210326722,3.21945962630175,0.4895
"1452",9,8,8,"SGP",2.50961940213816,3.11775639927022,0.3345
"1453",9,8,9,"SGP",7.74016686515707,3.96205473225091,0.9265
"1454",9,8,10,"SGP",2.82964381251851,3.10902887876091,0.707
"1455",9,8,11,"SGP",2.47315242944487,3.08115310599185,0.3105
"1456",9,8,12,"SGP",23.9856207098695,7.55974332519714,0.0055
"1457",9,8,13,"SGP",15.879814197787,5.53846802428447,0.021
"1458",9,8,14,"SGP",15.321800340183,5.38588764843348,0.02
"1459",9,8,15,"SGP",9.06085700382951,4.10699657812726,0.9145
"1460",9,8,16,"SGP",10.44943445017,4.26558785027763,0.073
"1461",9,8,17,"SGP",2.58397992870585,3.31572409430728,0.533
"1462",9,8,18,"SGP",3.48945180483583,3.46927482305627,0.3395
"1463",9,8,19,"SGP",3.11147130442855,3.31474071179684,0.6265
"1464",9,8,20,"SGP",3.82086297361933,3.55368304492965,0.2945
"1465",9,8,21,"SGP",2.63729769094462,3.36218711332008,0.5995
"1466",9,8,22,"SGP",4.57127972494501,3.5432030852314,0.782
"1467",9,8,23,"SGP",2.63075594363739,3.266745860277,0.4095
"1468",9,8,24,"SGP",4.00381863786036,3.48190131546743,0.251
"1469",9,8,25,"SGP",2.70669809749644,3.30728635006156,0.67
"1470",9,8,26,"SGP",2.40887186876952,3.24588910618652,0.578
"1471",9,8,27,"SGP",2.19424857091168,3.11242797345013,0.5065
"1472",9,8,28,"SGP",2.29448411595075,3.21455039033099,0.433
"1473",9,8,29,"SGP",2.20972593245121,3.21954662118294,0.523
"1474",9,8,30,"SGP",2.04994728184371,3.11336261658122,0.5855
"1475",9,8,31,"SGP",4.39044197064314,3.36904492952087,0.8055
"1476",9,8,32,"SGP",2.57041724552682,3.22293431885037,0.659
"1477",9,8,33,"SGP",2.11872208020585,3.10987727817748,0.5285
"1478",9,8,34,"SGP",2.765296938415,3.22595444638233,0.322
"1479",9,8,35,"SGP",2.155983870188,3.15659143972707,0.6285
"1480",9,8,36,"SGP",2.45792743100588,3.17218998533643,0.632
"1481",9,8,37,"SGP",1.92721276703602,3.05346365041387,0.4555
"1482",9,8,38,"SGP",1.93630320393388,3.19250233005708,0.545
"1483",9,8,1,"SGP50",9.47484765876656,4.39492686061127,0.905
"1484",9,8,2,"SGP50",16.3808759112633,5.19693153681268,0.9575
"1485",9,8,3,"SGP50",3.80517669798765,3.65896624751457,0.4565
"1486",9,8,4,"SGP50",5.573571499508,3.92724146226349,0.7065
"1487",9,8,5,"SGP50",11.9340575072838,4.51623556060206,0.8965
"1488",9,8,6,"SGP50",6.3165405554932,3.77498574822478,0.751
"1489",9,8,7,"SGP50",4.66617190505554,3.70542224304723,0.6575
"1490",9,8,8,"SGP50",3.80145134114814,3.5685942089352,0.578
"1491",9,8,9,"SGP50",13.5229664163811,4.51454940266047,0.941
"1492",9,8,10,"SGP50",9.14127230803389,3.83110619128585,0.843
"1493",9,8,11,"SGP50",4.84606349062866,3.67885216398638,0.5875
"1494",9,8,12,"SGP50",12.6611583574798,4.89668295084204,0.1865
"1495",9,8,13,"SGP50",9.21205111574373,4.49343539017183,0.206
"1496",9,8,14,"SGP50",10.426700633094,4.48202505330524,0.1365
"1497",9,8,15,"SGP50",7.32138370176631,3.97363569365603,0.836
"1498",9,8,16,"SGP50",7.02994190460587,4.06925517304534,0.2085
"1499",9,8,17,"SGP50",3.08718443010034,3.51356900869962,0.4985
"1500",9,8,18,"SGP50",3.69218942927066,3.58187098778544,0.3735
"1501",9,8,19,"SGP50",3.24596990192368,3.47398711517924,0.5785
"1502",9,8,20,"SGP50",3.73494232908801,3.5628407521728,0.34
"1503",9,8,21,"SGP50",2.74507901371458,3.39865968795331,0.565
"1504",9,8,22,"SGP50",4.36687453009718,3.64792724875628,0.7205
"1505",9,8,23,"SGP50",2.87584398525297,3.43398051949081,0.495
"1506",9,8,24,"SGP50",3.55195959174147,3.46907008532512,0.319
"1507",9,8,25,"SGP50",2.43181275331154,3.26942723738591,0.5755
"1508",9,8,26,"SGP50",2.19641374903512,3.1290592530525,0.5275
"1509",9,8,27,"SGP50",2.09383382610741,3.05299677627042,0.4765
"1510",9,8,28,"SGP50",2.78188803016253,3.24684649706237,0.2965
"1511",9,8,29,"SGP50",3.12812533913538,3.49462521719514,0.3365
"1512",9,8,30,"SGP50",3.10549639472862,3.44137520672167,0.3545
"1513",9,8,31,"SGP50",2.69463572743714,3.35659765831992,0.578
"1514",9,8,32,"SGP50",1.95799000835428,2.98020343133192,0.516
"1515",9,8,33,"SGP50",1.75348884286178,2.87602898983842,0.4785
"1516",9,8,34,"SGP50",2.86286986817526,3.17810945606521,0.239
"1517",9,8,35,"SGP50",1.88982452975916,3.04958540815492,0.397
"1518",9,8,36,"SGP50",1.62184488771335,2.78750354719536,0.5135
"1519",9,8,37,"SGP50",1.5950257564866,2.7017385978467,0.3885
"1520",9,8,38,"SGP50",1.38173485329623,2.53764189581791,0.444
"1521",9,9,1,"BMA",3.74108736942186,3.81617399102457,0.8725
"1522",9,9,2,"BMA",3.25602252522882,3.3936567654602,0.7905
"1523",9,9,3,"BMA",1.84733249813865,3.04995302603729,0.5395
"1524",9,9,4,"BMA",2.89493590623281,3.28766292033247,0.717
"1525",9,9,5,"BMA",1.88148388319099,2.96814919462396,0.4835
"1526",9,9,6,"BMA",5.82374249801408,3.60833387342193,0.1115
"1527",9,9,7,"BMA",2.6354499703059,2.96298259453207,0.3095
"1528",9,9,8,"BMA",4.98669763220824,3.70340817423149,0.86
"1529",9,9,9,"BMA",5.36126776855006,3.81123670001784,0.8665
"1530",9,9,10,"BMA",7.36246967807234,4.07147644399575,0.9
"1531",9,9,11,"BMA",5.55964591104727,3.78893939914483,0.863
"1532",9,9,12,"BMA",7.91008594500958,3.94945698846464,0.906
"1533",9,9,13,"BMA",8.06098641277929,4.01470649195401,0.9135
"1534",9,9,14,"BMA",6.2878541328967,3.73200328281433,0.878
"1535",9,9,15,"BMA",2.3116300716131,2.98228027234628,0.627
"1536",9,9,16,"BMA",8.93742827241929,4.8776949270628,0.9735
"1537",9,9,17,"BMA",2.33294159758209,3.21585672817891,0.395
"1538",9,9,18,"BMA",2.61682089180977,3.0485138517915,0.2625
"1539",9,9,19,"BMA",1.6793030794183,2.88478186160835,0.435
"1540",9,9,20,"BMA",4.10084294042062,3.21968633730125,0.139
"1541",9,9,21,"BMA",1.46575215354009,2.7514608383749,0.4255
"1542",9,9,22,"BMA",1.37347043863546,2.63664073720154,0.5675
"1543",9,9,23,"BMA",2.9043036765248,3.02879068343503,0.1805
"1544",9,9,24,"BMA",2.52916423664598,2.93964151289097,0.229
"1545",9,9,25,"BMA",1.29680728284415,2.62059613440472,0.412
"1546",9,9,26,"BMA",2.3529459601032,2.84986828573917,0.201
"1547",9,9,27,"BMA",2.85183115870735,2.97705356525916,0.1695
"1548",9,9,28,"BMA",5.14489711050634,3.59913905740987,0.068
"1549",9,9,29,"BMA",2.32618398054514,2.86977174799217,0.2165
"1550",9,9,30,"BMA",1.65783214212371,2.64095236595033,0.297
"1551",9,9,31,"BMA",4.13486478848871,3.42748219202641,0.0935
"1552",9,9,32,"BMA",3.25038504822165,3.14458500854251,0.16
"1553",9,9,33,"BMA",1.89233871700349,2.79757634156988,0.672
"1554",9,9,34,"BMA",2.5894576216275,2.95327436929556,0.184
"1555",9,9,35,"BMA",2.90253799771194,3.0901222055999,0.1775
"1556",9,9,36,"BMA",1.50399605389932,2.64031779458154,0.3465
"1557",9,9,37,"BMA",1.75940648244488,2.82435665266736,0.695
"1558",9,9,38,"BMA",1.31666974411853,2.56250015175495,0.6035
"1559",9,9,1,"AVS",3.74108736942186,3.84192739885754,0.8855
"1560",9,9,2,"AVS",2.52811114364081,3.14693892565662,0.7185
"1561",9,9,3,"AVS",1.87308768075459,2.95773748999496,0.422
"1562",9,9,4,"AVS",2.50624296628194,3.16118165495048,0.672
"1563",9,9,5,"AVS",1.88287726688717,3.06627623312234,0.482
"1564",9,9,6,"AVS",5.8713880491335,3.65757073082592,0.109
"1565",9,9,7,"AVS",2.65572850619401,3.00388960437438,0.3155
"1566",9,9,8,"AVS",5.24404489920397,3.71177180837534,0.8645
"1567",9,9,9,"AVS",5.29959664235279,3.71049163867527,0.861
"1568",9,9,10,"AVS",6.4274144746162,3.76366592928153,0.902
"1569",9,9,11,"AVS",2.0880883593195,2.70117835786354,0.749
"1570",9,9,12,"AVS",5.51929359720589,3.65125101660851,0.9495
"1571",9,9,13,"AVS",4.76963157355849,3.53481294358969,0.9255
"1572",9,9,14,"AVS",3.63481466895175,3.17940205549428,0.8855
"1573",9,9,15,"AVS",1.35339140255765,2.57259699658447,0.6205
"1574",9,9,16,"AVS",9.19661480808221,5.40499424869242,0.9925
"1575",9,9,17,"AVS",2.15601926560735,2.95026395430199,0.278
"1576",9,9,18,"AVS",2.35813814020474,2.99803244896917,0.232
"1577",9,9,19,"AVS",1.36130781156525,2.65554922417079,0.4825
"1578",9,9,20,"AVS",3.83463071161433,3.33550807302742,0.1275
"1579",9,9,21,"AVS",1.29126828794684,2.7113174307561,0.445
"1580",9,9,22,"AVS",1.35073369405705,2.6871519830614,0.5585
"1581",9,9,23,"AVS",2.86214322257596,3.01317650417018,0.183
"1582",9,9,24,"AVS",2.50243944972884,2.92153193673623,0.2235
"1583",9,9,25,"AVS",1.2921048835314,2.60541833590741,0.4125
"1584",9,9,26,"AVS",2.36196259783849,2.84738351734662,0.2125
"1585",9,9,27,"AVS",2.88554348908935,2.94447950709959,0.158
"1586",9,9,28,"AVS",5.21133718842003,3.58234678993052,0.0595
"1587",9,9,29,"AVS",2.43175402701407,2.96014957226467,0.221
"1588",9,9,30,"AVS",1.74924110306868,2.62477099159049,0.2915
"1589",9,9,31,"AVS",4.40319196826287,3.45800532940408,0.088
"1590",9,9,32,"AVS",3.86625208365073,3.31091467566308,0.112
"1591",9,9,33,"AVS",1.42580109946846,2.71405904666381,0.584
"1592",9,9,34,"AVS",2.99021648106293,3.11656983923937,0.141
"1593",9,9,35,"AVS",3.65678004508276,3.26333267546844,0.142
"1594",9,9,36,"AVS",1.95839948215798,2.78771218261245,0.259
"1595",9,9,37,"AVS",1.6517054592455,2.79470670097415,0.682
"1596",9,9,38,"AVS",1.2080461259505,2.57596360742307,0.534
"1597",9,9,1,"EQW",3.74108736942186,3.94040483944088,0.875
"1598",9,9,2,"EQW",3.27220339763937,3.21755506217124,0.827
"1599",9,9,3,"EQW",1.92753221798027,2.90328560046141,0.687
"1600",9,9,4,"EQW",5.32339575682651,3.7870968885801,0.8715
"1601",9,9,5,"EQW",1.33782772039893,2.60508940506446,0.502
"1602",9,9,6,"EQW",5.13844313899623,3.69976591352511,0.068
"1603",9,9,7,"EQW",1.41561888523308,2.73401606019299,0.521
"1604",9,9,8,"EQW",6.42986716700956,4.14086864529945,0.9335
"1605",9,9,9,"EQW",3.66838991306378,3.13559405856836,0.8205
"1606",9,9,10,"EQW",5.25004325982332,3.60634569294276,0.906
"1607",9,9,11,"EQW",3.25373213546653,3.09178430349853,0.782
"1608",9,9,12,"EQW",5.91185776849734,3.71352017879158,0.933
"1609",9,9,13,"EQW",5.60168292567477,3.57271131008792,0.902
"1610",9,9,14,"EQW",4.21879596484423,3.23649404227342,0.792
"1611",9,9,15,"EQW",2.39736705783884,3.08125442865848,0.6025
"1612",9,9,16,"EQW",9.19442202897835,4.84867907192971,0.964
"1613",9,9,17,"EQW",2.63461508759579,3.39412916915498,0.4405
"1614",9,9,18,"EQW",2.84312149916123,3.25520337396721,0.291
"1615",9,9,19,"EQW",1.96258172934444,3.05838950629964,0.415
"1616",9,9,20,"EQW",4.28339794975495,3.53767049654082,0.181
"1617",9,9,21,"EQW",2.1408827202394,3.05000751887876,0.367
"1618",9,9,22,"EQW",1.70644309399105,2.86564461486625,0.495
"1619",9,9,23,"EQW",3.11123229171496,3.25222636244169,0.2255
"1620",9,9,24,"EQW",2.91612600312015,3.11262647854066,0.228
"1621",9,9,25,"EQW",1.51988427443967,2.79307729752773,0.455
"1622",9,9,26,"EQW",2.07673122594672,2.89354702002876,0.2985
"1623",9,9,27,"EQW",2.2343101398329,2.92993273996857,0.269
"1624",9,9,28,"EQW",4.15508742555644,3.35118306555283,0.1245
"1625",9,9,29,"EQW",2.11666305558634,2.8162506220006,0.294
"1626",9,9,30,"EQW",1.64220237470887,2.72976270649747,0.371
"1627",9,9,31,"EQW",3.61684852105382,3.08876772851406,0.1355
"1628",9,9,32,"EQW",3.73812527623385,3.28917726436564,0.147
"1629",9,9,33,"EQW",1.51677094194789,2.80727887295327,0.495
"1630",9,9,34,"EQW",2.67236314426958,2.90017117310549,0.1625
"1631",9,9,35,"EQW",4.14233723930943,3.37207767014384,0.1275
"1632",9,9,36,"EQW",3.59350870032187,3.35585629813033,0.1745
"1633",9,9,37,"EQW",2.00566541649222,3.04649551234589,0.36
"1634",9,9,38,"EQW",1.3893656482299,2.68771995913925,0.363
"1635",9,9,1,"SGP",3.74108736942186,3.76351782274225,0.885
"1636",9,9,2,"SGP",3.76354273212789,3.37760989375564,0.8815
"1637",9,9,3,"SGP",1.57822200597441,2.65728558985511,0.661
"1638",9,9,4,"SGP",5.38258710109864,4.16738933003958,0.9695
"1639",9,9,5,"SGP",0.981000599016214,2.36411117741389,0.4905
"1640",9,9,6,"SGP",4.88749535850347,3.79353574041828,0.0335
"1641",9,9,7,"SGP",1.34694013117114,2.449454245709,0.676
"1642",9,9,8,"SGP",7.55934877716775,5.12570963393662,0.985
"1643",9,9,9,"SGP",2.40963608034958,2.8986851912778,0.8135
"1644",9,9,10,"SGP",3.90288878869568,3.28129315273515,0.9
"1645",9,9,11,"SGP",1.94367837910049,2.67333734527546,0.732
"1646",9,9,12,"SGP",5.45389091663978,3.7144833260162,0.9445
"1647",9,9,13,"SGP",4.68488129730939,3.46816192376894,0.9245
"1648",9,9,14,"SGP",3.41401370604096,3.15604350495708,0.85
"1649",9,9,15,"SGP",1.32243181404471,2.6304483077149,0.587
"1650",9,9,16,"SGP",9.07443596847403,5.49561162333463,0.9935
"1651",9,9,17,"SGP",3.40631734859826,3.18393791803149,0.183
"1652",9,9,18,"SGP",2.51673797989171,2.96832214541084,0.2275
"1653",9,9,19,"SGP",1.36942474437368,2.69300255559358,0.466
"1654",9,9,20,"SGP",3.96397615253802,3.34998639701139,0.132
"1655",9,9,21,"SGP",1.32469614699563,2.73642038260865,0.395
"1656",9,9,22,"SGP",1.33534760289102,2.73421407044807,0.581
"1657",9,9,23,"SGP",2.96582996100888,2.98467332725256,0.173
"1658",9,9,24,"SGP",2.54835774484487,2.95318946460427,0.2125
"1659",9,9,25,"SGP",1.28311628399349,2.62965109864534,0.4205
"1660",9,9,26,"SGP",2.35623855465982,2.86113423318118,0.2025
"1661",9,9,27,"SGP",2.81401050618802,2.9648880773248,0.171
"1662",9,9,28,"SGP",5.03404809690864,3.71051702896289,0.0615
"1663",9,9,29,"SGP",1.65058022639516,2.78484714043946,0.3435
"1664",9,9,30,"SGP",1.2257090517581,2.60385901733492,0.5345
"1665",9,9,31,"SGP",2.07682193516407,2.80509998616588,0.2355
"1666",9,9,32,"SGP",1.18973673689623,2.5256419579624,0.4135
"1667",9,9,33,"SGP",4.07764809841727,3.36127866684592,0.9165
"1668",9,9,34,"SGP",1.31657429292692,2.59955954694424,0.345
"1669",9,9,35,"SGP",1.48514227101265,2.6389295819393,0.3375
"1670",9,9,36,"SGP",1.0814760952391,2.47737193777022,0.5395
"1671",9,9,37,"SGP",2.58209765444448,2.91682822540754,0.8285
"1672",9,9,38,"SGP",1.75505153185599,2.60049850851349,0.738
"1673",9,9,1,"SGP50",3.74108736942186,3.8255676129792,0.892
"1674",9,9,2,"SGP50",3.28945701797973,3.24627985964512,0.832
"1675",9,9,3,"SGP50",1.9323914667477,2.85779535692643,0.6785
"1676",9,9,4,"SGP50",5.39970576130218,3.90428837759671,0.8865
"1677",9,9,5,"SGP50",1.32007237279375,2.63748937725165,0.4965
"1678",9,9,6,"SGP50",5.11242474444439,3.76134122604166,0.0685
"1679",9,9,7,"SGP50",1.38349400927598,2.74503222034534,0.5035
"1680",9,9,8,"SGP50",6.55521662726735,4.29182620408778,0.947
"1681",9,9,9,"SGP50",3.50841173065293,3.11092800821975,0.8225
"1682",9,9,10,"SGP50",5.03884863252019,3.48667957889874,0.8975
"1683",9,9,11,"SGP50",3.00545013728885,3.06163162311711,0.78
"1684",9,9,12,"SGP50",5.65989729297803,3.78643925937172,0.926
"1685",9,9,13,"SGP50",5.16776901515926,3.60188250359055,0.901
"1686",9,9,14,"SGP50",3.61292947814264,3.1420853596324,0.785
"1687",9,9,15,"SGP50",1.97518111858223,2.86996551216082,0.5595
"1688",9,9,16,"SGP50",8.94530585791846,4.70624757600312,0.9635
"1689",9,9,17,"SGP50",2.72266154952823,3.32794584141583,0.3345
"1690",9,9,18,"SGP50",2.95445023369583,3.15164043870092,0.2515
"1691",9,9,19,"SGP50",1.75243894525268,2.92786548604131,0.416
"1692",9,9,20,"SGP50",4.44436840558298,3.54683257647247,0.154
"1693",9,9,21,"SGP50",1.89618579803543,2.92085685888396,0.3575
"1694",9,9,22,"SGP50",1.5000751055724,2.77128164233889,0.49
"1695",9,9,23,"SGP50",3.25075493738162,3.28102470940814,0.1895
"1696",9,9,24,"SGP50",2.91563792636838,3.03733667719357,0.2195
"1697",9,9,25,"SGP50",1.36878281143986,2.69089502518077,0.451
"1698",9,9,26,"SGP50",2.17066287322302,2.87034385921519,0.253
"1699",9,9,27,"SGP50",2.33451703457854,2.85093180028298,0.259
"1700",9,9,28,"SGP50",4.28706126372703,3.4177599997783,0.105
"1701",9,9,29,"SGP50",1.81683752527977,2.7905895327973,0.3295
"1702",9,9,30,"SGP50",1.45590269119279,2.69089581866838,0.402
"1703",9,9,31,"SGP50",3.34158705355891,3.06032371853252,0.1555
"1704",9,9,32,"SGP50",2.98672061083136,3.05422169220192,0.192
"1705",9,9,33,"SGP50",1.68791364121407,2.84738522072803,0.5965
"1706",9,9,34,"SGP50",2.38322667232296,2.86340822405045,0.198
"1707",9,9,35,"SGP50",3.3435274458092,3.14959116010563,0.1635
"1708",9,9,36,"SGP50",2.51732146788219,2.9601503336711,0.2645
"1709",9,9,37,"SGP50",1.61565987044626,2.91712014208554,0.474
"1710",9,9,38,"SGP50",1.2467963003523,2.63467606202356,0.4945
"1711",9,10,1,"BMA",0.752734359505006,1.99538641187737,0.514
"1712",9,10,2,"BMA",1.3905318959624,2.50163365388569,0.817
"1713",9,10,3,"BMA",1.23781735213963,2.23790874043362,0.7865
"1714",9,10,4,"BMA",2.80713958674243,3.48060998031782,0.944
"1715",9,10,5,"BMA",2.49941413065897,2.89116976822134,0.105
"1716",9,10,6,"BMA",4.10574798435156,3.69806207995494,0.9305
"1717",9,10,7,"BMA",2.5357082335481,3.0576258916721,0.817
"1718",9,10,8,"BMA",1.77203797559338,2.60547624893816,0.261
"1719",9,10,9,"BMA",2.39856118007552,2.86423404946735,0.774
"1720",9,10,10,"BMA",2.68935467992327,3.02838655122553,0.8205
"1721",9,10,11,"BMA",1.19725993595234,2.54411768436805,0.532
"1722",9,10,12,"BMA",3.73108334127158,3.27064042846403,0.11
"1723",9,10,13,"BMA",1.23706022704612,2.61104254011545,0.5335
"1724",9,10,14,"BMA",2.69564294293357,2.92839750738093,0.1545
"1725",9,10,15,"BMA",1.49012807122649,2.59053050059324,0.288
"1726",9,10,16,"BMA",3.9735463690271,3.36520608421284,0.072
"1727",9,10,17,"BMA",3.44698630211243,3.20241878609946,0.0715
"1728",9,10,18,"BMA",3.32525810044241,3.20382863726933,0.0415
"1729",9,10,19,"BMA",0.770317414822473,2.09154880563473,0.6175
"1730",9,10,20,"BMA",5.27115961113741,4.64012939902591,0.991
"1731",9,10,21,"BMA",1.02855258754124,2.4552134556987,0.511
"1732",9,10,22,"BMA",1.06600104677885,2.12008786046473,0.2985
"1733",9,10,23,"BMA",0.756245243845149,1.86506525204779,0.3925
"1734",9,10,24,"BMA",1.01249672042471,2.16459204122659,0.28
"1735",9,10,25,"BMA",0.83721135836823,2.01855341177407,0.3345
"1736",9,10,26,"BMA",2.79924472132038,3.22636011358478,0.065
"1737",9,10,27,"BMA",2.37549989735568,2.80938918105148,0.8765
"1738",9,10,28,"BMA",1.46877168729608,2.28693813720053,0.819
"1739",9,10,29,"BMA",0.760323061921002,1.85769544479414,0.3095
"1740",9,10,30,"BMA",2.74892362278816,3.14693801239201,0.9355
"1741",9,10,31,"BMA",2.14752317516883,2.97164921694724,0.896
"1742",9,10,32,"BMA",3.39180568152598,3.41681083598853,0.936
"1743",9,10,33,"BMA",1.06287266160505,2.41401876261052,0.6015
"1744",9,10,34,"BMA",1.39992152022768,2.45060321874852,0.7395
"1745",9,10,35,"BMA",0.862012945090449,2.30272286197575,0.504
"1746",9,10,36,"BMA",2.81654817630873,2.90598376806599,0.074
"1747",9,10,37,"BMA",0.760909782379507,2.17699768752834,0.4945
"1748",9,10,38,"BMA",0.931508703382215,2.02393543056516,0.6845
"1749",9,10,1,"AVS",0.752734359505006,1.99767284883943,0.511
"1750",9,10,2,"AVS",1.44470081299062,2.53358411771936,0.847
"1751",9,10,3,"AVS",1.36791639819662,2.32312648610406,0.8315
"1752",9,10,4,"AVS",2.87999301363395,3.41780345214914,0.952
"1753",9,10,5,"AVS",2.58642841541221,3.05006685835033,0.075
"1754",9,10,6,"AVS",4.12056375636554,3.7210588463766,0.918
"1755",9,10,7,"AVS",2.46136686958915,2.99165821113397,0.8175
"1756",9,10,8,"AVS",1.66514269298647,2.56742739273258,0.2885
"1757",9,10,9,"AVS",2.25945757555431,2.88278436344027,0.7705
"1758",9,10,10,"AVS",2.68574045522272,3.04210962726117,0.8115
"1759",9,10,11,"AVS",1.20999857608044,2.54511045225917,0.542
"1760",9,10,12,"AVS",3.9638030231906,3.25212436069772,0.087
"1761",9,10,13,"AVS",1.21541055473732,2.60660859763228,0.472
"1762",9,10,14,"AVS",2.83169495323426,2.94967491136537,0.1625
"1763",9,10,15,"AVS",1.59962071646059,2.53299352648945,0.283
"1764",9,10,16,"AVS",4.03750980027804,3.41231828423986,0.0655
"1765",9,10,17,"AVS",3.13102120504666,3.08151718468506,0.0835
"1766",9,10,18,"AVS",3.00626564420364,3.11401928393356,0.0445
"1767",9,10,19,"AVS",0.729344626468868,2.01352379512734,0.6415
"1768",9,10,20,"AVS",5.49022513431763,4.81202822919486,0.993
"1769",9,10,21,"AVS",0.870758302007159,2.22169532002182,0.6755
"1770",9,10,22,"AVS",1.04475598797173,2.08448762788341,0.2535
"1771",9,10,23,"AVS",0.871605942615126,1.88385018491989,0.2705
"1772",9,10,24,"AVS",1.19858357605863,2.0781056115274,0.212
"1773",9,10,25,"AVS",0.974567132738964,1.96766679098121,0.2285
"1774",9,10,26,"AVS",3.23943862352929,4.03388480808835,0.016
"1775",9,10,27,"AVS",1.30724315642795,2.28868347512759,0.7955
"1776",9,10,28,"AVS",1.40124954363192,2.33100777686228,0.8395
"1777",9,10,29,"AVS",0.686870945229116,1.76071963035456,0.317
"1778",9,10,30,"AVS",2.73136744039412,3.1789444044435,0.9495
"1779",9,10,31,"AVS",2.33605267182475,3.00747076467442,0.9165
"1780",9,10,32,"AVS",3.88394830682771,3.7710797022987,0.968
"1781",9,10,33,"AVS",1.35538545199727,2.53733859484265,0.7165
"1782",9,10,34,"AVS",1.66235546589483,2.60918364741758,0.79
"1783",9,10,35,"AVS",0.857306399372645,2.25249941488448,0.4965
"1784",9,10,36,"AVS",2.99679641149563,2.96320970706834,0.085
"1785",9,10,37,"AVS",0.752610051032419,2.09726420061084,0.469
"1786",9,10,38,"AVS",0.931840824077838,2.0855588286066,0.658
"1787",9,10,1,"EQW",0.752734359505006,2.02589269187689,0.5015
"1788",9,10,2,"EQW",1.18221208982217,2.55262548069642,0.7145
"1789",9,10,3,"EQW",1.15873660549318,2.33517771501447,0.743
"1790",9,10,4,"EQW",2.57967897717513,3.21865807425433,0.8975
"1791",9,10,5,"EQW",2.29663988072324,2.91751179158795,0.147
"1792",9,10,6,"EQW",3.9553601551936,3.58753253848794,0.907
"1793",9,10,7,"EQW",2.87128378768272,3.03416055413941,0.8495
"1794",9,10,8,"EQW",2.05791624682742,2.72092063753383,0.2015
"1795",9,10,9,"EQW",3.1438527425659,3.19622163084566,0.874
"1796",9,10,10,"EQW",2.03768061222225,2.66978864396129,0.8115
"1797",9,10,11,"EQW",1.03766767641719,2.41978332255262,0.4965
"1798",9,10,12,"EQW",4.37323553562684,3.51677728819521,0.088
"1799",9,10,13,"EQW",1.45312025544054,2.60306843150313,0.6625
"1800",9,10,14,"EQW",2.79845041346982,2.91007680776972,0.153
"1801",9,10,15,"EQW",1.1711863572718,2.45898335301045,0.3655
"1802",9,10,16,"EQW",3.84564949677896,3.43184838588336,0.0615
"1803",9,10,17,"EQW",2.91368800833648,3.04065920394762,0.1
"1804",9,10,18,"EQW",3.11698287475642,3.10978817251316,0.0955
"1805",9,10,19,"EQW",0.935646588530872,2.28110367797812,0.585
"1806",9,10,20,"EQW",4.60702170818831,3.81374322807704,0.9615
"1807",9,10,21,"EQW",1.19919327176167,2.55569848076154,0.47
"1808",9,10,22,"EQW",1.19019028735719,2.36731181365847,0.314
"1809",9,10,23,"EQW",0.79001613515173,2.12670930530857,0.4705
"1810",9,10,24,"EQW",0.892003541304072,2.23753235605081,0.4305
"1811",9,10,25,"EQW",0.827811586628081,2.23981556056852,0.5105
"1812",9,10,26,"EQW",1.65475943585789,2.44989129864349,0.2235
"1813",9,10,27,"EQW",2.68635198819416,2.97879324059149,0.894
"1814",9,10,28,"EQW",1.72785344249508,2.5738518625914,0.7655
"1815",9,10,29,"EQW",1.0712184751439,2.4140837591979,0.4155
"1816",9,10,30,"EQW",3.89710415354973,3.47601221850541,0.942
"1817",9,10,31,"EQW",1.92301457210845,2.70447793157934,0.727
"1818",9,10,32,"EQW",3.02630963283021,2.89340183259149,0.855
"1819",9,10,33,"EQW",1.59479114675763,2.73170508221253,0.624
"1820",9,10,34,"EQW",2.16778949320918,2.67395228264184,0.7805
"1821",9,10,35,"EQW",1.5448510233295,2.57290914024979,0.6365
"1822",9,10,36,"EQW",1.77293062625018,2.87740110891508,0.2775
"1823",9,10,37,"EQW",1.11447916502059,2.32534890512446,0.6085
"1824",9,10,38,"EQW",1.64103928028338,2.51337850180283,0.7635
"1825",9,10,1,"SGP",0.752734359505006,2.00625445402343,0.502
"1826",9,10,2,"SGP",1.45347969992398,2.59385678923734,0.8515
"1827",9,10,3,"SGP",1.24252425143622,2.15520728390841,0.823
"1828",9,10,4,"SGP",2.92776381231309,3.69090841616157,0.9615
"1829",9,10,5,"SGP",2.64775224007153,3.08593254486036,0.061
"1830",9,10,6,"SGP",5.31467167279697,4.74412939450222,0.984
"1831",9,10,7,"SGP",3.29388735813593,3.26551464649617,0.9045
"1832",9,10,8,"SGP",2.3620062873187,2.76376163069266,0.1345
"1833",9,10,9,"SGP",4.10179951445456,3.70989853985854,0.9565
"1834",9,10,10,"SGP",1.59299816099626,2.34387170933616,0.7975
"1835",9,10,11,"SGP",0.966760398041804,2.35468994357525,0.4065
"1836",9,10,12,"SGP",6.01514607541207,4.41903729138004,0.0205
"1837",9,10,13,"SGP",1.76589802093065,2.64440659730923,0.789
"1838",9,10,14,"SGP",3.18501052763413,3.16646977411261,0.0825
"1839",9,10,15,"SGP",0.981894611127192,2.34659370522873,0.3905
"1840",9,10,16,"SGP",4.0931980181943,3.5533931819599,0.0575
"1841",9,10,17,"SGP",2.49141070317327,2.83175347383914,0.146
"1842",9,10,18,"SGP",2.47063307988709,2.79530212638178,0.16
"1843",9,10,19,"SGP",1.33013280452537,2.4688719594969,0.719
"1844",9,10,20,"SGP",4.31610249146586,3.53617463086331,0.9535
"1845",9,10,21,"SGP",2.3833589615188,2.82588352563615,0.1525
"1846",9,10,22,"SGP",1.89228373213247,2.63806012296364,0.204
"1847",9,10,23,"SGP",0.880411833387769,2.27690312012224,0.461
"1848",9,10,24,"SGP",1.08355570248022,2.4171005630896,0.343
"1849",9,10,25,"SGP",0.885660125728421,2.22926545893375,0.49
"1850",9,10,26,"SGP",1.95398724132807,2.57025043111943,0.1945
"1851",9,10,27,"SGP",3.13895271695033,3.15920372621549,0.9115
"1852",9,10,28,"SGP",1.04191011511093,2.34421715333606,0.638
"1853",9,10,29,"SGP",1.64418938691397,2.41491002859153,0.2175
"1854",9,10,30,"SGP",3.22127544375986,3.06998601132563,0.9215
"1855",9,10,31,"SGP",0.937044907536395,2.30352502149433,0.5405
"1856",9,10,32,"SGP",1.5806946791579,2.55893243926859,0.7685
"1857",9,10,33,"SGP",1.10195472932356,2.36862733762451,0.332
"1858",9,10,34,"SGP",1.02480287112793,2.28563563690849,0.653
"1859",9,10,35,"SGP",0.883739354969085,2.28260912103223,0.4115
"1860",9,10,36,"SGP",2.89708006455979,2.98021343822651,0.085
"1861",9,10,37,"SGP",0.745386841648248,2.06805875400907,0.4125
"1862",9,10,38,"SGP",0.785130661998194,2.02572623147682,0.6325
"1863",9,10,1,"SGP50",0.752734359505006,2.01559714254979,0.514
"1864",9,10,2,"SGP50",1.19073933897357,2.39662273933448,0.7175
"1865",9,10,3,"SGP50",1.16807990868621,2.33499210557206,0.7365
"1866",9,10,4,"SGP50",2.61340724547445,3.19149230339009,0.894
"1867",9,10,5,"SGP50",2.30746660870377,2.86761695395649,0.131
"1868",9,10,6,"SGP50",4.04994419290776,3.60414450463731,0.9225
"1869",9,10,7,"SGP50",2.88958089133418,3.17767508847093,0.8585
"1870",9,10,8,"SGP50",2.07944810368321,2.62292339037088,0.2
"1871",9,10,9,"SGP50",3.21555470793622,3.24486868842635,0.8825
"1872",9,10,10,"SGP50",1.99486287106151,2.58235565044756,0.821
"1873",9,10,11,"SGP50",1.02634181297728,2.39008891861863,0.501
"1874",9,10,12,"SGP50",4.46646553685633,3.7125648136928,0.0675
"1875",9,10,13,"SGP50",1.47905044223816,2.64437504984588,0.6915
"1876",9,10,14,"SGP50",2.83584314657079,2.95952644888697,0.142
"1877",9,10,15,"SGP50",1.14743402811109,2.36875659247777,0.363
"1878",9,10,16,"SGP50",3.86780760023891,3.32203290203931,0.0645
"1879",9,10,17,"SGP50",2.85615807268499,3.05126813863765,0.096
"1880",9,10,18,"SGP50",3.0277747052427,3.07341715003858,0.088
"1881",9,10,19,"SGP50",0.968950189876475,2.25962339586427,0.616
"1882",9,10,20,"SGP50",4.58286967797531,3.79091776140383,0.9625
"1883",9,10,21,"SGP50",1.26623555469838,2.48465524766755,0.4285
"1884",9,10,22,"SGP50",1.25198117994219,2.34547625802467,0.303
"1885",9,10,23,"SGP50",0.796578840801643,2.1040048617588,0.4885
"1886",9,10,24,"SGP50",0.91145497559694,2.32457511492094,0.41
"1887",9,10,25,"SGP50",0.829935774318339,2.21692025204147,0.493
"1888",9,10,26,"SGP50",1.70783427179443,2.44877744989532,0.21
"1889",9,10,27,"SGP50",2.68141225462825,2.89854043473905,0.8955
"1890",9,10,28,"SGP50",1.65013219875587,2.54981120709475,0.754
"1891",9,10,29,"SGP50",1.08273185966971,2.39930975584603,0.4015
"1892",9,10,30,"SGP50",3.78405316265526,3.38249456834241,0.9365
"1893",9,10,31,"SGP50",1.77383226164293,2.59533595815244,0.714
"1894",9,10,32,"SGP50",2.80324265948554,2.89295199247917,0.851
"1895",9,10,33,"SGP50",1.41846056001711,2.61339643617107,0.5785
"1896",9,10,34,"SGP50",1.90487551152887,2.63061043394648,0.776
"1897",9,10,35,"SGP50",1.31726048280713,2.51558290565739,0.6105
"1898",9,10,36,"SGP50",1.94933077643256,2.84398363156403,0.236
"1899",9,10,37,"SGP50",0.990644746139989,2.32105665857052,0.59
"1900",9,10,38,"SGP50",1.4192540152262,2.38496293894933,0.733
"1901",9,11,1,"BMA",11.7302978914255,4.60400371457127,0.914
"1902",9,11,2,"BMA",4.16722222622855,3.57812890856556,0.7475
"1903",9,11,3,"BMA",13.651259415441,4.95204021908754,0.941
"1904",9,11,4,"BMA",4.82131083516174,3.97958589755929,0.439
"1905",9,11,5,"BMA",8.98585207848505,4.23660869223254,0.8115
"1906",9,11,6,"BMA",16.5420216479162,4.81448426989061,0.9295
"1907",9,11,7,"BMA",11.6070957506386,4.43869312804879,0.867
"1908",9,11,8,"BMA",7.18102407145735,4.08234439471282,0.75
"1909",9,11,9,"BMA",6.10208020805959,3.94505483099245,0.301
"1910",9,11,10,"BMA",8.97799095023533,4.11011453458786,0.7695
"1911",9,11,11,"BMA",14.3350807137908,4.22881281700101,0.836
"1912",9,11,12,"BMA",7.55778875925023,3.96808000547137,0.5615
"1913",9,11,13,"BMA",6.51858447698426,4.14490103211559,0.358
"1914",9,11,14,"BMA",5.34506730385027,4.06630037141545,0.4515
"1915",9,11,15,"BMA",4.07024428721848,3.74659902675023,0.6065
"1916",9,11,16,"BMA",8.50243404565981,4.08579745375685,0.8555
"1917",9,11,17,"BMA",11.4038963967224,4.48302993378131,0.924
"1918",9,11,18,"BMA",2.60006032473339,3.38837586760201,0.5475
"1919",9,11,19,"BMA",2.66172833418556,3.29001190839165,0.622
"1920",9,11,20,"BMA",2.71871122380113,3.1609654677323,0.663
"1921",9,11,21,"BMA",2.38588034289518,3.14349714260969,0.325
"1922",9,11,22,"BMA",2.79390211819321,3.25467325459906,0.2905
"1923",9,11,23,"BMA",1.73278633266003,2.9570736627142,0.551
"1924",9,11,24,"BMA",1.39424254409663,2.70975280207603,0.5895
"1925",9,11,25,"BMA",1.47368133847357,2.61545133588852,0.69
"1926",9,11,26,"BMA",1.53739608468195,2.4911548378211,0.6975
"1927",9,11,27,"BMA",2.39857126267449,2.74632636031151,0.842
"1928",9,11,28,"BMA",5.76426506180092,4.44086085381898,0.978
"1929",9,11,29,"BMA",6.10004789779517,4.54443586829885,0.9825
"1930",9,11,30,"BMA",10.4600901510397,7.58197580933702,0.9985
"1931",9,11,31,"BMA",3.69918219711285,3.43107021115818,0.9195
"1932",9,11,32,"BMA",1.38181215461386,2.3258454115144,0.736
"1933",9,11,33,"BMA",1.24878447104262,2.36908496329543,0.7115
"1934",9,11,34,"BMA",1.38084273436948,2.36820751325125,0.772
"1935",9,11,35,"BMA",0.613315422983927,1.91985531888351,0.567
"1936",9,11,36,"BMA",0.786409524301836,1.88107397129875,0.319
"1937",9,11,37,"BMA",0.536341433403827,1.80163112853352,0.5555
"1938",9,11,38,"BMA",0.508341006032758,1.65414178550412,0.4505
"1939",9,11,1,"AVS",11.7302978914255,4.75949413978621,0.928
"1940",9,11,2,"AVS",4.11504051794474,3.39692018506383,0.791
"1941",9,11,3,"AVS",14.9862362491811,5.44100949160945,0.9885
"1942",9,11,4,"AVS",8.82693565187773,4.28732625590662,0.17
"1943",9,11,5,"AVS",10.1096680841238,4.35575282602768,0.868
"1944",9,11,6,"AVS",11.9352475974526,4.44607954884171,0.8575
"1945",9,11,7,"AVS",10.4000380709648,4.25941856100195,0.845
"1946",9,11,8,"AVS",7.02322419294795,4.04684677586948,0.753
"1947",9,11,9,"AVS",6.13715179298614,3.96892143475102,0.278
"1948",9,11,10,"AVS",8.98925863989113,4.08240217755991,0.7765
"1949",9,11,11,"AVS",14.4453814732027,4.29578884323214,0.8485
"1950",9,11,12,"AVS",7.69377332993597,3.9982870731864,0.5695
"1951",9,11,13,"AVS",6.54578959999889,4.17914998381682,0.3495
"1952",9,11,14,"AVS",5.35070759998595,4.06415122657194,0.482
"1953",9,11,15,"AVS",4.18593719989113,3.73535379045486,0.613
"1954",9,11,16,"AVS",9.02750879723733,4.07208627012051,0.867
"1955",9,11,17,"AVS",12.7927343365758,4.77966636916233,0.944
"1956",9,11,18,"AVS",3.33877934865403,3.47578941932207,0.6795
"1957",9,11,19,"AVS",4.33127997011475,3.51573750017099,0.7995
"1958",9,11,20,"AVS",6.07759769093022,3.84063708453317,0.884
"1959",9,11,21,"AVS",2.66355912167147,3.13304307456392,0.7085
"1960",9,11,22,"AVS",2.32823793255254,3.05808399868724,0.689
"1961",9,11,23,"AVS",5.04532081839145,3.63103959796764,0.911
"1962",9,11,24,"AVS",5.93259615787072,3.82736943680494,0.928
"1963",9,11,25,"AVS",4.71168341961457,3.40326591511337,0.877
"1964",9,11,26,"AVS",1.57658525628972,2.52122126001404,0.716
"1965",9,11,27,"AVS",2.37368873784239,2.95800117437534,0.846
"1966",9,11,28,"AVS",5.71021273787361,4.47058328031262,0.9715
"1967",9,11,29,"AVS",4.0736767255409,4.09304204803321,0.791
"1968",9,11,30,"AVS",2.7978616063577,3.36307433539686,0.6125
"1969",9,11,31,"AVS",10.5564155702074,4.80071363540602,0.038
"1970",9,11,32,"AVS",3.278965835669,3.27713094859378,0.274
"1971",9,11,33,"AVS",1.73412662554738,2.77808089602902,0.694
"1972",9,11,34,"AVS",1.41200127013119,2.43083890145055,0.7545
"1973",9,11,35,"AVS",0.692821019364107,1.98279397378181,0.533
"1974",9,11,36,"AVS",0.771893344283525,1.90258197810836,0.325
"1975",9,11,37,"AVS",0.540473441686098,1.7699567580149,0.566
"1976",9,11,38,"AVS",0.506813730815017,1.61720649803433,0.461
"1977",9,11,1,"EQW",11.7302978914255,4.70103307423148,0.919
"1978",9,11,2,"EQW",2.89842904206047,3.28197581037064,0.579
"1979",9,11,3,"EQW",12.1190994552993,4.85322828212473,0.906
"1980",9,11,4,"EQW",5.13504147491984,4.1308516737487,0.429
"1981",9,11,5,"EQW",10.668831702451,4.31047091375632,0.8655
"1982",9,11,6,"EQW",18.0797735063328,5.2740600356521,0.954
"1983",9,11,7,"EQW",11.7707990649118,4.17702770957255,0.788
"1984",9,11,8,"EQW",8.6778597456263,4.08295575021417,0.7375
"1985",9,11,9,"EQW",5.69872202753488,4.13061038766181,0.383
"1986",9,11,10,"EQW",9.24418127197748,4.11015164509711,0.8485
"1987",9,11,11,"EQW",5.71730825618268,3.99204978963088,0.588
"1988",9,11,12,"EQW",7.37745090942066,4.08978108715467,0.284
"1989",9,11,13,"EQW",6.50002368410502,4.03603044755708,0.2445
"1990",9,11,14,"EQW",6.06514138131358,3.86183456014056,0.2655
"1991",9,11,15,"EQW",4.79579366056977,3.81999039121768,0.34
"1992",9,11,16,"EQW",3.64033040413826,3.70268581152347,0.54
"1993",9,11,17,"EQW",3.98773370923568,3.73687978470138,0.625
"1994",9,11,18,"EQW",5.36160444706663,3.67256231397987,0.292
"1995",9,11,19,"EQW",3.29696769945674,3.53126723595808,0.574
"1996",9,11,20,"EQW",2.96398442013949,3.40703281309925,0.543
"1997",9,11,21,"EQW",3.36070374666167,3.38393798886698,0.3645
"1998",9,11,22,"EQW",2.81359701955341,3.34656203594946,0.416
"1999",9,11,23,"EQW",2.72269244032365,3.29392784541989,0.6115
"2000",9,11,24,"EQW",2.45125987267687,3.16965818255604,0.589
"2001",9,11,25,"EQW",2.65408461322976,3.25476574739222,0.6435
"2002",9,11,26,"EQW",2.54167956898161,3.33201940438497,0.628
"2003",9,11,27,"EQW",2.56529978945953,3.35319538792747,0.622
"2004",9,11,28,"EQW",3.70587144614361,3.75685650279673,0.7085
"2005",9,11,29,"EQW",3.43988611753937,3.76976130241204,0.65
"2006",9,11,30,"EQW",4.97248354502795,3.86688997668593,0.7275
"2007",9,11,31,"EQW",3.20197831148176,3.53876246008642,0.4985
"2008",9,11,32,"EQW",1.90508200569496,2.87348982792435,0.461
"2009",9,11,33,"EQW",1.70071204693479,2.80219319747323,0.5515
"2010",9,11,34,"EQW",1.5918939564937,2.69109384788612,0.5555
"2011",9,11,35,"EQW",1.7225896883179,2.66586454018847,0.3855
"2012",9,11,36,"EQW",1.77844200012822,2.72572559458153,0.351
"2013",9,11,37,"EQW",1.44264519607702,2.601253819102,0.449
"2014",9,11,38,"EQW",1.59294675435735,2.55546965840033,0.3475
"2015",9,11,1,"SGP",11.7302978914255,4.69889365491341,0.924
"2016",9,11,2,"SGP",4.7104407150375,3.49264883602026,0.797
"2017",9,11,3,"SGP",15.3812665823719,5.67719466148831,0.9765
"2018",9,11,4,"SGP",11.4061130914911,5.06522738610098,0.0665
"2019",9,11,5,"SGP",10.226104107177,4.42681129402188,0.9465
"2020",9,11,6,"SGP",15.1810425098785,6.29999941124117,0.994
"2021",9,11,7,"SGP",2.33480557002287,3.21686450995082,0.4505
"2022",9,11,8,"SGP",3.69741106625037,3.38432054649877,0.2925
"2023",9,11,9,"SGP",15.5328356742552,5.50623796895475,0.0165
"2024",9,11,10,"SGP",8.89731518639045,4.12242484946251,0.887
"2025",9,11,11,"SGP",7.23399863872041,3.90168811744158,0.1455
"2026",9,11,12,"SGP",21.3533821575577,6.62639334692829,0.005
"2027",9,11,13,"SGP",4.22575822546291,3.58360622114479,0.2795
"2028",9,11,14,"SGP",3.36057202810691,3.41506202169665,0.3355
"2029",9,11,15,"SGP",2.77118519295222,3.37596232490252,0.4635
"2030",9,11,16,"SGP",3.1866822112691,3.44929325663852,0.657
"2031",9,11,17,"SGP",2.58564961126242,3.42121131121411,0.489
"2032",9,11,18,"SGP",8.84303613156965,4.07624849875252,0.102
"2033",9,11,19,"SGP",5.7981211361298,3.68503978250059,0.842
"2034",9,11,20,"SGP",2.52583766392177,3.35229636971035,0.5635
"2035",9,11,21,"SGP",3.36343465347571,3.37172319714774,0.336
"2036",9,11,22,"SGP",3.02614233912344,3.30455217384613,0.636
"2037",9,11,23,"SGP",4.02985761092454,3.52141622396414,0.731
"2038",9,11,24,"SGP",2.40832221632019,3.24135335715316,0.4335
"2039",9,11,25,"SGP",2.34578638622836,3.35356684830879,0.5595
"2040",9,11,26,"SGP",2.35778917500735,3.21120055507158,0.4835
"2041",9,11,27,"SGP",2.56222293794412,3.13986795376326,0.325
"2042",9,11,28,"SGP",2.05738401224603,3.09368624142551,0.421
"2043",9,11,29,"SGP",6.03923123990191,4.3618281658818,0.9745
"2044",9,11,30,"SGP",1.96296400910435,3.01626128084844,0.425
"2045",9,11,31,"SGP",10.3916423877846,4.65760815842686,0.0435
"2046",9,11,32,"SGP",1.39355756847264,2.42219001369652,0.7525
"2047",9,11,33,"SGP",1.2711688642323,2.45899536290105,0.729
"2048",9,11,34,"SGP",1.41881986139169,2.34010553499768,0.773
"2049",9,11,35,"SGP",0.607991859090013,1.84374963440366,0.548
"2050",9,11,36,"SGP",0.77162387227691,1.85557780594596,0.3135
"2051",9,11,37,"SGP",0.538453192744651,1.75250173121243,0.563
"2052",9,11,38,"SGP",0.510186971283269,1.64518162624678,0.4355
"2053",9,11,1,"SGP50",11.7302978914255,4.61595600363049,0.918
"2054",9,11,2,"SGP50",2.98675914710627,3.22682253623649,0.62
"2055",9,11,3,"SGP50",12.6017576099063,5.0531332357273,0.921
"2056",9,11,4,"SGP50",5.08439918034365,4.09414758922727,0.437
"2057",9,11,5,"SGP50",11.0021235734723,4.47284846645588,0.8865
"2058",9,11,6,"SGP50",18.313360513583,5.5210233323289,0.9655
"2059",9,11,7,"SGP50",10.749460121693,4.12904678018586,0.776
"2060",9,11,8,"SGP50",7.35575776426586,4.03046443866245,0.651
"2061",9,11,9,"SGP50",6.70841155845185,4.24293050280562,0.311
"2062",9,11,10,"SGP50",9.08776974850884,4.18200603954438,0.849
"2063",9,11,11,"SGP50",4.93589063078572,4.00330218088673,0.523
"2064",9,11,12,"SGP50",9.89131525794087,4.33805156876261,0.1925
"2065",9,11,13,"SGP50",5.89194324402782,3.81032159629943,0.231
"2066",9,11,14,"SGP50",5.40167993322937,3.72808678917783,0.2525
"2067",9,11,15,"SGP50",4.23023514260547,3.64381899590605,0.3515
"2068",9,11,16,"SGP50",3.11373642153611,3.51798098139644,0.5565
"2069",9,11,17,"SGP50",3.12220506048558,3.4928797677154,0.5765
"2070",9,11,18,"SGP50",6.22420731539441,3.73035364082022,0.207
"2071",9,11,19,"SGP50",3.36425104391936,3.51105176995531,0.61
"2072",9,11,20,"SGP50",2.49990219031517,3.27469501582822,0.5405
"2073",9,11,21,"SGP50",3.25245690841839,3.31975886186092,0.3255
"2074",9,11,22,"SGP50",2.62453772474591,3.33755697595355,0.468
"2075",9,11,23,"SGP50",2.43186927534231,3.21238245614406,0.595
"2076",9,11,24,"SGP50",1.90412846733189,2.97621843915105,0.5055
"2077",9,11,25,"SGP50",2.06465257487993,3.02376514182687,0.6345
"2078",9,11,26,"SGP50",1.96650438608474,2.98163978887735,0.6475
"2079",9,11,27,"SGP50",2.11530252157042,3.06202883225493,0.65
"2080",9,11,28,"SGP50",3.7380613468267,3.70081218742555,0.77
"2081",9,11,29,"SGP50",3.61882989942861,3.86481326941495,0.7135
"2082",9,11,30,"SGP50",6.10369635809085,4.09157387041355,0.808
"2083",9,11,31,"SGP50",2.82101666941549,3.46307325767489,0.6205
"2084",9,11,32,"SGP50",1.4007192124091,2.56573813175345,0.573
"2085",9,11,33,"SGP50",1.38445953604776,2.5562624895575,0.653
"2086",9,11,34,"SGP50",1.34005241874122,2.49350783831282,0.6835
"2087",9,11,35,"SGP50",0.973062289918647,2.24336199333634,0.482
"2088",9,11,36,"SGP50",1.09705814886563,2.26599305576273,0.3375
"2089",9,11,37,"SGP50",0.833639106867357,2.06988881460727,0.5245
"2090",9,11,38,"SGP50",0.868937205334261,1.97287841814657,0.397
"2091",9,12,1,"BMA",6.25765849016185,3.95329593266094,0.7905
"2092",9,12,2,"BMA",11.0924667192286,4.7771020860451,0.903
"2093",9,12,3,"BMA",8.8382641524718,4.14877868855778,0.8415
"2094",9,12,4,"BMA",6.8990480962435,4.07107334524621,0.692
"2095",9,12,5,"BMA",5.99425259003515,3.98307761113909,0.639
"2096",9,12,6,"BMA",3.7387410916428,3.58874292389898,0.516
"2097",9,12,7,"BMA",5.91418233881857,3.85884255158786,0.786
"2098",9,12,8,"BMA",3.47660018096343,3.55326371308379,0.5155
"2099",9,12,9,"BMA",13.0938019422971,4.89231372950094,0.965
"2100",9,12,10,"BMA",4.0218839839863,3.53335621059125,0.588
"2101",9,12,11,"BMA",6.54146556082601,4.46503878493272,0.203
"2102",9,12,12,"BMA",6.274272720837,4.03431371529531,0.213
"2103",9,12,13,"BMA",10.3295069787109,4.11152473329552,0.87
"2104",9,12,14,"BMA",9.23588654125123,3.90420144785137,0.7915
"2105",9,12,15,"BMA",6.74025126470018,4.20335009526279,0.505
"2106",9,12,16,"BMA",8.04632911891256,4.28910126157197,0.2575
"2107",9,12,17,"BMA",5.52979581854581,3.87649363120949,0.629
"2108",9,12,18,"BMA",4.03789601482773,3.82292691152587,0.4285
"2109",9,12,19,"BMA",5.6707419266862,3.87981305325131,0.7285
"2110",9,12,20,"BMA",4.19207205530933,3.71835065502086,0.3085
"2111",9,12,21,"BMA",3.29502917466653,3.44220257249771,0.386
"2112",9,12,22,"BMA",6.31872094431938,3.85511689815746,0.8385
"2113",9,12,23,"BMA",2.76128990737534,3.22289700934477,0.428
"2114",9,12,24,"BMA",3.29732381550851,3.36233903652257,0.7085
"2115",9,12,25,"BMA",8.20660959359021,4.18807434609267,0.9285
"2116",9,12,26,"BMA",3.42272978565664,3.33092178788594,0.7625
"2117",9,12,27,"BMA",7.05751781911677,3.986011871371,0.907
"2118",9,12,28,"BMA",2.81458966635463,3.07902979444506,0.7105
"2119",9,12,29,"BMA",2.43171696707556,3.01364886080126,0.712
"2120",9,12,30,"BMA",5.82539187075464,3.85772424724351,0.901
"2121",9,12,31,"BMA",6.83329866298872,3.96224777848235,0.9275
"2122",9,12,32,"BMA",5.27021768948016,3.59253160906327,0.895
"2123",9,12,33,"BMA",6.68031181212264,4.00872327077484,0.941
"2124",9,12,34,"BMA",6.16892198422398,3.93721493342665,0.924
"2125",9,12,35,"BMA",1.55150776210862,2.82407920950197,0.537
"2126",9,12,36,"BMA",1.73275172740504,2.72740815410727,0.3565
"2127",9,12,37,"BMA",1.38125728095633,2.68270983768969,0.433
"2128",9,12,38,"BMA",1.17726316063235,2.53982635525555,0.527
"2129",9,12,1,"AVS",6.25765849016185,3.94905581093425,0.7735
"2130",9,12,2,"AVS",8.36644297871758,4.21800544606651,0.821
"2131",9,12,3,"AVS",10.521540119855,4.4071121291839,0.856
"2132",9,12,4,"AVS",12.0983639506644,4.50342886556781,0.858
"2133",9,12,5,"AVS",3.71758247446032,3.67378896746343,0.472
"2134",9,12,6,"AVS",3.5784214910166,3.69736538326012,0.419
"2135",9,12,7,"AVS",5.86612633202072,3.87337492781247,0.7325
"2136",9,12,8,"AVS",4.55018348108944,3.72975055513764,0.6185
"2137",9,12,9,"AVS",16.6569949720532,5.02008261342759,0.946
"2138",9,12,10,"AVS",2.30781043233659,3.09393600465931,0.349
"2139",9,12,11,"AVS",10.393971789965,5.3584550664666,0.0095
"2140",9,12,12,"AVS",11.7589708819626,5.1256638835068,0.0245
"2141",9,12,13,"AVS",11.1481738230492,4.20899480077122,0.8615
"2142",9,12,14,"AVS",6.46017733278534,3.69215949130516,0.693
"2143",9,12,15,"AVS",10.0723714695451,4.46493772382899,0.05
"2144",9,12,16,"AVS",21.6396653025924,7.92703495970349,0
"2145",9,12,17,"AVS",5.53427498035965,3.9496225900489,0.6295
"2146",9,12,18,"AVS",4.00080559582962,3.78450565209796,0.4615
"2147",9,12,19,"AVS",5.73143474215356,3.92717458903509,0.7115
"2148",9,12,20,"AVS",4.09137274231685,3.64328596441882,0.328
"2149",9,12,21,"AVS",3.27877327070027,3.48112222526453,0.3785
"2150",9,12,22,"AVS",6.22905391981728,3.76340085899696,0.833
"2151",9,12,23,"AVS",2.75044800011513,3.24020908413682,0.409
"2152",9,12,24,"AVS",3.29831159999995,3.32977475591446,0.7095
"2153",9,12,25,"AVS",8.20979159999967,4.1904171123176,0.9275
"2154",9,12,26,"AVS",3.4317935999927,3.31157134277633,0.752
"2155",9,12,27,"AVS",7.06815679999814,3.986867747667,0.9065
"2156",9,12,28,"AVS",2.82305839992473,3.13255456324818,0.7015
"2157",9,12,29,"AVS",2.43581679994787,3.06766488035415,0.704
"2158",9,12,30,"AVS",5.8305739999593,3.77678912562757,0.908
"2159",9,12,31,"AVS",6.87528679837907,4.00917293288289,0.9225
"2160",9,12,32,"AVS",5.38247085073864,3.67435463950523,0.897
"2161",9,12,33,"AVS",6.91857372922986,4.08136264747319,0.949
"2162",9,12,34,"AVS",6.90617391917156,4.18254695537463,0.9605
"2163",9,12,35,"AVS",1.71815995947834,2.86110731826554,0.6585
"2164",9,12,36,"AVS",1.35912966866721,2.6023389751278,0.429
"2165",9,12,37,"AVS",1.21820321626597,2.57668503098203,0.466
"2166",9,12,38,"AVS",1.13289688321657,2.52012289077552,0.5665
"2167",9,12,1,"EQW",6.25765849016185,4.06005315136794,0.7825
"2168",9,12,2,"EQW",11.8118598869807,4.79367462362362,0.924
"2169",9,12,3,"EQW",7.65610269310094,3.97719207168402,0.868
"2170",9,12,4,"EQW",6.06897121590223,3.84243463003635,0.755
"2171",9,12,5,"EQW",6.53256462366579,3.84512329288733,0.758
"2172",9,12,6,"EQW",5.72957479336389,3.76555506760659,0.6605
"2173",9,12,7,"EQW",11.4297098621652,4.17923937480996,0.897
"2174",9,12,8,"EQW",7.34456837563501,4.07390906705326,0.684
"2175",9,12,9,"EQW",19.4181414254623,5.17016117606108,0.9775
"2176",9,12,10,"EQW",9.82996670233431,4.09362189091313,0.7675
"2177",9,12,11,"EQW",7.76952718871018,4.28970032371184,0.6445
"2178",9,12,12,"EQW",5.28213058237127,4.12512697792426,0.4675
"2179",9,12,13,"EQW",11.4183838139181,4.23427831438733,0.876
"2180",9,12,14,"EQW",6.92696595598014,3.8494897771919,0.7095
"2181",9,12,15,"EQW",5.91283250597283,4.07551340846259,0.54
"2182",9,12,16,"EQW",8.29422637057865,4.25868708182748,0.233
"2183",9,12,17,"EQW",4.84342024747432,3.7815296793597,0.642
"2184",9,12,18,"EQW",4.91265013845056,3.89635175807333,0.342
"2185",9,12,19,"EQW",3.95784721967734,3.67118326241509,0.6505
"2186",9,12,20,"EQW",5.94055759228587,3.93233560994899,0.242
"2187",9,12,21,"EQW",4.57993188400292,3.56013023624627,0.2695
"2188",9,12,22,"EQW",5.66564290070018,3.84262512194086,0.74
"2189",9,12,23,"EQW",6.54157470426098,3.68599197297604,0.1995
"2190",9,12,24,"EQW",2.75158403900369,3.35648752117322,0.535
"2191",9,12,25,"EQW",4.48996731597509,3.64819498589029,0.722
"2192",9,12,26,"EQW",3.62317639563808,3.55516711177005,0.3605
"2193",9,12,27,"EQW",3.2742076483681,3.5286088740463,0.653
"2194",9,12,28,"EQW",2.89207602542645,3.31893447428175,0.4015
"2195",9,12,29,"EQW",2.66583037962092,3.23730217418284,0.418
"2196",9,12,30,"EQW",3.22039004630849,3.42962783650109,0.6635
"2197",9,12,31,"EQW",2.77917069418384,3.34214923014735,0.606
"2198",9,12,32,"EQW",2.50336009521915,3.29274948197784,0.501
"2199",9,12,33,"EQW",2.85424609405958,3.3432681533858,0.664
"2200",9,12,34,"EQW",2.81840738580759,3.30058371734313,0.63
"2201",9,12,35,"EQW",2.85470054053433,3.17028419254203,0.317
"2202",9,12,36,"EQW",2.571740608592,3.11353276392151,0.3165
"2203",9,12,37,"EQW",2.1694042110993,3.06245542703233,0.418
"2204",9,12,38,"EQW",1.87473028213664,2.96752738676621,0.4455
"2205",9,12,1,"SGP",6.25765849016185,3.85856287221638,0.788
"2206",9,12,2,"SGP",14.8505396877137,5.97116081635875,0.979
"2207",9,12,3,"SGP",10.6680290617357,4.36773161470378,0.9365
"2208",9,12,4,"SGP",6.06703636589959,3.63441318917942,0.8395
"2209",9,12,5,"SGP",2.45260611345446,3.14454649507697,0.6955
"2210",9,12,6,"SGP",1.90788982643886,2.93999877492069,0.3905
"2211",9,12,7,"SGP",5.11378857929095,3.57237978883633,0.877
"2212",9,12,8,"SGP",4.11830934439798,3.42582817785376,0.154
"2213",9,12,9,"SGP",9.35057394664985,4.59875975982941,0.975
"2214",9,12,10,"SGP",2.39328571269349,3.04246878392803,0.284
"2215",9,12,11,"SGP",10.2118400119661,5.00705780171876,0.019
"2216",9,12,12,"SGP",11.9860297477809,5.28056169968358,0.0145
"2217",9,12,13,"SGP",6.76897431807018,3.81109127814491,0.905
"2218",9,12,14,"SGP",2.15849378905439,3.07438720964639,0.3745
"2219",9,12,15,"SGP",9.97486902838104,4.55086351097721,0.049
"2220",9,12,16,"SGP",21.5159364609583,7.25702834074263,0.001
"2221",9,12,17,"SGP",8.66785172292718,4.09083174916033,0.914
"2222",9,12,18,"SGP",9.81146405515512,4.1797257705768,0.0705
"2223",9,12,19,"SGP",2.59500684599463,3.18622595204296,0.58
"2224",9,12,20,"SGP",9.56980687012328,4.21308427171848,0.062
"2225",9,12,21,"SGP",4.4284221196278,3.49038863838066,0.198
"2226",9,12,22,"SGP",15.259947364419,5.61600159963672,0.989
"2227",9,12,23,"SGP",9.01666160894095,4.12874380825745,0.0815
"2228",9,12,24,"SGP",2.84229048388464,3.19548542503716,0.646
"2229",9,12,25,"SGP",7.03888108396404,3.87846896122595,0.879
"2230",9,12,26,"SGP",5.83512057304707,3.67009106145018,0.182
"2231",9,12,27,"SGP",3.11959434092688,3.3035001010889,0.683
"2232",9,12,28,"SGP",2.75698166350532,3.20610560541965,0.3665
"2233",9,12,29,"SGP",2.10572629072185,3.04966065662931,0.451
"2234",9,12,30,"SGP",5.6878888645124,3.66575110036044,0.825
"2235",9,12,31,"SGP",2.41143003765072,3.24685554771358,0.568
"2236",9,12,32,"SGP",2.82061781113648,3.32063154545656,0.3815
"2237",9,12,33,"SGP",2.31029258387053,3.19965726590572,0.622
"2238",9,12,34,"SGP",2.0741814677783,3.09304842579409,0.555
"2239",9,12,35,"SGP",4.21967420450614,3.35729647998,0.226
"2240",9,12,36,"SGP",1.98664253501461,3.08592953522503,0.496
"2241",9,12,37,"SGP",3.61450528667823,3.30529985455107,0.754
"2242",9,12,38,"SGP",2.46213334571923,3.16118996865338,0.6365
"2243",9,12,1,"SGP50",6.25765849016185,3.92250462690093,0.7905
"2244",9,12,2,"SGP50",11.9099527345075,4.83077044899981,0.929
"2245",9,12,3,"SGP50",7.68890226045052,3.89963602757704,0.8525
"2246",9,12,4,"SGP50",5.99710659746059,3.87094757774774,0.7615
"2247",9,12,5,"SGP50",6.13632411092013,3.80541374633716,0.742
"2248",9,12,6,"SGP50",4.89299358015766,3.62632747888963,0.646
"2249",9,12,7,"SGP50",9.75014666370483,4.04699151212492,0.8885
"2250",9,12,8,"SGP50",5.07833656641016,3.76941024754667,0.5575
"2251",9,12,9,"SGP50",15.2964209610672,4.94519527605042,0.974
"2252",9,12,10,"SGP50",5.08788365198567,3.62571628336771,0.613
"2253",9,12,11,"SGP50",5.61242918886955,4.31713691693347,0.383
"2254",9,12,12,"SGP50",6.72932951803035,4.31759653253507,0.244
"2255",9,12,13,"SGP50",8.53730625924061,3.99346242811451,0.908
"2256",9,12,14,"SGP50",3.31368885033618,3.40860307673622,0.5475
"2257",9,12,15,"SGP50",6.27766729616817,4.21459341959936,0.263
"2258",9,12,16,"SGP50",15.6521806986256,5.01086934476658,0.0815
"2259",9,12,17,"SGP50",6.68173582413366,3.94083915479371,0.805
"2260",9,12,18,"SGP50",7.7366973819146,4.04079646417983,0.172
"2261",9,12,19,"SGP50",2.96862153364564,3.3147737992105,0.5855
"2262",9,12,20,"SGP50",8.4632902074671,4.12640526703224,0.1255
"2263",9,12,21,"SGP50",4.64219635560182,3.62451383731668,0.2125
"2264",9,12,22,"SGP50",10.6829326680345,4.56553406606835,0.886
"2265",9,12,23,"SGP50",8.25606138970682,4.00032516785431,0.11
"2266",9,12,24,"SGP50",2.75056470566848,3.36972008751579,0.5965
"2267",9,12,25,"SGP50",5.90481369130718,3.89151117816723,0.818
"2268",9,12,26,"SGP50",4.916957475568,3.63006809536176,0.25
"2269",9,12,27,"SGP50",3.16465030885611,3.3615256331307,0.667
"2270",9,12,28,"SGP50",2.82358047728922,3.27874170482836,0.3775
"2271",9,12,29,"SGP50",2.30382276642644,3.1467601790934,0.4455
"2272",9,12,30,"SGP50",4.6335951526147,3.7173377482764,0.775
"2273",9,12,31,"SGP50",2.59418586171764,3.32442382724256,0.6015
"2274",9,12,32,"SGP50",2.61450729345154,3.30037516184814,0.4405
"2275",9,12,33,"SGP50",2.58744966812553,3.23400135850596,0.663
"2276",9,12,34,"SGP50",2.38445921982502,3.23423817288886,0.575
"2277",9,12,35,"SGP50",3.53731694146568,3.25496450085067,0.2695
"2278",9,12,36,"SGP50",2.07609063382051,3.07297861820262,0.4505
"2279",9,12,37,"SGP50",2.6084957556135,3.21530781332122,0.616
"2280",9,12,38,"SGP50",2.05264928144708,3.02861341607993,0.551
"2281",9,13,1,"BMA",23.0316616715861,5.97491054189622,0.98
"2282",9,13,2,"BMA",13.1517827201068,4.79003288100611,0.7915
"2283",9,13,3,"BMA",23.3939780705722,5.16006443429457,0.152
"2284",9,13,4,"BMA",6.83840718437862,4.27820632419187,0.588
"2285",9,13,5,"BMA",4.98551785697786,4.01710212948125,0.568
"2286",9,13,6,"BMA",10.4191778702491,4.27595601084134,0.8415
"2287",9,13,7,"BMA",12.8174047323617,4.58231891260684,0.9015
"2288",9,13,8,"BMA",23.3400640768261,5.77457035649055,0.9665
"2289",9,13,9,"BMA",15.3586121979634,4.40474475704223,0.859
"2290",9,13,10,"BMA",9.40786609724198,4.34073513453104,0.1505
"2291",9,13,11,"BMA",9.28065044044416,4.02789324214373,0.8755
"2292",9,13,12,"BMA",11.3580348563604,4.63000142510201,0.0975
"2293",9,13,13,"BMA",9.7106151756021,4.16748297510095,0.1365
"2294",9,13,14,"BMA",12.4323604932676,4.48058452371015,0.103
"2295",9,13,15,"BMA",3.78490457161786,3.64331123755836,0.4685
"2296",9,13,16,"BMA",3.42107430062,3.62526733343172,0.448
"2297",9,13,17,"BMA",8.3389827453753,3.9981634013429,0.17
"2298",9,13,18,"BMA",9.43165285934175,4.10651630566108,0.153
"2299",9,13,19,"BMA",11.6241681316644,4.42697127070978,0.0965
"2300",9,13,20,"BMA",6.05234868349484,3.81139626576534,0.2575
"2301",9,13,21,"BMA",3.88282658141331,3.72510709636712,0.5585
"2302",9,13,22,"BMA",4.84217241162954,3.6746918201769,0.2815
"2303",9,13,23,"BMA",3.89200282535969,3.64343795141901,0.3505
"2304",9,13,24,"BMA",4.16618963989619,3.62767512123033,0.3345
"2305",9,13,25,"BMA",3.73668318054175,3.57184901875091,0.3805
"2306",9,13,26,"BMA",3.02791281095019,3.35809955332787,0.4435
"2307",9,13,27,"BMA",6.09753176998154,3.91653512030169,0.7925
"2308",9,13,28,"BMA",6.8514093882588,3.85704935611709,0.165
"2309",9,13,29,"BMA",2.78728938258218,3.45203287676982,0.4625
"2310",9,13,30,"BMA",2.670918549245,3.37498617008655,0.565
"2311",9,13,31,"BMA",2.43491334352913,3.2852718261121,0.5235
"2312",9,13,32,"BMA",2.17446979075975,3.10458527418417,0.548
"2313",9,13,33,"BMA",1.72992068574722,2.87544574384057,0.6035
"2314",9,13,34,"BMA",1.38555685593397,2.58665244642157,0.6115
"2315",9,13,35,"BMA",0.997744159601908,2.35642018850713,0.5715
"2316",9,13,36,"BMA",0.900647074432936,2.20183220550385,0.599
"2317",9,13,37,"BMA",1.13150479994966,2.42113053514907,0.7275
"2318",9,13,38,"BMA",0.593818788982177,1.82480434207631,0.4345
"2319",9,13,1,"AVS",23.0316616715861,5.92570834544759,0.981
"2320",9,13,2,"AVS",24.3632177017913,6.09902203145374,0.982
"2321",9,13,3,"AVS",31.6273530927449,5.93716854715856,0.0325
"2322",9,13,4,"AVS",7.21873092977401,4.14808222145224,0.733
"2323",9,13,5,"AVS",4.76999299401783,3.84052520225896,0.6195
"2324",9,13,6,"AVS",10.3500537179125,4.49844737735282,0.876
"2325",9,13,7,"AVS",14.9777353542016,4.719647562454,0.9255
"2326",9,13,8,"AVS",8.80367083148322,4.06178388814634,0.788
"2327",9,13,9,"AVS",9.32747460011011,4.10920927481174,0.837
"2328",9,13,10,"AVS",11.9263494743263,4.70382369748349,0.065
"2329",9,13,11,"AVS",13.3251310231167,4.57030718493863,0.9175
"2330",9,13,12,"AVS",12.8240892500034,4.75407431740516,0.066
"2331",9,13,13,"AVS",6.28091651482941,3.91356596174373,0.2295
"2332",9,13,14,"AVS",10.0590264500772,4.2392961986239,0.131
"2333",9,13,15,"AVS",3.88587885911664,3.63757462577236,0.4255
"2334",9,13,16,"AVS",3.30488206429919,3.64128619571668,0.492
"2335",9,13,17,"AVS",7.68887819572034,3.94375456675895,0.1795
"2336",9,13,18,"AVS",9.86138961509583,4.25657102603593,0.1215
"2337",9,13,19,"AVS",12.8325274771812,4.5246517328886,0.083
"2338",9,13,20,"AVS",8.14442921794926,4.09449168463406,0.1555
"2339",9,13,21,"AVS",3.92813508754608,3.6223910966575,0.4105
"2340",9,13,22,"AVS",6.35747779955689,3.87368394858121,0.191
"2341",9,13,23,"AVS",5.51185664931569,3.87631325709917,0.255
"2342",9,13,24,"AVS",6.65438722601365,3.9369922337532,0.2065
"2343",9,13,25,"AVS",6.96378787692677,3.85842556930094,0.2325
"2344",9,13,26,"AVS",2.96104742257989,3.42190295350178,0.397
"2345",9,13,27,"AVS",7.21579246120972,3.94289429382755,0.8615
"2346",9,13,28,"AVS",6.87752767605036,3.96049443238331,0.148
"2347",9,13,29,"AVS",3.19756672669402,3.52725619630777,0.418
"2348",9,13,30,"AVS",2.83601876306353,3.36795815606012,0.616
"2349",9,13,31,"AVS",2.68010039178669,3.37593701072478,0.552
"2350",9,13,32,"AVS",2.71311272900246,3.38625679457838,0.59
"2351",9,13,33,"AVS",2.71240469718826,3.30331502717673,0.6285
"2352",9,13,34,"AVS",2.33372165316494,3.2128891210972,0.5245
"2353",9,13,35,"AVS",2.24636884992249,3.25567523088523,0.4715
"2354",9,13,36,"AVS",2.10437470994162,3.13225157967503,0.5105
"2355",9,13,37,"AVS",2.02889978364618,3.15989421536057,0.564
"2356",9,13,38,"AVS",2.18968723250106,3.17992808496376,0.4105
"2357",9,13,1,"EQW",23.0316616715861,6.1216025073218,0.9845
"2358",9,13,2,"EQW",17.8018238639046,5.07418996446664,0.855
"2359",9,13,3,"EQW",9.59506384966689,4.47767500186815,0.371
"2360",9,13,4,"EQW",5.9155260590535,4.05745114164305,0.6015
"2361",9,13,5,"EQW",4.83007592467041,3.94344665145452,0.425
"2362",9,13,6,"EQW",6.34433979665127,4.0019962315023,0.696
"2363",9,13,7,"EQW",6.00913471888623,4.0515966268224,0.665
"2364",9,13,8,"EQW",11.9559620124025,4.33231750243994,0.835
"2365",9,13,9,"EQW",15.6092991019852,4.43205784753525,0.863
"2366",9,13,10,"EQW",8.26022485901682,4.44509184506204,0.5625
"2367",9,13,11,"EQW",19.3853551653239,4.75823770627899,0.934
"2368",9,13,12,"EQW",9.14669252538726,4.54643491528297,0.5285
"2369",9,13,13,"EQW",7.06817140902684,4.39314689037914,0.4845
"2370",9,13,14,"EQW",7.75001109925469,4.36173597632295,0.3345
"2371",9,13,15,"EQW",5.91942056575767,4.01838992909671,0.632
"2372",9,13,16,"EQW",5.49039067415346,4.01303225762083,0.5415
"2373",9,13,17,"EQW",7.27797418914363,4.34703983138402,0.336
"2374",9,13,18,"EQW",6.62051870984316,4.14611482878933,0.337
"2375",9,13,19,"EQW",7.80457456794043,4.1482935970705,0.262
"2376",9,13,20,"EQW",4.97014669120727,3.91069881208211,0.3815
"2377",9,13,21,"EQW",4.27127520241786,3.7802887634334,0.5865
"2378",9,13,22,"EQW",3.74837329926269,3.69052942282626,0.4225
"2379",9,13,23,"EQW",3.3466666153868,3.56614886882206,0.457
"2380",9,13,24,"EQW",3.49582917739364,3.5908548912465,0.3995
"2381",9,13,25,"EQW",3.79025018526125,3.47480127504777,0.319
"2382",9,13,26,"EQW",3.73405536534132,3.49329927410993,0.32
"2383",9,13,27,"EQW",3.00379718094352,3.34832678163627,0.612
"2384",9,13,28,"EQW",4.65146411739373,3.41801844561174,0.1895
"2385",9,13,29,"EQW",3.20724379776723,3.4198419124507,0.314
"2386",9,13,30,"EQW",2.56821298676493,3.16539945695143,0.356
"2387",9,13,31,"EQW",2.3786571759051,3.02826204200232,0.353
"2388",9,13,32,"EQW",1.96626690383078,2.95525570109619,0.419
"2389",9,13,33,"EQW",1.70402916207702,2.85564518057102,0.519
"2390",9,13,34,"EQW",1.63786962239035,2.9161072509996,0.517
"2391",9,13,35,"EQW",1.52365355733647,2.75246305274645,0.474
"2392",9,13,36,"EQW",1.42847838936177,2.69941835861974,0.5155
"2393",9,13,37,"EQW",1.48165099519913,2.72161515878404,0.57
"2394",9,13,38,"EQW",1.38860135268498,2.48294052381633,0.4135
"2395",9,13,1,"SGP",23.0316616715861,5.86681714639843,0.9815
"2396",9,13,2,"SGP",23.3744230911087,5.68522485443387,0.959
"2397",9,13,3,"SGP",6.48930784421866,4.0935370778994,0.639
"2398",9,13,4,"SGP",7.26425989821637,4.10834604805078,0.744
"2399",9,13,5,"SGP",7.71211875399114,3.94516972221994,0.139
"2400",9,13,6,"SGP",3.5134140316134,3.57835442066096,0.405
"2401",9,13,7,"SGP",4.59010120234904,3.6573140532858,0.262
"2402",9,13,8,"SGP",2.79667498432339,3.40725897734714,0.5735
"2403",9,13,9,"SGP",3.29512144551107,3.46873235088288,0.658
"2404",9,13,10,"SGP",12.4122750103381,4.72781342296148,0.051
"2405",9,13,11,"SGP",6.28077130603071,3.73415367909988,0.823
"2406",9,13,12,"SGP",13.8283807778246,4.92626457874758,0.0425
"2407",9,13,13,"SGP",13.7092553010808,4.72090688107554,0.0515
"2408",9,13,14,"SGP",18.1172136218816,5.45935237017384,0.0215
"2409",9,13,15,"SGP",5.99547051278182,3.82072163361753,0.7635
"2410",9,13,16,"SGP",4.50561230924943,3.6537134843678,0.3305
"2411",9,13,17,"SGP",13.3497688625907,4.53556023479464,0.0615
"2412",9,13,18,"SGP",5.0893185455233,3.67347991901463,0.2715
"2413",9,13,19,"SGP",5.85753102986255,3.79000823497699,0.224
"2414",9,13,20,"SGP",3.11093095248281,3.47066185494824,0.582
"2415",9,13,21,"SGP",6.46318710311701,3.88006055356426,0.7995
"2416",9,13,22,"SGP",2.82930646255542,3.39363126424339,0.46
"2417",9,13,23,"SGP",2.91002630611163,3.41772454193259,0.5315
"2418",9,13,24,"SGP",2.92353151537425,3.47944065155198,0.4655
"2419",9,13,25,"SGP",2.6858834517362,3.37895035623344,0.485
"2420",9,13,26,"SGP",2.52991873138808,3.2884341319238,0.4795
"2421",9,13,27,"SGP",7.24382065174228,3.9988986965019,0.838
"2422",9,13,28,"SGP",7.09022530873551,3.92749254601925,0.122
"2423",9,13,29,"SGP",2.69468792542721,3.32244280876248,0.5565
"2424",9,13,30,"SGP",2.92559378951146,3.37594028321701,0.6445
"2425",9,13,31,"SGP",2.7054037438785,3.34321843287738,0.586
"2426",9,13,32,"SGP",2.70812067024269,3.42639251876706,0.6025
"2427",9,13,33,"SGP",2.72974244834717,3.24803528958875,0.6235
"2428",9,13,34,"SGP",2.29933334660251,3.20152694485384,0.5205
"2429",9,13,35,"SGP",2.22511294457555,3.2356831374416,0.488
"2430",9,13,36,"SGP",2.09296279034348,3.16184724990027,0.518
"2431",9,13,37,"SGP",2.01817061923942,3.14453428926038,0.557
"2432",9,13,38,"SGP",2.17902866774777,3.25799412888854,0.41
"2433",9,13,1,"SGP50",23.0316616715861,6.32591475239513,0.9865
"2434",9,13,2,"SGP50",18.1992360661956,5.01062614321886,0.861
"2435",9,13,3,"SGP50",9.09761482095229,4.50002289372735,0.3765
"2436",9,13,4,"SGP50",5.93247592865992,4.05814507598951,0.649
"2437",9,13,5,"SGP50",4.73403106727327,3.91062443428083,0.4265
"2438",9,13,6,"SGP50",5.7929867031757,3.94968018362695,0.6875
"2439",9,13,7,"SGP50",5.49579062054058,3.94752148652227,0.613
"2440",9,13,8,"SGP50",10.2352222270043,4.1289837991513,0.81
"2441",9,13,9,"SGP50",11.8708965614833,4.19394427440489,0.8465
"2442",9,13,10,"SGP50",6.90200389809479,4.32930071747176,0.416
"2443",9,13,11,"SGP50",13.1625621749348,4.34837871410959,0.899
"2444",9,13,12,"SGP50",7.96410285511308,4.60198720743584,0.3175
"2445",9,13,13,"SGP50",8.09220440529023,4.48813836735472,0.241
"2446",9,13,14,"SGP50",11.7439354580879,4.55755403033771,0.1765
"2447",9,13,15,"SGP50",4.70794975895878,3.75230088944864,0.634
"2448",9,13,16,"SGP50",4.06814336349677,3.73407103112471,0.416
"2449",9,13,17,"SGP50",9.61135613862452,4.32857660355783,0.1855
"2450",9,13,18,"SGP50",6.77974737749524,4.06423525783468,0.221
"2451",9,13,19,"SGP50",8.07795139278963,4.01483902736546,0.197
"2452",9,13,20,"SGP50",4.09420903183954,3.76524615131387,0.4055
"2453",9,13,21,"SGP50",4.52751571766397,3.7860389338407,0.646
"2454",9,13,22,"SGP50",3.61120911035736,3.63027274163861,0.3835
"2455",9,13,23,"SGP50",3.23001560205577,3.5866171410876,0.455
"2456",9,13,24,"SGP50",3.49635183832234,3.5585231862839,0.3885
"2457",9,13,25,"SGP50",3.44048894560663,3.54738232566878,0.388
"2458",9,13,26,"SGP50",3.15003642350368,3.43544217017449,0.3885
"2459",9,13,27,"SGP50",4.75596664806099,3.6484467636133,0.715
"2460",9,13,28,"SGP50",6.12857629872025,3.78821423981236,0.157
"2461",9,13,29,"SGP50",2.79126858609447,3.3913394710766,0.435
"2462",9,13,30,"SGP50",2.52955589114193,3.30208214823294,0.502
"2463",9,13,31,"SGP50",2.41956218678339,3.30031847299738,0.4865
"2464",9,13,32,"SGP50",2.31797504937982,3.26586980187742,0.516
"2465",9,13,33,"SGP50",2.22238940643887,3.05128341931937,0.571
"2466",9,13,34,"SGP50",2.05231588190973,3.05022949687977,0.506
"2467",9,13,35,"SGP50",1.93646370773258,3.03707558137028,0.473
"2468",9,13,36,"SGP50",1.79076265958934,2.95103874325529,0.503
"2469",9,13,37,"SGP50",1.80524342111465,2.92954676835809,0.583
"2470",9,13,38,"SGP50",1.80293967874837,2.84003635495537,0.4055
"2471",9,14,1,"BMA",0.606788744621353,1.85492875527434,0.484
"2472",9,14,2,"BMA",0.608659662924894,1.70684720114306,0.66
"2473",9,14,3,"BMA",0.97354435780953,1.86572655148219,0.1905
"2474",9,14,4,"BMA",0.399392305092939,1.46049144356532,0.553
"2475",9,14,5,"BMA",0.62290379178681,1.5328385011643,0.233
"2476",9,14,6,"BMA",1.98048037465409,3.20044929816797,0.027
"2477",9,14,7,"BMA",0.905510603745425,1.95420354468151,0.2425
"2478",9,14,8,"BMA",0.550292986115094,1.46507431725875,0.7145
"2479",9,14,9,"BMA",0.565654529479867,1.472698464549,0.7525
"2480",9,14,10,"BMA",1.31113618754113,2.14825318885589,0.0945
"2481",9,14,11,"BMA",0.341890013292249,1.31857125719244,0.474
"2482",9,14,12,"BMA",0.604485478370157,1.48032029861439,0.2395
"2483",9,14,13,"BMA",1.30931241338817,2.31321618004759,0.0725
"2484",9,14,14,"BMA",0.321951219443216,1.24422450344362,0.5165
"2485",9,14,15,"BMA",0.516602861636575,1.427744574276,0.264
"2486",9,14,16,"BMA",0.314152164679178,1.1712835847289,0.537
"2487",9,14,17,"BMA",1.22737943328271,1.72338274080172,0.084
"2488",9,14,18,"BMA",0.100658964551505,-0.739734010734,0.582
"2489",9,14,19,"BMA",0.0685204106586295,-1.42939148274414,0.653
"2490",9,14,20,"BMA",0.0535992223218728,-1.60745078177863,0.674
"2491",9,14,21,"BMA",0.0499566686089528,-1.61089401838939,0.656
"2492",9,14,22,"BMA",0.052155255536366,-1.40900981156217,0.6455
"2493",9,14,23,"BMA",0.0545076941152438,-1.59747766663824,0.6505
"2494",9,14,24,"BMA",0.0503041876636077,-1.74716549715873,0.668
"2495",9,14,25,"BMA",0.0572053777091765,-1.51988123324034,0.6535
"2496",9,14,26,"BMA",0.0497535734639817,-1.68352339156161,0.6565
"2497",9,14,27,"BMA",0.048032453301397,-1.63830677953785,0.654
"2498",9,14,28,"BMA",0.0295205255700687,-2.96492406461751,0.441
"2499",9,14,29,"BMA",0.00424270417679697,-7.10930253950956,0.0145
"2500",9,14,30,"BMA",0.00355549938742751,-8.35334786378584,5e-04
"2501",9,14,31,"BMA",0.00176876417346836,-9.41591628302721,0
"2502",9,14,32,"BMA",0.00173524414056481,-9.97272834622644,0
"2503",9,14,33,"BMA",0.000410358432503671,-11.401308063226,0
"2504",9,14,34,"BMA",0.00100992489654058,-13.7892617697142,0
"2505",9,14,35,"BMA",0.0016792997576475,-14.710804632942,0
"2506",9,14,36,"BMA",0.000301174252511676,-15.7993665146246,0
"2507",9,14,37,"BMA",0.00201987394812008,-18.5431601120214,0
"2508",9,14,38,"BMA",0.000307546346525779,-20.3746730418018,0
"2509",9,14,1,"AVS",0.606788744621353,1.86667676868296,0.526
"2510",9,14,2,"AVS",0.614326627428238,1.68997977149231,0.668
"2511",9,14,3,"AVS",0.954473616468923,1.8799309464689,0.1985
"2512",9,14,4,"AVS",0.410748421253062,1.468296757429,0.5075
"2513",9,14,5,"AVS",0.639829308533025,1.61300911996301,0.241
"2514",9,14,6,"AVS",1.98794146806109,2.75443685023043,0.0395
"2515",9,14,7,"AVS",1.01769619869723,2.03353075318443,0.222
"2516",9,14,8,"AVS",0.551504231101467,1.4670526958431,0.7015
"2517",9,14,9,"AVS",0.56423543821224,1.48833095580483,0.746
"2518",9,14,10,"AVS",1.31564017843096,2.22784355601343,0.079
"2519",9,14,11,"AVS",0.341703159064784,1.3025617177483,0.496
"2520",9,14,12,"AVS",0.603387203945982,1.54238246016284,0.207
"2521",9,14,13,"AVS",1.3075608198933,2.37746812852109,0.0625
"2522",9,14,14,"AVS",0.321623446334707,1.20825351122437,0.5315
"2523",9,14,15,"AVS",0.514163782348664,1.3318689659704,0.267
"2524",9,14,16,"AVS",0.314568760523164,1.17859040593198,0.543
"2525",9,14,17,"AVS",1.23029145497249,1.74535678830518,0.0715
"2526",9,14,18,"AVS",0.107417477317711,-0.635220164341399,0.563
"2527",9,14,19,"AVS",0.109275908887178,-0.788471472093481,0.565
"2528",9,14,20,"AVS",0.0990139085015411,-0.870746372690145,0.581
"2529",9,14,21,"AVS",0.100129643379295,-0.803476051441483,0.5635
"2530",9,14,22,"AVS",0.0925778875167499,-0.954335904669938,0.576
"2531",9,14,23,"AVS",0.089544399562929,-0.841389231663635,0.572
"2532",9,14,24,"AVS",0.0807593524451533,-0.882759873792984,0.6
"2533",9,14,25,"AVS",0.083533538507327,-0.977842486127291,0.5815
"2534",9,14,26,"AVS",0.0785747066529208,-1.18151736292578,0.605
"2535",9,14,27,"AVS",0.0727050692082039,-1.1256752044393,0.6065
"2536",9,14,28,"AVS",0.0789382540129567,-0.926720754646846,0.5765
"2537",9,14,29,"AVS",0.0818194532219881,-0.992358619914639,0.574
"2538",9,14,30,"AVS",0.0708007752182878,-1.03446414935318,0.586
"2539",9,14,31,"AVS",0.0832941395115541,-0.991957141751339,0.557
"2540",9,14,32,"AVS",0.0698255949982811,-1.17709040115063,0.584
"2541",9,14,33,"AVS",0.0677232153329466,-1.10861365910079,0.582
"2542",9,14,34,"AVS",0.0667144418621762,-1.35728710759131,0.611
"2543",9,14,35,"AVS",0.0668558736998194,-1.29854520747623,0.586
"2544",9,14,36,"AVS",0.0617172951178855,-1.42876001123193,0.608
"2545",9,14,37,"AVS",0.064770513841932,-1.3605934331475,0.6115
"2546",9,14,38,"AVS",0.0667730270443081,-1.16191819214197,0.547
"2547",9,14,1,"EQW",0.606788744621353,1.88811539803221,0.517
"2548",9,14,2,"EQW",0.628532266537727,1.86121047271015,0.6315
"2549",9,14,3,"EQW",1.12408624705335,1.911409405007,0.1795
"2550",9,14,4,"EQW",0.524209311253307,1.62157751091438,0.5035
"2551",9,14,5,"EQW",0.831179536853984,1.73957577317409,0.2235
"2552",9,14,6,"EQW",1.98981541787227,2.79392637889621,0.0545
"2553",9,14,7,"EQW",1.19181094621659,2.06568956496155,0.184
"2554",9,14,8,"EQW",0.49667250301669,1.72068230175499,0.549
"2555",9,14,9,"EQW",0.554570535025332,1.6727865152954,0.665
"2556",9,14,10,"EQW",1.14042457902976,2.13895367668134,0.1515
"2557",9,14,11,"EQW",0.473120830527862,1.53499105665192,0.411
"2558",9,14,12,"EQW",0.738277119950979,1.6562540647218,0.2425
"2559",9,14,13,"EQW",1.52677493875046,2.30837615287296,0.0625
"2560",9,14,14,"EQW",0.454288650052575,1.50743305413722,0.378
"2561",9,14,15,"EQW",0.712650218515426,1.57884540454152,0.184
"2562",9,14,16,"EQW",0.340526156495063,1.208019246595,0.4335
"2563",9,14,17,"EQW",1.45907697729284,2.25081451935912,0.045
"2564",9,14,18,"EQW",0.228569381717198,-0.0569689215056532,0.3125
"2565",9,14,19,"EQW",0.140244318826433,-0.581968896454024,0.3025
"2566",9,14,20,"EQW",0.102914845718831,-0.802046690582572,0.288
"2567",9,14,21,"EQW",0.0810026276109418,-1.1409841492101,0.288
"2568",9,14,22,"EQW",0.0681123283038957,-1.29004042331346,0.2915
"2569",9,14,23,"EQW",0.0570406244195197,-1.5803261874373,0.284
"2570",9,14,24,"EQW",0.0486308613292998,-1.85103145009357,0.3055
"2571",9,14,25,"EQW",0.0475114913342484,-1.69061256378903,0.301
"2572",9,14,26,"EQW",0.0423484040526901,-2.1039339237455,0.309
"2573",9,14,27,"EQW",0.0379938213633754,-2.18916420241658,0.2875
"2574",9,14,28,"EQW",0.0411636798977444,-2.33214662826175,0.3025
"2575",9,14,29,"EQW",0.0409198567376841,-2.12686320090113,0.28
"2576",9,14,30,"EQW",0.0362421482876156,-2.56282558448667,0.287
"2577",9,14,31,"EQW",0.0396846284311393,-2.0233450121864,0.271
"2578",9,14,32,"EQW",0.0346696119890776,-2.51348704534149,0.2895
"2579",9,14,33,"EQW",0.0333659086844977,-2.50218496233679,0.3005
"2580",9,14,34,"EQW",0.0335088650097431,-2.24588421985406,0.284
"2581",9,14,35,"EQW",0.0340977891701484,-2.29510898059573,0.262
"2582",9,14,36,"EQW",0.0322980778304209,-2.22475826361391,0.2805
"2583",9,14,37,"EQW",0.0319786409701934,-2.52417052849113,0.281
"2584",9,14,38,"EQW",0.0333484099457061,-2.20168259300953,0.2785
"2585",9,14,1,"SGP",0.606788744621353,1.88389592332687,0.5245
"2586",9,14,2,"SGP",0.604255093480706,1.69018822902579,0.694
"2587",9,14,3,"SGP",0.986337763098857,1.9396915713476,0.1825
"2588",9,14,4,"SGP",0.419008214943732,1.5096011683819,0.571
"2589",9,14,5,"SGP",0.63318643561968,1.52649526889766,0.223
"2590",9,14,6,"SGP",1.84961814094074,2.85857005602962,0.0405
"2591",9,14,7,"SGP",0.936887669292389,1.8974266526729,0.233
"2592",9,14,8,"SGP",0.546959128461825,1.6115138179433,0.7295
"2593",9,14,9,"SGP",0.573153246373255,1.49674892463675,0.7465
"2594",9,14,10,"SGP",1.28586163873555,2.1462861875525,0.0805
"2595",9,14,11,"SGP",0.338269188574494,1.23069431799323,0.4995
"2596",9,14,12,"SGP",0.606582404006835,1.50248103769748,0.222
"2597",9,14,13,"SGP",1.32705320956551,2.35435054211553,0.0595
"2598",9,14,14,"SGP",0.329335493499235,1.23768880608622,0.535
"2599",9,14,15,"SGP",0.504831344810079,1.40591965372427,0.276
"2600",9,14,16,"SGP",0.315907186345923,1.190615043881,0.552
"2601",9,14,17,"SGP",1.17552573957877,1.53264407928349,0.0945
"2602",9,14,18,"SGP",0.100956555456318,-0.804613258651906,0.5785
"2603",9,14,19,"SGP",0.0928432739652292,-1.01594109502294,0.582
"2604",9,14,20,"SGP",0.0827274862304695,-1.13731413339277,0.5935
"2605",9,14,21,"SGP",0.0762092556229994,-1.07591443301597,0.562
"2606",9,14,22,"SGP",0.070294619567668,-1.24319804278051,0.578
"2607",9,14,23,"SGP",0.0692604359681923,-1.11793796241254,0.57
"2608",9,14,24,"SGP",0.0608675923539544,-1.4854694644169,0.614
"2609",9,14,25,"SGP",0.0646217128952619,-1.40782000002986,0.5895
"2610",9,14,26,"SGP",0.0585738413154019,-1.27194276266102,0.578
"2611",9,14,27,"SGP",0.0557751068695932,-1.45977015255643,0.583
"2612",9,14,28,"SGP",0.0576171404487341,-1.33912252789451,0.589
"2613",9,14,29,"SGP",0.0624823037151272,-1.3281782946599,0.583
"2614",9,14,30,"SGP",0.0554085875024783,-1.49853077543046,0.587
"2615",9,14,31,"SGP",0.0663489021504604,-1.2574256098432,0.5485
"2616",9,14,32,"SGP",0.0546963558290904,-1.41395025708755,0.5495
"2617",9,14,33,"SGP",0.0537399775071432,-1.45093564349291,0.5595
"2618",9,14,34,"SGP",0.0535015607632479,-1.56155806195602,0.57
"2619",9,14,35,"SGP",0.0542951732574785,-1.40973428544869,0.57
"2620",9,14,36,"SGP",0.0468856059254227,-1.49712006624338,0.572
"2621",9,14,37,"SGP",0.048433334517997,-1.47551153394444,0.577
"2622",9,14,38,"SGP",0.0552793950517546,-1.52537019346858,0.557
"2623",9,14,1,"SGP50",0.606788744621353,1.82831057700297,0.518
"2624",9,14,2,"SGP50",0.627259435979669,1.81602779183373,0.6275
"2625",9,14,3,"SGP50",1.11496874359271,1.94200096875233,0.187
"2626",9,14,4,"SGP50",0.515013383309888,1.62963423585376,0.5075
"2627",9,14,5,"SGP50",0.8141279057612,1.78778925943592,0.2395
"2628",9,14,6,"SGP50",1.97436395531331,2.81595596334597,0.042
"2629",9,14,7,"SGP50",1.17215383308917,2.06577094222017,0.19
"2630",9,14,8,"SGP50",0.493130925973147,1.6583258366571,0.553
"2631",9,14,9,"SGP50",0.550186010925721,1.59515284492132,0.651
"2632",9,14,10,"SGP50",1.15993716550411,2.23805010797831,0.154
"2633",9,14,11,"SGP50",0.461626710972389,1.56484688130049,0.4
"2634",9,14,12,"SGP50",0.731424408313977,1.64147424958251,0.234
"2635",9,14,13,"SGP50",1.51441791131279,2.52722244063129,0.065
"2636",9,14,14,"SGP50",0.436083550270606,1.46023798810432,0.3945
"2637",9,14,15,"SGP50",0.689928471538937,1.49435206296022,0.1945
"2638",9,14,16,"SGP50",0.333720060506234,1.1693886317615,0.4295
"2639",9,14,17,"SGP50",1.42900747856229,2.11604174131982,0.0475
"2640",9,14,18,"SGP50",0.214233619947088,-0.0520897859470921,0.3185
"2641",9,14,19,"SGP50",0.135516335081533,-0.603835674216855,0.334
"2642",9,14,20,"SGP50",0.10137893201316,-0.798600226597728,0.301
"2643",9,14,21,"SGP50",0.0816261266561364,-1.13183890589447,0.323
"2644",9,14,22,"SGP50",0.069527579043533,-1.25501266144007,0.316
"2645",9,14,23,"SGP50",0.0590193327237117,-1.48868915601856,0.309
"2646",9,14,24,"SGP50",0.0507480187598786,-1.79520305863224,0.318
"2647",9,14,25,"SGP50",0.049908185780017,-1.51017301612871,0.3055
"2648",9,14,26,"SGP50",0.0446906217628024,-1.75818593852209,0.3105
"2649",9,14,27,"SGP50",0.0401575842688689,-1.91136416610077,0.31
"2650",9,14,28,"SGP50",0.0434246633007877,-1.88888624795122,0.3075
"2651",9,14,29,"SGP50",0.0433621312755625,-2.19699006462264,0.3065
"2652",9,14,30,"SGP50",0.0383622353591538,-2.08705434408546,0.3045
"2653",9,14,31,"SGP50",0.0420308812627233,-1.88620589207373,0.2805
"2654",9,14,32,"SGP50",0.0366458646447859,-2.21742458072872,0.304
"2655",9,14,33,"SGP50",0.0351568450613251,-2.42227648515704,0.297
"2656",9,14,34,"SGP50",0.0352801830814754,-2.32607982756442,0.306
"2657",9,14,35,"SGP50",0.0357554848524685,-2.24395496552966,0.2895
"2658",9,14,36,"SGP50",0.0338184037796475,-2.18239713583401,0.2945
"2659",9,14,37,"SGP50",0.0335245117039957,-2.31150182992654,0.2945
"2660",9,14,38,"SGP50",0.0348235153998749,-2.41539112629664,0.293
"2661",9,15,1,"BMA",2.18360230237276,3.3899700266966,0.8055
"2662",9,15,2,"BMA",10.8865207380804,4.59697883616124,0.9615
"2663",9,15,3,"BMA",3.94810075200007,3.38803220520174,0.755
"2664",9,15,4,"BMA",2.76440168017576,3.16989823258183,0.64
"2665",9,15,5,"BMA",3.00433006810915,3.37977574135125,0.6755
"2666",9,15,6,"BMA",4.44652359261713,3.44893313011051,0.226
"2667",9,15,7,"BMA",2.50329839795195,3.22063299741163,0.562
"2668",9,15,8,"BMA",9.36681143522801,4.47174502477209,0.911
"2669",9,15,9,"BMA",6.4858340198954,3.84997523448486,0.823
"2670",9,15,10,"BMA",5.89968151263778,3.77220511455224,0.8045
"2671",9,15,11,"BMA",6.14463774974738,3.94983222156385,0.822
"2672",9,15,12,"BMA",9.49230833092737,4.19519745947503,0.895
"2673",9,15,13,"BMA",6.38048638294121,3.74413726170695,0.8345
"2674",9,15,14,"BMA",4.22665908976451,3.44264977154924,0.742
"2675",9,15,15,"BMA",5.40641690104553,3.69349592249258,0.815
"2676",9,15,16,"BMA",4.09278148682544,3.47936263851607,0.2595
"2677",9,15,17,"BMA",2.87923657192146,3.22246818532685,0.332
"2678",9,15,18,"BMA",2.04995202291002,3.12665161712646,0.4915
"2679",9,15,19,"BMA",2.19408681607949,3.14627640536498,0.641
"2680",9,15,20,"BMA",4.48097315856342,3.58129506342567,0.8345
"2681",9,15,21,"BMA",5.67939349896818,3.82343076732935,0.876
"2682",9,15,22,"BMA",14.6380370372676,5.81821913048883,0.9905
"2683",9,15,23,"BMA",14.2836817233449,5.05570184299048,0.9645
"2684",9,15,24,"BMA",6.73951833740441,3.70913296860355,0.844
"2685",9,15,25,"BMA",2.06920744291856,3.10772282046242,0.535
"2686",9,15,26,"BMA",3.25725164258048,3.17438283437373,0.7765
"2687",9,15,27,"BMA",6.68985154599871,3.90621235770126,0.9165
"2688",9,15,28,"BMA",13.6084092299687,5.48995819077843,0.981
"2689",9,15,29,"BMA",8.39263352710718,4.40634745976043,0.9485
"2690",9,15,30,"BMA",4.94771982435159,3.60148705297292,0.8615
"2691",9,15,31,"BMA",1.86958256333603,3.02203910461043,0.5455
"2692",9,15,32,"BMA",2.30068627580075,3.11266135058562,0.319
"2693",9,15,33,"BMA",5.54496731234425,3.67906636062276,0.098
"2694",9,15,34,"BMA",4.04592271533388,3.30084798504115,0.181
"2695",9,15,35,"BMA",2.09023515987534,3.02092025809807,0.393
"2696",9,15,36,"BMA",5.43369892053494,3.67165642840825,0.881
"2697",9,15,37,"BMA",2.52073040004869,3.08514843612703,0.6795
"2698",9,15,38,"BMA",6.16211611998747,3.78801783872141,0.0995
"2699",9,15,1,"AVS",2.18360230237276,3.57963592102109,0.82
"2700",9,15,2,"AVS",11.0600521046452,4.79241290066706,0.961
"2701",9,15,3,"AVS",3.92154116649558,3.45548583537256,0.7595
"2702",9,15,4,"AVS",2.76627447004664,3.23442009713603,0.651
"2703",9,15,5,"AVS",3.00932194542131,3.3974646101443,0.6745
"2704",9,15,6,"AVS",4.43490366479965,3.46158506496039,0.2305
"2705",9,15,7,"AVS",2.50483229395972,3.29988888770905,0.583
"2706",9,15,8,"AVS",9.36017602547579,4.49493506638463,0.912
"2707",9,15,9,"AVS",6.4847145813795,3.77792388220713,0.8275
"2708",9,15,10,"AVS",5.66595261982674,3.75085966761545,0.8195
"2709",9,15,11,"AVS",3.90320990716428,3.27351108982487,0.7985
"2710",9,15,12,"AVS",6.17156179206581,3.78634815215011,0.9255
"2711",9,15,13,"AVS",1.54232561223308,2.81541071660952,0.5505
"2712",9,15,14,"AVS",1.60215282779374,2.82480743362738,0.5925
"2713",9,15,15,"AVS",2.32018190257958,2.96547894280683,0.7235
"2714",9,15,16,"AVS",10.5848101204207,4.83855692100214,0.012
"2715",9,15,17,"AVS",2.14845745457257,2.93194282744492,0.3235
"2716",9,15,18,"AVS",1.48930910577343,2.81457862573804,0.431
"2717",9,15,19,"AVS",1.77318847497182,2.89162853919879,0.381
"2718",9,15,20,"AVS",1.57342483561518,2.87049951330163,0.543
"2719",9,15,21,"AVS",1.53874559890593,2.75435560328878,0.408
"2720",9,15,22,"AVS",4.31146586603032,3.37680467220796,0.877
"2721",9,15,23,"AVS",1.37874530196719,2.72159180050163,0.5015
"2722",9,15,24,"AVS",1.65341073593006,2.75705817447869,0.352
"2723",9,15,25,"AVS",2.60669094416048,3.04888185727373,0.2435
"2724",9,15,26,"AVS",2.39475059626901,2.9579733376956,0.7545
"2725",9,15,27,"AVS",3.5919677893293,3.12553145943771,0.8405
"2726",9,15,28,"AVS",5.98059647664056,3.83067831680909,0.931
"2727",9,15,29,"AVS",2.03972373745622,2.85162220320278,0.302
"2728",9,15,30,"AVS",1.86320517825446,2.81288180518523,0.2885
"2729",9,15,31,"AVS",4.58744921193527,3.54214790388194,0.1025
"2730",9,15,32,"AVS",2.31342949672966,2.94465387997341,0.2505
"2731",9,15,33,"AVS",3.53229629965622,3.19067685379486,0.167
"2732",9,15,34,"AVS",1.32466582888766,2.68633113474893,0.5405
"2733",9,15,35,"AVS",2.05583295399338,2.91550094821249,0.6895
"2734",9,15,36,"AVS",7.11817344283687,4.40467633616009,0.9605
"2735",9,15,37,"AVS",2.33428185751654,2.93292843888649,0.2735
"2736",9,15,38,"AVS",9.79554317086367,5.1598987871822,0.008
"2737",9,15,1,"EQW",2.18360230237276,3.43216249248705,0.826
"2738",9,15,2,"EQW",12.6548992211464,5.8655063267952,0.973
"2739",9,15,3,"EQW",6.07740157162945,3.75400612440063,0.832
"2740",9,15,4,"EQW",2.41072768636753,3.0814612286522,0.6345
"2741",9,15,5,"EQW",2.9311632103302,3.29844511250415,0.7025
"2742",9,15,6,"EQW",5.11697148872685,3.58772015902345,0.145
"2743",9,15,7,"EQW",3.55333000128501,3.33658484756537,0.7755
"2744",9,15,8,"EQW",9.12597176822399,4.64258222283442,0.9515
"2745",9,15,9,"EQW",3.12543146532565,3.27834962491966,0.6935
"2746",9,15,10,"EQW",2.99383560501885,3.24833425406317,0.707
"2747",9,15,11,"EQW",3.41160142680183,3.24548977641141,0.7275
"2748",9,15,12,"EQW",6.26356397008958,3.65784852658165,0.893
"2749",9,15,13,"EQW",2.75995771421917,3.1827277930602,0.618
"2750",9,15,14,"EQW",2.38365170389077,3.15197726007098,0.5775
"2751",9,15,15,"EQW",3.19024708712084,3.13457152176867,0.7295
"2752",9,15,16,"EQW",7.43043037752143,3.97287637667894,0.166
"2753",9,15,17,"EQW",2.70121401309699,3.11007565957759,0.3305
"2754",9,15,18,"EQW",2.00609727452772,3.06466855865023,0.442
"2755",9,15,19,"EQW",1.99178234876082,3.12312070700561,0.461
"2756",9,15,20,"EQW",2.22885876521627,3.13339401531667,0.6195
"2757",9,15,21,"EQW",2.17017830513965,3.10073489443693,0.581
"2758",9,15,22,"EQW",6.28843844726366,3.60162971529192,0.8945
"2759",9,15,23,"EQW",3.64118082226133,3.31830121482226,0.674
"2760",9,15,24,"EQW",2.8705082599673,3.24499664374767,0.576
"2761",9,15,25,"EQW",2.63087297257271,3.37180048036437,0.4785
"2762",9,15,26,"EQW",4.05346278480956,3.23696231219434,0.7895
"2763",9,15,27,"EQW",6.35269760444917,3.64772132964043,0.8855
"2764",9,15,28,"EQW",10.1987409311616,4.09146272335158,0.9525
"2765",9,15,29,"EQW",4.81399721537809,3.55206436132749,0.5905
"2766",9,15,30,"EQW",3.8669503728147,3.45422045944592,0.5875
"2767",9,15,31,"EQW",3.46716215890513,3.58285147580345,0.4175
"2768",9,15,32,"EQW",2.69800918765776,3.29795207863604,0.4055
"2769",9,15,33,"EQW",3.05369962884658,3.45451397348638,0.3285
"2770",9,15,34,"EQW",2.53006385244656,3.23170322252736,0.5905
"2771",9,15,35,"EQW",3.04738960599209,3.14072451978515,0.671
"2772",9,15,36,"EQW",8.45852145846552,4.12470350205061,0.939
"2773",9,15,37,"EQW",3.41349201450794,3.42842412966163,0.4955
"2774",9,15,38,"EQW",5.97485408381655,4.54739051149586,0.2495
"2775",9,15,1,"SGP",2.18360230237276,3.6637667085328,0.8255
"2776",9,15,2,"SGP",14.6259872248253,6.96167354277634,0.994
"2777",9,15,3,"SGP",5.20907201016931,3.51746667784833,0.8175
"2778",9,15,4,"SGP",2.37768770529524,2.96321186831543,0.705
"2779",9,15,5,"SGP",3.40923818244908,3.28459134893687,0.8225
"2780",9,15,6,"SGP",3.60761146111781,3.14364972024325,0.1545
"2781",9,15,7,"SGP",4.46643049270318,3.50610361935113,0.8725
"2782",9,15,8,"SGP",9.56524583168312,4.52410450613412,0.973
"2783",9,15,9,"SGP",2.13913535164445,2.94898878744851,0.6735
"2784",9,15,10,"SGP",2.48603713108891,3.05990031256391,0.72
"2785",9,15,11,"SGP",3.00761009276012,3.09043085064134,0.7745
"2786",9,15,12,"SGP",5.91420974340397,3.75053746676965,0.9285
"2787",9,15,13,"SGP",1.59804628222383,2.77879766720586,0.4125
"2788",9,15,14,"SGP",1.70970561766923,2.78018090757633,0.3395
"2789",9,15,15,"SGP",1.26020184824851,2.6400357506,0.543
"2790",9,15,16,"SGP",14.7322051422278,6.88268960621642,0.0045
"2791",9,15,17,"SGP",3.36936990326628,3.11210213246819,0.179
"2792",9,15,18,"SGP",2.15510863366737,2.97715099451175,0.3105
"2793",9,15,19,"SGP",2.61180161181088,3.1139507274333,0.241
"2794",9,15,20,"SGP",1.51652339964039,2.81373903030894,0.4465
"2795",9,15,21,"SGP",1.88850743771616,2.88304769258575,0.3105
"2796",9,15,22,"SGP",3.05899674079766,3.02889235517449,0.808
"2797",9,15,23,"SGP",1.69322707662084,2.85590230500817,0.349
"2798",9,15,24,"SGP",2.54189009354957,2.9904004342113,0.226
"2799",9,15,25,"SGP",3.63936955370019,3.22137895954924,0.1435
"2800",9,15,26,"SGP",1.72276722558607,2.77042635421602,0.652
"2801",9,15,27,"SGP",2.52699448930935,3.021147354181,0.7825
"2802",9,15,28,"SGP",4.45714729109411,3.61023595562709,0.8975
"2803",9,15,29,"SGP",3.18351436145532,3.15138562798037,0.168
"2804",9,15,30,"SGP",3.02973602342846,3.00457948226304,0.184
"2805",9,15,31,"SGP",5.99414995500281,3.83863066765145,0.0645
"2806",9,15,32,"SGP",3.38679617142467,3.17454684115325,0.1615
"2807",9,15,33,"SGP",2.9009604239745,2.99595734474176,0.2045
"2808",9,15,34,"SGP",1.8685950763436,2.77339337455305,0.6885
"2809",9,15,35,"SGP",1.75670583992123,2.79341739315658,0.6765
"2810",9,15,36,"SGP",6.32383103518881,3.87511088778129,0.9465
"2811",9,15,37,"SGP",4.52000486694817,3.42380004132769,0.108
"2812",9,15,38,"SGP",11.073496185451,5.87921177852431,0.0035
"2813",9,15,1,"SGP50",2.18360230237276,3.40902390237735,0.823
"2814",9,15,2,"SGP50",12.7608723730396,5.61621668626738,0.977
"2815",9,15,3,"SGP50",6.09729449581672,3.71296058538181,0.823
"2816",9,15,4,"SGP50",2.40569151660447,3.12747022745206,0.6395
"2817",9,15,5,"SGP50",2.9607083855043,3.29991092418947,0.7225
"2818",9,15,6,"SGP50",5.0338869594841,3.55379938018069,0.1395
"2819",9,15,7,"SGP50",3.61164231899501,3.37962666742067,0.7885
"2820",9,15,8,"SGP50",9.02912299425246,4.57015202868725,0.9575
"2821",9,15,9,"SGP50",2.87593021942443,3.15256199893723,0.687
"2822",9,15,10,"SGP50",2.7617988319942,3.05236848549361,0.671
"2823",9,15,11,"SGP50",3.12203161190329,3.17974149863671,0.736
"2824",9,15,12,"SGP50",5.78332376235094,3.64646485472704,0.8965
"2825",9,15,13,"SGP50",2.27951224508268,3.06544953086179,0.5455
"2826",9,15,14,"SGP50",2.01631668150655,2.99163592351426,0.5465
"2827",9,15,15,"SGP50",2.56332226180904,2.9547316471595,0.6885
"2828",9,15,16,"SGP50",8.99654908897794,4.38113960649144,0.106
"2829",9,15,17,"SGP50",2.67846945389138,3.15041248429732,0.2825
"2830",9,15,18,"SGP50",1.89831463849064,3.02896671436407,0.415
"2831",9,15,19,"SGP50",1.96547339222658,3.04889380248361,0.408
"2832",9,15,20,"SGP50",1.88100740542818,2.96879067747796,0.5775
"2833",9,15,21,"SGP50",1.84732637543284,2.98429200424617,0.489
"2834",9,15,22,"SGP50",5.12938813758037,3.46003531674876,0.8705
"2835",9,15,23,"SGP50",2.39385543218894,3.04281417089261,0.584
"2836",9,15,24,"SGP50",2.13276946546152,3.06094113534919,0.469
"2837",9,15,25,"SGP50",2.5094391275945,3.20682344383691,0.317
"2838",9,15,26,"SGP50",2.85104533189794,3.07149077979775,0.7555
"2839",9,15,27,"SGP50",4.2965197184315,3.26359417900182,0.844
"2840",9,15,28,"SGP50",6.92595856641094,3.87898775282064,0.9335
"2841",9,15,29,"SGP50",2.51117097172641,3.24191157936242,0.404
"2842",9,15,30,"SGP50",2.22333258943691,3.13819181499207,0.3635
"2843",9,15,31,"SGP50",4.00193572786119,3.61256971551516,0.2115
"2844",9,15,32,"SGP50",2.56218203031064,3.06519035725023,0.2925
"2845",9,15,33,"SGP50",3.11603062015075,3.19724170923384,0.2145
"2846",9,15,34,"SGP50",1.73718973985007,2.81232233328917,0.5955
"2847",9,15,35,"SGP50",2.03980116332845,2.93376453777321,0.6815
"2848",9,15,36,"SGP50",6.88664852023268,3.9852196160012,0.94
"2849",9,15,37,"SGP50",2.72461422807652,3.2514152371492,0.292
"2850",9,15,38,"SGP50",8.90592795727398,5.06058441273177,0.0625
"2851",9,17,1,"BMA",3.46980322891803,3.48912541231752,0.6455
"2852",9,17,2,"BMA",4.60878002167038,3.70659198839759,0.768
"2853",9,17,3,"BMA",3.20588462940136,3.29043371711221,0.6915
"2854",9,17,4,"BMA",5.67171320904596,3.70014939701569,0.8755
"2855",9,17,5,"BMA",1.8952430509061,2.99805900709962,0.4455
"2856",9,17,6,"BMA",3.81575622558991,3.38208008603249,0.1615
"2857",9,17,7,"BMA",2.24033971383423,2.90819826840553,0.728
"2858",9,17,8,"BMA",1.38462922073665,2.65448481994599,0.5805
"2859",9,17,9,"BMA",1.5180048753275,2.71079565297504,0.3285
"2860",9,17,10,"BMA",7.31515660135689,4.63562824932745,0.029
"2861",9,17,11,"BMA",19.1774159065821,6.86521917032974,0.0145
"2862",9,17,12,"BMA",5.2169682792028,3.98918421063961,0.351
"2863",9,17,13,"BMA",6.02599431874535,3.84812922330016,0.768
"2864",9,17,14,"BMA",3.0749983865027,3.56900928061745,0.433
"2865",9,17,15,"BMA",2.6160369564281,3.34509822470525,0.509
"2866",9,17,16,"BMA",4.35233111539709,3.53642339149831,0.7525
"2867",9,17,17,"BMA",2.62954541856454,3.37147803001963,0.385
"2868",9,17,18,"BMA",5.95694537948608,3.6141924478931,0.138
"2869",9,17,19,"BMA",2.20523946475928,3.02341865171355,0.4075
"2870",9,17,20,"BMA",2.49651140390445,3.21087593576903,0.688
"2871",9,17,21,"BMA",3.21342792222645,3.22049106566512,0.2705
"2872",9,17,22,"BMA",1.55341597330589,2.85425963766262,0.48
"2873",9,17,23,"BMA",1.59955490470453,2.84605440055967,0.628
"2874",9,17,24,"BMA",1.37435405855498,2.62845606229174,0.4275
"2875",9,17,25,"BMA",1.37625292830825,2.64601923462214,0.648
"2876",9,17,26,"BMA",3.97542707147129,3.62790854043555,0.9135
"2877",9,17,27,"BMA",4.23737628904723,3.5836593049641,0.876
"2878",9,17,28,"BMA",2.18832889409722,2.76521739921955,0.2885
"2879",9,17,29,"BMA",1.01624037871656,2.35211208551687,0.4775
"2880",9,17,30,"BMA",1.58879187275089,2.52790537560596,0.2425
"2881",9,17,31,"BMA",2.09763725388333,2.61723522794939,0.154
"2882",9,17,32,"BMA",0.844443745026696,2.18438865524757,0.51
"2883",9,17,33,"BMA",0.761918900054914,2.1872673216499,0.542
"2884",9,17,34,"BMA",2.22134590564068,2.69157593315298,0.1165
"2885",9,17,35,"BMA",4.11693176356174,3.76062114695649,0.0255
"2886",9,17,36,"BMA",2.66939392684687,2.94626309638074,0.083
"2887",9,17,37,"BMA",3.61722438272949,3.569823516244,0.0385
"2888",9,17,38,"BMA",3.31886554241303,3.3389618735332,0.064
"2889",9,17,1,"AVS",3.46980322891803,3.54553859903301,0.652
"2890",9,17,2,"AVS",5.2553201280215,3.67719406783187,0.821
"2891",9,17,3,"AVS",3.82714424440855,3.57824238535179,0.69
"2892",9,17,4,"AVS",4.86923015287078,3.56076264370363,0.8165
"2893",9,17,5,"AVS",2.26850808628264,3.19896637629513,0.429
"2894",9,17,6,"AVS",4.44421311152376,3.52239718648067,0.1555
"2895",9,17,7,"AVS",2.02734465207848,2.84578242086428,0.7045
"2896",9,17,8,"AVS",1.29637578781527,2.63068983416299,0.5605
"2897",9,17,9,"AVS",1.54200013460587,2.57024006366907,0.325
"2898",9,17,10,"AVS",7.50881113801377,4.60811222625563,0.0195
"2899",9,17,11,"AVS",20.2786676078931,15.1278998614517,5e-04
"2900",9,17,12,"AVS",4.75262322816154,4.01243716769504,0.4675
"2901",9,17,13,"AVS",9.42361337344291,4.2711295172235,0.907
"2902",9,17,14,"AVS",3.70968767295302,3.50730781147104,0.7455
"2903",9,17,15,"AVS",3.94109385904672,3.41968949924425,0.78
"2904",9,17,16,"AVS",9.17304736319031,4.62422452231132,0.9605
"2905",9,17,17,"AVS",4.71028388998683,3.66374985160078,0.8175
"2906",9,17,18,"AVS",4.92268679154552,3.48621525519353,0.192
"2907",9,17,19,"AVS",1.54500835487384,2.72509832408749,0.64
"2908",9,17,20,"AVS",4.43671813709147,3.4783081850465,0.887
"2909",9,17,21,"AVS",1.33265578060241,2.61141207105907,0.59
"2910",9,17,22,"AVS",1.37606778691348,2.63210117858376,0.661
"2911",9,17,23,"AVS",1.66716177019508,2.63986940021737,0.7445
"2912",9,17,24,"AVS",0.931760351408704,2.37185739914004,0.477
"2913",9,17,25,"AVS",1.37446511000941,2.48500951069291,0.693
"2914",9,17,26,"AVS",4.24891452026036,3.72053669424987,0.9415
"2915",9,17,27,"AVS",5.26336074478195,3.99271557754022,0.956
"2916",9,17,28,"AVS",1.17407101846889,2.36822585973241,0.3645
"2917",9,17,29,"AVS",0.904216318705186,2.24090149881571,0.4715
"2918",9,17,30,"AVS",1.55568365724208,2.36038353097776,0.242
"2919",9,17,31,"AVS",2.14586345031187,2.63373816292896,0.148
"2920",9,17,32,"AVS",0.819126829465596,2.17907386101294,0.4825
"2921",9,17,33,"AVS",0.746968470425934,2.14920716321111,0.525
"2922",9,17,34,"AVS",2.22227641527106,2.634511921754,0.1215
"2923",9,17,35,"AVS",4.14697398819923,3.66071314919251,0.025
"2924",9,17,36,"AVS",2.72872787457346,2.92465158420221,0.0705
"2925",9,17,37,"AVS",3.69294513043724,3.68311629275697,0.0245
"2926",9,17,38,"AVS",3.4676753985954,3.37866912265019,0.036
"2927",9,17,1,"EQW",3.46980322891803,3.53099849287655,0.6525
"2928",9,17,2,"EQW",4.32099003587021,3.62216769371653,0.7415
"2929",9,17,3,"EQW",3.22652825740528,3.32658921135423,0.692
"2930",9,17,4,"EQW",6.46752663724912,3.73598120893082,0.8495
"2931",9,17,5,"EQW",3.06018674196667,3.3568496228076,0.609
"2932",9,17,6,"EQW",3.05422668814042,3.48512167138327,0.407
"2933",9,17,7,"EQW",4.89287027692928,3.46123292720145,0.7745
"2934",9,17,8,"EQW",5.02307353107605,3.42232164089649,0.7785
"2935",9,17,9,"EQW",4.40397092441649,3.35815917814522,0.6975
"2936",9,17,10,"EQW",3.71035988471904,3.73506456561288,0.463
"2937",9,17,11,"EQW",9.07215983859572,4.49687201572756,0.1845
"2938",9,17,12,"EQW",6.44115393792489,4.04485623042201,0.221
"2939",9,17,13,"EQW",4.72925834993407,3.60322442315092,0.7275
"2940",9,17,14,"EQW",2.89377996114985,3.42477971607247,0.4265
"2941",9,17,15,"EQW",2.42512472447381,3.16383689682178,0.619
"2942",9,17,16,"EQW",5.24579982106913,3.70250769583201,0.805
"2943",9,17,17,"EQW",3.18866469169904,3.52124476984537,0.5725
"2944",9,17,18,"EQW",2.5740576246994,3.23070829026142,0.387
"2945",9,17,19,"EQW",2.09848699682289,3.08751825945652,0.602
"2946",9,17,20,"EQW",3.75946138815413,3.36770185411805,0.7885
"2947",9,17,21,"EQW",2.32981550178818,3.19196590592683,0.4475
"2948",9,17,22,"EQW",2.05158240357331,3.01595381079064,0.6445
"2949",9,17,23,"EQW",2.32044808389878,3.06685638539404,0.673
"2950",9,17,24,"EQW",1.819847523364,2.94560213006471,0.506
"2951",9,17,25,"EQW",2.44538963002143,2.96041147691872,0.7135
"2952",9,17,26,"EQW",4.18294680972671,3.3816389645748,0.8415
"2953",9,17,27,"EQW",3.7844812725016,3.38127624612731,0.755
"2954",9,17,28,"EQW",2.5428899363187,3.25005434411514,0.3995
"2955",9,17,29,"EQW",2.80073031422913,3.01390959161252,0.7105
"2956",9,17,30,"EQW",1.91216628424378,2.92504163740854,0.4955
"2957",9,17,31,"EQW",1.88427204582619,3.06432932514985,0.518
"2958",9,17,32,"EQW",2.57853106730219,2.92021992540769,0.7135
"2959",9,17,33,"EQW",2.09998316003156,2.87368088242035,0.6315
"2960",9,17,34,"EQW",2.00372737757855,3.09629105000316,0.3985
"2961",9,17,35,"EQW",1.961741056146,3.15272384237608,0.4335
"2962",9,17,36,"EQW",1.8424374725492,3.10276303677043,0.551
"2963",9,17,37,"EQW",1.7893096413771,3.08154151347054,0.4295
"2964",9,17,38,"EQW",1.68847451271147,3.08711297276061,0.472
"2965",9,17,1,"SGP",3.46980322891803,3.57856700963573,0.6415
"2966",9,17,2,"SGP",5.72420364811492,3.77712004499337,0.869
"2967",9,17,3,"SGP",3.26680152761414,3.16778589683793,0.7585
"2968",9,17,4,"SGP",5.00731623897349,3.59024642157223,0.9125
"2969",9,17,5,"SGP",1.59522924873674,2.80860158437886,0.3595
"2970",9,17,6,"SGP",3.95584383596359,3.34968570557532,0.1215
"2971",9,17,7,"SGP",1.94000838410569,2.72866463410707,0.729
"2972",9,17,8,"SGP",1.26251499256447,2.61629761008224,0.5705
"2973",9,17,9,"SGP",1.52545420814928,2.63427257376735,0.305
"2974",9,17,10,"SGP",7.32082220400635,4.56810455554486,0.026
"2975",9,17,11,"SGP",20.0854102979672,7.94930871646103,0.0035
"2976",9,17,12,"SGP",13.4880686169281,5.42441277592482,0.014
"2977",9,17,13,"SGP",7.95819830443019,4.11488165582384,0.9245
"2978",9,17,14,"SGP",4.85258469949095,3.51379565133576,0.1515
"2979",9,17,15,"SGP",2.28467521915581,3.15508777833648,0.6355
"2980",9,17,16,"SGP",4.07785551882985,3.37445494145786,0.793
"2981",9,17,17,"SGP",3.52966200711318,3.21262052961406,0.246
"2982",9,17,18,"SGP",4.03435125778359,3.40213580874191,0.1715
"2983",9,17,19,"SGP",2.25288812117117,3.07595953661306,0.676
"2984",9,17,20,"SGP",2.61255670498201,3.0691574184693,0.73
"2985",9,17,21,"SGP",4.80612474325383,3.55747331101324,0.1175
"2986",9,17,22,"SGP",1.89095253481868,2.81505072691477,0.6485
"2987",9,17,23,"SGP",1.57105171927493,2.81582351733487,0.573
"2988",9,17,24,"SGP",2.35981363664734,2.93232482851907,0.302
"2989",9,17,25,"SGP",2.13239195700994,2.86446915114394,0.6725
"2990",9,17,26,"SGP",2.43496260511393,2.98178058371877,0.725
"2991",9,17,27,"SGP",1.50356168499106,2.87505830208024,0.493
"2992",9,17,28,"SGP",5.05710447065137,3.55798205369801,0.105
"2993",9,17,29,"SGP",4.07648489248094,3.41005931282022,0.853
"2994",9,17,30,"SGP",1.68146483075945,2.85356924816737,0.439
"2995",9,17,31,"SGP",1.52417281690146,2.79269861999425,0.517
"2996",9,17,32,"SGP",2.5368013244539,3.02201145786221,0.756
"2997",9,17,33,"SGP",1.41359846859124,2.765259852623,0.516
"2998",9,17,34,"SGP",2.25782300436985,2.92363075123233,0.2575
"2999",9,17,35,"SGP",1.51501584553492,2.74943191679354,0.408
"3000",9,17,36,"SGP",1.84382365881432,2.79447419390339,0.6375
"3001",9,17,37,"SGP",1.43199488019566,2.67680450503429,0.4555
"3002",9,17,38,"SGP",1.43201307679391,2.73307148079495,0.516
"3003",9,17,1,"SGP50",3.46980322891803,3.61265278548338,0.6315
"3004",9,17,2,"SGP50",4.37780361954958,3.58571999951923,0.7505
"3005",9,17,3,"SGP50",3.21999748058056,3.28397256308075,0.7025
"3006",9,17,4,"SGP50",6.41309169010591,3.83270881347934,0.8615
"3007",9,17,5,"SGP50",2.8206555757766,3.2550947611706,0.5825
"3008",9,17,6,"SGP50",2.97229910846583,3.43638510856782,0.386
"3009",9,17,7,"SGP50",4.28314475527642,3.37261179759875,0.7775
"3010",9,17,8,"SGP50",3.89385426893736,3.23390559456876,0.7295
"3011",9,17,9,"SGP50",3.05843039135187,3.14329935979225,0.597
"3012",9,17,10,"SGP50",3.69016169989217,3.69888196918169,0.325
"3013",9,17,11,"SGP50",12.0346754912798,5.03073524387344,0.1075
"3014",9,17,12,"SGP50",8.18068778288187,4.35858238723252,0.141
"3015",9,17,13,"SGP50",4.78066539252177,3.68662112795827,0.736
"3016",9,17,14,"SGP50",3.47803190854661,3.48974798907229,0.3065
"3017",9,17,15,"SGP50",2.30348287610208,3.22301469615572,0.549
"3018",9,17,16,"SGP50",4.31161099008051,3.50860655268181,0.7615
"3019",9,17,17,"SGP50",2.73609972367964,3.39891524473615,0.438
"3020",9,17,18,"SGP50",3.36243720167047,3.33457988410414,0.291
"3021",9,17,19,"SGP50",2.0123860764787,2.97719848693033,0.594
"3022",9,17,20,"SGP50",3.03627827878799,3.23995712000069,0.7325
"3023",9,17,21,"SGP50",2.9525345760437,3.26548452940856,0.3355
"3024",9,17,22,"SGP50",1.85777283575738,2.92102435752343,0.609
"3025",9,17,23,"SGP50",1.93524907691439,2.96782173233207,0.6175
"3026",9,17,24,"SGP50",1.95072049494185,2.91970758439912,0.4175
"3027",9,17,25,"SGP50",2.10870617879251,3.01767426821528,0.6595
"3028",9,17,26,"SGP50",3.28781133520539,3.2293762858065,0.784
"3029",9,17,27,"SGP50",2.57395369150146,3.0805297804646,0.657
"3030",9,17,28,"SGP50",3.0827652224786,3.19400541214434,0.279
"3031",9,17,29,"SGP50",2.53934417727443,3.02636591983813,0.6995
"3032",9,17,30,"SGP50",1.73467803293759,2.86293708355499,0.421
"3033",9,17,31,"SGP50",1.67490726652285,2.87442868196687,0.471
"3034",9,17,32,"SGP50",2.10063311807428,2.7965952088917,0.676
"3035",9,17,33,"SGP50",1.55779952575009,2.7165167352306,0.554
"3036",9,17,34,"SGP50",2.03618344220034,3.01231927513471,0.3155
"3037",9,17,35,"SGP50",1.97476405076356,2.96876425162583,0.3615
"3038",9,17,36,"SGP50",1.6394545293402,2.94623510615424,0.491
"3039",9,17,37,"SGP50",1.79064326170891,3.01148345751399,0.373
"3040",9,17,38,"SGP50",1.64659184031615,2.9658009608516,0.4285
"3041",9,18,1,"BMA",5.15290719149295,3.74105393148963,0.7695
"3042",9,18,2,"BMA",4.9153396090991,3.70690144350748,0.7615
"3043",9,18,3,"BMA",2.66745442229437,3.3319912028473,0.5565
"3044",9,18,4,"BMA",8.50405202343145,4.18270537867825,0.905
"3045",9,18,5,"BMA",3.59575160789309,3.45781447085101,0.6275
"3046",9,18,6,"BMA",4.93725227861931,3.66649744828333,0.203
"3047",9,18,7,"BMA",2.92722360619502,3.24099596005022,0.6355
"3048",9,18,8,"BMA",9.05819761513388,4.21551951870982,0.9415
"3049",9,18,9,"BMA",8.54796230726716,4.14487094753145,0.936
"3050",9,18,10,"BMA",8.26587518738978,4.09274525176338,0.943
"3051",9,18,11,"BMA",4.08518275075444,3.40687425595948,0.172
"3052",9,18,12,"BMA",10.4128456703517,4.89939705799188,0.027
"3053",9,18,13,"BMA",2.71873244165559,3.16364859890339,0.6665
"3054",9,18,14,"BMA",3.15113731428311,3.24729725768015,0.2625
"3055",9,18,15,"BMA",15.1007302497094,5.95863768490365,0.0255
"3056",9,18,16,"BMA",3.07413106001093,3.4062500123372,0.572
"3057",9,18,17,"BMA",4.62800064274817,3.6419727537038,0.2525
"3058",9,18,18,"BMA",3.00613138960582,3.45215690729255,0.377
"3059",9,18,19,"BMA",12.9135396116668,4.77672038785952,0.0625
"3060",9,18,20,"BMA",8.02382311259991,3.99271997869666,0.1315
"3061",9,18,21,"BMA",4.24818339041763,3.59325365231481,0.261
"3062",9,18,22,"BMA",2.64909211974209,3.43702232075397,0.5555
"3063",9,18,23,"BMA",3.54253756560307,3.37786063785158,0.312
"3064",9,18,24,"BMA",3.50608298785351,3.30780640242072,0.27
"3065",9,18,25,"BMA",2.97248032657709,3.12812125454229,0.257
"3066",9,18,26,"BMA",1.75992546065842,2.9273596880912,0.57
"3067",9,18,27,"BMA",2.97722399250727,3.14993830152186,0.769
"3068",9,18,28,"BMA",3.39020982102683,3.29557485853497,0.8205
"3069",9,18,29,"BMA",4.24170225075047,3.56034657413383,0.85
"3070",9,18,30,"BMA",1.70968829947675,2.88755296574745,0.5855
"3071",9,18,31,"BMA",1.70196027307534,2.79586882790197,0.673
"3072",9,18,32,"BMA",5.15091061022411,3.86868321428707,0.928
"3073",9,18,33,"BMA",3.58993790544142,3.55684282182061,0.8115
"3074",9,18,34,"BMA",1.59963650471495,2.78759975117658,0.444
"3075",9,18,35,"BMA",1.24365995713076,2.57167072981528,0.604
"3076",9,18,36,"BMA",1.25532145379187,2.51071743546279,0.661
"3077",9,18,37,"BMA",0.920831837197841,2.25952821583016,0.4295
"3078",9,18,38,"BMA",1.12109114177808,2.19406524428073,0.3255
"3079",9,18,1,"AVS",5.15290719149295,3.82427158443138,0.777
"3080",9,18,2,"AVS",3.33901275394491,3.4810085230841,0.629
"3081",9,18,3,"AVS",3.33250114411971,3.52145804429686,0.6245
"3082",9,18,4,"AVS",11.7171341458877,4.5249592730081,0.9135
"3083",9,18,5,"AVS",2.75304044673633,3.45193003513397,0.499
"3084",9,18,6,"AVS",6.69053495872598,3.69894651539173,0.1755
"3085",9,18,7,"AVS",2.71708879077402,3.38315564564161,0.551
"3086",9,18,8,"AVS",11.1270887870134,4.35329266291574,0.9235
"3087",9,18,9,"AVS",6.5803126406981,3.91510065734946,0.9355
"3088",9,18,10,"AVS",7.1477955552361,4.0019435766367,0.94
"3089",9,18,11,"AVS",4.38905121330958,3.44090255080987,0.129
"3090",9,18,12,"AVS",10.8744382087719,4.96939956002793,0.022
"3091",9,18,13,"AVS",2.29601899738868,3.08928829793489,0.663
"3092",9,18,14,"AVS",3.41057076973855,3.22731617975438,0.213
"3093",9,18,15,"AVS",16.1233836875704,6.73879117145548,0.001
"3094",9,18,16,"AVS",2.23173364206414,3.17368107035439,0.4015
"3095",9,18,17,"AVS",7.37338515628044,3.92112659595947,0.0755
"3096",9,18,18,"AVS",4.61206262253295,3.41287774457868,0.179
"3097",9,18,19,"AVS",18.7087206221112,6.62166621405403,0.002
"3098",9,18,20,"AVS",5.94172769313976,3.67567802153585,0.1635
"3099",9,18,21,"AVS",2.18005386062001,3.09378387186911,0.469
"3100",9,18,22,"AVS",3.1035668757743,3.2716688479746,0.713
"3101",9,18,23,"AVS",3.40722304764488,3.30570703727888,0.266
"3102",9,18,24,"AVS",2.9388121895414,3.28554375519361,0.3125
"3103",9,18,25,"AVS",2.07404623942756,3.13702338954858,0.451
"3104",9,18,26,"AVS",3.44184718799259,3.23935582191307,0.748
"3105",9,18,27,"AVS",3.43298423074894,3.36378188433231,0.749
"3106",9,18,28,"AVS",2.06575927921671,3.01863747524796,0.6035
"3107",9,18,29,"AVS",2.16165824222192,3.13147421864482,0.6205
"3108",9,18,30,"AVS",2.47937854095514,3.16384694509022,0.312
"3109",9,18,31,"AVS",2.02913772727218,3.11579902258784,0.5545
"3110",9,18,32,"AVS",4.23467931143967,3.28764089707622,0.801
"3111",9,18,33,"AVS",1.80150077382981,2.99135458588993,0.525
"3112",9,18,34,"AVS",2.8989024672469,3.16513548657582,0.2765
"3113",9,18,35,"AVS",1.8880652068487,2.94595258443043,0.6025
"3114",9,18,36,"AVS",1.98837472668589,3.01590794675037,0.636
"3115",9,18,37,"AVS",1.84200444129782,2.89716405776311,0.4645
"3116",9,18,38,"AVS",1.79845838275898,2.83227155981744,0.5395
"3117",9,18,1,"EQW",5.15290719149295,3.804810738834,0.7695
"3118",9,18,2,"EQW",5.48230216291643,3.82425791326346,0.799
"3119",9,18,3,"EQW",2.31744580430734,3.21045917650075,0.5425
"3120",9,18,4,"EQW",8.46506456519663,4.22876263744358,0.8955
"3121",9,18,5,"EQW",3.77569702091098,3.43206960631036,0.686
"3122",9,18,6,"EQW",3.45673415857362,3.60294212961129,0.366
"3123",9,18,7,"EQW",4.26289058729592,3.39751169069696,0.7345
"3124",9,18,8,"EQW",12.3048843507522,4.50119887485988,0.947
"3125",9,18,9,"EQW",13.678078759494,4.60452374838574,0.9565
"3126",9,18,10,"EQW",15.8064453943713,4.75252836565293,0.962
"3127",9,18,11,"EQW",5.44639878425561,3.87668005455549,0.6305
"3128",9,18,12,"EQW",4.65757542367306,3.98955994052811,0.399
"3129",9,18,13,"EQW",6.99598246467164,3.7204997556711,0.809
"3130",9,18,14,"EQW",5.07373986702739,3.74061497105958,0.6145
"3131",9,18,15,"EQW",5.86682681837611,4.12386977873787,0.332
"3132",9,18,16,"EQW",4.58250789215864,3.5585597422422,0.6765
"3133",9,18,17,"EQW",3.6278150853849,3.70002777495429,0.478
"3134",9,18,18,"EQW",3.55928693596739,3.57139292414838,0.5595
"3135",9,18,19,"EQW",7.97247513221165,4.29495747532845,0.2015
"3136",9,18,20,"EQW",4.9713182635791,3.67442087545189,0.24
"3137",9,18,21,"EQW",3.1660368042772,3.3578342888404,0.357
"3138",9,18,22,"EQW",2.62009734438332,3.35536110637166,0.547
"3139",9,18,23,"EQW",3.25376684219666,3.36360074464029,0.3175
"3140",9,18,24,"EQW",4.09568288543223,3.46039711660607,0.235
"3141",9,18,25,"EQW",4.24661472188829,3.41458613069488,0.2135
"3142",9,18,26,"EQW",2.29868743204716,3.15431987651001,0.466
"3143",9,18,27,"EQW",2.24671370590318,3.20039941248835,0.602
"3144",9,18,28,"EQW",2.10667169685484,3.1719804297287,0.5735
"3145",9,18,29,"EQW",2.34550288262133,3.16386173120574,0.6295
"3146",9,18,30,"EQW",2.10889964068532,3.0425052090675,0.3905
"3147",9,18,31,"EQW",1.69104276572956,2.91665619466501,0.503
"3148",9,18,32,"EQW",3.25488109854185,3.3007000283744,0.7845
"3149",9,18,33,"EQW",2.4378077727888,3.22314162592487,0.677
"3150",9,18,34,"EQW",1.869061042895,2.83711566097634,0.4195
"3151",9,18,35,"EQW",1.41236369179948,2.67016719013573,0.5315
"3152",9,18,36,"EQW",1.43991266446435,2.60139134960806,0.583
"3153",9,18,37,"EQW",1.3350854658247,2.5665838458322,0.4145
"3154",9,18,38,"EQW",1.3470652924895,2.5488496723845,0.418
"3155",9,18,1,"SGP",5.15290719149295,3.83390344488399,0.7745
"3156",9,18,2,"SGP",7.05219798574415,3.95116849738581,0.8995
"3157",9,18,3,"SGP",1.89268260377044,2.94666231927914,0.5485
"3158",9,18,4,"SGP",8.33625362909075,4.64258761643311,0.9685
"3159",9,18,5,"SGP",1.64897076729638,2.87705918822474,0.565
"3160",9,18,6,"SGP",5.29934087516018,3.72435003906506,0.0945
"3161",9,18,7,"SGP",1.74638820906959,2.84596930828794,0.6515
"3162",9,18,8,"SGP",7.10232884460886,4.01869390386836,0.96
"3163",9,18,9,"SGP",6.49424469736742,3.93211557159111,0.935
"3164",9,18,10,"SGP",7.25589481813383,4.11805270382735,0.933
"3165",9,18,11,"SGP",4.29798450730677,3.32778740412118,0.1475
"3166",9,18,12,"SGP",10.6953267451857,4.85834889288609,0.0275
"3167",9,18,13,"SGP",2.33452549426086,3.05511105479575,0.667
"3168",9,18,14,"SGP",3.37063517380506,3.21106026911408,0.2305
"3169",9,18,15,"SGP",15.9344478004831,6.93251053891727,0.006
"3170",9,18,16,"SGP",2.22957508566143,3.11647509530103,0.3815
"3171",9,18,17,"SGP",7.29123908405046,4.08302675907252,0.084
"3172",9,18,18,"SGP",4.56754875140891,3.50882266736949,0.1945
"3173",9,18,19,"SGP",18.5772729233108,6.5256792932379,0.0045
"3174",9,18,20,"SGP",3.67404631119192,3.3213101243382,0.248
"3175",9,18,21,"SGP",2.17578451530504,3.11624458222901,0.495
"3176",9,18,22,"SGP",3.08945157550009,3.21452502220335,0.7015
"3177",9,18,23,"SGP",3.41788726926241,3.31901758520787,0.283
"3178",9,18,24,"SGP",2.9578391595885,3.27313916024637,0.3005
"3179",9,18,25,"SGP",2.08824675210416,3.11676248555038,0.433
"3180",9,18,26,"SGP",3.4130507179238,3.28383592326785,0.728
"3181",9,18,27,"SGP",3.41731526914907,3.33615286038966,0.751
"3182",9,18,28,"SGP",2.04715616477487,3.07265382282286,0.5955
"3183",9,18,29,"SGP",2.15691375769111,3.07065447874632,0.621
"3184",9,18,30,"SGP",2.47874679615983,3.08910795358916,0.3235
"3185",9,18,31,"SGP",2.02566589674534,3.13031896289702,0.563
"3186",9,18,32,"SGP",4.21999978015469,3.32781405383101,0.811
"3187",9,18,33,"SGP",1.80642781377932,2.98364630210327,0.5375
"3188",9,18,34,"SGP",2.88723146969266,3.22872073970261,0.283
"3189",9,18,35,"SGP",1.88142993596613,2.97683062517441,0.5905
"3190",9,18,36,"SGP",1.9809458306557,2.98872212364492,0.611
"3191",9,18,37,"SGP",1.83556035782266,2.95887901461254,0.458
"3192",9,18,38,"SGP",1.79386091958446,2.96286576776171,0.5365
"3193",9,18,1,"SGP50",5.15290719149295,3.81569298517766,0.764
"3194",9,18,2,"SGP50",5.53008453144678,3.87667409690239,0.81
"3195",9,18,3,"SGP50",2.30079775878584,3.23039876224393,0.5405
"3196",9,18,4,"SGP50",8.55304908218772,4.26117607014279,0.9005
"3197",9,18,5,"SGP50",3.60867927403419,3.40198554109293,0.6565
"3198",9,18,6,"SGP50",3.52050971645712,3.55897888432489,0.34
"3199",9,18,7,"SGP50",3.91363921411759,3.31613609244357,0.7165
"3200",9,18,8,"SGP50",11.3038826635746,4.53817543679221,0.9605
"3201",9,18,9,"SGP50",11.7959492498377,4.31589770340286,0.9345
"3202",9,18,10,"SGP50",12.9363669546281,4.62074283138385,0.9645
"3203",9,18,11,"SGP50",3.72347179640201,3.64819219872117,0.5075
"3204",9,18,12,"SGP50",5.62408850188982,4.02904801023598,0.253
"3205",9,18,13,"SGP50",4.82353427327861,3.49418510100879,0.7555
"3206",9,18,14,"SGP50",3.21341936661231,3.45581232705789,0.458
"3207",9,18,15,"SGP50",9.09833424015327,4.36473317911702,0.172
"3208",9,18,16,"SGP50",2.87857983464067,3.37176834055994,0.5495
"3209",9,18,17,"SGP50",4.38063897519019,3.66009971130509,0.28
"3210",9,18,18,"SGP50",3.1957256502379,3.46785860203161,0.371
"3211",9,18,19,"SGP50",12.7377608853519,4.73953839382661,0.0965
"3212",9,18,20,"SGP50",4.99087889811738,3.54980329161728,0.2025
"3213",9,18,21,"SGP50",2.91235997852227,3.34989616246967,0.363
"3214",9,18,22,"SGP50",2.65616687651275,3.31452111584679,0.5905
"3215",9,18,23,"SGP50",3.8536422978347,3.40645005269564,0.2665
"3216",9,18,24,"SGP50",3.9789645512125,3.41287845799696,0.246
"3217",9,18,25,"SGP50",3.26130799066439,3.298894535809,0.3075
"3218",9,18,26,"SGP50",2.41096623951131,3.17326839689042,0.5635
"3219",9,18,27,"SGP50",2.61257041789727,3.26255340422385,0.6375
"3220",9,18,28,"SGP50",2.12053398223597,3.07121592702396,0.555
"3221",9,18,29,"SGP50",2.2863173939187,3.16144072165096,0.5945
"3222",9,18,30,"SGP50",2.41268703399715,3.09563007583433,0.3535
"3223",9,18,31,"SGP50",1.87025323419524,3.00233348896729,0.518
"3224",9,18,32,"SGP50",3.59586138397658,3.35812066349748,0.773
"3225",9,18,33,"SGP50",2.13263003456442,3.11090121180636,0.6185
"3226",9,18,34,"SGP50",2.34902694043346,3.01408975998882,0.3265
"3227",9,18,35,"SGP50",1.59680902443585,2.83463247805284,0.5515
"3228",9,18,36,"SGP50",1.64113028895626,2.79870666181238,0.599
"3229",9,18,37,"SGP50",1.51615775242783,2.71218301434032,0.442
"3230",9,18,38,"SGP50",1.48354045582796,2.66759117964217,0.4725
"3231",9,19,1,"BMA",1.68395726179916,2.79373032099086,0.664
"3232",9,19,2,"BMA",5.48803529287481,3.89418439840392,0.91
"3233",9,19,3,"BMA",2.27318439341895,2.8953739605074,0.2955
"3234",9,19,4,"BMA",3.46044992000202,3.29989185874407,0.826
"3235",9,19,5,"BMA",3.29871134672534,3.12346977571542,0.182
"3236",9,19,6,"BMA",3.05220535568329,3.10634367167991,0.207
"3237",9,19,7,"BMA",2.32677395022964,3.021240755725,0.7165
"3238",9,19,8,"BMA",1.66408549693328,2.77331198757066,0.6125
"3239",9,19,9,"BMA",4.57850811496019,3.43798472490535,0.8835
"3240",9,19,10,"BMA",2.69370465885772,3.08118230331665,0.749
"3241",9,19,11,"BMA",2.07053721794616,2.93265181628875,0.3165
"3242",9,19,12,"BMA",4.18578352814093,3.40168617560958,0.1145
"3243",9,19,13,"BMA",1.98986701993105,2.80180387400356,0.7195
"3244",9,19,14,"BMA",1.71644790260565,2.72147399901299,0.3415
"3245",9,19,15,"BMA",3.19942607157962,3.14368510259772,0.8515
"3246",9,19,16,"BMA",8.19128200898737,4.31364665406366,0.973
"3247",9,19,17,"BMA",1.89462886879619,2.82806837662212,0.6305
"3248",9,19,18,"BMA",1.24850565329318,2.59558690597447,0.4435
"3249",9,19,19,"BMA",1.8724737702159,2.67214110103043,0.256
"3250",9,19,20,"BMA",3.11968742703818,3.02769105609214,0.857
"3251",9,19,21,"BMA",1.15987392219154,2.45966382106426,0.407
"3252",9,19,22,"BMA",1.13958575232579,2.46493348544299,0.596
"3253",9,19,23,"BMA",3.78384048550492,3.27780507952697,0.0905
"3254",9,19,24,"BMA",1.75187407370454,2.58257806080486,0.2555
"3255",9,19,25,"BMA",1.88538893914021,2.66538893299102,0.2625
"3256",9,19,26,"BMA",1.98724683622014,2.67792098454434,0.25
"3257",9,19,27,"BMA",5.60222888441991,4.21709819529272,0.9735
"3258",9,19,28,"BMA",2.33924795954371,2.87698773222235,0.1975
"3259",9,19,29,"BMA",1.39016465141491,2.55288191890945,0.688
"3260",9,19,30,"BMA",6.35242641059152,4.48031525018239,0.0175
"3261",9,19,31,"BMA",1.84475405617869,2.76886567450427,0.2725
"3262",9,19,32,"BMA",2.34925363576963,2.78195640524056,0.7935
"3263",9,19,33,"BMA",1.24864181649135,2.54439989748096,0.4145
"3264",9,19,34,"BMA",2.43737000457719,2.83358966064443,0.813
"3265",9,19,35,"BMA",1.06560429145471,2.50718029493478,0.4985
"3266",9,19,36,"BMA",1.40084605584793,2.62092495528237,0.3445
"3267",9,19,37,"BMA",2.32861334994899,2.83930268410451,0.182
"3268",9,19,38,"BMA",1.75455604097098,2.65978989575845,0.7255
"3269",9,19,1,"AVS",1.68395726179916,2.78469485363076,0.668
"3270",9,19,2,"AVS",4.98203840429867,4.0025816717088,0.9045
"3271",9,19,3,"AVS",2.68984332160446,2.8852876982543,0.231
"3272",9,19,4,"AVS",2.61069241328933,3.02561930656179,0.7515
"3273",9,19,5,"AVS",3.36089305473237,3.12023426811582,0.193
"3274",9,19,6,"AVS",3.47837190630116,3.09490754518946,0.1615
"3275",9,19,7,"AVS",2.05528217621361,2.98314270371613,0.682
"3276",9,19,8,"AVS",1.79166884474496,2.99241187536003,0.639
"3277",9,19,9,"AVS",4.93803489739431,3.6355464512007,0.8925
"3278",9,19,10,"AVS",3.52868428959344,3.19953319856961,0.8065
"3279",9,19,11,"AVS",1.96644449536392,2.88797590450551,0.3375
"3280",9,19,12,"AVS",4.05259124086121,3.27215688589795,0.1335
"3281",9,19,13,"AVS",1.82061470044601,2.7567555047273,0.6825
"3282",9,19,14,"AVS",1.28628958679959,2.63022052820423,0.4315
"3283",9,19,15,"AVS",3.50613801854177,3.17769831001819,0.864
"3284",9,19,16,"AVS",10.4650466422207,5.40595530640045,0.994
"3285",9,19,17,"AVS",1.271991838149,2.65791624979952,0.526
"3286",9,19,18,"AVS",1.23071997542053,2.5381668353529,0.4265
"3287",9,19,19,"AVS",1.91109176618131,2.69290183141806,0.2425
"3288",9,19,20,"AVS",3.09503652445373,3.15113588659323,0.851
"3289",9,19,21,"AVS",1.149603278204,2.49410511948076,0.4005
"3290",9,19,22,"AVS",1.13021826836061,2.49085510740275,0.596
"3291",9,19,23,"AVS",3.80292974252042,3.24472790985693,0.0905
"3292",9,19,24,"AVS",1.730225761982,2.67359215678624,0.2695
"3293",9,19,25,"AVS",1.87087977228481,2.6471682629214,0.2145
"3294",9,19,26,"AVS",1.99861894857554,2.6849556889455,0.2315
"3295",9,19,27,"AVS",5.60888153760444,4.13842665779127,0.972
"3296",9,19,28,"AVS",2.34366153944057,2.86534440658881,0.185
"3297",9,19,29,"AVS",1.38025075327808,2.6116981733866,0.667
"3298",9,19,30,"AVS",6.34346500760127,4.34366247691563,0.0205
"3299",9,19,31,"AVS",1.79315649032712,2.75875098874909,0.262
"3300",9,19,32,"AVS",2.36070496859509,2.83568149305161,0.808
"3301",9,19,33,"AVS",1.2606723315173,2.53132029001124,0.402
"3302",9,19,34,"AVS",2.47590942117634,2.75421971547748,0.8115
"3303",9,19,35,"AVS",1.05798411039566,2.52131598091515,0.494
"3304",9,19,36,"AVS",1.41961100324998,2.51040720681654,0.3435
"3305",9,19,37,"AVS",2.33959335480226,2.89263356243975,0.201
"3306",9,19,38,"AVS",1.81939809677869,2.69766770899164,0.7325
"3307",9,19,1,"EQW",1.68395726179916,2.83460431359709,0.6485
"3308",9,19,2,"EQW",5.95121265762521,4.17975930855659,0.919
"3309",9,19,3,"EQW",1.87272795245092,2.85783888441102,0.3375
"3310",9,19,4,"EQW",4.65563169777119,3.57463391504716,0.855
"3311",9,19,5,"EQW",3.1026305311897,2.98888791723987,0.2025
"3312",9,19,6,"EQW",2.09113419680678,2.89909364795311,0.3105
"3313",9,19,7,"EQW",2.82857308832992,3.09660306958587,0.7845
"3314",9,19,8,"EQW",1.40792107924413,2.73458466003699,0.5545
"3315",9,19,9,"EQW",4.07151489956108,3.34554741596081,0.8845
"3316",9,19,10,"EQW",2.02547375927137,2.84645740723451,0.6955
"3317",9,19,11,"EQW",2.49655837549399,3.03988671251676,0.261
"3318",9,19,12,"EQW",4.24086334894525,3.38506377718965,0.1195
"3319",9,19,13,"EQW",2.21710368146652,2.85810196135814,0.7325
"3320",9,19,14,"EQW",2.18814983938901,2.83777623870682,0.2555
"3321",9,19,15,"EQW",2.75240914011437,2.90133612962653,0.785
"3322",9,19,16,"EQW",6.44970761527595,3.92677528288592,0.952
"3323",9,19,17,"EQW",2.77983521683746,2.99184672864482,0.7095
"3324",9,19,18,"EQW",2.24671733436417,2.96708184962116,0.6595
"3325",9,19,19,"EQW",1.57516398248325,2.81587087465773,0.497
"3326",9,19,20,"EQW",4.42532189301438,3.44231973558266,0.8915
"3327",9,19,21,"EQW",2.02857394214,2.93967671120189,0.6285
"3328",9,19,22,"EQW",2.4301449296648,2.90378852448726,0.7395
"3329",9,19,23,"EQW",1.98920365905906,3.00636090774778,0.3305
"3330",9,19,24,"EQW",1.6373835470158,2.7356655872871,0.3315
"3331",9,19,25,"EQW",1.96825328459817,2.77846102560402,0.296
"3332",9,19,26,"EQW",2.264854507444,2.80445553936839,0.2395
"3333",9,19,27,"EQW",4.32770493598391,3.45398605123458,0.872
"3334",9,19,28,"EQW",1.60761325852083,2.84650194899334,0.4215
"3335",9,19,29,"EQW",1.89874106382106,2.80788433185434,0.7175
"3336",9,19,30,"EQW",4.28725108055638,3.43083165533662,0.1445
"3337",9,19,31,"EQW",2.38380610189959,2.84449443295653,0.2245
"3338",9,19,32,"EQW",1.71774238301038,2.72739888619476,0.689
"3339",9,19,33,"EQW",1.21092396201161,2.5250882526419,0.484
"3340",9,19,34,"EQW",2.90564889473093,2.93682337864702,0.832
"3341",9,19,35,"EQW",1.95931736863843,2.81580165150702,0.705
"3342",9,19,36,"EQW",1.46241475248139,2.75510998784648,0.5595
"3343",9,19,37,"EQW",1.49308823116084,2.71313227977369,0.398
"3344",9,19,38,"EQW",2.13477801477264,2.77785817290724,0.7525
"3345",9,19,1,"SGP",1.68395726179916,2.798721164735,0.659
"3346",9,19,2,"SGP",6.39995271986373,4.35729439937323,0.9435
"3347",9,19,3,"SGP",1.85543066982747,2.76932527576244,0.2935
"3348",9,19,4,"SGP",6.01210380063331,4.16386434486383,0.9525
"3349",9,19,5,"SGP",2.92625997510818,2.94262046395819,0.175
"3350",9,19,6,"SGP",1.42868542641504,2.68420008595829,0.3945
"3351",9,19,7,"SGP",3.68373045005028,3.19330801967053,0.873
"3352",9,19,8,"SGP",1.20375278136861,2.57219052376979,0.5175
"3353",9,19,9,"SGP",3.6605705141298,3.23916903142154,0.8925
"3354",9,19,10,"SGP",1.32291395977879,2.62420607760054,0.6155
"3355",9,19,11,"SGP",3.32557677381622,3.19251705331161,0.1225
"3356",9,19,12,"SGP",4.54542833098637,3.46341692390359,0.076
"3357",9,19,13,"SGP",2.32766694733672,2.82241833511374,0.7925
"3358",9,19,14,"SGP",2.98314248795329,3.04946630451547,0.152
"3359",9,19,15,"SGP",2.40942938961525,2.93610855913889,0.792
"3360",9,19,16,"SGP",4.7699646906185,3.49458456660091,0.923
"3361",9,19,17,"SGP",1.17945645152341,2.51282590684504,0.506
"3362",9,19,18,"SGP",1.23529439771237,2.46273122944202,0.458
"3363",9,19,19,"SGP",1.84575304482684,2.74653588793819,0.235
"3364",9,19,20,"SGP",3.15051359359213,3.08858185725768,0.852
"3365",9,19,21,"SGP",1.18404275437866,2.49480526788969,0.42
"3366",9,19,22,"SGP",1.16326598751818,2.48678823521778,0.5845
"3367",9,19,23,"SGP",3.71434064264222,3.21201215946398,0.103
"3368",9,19,24,"SGP",1.77699434975214,2.68071687914361,0.26
"3369",9,19,25,"SGP",1.88501021700764,2.68449657347894,0.244
"3370",9,19,26,"SGP",1.94078155923368,2.68754417815382,0.228
"3371",9,19,27,"SGP",5.57431099339827,4.01961785755009,0.9585
"3372",9,19,28,"SGP",2.32925303773912,2.80023617545826,0.205
"3373",9,19,29,"SGP",1.41748673591751,2.56053460870495,0.676
"3374",9,19,30,"SGP",6.32908302548269,4.22900104342621,0.023
"3375",9,19,31,"SGP",1.81143428962092,2.66616316913294,0.293
"3376",9,19,32,"SGP",2.33622934183138,2.81753212496039,0.804
"3377",9,19,33,"SGP",1.23726922180327,2.49736955894076,0.4175
"3378",9,19,34,"SGP",2.43164936890718,2.80822762575438,0.807
"3379",9,19,35,"SGP",1.07735446845055,2.48897129814082,0.516
"3380",9,19,36,"SGP",1.38495163942893,2.5533342913397,0.328
"3381",9,19,37,"SGP",2.3071175411539,2.80866411997811,0.1905
"3382",9,19,38,"SGP",1.72286113681336,2.65139030127673,0.736
"3383",9,19,1,"SGP50",1.68395726179916,2.74400569912426,0.66
"3384",9,19,2,"SGP50",5.97274023010755,4.14206298214,0.928
"3385",9,19,3,"SGP50",1.87012047810733,2.90725526821271,0.3285
"3386",9,19,4,"SGP50",4.69869510161679,3.57621198920396,0.8815
"3387",9,19,5,"SGP50",3.09292863964211,3.03806706691286,0.19
"3388",9,19,6,"SGP50",2.04462662875841,2.8386872542829,0.317
"3389",9,19,7,"SGP50",2.87917748973069,3.10068797782931,0.786
"3390",9,19,8,"SGP50",1.3923147302439,2.67546180379152,0.572
"3391",9,19,9,"SGP50",4.04388862020574,3.34752419117433,0.8815
"3392",9,19,10,"SGP50",1.94011782242868,2.75926963680285,0.6955
"3393",9,19,11,"SGP50",2.60242947882132,3.05520701598661,0.2645
"3394",9,19,12,"SGP50",4.28046865640691,3.43040717334278,0.1225
"3395",9,19,13,"SGP50",2.21375353699739,2.80511065693464,0.742
"3396",9,19,14,"SGP50",2.26476883884959,2.87267030997914,0.2515
"3397",9,19,15,"SGP50",2.71867842899686,2.96030196135282,0.798
"3398",9,19,16,"SGP50",6.25480206470102,3.80901699676649,0.944
"3399",9,19,17,"SGP50",2.49416499213767,2.90168244136256,0.712
"3400",9,19,18,"SGP50",2.00348218950669,2.87979326059526,0.6445
"3401",9,19,19,"SGP50",1.535651275703,2.82750732972074,0.4395
"3402",9,19,20,"SGP50",4.16792936319816,3.41917551355419,0.882
"3403",9,19,21,"SGP50",1.74672393731124,2.83659921722797,0.604
"3404",9,19,22,"SGP50",2.07609167475317,2.8108908025419,0.7035
"3405",9,19,23,"SGP50",2.24981280876532,3.07450435851525,0.2785
"3406",9,19,24,"SGP50",1.68659392084682,2.68334092213976,0.3285
"3407",9,19,25,"SGP50",1.99142633758355,2.74441756352953,0.2715
"3408",9,19,26,"SGP50",2.22747362560313,2.80400325643099,0.2465
"3409",9,19,27,"SGP50",4.50658733097103,3.55409407269437,0.8935
"3410",9,19,28,"SGP50",1.71088444193731,2.83149382784914,0.354
"3411",9,19,29,"SGP50",1.72949637319045,2.72126307937338,0.715
"3412",9,19,30,"SGP50",4.83865189775086,3.64511699266721,0.097
"3413",9,19,31,"SGP50",2.31143944114613,2.77482874651665,0.248
"3414",9,19,32,"SGP50",1.80704459193116,2.66711782261216,0.6965
"3415",9,19,33,"SGP50",1.20599893916673,2.56677347934476,0.4715
"3416",9,19,34,"SGP50",2.73242060504135,2.92462931045975,0.8095
"3417",9,19,35,"SGP50",1.6534936241783,2.75316455703583,0.627
"3418",9,19,36,"SGP50",1.32954184439814,2.72755792806345,0.493
"3419",9,19,37,"SGP50",1.64648510842015,2.72300795753526,0.3205
"3420",9,19,38,"SGP50",1.93695774756441,2.68287823937742,0.752
"3421",9,20,1,"BMA",2.5043841961603,3.28146285596477,0.841
"3422",9,20,2,"BMA",1.33803045557869,2.63323526444351,0.5465
"3423",9,20,3,"BMA",2.34692399993425,3.04493058983183,0.7875
"3424",9,20,4,"BMA",1.40850779427424,2.54776332648936,0.6525
"3425",9,20,5,"BMA",1.45953236136389,2.47165195092366,0.3005
"3426",9,20,6,"BMA",1.08573451797416,2.28884723205443,0.6725
"3427",9,20,7,"BMA",5.99597866548067,4.54746783891344,0.9745
"3428",9,20,8,"BMA",5.7161119944141,3.88409349564332,0.944
"3429",9,20,9,"BMA",5.73915249577399,3.86970603183928,0.945
"3430",9,20,10,"BMA",4.28068026420926,3.41722059809912,0.883
"3431",9,20,11,"BMA",5.05793860588576,3.6753813091207,0.088
"3432",9,20,12,"BMA",1.80804564253946,2.82098400673951,0.6385
"3433",9,20,13,"BMA",2.49353436110696,2.98747145171317,0.7785
"3434",9,20,14,"BMA",5.84624374484764,3.93192924842877,0.9535
"3435",9,20,15,"BMA",3.62007237513866,3.17927009266669,0.8355
"3436",9,20,16,"BMA",1.66306614224013,2.69392592562847,0.6665
"3437",9,20,17,"BMA",1.17295054207944,2.56657293974509,0.4185
"3438",9,20,18,"BMA",1.48893194397069,2.50144075761237,0.3385
"3439",9,20,19,"BMA",3.80137336936754,3.20984921229654,0.8945
"3440",9,20,20,"BMA",3.01197063680183,2.99668876824999,0.136
"3441",9,20,21,"BMA",2.97588141480996,2.96919469206032,0.1625
"3442",9,20,22,"BMA",1.08914680595899,2.50977795148759,0.501
"3443",9,20,23,"BMA",2.48488675221667,2.92534697271382,0.177
"3444",9,20,24,"BMA",3.10789260156909,3.11069801500032,0.1195
"3445",9,20,25,"BMA",1.20322634037078,2.5363332717033,0.58
"3446",9,20,26,"BMA",1.16152419877109,2.52788290931711,0.3935
"3447",9,20,27,"BMA",1.12595028947175,2.42928163981229,0.527
"3448",9,20,28,"BMA",3.196590823741,3.24947803381065,0.13
"3449",9,20,29,"BMA",1.17227171364809,2.40881818226394,0.4095
"3450",9,20,30,"BMA",6.52770752321802,4.59731050103872,0.0185
"3451",9,20,31,"BMA",2.3610508263675,2.83980462580679,0.1935
"3452",9,20,32,"BMA",2.96405229304348,3.08568911242383,0.141
"3453",9,20,33,"BMA",4.66363535714339,3.65591385564757,0.058
"3454",9,20,34,"BMA",1.19922935314283,2.63068166117603,0.5865
"3455",9,20,35,"BMA",1.06217172139979,2.45588445248828,0.4795
"3456",9,20,36,"BMA",1.78555507447405,2.7757031633665,0.2385
"3457",9,20,37,"BMA",1.04814770915986,2.48833677561368,0.514
"3458",9,20,38,"BMA",1.77425559731052,2.57615988447733,0.2715
"3459",9,20,1,"AVS",2.5043841961603,3.24245800937464,0.8315
"3460",9,20,2,"AVS",1.52735865136189,2.77820404123328,0.5075
"3461",9,20,3,"AVS",2.15753554547717,2.90209632547433,0.7265
"3462",9,20,4,"AVS",1.35875322474179,2.59429830381871,0.5655
"3463",9,20,5,"AVS",1.81009792854875,2.62126713631168,0.265
"3464",9,20,6,"AVS",1.08942770611203,2.325923660041,0.638
"3465",9,20,7,"AVS",5.83820453604556,4.38194943164624,0.9685
"3466",9,20,8,"AVS",6.3555951276779,3.9347831453641,0.943
"3467",9,20,9,"AVS",5.41726163670541,3.72337783633424,0.9495
"3468",9,20,10,"AVS",3.66574605431417,3.12830139544802,0.88
"3469",9,20,11,"AVS",7.93023190021169,4.4293978257749,0.021
"3470",9,20,12,"AVS",1.81598805904493,2.78060609528061,0.7285
"3471",9,20,13,"AVS",2.35468640695776,2.8070812958554,0.789
"3472",9,20,14,"AVS",5.5816634136072,3.8836958637954,0.962
"3473",9,20,15,"AVS",2.91262660681058,2.9377604526545,0.807
"3474",9,20,16,"AVS",1.29904940464899,2.572876870007,0.6
"3475",9,20,17,"AVS",1.37340180460393,2.5030466615658,0.3525
"3476",9,20,18,"AVS",1.60362205708828,2.60357866444161,0.296
"3477",9,20,19,"AVS",3.71333566486271,3.24431254163719,0.8985
"3478",9,20,20,"AVS",3.48265514083713,3.07051643841541,0.115
"3479",9,20,21,"AVS",3.01556007086073,3.05855180133627,0.1455
"3480",9,20,22,"AVS",1.08436867723235,2.52823006928063,0.5035
"3481",9,20,23,"AVS",2.49128740453728,2.96907992768998,0.162
"3482",9,20,24,"AVS",3.10768095767975,2.97718840138538,0.1285
"3483",9,20,25,"AVS",1.20191491742323,2.53184549616549,0.571
"3484",9,20,26,"AVS",1.16101677250175,2.46471496931708,0.4165
"3485",9,20,27,"AVS",1.12319928476543,2.47537869016577,0.485
"3486",9,20,28,"AVS",3.21081491759742,3.16465117758939,0.1285
"3487",9,20,29,"AVS",1.1736993382954,2.45285109249933,0.4165
"3488",9,20,30,"AVS",6.55426854570939,4.29738248190883,0.0155
"3489",9,20,31,"AVS",2.36719601830422,2.75032181217873,0.1935
"3490",9,20,32,"AVS",2.94808262787954,3.06012754850051,0.1435
"3491",9,20,33,"AVS",4.55811520005995,3.65338882437445,0.0575
"3492",9,20,34,"AVS",1.73569717652144,2.75828655494698,0.706
"3493",9,20,35,"AVS",1.06808301820164,2.45419314647039,0.5095
"3494",9,20,36,"AVS",1.79096059161658,2.71666391479449,0.278
"3495",9,20,37,"AVS",1.05597152826679,2.47968397588476,0.5095
"3496",9,20,38,"AVS",1.80849753834381,2.50778477373676,0.2705
"3497",9,20,1,"EQW",2.5043841961603,3.11474444526903,0.818
"3498",9,20,2,"EQW",1.40340419682948,2.71700299435568,0.645
"3499",9,20,3,"EQW",2.89618444700269,3.30268140717977,0.815
"3500",9,20,4,"EQW",1.52681855335414,2.60374231448662,0.6765
"3501",9,20,5,"EQW",1.51141534071142,2.58250959753615,0.3
"3502",9,20,6,"EQW",1.17007091641138,2.50886618372079,0.6155
"3503",9,20,7,"EQW",5.20715651067396,4.12145795305393,0.9315
"3504",9,20,8,"EQW",5.65987940413918,3.95573860626654,0.9405
"3505",9,20,9,"EQW",5.03099039105121,3.56006607522192,0.92
"3506",9,20,10,"EQW",3.26947176533814,3.10203370546513,0.767
"3507",9,20,11,"EQW",5.38010529877432,3.72411771648726,0.1545
"3508",9,20,12,"EQW",1.69611389066478,2.86070068779297,0.5735
"3509",9,20,13,"EQW",2.27068154984477,2.88291934283927,0.7195
"3510",9,20,14,"EQW",5.59046407422659,3.6805649758383,0.921
"3511",9,20,15,"EQW",4.25555072494082,3.26680501281891,0.8515
"3512",9,20,16,"EQW",2.67250933419096,2.95298424666823,0.704
"3513",9,20,17,"EQW",1.79894195771502,2.88955050366834,0.522
"3514",9,20,18,"EQW",1.74361414716437,2.87306824968969,0.393
"3515",9,20,19,"EQW",3.57278589629231,3.19650936134735,0.826
"3516",9,20,20,"EQW",2.44736404386811,3.16732147060881,0.303
"3517",9,20,21,"EQW",3.03129522518484,3.09760710251582,0.217
"3518",9,20,22,"EQW",1.43308137836016,2.6812120452896,0.4235
"3519",9,20,23,"EQW",2.58775949634108,2.9862476123136,0.2265
"3520",9,20,24,"EQW",3.48711350154084,3.28396881268978,0.151
"3521",9,20,25,"EQW",1.33171326830794,2.6741199583906,0.5555
"3522",9,20,26,"EQW",1.29038386772562,2.59123607609156,0.4915
"3523",9,20,27,"EQW",1.5115399786033,2.74547306934046,0.6435
"3524",9,20,28,"EQW",1.83798604762177,2.87743719634833,0.3285
"3525",9,20,29,"EQW",1.21395147325105,2.60318466899329,0.5425
"3526",9,20,30,"EQW",4.59592331384366,3.48466645678131,0.093
"3527",9,20,31,"EQW",2.15244488484423,2.79569557160269,0.2265
"3528",9,20,32,"EQW",2.90387782954451,3.05085400069242,0.17
"3529",9,20,33,"EQW",4.75190097178205,3.57624564857693,0.085
"3530",9,20,34,"EQW",1.56132507125743,2.88545539452658,0.4345
"3531",9,20,35,"EQW",1.05867622908517,2.41893568586567,0.4835
"3532",9,20,36,"EQW",1.35903759235861,2.41465984938851,0.2955
"3533",9,20,37,"EQW",0.971356044761385,2.35229959097866,0.548
"3534",9,20,38,"EQW",1.20324794495209,2.38958594146997,0.3205
"3535",9,20,1,"SGP",2.5043841961603,3.32793588235256,0.817
"3536",9,20,2,"SGP",1.59560857031205,2.68045085161805,0.7345
"3537",9,20,3,"SGP",4.01721762922289,3.62586462344789,0.93
"3538",9,20,4,"SGP",1.44967665573387,2.40080477483334,0.734
"3539",9,20,5,"SGP",1.25229815689484,2.30432555354087,0.2895
"3540",9,20,6,"SGP",1.14816761568242,2.31396583427147,0.715
"3541",9,20,7,"SGP",6.18316507907428,5.03923727838044,0.987
"3542",9,20,8,"SGP",5.0260023604369,3.9599668838139,0.9615
"3543",9,20,9,"SGP",4.16728968287671,3.42945441226228,0.9385
"3544",9,20,10,"SGP",1.57417352377874,2.60274692129594,0.6585
"3545",9,20,11,"SGP",10.4619652544644,5.46649592509882,0.01
"3546",9,20,12,"SGP",1.48554023526834,2.68112725860576,0.648
"3547",9,20,13,"SGP",1.66812371010887,2.57300944399014,0.716
"3548",9,20,14,"SGP",4.20677063329461,3.56085567323936,0.927
"3549",9,20,15,"SGP",1.76369276399664,2.66102098907202,0.724
"3550",9,20,16,"SGP",1.11485530442404,2.47256822318618,0.4615
"3551",9,20,17,"SGP",2.05544851812547,2.67463894736127,0.2375
"3552",9,20,18,"SGP",2.53409537131498,2.79375164362803,0.1585
"3553",9,20,19,"SGP",2.30149604521533,2.78525245091208,0.798
"3554",9,20,20,"SGP",5.07385036955811,3.95565553591099,0.0365
"3555",9,20,21,"SGP",4.47271120670302,3.39326524205508,0.0755
"3556",9,20,22,"SGP",1.30373824597728,2.45727215793934,0.3645
"3557",9,20,23,"SGP",3.56347853337768,3.19491916599101,0.097
"3558",9,20,24,"SGP",4.26581315964044,3.49440779433435,0.0675
"3559",9,20,25,"SGP",1.2083202800463,2.48677454160028,0.5825
"3560",9,20,26,"SGP",1.42256945556113,2.61435984752778,0.3175
"3561",9,20,27,"SGP",1.05139068592113,2.42649572500016,0.5065
"3562",9,20,28,"SGP",3.02879564950819,2.98136576792833,0.1385
"3563",9,20,29,"SGP",1.13821319171456,2.40022115382503,0.395
"3564",9,20,30,"SGP",6.64705355520344,4.34766227928424,0.0255
"3565",9,20,31,"SGP",1.09817637183623,2.45296556385478,0.426
"3566",9,20,32,"SGP",1.34756252019756,2.51793636871648,0.366
"3567",9,20,33,"SGP",2.01181475365736,2.67447458836524,0.227
"3568",9,20,34,"SGP",3.59230368793254,3.26798969890337,0.905
"3569",9,20,35,"SGP",1.91841345306182,2.75514988767093,0.7585
"3570",9,20,36,"SGP",1.04554397373725,2.38974451958562,0.44
"3571",9,20,37,"SGP",1.65069731599538,2.60495657250883,0.7375
"3572",9,20,38,"SGP",1.11597874159022,2.47063820059727,0.396
"3573",9,20,1,"SGP50",2.5043841961603,3.25419868723932,0.837
"3574",9,20,2,"SGP50",1.40671924424705,2.673597797455,0.645
"3575",9,20,3,"SGP50",2.95735491225799,3.23594681088051,0.841
"3576",9,20,4,"SGP50",1.53400348120431,2.57680755679347,0.6935
"3577",9,20,5,"SGP50",1.48113144933631,2.52907074407693,0.2915
"3578",9,20,6,"SGP50",1.15907867925923,2.51562466794461,0.625
"3579",9,20,7,"SGP50",5.30329827507319,4.17515470136879,0.9345
"3580",9,20,8,"SGP50",5.57354148597801,3.9714780674215,0.95
"3581",9,20,9,"SGP50",4.85868783066931,3.47763571259802,0.907
"3582",9,20,10,"SGP50",3.00273692653928,2.99891263811339,0.769
"3583",9,20,11,"SGP50",5.8268531396978,3.89506964919642,0.1155
"3584",9,20,12,"SGP50",1.64605051734162,2.80872599185902,0.6065
"3585",9,20,13,"SGP50",2.19662284655201,2.89397645545949,0.745
"3586",9,20,14,"SGP50",5.43394544397217,3.64317692185651,0.922
"3587",9,20,15,"SGP50",3.74433900143432,3.19869446563553,0.8245
"3588",9,20,16,"SGP50",2.19665044225566,2.89057186380111,0.6735
"3589",9,20,17,"SGP50",1.60976437224979,2.87680324769646,0.4635
"3590",9,20,18,"SGP50",1.74248517154415,2.8829199251659,0.351
"3591",9,20,19,"SGP50",3.35667247833687,3.04220198731664,0.8355
"3592",9,20,20,"SGP50",2.83245499898071,3.23124210809002,0.248
"3593",9,20,21,"SGP50",3.22477868168793,3.14480229951954,0.179
"3594",9,20,22,"SGP50",1.3336960085278,2.59029243488965,0.4095
"3595",9,20,23,"SGP50",2.71222523060921,3.01280174177787,0.2065
"3596",9,20,24,"SGP50",3.53386042000142,3.17282897543919,0.1365
"3597",9,20,25,"SGP50",1.28369540237283,2.59196205974805,0.5645
"3598",9,20,26,"SGP50",1.25851615306239,2.61239010239143,0.428
"3599",9,20,27,"SGP50",1.32515195362836,2.60167814977205,0.5725
"3600",9,20,28,"SGP50",2.17876818117391,2.92602492456377,0.275
"3601",9,20,29,"SGP50",1.1576459021099,2.52447404017246,0.4885
"3602",9,20,30,"SGP50",5.21757868680183,3.68780574609332,0.0645
"3603",9,20,31,"SGP50",1.9393819529603,2.68658454112941,0.261
"3604",9,20,32,"SGP50",2.58386376983041,2.95019743415666,0.182
"3605",9,20,33,"SGP50",4.17398147963118,3.39396168599622,0.096
"3606",9,20,34,"SGP50",1.55385744495401,2.87316473748293,0.545
"3607",9,20,35,"SGP50",1.11116199945363,2.50006770199473,0.5415
"3608",9,20,36,"SGP50",1.35591961048452,2.48082111191685,0.317
"3609",9,20,37,"SGP50",1.03733149970751,2.43683119058167,0.545
"3610",9,20,38,"SGP50",1.25750462300723,2.39654602401933,0.2985
"3611",9,21,1,"BMA",5.60296522132673,3.74259520361199,0.8055
"3612",9,21,2,"BMA",3.36500803083967,3.46531445959343,0.654
"3613",9,21,3,"BMA",8.1623446345962,4.24716598724435,0.8715
"3614",9,21,4,"BMA",3.74619997047559,3.63332894856976,0.629
"3615",9,21,5,"BMA",6.2014126781616,3.97769069088614,0.2135
"3616",9,21,6,"BMA",3.21823640076774,3.51689035050455,0.5265
"3617",9,21,7,"BMA",3.23304360387813,3.41669575049934,0.55
"3618",9,21,8,"BMA",3.10937969068079,3.24396205481869,0.6125
"3619",9,21,9,"BMA",10.1504579419973,4.76040878752642,0.088
"3620",9,21,10,"BMA",3.75474489487973,3.55946129577606,0.2895
"3621",9,21,11,"BMA",3.24504869009927,3.28477141870746,0.6725
"3622",9,21,12,"BMA",3.60647479876941,3.30289492295937,0.7405
"3623",9,21,13,"BMA",4.13131392512251,3.41405807953758,0.7865
"3624",9,21,14,"BMA",2.27773979011386,3.11285699376598,0.3915
"3625",9,21,15,"BMA",9.22233507829324,4.44477707725195,0.0415
"3626",9,21,16,"BMA",3.14128709360113,3.31887965494369,0.268
"3627",9,21,17,"BMA",2.10484853673181,3.04529735416485,0.401
"3628",9,21,18,"BMA",1.82954519857927,2.95940885774705,0.555
"3629",9,21,19,"BMA",3.42298786132379,3.17198059137702,0.217
"3630",9,21,20,"BMA",1.6436689693245,2.84664122404052,0.416
"3631",9,21,21,"BMA",1.53338989341304,2.76753044345236,0.43
"3632",9,21,22,"BMA",2.45023243524263,2.97477934641439,0.221
"3633",9,21,23,"BMA",3.70186077704818,3.17015128298295,0.1265
"3634",9,21,24,"BMA",5.17035166139954,3.79515540653446,0.054
"3635",9,21,25,"BMA",3.07421725694705,2.95767982207486,0.142
"3636",9,21,26,"BMA",5.85823199151016,4.10996206902574,0.042
"3637",9,21,27,"BMA",2.17987475516358,2.95923213362243,0.223
"3638",9,21,28,"BMA",5.79298936191847,4.12284721505958,0.0465
"3639",9,21,29,"BMA",2.02204244436294,2.99181986897826,0.301
"3640",9,21,30,"BMA",3.26861066268639,3.23065698118857,0.1685
"3641",9,21,31,"BMA",1.66064381252661,2.93860802416086,0.439
"3642",9,21,32,"BMA",1.86257672983871,2.94976351750221,0.3255
"3643",9,21,33,"BMA",1.40783112321736,2.813184785605,0.4735
"3644",9,21,34,"BMA",1.83704973098699,2.87757536306962,0.2815
"3645",9,21,35,"BMA",1.34261491588563,2.60796717159808,0.405
"3646",9,21,36,"BMA",1.86034430778203,3.08460189226815,0.2955
"3647",9,21,37,"BMA",1.34433101000658,2.73834963416356,0.6365
"3648",9,21,38,"BMA",1.06497781591606,2.52155571286352,0.497
"3649",9,21,1,"AVS",5.60296522132673,3.79445733645532,0.799
"3650",9,21,2,"AVS",2.90755056130451,3.37837818046921,0.517
"3651",9,21,3,"AVS",9.43339677531301,4.41325624985517,0.8955
"3652",9,21,4,"AVS",3.46046298513182,3.58807703265659,0.5315
"3653",9,21,5,"AVS",9.95207687411746,4.2449815938845,0.0995
"3654",9,21,6,"AVS",3.44652817350368,3.48142690723478,0.5055
"3655",9,21,7,"AVS",2.37879238884632,3.17230983637436,0.418
"3656",9,21,8,"AVS",1.50186178846618,2.71479048875951,0.416
"3657",9,21,9,"AVS",13.5583361978086,8.49900256732901,0
"3658",9,21,10,"AVS",3.93761686085262,3.67665560246481,0.268
"3659",9,21,11,"AVS",3.03114000953835,3.2256341373708,0.6405
"3660",9,21,12,"AVS",4.21434076814769,3.41633814625436,0.7765
"3661",9,21,13,"AVS",5.30705384604262,3.60996548215256,0.847
"3662",9,21,14,"AVS",2.01507568216295,3.10870096475678,0.414
"3663",9,21,15,"AVS",9.01270679624087,4.46484857063126,0.0395
"3664",9,21,16,"AVS",4.19202575414122,3.40049316566631,0.1855
"3665",9,21,17,"AVS",2.07472301945826,2.98530402291248,0.385
"3666",9,21,18,"AVS",1.7769482852049,2.95857450220417,0.5845
"3667",9,21,19,"AVS",2.99007791059994,3.18112634901769,0.234
"3668",9,21,20,"AVS",1.50501261221932,2.70470203899855,0.456
"3669",9,21,21,"AVS",1.34523067314721,2.70000261255209,0.4615
"3670",9,21,22,"AVS",2.21427854026696,2.85629564595461,0.2435
"3671",9,21,23,"AVS",3.66687193114958,3.23460314263057,0.1095
"3672",9,21,24,"AVS",5.3173421410925,3.72445684768013,0.051
"3673",9,21,25,"AVS",3.29730237457275,3.04759513005652,0.101
"3674",9,21,26,"AVS",6.10237981440772,4.28832428390828,0.0265
"3675",9,21,27,"AVS",2.55974590385825,2.89101199224485,0.144
"3676",9,21,28,"AVS",6.18185600775523,4.44620047449044,0.017
"3677",9,21,29,"AVS",2.63667959624145,2.92549387931316,0.177
"3678",9,21,30,"AVS",3.48133282073439,3.44676310396707,0.1535
"3679",9,21,31,"AVS",1.68802456275051,2.88062614652485,0.529
"3680",9,21,32,"AVS",1.6111604632855,2.82565169723899,0.4105
"3681",9,21,33,"AVS",1.52636761936375,2.78411548710566,0.583
"3682",9,21,34,"AVS",1.47931046982822,2.74027395634736,0.428
"3683",9,21,35,"AVS",1.37162085961726,2.65523013545962,0.566
"3684",9,21,36,"AVS",1.33686467434623,2.69898859536541,0.4225
"3685",9,21,37,"AVS",1.55092204466928,2.83841335159989,0.725
"3686",9,21,38,"AVS",1.11671740706093,2.74831124179054,0.565
"3687",9,21,1,"EQW",5.60296522132673,3.78076373117678,0.8135
"3688",9,21,2,"EQW",3.55385882893896,3.53232799751841,0.6745
"3689",9,21,3,"EQW",7.9830038403969,4.20559145936585,0.8725
"3690",9,21,4,"EQW",3.74517260029524,3.41165892921768,0.6905
"3691",9,21,5,"EQW",4.15107789769852,3.78177976322557,0.3215
"3692",9,21,6,"EQW",2.91138475804294,3.33144089516227,0.5425
"3693",9,21,7,"EQW",3.30321093087185,3.41336461709435,0.5915
"3694",9,21,8,"EQW",4.95367521691063,3.55832639501974,0.747
"3695",9,21,9,"EQW",4.21236243852008,3.77291050041353,0.3545
"3696",9,21,10,"EQW",4.12235925460241,3.69841929762085,0.334
"3697",9,21,11,"EQW",5.2647399583758,3.61578492425187,0.81
"3698",9,21,12,"EQW",4.6351603847797,3.50814924364769,0.717
"3699",9,21,13,"EQW",5.72107761644811,3.55793706005865,0.7685
"3700",9,21,14,"EQW",3.61320016029261,3.51998652475418,0.4595
"3701",9,21,15,"EQW",6.06642792756235,4.36241568658739,0.252
"3702",9,21,16,"EQW",4.13161260935562,3.71647104869745,0.611
"3703",9,21,17,"EQW",3.11630448502438,3.36996195845663,0.597
"3704",9,21,18,"EQW",3.73398684637202,3.30190305873754,0.6915
"3705",9,21,19,"EQW",3.35085093872817,3.43130153186001,0.38
"3706",9,21,20,"EQW",2.96273300609766,3.18283729507731,0.6055
"3707",9,21,21,"EQW",2.66392570094657,3.13352055577013,0.553
"3708",9,21,22,"EQW",2.61281443906666,3.20483857888706,0.4115
"3709",9,21,23,"EQW",2.65054847425851,3.3383085092632,0.4035
"3710",9,21,24,"EQW",2.69693406833646,3.40129214730141,0.3645
"3711",9,21,25,"EQW",2.0901393657614,3.11645182778296,0.4795
"3712",9,21,26,"EQW",3.30265632907896,3.46127451839546,0.268
"3713",9,21,27,"EQW",1.92351489971225,3.08875519331928,0.5285
"3714",9,21,28,"EQW",3.67060646442358,3.43410454105708,0.223
"3715",9,21,29,"EQW",1.72903216380603,3.02298806732404,0.46
"3716",9,21,30,"EQW",2.19916831341451,3.03377825840304,0.292
"3717",9,21,31,"EQW",1.47151112865752,2.79756405231398,0.4505
"3718",9,21,32,"EQW",1.57361827210585,2.7533133598131,0.3575
"3719",9,21,33,"EQW",1.25485027693952,2.61935958494174,0.4525
"3720",9,21,34,"EQW",1.60873516632755,2.65740408877789,0.2855
"3721",9,21,35,"EQW",1.24587585527598,2.4821079132322,0.3695
"3722",9,21,36,"EQW",1.9334582687534,2.84357441414565,0.243
"3723",9,21,37,"EQW",0.928348144232543,2.27779031374624,0.443
"3724",9,21,38,"EQW",0.837930730595138,2.13467133158452,0.448
"3725",9,21,1,"SGP",5.60296522132673,3.7280120206997,0.775
"3726",9,21,2,"SGP",4.61399550173937,3.48472838161521,0.796
"3727",9,21,3,"SGP",10.232314175769,4.7773174946063,0.971
"3728",9,21,4,"SGP",1.88877090277062,2.7996329752658,0.663
"3729",9,21,5,"SGP",6.13148867420888,4.00610683873512,0.074
"3730",9,21,6,"SGP",1.81482557155629,2.86404123576805,0.378
"3731",9,21,7,"SGP",2.38991515584013,2.96374435280576,0.241
"3732",9,21,8,"SGP",1.44483814196058,2.65926819238086,0.3995
"3733",9,21,9,"SGP",13.1710207499894,6.41438429988132,0.015
"3734",9,21,10,"SGP",10.4058228614384,4.98270748851649,0.0195
"3735",9,21,11,"SGP",7.37550001333307,4.08241542986575,0.9235
"3736",9,21,12,"SGP",1.88981777454848,3.01443938099758,0.506
"3737",9,21,13,"SGP",1.96923191169773,2.95483408248749,0.574
"3738",9,21,14,"SGP",5.44460224550825,3.63280004267056,0.0985
"3739",9,21,15,"SGP",9.07594385287456,4.34563338434842,0.035
"3740",9,21,16,"SGP",7.83172512221478,4.1341123688735,0.932
"3741",9,21,17,"SGP",2.06338893326207,3.02603595878675,0.6475
"3742",9,21,18,"SGP",2.31090680530544,2.98271856354929,0.6835
"3743",9,21,19,"SGP",4.35765993644192,3.37453166594271,0.1645
"3744",9,21,20,"SGP",2.07295799307635,3.02279428546873,0.6755
"3745",9,21,21,"SGP",1.59672731037702,2.85955709593546,0.508
"3746",9,21,22,"SGP",2.14510678358804,2.9290709563334,0.3215
"3747",9,21,23,"SGP",1.93824764849559,2.88716212963465,0.3965
"3748",9,21,24,"SGP",1.57952382581356,2.80472379368516,0.4315
"3749",9,21,25,"SGP",1.59707289283608,2.78421195838513,0.6175
"3750",9,21,26,"SGP",3.47785645657925,3.25270834392603,0.169
"3751",9,21,27,"SGP",2.30129860658093,2.893448124208,0.724
"3752",9,21,28,"SGP",4.40063318182048,3.4961378767314,0.1205
"3753",9,21,29,"SGP",2.32015238590027,2.9468334603733,0.719
"3754",9,21,30,"SGP",1.51009716086676,2.73088804081695,0.4105
"3755",9,21,31,"SGP",2.0547473226295,2.8934889288476,0.708
"3756",9,21,32,"SGP",1.28259708702899,2.70126795965367,0.535
"3757",9,21,33,"SGP",1.64284435862878,2.77095166021678,0.6425
"3758",9,21,34,"SGP",1.27185429970373,2.6925994796835,0.479
"3759",9,21,35,"SGP",1.37621126198854,2.64021885740682,0.565
"3760",9,21,36,"SGP",1.28775908037373,2.70864193236556,0.4465
"3761",9,21,37,"SGP",1.5599398055956,2.67284976007969,0.7255
"3762",9,21,38,"SGP",1.08485506688065,2.584172406421,0.578
"3763",9,21,1,"SGP50",5.60296522132673,3.72225470571474,0.7825
"3764",9,21,2,"SGP50",3.58609701297975,3.44832356381026,0.6795
"3765",9,21,3,"SGP50",8.14001852953468,4.35608995347946,0.88
"3766",9,21,4,"SGP50",3.70074453652322,3.36770274889146,0.694
"3767",9,21,5,"SGP50",4.16878487755138,3.64425468001987,0.2985
"3768",9,21,6,"SGP50",2.75186971289301,3.36056758528355,0.561
"3769",9,21,7,"SGP50",2.95520070199804,3.35740689239325,0.564
"3770",9,21,8,"SGP50",4.01453598800062,3.35883527941862,0.6965
"3771",9,21,9,"SGP50",5.19757110820493,3.88128481991622,0.284
"3772",9,21,10,"SGP50",4.91633092591505,3.74595451200655,0.2495
"3773",9,21,11,"SGP50",5.20992155896594,3.61160586327786,0.811
"3774",9,21,12,"SGP50",3.66549970582535,3.34650978437864,0.689
"3775",9,21,13,"SGP50",4.17630032744886,3.42664229096554,0.7395
"3776",9,21,14,"SGP50",3.32839393558304,3.49401680330825,0.356
"3777",9,21,15,"SGP50",7.38080934052158,4.38044655444889,0.1385
"3778",9,21,16,"SGP50",3.78399172091274,3.60818310083855,0.6195
"3779",9,21,17,"SGP50",2.27413363737704,3.17399982898081,0.561
"3780",9,21,18,"SGP50",2.51284133804447,3.08286814879035,0.64
"3781",9,21,19,"SGP50",3.63549718436278,3.44677562049831,0.242
"3782",9,21,20,"SGP50",2.06388438134367,3.0376340050553,0.5795
"3783",9,21,21,"SGP50",1.88518519050098,2.99756214297606,0.4735
"3784",9,21,22,"SGP50",2.47926739253434,3.05657987017236,0.33
"3785",9,21,23,"SGP50",2.59025445232249,3.22672639068619,0.2965
"3786",9,21,24,"SGP50",2.68552581676621,3.16829917092242,0.2735
"3787",9,21,25,"SGP50",1.80706795702216,3.00544591795303,0.452
"3788",9,21,26,"SGP50",4.0148557250936,3.46448177330491,0.1645
"3789",9,21,27,"SGP50",1.76030473728566,2.99159947231118,0.518
"3790",9,21,28,"SGP50",4.50435847486912,3.53450115020562,0.1455
"3791",9,21,29,"SGP50",1.7358552335935,2.98611830678372,0.486
"3792",9,21,30,"SGP50",2.28823903019504,3.06423576995607,0.2825
"3793",9,21,31,"SGP50",1.54294058323587,2.81151037190223,0.484
"3794",9,21,32,"SGP50",1.60613854074071,2.85252908369919,0.364
"3795",9,21,33,"SGP50",1.31445431491643,2.68176933684091,0.45
"3796",9,21,34,"SGP50",1.65401253558452,2.77296023419082,0.307
"3797",9,21,35,"SGP50",1.28093566248842,2.6071266122506,0.3995
"3798",9,21,36,"SGP50",1.84795815924223,2.90697787598669,0.2895
"3799",9,21,37,"SGP50",1.00883229978667,2.4615885817086,0.4955
"3800",9,21,38,"SGP50",0.89757511840238,2.17872832046795,0.4585
"3801",9,22,1,"BMA",4.32251654192527,3.70432012336332,0.8765
"3802",9,22,2,"BMA",1.84036166833333,2.99025384135177,0.55
"3803",9,22,3,"BMA",2.4418964328049,2.93399434221587,0.274
"3804",9,22,4,"BMA",2.04112603499451,3.02473550554895,0.701
"3805",9,22,5,"BMA",5.36405527730424,3.82838980716673,0.905
"3806",9,22,6,"BMA",6.33983928988803,3.85446591121447,0.892
"3807",9,22,7,"BMA",4.37739770556294,3.47924456066503,0.79
"3808",9,22,8,"BMA",3.16635562776664,3.29212257096733,0.7295
"3809",9,22,9,"BMA",9.68711074444802,4.56252216419651,0.951
"3810",9,22,10,"BMA",8.58960719776409,4.18957036413949,0.9125
"3811",9,22,11,"BMA",17.9081576977647,5.52015014497433,0.984
"3812",9,22,12,"BMA",24.0218251329311,6.06517169913358,0.993
"3813",9,22,13,"BMA",14.0691980220297,4.37357238979373,0.128
"3814",9,22,14,"BMA",3.45047399088221,3.64497325658641,0.472
"3815",9,22,15,"BMA",10.2177506417088,4.57817420794614,0.189
"3816",9,22,16,"BMA",8.59867055641767,4.04742196232172,0.6915
"3817",9,22,17,"BMA",4.65336057087999,3.6882740430492,0.6555
"3818",9,22,18,"BMA",9.91020678417698,4.12236309354963,0.898
"3819",9,22,19,"BMA",3.23040551438593,3.34406102607966,0.681
"3820",9,22,20,"BMA",2.89452333068219,3.30201026273765,0.6265
"3821",9,22,21,"BMA",7.81144445212767,3.93271025173999,0.8915
"3822",9,22,22,"BMA",4.46493059738344,3.51399593923594,0.7795
"3823",9,22,23,"BMA",5.92718633070639,3.76583347213285,0.869
"3824",9,22,24,"BMA",4.43627804440658,3.52038143541996,0.2065
"3825",9,22,25,"BMA",6.76060840635312,3.97785127911773,0.113
"3826",9,22,26,"BMA",20.0258013927564,6.9276438844137,0.0015
"3827",9,22,27,"BMA",18.5437722622861,5.66934201602401,0.016
"3828",9,22,28,"BMA",15.7536232318982,5.1142616350255,0.033
"3829",9,22,29,"BMA",3.32911214247378,3.45577586613262,0.365
"3830",9,22,30,"BMA",7.40328544384836,3.96828548055932,0.1345
"3831",9,22,31,"BMA",3.37963658643684,3.35169126710126,0.305
"3832",9,22,32,"BMA",5.53026604728441,3.60996211416423,0.141
"3833",9,22,33,"BMA",6.7001780088042,3.92346850928548,0.1195
"3834",9,22,34,"BMA",3.20508197999881,3.350080626438,0.3205
"3835",9,22,35,"BMA",5.35387990775267,3.57696245197368,0.172
"3836",9,22,36,"BMA",2.4709096597453,3.18934198153889,0.437
"3837",9,22,37,"BMA",2.73141933738391,3.24586313994667,0.3365
"3838",9,22,38,"BMA",1.9568999511111,3.06465136821281,0.503
"3839",9,22,1,"AVS",4.32251654192527,3.87788778870677,0.8705
"3840",9,22,2,"AVS",1.98757367809357,2.95782635296103,0.4095
"3841",9,22,3,"AVS",3.59241192862511,3.123449002107,0.185
"3842",9,22,4,"AVS",2.0492047659363,2.92624904552093,0.7195
"3843",9,22,5,"AVS",4.72443244968788,3.62835106545189,0.857
"3844",9,22,6,"AVS",6.65100871136036,3.99485307287273,0.892
"3845",9,22,7,"AVS",5.15332279584845,3.67418870580287,0.833
"3846",9,22,8,"AVS",3.14831343601368,3.15986662450862,0.77
"3847",9,22,9,"AVS",9.82402718477091,5.15708625568335,0.9745
"3848",9,22,10,"AVS",6.2732525022257,3.83633608624568,0.8475
"3849",9,22,11,"AVS",11.1225359626634,5.66811294662125,0.992
"3850",9,22,12,"AVS",4.17971046539418,3.31467283133816,0.862
"3851",9,22,13,"AVS",37.5036488570783,127.614426514868,0
"3852",9,22,14,"AVS",3.41828162883284,3.64176410753744,0.4915
"3853",9,22,15,"AVS",10.7647713632793,4.6545557919659,0.1625
"3854",9,22,16,"AVS",8.60762428667934,4.03667265928019,0.6845
"3855",9,22,17,"AVS",4.62215111024756,3.67085257394973,0.656
"3856",9,22,18,"AVS",9.54221081879371,4.13685548645553,0.902
"3857",9,22,19,"AVS",3.65611281597634,3.56541399706984,0.2995
"3858",9,22,20,"AVS",2.54143037054462,3.30667298573971,0.4945
"3859",9,22,21,"AVS",5.16708432360357,3.67458344578513,0.81
"3860",9,22,22,"AVS",2.68681328657241,3.36810771908531,0.409
"3861",9,22,23,"AVS",2.76359182247251,3.34095317147811,0.621
"3862",9,22,24,"AVS",11.0354443119478,4.39987634406955,0.0535
"3863",9,22,25,"AVS",3.30190731340484,3.34438384888715,0.3205
"3864",9,22,26,"AVS",12.282467800123,4.72541484384431,0.052
"3865",9,22,27,"AVS",6.32185815429856,3.68362797160062,0.168
"3866",9,22,28,"AVS",8.44499112889921,4.0050554373596,0.105
"3867",9,22,29,"AVS",2.40011357259326,3.28961661602754,0.496
"3868",9,22,30,"AVS",7.1501308259011,3.92052440141494,0.14
"3869",9,22,31,"AVS",2.87198476681001,3.35888712871623,0.3705
"3870",9,22,32,"AVS",5.19466632638055,3.59919295669636,0.1925
"3871",9,22,33,"AVS",5.33351487098135,3.66984505458412,0.207
"3872",9,22,34,"AVS",2.63630575737499,3.26082586239056,0.428
"3873",9,22,35,"AVS",4.61872997469283,3.44439606853334,0.2395
"3874",9,22,36,"AVS",2.47624942793147,3.27566358178696,0.4925
"3875",9,22,37,"AVS",2.67776669584872,3.30029220149676,0.3765
"3876",9,22,38,"AVS",2.38276296564999,3.31367814532605,0.569
"3877",9,22,1,"EQW",4.32251654192527,3.82693369715027,0.8785
"3878",9,22,2,"EQW",2.43176092969069,3.02953997605005,0.705
"3879",9,22,3,"EQW",1.65596341271013,2.75388664318189,0.341
"3880",9,22,4,"EQW",2.36114378452227,3.06789916194737,0.7455
"3881",9,22,5,"EQW",5.82133225582992,4.08999861882909,0.9345
"3882",9,22,6,"EQW",5.64212558223635,3.80178533256514,0.916
"3883",9,22,7,"EQW",3.17714855545015,3.25306662858114,0.7825
"3884",9,22,8,"EQW",2.08295021958079,3.07093061514856,0.626
"3885",9,22,9,"EQW",8.56693013567487,4.59150300957183,0.9485
"3886",9,22,10,"EQW",5.18777206310837,3.60552688103565,0.7485
"3887",9,22,11,"EQW",16.2327816289297,6.00230689540985,0.994
"3888",9,22,12,"EQW",18.6986970317589,4.77288334243141,0.9695
"3889",9,22,13,"EQW",8.60743671060472,4.30933734579374,0.286
"3890",9,22,14,"EQW",4.20744455157149,3.7061915019406,0.629
"3891",9,22,15,"EQW",12.3699092456281,4.83556913476124,0.0955
"3892",9,22,16,"EQW",3.80851448469885,3.62241052388835,0.5005
"3893",9,22,17,"EQW",3.39873708745805,3.60547771198848,0.459
"3894",9,22,18,"EQW",5.58423223523732,3.73134046732516,0.788
"3895",9,22,19,"EQW",3.28686175512959,3.53701969616672,0.419
"3896",9,22,20,"EQW",2.86536846688921,3.43581818028573,0.485
"3897",9,22,21,"EQW",5.63096699221228,3.6876888317626,0.794
"3898",9,22,22,"EQW",3.4307265969477,3.59741232554842,0.569
"3899",9,22,23,"EQW",4.5179601230706,3.56988671224534,0.718
"3900",9,22,24,"EQW",6.42592339329821,3.98422972537262,0.2345
"3901",9,22,25,"EQW",3.79986647336673,3.58592688535083,0.3265
"3902",9,22,26,"EQW",12.2663139787527,4.68158159654037,0.074
"3903",9,22,27,"EQW",8.74097836379144,4.08966066735262,0.112
"3904",9,22,28,"EQW",10.823387234956,4.54651988129625,0.0725
"3905",9,22,29,"EQW",3.33579377215137,3.60760887879828,0.4495
"3906",9,22,30,"EQW",6.30426498435949,3.82147056148625,0.1755
"3907",9,22,31,"EQW",3.20547833855357,3.35158148249402,0.3175
"3908",9,22,32,"EQW",4.53438081686839,3.5027236523608,0.2455
"3909",9,22,33,"EQW",5.98275199759242,3.74060856023706,0.15
"3910",9,22,34,"EQW",2.93250177820741,3.34379128412145,0.369
"3911",9,22,35,"EQW",4.73508942969544,3.51646430984083,0.2005
"3912",9,22,36,"EQW",2.30977818524241,3.1459509570937,0.396
"3913",9,22,37,"EQW",2.32167319788888,3.04009764241861,0.3515
"3914",9,22,38,"EQW",1.69628880379736,2.91387194363917,0.509
"3915",9,22,1,"SGP",4.32251654192527,3.98735742328054,0.8695
"3916",9,22,2,"SGP",2.77398701006628,3.1271687573512,0.772
"3917",9,22,3,"SGP",1.35057429098033,2.5836247326278,0.34
"3918",9,22,4,"SGP",3.03271960043458,3.00357458266734,0.8655
"3919",9,22,5,"SGP",6.73997552895556,4.7514200655336,0.9825
"3920",9,22,6,"SGP",5.35525986484892,3.79397822378,0.944
"3921",9,22,7,"SGP",2.9819072969479,3.10143756646138,0.823
"3922",9,22,8,"SGP",1.96037387207728,2.85115087870133,0.699
"3923",9,22,9,"SGP",9.61380219368726,5.28662384786995,0.9865
"3924",9,22,10,"SGP",1.90668948252111,2.96016032623506,0.456
"3925",9,22,11,"SGP",10.4012361272676,6.11726272255882,0.996
"3926",9,22,12,"SGP",4.41201961868186,3.29367221834738,0.869
"3927",9,22,13,"SGP",36.4469147483747,8.21849825252785,0.007
"3928",9,22,14,"SGP",5.8443075246969,3.6582327291288,0.8085
"3929",9,22,15,"SGP",11.5336631582061,4.45107870430448,0.0575
"3930",9,22,16,"SGP",2.99566537458933,3.38843483279734,0.592
"3931",9,22,17,"SGP",2.54223021581495,3.35167649483662,0.5155
"3932",9,22,18,"SGP",3.39272114435817,3.49955787596772,0.702
"3933",9,22,19,"SGP",5.99745010674988,3.77715194674505,0.165
"3934",9,22,20,"SGP",2.54359393703844,3.30945918362438,0.452
"3935",9,22,21,"SGP",4.72115892267616,3.58980834507451,0.772
"3936",9,22,22,"SGP",2.62982002367921,3.37665776938669,0.444
"3937",9,22,23,"SGP",2.80642016069467,3.3418699858533,0.647
"3938",9,22,24,"SGP",12.9808748966058,5.01593181650712,0.032
"3939",9,22,25,"SGP",3.19629362059246,3.33143962975584,0.327
"3940",9,22,26,"SGP",15.0938410213252,5.26879032837866,0.021
"3941",9,22,27,"SGP",6.38275863229887,3.71727439381004,0.1505
"3942",9,22,28,"SGP",8.48360531877287,4.12159197304123,0.0955
"3943",9,22,29,"SGP",2.42788647975075,3.30350512030162,0.512
"3944",9,22,30,"SGP",7.08856047598645,3.95841096486493,0.1295
"3945",9,22,31,"SGP",2.86855299340396,3.27010604766236,0.3795
"3946",9,22,32,"SGP",5.14195472784904,3.66368650814058,0.2135
"3947",9,22,33,"SGP",5.31631392168684,3.64373049976552,0.206
"3948",9,22,34,"SGP",2.63960675708167,3.23634268119114,0.419
"3949",9,22,35,"SGP",4.59517332875724,3.45952370920523,0.2385
"3950",9,22,36,"SGP",2.77979264463902,3.1764588221612,0.6645
"3951",9,22,37,"SGP",2.40376675762419,3.17725262749033,0.576
"3952",9,22,38,"SGP",2.24548060955874,3.24062526345937,0.585
"3953",9,22,1,"SGP50",4.32251654192527,3.81595408004053,0.887
"3954",9,22,2,"SGP50",2.44381169101004,3.06913950400101,0.722
"3955",9,22,3,"SGP50",1.632788549781,2.71473220268982,0.3495
"3956",9,22,4,"SGP50",2.40975404162022,3.09894801004343,0.768
"3957",9,22,5,"SGP50",5.89940430307672,4.14118420656553,0.9385
"3958",9,22,6,"SGP50",5.60633456379296,3.80832516903398,0.909
"3959",9,22,7,"SGP50",3.12532918606867,3.1631520060631,0.766
"3960",9,22,8,"SGP50",2.00952538406936,3.0513004890958,0.5955
"3961",9,22,9,"SGP50",8.56695510587031,4.52576686150815,0.9545
"3962",9,22,10,"SGP50",4.74958853643394,3.58424615955374,0.745
"3963",9,22,11,"SGP50",15.6449523039919,5.82519904807692,0.9905
"3964",9,22,12,"SGP50",16.5476054488366,4.45305540840716,0.955
"3965",9,22,13,"SGP50",10.937940935376,4.30518497464397,0.218
"3966",9,22,14,"SGP50",3.96763694209235,3.62418578268992,0.6615
"3967",9,22,15,"SGP50",13.0271593529603,4.63863487931093,0.0985
"3968",9,22,16,"SGP50",3.52143837753261,3.61853487114134,0.5215
"3969",9,22,17,"SGP50",3.14538481896291,3.56817317318834,0.456
"3970",9,22,18,"SGP50",5.33129186553434,3.67325756900715,0.774
"3971",9,22,19,"SGP50",3.51740397835276,3.54980552276155,0.3635
"3972",9,22,20,"SGP50",2.78412532402888,3.39194970211599,0.4705
"3973",9,22,21,"SGP50",4.85671992070074,3.58947104331321,0.775
"3974",9,22,22,"SGP50",2.98915550537364,3.51390495801937,0.4775
"3975",9,22,23,"SGP50",3.43200244791174,3.50561646695929,0.661
"3976",9,22,24,"SGP50",8.5939564574313,4.11301615814443,0.1385
"3977",9,22,25,"SGP50",3.97181947352699,3.6012085943271,0.282
"3978",9,22,26,"SGP50",13.3960908584552,4.76653586229484,0.053
"3979",9,22,27,"SGP50",8.18066361734021,3.93380026955018,0.1385
"3980",9,22,28,"SGP50",9.93995333230009,4.2414988685586,0.0905
"3981",9,22,29,"SGP50",3.23845867539205,3.62604415027461,0.517
"3982",9,22,30,"SGP50",5.82560295911094,3.74754394691547,0.182
"3983",9,22,31,"SGP50",2.8761493392744,3.36753013991743,0.384
"3984",9,22,32,"SGP50",4.0954080667049,3.40774019675727,0.2785
"3985",9,22,33,"SGP50",5.1777548456675,3.72799413335407,0.179
"3986",9,22,34,"SGP50",2.66663263589749,3.34369341745596,0.4415
"3987",9,22,35,"SGP50",4.12056102309833,3.40881235341766,0.2355
"3988",9,22,36,"SGP50",2.24692357554886,3.24379782567302,0.449
"3989",9,22,37,"SGP50",2.28299482946228,3.15888926565635,0.402
"3990",9,22,38,"SGP50",1.89040684235962,2.98938256282765,0.5415
"3991",9,23,1,"BMA",2.92160616537143,3.41912941976064,0.9045
"3992",9,23,2,"BMA",1.14163652201376,2.40409237089026,0.369
"3993",9,23,3,"BMA",0.892367341821347,2.24568067955027,0.53
"3994",9,23,4,"BMA",0.853870371446241,2.14068377856891,0.4185
"3995",9,23,5,"BMA",0.969041278573857,2.09506971314656,0.3055
"3996",9,23,6,"BMA",2.27138592290981,2.78438299427963,0.0715
"3997",9,23,7,"BMA",3.15515766151798,3.51411177250986,0.0225
"3998",9,23,8,"BMA",0.646443509798303,1.8793301009038,0.447
"3999",9,23,9,"BMA",0.7526041753418,1.9035729313366,0.3065
"4000",9,23,10,"BMA",1.97959472707592,2.72059126486267,0.083
"4001",9,23,11,"BMA",0.468478554422647,1.70110425410189,0.49
"4002",9,23,12,"BMA",0.602903710217217,1.83421540990827,0.6665
"4003",9,23,13,"BMA",0.48308033427929,1.69942006898863,0.5085
"4004",9,23,14,"BMA",0.616006968841973,1.69971784608561,0.3275
"4005",9,23,15,"BMA",0.405781176535094,1.61690726919475,0.4995
"4006",9,23,16,"BMA",0.565197770382728,1.67857620742691,0.6965
"4007",9,23,17,"BMA",0.612829432442264,1.66309835525308,0.6985
"4008",9,23,18,"BMA",0.715094470582985,1.76842448615582,0.749
"4009",9,23,19,"BMA",1.28339450600538,2.10482408233841,0.873
"4010",9,23,20,"BMA",0.41557008319836,1.50285354436512,0.5095
"4011",9,23,21,"BMA",0.611280444492246,1.65540334595479,0.2855
"4012",9,23,22,"BMA",0.650975815154571,1.60065921902799,0.289
"4013",9,23,23,"BMA",2.07557642067679,2.95391780939139,0.9525
"4014",9,23,24,"BMA",1.21341693664921,2.06496880353859,0.849
"4015",9,23,25,"BMA",0.438019363618979,1.62633803341217,0.4985
"4016",9,23,26,"BMA",1.23294857493367,2.14683469838877,0.121
"4017",9,23,27,"BMA",0.648540225261708,1.60809033988575,0.296
"4018",9,23,28,"BMA",1.21028803726413,2.0217223345192,0.8705
"4019",9,23,29,"BMA",1.21647360819074,2.09331713488185,0.128
"4020",9,23,30,"BMA",1.20134157008732,2.13850417227348,0.859
"4021",9,23,31,"BMA",0.421049572306149,1.52923680659623,0.5115
"4022",9,23,32,"BMA",0.6294798676772,1.70360555517919,0.2785
"4023",9,23,33,"BMA",0.644169591594156,1.68301922157368,0.2835
"4024",9,23,34,"BMA",0.396254955094941,1.35304081085972,0.517
"4025",9,23,35,"BMA",2.11998300664114,3.02686079564167,0.0395
"4026",9,23,36,"BMA",0.420597072772181,1.4767260050821,0.485
"4027",9,23,37,"BMA",0.630565766958391,1.68448769143381,0.7045
"4028",9,23,38,"BMA",2.05990202575406,2.88452223081257,0.953
"4029",9,23,1,"AVS",2.92160616537143,3.54496639013138,0.912
"4030",9,23,2,"AVS",1.22455147899468,2.42804200916465,0.3455
"4031",9,23,3,"AVS",0.909505673594069,2.23246168170525,0.49
"4032",9,23,4,"AVS",0.930116697611024,2.09974886099749,0.3995
"4033",9,23,5,"AVS",0.955609946094212,2.09404822539989,0.289
"4034",9,23,6,"AVS",2.15287621263799,2.68693529673509,0.0775
"4035",9,23,7,"AVS",2.98071681074873,3.51190319982162,0.0295
"4036",9,23,8,"AVS",0.620955780713386,1.89049108719711,0.459
"4037",9,23,9,"AVS",0.739505374100565,1.84288095699999,0.321
"4038",9,23,10,"AVS",1.96410159186048,2.64748240077133,0.0895
"4039",9,23,11,"AVS",0.467141337296756,1.71727898630505,0.509
"4040",9,23,12,"AVS",0.604861644840031,1.86323632822391,0.6965
"4041",9,23,13,"AVS",0.485064498860154,1.67127442436626,0.5035
"4042",9,23,14,"AVS",0.619396772104787,1.73636124081296,0.3385
"4043",9,23,15,"AVS",0.410885201684823,1.60531199540626,0.5115
"4044",9,23,16,"AVS",0.577931994395882,1.65485731068356,0.687
"4045",9,23,17,"AVS",0.585709509046628,1.65927184680324,0.705
"4046",9,23,18,"AVS",0.67700498289416,1.72924549425631,0.722
"4047",9,23,19,"AVS",1.25840002530049,2.02635170853118,0.8795
"4048",9,23,20,"AVS",0.41431401308061,1.44607509503982,0.491
"4049",9,23,21,"AVS",0.61202921053971,1.69999378069374,0.283
"4050",9,23,22,"AVS",0.651070986732085,1.5769285335004,0.2625
"4051",9,23,23,"AVS",2.07539412896166,2.85383751830696,0.9585
"4052",9,23,24,"AVS",1.21245044141602,1.9661905250817,0.846
"4053",9,23,25,"AVS",0.437847488955904,1.60180346522934,0.4825
"4054",9,23,26,"AVS",1.23366685998846,2.14916397831144,0.13
"4055",9,23,27,"AVS",0.649299436361239,1.72074322499712,0.2645
"4056",9,23,28,"AVS",1.21015955463289,2.10707463393764,0.8725
"4057",9,23,29,"AVS",1.21747760132066,2.02051945058616,0.1325
"4058",9,23,30,"AVS",1.2025793284429,2.11812327642234,0.871
"4059",9,23,31,"AVS",0.421357536535924,1.54239790373356,0.5225
"4060",9,23,32,"AVS",0.628675870519836,1.59628918519004,0.2995
"4061",9,23,33,"AVS",0.643914734209224,1.70775309850848,0.2815
"4062",9,23,34,"AVS",0.396731324426119,1.44617458665486,0.5115
"4063",9,23,35,"AVS",2.12255538332478,3.06003298363978,0.0325
"4064",9,23,36,"AVS",0.420602337530852,1.48769319133832,0.494
"4065",9,23,37,"AVS",0.630591531467712,1.55155919873625,0.708
"4066",9,23,38,"AVS",2.06094675376805,2.79244066583191,0.9585
"4067",9,23,1,"EQW",2.92160616537143,3.35041091441717,0.9085
"4068",9,23,2,"EQW",0.932210943834413,2.30900431182328,0.5115
"4069",9,23,3,"EQW",1.01035791592792,2.27867216280237,0.635
"4070",9,23,4,"EQW",0.724999245823293,1.94781511882491,0.4625
"4071",9,23,5,"EQW",0.928564860963669,2.10434061910486,0.334
"4072",9,23,6,"EQW",2.45308403665139,2.74699324606448,0.08
"4073",9,23,7,"EQW",4.05948664333119,4.11423983522178,0.0095
"4074",9,23,8,"EQW",1.65701778638204,2.44548439847903,0.193
"4075",9,23,9,"EQW",1.37860414454989,2.22992370828124,0.1725
"4076",9,23,10,"EQW",2.44115759233414,2.95430628668361,0.053
"4077",9,23,11,"EQW",0.738834946642375,1.75876147751563,0.282
"4078",9,23,12,"EQW",0.422993141064293,1.50436367567375,0.6125
"4079",9,23,13,"EQW",0.384793240497599,1.43901912595305,0.557
"4080",9,23,14,"EQW",0.496071100546756,1.29016411404852,0.3165
"4081",9,23,15,"EQW",0.326312333127742,1.24264022702189,0.462
"4082",9,23,16,"EQW",0.554836723336833,1.5885902744399,0.7265
"4083",9,23,17,"EQW",0.902312929764394,2.02318957416834,0.7935
"4084",9,23,18,"EQW",1.23665010470736,2.23906538222923,0.848
"4085",9,23,19,"EQW",2.26039675812841,2.69885060276444,0.936
"4086",9,23,20,"EQW",1.3162439716254,2.22276488641149,0.7455
"4087",9,23,21,"EQW",0.863210848434568,2.1754329458936,0.6055
"4088",9,23,22,"EQW",0.65223181847062,1.92495031121045,0.5685
"4089",9,23,23,"EQW",2.66313556385726,3.26036907204737,0.9645
"4090",9,23,24,"EQW",2.53901971915829,2.66676051369216,0.912
"4091",9,23,25,"EQW",1.48321135025176,2.20298920213386,0.735
"4092",9,23,26,"EQW",1.00194105112837,2.46814975836834,0.4605
"4093",9,23,27,"EQW",0.722220728980321,2.06622725150453,0.5265
"4094",9,23,28,"EQW",1.62022482622983,2.36827478864262,0.8475
"4095",9,23,29,"EQW",0.84591743926048,2.23573528292112,0.4005
"4096",9,23,30,"EQW",1.53027667453102,2.38079792454546,0.8185
"4097",9,23,31,"EQW",0.863908949037529,1.97255144194698,0.623
"4098",9,23,32,"EQW",0.72246614066587,2.05923605409491,0.4815
"4099",9,23,33,"EQW",0.655248003635562,1.99879082758882,0.4645
"4100",9,23,34,"EQW",0.589988795836537,1.7810948466552,0.5385
"4101",9,23,35,"EQW",1.7248976503265,2.34104715840833,0.134
"4102",9,23,36,"EQW",0.728362475972824,1.75434282344949,0.345
"4103",9,23,37,"EQW",0.594893977347192,1.82387908634856,0.563
"4104",9,23,38,"EQW",1.6150518780417,2.77864951358552,0.858
"4105",9,23,1,"SGP",2.92160616537143,3.34551788719807,0.9065
"4106",9,23,2,"SGP",0.897626005964951,2.32138259691084,0.499
"4107",9,23,3,"SGP",1.02763151027591,2.19452386701144,0.699
"4108",9,23,4,"SGP",0.592955540820644,1.84941491188231,0.4985
"4109",9,23,5,"SGP",0.715364066706413,1.92859246388451,0.322
"4110",9,23,6,"SGP",2.07117013043547,2.78440554799515,0.0705
"4111",9,23,7,"SGP",3.0926035866553,3.46137168737455,0.0255
"4112",9,23,8,"SGP",0.76608889428863,2.07409999717873,0.393
"4113",9,23,9,"SGP",0.854706652467258,1.9495024424242,0.2845
"4114",9,23,10,"SGP",2.00143314524933,2.62348677294653,0.0835
"4115",9,23,11,"SGP",0.474098906821679,1.71124118262294,0.478
"4116",9,23,12,"SGP",0.584352890453949,1.81547392557685,0.6695
"4117",9,23,13,"SGP",0.471417905263521,1.69873517089857,0.495
"4118",9,23,14,"SGP",0.610546782789362,1.65372450509617,0.338
"4119",9,23,15,"SGP",0.396543684566604,1.55601694240185,0.4825
"4120",9,23,16,"SGP",0.574319830545292,1.69243025776142,0.7045
"4121",9,23,17,"SGP",0.623618020067974,1.68464527208957,0.7095
"4122",9,23,18,"SGP",0.720386205660613,1.74349946745743,0.723
"4123",9,23,19,"SGP",1.34370347287034,2.17943630309987,0.874
"4124",9,23,20,"SGP",0.45605743741525,1.61194827038036,0.527
"4125",9,23,21,"SGP",0.599556367522538,1.73968513475094,0.316
"4126",9,23,22,"SGP",0.627012588946057,1.70205206557813,0.3255
"4127",9,23,23,"SGP",2.11474725273139,2.87568093317349,0.954
"4128",9,23,24,"SGP",1.27052854364397,2.12191865783997,0.863
"4129",9,23,25,"SGP",0.459047024140476,1.66951218555357,0.5125
"4130",9,23,26,"SGP",1.18997270835778,2.11254205327403,0.149
"4131",9,23,27,"SGP",0.647688459609043,1.70442211134638,0.3105
"4132",9,23,28,"SGP",1.22685256368949,2.06934146726064,0.873
"4133",9,23,29,"SGP",1.19214176588366,2.04558576602698,0.147
"4134",9,23,30,"SGP",1.22492828562697,2.06498827770216,0.837
"4135",9,23,31,"SGP",0.432237158723662,1.51763029278432,0.504
"4136",9,23,32,"SGP",0.615598790150676,1.6790272232493,0.294
"4137",9,23,33,"SGP",0.635512212454992,1.70113419874261,0.2995
"4138",9,23,34,"SGP",0.405516092960399,1.50945262980091,0.4815
"4139",9,23,35,"SGP",2.1192599992393,3.14679092131887,0.0445
"4140",9,23,36,"SGP",0.426675376161451,1.57796143065899,0.467
"4141",9,23,37,"SGP",0.624487289467635,1.6519604476709,0.7065
"4142",9,23,38,"SGP",2.05173280734757,2.93794519468663,0.953
"4143",9,23,1,"SGP50",2.92160616537143,3.44612789185622,0.9135
"4144",9,23,2,"SGP50",0.931109435834889,2.27412687514817,0.4995
"4145",9,23,3,"SGP50",1.01226361308493,2.22107272616467,0.6445
"4146",9,23,4,"SGP50",0.718872690673485,2.00330931470587,0.478
"4147",9,23,5,"SGP50",0.914990911360157,1.98833148643887,0.327
"4148",9,23,6,"SGP50",2.42208211900859,2.80136056327926,0.0845
"4149",9,23,7,"SGP50",3.99552730512262,3.92107915403239,0.013
"4150",9,23,8,"SGP50",1.59430066207408,2.39774539978397,0.1985
"4151",9,23,9,"SGP50",1.34439169611998,2.15710922224423,0.18
"4152",9,23,10,"SGP50",2.39963175662782,3.10747673616523,0.05
"4153",9,23,11,"SGP50",0.703566637332278,1.81486373786916,0.3
"4154",9,23,12,"SGP50",0.434171599214704,1.56575784926491,0.6005
"4155",9,23,13,"SGP50",0.390866119686114,1.45671172169282,0.543
"4156",9,23,14,"SGP50",0.508080772657811,1.32764962093297,0.3285
"4157",9,23,15,"SGP50",0.331594799858103,1.27070020830381,0.448
"4158",9,23,16,"SGP50",0.552491432086081,1.69901373906826,0.721
"4159",9,23,17,"SGP50",0.875473999309498,1.96887616965314,0.79
"4160",9,23,18,"SGP50",1.18736924841647,2.16714405961217,0.8325
"4161",9,23,19,"SGP50",2.17485423368413,2.73703374922111,0.9225
"4162",9,23,20,"SGP50",1.21420159740792,2.11362978851341,0.715
"4163",9,23,21,"SGP50",0.805859554737282,2.16983678236418,0.5765
"4164",9,23,22,"SGP50",0.626909297323822,1.94531920938146,0.52
"4165",9,23,23,"SGP50",2.6046119396786,3.14736568897656,0.9605
"4166",9,23,24,"SGP50",2.39404851012082,2.67715113001165,0.9195
"4167",9,23,25,"SGP50",1.33037836035199,2.16792677479472,0.693
"4168",9,23,26,"SGP50",0.964633490901256,2.36593028174985,0.4495
"4169",9,23,27,"SGP50",0.689207744631284,1.99737437164332,0.505
"4170",9,23,28,"SGP50",1.57327328238465,2.40113665836003,0.8675
"4171",9,23,29,"SGP50",0.856417142996736,2.29822856277795,0.3655
"4172",9,23,30,"SGP50",1.49450392649572,2.28871841004506,0.833
"4173",9,23,31,"SGP50",0.78357929996077,1.95050343222495,0.6245
"4174",9,23,32,"SGP50",0.676109632363772,1.98183386536481,0.461
"4175",9,23,33,"SGP50",0.632989757144635,1.93488510480491,0.4285
"4176",9,23,34,"SGP50",0.551676659777616,1.78208295374738,0.532
"4177",9,23,35,"SGP50",1.76932661843563,2.48792876817204,0.1275
"4178",9,23,36,"SGP50",0.646079959235003,1.68645278853926,0.3625
"4179",9,23,37,"SGP50",0.575215660313773,1.78053508076246,0.566
"4180",9,23,38,"SGP50",1.70277508399324,2.6940666195689,0.8665
"4181",9,24,1,"BMA",4.88256187779216,3.80700823823451,0.3275
"4182",9,24,2,"BMA",9.65943522532734,4.33210356895202,0.878
"4183",9,24,3,"BMA",3.77430635010839,3.68161124427955,0.4885
"4184",9,24,4,"BMA",13.4912164235901,4.67936717602351,0.9165
"4185",9,24,5,"BMA",8.28294264088515,4.07016294761159,0.805
"4186",9,24,6,"BMA",3.3779284041738,3.58392963829237,0.4265
"4187",9,24,7,"BMA",4.37766838357254,3.72624293939154,0.2825
"4188",9,24,8,"BMA",4.04266362807303,3.67278151454218,0.3955
"4189",9,24,9,"BMA",13.7966761173316,4.51438744590237,0.954
"4190",9,24,10,"BMA",12.7524487315512,5.16463171054666,0.1195
"4191",9,24,11,"BMA",3.37605761485113,3.53284622521973,0.4325
"4192",9,24,12,"BMA",3.05916955062227,3.48463342938738,0.4165
"4193",9,24,13,"BMA",3.83545567753745,3.57362223045097,0.3095
"4194",9,24,14,"BMA",9.71040974454917,4.18125972479441,0.1025
"4195",9,24,15,"BMA",3.07172995507845,3.38923156488941,0.412
"4196",9,24,16,"BMA",2.48517648053835,3.29858103150973,0.489
"4197",9,24,17,"BMA",2.24222723036197,3.2514648695621,0.5135
"4198",9,24,18,"BMA",1.96761238692923,3.11045103776964,0.5355
"4199",9,24,19,"BMA",2.45487882702128,3.19469737901991,0.67
"4200",9,24,20,"BMA",1.6792428834781,2.8343529547651,0.595
"4201",9,24,21,"BMA",2.71468107519198,3.02124243823094,0.772
"4202",9,24,22,"BMA",2.58139100591055,2.86301313940518,0.1985
"4203",9,24,23,"BMA",1.63618126847846,2.67606309051688,0.6765
"4204",9,24,24,"BMA",2.46608133978392,2.81495628242031,0.8145
"4205",9,24,25,"BMA",1.06148761351095,2.46416129274339,0.511
"4206",9,24,26,"BMA",6.18981824238593,4.56935898805436,0.98
"4207",9,24,27,"BMA",2.46835402189944,2.97028622168453,0.818
"4208",9,24,28,"BMA",1.59587417985464,2.57741355021858,0.761
"4209",9,24,29,"BMA",2.2215965626959,2.76938854559465,0.828
"4210",9,24,30,"BMA",1.40599061693898,2.45356625888421,0.7395
"4211",9,24,31,"BMA",0.843106493336989,2.26139394983072,0.617
"4212",9,24,32,"BMA",3.13947272749613,3.21773826303038,0.0585
"4213",9,24,33,"BMA",5.62508144193537,5.59668511349031,0.0025
"4214",9,24,34,"BMA",2.12795794084793,2.50443438001731,0.1205
"4215",9,24,35,"BMA",1.62349680200356,2.25156626019621,0.1305
"4216",9,24,36,"BMA",2.18707714424636,2.69880199363937,0.0585
"4217",9,24,37,"BMA",2.66535243348412,3.04980293049402,0.026
"4218",9,24,38,"BMA",2.37946596666668,3.14154543518018,0.0195
"4219",9,24,1,"AVS",4.88256187779216,3.772258183383,0.301
"4220",9,24,2,"AVS",13.7895455494259,5.10283867800324,0.9675
"4221",9,24,3,"AVS",4.72425007523811,3.84822258732897,0.4145
"4222",9,24,4,"AVS",18.2904945192253,5.34315658062472,0.965
"4223",9,24,5,"AVS",4.42055196008299,3.68897567917876,0.622
"4224",9,24,6,"AVS",3.72593050687733,3.68265925710032,0.42
"4225",9,24,7,"AVS",4.10765454214431,3.73910400991775,0.3555
"4226",9,24,8,"AVS",5.390150799239,3.74560862804655,0.599
"4227",9,24,9,"AVS",22.6568125608257,5.51162918343154,0.9735
"4228",9,24,10,"AVS",17.5865933245382,6.70642525375081,0.015
"4229",9,24,11,"AVS",3.16314885051609,3.50123624009594,0.539
"4230",9,24,12,"AVS",2.80891214026039,3.36292892534532,0.495
"4231",9,24,13,"AVS",3.50260573757683,3.47962171432482,0.3155
"4232",9,24,14,"AVS",9.27351405970511,4.14547543195275,0.1055
"4233",9,24,15,"AVS",2.92522231880015,3.34193302708871,0.4105
"4234",9,24,16,"AVS",2.38541353936143,3.21401245160215,0.545
"4235",9,24,17,"AVS",2.21216337825047,3.11857212348124,0.5865
"4236",9,24,18,"AVS",1.90891644306573,3.02192013077543,0.583
"4237",9,24,19,"AVS",2.54362735920486,3.1206144592534,0.715
"4238",9,24,20,"AVS",1.67271467997675,2.83483691494762,0.6135
"4239",9,24,21,"AVS",2.77785359986677,3.01972536423929,0.7905
"4240",9,24,22,"AVS",2.52448304029149,2.82966320666833,0.2235
"4241",9,24,23,"AVS",1.61504108013383,2.6614238049656,0.703
"4242",9,24,24,"AVS",2.47766635998548,2.94558005167317,0.8225
"4243",9,24,25,"AVS",1.05196380004409,2.42309766951311,0.512
"4244",9,24,26,"AVS",6.20649071998729,4.57411419051579,0.977
"4245",9,24,27,"AVS",2.53458671954454,2.96543567842054,0.852
"4246",9,24,28,"AVS",1.61278271996964,2.57439606361397,0.764
"4247",9,24,29,"AVS",2.23688951999458,2.68534962709798,0.8205
"4248",9,24,30,"AVS",1.40740867999972,2.46714802398473,0.742
"4249",9,24,31,"AVS",0.842156480000338,2.17498622685496,0.618
"4250",9,24,32,"AVS",3.14075835999932,3.1183694660618,0.059
"4251",9,24,33,"AVS",5.63307027998898,5.68136939899532,0.0035
"4252",9,24,34,"AVS",2.2004668315381,2.70734671615315,0.0895
"4253",9,24,35,"AVS",1.65351427579563,2.28512817324963,0.134
"4254",9,24,36,"AVS",2.20072203590893,2.73397866059199,0.071
"4255",9,24,37,"AVS",2.67608653577837,3.19480009353931,0.019
"4256",9,24,38,"AVS",2.39176033126613,3.2170146058891,0.016
"4257",9,24,1,"EQW",4.88256187779216,3.75824648397134,0.3035
"4258",9,24,2,"EQW",8.85074260713657,4.197121342584,0.8235
"4259",9,24,3,"EQW",3.54279131322188,3.62664675650063,0.408
"4260",9,24,4,"EQW",10.7059023224491,4.39564435320116,0.8885
"4261",9,24,5,"EQW",8.07984728259358,3.96179106202135,0.8075
"4262",9,24,6,"EQW",4.09827905525087,3.67778131140227,0.565
"4263",9,24,7,"EQW",3.88509220154973,3.79247581626179,0.451
"4264",9,24,8,"EQW",3.86996586334089,3.71364642500896,0.501
"4265",9,24,9,"EQW",16.3255388181375,4.75244521495138,0.9685
"4266",9,24,10,"EQW",5.88175138070499,4.20114441399409,0.4445
"4267",9,24,11,"EQW",4.10228438332475,3.7866465549032,0.4915
"4268",9,24,12,"EQW",3.90306089790139,3.7883684952662,0.478
"4269",9,24,13,"EQW",4.32445049762477,3.80720154650982,0.401
"4270",9,24,14,"EQW",6.35139139444936,3.9700754009078,0.261
"4271",9,24,15,"EQW",3.08766949946209,3.53127230920804,0.555
"4272",9,24,16,"EQW",2.94277595361864,3.47651458881152,0.538
"4273",9,24,17,"EQW",2.86785370829933,3.42684591757848,0.5425
"4274",9,24,18,"EQW",2.75740134821962,3.44552778960812,0.51
"4275",9,24,19,"EQW",2.96829794641067,3.38039995857011,0.6195
"4276",9,24,20,"EQW",2.44094297246799,3.26458865700391,0.532
"4277",9,24,21,"EQW",2.99867787813441,3.41879168869867,0.667
"4278",9,24,22,"EQW",3.09188590631056,3.16395724561142,0.296
"4279",9,24,23,"EQW",2.68975908007296,3.1413519609694,0.7045
"4280",9,24,24,"EQW",2.58795439121046,3.29445759008034,0.708
"4281",9,24,25,"EQW",2.07767076859644,3.02617020282237,0.4355
"4282",9,24,26,"EQW",5.03707795413585,3.77662810273943,0.8545
"4283",9,24,27,"EQW",2.57970319650777,3.48572629223674,0.562
"4284",9,24,28,"EQW",2.19494577699738,3.22680804530727,0.542
"4285",9,24,29,"EQW",2.43021110018728,3.32175499923481,0.611
"4286",9,24,30,"EQW",2.15890303108313,3.08515024114723,0.646
"4287",9,24,31,"EQW",1.87361452094866,2.89673861930579,0.626
"4288",9,24,32,"EQW",2.092082578389,2.88580854111918,0.3475
"4289",9,24,33,"EQW",2.52664913447995,2.98083380161789,0.2255
"4290",9,24,34,"EQW",1.42731836377383,2.72529223863541,0.496
"4291",9,24,35,"EQW",1.28274575058507,2.57819960024691,0.517
"4292",9,24,36,"EQW",1.2490883678063,2.54645580927278,0.4
"4293",9,24,37,"EQW",1.52137761968082,2.53877672681717,0.2825
"4294",9,24,38,"EQW",1.40392881415237,2.46322636489054,0.2995
"4295",9,24,1,"SGP",4.88256187779216,3.84361599322245,0.2865
"4296",9,24,2,"SGP",11.9494603631486,4.74904564304443,0.9355
"4297",9,24,3,"SGP",3.26433417542483,3.52086243476807,0.559
"4298",9,24,4,"SGP",9.81934292545926,4.65742162202024,0.972
"4299",9,24,5,"SGP",3.74569598991697,3.29782999943391,0.7705
"4300",9,24,6,"SGP",3.08015385971839,3.18287432307118,0.267
"4301",9,24,7,"SGP",6.1383387103983,3.67425025436222,0.099
"4302",9,24,8,"SGP",5.8022437642047,3.70254886174589,0.1235
"4303",9,24,9,"SGP",7.18709254992117,3.84549447709912,0.915
"4304",9,24,10,"SGP",17.7162324440161,6.43922837883856,0.0095
"4305",9,24,11,"SGP",8.73638853839103,4.23945316347722,0.0875
"4306",9,24,12,"SGP",7.4025304052264,3.9406860007309,0.1105
"4307",9,24,13,"SGP",9.35083863644676,4.29239165326612,0.0905
"4308",9,24,14,"SGP",8.87222530780738,4.1421046928793,0.1035
"4309",9,24,15,"SGP",3.05010086021245,3.31623085508878,0.6075
"4310",9,24,16,"SGP",2.40280873397299,3.277925825172,0.483
"4311",9,24,17,"SGP",2.36449211926943,3.25084873819273,0.481
"4312",9,24,18,"SGP",2.42628551825665,3.34166882072493,0.4715
"4313",9,24,19,"SGP",2.23173455344476,3.14907402214412,0.5595
"4314",9,24,20,"SGP",2.50242967832721,3.17013046807255,0.38
"4315",9,24,21,"SGP",2.22757421054067,3.10265168032789,0.5485
"4316",9,24,22,"SGP",4.10303749221585,3.33724459921622,0.2035
"4317",9,24,23,"SGP",3.79228182047597,3.31198511541563,0.7755
"4318",9,24,24,"SGP",1.80945114806089,2.89865119346718,0.593
"4319",9,24,25,"SGP",4.12992834318215,3.3460912549409,0.166
"4320",9,24,26,"SGP",3.21818653834078,3.21486535699278,0.7625
"4321",9,24,27,"SGP",4.79093052788314,3.6415495195617,0.125
"4322",9,24,28,"SGP",4.39283815268439,3.36412112849369,0.157
"4323",9,24,29,"SGP",3.72380022563938,3.36631433131369,0.178
"4324",9,24,30,"SGP",1.71527260620061,2.96225230784491,0.483
"4325",9,24,31,"SGP",1.7479691959202,2.96979182123181,0.5
"4326",9,24,32,"SGP",2.40136641359458,3.0687136147626,0.3195
"4327",9,24,33,"SGP",1.97227456440783,2.97368778368754,0.376
"4328",9,24,34,"SGP",3.08355692593609,3.23883299329623,0.779
"4329",9,24,35,"SGP",2.83054891695802,3.14260904514143,0.7595
"4330",9,24,36,"SGP",1.56454232263642,2.85732651617018,0.5775
"4331",9,24,37,"SGP",2.63569929830864,3.07229302331562,0.038
"4332",9,24,38,"SGP",1.65622664038222,2.8537334944349,0.4205
"4333",9,24,1,"SGP50",4.88256187779216,3.86088842186842,0.2975
"4334",9,24,2,"SGP50",9.0610641167755,4.17974352610265,0.844
"4335",9,24,3,"SGP50",3.44767573640983,3.5821824255111,0.423
"4336",9,24,4,"SGP50",11.1445301102772,4.46579661030871,0.9015
"4337",9,24,5,"SGP50",8.11205542568284,3.97237710844027,0.8315
"4338",9,24,6,"SGP50",3.87136966389778,3.66121708850271,0.5455
"4339",9,24,7,"SGP50",3.8468010416035,3.75395742582768,0.421
"4340",9,24,8,"SGP50",3.68661681357061,3.66256842498652,0.444
"4341",9,24,9,"SGP50",13.8969929487119,4.71297951115548,0.958
"4342",9,24,10,"SGP50",7.43872356120447,4.49181797135275,0.312
"4343",9,24,11,"SGP50",4.52170682696813,3.86370542207364,0.3755
"4344",9,24,12,"SGP50",4.15834874647753,3.73427791451175,0.358
"4345",9,24,13,"SGP50",5.09587369759879,3.95790043064725,0.293
"4346",9,24,14,"SGP50",7.73460554966846,4.08881160468521,0.1635
"4347",9,24,15,"SGP50",3.00340790472726,3.5252703010251,0.503
"4348",9,24,16,"SGP50",2.81004362662836,3.41205793672525,0.481
"4349",9,24,17,"SGP50",2.70219489464385,3.34492434589821,0.498
"4350",9,24,18,"SGP50",2.715922635578,3.389790954378,0.4795
"4351",9,24,19,"SGP50",2.61462731942499,3.37627102053171,0.5525
"4352",9,24,20,"SGP50",2.48185898845825,3.21063423870487,0.4565
"4353",9,24,21,"SGP50",2.57289348383407,3.343305101543,0.61
"4354",9,24,22,"SGP50",3.71719026458697,3.25865104945116,0.237
"4355",9,24,23,"SGP50",2.7994537995743,3.16518738272315,0.6965
"4356",9,24,24,"SGP50",2.25652287756584,3.11140069274895,0.6545
"4357",9,24,25,"SGP50",2.5238576842123,3.13666530216479,0.355
"4358",9,24,26,"SGP50",4.37925337832117,3.57827021570299,0.815
"4359",9,24,27,"SGP50",2.61891815053291,3.37011800702671,0.48
"4360",9,24,28,"SGP50",2.27881422610792,3.20128497949174,0.4625
"4361",9,24,29,"SGP50",2.19342901972496,3.16867881063941,0.514
"4362",9,24,30,"SGP50",1.85405535205411,2.92223441311746,0.6035
"4363",9,24,31,"SGP50",1.64068473303681,2.82264083639019,0.5615
"4364",9,24,32,"SGP50",2.30896889957054,3.04317638286037,0.279
"4365",9,24,33,"SGP50",2.73257351472926,3.11589939251218,0.2255
"4366",9,24,34,"SGP50",1.54183716093726,2.82092007077822,0.4945
"4367",9,24,35,"SGP50",1.34934188584479,2.65682460409885,0.521
"4368",9,24,36,"SGP50",1.31058761186499,2.56685257736302,0.386
"4369",9,24,37,"SGP50",1.63792239204629,2.64691920644187,0.299
"4370",9,24,38,"SGP50",1.52263180377741,2.53607807804696,0.2605
"4371",9,25,1,"BMA",1.10749604395132,2.37082270944459,0.6865
"4372",9,25,2,"BMA",0.798237948554255,1.91975785939634,0.299
"4373",9,25,3,"BMA",3.10427586258051,4.33459482446489,0.0175
"4374",9,25,4,"BMA",3.27406102861935,3.22949334572449,0.0415
"4375",9,25,5,"BMA",1.3410491427774,2.1757078819967,0.2355
"4376",9,25,6,"BMA",0.775604225692236,1.8394528138728,0.2885
"4377",9,25,7,"BMA",1.2981089515367,2.17501175222438,0.1465
"4378",9,25,8,"BMA",1.18736475056796,2.09995248358175,0.8405
"4379",9,25,9,"BMA",2.04631436067951,2.69949992915253,0.929
"4380",9,25,10,"BMA",1.20060082174699,2.04665980891693,0.853
"4381",9,25,11,"BMA",2.79921039278876,3.36673675390481,0.976
"4382",9,25,12,"BMA",1.23454470603247,2.15182489748715,0.8075
"4383",9,25,13,"BMA",1.95792954163684,2.66975532473892,0.911
"4384",9,25,14,"BMA",1.87680319745528,2.61913567271481,0.105
"4385",9,25,15,"BMA",0.739625991724633,1.84356159088074,0.6765
"4386",9,25,16,"BMA",0.549146414649779,1.74725060108957,0.493
"4387",9,25,17,"BMA",0.526564130188044,1.73842095376272,0.506
"4388",9,25,18,"BMA",2.81782830698606,3.2593643036699,0.0305
"4389",9,25,19,"BMA",2.76151943128355,3.19952439931081,0.0395
"4390",9,25,20,"BMA",1.80927836032423,2.60365857759997,0.8845
"4391",9,25,21,"BMA",5.61608333363486,5.8412305209565,0.9965
"4392",9,25,22,"BMA",0.625041002747249,1.94581018809665,0.5095
"4393",9,25,23,"BMA",3.54765163660532,3.39147872061148,0.0385
"4394",9,25,24,"BMA",0.821608865851983,1.99800626474706,0.639
"4395",9,25,25,"BMA",0.727522677049551,2.00802673618198,0.6165
"4396",9,25,26,"BMA",1.85751438449233,2.53003310249624,0.1315
"4397",9,25,27,"BMA",1.23905701700757,2.25093360481828,0.2235
"4398",9,25,28,"BMA",1.76595125127913,2.46428604716347,0.8575
"4399",9,25,29,"BMA",1.21645376121971,2.19824901128818,0.251
"4400",9,25,30,"BMA",0.812339349977021,1.98800393197224,0.6685
"4401",9,25,31,"BMA",1.81873774412525,2.54364672364572,0.8715
"4402",9,25,32,"BMA",1.24344919396291,2.15022606153573,0.215
"4403",9,25,33,"BMA",2.63334580138487,2.95528646650765,0.074
"4404",9,25,34,"BMA",1.19534383983414,2.1924851650497,0.7765
"4405",9,25,35,"BMA",1.2096188507755,2.26715506634041,0.2225
"4406",9,25,36,"BMA",1.85265903087821,2.57529629311612,0.1385
"4407",9,25,37,"BMA",4.46154767899247,4.21405519207378,0.987
"4408",9,25,38,"BMA",1.1293387965713,2.22004599120732,0.252
"4409",9,25,1,"AVS",1.10749604395132,2.35098616074258,0.674
"4410",9,25,2,"AVS",0.756864039654986,1.882805553629,0.301
"4411",9,25,3,"AVS",2.99081046813678,3.96705568264717,0.024
"4412",9,25,4,"AVS",2.61801757495621,2.95746624392913,0.058
"4413",9,25,5,"AVS",0.819145621278498,1.92625865613675,0.313
"4414",9,25,6,"AVS",0.699653906808209,1.75798816579614,0.283
"4415",9,25,7,"AVS",1.2833887106606,2.14779524663167,0.162
"4416",9,25,8,"AVS",1.1860525430742,2.10218005845361,0.851
"4417",9,25,9,"AVS",2.04449063941502,2.72756497144236,0.9395
"4418",9,25,10,"AVS",1.19767071604724,2.16358589041478,0.832
"4419",9,25,11,"AVS",2.79849987475787,3.24611405056179,0.9735
"4420",9,25,12,"AVS",1.23391085686134,2.12809384656699,0.7915
"4421",9,25,13,"AVS",1.95727091308735,2.85976043208865,0.9105
"4422",9,25,14,"AVS",1.87651794204535,2.72430372642623,0.1105
"4423",9,25,15,"AVS",0.73911913683811,1.88820490865325,0.6775
"4424",9,25,16,"AVS",0.548946300388631,1.71295158468002,0.52
"4425",9,25,17,"AVS",0.526557688889315,1.66809961739358,0.49
"4426",9,25,18,"AVS",2.81790402955482,3.31243542084602,0.028
"4427",9,25,19,"AVS",2.76173447203301,3.10421112925718,0.043
"4428",9,25,20,"AVS",1.80880871157263,2.46703371356661,0.89
"4429",9,25,21,"AVS",5.61614321363293,5.30197821507888,0.993
"4430",9,25,22,"AVS",0.624831556314389,1.9699474541496,0.489
"4431",9,25,23,"AVS",3.54804883307402,3.57304790024574,0.0285
"4432",9,25,24,"AVS",0.821548742212611,2.05597489427012,0.6535
"4433",9,25,25,"AVS",0.72739753125609,2.06113594463801,0.642
"4434",9,25,26,"AVS",1.85766510102861,2.51505904360622,0.1555
"4435",9,25,27,"AVS",1.23901066142027,2.29792564529409,0.232
"4436",9,25,28,"AVS",1.7661448212682,2.46304956526437,0.863
"4437",9,25,29,"AVS",1.21654470197174,2.20185772375797,0.2295
"4438",9,25,30,"AVS",0.812283366716997,2.01314495342367,0.6675
"4439",9,25,31,"AVS",1.81875613672958,2.51297749544329,0.8775
"4440",9,25,32,"AVS",1.24366633087986,2.26257681149679,0.2295
"4441",9,25,33,"AVS",2.63354654047175,2.90766307150466,0.07
"4442",9,25,34,"AVS",1.19569951078194,2.16731404721505,0.763
"4443",9,25,35,"AVS",1.20930444877285,2.18532622741328,0.232
"4444",9,25,36,"AVS",1.85229181146782,2.56270209252505,0.1365
"4445",9,25,37,"AVS",4.46319083809279,4.06484251468766,0.9875
"4446",9,25,38,"AVS",1.13050145307978,2.16812742154036,0.2485
"4447",9,25,1,"EQW",1.10749604395132,2.27574813534359,0.7025
"4448",9,25,2,"EQW",0.918957557502558,2.01786270093957,0.3105
"4449",9,25,3,"EQW",3.39045238083346,3.71336668005128,0.034
"4450",9,25,4,"EQW",3.74798366427551,3.56075437534367,0.03
"4451",9,25,5,"EQW",2.97283024918044,2.8915589961166,0.104
"4452",9,25,6,"EQW",1.67103903150411,2.25798194731205,0.1845
"4453",9,25,7,"EQW",1.97900436036694,2.45098892410575,0.1065
"4454",9,25,8,"EQW",1.15962275798398,2.29616829852679,0.7875
"4455",9,25,9,"EQW",2.42336292227306,3.18462209935242,0.939
"4456",9,25,10,"EQW",2.07549874527721,2.57570118939842,0.8895
"4457",9,25,11,"EQW",3.63664533263992,3.56624423652103,0.948
"4458",9,25,12,"EQW",2.39657694369415,2.66358751024647,0.8535
"4459",9,25,13,"EQW",3.16319661377877,3.12838974772546,0.927
"4460",9,25,14,"EQW",1.4380363876348,2.8887252033466,0.382
"4461",9,25,15,"EQW",1.56496695457957,2.56195038904954,0.744
"4462",9,25,16,"EQW",1.49802360516297,2.58085383736597,0.7045
"4463",9,25,17,"EQW",0.980455443600948,2.16003625394617,0.6265
"4464",9,25,18,"EQW",1.83253647108071,2.75785320115803,0.204
"4465",9,25,19,"EQW",2.53264768684381,2.75775380203286,0.1055
"4466",9,25,20,"EQW",1.57784205759394,2.82095615480929,0.684
"4467",9,25,21,"EQW",4.36452444045531,3.97434458082951,0.932
"4468",9,25,22,"EQW",1.35136789039053,2.56153225585254,0.5825
"4469",9,25,23,"EQW",1.80578297802423,2.78000242109974,0.2715
"4470",9,25,24,"EQW",1.28869439458998,2.53701103219698,0.6745
"4471",9,25,25,"EQW",1.01072911662451,2.32388899796463,0.633
"4472",9,25,26,"EQW",1.57366103579079,2.52073370438961,0.244
"4473",9,25,27,"EQW",1.53772353120032,2.48161946464276,0.235
"4474",9,25,28,"EQW",1.33463163361888,2.54770321687066,0.703
"4475",9,25,29,"EQW",1.16856137656167,2.42061325175836,0.3185
"4476",9,25,30,"EQW",1.04692214583863,2.38176075753112,0.6435
"4477",9,25,31,"EQW",1.69889084898311,2.64123708702265,0.804
"4478",9,25,32,"EQW",0.976998242584215,2.36711697112418,0.3855
"4479",9,25,33,"EQW",2.20522467614087,2.75755773580019,0.132
"4480",9,25,34,"EQW",0.932446501837616,2.22028103959128,0.6145
"4481",9,25,35,"EQW",1.68496791196906,2.51561874862189,0.1915
"4482",9,25,36,"EQW",1.86565746505027,2.52911979541538,0.168
"4483",9,25,37,"EQW",2.5434974708083,3.02823217558131,0.8685
"4484",9,25,38,"EQW",1.45717860375466,2.57228553245197,0.339
"4485",9,25,1,"SGP",1.10749604395132,2.32018176698581,0.6765
"4486",9,25,2,"SGP",0.686077547601374,1.68681878286215,0.3095
"4487",9,25,3,"SGP",3.11441107063399,4.12764157731797,0.0155
"4488",9,25,4,"SGP",2.57244615007941,3.06190890547873,0.0535
"4489",9,25,5,"SGP",1.23766826563007,2.15975279704547,0.2485
"4490",9,25,6,"SGP",0.759655451468894,1.83612238324554,0.2895
"4491",9,25,7,"SGP",1.32341743203689,2.22956582780848,0.132
"4492",9,25,8,"SGP",1.25575737956566,2.17261307730827,0.853
"4493",9,25,9,"SGP",2.05838947298823,2.67243572544271,0.9235
"4494",9,25,10,"SGP",1.22954484432783,2.13087982689599,0.852
"4495",9,25,11,"SGP",2.8368388278761,3.48836610599164,0.971
"4496",9,25,12,"SGP",1.27082963324237,2.14846752121344,0.8025
"4497",9,25,13,"SGP",2.01045190393613,2.70325019840118,0.8975
"4498",9,25,14,"SGP",1.87090303120786,2.63475422648584,0.1195
"4499",9,25,15,"SGP",0.825444702842073,1.98917097592251,0.702
"4500",9,25,16,"SGP",0.620274354681169,1.78107931206943,0.5645
"4501",9,25,17,"SGP",0.534994296717967,1.7142197884543,0.518
"4502",9,25,18,"SGP",2.70842809993472,3.23016043634804,0.043
"4503",9,25,19,"SGP",2.63171342476818,3.06246470344301,0.0515
"4504",9,25,20,"SGP",1.97888933816568,2.57986301457598,0.8835
"4505",9,25,21,"SGP",5.5165659567968,5.2944995716489,0.993
"4506",9,25,22,"SGP",0.646179545471237,1.9361903200215,0.48
"4507",9,25,23,"SGP",3.32638957164208,3.4210283183125,0.0485
"4508",9,25,24,"SGP",1.07402972631397,2.22552360037139,0.7345
"4509",9,25,25,"SGP",0.741205224533665,2.0108918447651,0.619
"4510",9,25,26,"SGP",1.84621235579719,2.53661837744675,0.1505
"4511",9,25,27,"SGP",1.23961272755285,2.19448433150577,0.2425
"4512",9,25,28,"SGP",1.76750967630301,2.47269731306301,0.864
"4513",9,25,29,"SGP",1.21126931435418,2.27446590208263,0.241
"4514",9,25,30,"SGP",0.892417544161005,2.03847966698764,0.686
"4515",9,25,31,"SGP",1.7675454792693,2.45466647813569,0.873
"4516",9,25,32,"SGP",1.22433051173966,2.20708703041321,0.2365
"4517",9,25,33,"SGP",2.62100021292429,3.05542938455344,0.0655
"4518",9,25,34,"SGP",1.18012840486937,2.07386387290298,0.7685
"4519",9,25,35,"SGP",1.5811675207955,2.41599468633395,0.171
"4520",9,25,36,"SGP",1.701259405904,2.41474081907473,0.165
"4521",9,25,37,"SGP",4.21533416601724,4.11573342556519,0.984
"4522",9,25,38,"SGP",2.204611004587,2.60620908243818,0.1625
"4523",9,25,1,"SGP50",1.10749604395132,2.36509261846728,0.6975
"4524",9,25,2,"SGP50",0.905814864683678,2.02042724985145,0.303
"4525",9,25,3,"SGP50",3.35487943182263,3.59332739865097,0.036
"4526",9,25,4,"SGP50",3.65900303246397,3.44324211118318,0.0315
"4527",9,25,5,"SGP50",2.87215460787215,2.88238440339473,0.0905
"4528",9,25,6,"SGP50",1.57231467029752,2.19483246353727,0.223
"4529",9,25,7,"SGP50",1.92227051462205,2.47351693059813,0.103
"4530",9,25,8,"SGP50",1.20778265057847,2.27082058005457,0.7955
"4531",9,25,9,"SGP50",2.35952038225758,3.05180535719106,0.935
"4532",9,25,10,"SGP50",1.93569581367713,2.46182666768746,0.8805
"4533",9,25,11,"SGP50",3.49984454505956,3.50110355714903,0.9515
"4534",9,25,12,"SGP50",2.1727487190726,2.57748150392962,0.842
"4535",9,25,13,"SGP50",2.92695743755313,3.08900602980801,0.9025
"4536",9,25,14,"SGP50",1.45386871819933,2.820033218747,0.3315
"4537",9,25,15,"SGP50",1.47012934240463,2.4905913303349,0.754
"4538",9,25,16,"SGP50",1.4311557097222,2.50341410718248,0.7175
"4539",9,25,17,"SGP50",0.862571809028146,2.01472919250972,0.601
"4540",9,25,18,"SGP50",1.89285987422786,2.7751120515057,0.1565
"4541",9,25,19,"SGP50",2.34890469531579,2.67423717577162,0.1015
"4542",9,25,20,"SGP50",1.81291931784312,2.81694793262014,0.734
"4543",9,25,21,"SGP50",4.57881508446874,4.12469161803378,0.9435
"4544",9,25,22,"SGP50",1.08716697986215,2.35178841341333,0.5265
"4545",9,25,23,"SGP50",1.99703052708801,2.81526313452229,0.2115
"4546",9,25,24,"SGP50",1.34390383663114,2.51501603627749,0.7045
"4547",9,25,25,"SGP50",0.934305187747387,2.20547464624587,0.6175
"4548",9,25,26,"SGP50",1.61399643371081,2.64490120827796,0.222
"4549",9,25,27,"SGP50",1.41319962740575,2.33586816313659,0.242
"4550",9,25,28,"SGP50",1.44213280326844,2.52837099351519,0.7405
"4551",9,25,29,"SGP50",1.163617006948,2.34759127442787,0.306
"4552",9,25,30,"SGP50",1.06909991373288,2.22967489731734,0.704
"4553",9,25,31,"SGP50",1.6517730042724,2.42147114029083,0.8285
"4554",9,25,32,"SGP50",1.0008031218109,2.29450606944983,0.339
"4555",9,25,33,"SGP50",2.32512132626899,2.73662310434804,0.1235
"4556",9,25,34,"SGP50",0.96589548974998,2.15415759525194,0.665
"4557",9,25,35,"SGP50",1.80148586072901,2.61013712618318,0.1715
"4558",9,25,36,"SGP50",1.67385044681396,2.3585363523738,0.196
"4559",9,25,37,"SGP50",2.92839363673527,3.22506748933278,0.89
"4560",9,25,38,"SGP50",1.75761610956688,2.64926033623002,0.267
"4561",9,26,1,"BMA",5.68790496670879,3.8859777330097,0.796
"4562",9,26,2,"BMA",6.74046357266856,4.1095917363501,0.844
"4563",9,26,3,"BMA",8.11006106324008,3.98730841794474,0.811
"4564",9,26,4,"BMA",8.63314318692392,4.06746028938559,0.8055
"4565",9,26,5,"BMA",3.71537626230848,3.67557368971297,0.4685
"4566",9,26,6,"BMA",4.49011249607451,3.69372098836532,0.333
"4567",9,26,7,"BMA",3.28103310854534,3.58453584580631,0.4805
"4568",9,26,8,"BMA",17.4741129701303,5.04910756739947,0.067
"4569",9,26,9,"BMA",12.0114570648555,4.09184610430613,0.8335
"4570",9,26,10,"BMA",15.3875249365821,5.23772930299296,0.9735
"4571",9,26,11,"BMA",9.56577964922613,4.23966719191311,0.916
"4572",9,26,12,"BMA",11.9987561046487,4.57543525897185,0.9485
"4573",9,26,13,"BMA",4.32940943172851,3.59215395784938,0.7595
"4574",9,26,14,"BMA",4.2363568376951,3.45275046844222,0.249
"4575",9,26,15,"BMA",2.76761967362703,3.32852196781829,0.386
"4576",9,26,16,"BMA",11.604785115547,4.50091110003396,0.063
"4577",9,26,17,"BMA",6.26258237792302,3.80093828676514,0.212
"4578",9,26,18,"BMA",14.5795172910845,5.01684585640669,0.0335
"4579",9,26,19,"BMA",9.03719747720458,4.06938087016126,0.097
"4580",9,26,20,"BMA",2.4924199579952,3.34602582129731,0.585
"4581",9,26,21,"BMA",4.9133446108935,3.54146692314742,0.812
"4582",9,26,22,"BMA",2.28081581047483,3.09343927927767,0.5935
"4583",9,26,23,"BMA",4.56377879734035,3.48512456146691,0.834
"4584",9,26,24,"BMA",2.21560342553489,3.02321150716934,0.662
"4585",9,26,25,"BMA",1.63667644109861,2.8872640939695,0.4255
"4586",9,26,26,"BMA",1.53449877659481,2.76281296384616,0.412
"4587",9,26,27,"BMA",2.08342904072986,2.82182575588879,0.266
"4588",9,26,28,"BMA",4.62578228436762,3.65592206784145,0.072
"4589",9,26,29,"BMA",3.98467551368829,3.21027752284928,0.083
"4590",9,26,30,"BMA",3.21857313960457,3.1032548587859,0.103
"4591",9,26,31,"BMA",1.0684455734496,2.37786888525788,0.431
"4592",9,26,32,"BMA",1.09234900768613,2.39901041232591,0.3445
"4593",9,26,33,"BMA",0.965459782618872,2.18999045007396,0.381
"4594",9,26,34,"BMA",0.762370446995573,2.0951526385151,0.448
"4595",9,26,35,"BMA",0.690315873694694,2.01077780529189,0.4465
"4596",9,26,36,"BMA",2.21635813884484,2.70566582934384,0.088
"4597",9,26,37,"BMA",1.41778284049426,2.21560973280238,0.142
"4598",9,26,38,"BMA",0.611600142677386,1.81877015112809,0.3995
"4599",9,26,1,"AVS",5.68790496670879,3.94400044036623,0.808
"4600",9,26,2,"AVS",5.22157039216724,3.77148068312923,0.7295
"4601",9,26,3,"AVS",12.210676031773,4.52134538172806,0.88
"4602",9,26,4,"AVS",4.76968965059137,3.6209742654486,0.704
"4603",9,26,5,"AVS",3.5404660775778,3.61797797762328,0.442
"4604",9,26,6,"AVS",4.62027371253269,3.73362477357838,0.316
"4605",9,26,7,"AVS",3.34162352540833,3.63221850517805,0.4975
"4606",9,26,8,"AVS",20.0914651563135,5.36625266775235,0.0505
"4607",9,26,9,"AVS",12.0319992079059,4.09057811627208,0.8185
"4608",9,26,10,"AVS",15.012981677638,5.02795315452693,0.9665
"4609",9,26,11,"AVS",6.60947443771499,3.72091201671117,0.1285
"4610",9,26,12,"AVS",3.50850437999148,3.33040924489816,0.276
"4611",9,26,13,"AVS",13.0123258997278,5.03061287821232,0.0315
"4612",9,26,14,"AVS",17.5646187692397,5.97878786111007,0.01
"4613",9,26,15,"AVS",2.69637237321173,3.3824332400663,0.4205
"4614",9,26,16,"AVS",11.6235319618341,4.66316660701538,0.0565
"4615",9,26,17,"AVS",6.27536946638283,3.80856625888201,0.2085
"4616",9,26,18,"AVS",13.066180072746,4.58068839029835,0.045
"4617",9,26,19,"AVS",2.45754113552036,3.17189728309862,0.4775
"4618",9,26,20,"AVS",10.8733725605802,4.3350313184066,0.9465
"4619",9,26,21,"AVS",3.59751051680616,3.37407977966358,0.709
"4620",9,26,22,"AVS",4.17654081241421,3.47758279373288,0.262
"4621",9,26,23,"AVS",3.7984617093178,3.40507985436186,0.7365
"4622",9,26,24,"AVS",2.98238918038095,3.43345506897412,0.364
"4623",9,26,25,"AVS",2.3651561134515,3.21665443064682,0.4155
"4624",9,26,26,"AVS",2.06275064362733,3.07663539889757,0.538
"4625",9,26,27,"AVS",1.99788373305184,2.96711678543644,0.3695
"4626",9,26,28,"AVS",3.87051726164102,3.36741497347816,0.161
"4627",9,26,29,"AVS",2.30075350300028,3.09361798269812,0.3515
"4628",9,26,30,"AVS",1.95831122959506,3.0506675609788,0.4435
"4629",9,26,31,"AVS",1.83237378230705,2.98885145480744,0.543
"4630",9,26,32,"AVS",1.99140307725387,3.04564406655685,0.494
"4631",9,26,33,"AVS",1.90590017978188,2.91062764360844,0.5375
"4632",9,26,34,"AVS",1.63149062746229,2.7404028154446,0.522
"4633",9,26,35,"AVS",1.10230954466338,2.41203998962078,0.4855
"4634",9,26,36,"AVS",2.117397221868,2.76482394317127,0.139
"4635",9,26,37,"AVS",1.25644187815645,2.30623716627021,0.2275
"4636",9,26,38,"AVS",0.645970344015068,1.80554363702468,0.421
"4637",9,26,1,"EQW",5.68790496670879,3.9997878366306,0.8015
"4638",9,26,2,"EQW",7.15129792021234,4.25252026297994,0.873
"4639",9,26,3,"EQW",8.80487010017531,4.40446595517781,0.8885
"4640",9,26,4,"EQW",9.92740329389679,3.94832031315408,0.899
"4641",9,26,5,"EQW",6.39017954808925,3.83008823986122,0.63
"4642",9,26,6,"EQW",5.64081231252486,3.72758378125285,0.601
"4643",9,26,7,"EQW",6.54949689988149,3.61715098136943,0.73
"4644",9,26,8,"EQW",10.831740805782,4.48062100051282,0.2265
"4645",9,26,9,"EQW",6.52169192405488,3.85677753140462,0.7215
"4646",9,26,10,"EQW",8.9892217124769,4.10436758441064,0.823
"4647",9,26,11,"EQW",5.95970309338669,4.08260784523342,0.63
"4648",9,26,12,"EQW",7.49126096387956,4.10639766510185,0.725
"4649",9,26,13,"EQW",5.27809192018184,4.08696067101927,0.5015
"4650",9,26,14,"EQW",6.13817253839617,4.18206700990799,0.3395
"4651",9,26,15,"EQW",4.85635713841541,3.74042237005344,0.6755
"4652",9,26,16,"EQW",7.44703887578081,4.35692011570168,0.2505
"4653",9,26,17,"EQW",3.76584038958959,3.72806121732017,0.5125
"4654",9,26,18,"EQW",8.38620524819777,4.12260074492864,0.198
"4655",9,26,19,"EQW",4.563145881879,3.61100884573523,0.336
"4656",9,26,20,"EQW",4.2693592660565,3.70023529079798,0.693
"4657",9,26,21,"EQW",4.33441487911071,3.66810422981479,0.722
"4658",9,26,22,"EQW",3.19547089487138,3.57760731125034,0.4705
"4659",9,26,23,"EQW",4.18679804593833,3.68041133166586,0.7015
"4660",9,26,24,"EQW",2.8721579200952,3.41380562704899,0.492
"4661",9,26,25,"EQW",2.45465226385024,3.21406564185537,0.443
"4662",9,26,26,"EQW",2.16664622088986,3.14877428012284,0.5
"4663",9,26,27,"EQW",2.33182554501498,3.03695655283037,0.3725
"4664",9,26,28,"EQW",3.73650502889373,3.22012098303174,0.215
"4665",9,26,29,"EQW",2.97722966398893,3.32447034853297,0.247
"4666",9,26,30,"EQW",2.70897713032666,3.09460140492529,0.2585
"4667",9,26,31,"EQW",1.61520012841111,2.78256820082006,0.4575
"4668",9,26,32,"EQW",1.74098847642151,2.78723459936344,0.373
"4669",9,26,33,"EQW",1.60871302361061,2.700041751254,0.405
"4670",9,26,34,"EQW",1.42111939347263,2.52203039840723,0.45
"4671",9,26,35,"EQW",1.31160649720215,2.44676262981912,0.462
"4672",9,26,36,"EQW",2.37442608564669,2.95222330387002,0.205
"4673",9,26,37,"EQW",1.5313955591662,2.70661559724774,0.3505
"4674",9,26,38,"EQW",1.16485989770099,2.4050105468446,0.4475
"4675",9,26,1,"SGP",5.68790496670879,3.917728790049,0.8035
"4676",9,26,2,"SGP",8.92782998075946,5.07134543823782,0.9565
"4677",9,26,3,"SGP",8.48104569261128,4.84740365278162,0.971
"4678",9,26,4,"SGP",4.35008043298944,3.57873713488218,0.9405
"4679",9,26,5,"SGP",2.90366745194028,3.03621149868849,0.1545
"4680",9,26,6,"SGP",1.85484350251196,2.6376687805156,0.2415
"4681",9,26,7,"SGP",1.12995281902993,2.48718477466989,0.6135
"4682",9,26,8,"SGP",28.3701381592315,9.73212946587408,0.0035
"4683",9,26,9,"SGP",2.43212921226848,3.32157122170421,0.4625
"4684",9,26,10,"SGP",2.26907979195889,3.25367103834106,0.4955
"4685",9,26,11,"SGP",6.5238753229727,3.70534031620223,0.142
"4686",9,26,12,"SGP",3.48112483861181,3.35675166439485,0.2865
"4687",9,26,13,"SGP",12.8647992323675,5.01455559248874,0.031
"4688",9,26,14,"SGP",17.4195940664421,5.85449053492724,0.0095
"4689",9,26,15,"SGP",5.25275220586687,3.56857356598195,0.8185
"4690",9,26,16,"SGP",12.1137260870305,4.71588914810908,0.04
"4691",9,26,17,"SGP",2.7383674413362,3.30586862341045,0.634
"4692",9,26,18,"SGP",9.12843992920868,4.191836165966,0.0815
"4693",9,26,19,"SGP",2.44716734864551,3.20667377697525,0.466
"4694",9,26,20,"SGP",10.779870518182,4.43712949824212,0.948
"4695",9,26,21,"SGP",3.48825066557441,3.47615306361675,0.7145
"4696",9,26,22,"SGP",4.26300364095162,3.45120035911624,0.2565
"4697",9,26,23,"SGP",3.67768372964267,3.45131396219242,0.738
"4698",9,26,24,"SGP",3.14723336424697,3.37185555804044,0.33
"4699",9,26,25,"SGP",2.52476231027807,3.19186266275796,0.38
"4700",9,26,26,"SGP",2.54335253053809,3.33009640296693,0.5875
"4701",9,26,27,"SGP",2.27319854613647,3.19186367158877,0.4905
"4702",9,26,28,"SGP",3.08947523716926,3.2142242496338,0.273
"4703",9,26,29,"SGP",2.06864166441907,3.12487714046974,0.408
"4704",9,26,30,"SGP",1.93938659372897,2.99619578143211,0.4045
"4705",9,26,31,"SGP",1.84492510228941,3.01192844252655,0.5535
"4706",9,26,32,"SGP",2.039806994942,3.06899214974071,0.475
"4707",9,26,33,"SGP",2.07558651268581,3.13461442352856,0.546
"4708",9,26,34,"SGP",2.10584487855738,2.98566184425982,0.553
"4709",9,26,35,"SGP",1.95844373517389,3.00636758057597,0.553
"4710",9,26,36,"SGP",2.28594385690428,3.02997825200794,0.3655
"4711",9,26,37,"SGP",2.09429269429802,3.03808553551487,0.6365
"4712",9,26,38,"SGP",2.06264219364357,3.02069242517549,0.6235
"4713",9,26,1,"SGP50",5.68790496670879,3.85989315848128,0.795
"4714",9,26,2,"SGP50",7.2144561261605,4.38318816758622,0.878
"4715",9,26,3,"SGP50",8.82494556019872,4.40718538173462,0.8895
"4716",9,26,4,"SGP50",9.37478570981245,3.91850812997535,0.8865
"4717",9,26,5,"SGP50",5.22746966209368,3.68795142472457,0.5495
"4718",9,26,6,"SGP50",4.05263914573225,3.41216516260524,0.535
"4719",9,26,7,"SGP50",4.00731617509162,3.29240165222665,0.6805
"4720",9,26,8,"SGP50",15.8701090250831,4.91700099844015,0.1255
"4721",9,26,9,"SGP50",4.62959569990676,3.67644182208058,0.658
"4722",9,26,10,"SGP50",5.27605662535136,3.70204534643688,0.6965
"4723",9,26,11,"SGP50",4.45364089887476,3.90187544889169,0.4245
"4724",9,26,12,"SGP50",3.93553572202994,3.70260658088699,0.515
"4725",9,26,13,"SGP50",7.01294831763711,4.27389572828665,0.27
"4726",9,26,14,"SGP50",10.6228303969092,4.64705541828445,0.1465
"4727",9,26,15,"SGP50",4.26397820247049,3.59168527499889,0.6875
"4728",9,26,16,"SGP50",10.2258269971427,4.44487913534034,0.111
"4729",9,26,17,"SGP50",3.03482990347722,3.5333770819625,0.5155
"4730",9,26,18,"SGP50",9.80916547904521,4.29959987047419,0.1005
"4731",9,26,19,"SGP50",3.57688232030861,3.48026927339703,0.369
"4732",9,26,20,"SGP50",6.54275645354219,3.93520229504302,0.7915
"4733",9,26,21,"SGP50",3.65871868939568,3.59288548430854,0.701
"4734",9,26,22,"SGP50",3.6525257059751,3.55411233506608,0.337
"4735",9,26,23,"SGP50",3.68112837725189,3.47821382335891,0.7145
"4736",9,26,24,"SGP50",2.90051159282235,3.43575663089599,0.411
"4737",9,26,25,"SGP50",2.54899756430615,3.21611182927852,0.3715
"4738",9,26,26,"SGP50",2.25059990199341,3.22067351150638,0.5085
"4739",9,26,27,"SGP50",2.28908218858686,3.17267024150045,0.425
"4740",9,26,28,"SGP50",3.551961962814,3.28642188871943,0.231
"4741",9,26,29,"SGP50",2.5647828280672,3.16592874152748,0.3225
"4742",9,26,30,"SGP50",2.33103045665856,3.09744665609136,0.321
"4743",9,26,31,"SGP50",1.64315903373026,2.89509330739399,0.486
"4744",9,26,32,"SGP50",1.75203954653247,2.8314736548507,0.4215
"4745",9,26,33,"SGP50",1.62566342455116,2.80298523353899,0.444
"4746",9,26,34,"SGP50",1.50554237874748,2.65304500118745,0.4895
"4747",9,26,35,"SGP50",1.37162192779387,2.57893452676469,0.4935
"4748",9,26,36,"SGP50",2.2305264358028,3.00507062085467,0.255
"4749",9,26,37,"SGP50",1.42741222052412,2.68487870563358,0.385
"4750",9,26,38,"SGP50",1.1344219075536,2.35735257418865,0.48
"4751",9,27,1,"BMA",2.41109902661875,3.2973724005963,0.524
"4752",9,27,2,"BMA",2.02502632061893,2.86849175497901,0.3675
"4753",9,27,3,"BMA",6.22800250937286,4.00965785911657,0.9225
"4754",9,27,4,"BMA",5.23544092796007,3.63418858687411,0.8755
"4755",9,27,5,"BMA",11.1036994072446,5.07420561021067,0.9725
"4756",9,27,6,"BMA",3.27522354990527,3.48581823706148,0.3485
"4757",9,27,7,"BMA",13.5676053770395,4.96033667150048,0.951
"4758",9,27,8,"BMA",5.99286185022431,3.75537051777809,0.775
"4759",9,27,9,"BMA",21.8833206199478,5.84898981113566,0.977
"4760",9,27,10,"BMA",5.20148937980256,3.88720333417364,0.718
"4761",9,27,11,"BMA",6.16411761596611,3.8396810405726,0.2775
"4762",9,27,12,"BMA",4.05736107130416,3.78058543495079,0.486
"4763",9,27,13,"BMA",6.26006413413514,3.85926440024945,0.701
"4764",9,27,14,"BMA",6.55896595068702,3.78993282172028,0.7045
"4765",9,27,15,"BMA",4.45000232910015,3.77275312920923,0.3635
"4766",9,27,16,"BMA",4.30291969957004,3.70499695551204,0.5815
"4767",9,27,17,"BMA",3.37158568940723,3.55421565467832,0.4635
"4768",9,27,18,"BMA",4.34418349342555,3.70116992897196,0.341
"4769",9,27,19,"BMA",5.99141615624975,3.71824055638243,0.1985
"4770",9,27,20,"BMA",6.32861734562054,3.75546197844566,0.1445
"4771",9,27,21,"BMA",3.70556976367848,3.33113227941135,0.2365
"4772",9,27,22,"BMA",1.69510078026958,2.90420783073731,0.509
"4773",9,27,23,"BMA",1.6319269357963,2.8195305899062,0.5795
"4774",9,27,24,"BMA",2.95654157182617,3.17542961704581,0.83
"4775",9,27,25,"BMA",1.29232716994095,2.61548828536902,0.437
"4776",9,27,26,"BMA",1.19147923679486,2.46880817920096,0.4175
"4777",9,27,27,"BMA",0.966414003303812,2.39232761896138,0.4425
"4778",9,27,28,"BMA",0.937431946053918,2.27159928258278,0.4045
"4779",9,27,29,"BMA",1.67765804218724,2.48182442961659,0.2055
"4780",9,27,30,"BMA",1.22292115610793,2.24002936951535,0.2865
"4781",9,27,31,"BMA",1.64103422370082,2.4332590408925,0.1535
"4782",9,27,32,"BMA",2.53195679032269,2.93960859890097,0.0755
"4783",9,27,33,"BMA",4.56479222281015,4.83701907733353,0.0065
"4784",9,27,34,"BMA",5.32881213885534,6.89807281857164,0
"4785",9,27,35,"BMA",2.93009935637142,3.23315627528241,0.028
"4786",9,27,36,"BMA",2.59261284625365,3.1513375450641,0.0245
"4787",9,27,37,"BMA",1.42485880244017,2.18307175556378,0.0775
"4788",9,27,38,"BMA",0.915169395200258,1.76082694753021,0.1655
"4789",9,27,1,"AVS",2.41109902661875,3.3311925487458,0.553
"4790",9,27,2,"AVS",1.52855237330213,2.68158516423582,0.409
"4791",9,27,3,"AVS",7.00155331620306,4.31007427846771,0.9775
"4792",9,27,4,"AVS",5.46299337513612,3.72734133787498,0.896
"4793",9,27,5,"AVS",10.8024331828938,4.682794211656,0.956
"4794",9,27,6,"AVS",4.45254848448868,3.58284725715926,0.255
"4795",9,27,7,"AVS",11.9774154787492,4.73721884886087,0.9385
"4796",9,27,8,"AVS",4.35010147013759,3.64100924933092,0.725
"4797",9,27,9,"AVS",20.4177244487116,5.59864051644736,0.975
"4798",9,27,10,"AVS",5.11503883434251,3.77372960135978,0.73
"4799",9,27,11,"AVS",6.08553121948409,3.88347281017545,0.2475
"4800",9,27,12,"AVS",4.05954631984378,3.83185251397088,0.492
"4801",9,27,13,"AVS",6.27498301118989,3.77107058416828,0.6755
"4802",9,27,14,"AVS",6.61309239479763,3.85941834290235,0.7225
"4803",9,27,15,"AVS",4.41019797665477,3.79855145709468,0.368
"4804",9,27,16,"AVS",4.32810392592373,3.73008147692864,0.5835
"4805",9,27,17,"AVS",3.37149407428093,3.64659760499229,0.4685
"4806",9,27,18,"AVS",4.31756674998479,3.77112241274361,0.308
"4807",9,27,19,"AVS",5.93976050470437,3.76044678106637,0.2045
"4808",9,27,20,"AVS",6.27961714097174,3.63709250734703,0.1425
"4809",9,27,21,"AVS",3.68169580018702,3.34563248587922,0.238
"4810",9,27,22,"AVS",1.69236552000135,2.92326821673997,0.5085
"4811",9,27,23,"AVS",1.63137912000005,2.84756269215565,0.606
"4812",9,27,24,"AVS",2.95866439999997,3.01484622065744,0.8255
"4813",9,27,25,"AVS",1.29132332000002,2.57562403076233,0.439
"4814",9,27,26,"AVS",1.19121172,2.50280650877474,0.413
"4815",9,27,27,"AVS",0.96631444,2.29225492451567,0.4575
"4816",9,27,28,"AVS",0.93738636,2.27620347498646,0.433
"4817",9,27,29,"AVS",1.677638,2.49944674921288,0.2265
"4818",9,27,30,"AVS",1.22291424,2.22153153416591,0.2675
"4819",9,27,31,"AVS",1.64103156,2.35345214732309,0.176
"4820",9,27,32,"AVS",2.531958612,3.0869729101935,0.0695
"4821",9,27,33,"AVS",4.564802748,4.65856174750771,0.0045
"4822",9,27,34,"AVS",5.328862896,7.21609946813539,0
"4823",9,27,35,"AVS",2.931431548,3.2911529287971,0.022
"4824",9,27,36,"AVS",2.593967716,3.21373587187859,0.0225
"4825",9,27,37,"AVS",1.425373256,2.16508799908462,0.0715
"4826",9,27,38,"AVS",0.914767735999999,1.61820938380441,0.176
"4827",9,27,1,"EQW",2.41109902661875,3.28765392308241,0.539
"4828",9,27,2,"EQW",2.27055791147172,3.01514724047207,0.3485
"4829",9,27,3,"EQW",4.69559964254736,3.56561904301154,0.842
"4830",9,27,4,"EQW",5.21188964094092,3.64325551505113,0.884
"4831",9,27,5,"EQW",10.7631618645149,4.80855498577064,0.976
"4832",9,27,6,"EQW",3.34198506075839,3.4322275730418,0.32
"4833",9,27,7,"EQW",14.2367681162317,5.28954201523876,0.977
"4834",9,27,8,"EQW",5.36251947535474,3.62588666160711,0.7955
"4835",9,27,9,"EQW",25.0166924023003,6.8459617891272,0.993
"4836",9,27,10,"EQW",6.01649486449458,3.85880950880167,0.6735
"4837",9,27,11,"EQW",6.29661858885609,4.08590445916943,0.3845
"4838",9,27,12,"EQW",3.6513871284363,3.61064896297974,0.6015
"4839",9,27,13,"EQW",4.12198895549582,3.63259630061704,0.6545
"4840",9,27,14,"EQW",3.44900600103693,3.61430182064963,0.483
"4841",9,27,15,"EQW",8.99936320222579,4.27726466535159,0.164
"4842",9,27,16,"EQW",3.30470523790134,3.55145550826473,0.4295
"4843",9,27,17,"EQW",4.15749197984321,3.58664117313179,0.302
"4844",9,27,18,"EQW",6.60631245934688,3.85803989152336,0.1965
"4845",9,27,19,"EQW",9.56343683844235,4.12860660063814,0.104
"4846",9,27,20,"EQW",10.0189549759523,4.1471239596474,0.0945
"4847",9,27,21,"EQW",5.19040564121346,3.70275568349438,0.2445
"4848",9,27,22,"EQW",3.07678970563095,3.4494748156575,0.419
"4849",9,27,23,"EQW",2.83192015249851,3.34636290507638,0.3725
"4850",9,27,24,"EQW",2.46427276911354,3.26741489650713,0.5325
"4851",9,27,25,"EQW",3.48464574889386,3.25000822023453,0.263
"4852",9,27,26,"EQW",2.50454398333909,3.15194182440229,0.3295
"4853",9,27,27,"EQW",2.07785040612276,3.04599274495379,0.431
"4854",9,27,28,"EQW",1.94405958775947,2.85749284331016,0.381
"4855",9,27,29,"EQW",2.40052105154898,3.02543580017815,0.268
"4856",9,27,30,"EQW",1.74604171360266,2.75060654069869,0.369
"4857",9,27,31,"EQW",1.8964845485878,2.77176140838251,0.3085
"4858",9,27,32,"EQW",2.18339574514874,2.94522972789448,0.2705
"4859",9,27,33,"EQW",3.03356180681408,3.42180565586414,0.2
"4860",9,27,34,"EQW",3.09409897070827,3.59492419142676,0.2265
"4861",9,27,35,"EQW",1.86058693481912,3.13909068318198,0.315
"4862",9,27,36,"EQW",1.92579521320968,2.7706366691603,0.2725
"4863",9,27,37,"EQW",1.40060607306409,2.49898211067667,0.292
"4864",9,27,38,"EQW",1.14021574727601,2.27158205238899,0.339
"4865",9,27,1,"SGP",2.41109902661875,3.26753958150073,0.53
"4866",9,27,2,"SGP",1.6708285591732,2.80892324920999,0.3835
"4867",9,27,3,"SGP",6.6888966101515,4.4588186635886,0.9685
"4868",9,27,4,"SGP",5.94741718887062,3.81135954035942,0.9265
"4869",9,27,5,"SGP",11.7732231429032,5.32398019961542,0.9915
"4870",9,27,6,"SGP",3.55069465465398,3.36765121153605,0.252
"4871",9,27,7,"SGP",16.989692189228,6.3730914563167,0.994
"4872",9,27,8,"SGP",2.82406071580743,3.26045796687158,0.6755
"4873",9,27,9,"SGP",22.4586913221716,8.6547267226986,0.9995
"4874",9,27,10,"SGP",2.82671429183604,3.29713265928243,0.344
"4875",9,27,11,"SGP",24.1331015542211,6.88862184493227,0.016
"4876",9,27,12,"SGP",2.35793915425301,3.27061493633709,0.5075
"4877",9,27,13,"SGP",2.37858041947768,3.2397265754815,0.512
"4878",9,27,14,"SGP",4.20232232169207,3.41540817934062,0.224
"4879",9,27,15,"SGP",16.8208782714361,6.16372679998005,0.009
"4880",9,27,16,"SGP",4.08237546769048,3.49913006339791,0.2635
"4881",9,27,17,"SGP",7.3558763437086,3.94795663960441,0.1285
"4882",9,27,18,"SGP",11.7206211921244,4.57336084065882,0.047
"4883",9,27,19,"SGP",14.8920236150089,5.28770602731801,0.0205
"4884",9,27,20,"SGP",11.3795746656802,4.40394873622567,0.073
"4885",9,27,21,"SGP",2.9161452749753,3.40748188549183,0.6075
"4886",9,27,22,"SGP",3.41964260283943,3.5725137095711,0.603
"4887",9,27,23,"SGP",2.64027613130044,3.29518758297862,0.62
"4888",9,27,24,"SGP",3.55425248448009,3.42657255973554,0.708
"4889",9,27,25,"SGP",3.78434479137779,3.49037103269818,0.2565
"4890",9,27,26,"SGP",2.26370329802243,3.21397974506213,0.5
"4891",9,27,27,"SGP",3.11484028531267,3.31426686652823,0.7105
"4892",9,27,28,"SGP",2.35948273675931,3.14158645802415,0.568
"4893",9,27,29,"SGP",2.06454263490868,3.12893342128738,0.4775
"4894",9,27,30,"SGP",2.36140160187467,3.09906179597783,0.5915
"4895",9,27,31,"SGP",1.85502467858495,3.10476409847776,0.468
"4896",9,27,32,"SGP",1.98970753275141,3.10641818441774,0.438
"4897",9,27,33,"SGP",1.95297424901284,3.05683251810311,0.4125
"4898",9,27,34,"SGP",5.2138368644512,6.50610039016313,0.007
"4899",9,27,35,"SGP",1.48743012495082,3.23575668109552,0.663
"4900",9,27,36,"SGP",1.3690595887673,2.48260716807766,0.509
"4901",9,27,37,"SGP",1.41560329765163,2.20477465202004,0.0805
"4902",9,27,38,"SGP",1.26344267806962,2.51659463676118,0.543
"4903",9,27,1,"SGP50",2.41109902661875,3.27385607727481,0.5125
"4904",9,27,2,"SGP50",2.25345612008857,2.94559712861149,0.355
"4905",9,27,3,"SGP50",4.78743128660938,3.68338817714216,0.8355
"4906",9,27,4,"SGP50",5.24757687992293,3.60181124928514,0.876
"4907",9,27,5,"SGP50",10.7687200925955,4.9885338246176,0.969
"4908",9,27,6,"SGP50",3.37276067758871,3.48837468304549,0.3035
"4909",9,27,7,"SGP50",14.4243895844188,5.24168837502436,0.965
"4910",9,27,8,"SGP50",5.185048227313,3.64698273798346,0.7755
"4911",9,27,9,"SGP50",24.8731793105394,7.00898636043101,0.9935
"4912",9,27,10,"SGP50",5.33018608554278,3.73697392574221,0.6405
"4913",9,27,11,"SGP50",7.1347452283327,4.11407810152104,0.334
"4914",9,27,12,"SGP50",3.57069034139569,3.59201191563111,0.5855
"4915",9,27,13,"SGP50",3.97301523821614,3.58456036678429,0.6595
"4916",9,27,14,"SGP50",3.30592144733298,3.56179749615761,0.477
"4917",9,27,15,"SGP50",9.9628569541726,4.41135547350645,0.139
"4918",9,27,16,"SGP50",3.22715423638661,3.5294865075914,0.428
"4919",9,27,17,"SGP50",4.49128841508161,3.6627791513731,0.313
"4920",9,27,18,"SGP50",7.37734690848852,3.953890023236,0.168
"4921",9,27,19,"SGP50",10.3707289380249,4.35077627159162,0.0925
"4922",9,27,20,"SGP50",10.4100928578966,4.25458423649447,0.0885
"4923",9,27,21,"SGP50",4.91856533329068,3.70315759731366,0.2735
"4924",9,27,22,"SGP50",3.07757285740583,3.48460876113146,0.448
"4925",9,27,23,"SGP50",2.8584653979268,3.36957781785899,0.3915
"4926",9,27,24,"SGP50",2.54940998285182,3.33427381468372,0.557
"4927",9,27,25,"SGP50",3.63447564654525,3.28578347740546,0.2555
"4928",9,27,26,"SGP50",2.47730174975966,3.13440936636457,0.3715
"4929",9,27,27,"SGP50",2.10173432224064,3.11876831789736,0.427
"4930",9,27,28,"SGP50",1.95085868023265,3.00347582175783,0.4105
"4931",9,27,29,"SGP50",2.33900855353622,2.97216437403226,0.309
"4932",9,27,30,"SGP50",1.72530550098993,2.75006070055509,0.3785
"4933",9,27,31,"SGP50",1.86693534400508,2.73283151957323,0.32
"4934",9,27,32,"SGP50",2.16820087013599,3.01074981364095,0.2765
"4935",9,27,33,"SGP50",3.04347538313623,3.43572645162061,0.2065
"4936",9,27,34,"SGP50",3.11651449282429,3.56960076638938,0.229
"4937",9,27,35,"SGP50",1.85035382906702,3.12738305185657,0.297
"4938",9,27,36,"SGP50",1.91333527084291,2.77265624583571,0.2635
"4939",9,27,37,"SGP50",1.36743426980441,2.52603557299773,0.269
"4940",9,27,38,"SGP50",1.09572502883621,2.20320318632238,0.3215
"4941",9,28,1,"BMA",3.49363126058476,3.12792527680577,0.0605
"4942",9,28,2,"BMA",1.85626769104902,2.45014848948968,0.1055
"4943",9,28,3,"BMA",0.516183605390802,1.66004178718332,0.515
"4944",9,28,4,"BMA",0.657553181241472,1.71769730815829,0.71
"4945",9,28,5,"BMA",0.405425773033784,1.51954656702302,0.499
"4946",9,28,6,"BMA",0.629696948847973,1.55020364629365,0.7305
"4947",9,28,7,"BMA",1.25565714491252,2.19513967864534,0.8845
"4948",9,28,8,"BMA",0.395620377601357,1.41573148236812,0.4955
"4949",9,28,9,"BMA",0.624364654024251,1.66778148792104,0.741
"4950",9,28,10,"BMA",4.08919126903785,6.74778603401213,1
"4951",9,28,11,"BMA",0.501269585738347,1.63288189622222,0.513
"4952",9,28,12,"BMA",0.674331092300122,1.73668951949547,0.714
"4953",9,28,13,"BMA",0.46455138574539,1.57888515596999,0.52
"4954",9,28,14,"BMA",2.87527008631726,3.97909998045015,0.987
"4955",9,28,15,"BMA",1.25326386032277,2.10275376875025,0.1585
"4956",9,28,16,"BMA",1.93011888545015,2.64762187262733,0.9205
"4957",9,28,17,"BMA",2.00543828155303,2.83218270977038,0.068
"4958",9,28,18,"BMA",0.686075000390565,1.75039335717852,0.6935
"4959",9,28,19,"BMA",1.97428433842377,2.68314887105569,0.934
"4960",9,28,20,"BMA",1.14282517561557,2.08729062549448,0.83
"4961",9,28,21,"BMA",4.78102925915653,5.85869557500527,0.0025
"4962",9,28,22,"BMA",5.57705776987,5.50915826052384,0.999
"4963",9,28,23,"BMA",8.55943669369647,12.1789607574226,1
"4964",9,28,24,"BMA",5.79567986079188,3.65266533314783,0.8735
"4965",9,28,25,"BMA",5.79576707691788,3.69997503492477,0.935
"4966",9,28,26,"BMA",1.81961480442155,2.47848579211451,0.6985
"4967",9,28,27,"BMA",1.40896442190093,2.44708417112572,0.7515
"4968",9,28,28,"BMA",1.25163048572001,2.30673658644693,0.7245
"4969",9,28,29,"BMA",0.887977070847958,2.15445004376886,0.3755
"4970",9,28,30,"BMA",5.27916003815282,4.66873283288648,0.989
"4971",9,28,31,"BMA",3.20802362434739,3.14047106878109,0.919
"4972",9,28,32,"BMA",7.45780679824243,5.59995970924266,0.0015
"4973",9,28,33,"BMA",0.956976346813112,2.3401516510673,0.6035
"4974",9,28,34,"BMA",4.06761578463251,3.46901703255053,0.0535
"4975",9,28,35,"BMA",0.978357538208662,2.29336238252788,0.6325
"4976",9,28,36,"BMA",0.955884205923293,2.27812112027399,0.59
"4977",9,28,37,"BMA",1.00360515153862,2.27305916640894,0.416
"4978",9,28,38,"BMA",5.15441824761991,4.29329829210634,0.977
"4979",9,28,1,"AVS",3.49363126058476,3.16996483611598,0.0565
"4980",9,28,2,"AVS",1.32401524029667,2.14314103979524,0.149
"4981",9,28,3,"AVS",0.479694810062814,1.66581705004526,0.529
"4982",9,28,4,"AVS",0.648098892359252,1.7172946687136,0.7255
"4983",9,28,5,"AVS",0.40209053071255,1.4997475286655,0.512
"4984",9,28,6,"AVS",0.626235768556529,1.64209823726702,0.7435
"4985",9,28,7,"AVS",1.2578779266931,2.13577447100555,0.8735
"4986",9,28,8,"AVS",0.393861569834647,1.44306792119599,0.5185
"4987",9,28,9,"AVS",0.624229870101944,1.64345282723674,0.7395
"4988",9,28,10,"AVS",4.09352609738446,6.2327955211881,0.9995
"4989",9,28,11,"AVS",0.484954647407638,1.73125635823371,0.507
"4990",9,28,12,"AVS",0.671596611445933,1.76526936570945,0.7105
"4991",9,28,13,"AVS",0.464182979700402,1.62893843181124,0.532
"4992",9,28,14,"AVS",2.87520309724059,3.74029389261395,0.9855
"4993",9,28,15,"AVS",1.2537765494712,2.20486412943823,0.1595
"4994",9,28,16,"AVS",1.9300041860542,2.54556606653556,0.9295
"4995",9,28,17,"AVS",2.00561876190523,2.92270988452986,0.061
"4996",9,28,18,"AVS",0.68602077377936,1.69269801588428,0.6645
"4997",9,28,19,"AVS",1.97428220421924,2.66815051438032,0.9185
"4998",9,28,20,"AVS",1.14281893851892,1.99441315662841,0.82
"4999",9,28,21,"AVS",4.78103944845004,5.88997770960735,5e-04
"5000",9,28,22,"AVS",5.57776373222186,5.42692151416003,0.9975
"5001",9,28,23,"AVS",8.55973894371288,11.915280412709,1
"5002",9,28,24,"AVS",0.876597718777638,2.30515340952553,0.61
"5003",9,28,25,"AVS",3.34399128405648,3.18762536608671,0.9485
"5004",9,28,26,"AVS",0.926587519286111,2.18499840258278,0.606
"5005",9,28,27,"AVS",1.27875492287032,2.30782385523951,0.73
"5006",9,28,28,"AVS",1.24023590150879,2.34008913702637,0.752
"5007",9,28,29,"AVS",0.873856922098987,2.07751965169897,0.3805
"5008",9,28,30,"AVS",5.31026634003451,4.59382503446796,0.986
"5009",9,28,31,"AVS",3.34199461586032,3.08075694961293,0.9255
"5010",9,28,32,"AVS",7.17912416191917,5.39326455947848,0.0015
"5011",9,28,33,"AVS",0.943729265373362,2.23013458549059,0.5895
"5012",9,28,34,"AVS",4.04391234481255,3.406403316868,0.0625
"5013",9,28,35,"AVS",0.977076925246489,2.25378372170675,0.611
"5014",9,28,36,"AVS",0.955202937293316,2.26497459393063,0.599
"5015",9,28,37,"AVS",1.00314463856012,2.21912226098734,0.414
"5016",9,28,38,"AVS",5.15926923331564,4.14380987168108,0.9755
"5017",9,28,1,"EQW",3.49363126058476,3.08794561171667,0.0575
"5018",9,28,2,"EQW",2.65758216208312,2.6977753201946,0.0865
"5019",9,28,3,"EQW",1.32382746594931,2.17915329468597,0.381
"5020",9,28,4,"EQW",0.989652086615406,2.23344814856084,0.5005
"5021",9,28,5,"EQW",0.843340826148448,1.93697827808777,0.42
"5022",9,28,6,"EQW",0.762230976493688,2.08636174168344,0.582
"5023",9,28,7,"EQW",0.989756996263994,2.22284633167283,0.7125
"5024",9,28,8,"EQW",0.733430341186633,2.04819845856464,0.402
"5025",9,28,9,"EQW",0.769926960558507,1.94478930245345,0.69
"5026",9,28,10,"EQW",3.44318453162791,3.94328601456604,0.932
"5027",9,28,11,"EQW",1.39023239162841,2.72388572061119,0.5275
"5028",9,28,12,"EQW",2.02240375202364,2.68288953767537,0.8205
"5029",9,28,13,"EQW",1.00103356536955,1.98696700565142,0.625
"5030",9,28,14,"EQW",3.13640339830913,3.45862944724873,0.9205
"5031",9,28,15,"EQW",1.11473144365504,2.4746319669992,0.456
"5032",9,28,16,"EQW",2.5333196080919,3.00264404996977,0.8765
"5033",9,28,17,"EQW",1.56066156926321,2.95699767742696,0.3275
"5034",9,28,18,"EQW",1.04638734821467,2.18011803127795,0.645
"5035",9,28,19,"EQW",2.15757189970777,2.87663673089412,0.8375
"5036",9,28,20,"EQW",1.73402101408562,2.4931707042202,0.7845
"5037",9,28,21,"EQW",2.95043318415659,3.308628158403,0.201
"5038",9,28,22,"EQW",4.35735771225962,3.94264240917424,0.8895
"5039",9,28,23,"EQW",8.99965959537599,5.23046873094211,0.977
"5040",9,28,24,"EQW",3.41145772693784,2.82699984118582,0.75
"5041",9,28,25,"EQW",6.16790781988051,3.6636915640752,0.9575
"5042",9,28,26,"EQW",3.48918559478092,2.94499995215373,0.6935
"5043",9,28,27,"EQW",3.61001323817784,2.91685009835947,0.759
"5044",9,28,28,"EQW",3.43370388779106,2.88592221971052,0.736
"5045",9,28,29,"EQW",2.48617148151989,2.96797238631708,0.567
"5046",9,28,30,"EQW",6.29324864099605,3.77855742662597,0.9375
"5047",9,28,31,"EQW",5.28480067953138,3.24978899145165,0.858
"5048",9,28,32,"EQW",4.46910643860263,4.22189377003104,0.3205
"5049",9,28,33,"EQW",2.04950958817619,2.76057087261363,0.585
"5050",9,28,34,"EQW",3.53241237578297,3.8142841867956,0.2445
"5051",9,28,35,"EQW",1.7090858035873,2.79178682291387,0.5595
"5052",9,28,36,"EQW",1.68498701947797,2.77609551571927,0.549
"5053",9,28,37,"EQW",1.64463449176393,2.74253123589445,0.4205
"5054",9,28,38,"EQW",4.06596836006275,3.77280616915801,0.8305
"5055",9,28,1,"SGP",3.49363126058476,3.20734860915597,0.0485
"5056",9,28,2,"SGP",1.72445079840318,2.29900445757534,0.118
"5057",9,28,3,"SGP",0.541835274906351,1.75881439062291,0.5275
"5058",9,28,4,"SGP",0.765685394549482,1.87456507035747,0.7235
"5059",9,28,5,"SGP",0.436680242799314,1.58828688924936,0.562
"5060",9,28,6,"SGP",0.743311223106156,1.81746386275574,0.7655
"5061",9,28,7,"SGP",1.22483047481004,2.15431216319836,0.8855
"5062",9,28,8,"SGP",0.491990365353753,1.59200442403999,0.3965
"5063",9,28,9,"SGP",0.62341975603881,1.57698916656341,0.749
"5064",9,28,10,"SGP",3.81266389122425,5.50872113236743,0.9955
"5065",9,28,11,"SGP",1.07557734757133,2.24220822637462,0.3175
"5066",9,28,12,"SGP",0.823750244112722,1.84282246621812,0.7345
"5067",9,28,13,"SGP",0.470101953297294,1.59111530490805,0.52
"5068",9,28,14,"SGP",2.8323736639495,3.86339726268482,0.9825
"5069",9,28,15,"SGP",1.20467730322138,2.22108294013457,0.17
"5070",9,28,16,"SGP",1.9716040245233,2.63526151658895,0.9185
"5071",9,28,17,"SGP",2.05064084758881,2.82811765840336,0.075
"5072",9,28,18,"SGP",0.685786321635167,1.78119122145661,0.683
"5073",9,28,19,"SGP",1.97547051645006,2.65853343316646,0.917
"5074",9,28,20,"SGP",1.11046820200893,2.10090474569245,0.823
"5075",9,28,21,"SGP",4.80609459985384,5.57933512847585,0.004
"5076",9,28,22,"SGP",5.55230585272093,5.40464376347897,0.9965
"5077",9,28,23,"SGP",8.55141705690903,11.8612073907933,0.9995
"5078",9,28,24,"SGP",0.898468843040922,2.27456956969877,0.6105
"5079",9,28,25,"SGP",3.36309653281583,3.18879026438375,0.933
"5080",9,28,26,"SGP",0.910746514097262,2.19384333216478,0.6135
"5081",9,28,27,"SGP",1.2286627186022,2.3528435021391,0.7335
"5082",9,28,28,"SGP",1.17412214626647,2.31231137085522,0.705
"5083",9,28,29,"SGP",0.932928346886297,2.17885764573969,0.3755
"5084",9,28,30,"SGP",5.17166093054505,4.30368859999875,0.9835
"5085",9,28,31,"SGP",3.03052681610415,2.9860203067134,0.909
"5086",9,28,32,"SGP",8.01348558614829,6.38011400886103,0.0015
"5087",9,28,33,"SGP",0.935871765322116,2.27499060736608,0.585
"5088",9,28,34,"SGP",4.13580818760776,3.45222724141479,0.057
"5089",9,28,35,"SGP",0.977844355360803,2.27073252871386,0.6315
"5090",9,28,36,"SGP",0.957556518978452,2.29514455634736,0.6085
"5091",9,28,37,"SGP",0.998229792851008,2.30032607906551,0.4095
"5092",9,28,38,"SGP",5.11508067798118,4.12367272546456,0.9725
"5093",9,28,1,"SGP50",3.49363126058476,3.14585746635723,0.057
"5094",9,28,2,"SGP50",2.63249047214809,2.68668147348559,0.0885
"5095",9,28,3,"SGP50",1.2641431925393,2.20955862934436,0.391
"5096",9,28,4,"SGP50",0.95106326403155,2.26082217275042,0.5175
"5097",9,28,5,"SGP50",0.782991192439979,1.8922711055276,0.4245
"5098",9,28,6,"SGP50",0.747348146869316,2.08392726428351,0.589
"5099",9,28,7,"SGP50",1.00316546185857,2.22167583976088,0.7325
"5100",9,28,8,"SGP50",0.710572269999129,1.99363086460026,0.379
"5101",9,28,9,"SGP50",0.738172368596209,1.88528634742914,0.697
"5102",9,28,10,"SGP50",3.45704762153104,4.32144271120275,0.95
"5103",9,28,11,"SGP50",1.3027130829513,2.7095764090406,0.4935
"5104",9,28,12,"SGP50",1.8979069022085,2.65972798017304,0.826
"5105",9,28,13,"SGP50",0.853473068441705,1.98568835450796,0.6185
"5106",9,28,14,"SGP50",2.98386824518056,3.36766947632126,0.9335
"5107",9,28,15,"SGP50",1.02395771990613,2.2906223162403,0.3955
"5108",9,28,16,"SGP50",2.39308612569959,3.0384687334444,0.884
"5109",9,28,17,"SGP50",1.69492169481957,2.96769708634201,0.263
"5110",9,28,18,"SGP50",0.921608749957867,2.07296139513047,0.6625
"5111",9,28,19,"SGP50",2.08130873215793,2.71460886031901,0.8445
"5112",9,28,20,"SGP50",1.42752683351238,2.32202553702218,0.7795
"5113",9,28,21,"SGP50",3.53967661747394,3.64916885485942,0.1405
"5114",9,28,22,"SGP50",4.72739594258906,4.18252241717276,0.9365
"5115",9,28,23,"SGP50",8.79274929959344,6.19384071891527,0.985
"5116",9,28,24,"SGP50",2.26045024879367,2.61026716194623,0.705
"5117",9,28,25,"SGP50",4.82250977288362,3.441523166812,0.943
"5118",9,28,26,"SGP50",1.95298811314213,2.62173356006791,0.6065
"5119",9,28,27,"SGP50",2.00292531272155,2.59885602902957,0.6875
"5120",9,28,28,"SGP50",1.80238876955277,2.4782360776005,0.678
"5121",9,28,29,"SGP50",1.45662577929511,2.57758464437018,0.407
"5122",9,28,30,"SGP50",4.95386766007435,3.90311460010591,0.96
"5123",9,28,31,"SGP50",3.12180139951401,2.87700063790027,0.8455
"5124",9,28,32,"SGP50",6.22279726203674,5.06326332491471,0.129
"5125",9,28,33,"SGP50",1.16893062464244,2.46771836841931,0.5675
"5126",9,28,34,"SGP50",4.10516033844273,3.70416283418676,0.1025
"5127",9,28,35,"SGP50",1.14603820037489,2.43440571295579,0.567
"5128",9,28,36,"SGP50",1.13666728561049,2.47745284993271,0.586
"5129",9,28,37,"SGP50",1.1847408334608,2.45164724382166,0.418
"5130",9,28,38,"SGP50",4.52760762004232,3.98737218997583,0.907
"5131",9,29,1,"BMA",2.77806145107395,3.15647073876257,0.0325
"5132",9,29,2,"BMA",1.70702742211844,2.90571516265159,0.7905
"5133",9,29,3,"BMA",0.733478787517017,2.03448240172223,0.49
"5134",9,29,4,"BMA",0.753912724158477,2.02019635132033,0.6305
"5135",9,29,5,"BMA",0.711206328190113,1.94210281846515,0.4125
"5136",9,29,6,"BMA",1.57273310760717,2.52995247474298,0.821
"5137",9,29,7,"BMA",0.962837990459801,2.22388511871817,0.671
"5138",9,29,8,"BMA",0.716828935515367,2.05235829602644,0.4575
"5139",9,29,9,"BMA",0.799193990133842,1.90893117346959,0.316
"5140",9,29,10,"BMA",0.615346385602709,1.85255937525899,0.5885
"5141",9,29,11,"BMA",0.508998342320123,1.70165592187416,0.511
"5142",9,29,12,"BMA",2.90673090315623,3.55501644493391,0.0225
"5143",9,29,13,"BMA",1.67570738615651,2.35122642049965,0.1245
"5144",9,29,14,"BMA",0.711031991948073,1.86186901293748,0.3255
"5145",9,29,15,"BMA",1.60197833740778,2.50528474387474,0.879
"5146",9,29,16,"BMA",3.31808507895095,3.52304987883752,0.971
"5147",9,29,17,"BMA",1.4648914544227,2.26016131062782,0.759
"5148",9,29,18,"BMA",0.623922926707199,1.87898864019839,0.4345
"5149",9,29,19,"BMA",1.37852017337913,2.16077250078606,0.8505
"5150",9,29,20,"BMA",2.95214072236959,3.71851938306994,0.988
"5151",9,29,21,"BMA",3.9028280915051,5.14533664886437,0.998
"5152",9,29,22,"BMA",1.94539990684139,2.68821431686805,0.909
"5153",9,29,23,"BMA",1.18063445222211,2.16758890952749,0.207
"5154",9,29,24,"BMA",0.715963289737355,1.89790380704201,0.3275
"5155",9,29,25,"BMA",0.540176287043627,1.72982374739394,0.48
"5156",9,29,26,"BMA",0.497649475762151,1.72906714843241,0.4615
"5157",9,29,27,"BMA",1.94725840046173,2.63356243507256,0.089
"5158",9,29,28,"BMA",1.1425491344786,2.10088088051188,0.1925
"5159",9,29,29,"BMA",0.516328344607738,1.81989514719425,0.482
"5160",9,29,30,"BMA",1.1830775216258,2.17881494927744,0.169
"5161",9,29,31,"BMA",1.86270414772377,2.5353470417882,0.084
"5162",9,29,32,"BMA",7.79704530588551,15.5197207858437,1
"5163",9,29,33,"BMA",1.04429351062508,2.4893016304348,0.456
"5164",9,29,34,"BMA",1.06089900964897,2.20679375203269,0.707
"5165",9,29,35,"BMA",6.85622064174448,5.40467738106334,0.009
"5166",9,29,36,"BMA",3.02210497022859,2.96016946579186,0.0775
"5167",9,29,37,"BMA",1.15238410407272,2.2406362583287,0.3
"5168",9,29,38,"BMA",0.779550618040743,2.04424103101927,0.377
"5169",9,29,1,"AVS",2.77806145107395,3.20319589878114,0.0305
"5170",9,29,2,"AVS",2.49752609449727,3.59836491658523,0.9165
"5171",9,29,3,"AVS",0.638915583702751,1.81060022374926,0.4865
"5172",9,29,4,"AVS",0.737824763717853,1.92214669344628,0.681
"5173",9,29,5,"AVS",0.628721065576687,1.84210918376038,0.415
"5174",9,29,6,"AVS",1.76179899603823,2.63318065146589,0.876
"5175",9,29,7,"AVS",0.893833607753472,2.13916614793233,0.637
"5176",9,29,8,"AVS",0.660871232133507,1.926762820563,0.422
"5177",9,29,9,"AVS",0.734381805451754,1.85005469637295,0.349
"5178",9,29,10,"AVS",0.615404520774479,1.78202497645204,0.614
"5179",9,29,11,"AVS",0.501333930252312,1.62970597736809,0.5345
"5180",9,29,12,"AVS",2.82361048426088,3.48917483379305,0.0305
"5181",9,29,13,"AVS",1.42439626661814,2.17971774862522,0.153
"5182",9,29,14,"AVS",0.529237951605093,1.72418387623679,0.4345
"5183",9,29,15,"AVS",1.92569442242822,2.74802102488084,0.928
"5184",9,29,16,"AVS",3.16425364508489,4.13819625068104,0.986
"5185",9,29,17,"AVS",0.628200506108614,1.78292738202188,0.5765
"5186",9,29,18,"AVS",0.644092644970858,1.83707103137148,0.3125
"5187",9,29,19,"AVS",1.24641994952791,2.07808047732267,0.8475
"5188",9,29,20,"AVS",2.89781629990699,3.69221454438164,0.983
"5189",9,29,21,"AVS",3.88585758285008,4.83152161163695,0.995
"5190",9,29,22,"AVS",1.93578533849505,2.62293849570998,0.9065
"5191",9,29,23,"AVS",1.18108001701551,2.16500328794984,0.18
"5192",9,29,24,"AVS",0.715966299354455,1.89907077425248,0.318
"5193",9,29,25,"AVS",0.540149973507373,1.80072712180803,0.477
"5194",9,29,26,"AVS",0.497675159378958,1.74272278066587,0.492
"5195",9,29,27,"AVS",1.94730167618046,2.71334445439779,0.0795
"5196",9,29,28,"AVS",1.14257210252054,2.08243849869533,0.1885
"5197",9,29,29,"AVS",0.516377610678143,1.72290148008588,0.4835
"5198",9,29,30,"AVS",1.18306301060122,2.21083824229858,0.1785
"5199",9,29,31,"AVS",1.86300861888091,2.56152487522386,0.089
"5200",9,29,32,"AVS",7.79795406702551,15.6927617541735,1
"5201",9,29,33,"AVS",1.27028007715107,2.2929066039008,0.204
"5202",9,29,34,"AVS",0.798295794351183,1.98521505094102,0.642
"5203",9,29,35,"AVS",7.38251071472397,8.03784441479192,0
"5204",9,29,36,"AVS",0.827185530653616,2.08205932562454,0.3645
"5205",9,29,37,"AVS",0.785132675213388,2.02609321659187,0.629
"5206",9,29,38,"AVS",0.625483211354572,1.96073176898575,0.509
"5207",9,29,1,"EQW",2.77806145107395,3.13669915249801,0.0295
"5208",9,29,2,"EQW",1.50219897660252,2.66817793792204,0.762
"5209",9,29,3,"EQW",0.605140324043406,1.88883438289352,0.463
"5210",9,29,4,"EQW",0.727419880911208,1.91237742264555,0.6505
"5211",9,29,5,"EQW",0.605760412458432,1.80449027934647,0.424
"5212",9,29,6,"EQW",1.70838847261836,2.81683987269346,0.87
"5213",9,29,7,"EQW",0.954026143665835,2.11452895196585,0.67
"5214",9,29,8,"EQW",0.657455975569357,1.93553581066417,0.526
"5215",9,29,9,"EQW",0.704192139586209,1.84158750216099,0.358
"5216",9,29,10,"EQW",0.615490942475202,1.77641939061607,0.6105
"5217",9,29,11,"EQW",0.515726773458299,1.71727167724486,0.5185
"5218",9,29,12,"EQW",2.89214914419682,3.40418748561147,0.027
"5219",9,29,13,"EQW",1.62752107304206,2.31188850162276,0.119
"5220",9,29,14,"EQW",0.919403989932552,1.88684839985295,0.2565
"5221",9,29,15,"EQW",1.208197925677,2.20895685185535,0.8085
"5222",9,29,16,"EQW",3.40199244862306,3.87675215543613,0.9805
"5223",9,29,17,"EQW",1.19163415325082,2.21880426420367,0.703
"5224",9,29,18,"EQW",0.899575138236754,2.05954971131242,0.656
"5225",9,29,19,"EQW",2.29889461979611,2.82173680562852,0.917
"5226",9,29,20,"EQW",4.36154223098485,4.10892488259062,0.9865
"5227",9,29,21,"EQW",6.15294886383776,5.50817689306365,0.998
"5228",9,29,22,"EQW",4.46584805266867,3.17368685126067,0.9455
"5229",9,29,23,"EQW",1.67658064769074,2.6612440511463,0.5485
"5230",9,29,24,"EQW",1.08346806813146,2.3388556871141,0.559
"5231",9,29,25,"EQW",1.01713105231874,2.20134356069259,0.605
"5232",9,29,26,"EQW",0.876797697048028,2.07377321135377,0.566
"5233",9,29,27,"EQW",1.47627988777827,2.52824506388347,0.2445
"5234",9,29,28,"EQW",1.4160368141606,2.37202714367623,0.22
"5235",9,29,29,"EQW",0.881736485024669,2.13298680956704,0.378
"5236",9,29,30,"EQW",1.6078570128937,2.31048737961715,0.19
"5237",9,29,31,"EQW",2.60738894343724,2.90440149967092,0.078
"5238",9,29,32,"EQW",5.20359573977461,3.93271476365006,0.904
"5239",9,29,33,"EQW",1.05564556669654,2.42681189609198,0.4365
"5240",9,29,34,"EQW",1.12734563300406,2.35209184113847,0.677
"5241",9,29,35,"EQW",6.07290310594137,4.20839665508374,0.0265
"5242",9,29,36,"EQW",1.95613032257684,2.5251973912742,0.2095
"5243",9,29,37,"EQW",1.03965067557828,2.28294395073849,0.428
"5244",9,29,38,"EQW",0.909785219590583,2.19891764363261,0.3805
"5245",9,29,1,"SGP",2.77806145107395,3.19799163647673,0.0235
"5246",9,29,2,"SGP",2.09949266848129,3.31201868204854,0.8455
"5247",9,29,3,"SGP",0.533860681751584,1.74148622036493,0.523
"5248",9,29,4,"SGP",0.708504775090048,1.7911374507744,0.6915
"5249",9,29,5,"SGP",0.527495052773494,1.77096361574126,0.362
"5250",9,29,6,"SGP",2.02091814341371,2.85866162750671,0.9405
"5251",9,29,7,"SGP",0.747811701865852,2.00263272722015,0.647
"5252",9,29,8,"SGP",0.55397488135436,1.72877630371597,0.41
"5253",9,29,9,"SGP",0.619467966885071,1.67750835776736,0.3125
"5254",9,29,10,"SGP",0.622552074848666,1.57844965449032,0.7195
"5255",9,29,11,"SGP",0.404596320251617,1.50303936870142,0.526
"5256",9,29,12,"SGP",3.07004181457762,4.13557954123625,0.0095
"5257",9,29,13,"SGP",0.873108226392669,1.88808492063054,0.2425
"5258",9,29,14,"SGP",0.500634373392749,1.67655699860296,0.4475
"5259",9,29,15,"SGP",1.80395955209174,2.59791768487352,0.928
"5260",9,29,16,"SGP",3.08759805570324,4.20640899426038,0.989
"5261",9,29,17,"SGP",0.479200587277876,1.64429020648189,0.5025
"5262",9,29,18,"SGP",0.535268487725178,1.73599986652619,0.475
"5263",9,29,19,"SGP",1.76249380408934,2.46615695244894,0.9
"5264",9,29,20,"SGP",3.27361436203906,3.9052076809905,0.9885
"5265",9,29,21,"SGP",4.17650054536414,4.82263851246126,0.9975
"5266",9,29,22,"SGP",1.99186844378805,2.67123951919467,0.917
"5267",9,29,23,"SGP",1.14955877547125,2.14455110047336,0.1925
"5268",9,29,24,"SGP",0.70954708180798,1.86009371751121,0.335
"5269",9,29,25,"SGP",0.544874779492976,1.76748142033536,0.499
"5270",9,29,26,"SGP",0.509428680666095,1.78123459866963,0.469
"5271",9,29,27,"SGP",1.93487080656773,2.64858612061971,0.101
"5272",9,29,28,"SGP",1.15222837007156,2.12287044406193,0.1905
"5273",9,29,29,"SGP",0.528064340651296,1.85670383295958,0.494
"5274",9,29,30,"SGP",1.18899008866194,2.16815531595384,0.1775
"5275",9,29,31,"SGP",1.90948262014057,2.62326581859008,0.092
"5276",9,29,32,"SGP",7.84542802786316,7.28138087361295,0.9985
"5277",9,29,33,"SGP",1.24120623391935,2.25128570731314,0.2065
"5278",9,29,34,"SGP",0.80488862221912,1.95800037003532,0.664
"5279",9,29,35,"SGP",7.36496609503688,7.72131887125926,0.001
"5280",9,29,36,"SGP",0.84853822107956,2.09107899726985,0.346
"5281",9,29,37,"SGP",0.781133837745595,2.03669455976753,0.6055
"5282",9,29,38,"SGP",0.629947211918442,2.00876480543292,0.501
"5283",9,29,1,"SGP50",2.77806145107395,3.18878482232527,0.0265
"5284",9,29,2,"SGP50",1.51634486914861,2.78074751253686,0.748
"5285",9,29,3,"SGP50",0.602419970976936,1.90201846900659,0.488
"5286",9,29,4,"SGP50",0.727390129706678,1.99308437772102,0.6775
"5287",9,29,5,"SGP50",0.600069532774265,1.83118460954397,0.3925
"5288",9,29,6,"SGP50",1.72585659568851,2.56304966821921,0.8625
"5289",9,29,7,"SGP50",0.952154188353672,2.1422000500936,0.709
"5290",9,29,8,"SGP50",0.65223142155231,1.90890801884383,0.505
"5291",9,29,9,"SGP50",0.694066592803805,1.75733504612241,0.3455
"5292",9,29,10,"SGP50",0.614763318311778,1.78450661238821,0.628
"5293",9,29,11,"SGP50",0.507359859750826,1.64992515789988,0.529
"5294",9,29,12,"SGP50",2.89534873704058,3.4564690603331,0.026
"5295",9,29,13,"SGP50",1.57291937495969,2.30267411359238,0.1355
"5296",9,29,14,"SGP50",0.88307432419073,1.90236085719821,0.2665
"5297",9,29,15,"SGP50",1.23168100399883,2.2050580594796,0.818
"5298",9,29,16,"SGP50",3.3657275909954,3.92790759345951,0.976
"5299",9,29,17,"SGP50",1.08748582324276,2.15775685742241,0.694
"5300",9,29,18,"SGP50",0.848370931224007,2.06526938336137,0.6645
"5301",9,29,19,"SGP50",2.25809678610688,2.81708626338451,0.9205
"5302",9,29,20,"SGP50",4.26287220740754,4.25554954268842,0.988
"5303",9,29,21,"SGP50",5.91699321523212,5.1918579173081,0.996
"5304",9,29,22,"SGP50",3.99321548729809,3.07832805028836,0.9465
"5305",9,29,23,"SGP50",1.42013808666293,2.5327997234703,0.496
"5306",9,29,24,"SGP50",0.942011651955043,2.2117167506386,0.5315
"5307",9,29,25,"SGP50",0.883138250686632,2.09904256819111,0.586
"5308",9,29,26,"SGP50",0.773370453828049,2.01888257775914,0.5745
"5309",9,29,27,"SGP50",1.55591082510282,2.52391357224397,0.2025
"5310",9,29,28,"SGP50",1.34263247858415,2.19025483237534,0.2315
"5311",9,29,29,"SGP50",0.764353321069867,1.99558408783802,0.453
"5312",9,29,30,"SGP50",1.46365501980128,2.30758796602935,0.1925
"5313",9,29,31,"SGP50",2.37505425265707,2.74309101046827,0.09
"5314",9,29,32,"SGP50",5.98731468123876,4.19265351192076,0.9345
"5315",9,29,33,"SGP50",1.03363352675339,2.43261234342676,0.3655
"5316",9,29,34,"SGP50",1.03727208465431,2.24692368555942,0.674
"5317",9,29,35,"SGP50",6.36969669009946,4.79600154146818,0.0175
"5318",9,29,36,"SGP50",1.53501368189022,2.43297640552939,0.231
"5319",9,29,37,"SGP50",0.872306906201327,2.19023815272325,0.456
"5320",9,29,38,"SGP50",0.790846878964454,2.02909083531039,0.4515
"5321",9,30,1,"BMA",0.915322872075428,2.19972559429244,0.715
"5322",9,30,2,"BMA",2.65972809537829,3.77297869587755,0.913
"5323",9,30,3,"BMA",1.13874693172958,2.48005493190493,0.396
"5324",9,30,4,"BMA",1.12998925286241,2.44171777184338,0.6145
"5325",9,30,5,"BMA",3.10801765848881,3.16426623908217,0.8755
"5326",9,30,6,"BMA",3.57205138726509,3.27733227740454,0.865
"5327",9,30,7,"BMA",1.47036404143574,2.5714017951289,0.637
"5328",9,30,8,"BMA",1.8246016668967,2.74754491430198,0.7025
"5329",9,30,9,"BMA",2.10544240206378,2.91286972584638,0.7475
"5330",9,30,10,"BMA",1.81831059560724,2.78912095071729,0.7185
"5331",9,30,11,"BMA",3.05150182407573,3.10106450159978,0.8475
"5332",9,30,12,"BMA",2.99628040182627,3.03005052884121,0.82
"5333",9,30,13,"BMA",3.77277350504115,3.27684218860222,0.14
"5334",9,30,14,"BMA",2.68460479090628,3.02760799629042,0.212
"5335",9,30,15,"BMA",1.7787121398704,2.87234485565482,0.357
"5336",9,30,16,"BMA",3.21625557316604,3.20332001320568,0.807
"5337",9,30,17,"BMA",1.45014292702438,2.71820717668357,0.5975
"5338",9,30,18,"BMA",1.84668745822608,2.75600191908507,0.266
"5339",9,30,19,"BMA",2.30515732262252,2.80916179604547,0.2265
"5340",9,30,20,"BMA",1.25581322430437,2.61902638459973,0.6015
"5341",9,30,21,"BMA",4.63404975538626,3.60844617661049,0.925
"5342",9,30,22,"BMA",6.27714696395734,3.90155792730627,0.9505
"5343",9,30,23,"BMA",7.57387138179767,4.25168972682997,0.975
"5344",9,30,24,"BMA",2.88492901712067,3.21181123374956,0.1515
"5345",9,30,25,"BMA",1.63708143101287,2.58405323961244,0.236
"5346",9,30,26,"BMA",2.24827715342349,2.77182856640777,0.161
"5347",9,30,27,"BMA",1.26350753881114,2.35018302525781,0.281
"5348",9,30,28,"BMA",4.18387054578814,3.53578267641624,0.053
"5349",9,30,29,"BMA",3.12268845488157,3.07628721114445,0.104
"5350",9,30,30,"BMA",0.941587264490277,2.26564696473074,0.483
"5351",9,30,31,"BMA",1.02535069085605,2.28350351488049,0.6045
"5352",9,30,32,"BMA",0.891258033374186,2.22620446916824,0.5065
"5353",9,30,33,"BMA",0.980048866985712,2.28467892134214,0.5965
"5354",9,30,34,"BMA",2.38832201869815,2.71979296074733,0.869
"5355",9,30,35,"BMA",1.00830367423968,2.38798584822234,0.365
"5356",9,30,36,"BMA",4.12110259580513,3.57775947990752,0.047
"5357",9,30,37,"BMA",0.88315498536835,2.28601500720836,0.3755
"5358",9,30,38,"BMA",1.20538300136815,2.34295551972066,0.286
"5359",9,30,1,"AVS",0.915322872075428,2.23244491595361,0.7175
"5360",9,30,2,"AVS",2.65612109662842,3.47983516834242,0.8895
"5361",9,30,3,"AVS",1.12485705641435,2.23202320415743,0.313
"5362",9,30,4,"AVS",1.22781250949893,2.53828076211281,0.7105
"5363",9,30,5,"AVS",3.14672299785625,3.18237892216314,0.878
"5364",9,30,6,"AVS",3.61912717492562,3.36197900150691,0.8865
"5365",9,30,7,"AVS",1.40259302605515,2.58631037012971,0.6175
"5366",9,30,8,"AVS",1.84508443373296,2.75938249037872,0.7365
"5367",9,30,9,"AVS",1.96838533665967,2.72266038167049,0.778
"5368",9,30,10,"AVS",1.42527576848469,2.47115021535288,0.6955
"5369",9,30,11,"AVS",2.61964513514559,3.08148491406522,0.886
"5370",9,30,12,"AVS",1.25795758722676,2.17466293116495,0.722
"5371",9,30,13,"AVS",7.70972944195594,7.82035581257295,0.006
"5372",9,30,14,"AVS",2.66301224768436,2.93106852067559,0.2035
"5373",9,30,15,"AVS",1.3334487060563,2.5172871703215,0.328
"5374",9,30,16,"AVS",3.23752341321499,3.30833098154542,0.914
"5375",9,30,17,"AVS",1.64241752087582,2.79267350486659,0.322
"5376",9,30,18,"AVS",2.30089991515577,2.90172268320207,0.2155
"5377",9,30,19,"AVS",2.37439122542385,2.83377261980672,0.2235
"5378",9,30,20,"AVS",1.25271872471928,2.54004743149178,0.606
"5379",9,30,21,"AVS",4.69507783987968,3.5501675106444,0.938
"5380",9,30,22,"AVS",3.05936510984218,2.81448318701774,0.8245
"5381",9,30,23,"AVS",2.93083640590868,3.03732122038546,0.9085
"5382",9,30,24,"AVS",5.04961261549842,4.22079549922807,0.02
"5383",9,30,25,"AVS",2.63308560203299,3.00737401302976,0.119
"5384",9,30,26,"AVS",3.10208984973412,3.00561025083773,0.0985
"5385",9,30,27,"AVS",1.37317932195044,2.40245414676891,0.264
"5386",9,30,28,"AVS",4.2681530767831,3.56074463533286,0.0455
"5387",9,30,29,"AVS",3.02619331086594,3.01351957349874,0.0935
"5388",9,30,30,"AVS",0.984717723654095,2.31301733381677,0.5405
"5389",9,30,31,"AVS",1.0168439015966,2.35041783686905,0.596
"5390",9,30,32,"AVS",0.866916346748146,2.2125717354869,0.512
"5391",9,30,33,"AVS",0.952587126128273,2.31744263238805,0.58
"5392",9,30,34,"AVS",2.37163931102656,2.73462094110019,0.8515
"5393",9,30,35,"AVS",1.0129768209132,2.31289009012351,0.385
"5394",9,30,36,"AVS",4.11836106656383,3.72438208621953,0.0465
"5395",9,30,37,"AVS",0.880695882182746,2.21953873353126,0.3725
"5396",9,30,38,"AVS",1.20490793949149,2.38357383067053,0.2845
"5397",9,30,1,"EQW",0.915322872075428,2.22744337914314,0.702
"5398",9,30,2,"EQW",2.51678534487783,3.34287478900185,0.8785
"5399",9,30,3,"EQW",0.786566113735744,2.06201766626475,0.3865
"5400",9,30,4,"EQW",1.5762879120412,2.5426837738318,0.792
"5401",9,30,5,"EQW",4.01045674747726,3.78623580084571,0.94
"5402",9,30,6,"EQW",2.93621390998117,3.18047713165855,0.904
"5403",9,30,7,"EQW",1.03971500964329,2.44180565563255,0.448
"5404",9,30,8,"EQW",1.63302371031381,2.57295446328594,0.763
"5405",9,30,9,"EQW",1.89241861673799,2.67950454579554,0.7895
"5406",9,30,10,"EQW",1.44874761623893,2.49696762760453,0.733
"5407",9,30,11,"EQW",3.34423247509837,3.22988718384209,0.883
"5408",9,30,12,"EQW",2.62120063981688,2.71003722860904,0.8255
"5409",9,30,13,"EQW",3.49226376930088,3.28330747353271,0.156
"5410",9,30,14,"EQW",1.35987582023852,2.54110345968367,0.3755
"5411",9,30,15,"EQW",1.13414330289699,2.49371529630658,0.468
"5412",9,30,16,"EQW",4.26587086233584,3.605440118928,0.926
"5413",9,30,17,"EQW",1.36588277785415,2.65866433856199,0.465
"5414",9,30,18,"EQW",2.07467222568846,2.89321519155718,0.2435
"5415",9,30,19,"EQW",2.08575344222159,2.67550759208629,0.217
"5416",9,30,20,"EQW",1.10728860772065,2.44082811113159,0.5985
"5417",9,30,21,"EQW",2.83698114830055,2.812094211485,0.8565
"5418",9,30,22,"EQW",3.05213031399457,2.87804371862761,0.8405
"5419",9,30,23,"EQW",6.17487253052881,3.72646226564226,0.961
"5420",9,30,24,"EQW",2.32039181172642,3.4415258394216,0.4715
"5421",9,30,25,"EQW",1.4896021765185,2.81894969397422,0.4575
"5422",9,30,26,"EQW",1.74869418100543,2.8396683778646,0.297
"5423",9,30,27,"EQW",1.39346833738593,2.58849215469397,0.3465
"5424",9,30,28,"EQW",3.91632045816422,3.44161116259294,0.109
"5425",9,30,29,"EQW",3.41495393752741,3.08371603742364,0.1195
"5426",9,30,30,"EQW",1.38654094906201,2.70300855569439,0.429
"5427",9,30,31,"EQW",1.29168216508968,2.59236052552593,0.5985
"5428",9,30,32,"EQW",1.21860822517426,2.56104558280667,0.611
"5429",9,30,33,"EQW",1.73176280806118,2.64037427929856,0.7345
"5430",9,30,34,"EQW",3.97266678286323,3.2294388193362,0.9115
"5431",9,30,35,"EQW",2.08374349085479,2.91371447136027,0.5995
"5432",9,30,36,"EQW",1.97727062818596,3.19801680001733,0.361
"5433",9,30,37,"EQW",1.32714356893365,2.58509211280801,0.6255
"5434",9,30,38,"EQW",1.19869318064602,2.57948958471492,0.475
"5435",9,30,1,"SGP",0.915322872075428,2.15813714917493,0.7215
"5436",9,30,2,"SGP",2.92716182477949,4.31440887518573,0.9515
"5437",9,30,3,"SGP",0.671193075361977,1.80983067011598,0.3555
"5438",9,30,4,"SGP",1.93191615352892,2.82022307823485,0.9045
"5439",9,30,5,"SGP",4.62240521555156,4.94888737083051,0.9885
"5440",9,30,6,"SGP",2.8717547295278,3.26156706518331,0.9445
"5441",9,30,7,"SGP",0.890511543750464,2.14157395162042,0.347
"5442",9,30,8,"SGP",1.56118335242965,2.4272432885559,0.835
"5443",9,30,9,"SGP",1.4146309667339,2.24327413227383,0.8495
"5444",9,30,10,"SGP",0.757624325088698,1.93732131659392,0.662
"5445",9,30,11,"SGP",2.61538956475369,3.07771149369098,0.9485
"5446",9,30,12,"SGP",0.874279407809916,1.96452965151231,0.702
"5447",9,30,13,"SGP",7.50672785892261,6.21196923339003,0.0095
"5448",9,30,14,"SGP",1.28461995723152,2.2980060734888,0.2425
"5449",9,30,15,"SGP",0.900805422379455,2.21060162518673,0.376
"5450",9,30,16,"SGP",3.46604859665215,3.35728374669776,0.9565
"5451",9,30,17,"SGP",2.64991600298723,2.91020604660743,0.085
"5452",9,30,18,"SGP",4.16941342391216,3.84375669011081,0.035
"5453",9,30,19,"SGP",3.05324795915957,3.16295039898525,0.078
"5454",9,30,20,"SGP",0.869773439101494,2.18991171047906,0.542
"5455",9,30,21,"SGP",1.52302522291008,2.39492173563921,0.785
"5456",9,30,22,"SGP",1.0181838674776,2.09673873723254,0.678
"5457",9,30,23,"SGP",2.8079851230824,3.1128618532378,0.918
"5458",9,30,24,"SGP",4.94310463160938,4.12136236121828,0.0345
"5459",9,30,25,"SGP",2.83291677860349,2.95864322742689,0.1185
"5460",9,30,26,"SGP",3.76982039492412,3.39197040918782,0.0525
"5461",9,30,27,"SGP",2.05423792378211,2.57794057190135,0.157
"5462",9,30,28,"SGP",5.09228427241706,4.28881291235312,0.019
"5463",9,30,29,"SGP",1.69391810560244,2.52111931067139,0.203
"5464",9,30,30,"SGP",1.91578989399669,2.54573463696704,0.796
"5465",9,30,31,"SGP",1.88263601038514,2.65622001694005,0.776
"5466",9,30,32,"SGP",1.03427144865939,2.33340950578682,0.66
"5467",9,30,33,"SGP",1.32546460984602,2.33608485393641,0.7245
"5468",9,30,34,"SGP",2.40943522413271,2.83010474261746,0.8685
"5469",9,30,35,"SGP",1.55392935319402,2.45747678615048,0.2345
"5470",9,30,36,"SGP",3.66436008468796,3.31645137089108,0.0635
"5471",9,30,37,"SGP",1.03141776364838,2.30585894416663,0.652
"5472",9,30,38,"SGP",1.09807143765843,2.31586428609949,0.321
"5473",9,30,1,"SGP50",0.915322872075428,2.14040897106837,0.699
"5474",9,30,2,"SGP50",2.53195093853505,3.39979669023198,0.894
"5475",9,30,3,"SGP50",0.780503520635223,2.15635911330966,0.3735
"5476",9,30,4,"SGP50",1.59218218338749,2.67772295822809,0.8055
"5477",9,30,5,"SGP50",4.04401861525337,3.92202731447426,0.937
"5478",9,30,6,"SGP50",2.92102081886625,3.20199936189148,0.898
"5479",9,30,7,"SGP50",1.02057994769711,2.38264325878966,0.4405
"5480",9,30,8,"SGP50",1.63432518376756,2.59060158613918,0.7805
"5481",9,30,9,"SGP50",1.86901193226113,2.55972792687696,0.799
"5482",9,30,10,"SGP50",1.40086364029812,2.41479241347139,0.7205
"5483",9,30,11,"SGP50",3.30742391325448,3.30650783366702,0.9075
"5484",9,30,12,"SGP50",2.44555674716104,2.74194916449361,0.836
"5485",9,30,13,"SGP50",3.76444767224766,3.3567788218432,0.1325
"5486",9,30,14,"SGP50",1.30389248067619,2.4872641732098,0.3525
"5487",9,30,15,"SGP50",1.07033664833022,2.39350298071317,0.4725
"5488",9,30,16,"SGP50",4.17480063944667,3.56207919582566,0.912
"5489",9,30,17,"SGP50",1.37754599833815,2.72195956939893,0.3935
"5490",9,30,18,"SGP50",2.32176561089011,2.88374165743768,0.207
"5491",9,30,19,"SGP50",2.16826944869041,2.7862890720191,0.1805
"5492",9,30,20,"SGP50",1.08356260795817,2.34800992968432,0.619
"5493",9,30,21,"SGP50",2.63427165640335,2.79545766172725,0.862
"5494",9,30,22,"SGP50",2.58879221080923,2.74629564429552,0.8265
"5495",9,30,23,"SGP50",5.35817446386119,3.69321814360861,0.962
"5496",9,30,24,"SGP50",2.3975670585535,3.45483065238515,0.359
"5497",9,30,25,"SGP50",1.53528202664746,2.80997262176558,0.385
"5498",9,30,26,"SGP50",2.03435352638805,2.92728576512936,0.239
"5499",9,30,27,"SGP50",1.44048424180347,2.54980106728178,0.2885
"5500",9,30,28,"SGP50",4.11791875547306,3.52329094857746,0.0995
"5501",9,30,29,"SGP50",3.05631594155199,2.989587952763,0.1345
"5502",9,30,30,"SGP50",1.24424668274605,2.61975209112794,0.499
"5503",9,30,31,"SGP50",1.29948326074429,2.48572153343704,0.628
"5504",9,30,32,"SGP50",1.13162620503679,2.494423157765,0.606
"5505",9,30,33,"SGP50",1.53327746611325,2.5468113362551,0.7025
"5506",9,30,34,"SGP50",3.42119204943978,3.12091011777956,0.908
"5507",9,30,35,"SGP50",1.5340856840024,2.71474360506977,0.5365
"5508",9,30,36,"SGP50",2.37838520932047,3.19240808514112,0.2745
"5509",9,30,37,"SGP50",1.12203754770161,2.46567535472512,0.5915
"5510",9,30,38,"SGP50",1.11738210093128,2.49299570632739,0.4365
"5511",9,31,1,"BMA",6.85696192071178,4.22299801629034,0.8135
"5512",9,31,2,"BMA",3.06411649551378,3.45039792412785,0.4275
"5513",9,31,3,"BMA",4.29142101926759,3.64157714121937,0.751
"5514",9,31,4,"BMA",2.94713960221146,3.39332477703788,0.626
"5515",9,31,5,"BMA",9.11719194665809,4.25232349380329,0.9225
"5516",9,31,6,"BMA",2.63388436558762,3.31262922603115,0.526
"5517",9,31,7,"BMA",2.74386164359629,3.22592087910388,0.3435
"5518",9,31,8,"BMA",4.03668494065263,3.54717192047607,0.2105
"5519",9,31,9,"BMA",2.22208854621057,3.11930541472725,0.4195
"5520",9,31,10,"BMA",3.05591176145554,3.32947790240835,0.3145
"5521",9,31,11,"BMA",2.2463143347403,3.08169567593134,0.3625
"5522",9,31,12,"BMA",6.86018280002146,3.90758891462171,0.9335
"5523",9,31,13,"BMA",5.80097741495787,3.58384020367199,0.882
"5524",9,31,14,"BMA",2.36913380255821,2.97565103842095,0.7095
"5525",9,31,15,"BMA",4.33216207730409,3.3984683653241,0.1355
"5526",9,31,16,"BMA",1.67587201579176,2.81497414717355,0.4115
"5527",9,31,17,"BMA",4.3963474488278,3.42950431532369,0.142
"5528",9,31,18,"BMA",2.34035486754215,2.96366956997276,0.2905
"5529",9,31,19,"BMA",1.74321850711889,2.77322377787303,0.3685
"5530",9,31,20,"BMA",2.95222369145692,3.03470307762022,0.79
"5531",9,31,21,"BMA",12.9597009546188,6.08109596718424,0.0025
"5532",9,31,22,"BMA",2.92157623509894,3.11385110581609,0.743
"5533",9,31,23,"BMA",2.20352680483955,2.99047046751496,0.33
"5534",9,31,24,"BMA",3.08612370025535,3.19618603044025,0.2145
"5535",9,31,25,"BMA",6.8358945564992,3.78899674279376,0.923
"5536",9,31,26,"BMA",2.22661540991063,2.982716924579,0.3315
"5537",9,31,27,"BMA",9.43703139967277,4.81716520142883,0.0265
"5538",9,31,28,"BMA",1.67386347543655,3.0065706618634,0.526
"5539",9,31,29,"BMA",1.56098123814734,2.87471252058322,0.4825
"5540",9,31,30,"BMA",4.68496058846177,3.53058369712081,0.124
"5541",9,31,31,"BMA",4.34136958829655,3.43822051509249,0.139
"5542",9,31,32,"BMA",1.88585786977003,2.92299615299166,0.623
"5543",9,31,33,"BMA",6.32874337672516,3.83522113643933,0.0755
"5544",9,31,34,"BMA",7.31120578469074,4.0712407246421,0.057
"5545",9,31,35,"BMA",3.43926544302349,3.19777243477887,0.199
"5546",9,31,36,"BMA",2.08169992676446,3.01123247503813,0.639
"5547",9,31,37,"BMA",3.16648174247528,3.17322525277107,0.2365
"5548",9,31,38,"BMA",2.39014944982016,3.02893225510627,0.3365
"5549",9,31,1,"AVS",6.85696192071178,4.28923345519082,0.825
"5550",9,31,2,"AVS",4.99387166992838,3.58327335114016,0.2775
"5551",9,31,3,"AVS",3.4107775910756,3.62931013944524,0.6305
"5552",9,31,4,"AVS",4.3584654507843,3.85890551319341,0.701
"5553",9,31,5,"AVS",11.5989772580933,4.49099696841635,0.908
"5554",9,31,6,"AVS",2.45471838384147,3.30473382828182,0.5125
"5555",9,31,7,"AVS",3.3578085585041,3.3295038278927,0.2975
"5556",9,31,8,"AVS",4.7708581344341,3.59676561696108,0.23
"5557",9,31,9,"AVS",2.85969949083001,3.36839322435227,0.415
"5558",9,31,10,"AVS",2.85889743567165,3.35676932928808,0.4555
"5559",9,31,11,"AVS",2.29145398041718,3.28782152709645,0.516
"5560",9,31,12,"AVS",8.55419619329907,4.09465972842864,0.949
"5561",9,31,13,"AVS",8.89717409114254,4.23772964816736,0.947
"5562",9,31,14,"AVS",2.35889610235701,2.9428395279399,0.7
"5563",9,31,15,"AVS",4.79195789827385,3.49160020350748,0.1065
"5564",9,31,16,"AVS",1.65059846641228,2.86852481623831,0.454
"5565",9,31,17,"AVS",3.87636935007335,3.33743262524364,0.174
"5566",9,31,18,"AVS",1.67584442871471,2.87705179121514,0.3995
"5567",9,31,19,"AVS",1.53206086658815,2.77993515036761,0.5015
"5568",9,31,20,"AVS",4.17989854744792,3.29322862116616,0.8405
"5569",9,31,21,"AVS",10.7341740035261,5.15622313006156,0.017
"5570",9,31,22,"AVS",3.08171320547249,3.14642939293592,0.765
"5571",9,31,23,"AVS",2.06169159238138,2.99676914073209,0.3465
"5572",9,31,24,"AVS",2.91549902673531,3.17027378339957,0.2255
"5573",9,31,25,"AVS",6.78664133816254,3.91864051950356,0.925
"5574",9,31,26,"AVS",2.13852543204266,3.0073467045052,0.346
"5575",9,31,27,"AVS",9.25928618148824,4.62825904431733,0.032
"5576",9,31,28,"AVS",1.66152355379999,2.97621071539806,0.5265
"5577",9,31,29,"AVS",1.55724157235234,2.85115900002351,0.4845
"5578",9,31,30,"AVS",4.6977445404638,3.46592373098316,0.1275
"5579",9,31,31,"AVS",4.41996934374022,3.51221051835604,0.1395
"5580",9,31,32,"AVS",1.81589558995724,2.92367756157852,0.617
"5581",9,31,33,"AVS",6.44963934494016,3.83740076832775,0.081
"5582",9,31,34,"AVS",7.68299133651742,4.18093780931611,0.0435
"5583",9,31,35,"AVS",3.98939515166021,3.28727877433963,0.177
"5584",9,31,36,"AVS",1.80737209314507,2.94445451507024,0.6005
"5585",9,31,37,"AVS",3.58801376670306,3.21414596078549,0.175
"5586",9,31,38,"AVS",2.75719029204418,3.11334143836955,0.2595
"5587",9,31,1,"EQW",6.85696192071178,4.22064671620123,0.8125
"5588",9,31,2,"EQW",2.42073454124062,3.30015280525681,0.4905
"5589",9,31,3,"EQW",4.7057289963662,3.7156868880918,0.7995
"5590",9,31,4,"EQW",2.49251060887554,3.25452341845086,0.629
"5591",9,31,5,"EQW",9.29194353291554,4.34492532886867,0.9295
"5592",9,31,6,"EQW",2.7744917712238,3.36434590591342,0.577
"5593",9,31,7,"EQW",2.56176117962994,3.33445792363316,0.4715
"5594",9,31,8,"EQW",3.0760715904789,3.41241418676624,0.3615
"5595",9,31,9,"EQW",2.39011184355315,3.18351268756666,0.497
"5596",9,31,10,"EQW",2.69720204371501,3.33667533720159,0.4475
"5597",9,31,11,"EQW",2.36969555241327,3.24928698339516,0.4385
"5598",9,31,12,"EQW",8.64007012974609,4.17658958888598,0.958
"5599",9,31,13,"EQW",10.0016908810405,4.01314076367468,0.9275
"5600",9,31,14,"EQW",9.19950941800149,3.76760160564342,0.856
"5601",9,31,15,"EQW",5.27027526653139,3.79402922258594,0.583
"5602",9,31,16,"EQW",5.53487422554205,3.53825038653187,0.7265
"5603",9,31,17,"EQW",4.0196431371542,3.64386886352881,0.532
"5604",9,31,18,"EQW",3.54602113037112,3.37192490492578,0.59
"5605",9,31,19,"EQW",3.45811703949582,3.38303568778753,0.6195
"5606",9,31,20,"EQW",6.9432428177721,3.53298926805204,0.852
"5607",9,31,21,"EQW",5.59749543121804,4.14825398031262,0.3135
"5608",9,31,22,"EQW",4.11702007031821,3.36420253313663,0.739
"5609",9,31,23,"EQW",2.98182678860795,3.37819285772274,0.522
"5610",9,31,24,"EQW",3.15053023196213,3.49465094672837,0.38
"5611",9,31,25,"EQW",8.27157910396859,3.96961239638551,0.9115
"5612",9,31,26,"EQW",3.43151657845907,3.37098796907789,0.5365
"5613",9,31,27,"EQW",5.90235223480561,4.33178291833533,0.2435
"5614",9,31,28,"EQW",3.01879752066392,3.34868893885369,0.6145
"5615",9,31,29,"EQW",2.87530207478291,3.29240729093768,0.5725
"5616",9,31,30,"EQW",3.93834302816209,3.69605221175591,0.3035
"5617",9,31,31,"EQW",3.72893950939009,3.59908171259929,0.323
"5618",9,31,32,"EQW",3.0148256633467,3.20839758734014,0.628
"5619",9,31,33,"EQW",4.35119813554191,3.70744827357936,0.258
"5620",9,31,34,"EQW",5.76085324945997,3.72885869575047,0.1825
"5621",9,31,35,"EQW",4.09912743526556,3.39050528563369,0.2465
"5622",9,31,36,"EQW",2.30410718679543,3.24415559944309,0.5485
"5623",9,31,37,"EQW",3.08449072403354,3.18109572605992,0.2905
"5624",9,31,38,"EQW",2.89976250412893,3.17874966324491,0.271
"5625",9,31,1,"SGP",6.85696192071178,4.10638807946771,0.8165
"5626",9,31,2,"SGP",2.05915398857555,3.11610783965259,0.5455
"5627",9,31,3,"SGP",6.10577107157489,3.77051810944628,0.8955
"5628",9,31,4,"SGP",2.58009942764068,3.05193036005802,0.6955
"5629",9,31,5,"SGP",9.84738683811001,4.78017363677986,0.9725
"5630",9,31,6,"SGP",2.00614143108648,2.91654580811425,0.3675
"5631",9,31,7,"SGP",2.70532491018388,3.03662395379592,0.2425
"5632",9,31,8,"SGP",4.61352975635831,3.45634855411433,0.126
"5633",9,31,9,"SGP",2.25928732150136,2.95528762522067,0.2855
"5634",9,31,10,"SGP",4.74251840419972,3.49749862309797,0.1105
"5635",9,31,11,"SGP",3.31190612198605,3.14882760149166,0.1625
"5636",9,31,12,"SGP",4.85989370417058,3.52276282134271,0.9055
"5637",9,31,13,"SGP",3.56217338201953,3.25164580255259,0.842
"5638",9,31,14,"SGP",1.87623290516197,2.86051261804143,0.6785
"5639",9,31,15,"SGP",4.80298980834389,3.50611840200125,0.0985
"5640",9,31,16,"SGP",1.78747010908724,2.72996274447346,0.3495
"5641",9,31,17,"SGP",5.05676724850717,3.60410668679195,0.1045
"5642",9,31,18,"SGP",2.98994913543468,3.02830733118178,0.217
"5643",9,31,19,"SGP",2.13180711141032,2.78662839445324,0.3045
"5644",9,31,20,"SGP",2.20530236410999,2.93578195070225,0.7365
"5645",9,31,21,"SGP",14.3100886456996,7.5967369769195,0.004
"5646",9,31,22,"SGP",1.9505212572665,2.91653634071246,0.655
"5647",9,31,23,"SGP",3.33530457458582,3.12328073733257,0.1925
"5648",9,31,24,"SGP",4.65863074231408,3.52731666462832,0.128
"5649",9,31,25,"SGP",7.3390691021062,3.88870904695202,0.939
"5650",9,31,26,"SGP",3.14936807037759,3.20955505148678,0.209
"5651",9,31,27,"SGP",11.4943922695785,5.35801958299509,0.0095
"5652",9,31,28,"SGP",1.99663437820321,2.93848461548467,0.648
"5653",9,31,29,"SGP",1.67721819353701,2.84087703015711,0.5545
"5654",9,31,30,"SGP",4.34291255349248,3.32747128970109,0.1485
"5655",9,31,31,"SGP",3.22885371540786,3.08452692976464,0.2115
"5656",9,31,32,"SGP",2.87005674217131,3.04557712241354,0.759
"5657",9,31,33,"SGP",4.95133774039532,3.59058851219872,0.1265
"5658",9,31,34,"SGP",4.51798501379015,3.38213403427539,0.1365
"5659",9,31,35,"SGP",1.84867234702452,2.96063619309519,0.381
"5660",9,31,36,"SGP",3.86670164839694,3.33962958931474,0.837
"5661",9,31,37,"SGP",1.83577738213832,2.85721795105619,0.399
"5662",9,31,38,"SGP",1.65179771332958,2.87147749850441,0.4295
"5663",9,31,1,"SGP50",6.85696192071178,4.27849027271941,0.8095
"5664",9,31,2,"SGP50",2.40246174567563,3.1940703263821,0.496
"5665",9,31,3,"SGP50",4.78941133562053,3.74422372436555,0.8
"5666",9,31,4,"SGP50",2.43803668375389,3.17056246174801,0.6115
"5667",9,31,5,"SGP50",9.22308773954246,4.43606396367036,0.941
"5668",9,31,6,"SGP50",2.55023323701379,3.22612025874431,0.539
"5669",9,31,7,"SGP50",2.42926720314945,3.22339875049561,0.4305
"5670",9,31,8,"SGP50",3.12650933860052,3.36738750594436,0.3245
"5671",9,31,9,"SGP50",2.18584529068109,3.12529871898902,0.4635
"5672",9,31,10,"SGP50",2.73621232365804,3.33336971510761,0.3795
"5673",9,31,11,"SGP50",2.26618091737289,3.16291661134563,0.4115
"5674",9,31,12,"SGP50",7.58778877660373,3.85138496000933,0.938
"5675",9,31,13,"SGP50",7.80700379049534,3.82835035302475,0.9135
"5676",9,31,14,"SGP50",6.02427658062024,3.52524667399299,0.8235
"5677",9,31,15,"SGP50",3.35664169540676,3.54860438300549,0.444
"5678",9,31,16,"SGP50",2.88928416252215,3.17415220285512,0.579
"5679",9,31,17,"SGP50",3.0050577513084,3.42839761435514,0.3295
"5680",9,31,18,"SGP50",2.24031177226065,3.16891978936437,0.4325
"5681",9,31,19,"SGP50",1.96769957202515,2.95295525146986,0.501
"5682",9,31,20,"SGP50",4.15355165224193,3.32184000116412,0.813
"5683",9,31,21,"SGP50",8.93000702946426,4.63763659863256,0.1155
"5684",9,31,22,"SGP50",2.71707102207144,3.07426834065937,0.7095
"5685",9,31,23,"SGP50",2.41743268788377,3.13620025516257,0.355
"5686",9,31,24,"SGP50",3.32628929514346,3.34812699866759,0.2365
"5687",9,31,25,"SGP50",6.91307422969189,3.89918255258481,0.9145
"5688",9,31,26,"SGP50",2.35745765291392,3.11915845963223,0.3555
"5689",9,31,27,"SGP50",8.74793675372,4.53799365255285,0.0945
"5690",9,31,28,"SGP50",1.99302561630413,3.03191852218962,0.5385
"5691",9,31,29,"SGP50",1.79334188843321,2.95662090476963,0.5205
"5692",9,31,30,"SGP50",4.478021289349,3.49936780873595,0.163
"5693",9,31,31,"SGP50",3.99218048049421,3.44335247266381,0.1955
"5694",9,31,32,"SGP50",2.27471023454552,3.03706840840198,0.641
"5695",9,31,33,"SGP50",5.46702039761532,3.74185708531179,0.136
"5696",9,31,34,"SGP50",6.31778036137965,3.7689962344347,0.1005
"5697",9,31,35,"SGP50",3.358434086789,3.23504415874846,0.264
"5698",9,31,36,"SGP50",2.33210519489544,3.19518908571773,0.6325
"5699",9,31,37,"SGP50",2.85987405083872,3.11403752489229,0.276
"5700",9,31,38,"SGP50",2.40366929946802,3.07035074038103,0.3325
"5701",9,32,1,"BMA",1.05217917380403,2.00090240214905,0.2285
"5702",9,32,2,"BMA",0.716807475438301,1.86034555332674,0.684
"5703",9,32,3,"BMA",0.455003289890725,1.50823427667145,0.566
"5704",9,32,4,"BMA",1.52921405007324,2.54703827547058,0.9225
"5705",9,32,5,"BMA",3.88635996333557,4.42763381357263,0.9825
"5706",9,32,6,"BMA",1.35670881683322,2.29874162764147,0.7305
"5707",9,32,7,"BMA",5.57613380127769,4.82978970792248,0.972
"5708",9,32,8,"BMA",6.78746109495154,4.20844135752785,0.915
"5709",9,32,9,"BMA",3.03752999841955,3.31026458751793,0.334
"5710",9,32,10,"BMA",1.83543260873466,2.809594152655,0.423
"5711",9,32,11,"BMA",2.93567254270647,3.09993992849852,0.791
"5712",9,32,12,"BMA",3.04882257062324,3.09513041367461,0.8155
"5713",9,32,13,"BMA",4.00689961928586,3.38850918639437,0.8765
"5714",9,32,14,"BMA",1.72919821929999,2.89089737666053,0.649
"5715",9,32,15,"BMA",13.8602840048399,5.90325951145329,0.9905
"5716",9,32,16,"BMA",1.84409006118324,2.99017909652015,0.5855
"5717",9,32,17,"BMA",4.15676046177921,3.40665912059902,0.798
"5718",9,32,18,"BMA",2.88906577915212,3.13426229309254,0.2735
"5719",9,32,19,"BMA",7.65623261292819,4.06020212695251,0.063
"5720",9,32,20,"BMA",4.62873514709451,3.42010393507778,0.1645
"5721",9,32,21,"BMA",2.73778480263563,3.20936196513527,0.3025
"5722",9,32,22,"BMA",3.95200614013431,3.30831581371436,0.1725
"5723",9,32,23,"BMA",2.27828740421018,3.17063118847374,0.6925
"5724",9,32,24,"BMA",2.07007313310026,2.96380587735665,0.3255
"5725",9,32,25,"BMA",3.01019777685142,3.16409654587911,0.791
"5726",9,32,26,"BMA",4.1437873962028,3.48483779954612,0.8465
"5727",9,32,27,"BMA",4.66037310900539,3.46936046334126,0.8805
"5728",9,32,28,"BMA",7.66548869824737,4.17558649144673,0.949
"5729",9,32,29,"BMA",1.65638447319786,2.86494105184117,0.519
"5730",9,32,30,"BMA",2.49115310012237,2.94623792300478,0.7315
"5731",9,32,31,"BMA",2.0762645746998,2.90971826341458,0.291
"5732",9,32,32,"BMA",2.7947048618123,3.04597955021502,0.2175
"5733",9,32,33,"BMA",1.7399307241961,2.82052865469224,0.367
"5734",9,32,34,"BMA",1.58551755856607,2.738061624826,0.367
"5735",9,32,35,"BMA",1.69733181693748,2.70801528674401,0.3515
"5736",9,32,36,"BMA",2.32283888645676,2.8711775375632,0.2235
"5737",9,32,37,"BMA",1.33639718950212,2.58876771645991,0.6175
"5738",9,32,38,"BMA",1.79487095323096,2.68791467607541,0.7425
"5739",9,32,1,"AVS",1.05217917380403,1.97918521539235,0.23
"5740",9,32,2,"AVS",0.735353653616156,1.79524197471353,0.7115
"5741",9,32,3,"AVS",0.467796313822056,1.58500150969446,0.575
"5742",9,32,4,"AVS",1.4702371174385,2.53265871819395,0.891
"5743",9,32,5,"AVS",3.88434748453421,4.01688430635434,0.973
"5744",9,32,6,"AVS",1.15253406229556,2.10363429719034,0.725
"5745",9,32,7,"AVS",5.7658399345604,5.40504598324299,0.99
"5746",9,32,8,"AVS",7.37028536238337,5.14199866069035,0.977
"5747",9,32,9,"AVS",2.52138220417593,2.93291330485632,0.2845
"5748",9,32,10,"AVS",1.07788015460491,2.33270455787193,0.3945
"5749",9,32,11,"AVS",2.49289680780685,2.91716804661925,0.875
"5750",9,32,12,"AVS",1.40772731133186,2.39505284855741,0.7485
"5751",9,32,13,"AVS",1.74738575502196,2.51439187117252,0.7985
"5752",9,32,14,"AVS",0.907972488310295,2.28363558669164,0.374
"5753",9,32,15,"AVS",14.0008106033018,10.6960064220615,1
"5754",9,32,16,"AVS",3.39952075190801,3.11068781899328,0.16
"5755",9,32,17,"AVS",4.97410025228606,3.7534924937009,0.9015
"5756",9,32,18,"AVS",3.32987802959542,3.24041495008438,0.2125
"5757",9,32,19,"AVS",7.42329494367976,4.01282619693879,0.075
"5758",9,32,20,"AVS",1.88848725573617,2.87531314659679,0.407
"5759",9,32,21,"AVS",1.19179903831757,2.61186975580812,0.486
"5760",9,32,22,"AVS",3.03910133570931,3.05501528337664,0.1575
"5761",9,32,23,"AVS",3.84766878666597,3.32283149604976,0.8785
"5762",9,32,24,"AVS",4.43922606093448,3.44091324740399,0.1005
"5763",9,32,25,"AVS",2.95069881785019,2.97602385093859,0.819
"5764",9,32,26,"AVS",1.45316435965719,2.74143130798531,0.6065
"5765",9,32,27,"AVS",1.23337960430854,2.62864067581842,0.525
"5766",9,32,28,"AVS",2.50369489578086,2.76957789777519,0.7765
"5767",9,32,29,"AVS",5.25717030414257,3.85763074915656,0.0605
"5768",9,32,30,"AVS",1.83292763514298,2.76391661540592,0.7185
"5769",9,32,31,"AVS",3.55424404382143,3.12698796596009,0.1335
"5770",9,32,32,"AVS",1.79637859694331,2.71130925230975,0.298
"5771",9,32,33,"AVS",1.15824286588605,2.55222673826827,0.485
"5772",9,32,34,"AVS",1.25245847914465,2.63988705278949,0.409
"5773",9,32,35,"AVS",1.47788196234539,2.63465314080794,0.3515
"5774",9,32,36,"AVS",1.75875713203172,2.67858995762455,0.2725
"5775",9,32,37,"AVS",1.8083956696023,2.86086795897509,0.713
"5776",9,32,38,"AVS",1.14476603715658,2.59319542676999,0.5895
"5777",9,32,1,"EQW",1.05217917380403,1.99200022637872,0.2435
"5778",9,32,2,"EQW",0.710049308766779,1.93201666722977,0.62
"5779",9,32,3,"EQW",0.558364245517418,1.69188867491189,0.5355
"5780",9,32,4,"EQW",1.16888559785431,2.38835767208376,0.773
"5781",9,32,5,"EQW",3.38690112001036,3.64690402155708,0.9355
"5782",9,32,6,"EQW",2.07291298186038,2.69378295673554,0.796
"5783",9,32,7,"EQW",5.39719295807021,4.66411923775036,0.966
"5784",9,32,8,"EQW",6.65242486858517,4.85322948431264,0.9665
"5785",9,32,9,"EQW",2.60182947418867,3.21253960235057,0.35
"5786",9,32,10,"EQW",1.21668310381816,2.53373467824763,0.47
"5787",9,32,11,"EQW",2.42406720304608,2.8771341280343,0.7975
"5788",9,32,12,"EQW",1.58913694262523,2.61085230452827,0.677
"5789",9,32,13,"EQW",2.0366391012423,2.71591479876175,0.7615
"5790",9,32,14,"EQW",1.25539815620253,2.62815655901467,0.453
"5791",9,32,15,"EQW",12.9246852794816,5.60085134512375,0.9855
"5792",9,32,16,"EQW",2.50660222656072,3.38655348530572,0.411
"5793",9,32,17,"EQW",5.55436038215626,3.73244259699665,0.9175
"5794",9,32,18,"EQW",2.86295710156215,3.24807508833943,0.2755
"5795",9,32,19,"EQW",5.53381026140079,3.66027168931973,0.137
"5796",9,32,20,"EQW",1.76997298098484,2.91442742853068,0.4205
"5797",9,32,21,"EQW",1.53012699561648,2.82480346056199,0.466
"5798",9,32,22,"EQW",3.02004946244133,3.04294774428106,0.186
"5799",9,32,23,"EQW",3.10042817588113,3.17961343235991,0.8045
"5800",9,32,24,"EQW",3.08159048662411,3.13726707148945,0.2125
"5801",9,32,25,"EQW",2.85179017186792,3.07421156842379,0.795
"5802",9,32,26,"EQW",2.12779503275689,2.86060051411373,0.676
"5803",9,32,27,"EQW",1.97445131944348,2.8716314542468,0.667
"5804",9,32,28,"EQW",4.12809159008826,3.35308769258465,0.8615
"5805",9,32,29,"EQW",2.71281556317475,3.27963924493597,0.289
"5806",9,32,30,"EQW",2.3819656616581,2.90043937828516,0.7715
"5807",9,32,31,"EQW",2.233507413317,2.9707684427466,0.287
"5808",9,32,32,"EQW",2.06333652871164,2.90224926167788,0.3195
"5809",9,32,33,"EQW",1.35986395609017,2.63804707549486,0.483
"5810",9,32,34,"EQW",1.35616100011951,2.64014696632493,0.4515
"5811",9,32,35,"EQW",1.39973725654354,2.6179103474698,0.4205
"5812",9,32,36,"EQW",1.67140325997729,2.73838186462884,0.338
"5813",9,32,37,"EQW",1.98494016681704,2.80982385710264,0.7405
"5814",9,32,38,"EQW",1.94675613445524,2.80633020791034,0.7155
"5815",9,32,1,"SGP",1.05217917380403,1.99787339116352,0.244
"5816",9,32,2,"SGP",0.702851653663519,1.80804104506753,0.7005
"5817",9,32,3,"SGP",0.43981573404308,1.5408462180639,0.6145
"5818",9,32,4,"SGP",1.50857467068551,2.68146041753636,0.9135
"5819",9,32,5,"SGP",4.28913818052225,4.71365019695242,0.9865
"5820",9,32,6,"SGP",2.21834253880576,2.5751837792967,0.8435
"5821",9,32,7,"SGP",5.81623989503001,6.1714683457822,0.9905
"5822",9,32,8,"SGP",7.16208686566624,6.08701988259088,0.995
"5823",9,32,9,"SGP",2.15215373349691,2.71354902154286,0.227
"5824",9,32,10,"SGP",0.971118541516335,2.30376965718594,0.3975
"5825",9,32,11,"SGP",2.46332507531173,2.75601824582234,0.8785
"5826",9,32,12,"SGP",1.33413284424817,2.39323375547917,0.7145
"5827",9,32,13,"SGP",1.71693387986021,2.44826771876794,0.799
"5828",9,32,14,"SGP",0.938322034186283,2.25491493994324,0.382
"5829",9,32,15,"SGP",13.8965732022259,9.47271526396973,0.999
"5830",9,32,16,"SGP",3.7261985616859,3.26901282380589,0.1235
"5831",9,32,17,"SGP",5.46808493184604,3.73787567728236,0.956
"5832",9,32,18,"SGP",4.52612956377349,3.51209939671846,0.0765
"5833",9,32,19,"SGP",5.27398449014564,3.54564592137879,0.0965
"5834",9,32,20,"SGP",1.28406006805297,2.69036729465458,0.525
"5835",9,32,21,"SGP",1.19733296776833,2.6122588279467,0.5195
"5836",9,32,22,"SGP",3.02949656181155,3.0627238471582,0.167
"5837",9,32,23,"SGP",3.81330695478143,3.33050109662753,0.8895
"5838",9,32,24,"SGP",4.42372189933322,3.51301879772577,0.0845
"5839",9,32,25,"SGP",2.93935920168145,2.99009226524523,0.828
"5840",9,32,26,"SGP",1.31877164380517,2.65656257066407,0.577
"5841",9,32,27,"SGP",1.23432175751597,2.58444885183567,0.501
"5842",9,32,28,"SGP",2.53389615586395,2.88252776383329,0.806
"5843",9,32,29,"SGP",5.19272047706083,3.71665857416572,0.0645
"5844",9,32,30,"SGP",1.84299491589186,2.75524574508027,0.7385
"5845",9,32,31,"SGP",3.4889549886238,3.14185841118526,0.136
"5846",9,32,32,"SGP",1.89803746880089,2.69758536756908,0.3025
"5847",9,32,33,"SGP",1.17324906202329,2.62291328008708,0.4865
"5848",9,32,34,"SGP",1.26562387557669,2.50885509642858,0.423
"5849",9,32,35,"SGP",1.46589593054524,2.62204793365317,0.35
"5850",9,32,36,"SGP",1.77715003349809,2.68507289234747,0.283
"5851",9,32,37,"SGP",1.81982655857307,2.78427219860231,0.709
"5852",9,32,38,"SGP",1.16844917871871,2.57822112171623,0.5715
"5853",9,32,1,"SGP50",1.05217917380403,1.97747284034988,0.2345
"5854",9,32,2,"SGP50",0.708454130137654,1.95913845217688,0.6095
"5855",9,32,3,"SGP50",0.550237660291963,1.67701367668109,0.508
"5856",9,32,4,"SGP50",1.18651781247932,2.39070516194609,0.7775
"5857",9,32,5,"SGP50",3.44240098542,3.73129001765698,0.9355
"5858",9,32,6,"SGP50",2.0918751057699,2.59591662844441,0.7895
"5859",9,32,7,"SGP50",5.4137864129918,4.39300977674183,0.959
"5860",9,32,8,"SGP50",6.60220441561351,4.89867448590932,0.956
"5861",9,32,9,"SGP50",2.6678423822839,3.24423587326383,0.301
"5862",9,32,10,"SGP50",1.18970649219534,2.54767577467975,0.4365
"5863",9,32,11,"SGP50",2.43861531181498,2.83435316965003,0.8165
"5864",9,32,12,"SGP50",1.51741978472287,2.609037271352,0.685
"5865",9,32,13,"SGP50",1.94493048182705,2.6605964912274,0.7605
"5866",9,32,14,"SGP50",1.21157083562599,2.60016481215922,0.4325
"5867",9,32,15,"SGP50",13.0390813643559,5.79946689480025,0.987
"5868",9,32,16,"SGP50",2.67703299873712,3.31848730783269,0.3465
"5869",9,32,17,"SGP50",5.36251020297991,3.68677618942498,0.906
"5870",9,32,18,"SGP50",3.15744175501059,3.43481651436882,0.241
"5871",9,32,19,"SGP50",5.84212515355557,3.83634780667744,0.1045
"5872",9,32,20,"SGP50",1.62621225941605,2.77945626773549,0.432
"5873",9,32,21,"SGP50",1.45307229532126,2.7294902160401,0.49
"5874",9,32,22,"SGP50",3.00755472999272,3.04891074840357,0.1905
"5875",9,32,23,"SGP50",3.24316610515853,3.21944571301813,0.826
"5876",9,32,24,"SGP50",3.38164190015796,3.2207072131132,0.1795
"5877",9,32,25,"SGP50",2.87103858858189,3.03980194612583,0.808
"5878",9,32,26,"SGP50",1.89177207771201,2.82239305852372,0.677
"5879",9,32,27,"SGP50",1.70340757633188,2.76646815173461,0.6235
"5880",9,32,28,"SGP50",3.62481995847099,3.1791735579296,0.8405
"5881",9,32,29,"SGP50",3.273805703647,3.33916791551307,0.2505
"5882",9,32,30,"SGP50",2.19190190559141,2.82103888019867,0.737
"5883",9,32,31,"SGP50",2.50607863565443,3.0075885953618,0.2575
"5884",9,32,32,"SGP50",2.15803612288105,2.83763510349097,0.2925
"5885",9,32,33,"SGP50",1.31144218556835,2.63023170844366,0.473
"5886",9,32,34,"SGP50",1.32129993223897,2.67500865422979,0.4395
"5887",9,32,35,"SGP50",1.41046960879755,2.64328280450641,0.41
"5888",9,32,36,"SGP50",1.73324174346166,2.72366920442493,0.295
"5889",9,32,37,"SGP50",1.90945975340176,2.82303884109097,0.7415
"5890",9,32,38,"SGP50",1.66391544321913,2.73122148768879,0.6775
"5891",9,33,1,"BMA",1.55186868084761,2.29444609863945,0.1515
"5892",9,33,2,"BMA",4.31100994739512,4.35023198295251,0.9445
"5893",9,33,3,"BMA",4.35528689800699,3.7206301907436,0.8665
"5894",9,33,4,"BMA",1.52435196103618,2.77305957013963,0.486
"5895",9,33,5,"BMA",1.46666415379522,2.67950766012835,0.439
"5896",9,33,6,"BMA",3.52627738370149,3.37643405161957,0.829
"5897",9,33,7,"BMA",5.68696754543661,3.67442693102283,0.896
"5898",9,33,8,"BMA",3.22938072850736,3.33112496689075,0.7825
"5899",9,33,9,"BMA",2.43446319516526,3.05169160432672,0.6905
"5900",9,33,10,"BMA",3.39111061457536,3.27701887520309,0.77
"5901",9,33,11,"BMA",3.25888823764117,3.18472076734263,0.7845
"5902",9,33,12,"BMA",3.5973965908996,3.37387660399482,0.78
"5903",9,33,13,"BMA",1.82691336617525,2.88012786029761,0.43
"5904",9,33,14,"BMA",7.09392855150212,4.00896006746432,0.926
"5905",9,33,15,"BMA",4.72179969845895,3.51753401475526,0.8345
"5906",9,33,16,"BMA",6.48409077032834,3.71544808193285,0.904
"5907",9,33,17,"BMA",1.89032994580633,3.04952634358251,0.541
"5908",9,33,18,"BMA",10.8207455261068,4.52951671123472,0.96
"5909",9,33,19,"BMA",14.2093296925939,5.54664008936112,0.9825
"5910",9,33,20,"BMA",9.32780509933263,4.34236620416565,0.9345
"5911",9,33,21,"BMA",4.90285173954106,3.42305421261505,0.797
"5912",9,33,22,"BMA",2.15432101317647,3.12075266294679,0.4375
"5913",9,33,23,"BMA",3.33850371798482,3.32349984866461,0.2895
"5914",9,33,24,"BMA",4.0299430849827,3.44792334826368,0.233
"5915",9,33,25,"BMA",3.59449648803404,3.28352207468888,0.2445
"5916",9,33,26,"BMA",2.97052740202444,3.22936767342061,0.292
"5917",9,33,27,"BMA",3.73693372367631,3.33434185836375,0.232
"5918",9,33,28,"BMA",3.63370645747591,3.28924456736203,0.206
"5919",9,33,29,"BMA",4.57616850918685,3.39291165814909,0.1275
"5920",9,33,30,"BMA",12.0810933059493,5.22088796437557,0.0065
"5921",9,33,31,"BMA",2.65044971485883,3.12423325489212,0.339
"5922",9,33,32,"BMA",6.03454051433725,3.67942665225314,0.0915
"5923",9,33,33,"BMA",3.47238148610132,3.17575574560209,0.214
"5924",9,33,34,"BMA",5.58952162497361,3.60827941663461,0.0975
"5925",9,33,35,"BMA",3.88223754060057,3.3388104885375,0.152
"5926",9,33,36,"BMA",1.43681270612469,2.75805761600412,0.505
"5927",9,33,37,"BMA",3.05078243105016,3.05508021910767,0.7795
"5928",9,33,38,"BMA",6.97543991481871,3.92221627053675,0.0845
"5929",9,33,1,"AVS",1.55186868084761,2.17681501252386,0.148
"5930",9,33,2,"AVS",4.64130156504331,4.77259354101119,0.9665
"5931",9,33,3,"AVS",5.67748702899284,4.25982019080721,0.936
"5932",9,33,4,"AVS",1.44981429729607,2.69596909983758,0.4835
"5933",9,33,5,"AVS",1.36327701986605,2.62776652647662,0.4565
"5934",9,33,6,"AVS",3.85826716370526,3.54634264951111,0.873
"5935",9,33,7,"AVS",5.82308739283126,3.77598312674171,0.905
"5936",9,33,8,"AVS",3.36320693606379,3.20472703231315,0.8
"5937",9,33,9,"AVS",2.22567830154133,2.98720565772926,0.7255
"5938",9,33,10,"AVS",3.55820395271098,3.32882212155443,0.8295
"5939",9,33,11,"AVS",2.99498877202209,3.13989588094577,0.796
"5940",9,33,12,"AVS",3.25077539068149,3.12147336828158,0.834
"5941",9,33,13,"AVS",1.7610163487,2.71084779081629,0.3345
"5942",9,33,14,"AVS",9.35706324641127,5.03949804607507,0.9745
"5943",9,33,15,"AVS",4.50077763705938,3.42022576730603,0.837
"5944",9,33,16,"AVS",6.05194357868963,3.68132978811857,0.8965
"5945",9,33,17,"AVS",1.77883597574688,2.89728516825215,0.403
"5946",9,33,18,"AVS",12.5330963672789,5.19764680120908,0.981
"5947",9,33,19,"AVS",13.8636111408171,5.45785845947864,0.985
"5948",9,33,20,"AVS",1.53375942770408,2.70457857862442,0.426
"5949",9,33,21,"AVS",2.28318271535093,2.94784117579328,0.2485
"5950",9,33,22,"AVS",12.6890198169734,5.01735646017727,0.04
"5951",9,33,23,"AVS",1.49784640348511,2.8140956344654,0.44
"5952",9,33,24,"AVS",1.4367067322426,2.71945227442488,0.443
"5953",9,33,25,"AVS",1.42571926969494,2.75918814983648,0.493
"5954",9,33,26,"AVS",1.39713535322925,2.79832188319537,0.432
"5955",9,33,27,"AVS",2.44922279548607,2.9800048702962,0.227
"5956",9,33,28,"AVS",2.39473581195593,3.00122474035725,0.225
"5957",9,33,29,"AVS",3.68097359243263,3.20052778988608,0.141
"5958",9,33,30,"AVS",10.9591814572156,5.78362179989774,0.004
"5959",9,33,31,"AVS",1.95004597312554,2.90020554161435,0.699
"5960",9,33,32,"AVS",5.85992714795202,3.68615889331155,0.0735
"5961",9,33,33,"AVS",2.51426533473412,2.98505651685354,0.2715
"5962",9,33,34,"AVS",4.89998504497796,3.47529628829847,0.0955
"5963",9,33,35,"AVS",3.01500685157258,3.11523966155499,0.198
"5964",9,33,36,"AVS",1.39000257896243,2.73097201582475,0.5605
"5965",9,33,37,"AVS",2.49749907631957,2.8692887860388,0.7395
"5966",9,33,38,"AVS",9.81215971442428,4.87949870218823,0.013
"5967",9,33,1,"EQW",1.55186868084761,2.30330805034312,0.1225
"5968",9,33,2,"EQW",3.55246778239494,3.73342220820292,0.8945
"5969",9,33,3,"EQW",4.81550939752086,3.58337929236535,0.9045
"5970",9,33,4,"EQW",1.84688603055427,2.83621137437883,0.6205
"5971",9,33,5,"EQW",1.11797430838531,2.46643480325174,0.5445
"5972",9,33,6,"EQW",4.91255154751613,4.06254620335114,0.9255
"5973",9,33,7,"EQW",4.86456868592106,3.73940903152251,0.9315
"5974",9,33,8,"EQW",1.61082671224267,2.72242947776739,0.6165
"5975",9,33,9,"EQW",1.56830826019428,2.65980430104446,0.667
"5976",9,33,10,"EQW",3.09947528071743,3.07981762640582,0.832
"5977",9,33,11,"EQW",1.98381164832114,2.81724084134962,0.6775
"5978",9,33,12,"EQW",2.96372766610099,3.05596993473244,0.848
"5979",9,33,13,"EQW",2.21795688074782,3.00708325591737,0.3565
"5980",9,33,14,"EQW",8.86284116141418,4.95178060832763,0.974
"5981",9,33,15,"EQW",3.36668032876525,3.05086113784648,0.778
"5982",9,33,16,"EQW",5.79260696313014,3.54756841820603,0.9155
"5983",9,33,17,"EQW",2.17147404931279,3.16815007430837,0.4425
"5984",9,33,18,"EQW",13.1321540221208,6.02612009023377,0.992
"5985",9,33,19,"EQW",10.7974822560649,4.59402415646997,0.986
"5986",9,33,20,"EQW",5.111571170427,3.51632656775153,0.7585
"5987",9,33,21,"EQW",3.42012517087374,3.25688720717545,0.6535
"5988",9,33,22,"EQW",3.41643738817911,3.49623771227637,0.421
"5989",9,33,23,"EQW",2.2896692423532,3.177492910995,0.3835
"5990",9,33,24,"EQW",2.33213030328991,3.17052056412658,0.389
"5991",9,33,25,"EQW",2.04518600221668,3.08033076529399,0.441
"5992",9,33,26,"EQW",2.01945810657471,3.01918328259057,0.3945
"5993",9,33,27,"EQW",2.923974995971,3.23398492080543,0.261
"5994",9,33,28,"EQW",3.08803564881056,3.20096295332754,0.2205
"5995",9,33,29,"EQW",4.5009980562387,3.48522113565247,0.1335
"5996",9,33,30,"EQW",10.8964069141152,5.00412549058234,0.0195
"5997",9,33,31,"EQW",2.48896687223752,3.28926321554477,0.626
"5998",9,33,32,"EQW",4.11098752498734,3.46472328698403,0.173
"5999",9,33,33,"EQW",1.93392082387639,2.91398405363397,0.4185
"6000",9,33,34,"EQW",3.24259184248799,3.1625762275066,0.2135
"6001",9,33,35,"EQW",2.13026982773364,2.96464521243984,0.33
"6002",9,33,36,"EQW",2.21454115469043,3.00356686540659,0.7
"6003",9,33,37,"EQW",4.9820497227163,3.46692889444913,0.8765
"6004",9,33,38,"EQW",4.01574267522949,3.40845992914442,0.235
"6005",9,33,1,"SGP",1.55186868084761,2.33623996144901,0.1425
"6006",9,33,2,"SGP",4.57381012761668,4.69595878211845,0.963
"6007",9,33,3,"SGP",6.38934616100087,4.67585971851555,0.971
"6008",9,33,4,"SGP",1.88147540944494,2.77774367709551,0.6565
"6009",9,33,5,"SGP",0.910536259503679,2.22454704942222,0.618
"6010",9,33,6,"SGP",6.0377607203682,4.82448240260382,0.9855
"6011",9,33,7,"SGP",4.95572637069298,3.88890663708723,0.9575
"6012",9,33,8,"SGP",1.34238259890456,2.54634688190204,0.66
"6013",9,33,9,"SGP",1.56427868330618,2.48101311537419,0.742
"6014",9,33,10,"SGP",3.49497086243173,3.16550350548659,0.892
"6015",9,33,11,"SGP",1.02644755651098,2.31009821880157,0.5225
"6016",9,33,12,"SGP",1.98135741363513,2.63127179901274,0.9025
"6017",9,33,13,"SGP",6.3589113181336,5.33119015272451,0.0285
"6018",9,33,14,"SGP",8.60158794658757,6.49547032398107,0.9975
"6019",9,33,15,"SGP",1.10063148685412,2.36554510319146,0.582
"6020",9,33,16,"SGP",2.92898127420928,2.95435172792928,0.867
"6021",9,33,17,"SGP",5.01126744430306,3.93539298116306,0.056
"6022",9,33,18,"SGP",11.4329050669905,7.33355096449659,0.9985
"6023",9,33,19,"SGP",5.6957446523485,4.1623773632672,0.977
"6024",9,33,20,"SGP",1.65585827473869,2.71762045771698,0.3125
"6025",9,33,21,"SGP",2.41093614586972,2.87034636247531,0.2325
"6026",9,33,22,"SGP",14.9202404245238,6.5964961499552,0.0105
"6027",9,33,23,"SGP",3.07681714528617,3.07762490318174,0.1545
"6028",9,33,24,"SGP",2.81239387425615,2.90411285665943,0.1665
"6029",9,33,25,"SGP",2.11954307201909,2.84264176861971,0.2555
"6030",9,33,26,"SGP",2.62759120695824,2.95483593708864,0.186
"6031",9,33,27,"SGP",4.57740160592929,3.46491399101044,0.072
"6032",9,33,28,"SGP",4.42524060833558,3.367994098185,0.0805
"6033",9,33,29,"SGP",6.2971339932244,3.96447550978146,0.0445
"6034",9,33,30,"SGP",11.1594495373152,6.09498130186508,0.003
"6035",9,33,31,"SGP",6.33682171865076,4.28216930634517,0.954
"6036",9,33,32,"SGP",4.08822545632686,3.27380426080568,0.122
"6037",9,33,33,"SGP",1.41243918393366,2.62572051112259,0.5795
"6038",9,33,34,"SGP",2.07394899977883,2.77419294342325,0.294
"6039",9,33,35,"SGP",1.35196485992307,2.64742944890994,0.5505
"6040",9,33,36,"SGP",4.08018986203345,3.33298515500049,0.8925
"6041",9,33,37,"SGP",4.79086154915982,3.55467642219098,0.9075
"6042",9,33,38,"SGP",9.03369539293327,4.90015885568886,0.0175
"6043",9,33,1,"SGP50",1.55186868084761,2.28905011843112,0.134
"6044",9,33,2,"SGP50",3.60209914932426,3.89155717808056,0.895
"6045",9,33,3,"SGP50",4.88615918090992,3.8882934776417,0.9215
"6046",9,33,4,"SGP50",1.86012172087691,2.86814218569027,0.6335
"6047",9,33,5,"SGP50",1.10899908247087,2.44075682545115,0.5435
"6048",9,33,6,"SGP50",4.97909434757307,3.92760667090414,0.9315
"6049",9,33,7,"SGP50",4.85556610005118,3.59739897094446,0.92
"6050",9,33,8,"SGP50",1.5637554775402,2.72110993450667,0.6275
"6051",9,33,9,"SGP50",1.53074130056174,2.62912454396072,0.65
"6052",9,33,10,"SGP50",3.08949661318348,3.02893852170835,0.8255
"6053",9,33,11,"SGP50",1.86381550364714,2.71055519364446,0.6465
"6054",9,33,12,"SGP50",2.85295181684258,2.99731246295037,0.8485
"6055",9,33,13,"SGP50",2.35685633332236,3.05140980735968,0.315
"6056",9,33,14,"SGP50",8.93022809566552,5.02505490933782,0.969
"6057",9,33,15,"SGP50",2.89194108979789,2.96678490508452,0.7755
"6058",9,33,16,"SGP50",5.23179940124308,3.44260281084847,0.9045
"6059",9,33,17,"SGP50",2.20686454376838,3.07353989188572,0.3775
"6060",9,33,18,"SGP50",12.809987851112,5.94254799596217,0.991
"6061",9,33,19,"SGP50",9.25516789669186,4.5331538582226,0.982
"6062",9,33,20,"SGP50",3.40719094925381,3.27481239233608,0.6805
"6063",9,33,21,"SGP50",2.36863783547821,3.1091417298547,0.558
"6064",9,33,22,"SGP50",4.31280043593514,3.59361425621266,0.31
"6065",9,33,23,"SGP50",2.1911951989355,3.0473074525164,0.333
"6066",9,33,24,"SGP50",2.18869612002798,3.03512403695138,0.3305
"6067",9,33,25,"SGP50",1.85376132679256,2.90624505169387,0.367
"6068",9,33,26,"SGP50",1.97416482469588,2.90281979813211,0.343
"6069",9,33,27,"SGP50",3.2303072107052,3.17846525131,0.205
"6070",9,33,28,"SGP50",3.25399591693941,3.25259670543799,0.2
"6071",9,33,29,"SGP50",4.71490470456958,3.53614021236252,0.1065
"6072",9,33,30,"SGP50",11.1055809616861,5.39270302837176,0.014
"6073",9,33,31,"SGP50",2.81328354673614,3.28158666911247,0.685
"6074",9,33,32,"SGP50",4.65651427897935,3.45688100626889,0.129
"6075",9,33,33,"SGP50",1.85941353399104,2.89805146583991,0.402
"6076",9,33,34,"SGP50",3.3985632537694,3.1947619933849,0.17
"6077",9,33,35,"SGP50",2.01465287374361,2.92155644209774,0.333
"6078",9,33,36,"SGP50",2.20605010719296,2.96459481954792,0.695
"6079",9,33,37,"SGP50",4.11449759036133,3.29012167702437,0.851
"6080",9,33,38,"SGP50",6.24092780206517,3.8474661470163,0.1315
"6081",9,34,1,"BMA",4.56320907685098,3.92048230700359,0.8205
"6082",9,34,2,"BMA",4.3879836334534,3.55244368781825,0.1975
"6083",9,34,3,"BMA",1.92338707184371,2.97873109151291,0.4895
"6084",9,34,4,"BMA",7.86750485142047,4.36881975659709,0.9325
"6085",9,34,5,"BMA",2.10443969834649,3.13915641554018,0.468
"6086",9,34,6,"BMA",2.96766213865933,3.25468919067811,0.294
"6087",9,34,7,"BMA",1.95633883566861,3.02079361110478,0.554
"6088",9,34,8,"BMA",2.01133314845028,2.95511020030051,0.599
"6089",9,34,9,"BMA",2.96028809772377,3.11657104835158,0.7645
"6090",9,34,10,"BMA",5.1462806194713,3.5473679707368,0.885
"6091",9,34,11,"BMA",4.03574745571453,3.23450054301134,0.849
"6092",9,34,12,"BMA",1.63393503203991,2.85674661483231,0.434
"6093",9,34,13,"BMA",4.8165317739374,3.7663403867832,0.119
"6094",9,34,14,"BMA",1.792306696605,2.84283582177802,0.4
"6095",9,34,15,"BMA",2.19378197364756,3.01195332532519,0.7285
"6096",9,34,16,"BMA",2.1494736667902,2.92285155912552,0.241
"6097",9,34,17,"BMA",1.83518408349862,2.8054399306791,0.3075
"6098",9,34,18,"BMA",1.92201000052408,2.8060164421546,0.7235
"6099",9,34,19,"BMA",1.58383635513209,2.63180813645036,0.685
"6100",9,34,20,"BMA",2.87940611430873,3.01188433118464,0.168
"6101",9,34,21,"BMA",1.19623143454057,2.57747313057511,0.4975
"6102",9,34,22,"BMA",5.26160767928953,3.87886276941749,0.0495
"6103",9,34,23,"BMA",3.86504522007312,3.28652320219431,0.108
"6104",9,34,24,"BMA",3.30310804130917,3.19962855953152,0.143
"6105",9,34,25,"BMA",4.69720174809978,3.60073572440265,0.0715
"6106",9,34,26,"BMA",2.22550451782727,2.81674629271971,0.243
"6107",9,34,27,"BMA",1.20347340557077,2.648892104353,0.5365
"6108",9,34,28,"BMA",3.0737004736978,2.99686114039129,0.145
"6109",9,34,29,"BMA",1.22108237580091,2.53147188231077,0.439
"6110",9,34,30,"BMA",1.47454132019332,2.56924842317049,0.676
"6111",9,34,31,"BMA",2.17431640492131,2.8577225638562,0.221
"6112",9,34,32,"BMA",1.09905129388012,2.47807909350611,0.478
"6113",9,34,33,"BMA",1.10114095577779,2.44051416599569,0.508
"6114",9,34,34,"BMA",2.17730278105867,2.69320011740329,0.196
"6115",9,34,35,"BMA",1.00445227045651,2.3433928983322,0.511
"6116",9,34,36,"BMA",1.16392266604177,2.41737299442091,0.2975
"6117",9,34,37,"BMA",0.754938183951665,2.04037188901374,0.477
"6118",9,34,38,"BMA",0.575220848194173,1.82900339050457,0.5455
"6119",9,34,1,"AVS",4.56320907685098,4.0022016011014,0.8225
"6120",9,34,2,"AVS",6.57700170708316,3.79049517806898,0.1455
"6121",9,34,3,"AVS",1.65228724412657,2.70365889245535,0.648
"6122",9,34,4,"AVS",9.87818827098653,5.5682542899876,0.988
"6123",9,34,5,"AVS",1.92495963601658,2.96355851297884,0.405
"6124",9,34,6,"AVS",3.4489192732256,3.22083239662511,0.223
"6125",9,34,7,"AVS",1.69275851152319,2.92033887475719,0.558
"6126",9,34,8,"AVS",1.76333910696058,2.84798908463909,0.5625
"6127",9,34,9,"AVS",2.71543452698318,2.98632883878809,0.746
"6128",9,34,10,"AVS",4.39755666053798,3.43989493031279,0.893
"6129",9,34,11,"AVS",1.99142350221428,2.75502331359844,0.7385
"6130",9,34,12,"AVS",2.48079801766318,3.01372368725268,0.179
"6131",9,34,13,"AVS",5.97809345190304,3.96579533905035,0.0435
"6132",9,34,14,"AVS",1.53966706338927,2.63681974703391,0.36
"6133",9,34,15,"AVS",1.9459587591553,2.7790624707371,0.7275
"6134",9,34,16,"AVS",2.33527381037227,2.86272376519739,0.2075
"6135",9,34,17,"AVS",1.83593340646183,2.68515591232687,0.259
"6136",9,34,18,"AVS",1.81944229985059,2.72605580270869,0.734
"6137",9,34,19,"AVS",1.39181905766534,2.61819619205805,0.6515
"6138",9,34,20,"AVS",3.08068768692874,2.95746979740844,0.1575
"6139",9,34,21,"AVS",1.18681605488038,2.52280810728653,0.4915
"6140",9,34,22,"AVS",5.44813299999742,4.11410157017029,0.04
"6141",9,34,23,"AVS",3.65335240467732,3.21990249733663,0.1095
"6142",9,34,24,"AVS",3.12663765936811,2.99417577527134,0.163
"6143",9,34,25,"AVS",4.60966534062025,3.45961213925496,0.0835
"6144",9,34,26,"AVS",1.98273967395397,2.785588960807,0.2745
"6145",9,34,27,"AVS",1.52887700855053,2.72766382596463,0.6505
"6146",9,34,28,"AVS",3.07617363567665,3.09364662726177,0.1405
"6147",9,34,29,"AVS",1.21369305691686,2.54862146302076,0.4745
"6148",9,34,30,"AVS",1.47235361031777,2.56911324755418,0.6685
"6149",9,34,31,"AVS",2.16163241874855,2.74231826472721,0.2205
"6150",9,34,32,"AVS",1.10583211184498,2.45740681788445,0.492
"6151",9,34,33,"AVS",1.1390451339819,2.50339387334377,0.5375
"6152",9,34,34,"AVS",2.20377205301228,2.7230000222478,0.2165
"6153",9,34,35,"AVS",1.16010973009967,2.51616259980541,0.5725
"6154",9,34,36,"AVS",1.20456786073152,2.53911649113132,0.371
"6155",9,34,37,"AVS",1.08720863255478,2.44513375934466,0.5625
"6156",9,34,38,"AVS",1.06380588794255,2.44102233464629,0.562
"6157",9,34,1,"EQW",4.56320907685098,3.8466198516403,0.812
"6158",9,34,2,"EQW",3.74209593762274,3.39580016173597,0.2
"6159",9,34,3,"EQW",1.76742733699332,2.95769575112162,0.515
"6160",9,34,4,"EQW",7.23963226706109,4.44710190055027,0.9215
"6161",9,34,5,"EQW",2.20983292646155,3.17042530166595,0.388
"6162",9,34,6,"EQW",2.44360732357095,3.20033495564949,0.319
"6163",9,34,7,"EQW",1.97677909873732,2.97636916143195,0.606
"6164",9,34,8,"EQW",2.06545871721145,2.9046598499125,0.6155
"6165",9,34,9,"EQW",3.19945500777563,3.0152076431375,0.7445
"6166",9,34,10,"EQW",5.03573520003064,3.38137510196566,0.874
"6167",9,34,11,"EQW",4.29398515875428,3.14358022705714,0.808
"6168",9,34,12,"EQW",2.5327830928918,3.14523340896891,0.5165
"6169",9,34,13,"EQW",3.84416191322358,3.68326170747673,0.273
"6170",9,34,14,"EQW",2.04154353455396,3.0455403657965,0.428
"6171",9,34,15,"EQW",2.7926616212398,3.04907207234683,0.7125
"6172",9,34,16,"EQW",2.18382098285806,3.12409889750371,0.376
"6173",9,34,17,"EQW",1.93458484850456,2.94553488413072,0.415
"6174",9,34,18,"EQW",3.05661639469047,3.074339350155,0.792
"6175",9,34,19,"EQW",3.02366014223247,2.98998392825721,0.7385
"6176",9,34,20,"EQW",2.3422532209484,3.19653672576505,0.397
"6177",9,34,21,"EQW",2.03536348746432,2.91315223979604,0.6325
"6178",9,34,22,"EQW",3.2037686708406,3.55112637259938,0.26
"6179",9,34,23,"EQW",2.64298991567934,3.27371507507318,0.258
"6180",9,34,24,"EQW",2.29925492734328,2.98416194009924,0.2835
"6181",9,34,25,"EQW",3.58820922841516,3.22456269027563,0.159
"6182",9,34,26,"EQW",2.36099325900788,2.93249839285541,0.27
"6183",9,34,27,"EQW",1.27637261237965,2.67897945546706,0.5245
"6184",9,34,28,"EQW",2.68632242945698,2.91310071899853,0.179
"6185",9,34,29,"EQW",1.14208845952653,2.44789403414034,0.419
"6186",9,34,30,"EQW",1.43568928776908,2.43463743655242,0.697
"6187",9,34,31,"EQW",1.20956637588296,2.41634740352099,0.3685
"6188",9,34,32,"EQW",0.899144091264257,2.30542255949116,0.536
"6189",9,34,33,"EQW",1.07073960511048,2.28043009641358,0.6555
"6190",9,34,34,"EQW",1.33879611777958,2.27089850266763,0.264
"6191",9,34,35,"EQW",0.801485825724757,2.11881018943923,0.5155
"6192",9,34,36,"EQW",0.932228459216003,2.14268033114919,0.3475
"6193",9,34,37,"EQW",0.701439385056243,2.04023934005392,0.5025
"6194",9,34,38,"EQW",0.711877823771998,2.04858433594535,0.5995
"6195",9,34,1,"SGP",4.56320907685098,3.88916058062377,0.8135
"6196",9,34,2,"SGP",3.45752043201136,3.31211501719258,0.174
"6197",9,34,3,"SGP",1.75100889459981,2.76721802708695,0.7115
"6198",9,34,4,"SGP",8.88771553894096,6.15428336827678,0.9935
"6199",9,34,5,"SGP",3.44728852306277,3.24059385417264,0.1455
"6200",9,34,6,"SGP",3.11970324499651,3.10613056600238,0.17
"6201",9,34,7,"SGP",1.23083283712089,2.57410064870733,0.5135
"6202",9,34,8,"SGP",1.18286673172137,2.52732250519397,0.447
"6203",9,34,9,"SGP",1.26165294541488,2.57546565961662,0.6335
"6204",9,34,10,"SGP",1.8995132381353,2.69110902240883,0.756
"6205",9,34,11,"SGP",1.01744169561642,2.45336441148486,0.6115
"6206",9,34,12,"SGP",3.18760142388742,3.13669194267481,0.1275
"6207",9,34,13,"SGP",8.34521454086298,5.51800552093681,0.012
"6208",9,34,14,"SGP",2.55593060417242,2.92395293918445,0.175
"6209",9,34,15,"SGP",1.24160222781837,2.61034650608372,0.603
"6210",9,34,16,"SGP",3.8590506221677,3.35928438770929,0.0935
"6211",9,34,17,"SGP",2.82480306206003,3.00708182261049,0.1645
"6212",9,34,18,"SGP",1.78889830648657,2.73154156065618,0.721
"6213",9,34,19,"SGP",1.09086461913227,2.5361167663245,0.552
"6214",9,34,20,"SGP",4.32280592114088,3.48906115065208,0.0715
"6215",9,34,21,"SGP",1.13031423367688,2.56061440216449,0.5095
"6216",9,34,22,"SGP",4.98325380560209,3.67173604042204,0.061
"6217",9,34,23,"SGP",2.50859587018198,2.95715587967844,0.191
"6218",9,34,24,"SGP",1.48132566396267,2.61511330636945,0.344
"6219",9,34,25,"SGP",2.22444644839734,2.78244972552649,0.219
"6220",9,34,26,"SGP",1.09427786159108,2.5176507410625,0.562
"6221",9,34,27,"SGP",2.47582485098351,2.8077759294602,0.816
"6222",9,34,28,"SGP",3.06873270293676,3.15753166341408,0.1355
"6223",9,34,29,"SGP",1.24886849067572,2.55046926635898,0.6265
"6224",9,34,30,"SGP",1.40206631482791,2.64005682473418,0.6635
"6225",9,34,31,"SGP",1.47943951910085,2.58968303949845,0.3255
"6226",9,34,32,"SGP",1.17796914593982,2.4764364926324,0.653
"6227",9,34,33,"SGP",1.43798523954116,2.51869172783345,0.689
"6228",9,34,34,"SGP",1.48473698541049,2.52928296424995,0.297
"6229",9,34,35,"SGP",1.33710919154495,2.40504889404158,0.669
"6230",9,34,36,"SGP",1.04015466492531,2.43531039442006,0.4695
"6231",9,34,37,"SGP",1.20847926533224,2.41062611500083,0.65
"6232",9,34,38,"SGP",1.08252426143867,2.33399585933553,0.634
"6233",9,34,1,"SGP50",4.56320907685098,3.93243058075388,0.807
"6234",9,34,2,"SGP50",3.7086794236063,3.32018170607155,0.204
"6235",9,34,3,"SGP50",1.72649401364797,2.81137787183637,0.5695
"6236",9,34,4,"SGP50",7.37665885827406,4.56211714158995,0.929
"6237",9,34,5,"SGP50",2.23178243359777,3.12697713562381,0.356
"6238",9,34,6,"SGP50",2.46635921140799,3.08624644725695,0.313
"6239",9,34,7,"SGP50",1.82476330498144,2.88416796807066,0.585
"6240",9,34,8,"SGP50",1.81901429086063,2.88924913041299,0.585
"6241",9,34,9,"SGP50",2.6914285449111,2.99375254340225,0.757
"6242",9,34,10,"SGP50",4.18447217937785,3.22594633533107,0.862
"6243",9,34,11,"SGP50",3.17715855017562,2.97423356167843,0.7735
"6244",9,34,12,"SGP50",2.05763996354019,3.01889058822602,0.436
"6245",9,34,13,"SGP50",4.7207506398644,3.85074485137142,0.1825
"6246",9,34,14,"SGP50",1.93549726012152,2.97584974351286,0.3615
"6247",9,34,15,"SGP50",2.13489410400319,2.90792630091085,0.703
"6248",9,34,16,"SGP50",2.37948675775554,3.07287576965845,0.291
"6249",9,34,17,"SGP50",1.98900842346032,2.88746531986599,0.3445
"6250",9,34,18,"SGP50",2.33336442578326,2.9092744100708,0.76
"6251",9,34,19,"SGP50",1.94883870243233,2.70483647167271,0.692
"6252",9,34,20,"SGP50",2.63167323897685,3.17063850708192,0.261
"6253",9,34,21,"SGP50",1.40318708508827,2.72896857268033,0.5575
"6254",9,34,22,"SGP50",4.13722145795862,3.71273920312139,0.1485
"6255",9,34,23,"SGP50",3.01095522810105,3.19130959293154,0.1685
"6256",9,34,24,"SGP50",2.3972510698793,2.93978058020146,0.2615
"6257",9,34,25,"SGP50",3.6658698336059,3.27522204295682,0.1395
"6258",9,34,26,"SGP50",2.01379206094613,2.80015246635882,0.326
"6259",9,34,27,"SGP50",1.35301013041343,2.64490646038378,0.567
"6260",9,34,28,"SGP50",2.92537594194335,2.97475190318035,0.141
"6261",9,34,29,"SGP50",1.13610559568986,2.45370226619597,0.445
"6262",9,34,30,"SGP50",1.41491333863481,2.53326146616647,0.6895
"6263",9,34,31,"SGP50",1.43782994857548,2.44967556516557,0.3395
"6264",9,34,32,"SGP50",0.959839908888531,2.29317156216269,0.529
"6265",9,34,33,"SGP50",1.08650962635546,2.36351257235121,0.6295
"6266",9,34,34,"SGP50",1.54933647059292,2.39299404061856,0.238
"6267",9,34,35,"SGP50",0.90076313306708,2.25523074931756,0.5205
"6268",9,34,36,"SGP50",1.01036450477537,2.1879478061704,0.33
"6269",9,34,37,"SGP50",0.799574980837046,2.20915934575376,0.521
"6270",9,34,38,"SGP50",0.785961247685455,2.08964033736404,0.5885
"6271",9,36,1,"BMA",1.08897844613263,2.2783641257927,0.7795
"6272",9,36,2,"BMA",6.96119255997653,4.9650049502194,0.989
"6273",9,36,3,"BMA",3.4573323419106,3.37397813790472,0.8555
"6274",9,36,4,"BMA",1.6972266403914,2.80584481580553,0.672
"6275",9,36,5,"BMA",1.34188893165302,2.66538091278648,0.53
"6276",9,36,6,"BMA",1.34096464334516,2.65695645198121,0.4125
"6277",9,36,7,"BMA",1.99937161626976,2.78891364183116,0.315
"6278",9,36,8,"BMA",2.86871453530443,3.08697113465255,0.779
"6279",9,36,9,"BMA",5.83211762322247,3.71262978070895,0.0735
"6280",9,36,10,"BMA",3.13681886290009,3.03032910664196,0.184
"6281",9,36,11,"BMA",1.79837019905116,2.73292227770574,0.306
"6282",9,36,12,"BMA",5.87750857457131,3.86597040282279,0.041
"6283",9,36,13,"BMA",2.03017470630242,2.63901868579306,0.215
"6284",9,36,14,"BMA",1.94628412946707,2.59584188177469,0.1895
"6285",9,36,15,"BMA",0.789828224071006,2.12864218809582,0.5785
"6286",9,36,16,"BMA",3.20770952154058,3.13684485057132,0.923
"6287",9,36,17,"BMA",1.44851749477261,2.4575251242496,0.78
"6288",9,36,18,"BMA",3.55046148129106,3.74047693349829,0.941
"6289",9,36,19,"BMA",2.61828210989456,3.10492258039266,0.8845
"6290",9,36,20,"BMA",4.6480658101537,3.79513985570466,0.965
"6291",9,36,21,"BMA",5.31591325901483,4.67094275104915,0.981
"6292",9,36,22,"BMA",2.02059295815044,2.78692061775367,0.8385
"6293",9,36,23,"BMA",1.76563137134616,2.60988155255054,0.818
"6294",9,36,24,"BMA",2.31197129258602,2.88813402361209,0.8535
"6295",9,36,25,"BMA",3.47350406589821,3.31397851451655,0.9145
"6296",9,36,26,"BMA",1.97723080800735,2.68099266903798,0.8215
"6297",9,36,27,"BMA",1.3676279788945,2.3205775174143,0.2575
"6298",9,36,28,"BMA",3.53766577779969,3.37034229052646,0.0415
"6299",9,36,29,"BMA",1.00774017040022,2.05990461216307,0.2985
"6300",9,36,30,"BMA",1.56875692703329,2.3389460855558,0.192
"6301",9,36,31,"BMA",0.960746343163491,2.2219968713941,0.323
"6302",9,36,32,"BMA",0.758174657919104,2.061461540882,0.49
"6303",9,36,33,"BMA",0.678807553389074,2.00266281859823,0.4785
"6304",9,36,34,"BMA",2.03711657547618,2.52871360152754,0.1185
"6305",9,36,35,"BMA",1.7856808792336,2.48332585342888,0.143
"6306",9,36,36,"BMA",2.56287789904311,2.81117421814127,0.0745
"6307",9,36,37,"BMA",4.84626039889506,4.71614150487276,0.007
"6308",9,36,38,"BMA",1.36467702643111,2.19550305796681,0.2105
"6309",9,36,1,"AVS",1.08897844613263,2.26500739007042,0.7715
"6310",9,36,2,"AVS",6.69493032724999,5.34992966345435,0.9845
"6311",9,36,3,"AVS",3.26063719441892,3.22366885510059,0.847
"6312",9,36,4,"AVS",1.52364486674291,2.63093717034154,0.675
"6313",9,36,5,"AVS",1.1481822607889,2.52104539548499,0.567
"6314",9,36,6,"AVS",1.03062093994872,2.31434733086897,0.5185
"6315",9,36,7,"AVS",1.14020310191108,2.34290377219861,0.3985
"6316",9,36,8,"AVS",5.46927901563851,4.40862685858709,0.9505
"6317",9,36,9,"AVS",6.01971546030567,3.68848546467395,0.074
"6318",9,36,10,"AVS",3.137584077378,3.0338825413255,0.1825
"6319",9,36,11,"AVS",1.70982418662007,2.68608763060728,0.3245
"6320",9,36,12,"AVS",5.88282361295812,3.81564059455113,0.034
"6321",9,36,13,"AVS",1.69542752953054,2.59216141971326,0.292
"6322",9,36,14,"AVS",1.90807343009604,2.57975660129742,0.205
"6323",9,36,15,"AVS",0.927686876048238,2.22541685693249,0.5955
"6324",9,36,16,"AVS",2.6222241497014,2.97846066003076,0.8685
"6325",9,36,17,"AVS",1.25300823110529,2.59322858532292,0.3865
"6326",9,36,18,"AVS",1.933980540199,2.69755316088425,0.7855
"6327",9,36,19,"AVS",1.02702747444873,2.44416793466773,0.443
"6328",9,36,20,"AVS",1.93484684542044,2.5993870938902,0.7835
"6329",9,36,21,"AVS",1.41906472486191,2.47328160705961,0.725
"6330",9,36,22,"AVS",1.779340613107,2.62264889808395,0.2165
"6331",9,36,23,"AVS",0.84185607640771,2.29650326445036,0.4895
"6332",9,36,24,"AVS",0.971907842289506,2.32184838915092,0.5995
"6333",9,36,25,"AVS",1.32061065112424,2.41121145238897,0.7145
"6334",9,36,26,"AVS",1.22659208554389,2.31716856115166,0.315
"6335",9,36,27,"AVS",3.27495530328295,3.18160373836668,0.078
"6336",9,36,28,"AVS",1.83072387657527,2.72631037660388,0.2005
"6337",9,36,29,"AVS",1.7765766126571,2.45006154128579,0.807
"6338",9,36,30,"AVS",0.956156472265691,2.24304588732248,0.386
"6339",9,36,31,"AVS",0.98803199768045,2.34213348726679,0.629
"6340",9,36,32,"AVS",0.949302282744397,2.30383639817908,0.6575
"6341",9,36,33,"AVS",0.774653546075017,2.14091679521203,0.511
"6342",9,36,34,"AVS",1.71767832219299,2.50001244016952,0.193
"6343",9,36,35,"AVS",0.78224626753351,2.14533848554543,0.5285
"6344",9,36,36,"AVS",0.89338340500128,2.24170006607669,0.389
"6345",9,36,37,"AVS",1.79936981070545,2.55770900738021,0.204
"6346",9,36,38,"AVS",1.75006189088117,2.53786928706504,0.8235
"6347",9,36,1,"EQW",1.08897844613263,2.29342148288796,0.778
"6348",9,36,2,"EQW",6.79364410170508,5.14688494700337,0.981
"6349",9,36,3,"EQW",4.0272584524011,3.28771645290662,0.874
"6350",9,36,4,"EQW",1.44838234469345,2.50583253748686,0.65
"6351",9,36,5,"EQW",1.13262364539338,2.50434038538027,0.5735
"6352",9,36,6,"EQW",1.02523723954477,2.36066524134033,0.531
"6353",9,36,7,"EQW",1.08429957711982,2.39529865339,0.4295
"6354",9,36,8,"EQW",5.10685109047318,4.0149467194159,0.922
"6355",9,36,9,"EQW",6.68411005366955,4.12927921231062,0.049
"6356",9,36,10,"EQW",1.47036305638352,2.74013268189278,0.3755
"6357",9,36,11,"EQW",1.16591283070076,2.48211312052616,0.458
"6358",9,36,12,"EQW",5.62850460800187,3.81779533896495,0.043
"6359",9,36,13,"EQW",1.20976266343851,2.47375314163439,0.4
"6360",9,36,14,"EQW",1.71518355033849,2.50057789181917,0.2425
"6361",9,36,15,"EQW",0.926022044614347,2.35819093414278,0.6105
"6362",9,36,16,"EQW",2.28742165672507,2.80464634799035,0.833
"6363",9,36,17,"EQW",1.05391141409243,2.51525382251016,0.467
"6364",9,36,18,"EQW",1.87537743486976,2.65838168271518,0.782
"6365",9,36,19,"EQW",1.21631292838685,2.56302317287629,0.644
"6366",9,36,20,"EQW",2.93411588270124,2.89956670423318,0.872
"6367",9,36,21,"EQW",3.18279248185331,3.03005735357605,0.856
"6368",9,36,22,"EQW",1.45510013361956,2.86015420737051,0.548
"6369",9,36,23,"EQW",1.50289762837121,2.5568689621101,0.667
"6370",9,36,24,"EQW",1.87776646601758,2.67527896528343,0.7385
"6371",9,36,25,"EQW",2.68284854330824,2.90667055913011,0.836
"6372",9,36,26,"EQW",1.40030837053,2.64041409758639,0.5995
"6373",9,36,27,"EQW",1.83093853594903,2.76600154031652,0.271
"6374",9,36,28,"EQW",1.996281562975,2.6505649114603,0.188
"6375",9,36,29,"EQW",1.13545402978743,2.39986530413742,0.64
"6376",9,36,30,"EQW",1.03305211344694,2.28723059217479,0.407
"6377",9,36,31,"EQW",0.991688242095013,2.39640893868001,0.5535
"6378",9,36,32,"EQW",1.08252995509073,2.31557640023794,0.624
"6379",9,36,33,"EQW",0.95401018304225,2.23635192476068,0.558
"6380",9,36,34,"EQW",1.40430555698278,2.53528307111848,0.295
"6381",9,36,35,"EQW",0.907652819371771,2.28493121267525,0.446
"6382",9,36,36,"EQW",1.11670695543043,2.39491731354807,0.334
"6383",9,36,37,"EQW",2.05615391903763,2.5809332822162,0.1695
"6384",9,36,38,"EQW",1.13978077952833,2.43714877327065,0.65
"6385",9,36,1,"SGP",1.08897844613263,2.35348888133739,0.7695
"6386",9,36,2,"SGP",7.2290247826826,5.52284935286455,0.9915
"6387",9,36,3,"SGP",4.02897681677061,3.27950464947518,0.8715
"6388",9,36,4,"SGP",1.07260648900024,2.29655315718577,0.618
"6389",9,36,5,"SGP",0.885355934530233,2.19411527080586,0.609
"6390",9,36,6,"SGP",0.864055184789619,2.16599024409236,0.648
"6391",9,36,7,"SGP",0.68108220903001,2.0966723671203,0.469
"6392",9,36,8,"SGP",6.2816252502611,5.50407310558994,0.9915
"6393",9,36,9,"SGP",8.08728139441673,5.64128413324483,0.0065
"6394",9,36,10,"SGP",1.05454045276782,2.43287971721955,0.477
"6395",9,36,11,"SGP",0.972542316623549,2.3859463330468,0.501
"6396",9,36,12,"SGP",5.75814905269755,4.18509899025578,0.0355
"6397",9,36,13,"SGP",1.07596088651049,2.39889196275895,0.479
"6398",9,36,14,"SGP",1.84311771516108,2.61439749008418,0.243
"6399",9,36,15,"SGP",1.07112846504795,2.39352146301045,0.602
"6400",9,36,16,"SGP",1.91322088938873,2.70406117595893,0.7765
"6401",9,36,17,"SGP",1.67740104855371,2.61400135145577,0.2655
"6402",9,36,18,"SGP",1.3593342739666,2.47719634149339,0.6685
"6403",9,36,19,"SGP",1.03467305722585,2.39265303086298,0.4325
"6404",9,36,20,"SGP",1.89716833665636,2.55486747223989,0.7805
"6405",9,36,21,"SGP",1.47183944339359,2.55217788439631,0.722
"6406",9,36,22,"SGP",1.66534824745493,2.55539988620597,0.2505
"6407",9,36,23,"SGP",0.872189016573186,2.20237106456366,0.5085
"6408",9,36,24,"SGP",1.00429723317907,2.28851453011759,0.6155
"6409",9,36,25,"SGP",1.37701586153982,2.41215954928528,0.71
"6410",9,36,26,"SGP",1.17814497382559,2.39355022183118,0.3195
"6411",9,36,27,"SGP",3.20970710298876,3.03874631695066,0.089
"6412",9,36,28,"SGP",1.93782667480988,2.67416716722382,0.195
"6413",9,36,29,"SGP",1.59384114359384,2.45008701942051,0.773
"6414",9,36,30,"SGP",1.00545906681213,2.24281329103406,0.3555
"6415",9,36,31,"SGP",0.937103692024243,2.28188042694122,0.576
"6416",9,36,32,"SGP",0.909375644369351,2.22740781059702,0.5955
"6417",9,36,33,"SGP",0.770471804510911,2.1032027274544,0.497
"6418",9,36,34,"SGP",1.80882459756672,2.51175460691994,0.196
"6419",9,36,35,"SGP",0.800040806139531,2.16791709666524,0.497
"6420",9,36,36,"SGP",0.959412069002638,2.24210957169939,0.3765
"6421",9,36,37,"SGP",1.80832144028495,2.6160634975352,0.1795
"6422",9,36,38,"SGP",1.71834915054905,2.5640486989621,0.802
"6423",9,36,1,"SGP50",1.08897844613263,2.33033718224126,0.761
"6424",9,36,2,"SGP50",6.80779065042749,5.37605525885558,0.981
"6425",9,36,3,"SGP50",4.02723634746482,3.27313463054595,0.8855
"6426",9,36,4,"SGP50",1.4404367491025,2.64544283422525,0.661
"6427",9,36,5,"SGP50",1.11944538846951,2.45380464394871,0.6095
"6428",9,36,6,"SGP50",1.00869420833282,2.32582467001875,0.54
"6429",9,36,7,"SGP50",1.05170010838747,2.3087529955192,0.448
"6430",9,36,8,"SGP50",5.18673991219404,3.94118286253785,0.9235
"6431",9,36,9,"SGP50",6.88488687612361,4.32548098513986,0.0485
"6432",9,36,10,"SGP50",1.42062411106758,2.67578134449406,0.375
"6433",9,36,11,"SGP50",1.1439502192435,2.47067725645981,0.464
"6434",9,36,12,"SGP50",5.65468172496079,4.06229852857164,0.036
"6435",9,36,13,"SGP50",1.18849631528684,2.45244954908536,0.417
"6436",9,36,14,"SGP50",1.7358951440382,2.525515495245,0.244
"6437",9,36,15,"SGP50",0.936244885389808,2.27544339299093,0.577
"6438",9,36,16,"SGP50",2.22124690170727,2.83232250770942,0.819
"6439",9,36,17,"SGP50",1.09083238194828,2.4173092540814,0.452
"6440",9,36,18,"SGP50",1.80818333499713,2.65180250121468,0.7805
"6441",9,36,19,"SGP50",1.17135682179752,2.539032910884,0.5965
"6442",9,36,20,"SGP50",2.80374817204314,2.94757886516934,0.8595
"6443",9,36,21,"SGP50",2.95998233954821,2.94431330583613,0.8465
"6444",9,36,22,"SGP50",1.38407426577316,2.75847517447042,0.519
"6445",9,36,23,"SGP50",1.38535193297967,2.4907842701844,0.6525
"6446",9,36,24,"SGP50",1.72239431312616,2.54455241781615,0.7295
"6447",9,36,25,"SGP50",2.4488256875252,2.83842033774615,0.809
"6448",9,36,26,"SGP50",1.26956362515088,2.610175311421,0.553
"6449",9,36,27,"SGP50",2.0131741161755,2.77674107874774,0.235
"6450",9,36,28,"SGP50",2.06620573729002,2.64575267314167,0.2005
"6451",9,36,29,"SGP50",1.13339590196965,2.39791993207835,0.647
"6452",9,36,30,"SGP50",1.05052674265555,2.35743883387425,0.3835
"6453",9,36,31,"SGP50",0.956935388186461,2.38924549966763,0.5545
"6454",9,36,32,"SGP50",1.01714198598115,2.35771817085201,0.6185
"6455",9,36,33,"SGP50",0.889743327654985,2.21498452640951,0.55
"6456",9,36,34,"SGP50",1.50852605576183,2.54941921020156,0.262
"6457",9,36,35,"SGP50",0.906578875693858,2.28393547660931,0.4275
"6458",9,36,36,"SGP50",1.14185916069566,2.35206390576614,0.3335
"6459",9,36,37,"SGP50",2.10153586276811,2.61542996890854,0.153
"6460",9,36,38,"SGP50",1.17603735381718,2.50131608394797,0.6535
"6461",9,37,1,"BMA",1.50079564678865,2.1162990010908,0.293
"6462",9,37,2,"BMA",0.865423898154645,1.82826489838914,0.369
"6463",9,37,3,"BMA",0.673642507996735,2.01988932194911,0.572
"6464",9,37,4,"BMA",0.640891647605087,1.91623280522963,0.442
"6465",9,37,5,"BMA",0.700458966800833,1.97916469620195,0.6325
"6466",9,37,6,"BMA",2.17309236928341,2.74401420610086,0.9045
"6467",9,37,7,"BMA",1.38595850235254,2.52537186259055,0.2765
"6468",9,37,8,"BMA",0.645033533607847,1.90808673414937,0.5285
"6469",9,37,9,"BMA",5.02798483640927,5.45293633325979,0.9915
"6470",9,37,10,"BMA",0.860022407187713,2.13094934547175,0.542
"6471",9,37,11,"BMA",1.90938684176159,2.52229692185006,0.8635
"6472",9,37,12,"BMA",1.12901349218706,2.17338822767494,0.749
"6473",9,37,13,"BMA",0.776366334224137,2.08982049763035,0.6165
"6474",9,37,14,"BMA",1.89508492712628,2.48783126304119,0.1375
"6475",9,37,15,"BMA",3.52835802244235,3.65639007538158,0.973
"6476",9,37,16,"BMA",1.72556842358801,2.45264186158891,0.828
"6477",9,37,17,"BMA",2.48387839213544,2.8028551616688,0.913
"6478",9,37,18,"BMA",2.31053262781606,2.72632272669534,0.8795
"6479",9,37,19,"BMA",0.962042115470471,2.20833630012623,0.6455
"6480",9,37,20,"BMA",0.803067856418908,2.10582839004209,0.379
"6481",9,37,21,"BMA",4.78168534260323,4.26336088719336,0.0125
"6482",9,37,22,"BMA",2.52288171652805,2.89267824688477,0.08
"6483",9,37,23,"BMA",1.22993632807091,2.27393698006729,0.274
"6484",9,37,24,"BMA",0.845234888130876,2.04164709074677,0.6495
"6485",9,37,25,"BMA",2.52796260921796,2.77129092468973,0.081
"6486",9,37,26,"BMA",1.26538042383693,2.32972859222815,0.7505
"6487",9,37,27,"BMA",1.74289967339062,2.52173450384651,0.8205
"6488",9,37,28,"BMA",2.55290389799522,2.87574343138088,0.0945
"6489",9,37,29,"BMA",2.53225078013567,2.94670066398249,0.91
"6490",9,37,30,"BMA",1.8304260662069,2.58854002155496,0.166
"6491",9,37,31,"BMA",1.83935550701712,2.53932959868815,0.8265
"6492",9,37,32,"BMA",2.65078765562786,2.97111856028386,0.906
"6493",9,37,33,"BMA",1.8163989494458,2.50071581891755,0.836
"6494",9,37,34,"BMA",0.889715749995306,2.12295089512419,0.6595
"6495",9,37,35,"BMA",1.81961959666201,2.57324886222445,0.838
"6496",9,37,36,"BMA",5.35834122415547,4.74633473547758,0.0065
"6497",9,37,37,"BMA",2.62952497503329,2.92150584958317,0.1185
"6498",9,37,38,"BMA",0.897491359265195,2.19169602979579,0.3735
"6499",9,37,1,"AVS",1.50079564678865,2.10250802423457,0.273
"6500",9,37,2,"AVS",0.624550888640945,1.7189389578854,0.47
"6501",9,37,3,"AVS",0.670016067459842,2.02789473846197,0.619
"6502",9,37,4,"AVS",0.58514037248158,1.95188649543359,0.49
"6503",9,37,5,"AVS",0.735635149144723,1.92989837455966,0.677
"6504",9,37,6,"AVS",2.26179532044512,2.79376493221125,0.909
"6505",9,37,7,"AVS",1.64484179432213,2.49845534959878,0.215
"6506",9,37,8,"AVS",0.595630468761898,1.88735325959128,0.507
"6507",9,37,9,"AVS",4.90987048069612,5.33440753504777,0.9965
"6508",9,37,10,"AVS",0.672684404967919,2.02341815464259,0.4865
"6509",9,37,11,"AVS",1.85227551661578,2.54029685743694,0.861
"6510",9,37,12,"AVS",1.08812733302851,2.1685567143759,0.7295
"6511",9,37,13,"AVS",0.748871995407307,2.09906804874117,0.58
"6512",9,37,14,"AVS",1.91172337100367,2.48807806488179,0.1445
"6513",9,37,15,"AVS",3.52939725907998,3.53401128786498,0.976
"6514",9,37,16,"AVS",1.73724412685139,2.48292777543845,0.8305
"6515",9,37,17,"AVS",2.47682849955528,2.81031543653982,0.903
"6516",9,37,18,"AVS",2.09788810141451,2.60567895172613,0.8615
"6517",9,37,19,"AVS",0.774521330403267,2.07941614585416,0.522
"6518",9,37,20,"AVS",1.17696370884545,2.32580268624959,0.2405
"6519",9,37,21,"AVS",5.25048149755254,4.46179123243938,0.0115
"6520",9,37,22,"AVS",2.53275364664576,2.87557041518674,0.096
"6521",9,37,23,"AVS",1.22389631916024,2.32114572000529,0.271
"6522",9,37,24,"AVS",0.846943295636313,2.07372940432739,0.639
"6523",9,37,25,"AVS",2.53965019255339,2.81088095293611,0.085
"6524",9,37,26,"AVS",1.26695405225044,2.26550738164074,0.7415
"6525",9,37,27,"AVS",1.74803053642211,2.4824085424917,0.813
"6526",9,37,28,"AVS",2.54723046124046,2.84303237181897,0.0935
"6527",9,37,29,"AVS",2.52802036315988,2.95775462440776,0.9115
"6528",9,37,30,"AVS",1.81819357350252,2.50825139736611,0.178
"6529",9,37,31,"AVS",1.82971127385295,2.58614203904036,0.8245
"6530",9,37,32,"AVS",2.63863267204887,2.97482315946001,0.904
"6531",9,37,33,"AVS",1.80924437910098,2.54298109333805,0.8385
"6532",9,37,34,"AVS",0.872382659229978,2.1222336944906,0.653
"6533",9,37,35,"AVS",1.82634908846477,2.5770913167429,0.8445
"6534",9,37,36,"AVS",5.3753567515214,4.5797524732543,0.01
"6535",9,37,37,"AVS",2.62349045521203,2.93699613483422,0.1045
"6536",9,37,38,"AVS",0.890790018235278,2.19501570527487,0.373
"6537",9,37,1,"EQW",1.50079564678865,2.04930454598031,0.293
"6538",9,37,2,"EQW",1.23724762757357,1.92466960248956,0.3105
"6539",9,37,3,"EQW",0.877207169574466,2.0898836314306,0.4565
"6540",9,37,4,"EQW",0.89230754910563,2.02822731110923,0.3845
"6541",9,37,5,"EQW",0.717073715675585,1.98408052884835,0.522
"6542",9,37,6,"EQW",1.97307340738928,2.81003001455565,0.837
"6543",9,37,7,"EQW",1.11649423169665,2.51527218233449,0.487
"6544",9,37,8,"EQW",0.934466476936633,2.25009909117418,0.587
"6545",9,37,9,"EQW",4.88920274970512,4.26034915193752,0.9415
"6546",9,37,10,"EQW",1.57745122133988,2.5459848824254,0.673
"6547",9,37,11,"EQW",2.92454363184379,2.92257152056951,0.8575
"6548",9,37,12,"EQW",2.05105581123809,2.67666664512311,0.744
"6549",9,37,13,"EQW",1.63424971206384,2.58734642739842,0.6
"6550",9,37,14,"EQW",1.73293096877074,2.99959172215226,0.352
"6551",9,37,15,"EQW",3.35572318947773,3.35410342444231,0.8655
"6552",9,37,16,"EQW",2.41786023276027,2.75461127984673,0.7885
"6553",9,37,17,"EQW",3.19867840833981,3.07294393203389,0.864
"6554",9,37,18,"EQW",3.37328747079926,2.90753459853108,0.822
"6555",9,37,19,"EQW",2.51412914416734,2.83301851702693,0.6995
"6556",9,37,20,"EQW",1.89667706095189,2.70674219842804,0.5275
"6557",9,37,21,"EQW",3.22412343203624,3.66754571553023,0.2645
"6558",9,37,22,"EQW",2.54072099058167,3.01206929150198,0.2415
"6559",9,37,23,"EQW",1.93388802894853,2.6765200022231,0.2805
"6560",9,37,24,"EQW",1.32114895709054,2.53672349604521,0.515
"6561",9,37,25,"EQW",2.8531173582715,3.09074278297654,0.168
"6562",9,37,26,"EQW",1.30837124470037,2.56617171940977,0.575
"6563",9,37,27,"EQW",1.80428512310788,2.81129057127242,0.7225
"6564",9,37,28,"EQW",1.98402695917931,2.9085914636465,0.261
"6565",9,37,29,"EQW",2.3411228198658,2.92334954565053,0.805
"6566",9,37,30,"EQW",1.43524993278659,2.65370154584175,0.369
"6567",9,37,31,"EQW",2.11132803273799,2.80370317219875,0.774
"6568",9,37,32,"EQW",3.52281744309642,3.20531963222563,0.8905
"6569",9,37,33,"EQW",3.58119907589082,3.02052583968107,0.877
"6570",9,37,34,"EQW",2.7244451949984,2.77625260169569,0.776
"6571",9,37,35,"EQW",4.02907721308102,3.0725689722597,0.8865
"6572",9,37,36,"EQW",2.6426080986124,3.50666515318163,0.382
"6573",9,37,37,"EQW",1.82830519562565,2.90632183732274,0.318
"6574",9,37,38,"EQW",1.17852887842321,2.48921976373663,0.4375
"6575",9,37,1,"SGP",1.50079564678865,2.10222243175852,0.274
"6576",9,37,2,"SGP",0.7146805010419,1.78692153979226,0.415
"6577",9,37,3,"SGP",0.663749167574386,2.08540501322886,0.5955
"6578",9,37,4,"SGP",0.600852766489993,1.91416509707479,0.495
"6579",9,37,5,"SGP",0.721300866725584,1.94423696424017,0.6445
"6580",9,37,6,"SGP",2.22605073821833,2.72666409054472,0.8985
"6581",9,37,7,"SGP",1.31138817880408,2.3750626967412,0.2815
"6582",9,37,8,"SGP",0.615328420216847,1.9340256339384,0.5205
"6583",9,37,9,"SGP",4.99977926225139,5.34454700349103,0.994
"6584",9,37,10,"SGP",0.71142975424525,1.99125036349953,0.5215
"6585",9,37,11,"SGP",1.93812178015183,2.53970615215688,0.8715
"6586",9,37,12,"SGP",0.969840382802159,2.1115783651915,0.6825
"6587",9,37,13,"SGP",0.739711625939735,2.17199189083713,0.493
"6588",9,37,14,"SGP",2.1387918161575,2.79260407971493,0.1095
"6589",9,37,15,"SGP",3.50663647262774,3.43248714471396,0.9705
"6590",9,37,16,"SGP",1.57447106943969,2.38244147640104,0.8045
"6591",9,37,17,"SGP",2.14836474880923,2.79812794446401,0.8795
"6592",9,37,18,"SGP",1.77505979645088,2.58895187353049,0.8285
"6593",9,37,19,"SGP",0.776886447278943,2.13260241208537,0.4935
"6594",9,37,20,"SGP",1.24619496492644,2.28737719523443,0.2565
"6595",9,37,21,"SGP",5.71030999631601,4.76104763788165,0.0165
"6596",9,37,22,"SGP",2.56654781977672,2.90470031735737,0.0885
"6597",9,37,23,"SGP",1.20433149751026,2.32550324103136,0.261
"6598",9,37,24,"SGP",0.850557404808193,2.08719695433521,0.62
"6599",9,37,25,"SGP",2.57117828513486,2.95735185839899,0.098
"6600",9,37,26,"SGP",1.26791608915963,2.28959718744006,0.737
"6601",9,37,27,"SGP",1.77200934950339,2.52206866020981,0.8315
"6602",9,37,28,"SGP",2.51984654327757,2.85445368884358,0.108
"6603",9,37,29,"SGP",2.50637758407862,2.82281397631354,0.8955
"6604",9,37,30,"SGP",1.77149182777003,2.45051157052409,0.183
"6605",9,37,31,"SGP",1.80379601255087,2.5953289012738,0.8315
"6606",9,37,32,"SGP",2.61060212271377,2.88328002465516,0.893
"6607",9,37,33,"SGP",1.81042860899711,2.55405612164496,0.833
"6608",9,37,34,"SGP",0.858622599875579,2.15417375891393,0.635
"6609",9,37,35,"SGP",1.8419605653077,2.50001367742066,0.832
"6610",9,37,36,"SGP",5.3540232341524,4.77174701271704,0.01
"6611",9,37,37,"SGP",2.60182029278017,2.85671223150161,0.12
"6612",9,37,38,"SGP",0.878740536316604,2.18646544635969,0.3965
"6613",9,37,1,"SGP50",1.50079564678865,2.04560612848397,0.2915
"6614",9,37,2,"SGP50",1.21473910691064,1.92252344072058,0.3015
"6615",9,37,3,"SGP50",0.8541193799731,2.07858626143207,0.4565
"6616",9,37,4,"SGP50",0.859670345372273,2.00890786666158,0.4135
"6617",9,37,5,"SGP50",0.707207184126907,1.97966210969055,0.5745
"6618",9,37,6,"SGP50",1.99932393576197,2.79914119309167,0.8335
"6619",9,37,7,"SGP50",1.1006145571928,2.53985499960885,0.4805
"6620",9,37,8,"SGP50",0.892726794546552,2.18245584483057,0.572
"6621",9,37,9,"SGP50",4.91301408451162,4.26377295014084,0.9475
"6622",9,37,10,"SGP50",1.41611026691437,2.46456639072404,0.6625
"6623",9,37,11,"SGP50",2.74897320937874,2.87829122901014,0.85
"6624",9,37,12,"SGP50",1.76278655703158,2.55411943403243,0.702
"6625",9,37,13,"SGP50",1.36667486583754,2.5021930977206,0.5695
"6626",9,37,14,"SGP50",1.79684532120188,2.90772913254392,0.2755
"6627",9,37,15,"SGP50",3.3674616072155,3.4303310406181,0.8815
"6628",9,37,16,"SGP50",2.06101223716784,2.62623613143792,0.7845
"6629",9,37,17,"SGP50",2.71706005902131,2.87744438941602,0.847
"6630",9,37,18,"SGP50",2.67446374881885,2.80317431223363,0.826
"6631",9,37,19,"SGP50",1.7164241796397,2.56177124986921,0.6425
"6632",9,37,20,"SGP50",1.33078640706182,2.51652448395245,0.486
"6633",9,37,21,"SGP50",3.88505490911822,4.02021493812488,0.1645
"6634",9,37,22,"SGP50",2.49982725176688,2.96523581751668,0.1735
"6635",9,37,23,"SGP50",1.55385825127987,2.53897844498694,0.2605
"6636",9,37,24,"SGP50",1.02313094435976,2.30309625729985,0.5535
"6637",9,37,25,"SGP50",2.66274118913234,2.97458748520315,0.1325
"6638",9,37,26,"SGP50",1.20501083062916,2.44055287159986,0.6705
"6639",9,37,27,"SGP50",1.760946772751,2.68511179541703,0.7685
"6640",9,37,28,"SGP50",2.18750912073892,2.84639571896549,0.1815
"6641",9,37,29,"SGP50",2.38668489056565,2.8374332710561,0.8465
"6642",9,37,30,"SGP50",1.52842552669283,2.56537451847452,0.269
"6643",9,37,31,"SGP50",1.92224283617466,2.65320241658295,0.8055
"6644",9,37,32,"SGP50",2.97832342904396,3.10467741539201,0.8935
"6645",9,37,33,"SGP50",2.49284584376592,2.73008271871943,0.864
"6646",9,37,34,"SGP50",1.49549115016902,2.38188535774933,0.6915
"6647",9,37,35,"SGP50",2.59635169502268,2.76436065672283,0.862
"6648",9,37,36,"SGP50",3.73398248293962,4.03489538428292,0.1895
"6649",9,37,37,"SGP50",2.16291510101617,2.95424054483876,0.1995
"6650",9,37,38,"SGP50",0.985747858245936,2.28573740598714,0.3955
"6651",9,38,1,"BMA",4.67903920914455,3.74499492658475,0.809
"6652",9,38,2,"BMA",4.53223849290501,3.59823697368423,0.785
"6653",9,38,3,"BMA",4.60189114968984,3.58824376640375,0.806
"6654",9,38,4,"BMA",17.5056441097032,5.40039645121065,0.971
"6655",9,38,5,"BMA",12.0285358276597,4.53934061677778,0.8395
"6656",9,38,6,"BMA",4.70210249135812,3.88772550839527,0.4365
"6657",9,38,7,"BMA",4.76602921309486,3.81967022818223,0.6575
"6658",9,38,8,"BMA",3.610577470769,3.7142998136252,0.4815
"6659",9,38,9,"BMA",5.66269694366801,3.94816593551099,0.3085
"6660",9,38,10,"BMA",6.66902562030958,3.88890078350938,0.6945
"6661",9,38,11,"BMA",9.64527113513329,4.06774672969284,0.8905
"6662",9,38,12,"BMA",6.39559860525304,3.72992459280366,0.8375
"6663",9,38,13,"BMA",2.38612021119683,3.23445747940343,0.582
"6664",9,38,14,"BMA",2.74021011019374,3.28969607989448,0.379
"6665",9,38,15,"BMA",4.34024801004926,3.49378385034424,0.777
"6666",9,38,16,"BMA",6.54476231068646,3.64191627820418,0.8795
"6667",9,38,17,"BMA",3.69336094952473,3.35259582597392,0.777
"6668",9,38,18,"BMA",3.1684046189101,3.24139957903439,0.268
"6669",9,38,19,"BMA",12.5556867464486,4.97007690268625,0.024
"6670",9,38,20,"BMA",18.3467792528847,5.87578778240441,0.0205
"6671",9,38,21,"BMA",4.24536312095322,3.84197609864502,0.4595
"6672",9,38,22,"BMA",4.93820251574919,3.60473212749024,0.8135
"6673",9,38,23,"BMA",5.30453704725848,3.5361880362342,0.1485
"6674",9,38,24,"BMA",2.30141954481316,3.05863117651668,0.3355
"6675",9,38,25,"BMA",2.10994209021599,3.05603796852335,0.4135
"6676",9,38,26,"BMA",3.51443240528818,3.26390781054509,0.2275
"6677",9,38,27,"BMA",1.98932177745895,3.11266411751853,0.4995
"6678",9,38,28,"BMA",2.5764308010528,3.10345117526245,0.6845
"6679",9,38,29,"BMA",2.95284165385812,3.12869714781375,0.7315
"6680",9,38,30,"BMA",2.13939111007521,3.02736503020874,0.35
"6681",9,38,31,"BMA",1.62297993433672,2.90917905779591,0.4465
"6682",9,38,32,"BMA",1.61104870517746,2.8637085623494,0.522
"6683",9,38,33,"BMA",1.8040504635742,2.78794719484925,0.6215
"6684",9,38,34,"BMA",1.59870705609631,2.82610630392655,0.517
"6685",9,38,35,"BMA",1.95545794040943,2.86085941527515,0.658
"6686",9,38,36,"BMA",2.06540619728786,2.90307611732177,0.698
"6687",9,38,37,"BMA",4.15527921766321,3.33224719161685,0.1435
"6688",9,38,38,"BMA",1.48749786659555,2.79004365624855,0.5605
"6689",9,38,1,"AVS",4.67903920914455,3.66830287169717,0.7915
"6690",9,38,2,"AVS",2.95114730191529,3.35746530427582,0.635
"6691",9,38,3,"AVS",3.96717396852193,3.51102725960511,0.7255
"6692",9,38,4,"AVS",18.38404087057,5.4766448941528,0.9685
"6693",9,38,5,"AVS",17.9377501809912,5.1601234412083,0.939
"6694",9,38,6,"AVS",4.85928909464595,3.69346760091952,0.313
"6695",9,38,7,"AVS",4.30660322856934,3.76497901994536,0.638
"6696",9,38,8,"AVS",3.57939807168233,3.73769171315611,0.4905
"6697",9,38,9,"AVS",5.67440226815788,3.98040734785812,0.305
"6698",9,38,10,"AVS",6.69314927050065,3.84694091757163,0.674
"6699",9,38,11,"AVS",9.69015561434095,4.05344372921491,0.8755
"6700",9,38,12,"AVS",5.79335541074404,3.72432439228818,0.808
"6701",9,38,13,"AVS",3.37968470740712,3.32050310448823,0.2715
"6702",9,38,14,"AVS",2.43809313699655,3.20524461297006,0.38
"6703",9,38,15,"AVS",5.69032546170847,3.65771444180968,0.8315
"6704",9,38,16,"AVS",6.45698193832755,3.74197028089462,0.8825
"6705",9,38,17,"AVS",2.53206027465376,3.32682579802409,0.402
"6706",9,38,18,"AVS",7.78795355423852,4.10070352562797,0.086
"6707",9,38,19,"AVS",12.5679109905518,4.96910684184943,0.0275
"6708",9,38,20,"AVS",2.05170449035656,3.02507136618226,0.4155
"6709",9,38,21,"AVS",4.1653486314881,3.48618840109246,0.821
"6710",9,38,22,"AVS",6.29286055157633,3.78796374430095,0.911
"6711",9,38,23,"AVS",6.42144014450597,3.80543674859765,0.0965
"6712",9,38,24,"AVS",1.76101176808411,2.95827384987938,0.4585
"6713",9,38,25,"AVS",1.8753475284967,2.91741718105227,0.557
"6714",9,38,26,"AVS",2.58629237730256,3.05236385174565,0.298
"6715",9,38,27,"AVS",1.74437136716074,2.96290529922768,0.5525
"6716",9,38,28,"AVS",2.64439767975331,3.09508492204902,0.7065
"6717",9,38,29,"AVS",2.98975925026363,3.17060144217132,0.7465
"6718",9,38,30,"AVS",2.13308571919596,2.98266712528117,0.348
"6719",9,38,31,"AVS",1.61197948436119,2.93944923703577,0.421
"6720",9,38,32,"AVS",1.61121721805582,2.88852201144826,0.538
"6721",9,38,33,"AVS",1.81175336242832,2.85138586897916,0.615
"6722",9,38,34,"AVS",1.59852227823887,2.83685229369774,0.5145
"6723",9,38,35,"AVS",1.97035393255758,2.83204955411606,0.677
"6724",9,38,36,"AVS",2.07134828898496,2.83830839344731,0.6745
"6725",9,38,37,"AVS",4.26181529686335,3.32296806147933,0.1375
"6726",9,38,38,"AVS",1.54713678751564,2.82578163643949,0.5805
"6727",9,38,1,"EQW",4.67903920914455,3.69892794698562,0.8045
"6728",9,38,2,"EQW",5.64417453442937,3.79831821835071,0.8555
"6729",9,38,3,"EQW",5.33414434109598,3.65117622706889,0.851
"6730",9,38,4,"EQW",16.1192808110087,5.72494803663308,0.973
"6731",9,38,5,"EQW",6.74836436282953,4.00476711723653,0.685
"6732",9,38,6,"EQW",5.36153160414361,3.82215935520466,0.62
"6733",9,38,7,"EQW",10.4428613051705,4.23370926540604,0.859
"6734",9,38,8,"EQW",5.50649810189731,4.11859789604537,0.571
"6735",9,38,9,"EQW",4.55115148960705,3.85936368974111,0.3695
"6736",9,38,10,"EQW",3.67318604990071,3.57058548381991,0.597
"6737",9,38,11,"EQW",5.30229744400024,3.65023074902575,0.746
"6738",9,38,12,"EQW",3.46070151347435,3.6186111846144,0.5835
"6739",9,38,13,"EQW",3.01354883391289,3.45121262793229,0.418
"6740",9,38,14,"EQW",2.61199386705659,3.36132619822782,0.4525
"6741",9,38,15,"EQW",6.8260312885576,3.89808529833887,0.8445
"6742",9,38,16,"EQW",5.9317980702771,3.72812149602148,0.775
"6743",9,38,17,"EQW",4.34453009741582,3.65514191309546,0.607
"6744",9,38,18,"EQW",4.74786896225706,3.91018771304978,0.3615
"6745",9,38,19,"EQW",5.23248483054467,3.94175429631941,0.301
"6746",9,38,20,"EQW",5.67815110120798,3.73669868350574,0.32
"6747",9,38,21,"EQW",3.9400312928778,3.74154756374256,0.4605
"6748",9,38,22,"EQW",4.11827668864453,3.6247230544014,0.676
"6749",9,38,23,"EQW",3.70961651119842,3.66634636503651,0.363
"6750",9,38,24,"EQW",2.92747062873897,3.45275651317157,0.447
"6751",9,38,25,"EQW",2.75225025922914,3.37006597573538,0.4265
"6752",9,38,26,"EQW",3.98524496379188,3.47306346370703,0.267
"6753",9,38,27,"EQW",4.01799209052749,3.40407239066951,0.2845
"6754",9,38,28,"EQW",3.21416188274385,3.37532730670414,0.3335
"6755",9,38,29,"EQW",2.1540957387245,3.17127773280695,0.4505
"6756",9,38,30,"EQW",2.40313223838039,3.01674640356436,0.3325
"6757",9,38,31,"EQW",2.51964468893285,3.00087282161485,0.3165
"6758",9,38,32,"EQW",2.46780792510907,3.09417028182961,0.2945
"6759",9,38,33,"EQW",2.20824657742987,2.94316522193556,0.343
"6760",9,38,34,"EQW",2.24067308390611,2.89536145393441,0.299
"6761",9,38,35,"EQW",1.46101343478193,2.67073535162615,0.463
"6762",9,38,36,"EQW",1.83781024621891,2.83499526207139,0.6815
"6763",9,38,37,"EQW",1.78242375988556,2.64137203980891,0.352
"6764",9,38,38,"EQW",1.49209269202264,2.60516647698426,0.3895
"6765",9,38,1,"SGP",4.67903920914455,3.74422625194521,0.8175
"6766",9,38,2,"SGP",6.51686530693671,3.96696878838638,0.9365
"6767",9,38,3,"SGP",6.37801932394845,3.91225621661244,0.916
"6768",9,38,4,"SGP",19.704694250669,7.46218537502998,0.9975
"6769",9,38,5,"SGP",3.56679461553018,3.63533508288473,0.4745
"6770",9,38,6,"SGP",2.26990912190886,3.15371038542785,0.386
"6771",9,38,7,"SGP",5.64937415993784,3.64977157845053,0.8835
"6772",9,38,8,"SGP",7.05548022571208,3.98731387292948,0.0765
"6773",9,38,9,"SGP",8.73553466872152,4.23476706543148,0.0565
"6774",9,38,10,"SGP",2.17891131776201,3.19127669361709,0.588
"6775",9,38,11,"SGP",2.95164008188121,3.15489909740886,0.7245
"6776",9,38,12,"SGP",2.83429261251372,3.16499536696794,0.2775
"6777",9,38,13,"SGP",4.44175756340228,3.39405602248796,0.1475
"6778",9,38,14,"SGP",1.79367220303066,2.99193715767739,0.4755
"6779",9,38,15,"SGP",7.99834609024644,4.20450116275373,0.9435
"6780",9,38,16,"SGP",1.66313573476144,2.96887089564777,0.506
"6781",9,38,17,"SGP",3.38139313406509,3.14784466246538,0.2335
"6782",9,38,18,"SGP",9.70617989932108,4.54092736346304,0.049
"6783",9,38,19,"SGP",3.49184148167942,3.23208822534492,0.217
"6784",9,38,20,"SGP",1.98783170625286,2.96256559891952,0.402
"6785",9,38,21,"SGP",4.11942959003476,3.36287251580844,0.806
"6786",9,38,22,"SGP",6.24841259224926,3.84455764758155,0.894
"6787",9,38,23,"SGP",6.38390519423823,3.74706935716951,0.0975
"6788",9,38,24,"SGP",1.77120385314915,2.92669054626141,0.4565
"6789",9,38,25,"SGP",1.87956349502968,2.97632941278766,0.517
"6790",9,38,26,"SGP",2.60454826866219,3.06508898534102,0.311
"6791",9,38,27,"SGP",1.75146348197734,2.90663388959238,0.5625
"6792",9,38,28,"SGP",2.62572296245314,3.17067929269737,0.706
"6793",9,38,29,"SGP",2.96774248575093,3.15001942698919,0.755
"6794",9,38,30,"SGP",2.13740577928676,3.03757403557067,0.348
"6795",9,38,31,"SGP",1.61842441779707,2.95099263245292,0.4535
"6796",9,38,32,"SGP",1.61107702455581,2.88073585363862,0.557
"6797",9,38,33,"SGP",1.80674093096259,2.85257822597869,0.622
"6798",9,38,34,"SGP",1.60017691285357,2.8449360038387,0.516
"6799",9,38,35,"SGP",1.96025576795714,2.89190282258614,0.6805
"6800",9,38,36,"SGP",2.06845798372764,2.86038382116401,0.6705
"6801",9,38,37,"SGP",4.22777913225833,3.3936651139617,0.149
"6802",9,38,38,"SGP",1.54264091422812,2.80195427689122,0.57
"6803",9,38,1,"SGP50",4.67903920914455,3.78398088426739,0.796
"6804",9,38,2,"SGP50",5.68607442941225,3.82219233922142,0.8675
"6805",9,38,3,"SGP50",5.38079003849732,3.74664232366135,0.842
"6806",9,38,4,"SGP50",16.2574207126057,5.49303318326214,0.9705
"6807",9,38,5,"SGP50",6.57210518716762,4.04227465311312,0.697
"6808",9,38,6,"SGP50",5.01173031653387,3.77145924268445,0.617
"6809",9,38,7,"SGP50",9.68356220530839,4.24576946673268,0.858
"6810",9,38,8,"SGP50",4.8669157087117,3.97670795727658,0.5165
"6811",9,38,9,"SGP50",4.93626029421063,3.88756460754218,0.313
"6812",9,38,10,"SGP50",3.39981509440768,3.48672039255992,0.5915
"6813",9,38,11,"SGP50",4.69686299978794,3.52347506614431,0.76
"6814",9,38,12,"SGP50",2.87429158016257,3.42600886934083,0.514
"6815",9,38,13,"SGP50",3.32949816614531,3.37455325699274,0.3275
"6816",9,38,14,"SGP50",2.37966843514088,3.22048308752795,0.422
"6817",9,38,15,"SGP50",6.72957929446427,3.82285180071881,0.839
"6818",9,38,16,"SGP50",3.67209662329829,3.41195289484191,0.637
"6819",9,38,17,"SGP50",2.98456077505145,3.46922826789005,0.445
"6820",9,38,18,"SGP50",6.13300381192711,4.06930187348457,0.19
"6821",9,38,19,"SGP50",5.09668000971401,3.67630305871458,0.2165
"6822",9,38,20,"SGP50",4.48315250013951,3.51989106944715,0.2945
"6823",9,38,21,"SGP50",3.34044743485842,3.60521708375062,0.565
"6824",9,38,22,"SGP50",4.42968830708553,3.6235312333707,0.7515
"6825",9,38,23,"SGP50",4.7720261980395,3.72212001708806,0.2275
"6826",9,38,24,"SGP50",2.43013973547362,3.23224212704367,0.3935
"6827",9,38,25,"SGP50",2.30853896767343,3.20744926786668,0.4405
"6828",9,38,26,"SGP50",3.65525380809476,3.32831233702253,0.2655
"6829",9,38,27,"SGP50",2.76696120644427,3.20689988855382,0.3745
"6830",9,38,28,"SGP50",2.44402087741713,3.27335028701506,0.5025
"6831",9,38,29,"SGP50",2.24532588416314,3.20811967589356,0.582
"6832",9,38,30,"SGP50",2.3668309109972,3.08115905039464,0.314
"6833",9,38,31,"SGP50",2.07670794220665,3.04329242009112,0.3555
"6834",9,38,32,"SGP50",1.88078238526572,3.10030390077027,0.392
"6835",9,38,33,"SGP50",1.81482305611515,2.93146820996819,0.4695
"6836",9,38,34,"SGP50",1.83053938171616,2.99753470281572,0.3965
"6837",9,38,35,"SGP50",1.57953248583464,2.86102283737832,0.552
"6838",9,38,36,"SGP50",1.94048297723139,2.75222962551628,0.6905
"6839",9,38,37,"SGP50",2.68827629020582,2.87148432862109,0.2685
"6840",9,38,38,"SGP50",1.43193920401196,2.66803607412653,0.4545
"6841",9,39,1,"BMA",9.15473192036549,4.38732184064715,0.8885
"6842",9,39,2,"BMA",4.85133008756783,3.5973225163744,0.765
"6843",9,39,3,"BMA",3.01228122493662,3.42239930077613,0.4795
"6844",9,39,4,"BMA",3.07468386824006,3.56858535092317,0.581
"6845",9,39,5,"BMA",6.85727308830516,3.92665145078503,0.822
"6846",9,39,6,"BMA",17.8355089405954,5.21581244807043,0.961
"6847",9,39,7,"BMA",6.28432582500847,3.84243540649169,0.7325
"6848",9,39,8,"BMA",4.26522320542652,3.67094392837561,0.6715
"6849",9,39,9,"BMA",4.49251084904626,3.60196840365786,0.692
"6850",9,39,10,"BMA",7.17637250216553,3.90490426506778,0.806
"6851",9,39,11,"BMA",9.33544359411284,4.05256492176593,0.8675
"6852",9,39,12,"BMA",6.73850538286053,3.8184030393424,0.78
"6853",9,39,13,"BMA",20.7348876125081,5.67078300772683,0.984
"6854",9,39,14,"BMA",5.18614663574438,3.77383349785898,0.6275
"6855",9,39,15,"BMA",6.06287552927774,3.82799328030459,0.6195
"6856",9,39,16,"BMA",6.08570416814901,3.6897732063325,0.6845
"6857",9,39,17,"BMA",4.49215159731277,3.74344567504645,0.3205
"6858",9,39,18,"BMA",6.63199444664264,3.98841753339237,0.2235
"6859",9,39,19,"BMA",3.47815252255747,3.7054853192537,0.515
"6860",9,39,20,"BMA",5.73366867518594,3.76650436550344,0.773
"6861",9,39,21,"BMA",3.51741143569129,3.62554166455026,0.61
"6862",9,39,22,"BMA",3.20045913063471,3.506884358782,0.6165
"6863",9,39,23,"BMA",3.78859109085798,3.5733262107516,0.68
"6864",9,39,24,"BMA",2.56689852936809,3.29721116495821,0.4875
"6865",9,39,25,"BMA",3.08665783001668,3.30045819559367,0.717
"6866",9,39,26,"BMA",7.40483995461029,4.10240878246078,0.878
"6867",9,39,27,"BMA",3.09962130414479,3.55278572670119,0.5535
"6868",9,39,28,"BMA",3.30339230534458,3.42218983035223,0.6935
"6869",9,39,29,"BMA",6.28392813689218,4.08155715436671,0.8265
"6870",9,39,30,"BMA",5.97408779398571,3.78858700488134,0.2255
"6871",9,39,31,"BMA",2.66503740634967,3.07032387665903,0.337
"6872",9,39,32,"BMA",2.11650701465269,2.88935773160537,0.3275
"6873",9,39,33,"BMA",3.3926478353617,3.13773994075894,0.1655
"6874",9,39,34,"BMA",4.75224434595552,3.46144950053781,0.1025
"6875",9,39,35,"BMA",1.46066100430536,2.68568386114414,0.378
"6876",9,39,36,"BMA",2.34365921918137,2.81706623994712,0.2015
"6877",9,39,37,"BMA",1.67261645515792,2.57096649028022,0.254
"6878",9,39,38,"BMA",1.24300884433981,2.48351612842827,0.6805
"6879",9,39,1,"AVS",9.15473192036549,4.21442859062308,0.886
"6880",9,39,2,"AVS",4.0241616429478,3.56950664161766,0.733
"6881",9,39,3,"AVS",2.85614011733016,3.39896004359917,0.525
"6882",9,39,4,"AVS",3.16249216326969,3.45108865135752,0.62
"6883",9,39,5,"AVS",7.57631056368021,4.08157069525342,0.865
"6884",9,39,6,"AVS",21.2143520525573,5.87387306064226,0.984
"6885",9,39,7,"AVS",4.16167287052671,3.59874874413198,0.6295
"6886",9,39,8,"AVS",3.40335621580866,3.5832480226785,0.6025
"6887",9,39,9,"AVS",4.15673187632541,3.4893974275331,0.6795
"6888",9,39,10,"AVS",7.0887062074725,3.90146301495276,0.811
"6889",9,39,11,"AVS",9.59703392517522,4.23497839544643,0.891
"6890",9,39,12,"AVS",3.18906697174947,3.32025007255011,0.239
"6891",9,39,13,"AVS",11.2985105487933,6.07951371880876,0.994
"6892",9,39,14,"AVS",16.692998338923,7.67143540587289,0.0015
"6893",9,39,15,"AVS",9.86949754689185,4.54154685735677,0.024
"6894",9,39,16,"AVS",3.30837181453907,3.53460777478159,0.3205
"6895",9,39,17,"AVS",7.96000283851653,4.01512856386395,0.1195
"6896",9,39,18,"AVS",8.99825736413043,3.97882240153037,0.0925
"6897",9,39,19,"AVS",4.39437346828228,3.6582665361158,0.287
"6898",9,39,20,"AVS",3.09323366803237,3.4236402827273,0.5545
"6899",9,39,21,"AVS",5.48862694790783,3.49872168232629,0.187
"6900",9,39,22,"AVS",4.82234930687143,3.69107745909029,0.2315
"6901",9,39,23,"AVS",3.64263164132066,3.42145518433666,0.317
"6902",9,39,24,"AVS",6.96379519541725,3.8630855332842,0.129
"6903",9,39,25,"AVS",2.64572656311344,3.34607309345594,0.6235
"6904",9,39,26,"AVS",4.69897855686096,3.65665518611934,0.754
"6905",9,39,27,"AVS",5.646674540253,3.67937698125258,0.1565
"6906",9,39,28,"AVS",2.9151974840424,3.25569638850117,0.37
"6907",9,39,29,"AVS",3.07460103927359,3.32032500768795,0.6925
"6908",9,39,30,"AVS",8.79183153334933,4.18420288232915,0.081
"6909",9,39,31,"AVS",2.92712042873836,3.23040162617185,0.333
"6910",9,39,32,"AVS",1.7236883218477,2.91828976686661,0.5755
"6911",9,39,33,"AVS",1.78678337938042,2.97710994732011,0.4315
"6912",9,39,34,"AVS",1.70479198537165,2.89434567922439,0.5195
"6913",9,39,35,"AVS",4.87520729741542,3.46972816083745,0.858
"6914",9,39,36,"AVS",1.81469709270374,2.97526393412736,0.4095
"6915",9,39,37,"AVS",2.00156789670263,3.00391911765171,0.625
"6916",9,39,38,"AVS",3.22947184415368,3.17126198839162,0.779
"6917",9,39,1,"EQW",9.15473192036549,4.29196457533659,0.897
"6918",9,39,2,"EQW",6.41956370202484,3.97353344907502,0.8515
"6919",9,39,3,"EQW",3.3351498354666,3.55790286378052,0.3585
"6920",9,39,4,"EQW",2.44694402789552,3.28903238634115,0.531
"6921",9,39,5,"EQW",4.82178615263579,3.6302288500258,0.806
"6922",9,39,6,"EQW",14.1064693334694,5.17456873134848,0.9675
"6923",9,39,7,"EQW",4.8340456491225,3.96330152742992,0.5745
"6924",9,39,8,"EQW",4.81494680140741,3.51793984209226,0.7435
"6925",9,39,9,"EQW",5.00106302309132,3.56039844661038,0.7575
"6926",9,39,10,"EQW",6.88831162108698,3.67529045932417,0.842
"6927",9,39,11,"EQW",7.74208502208343,3.77820996884645,0.8675
"6928",9,39,12,"EQW",4.92125060112768,3.75176637227002,0.632
"6929",9,39,13,"EQW",18.5895952900576,5.74961867141153,0.991
"6930",9,39,14,"EQW",5.46474599100269,4.1905504605324,0.484
"6931",9,39,15,"EQW",4.2643762372937,3.87532325854991,0.438
"6932",9,39,16,"EQW",3.76055394932296,3.63907444093004,0.547
"6933",9,39,17,"EQW",5.67689448663802,3.91687456422422,0.2515
"6934",9,39,18,"EQW",7.88796215826331,4.03988299914034,0.1725
"6935",9,39,19,"EQW",2.89733472940474,3.44787129243073,0.4355
"6936",9,39,20,"EQW",3.72663745784046,3.44917461370208,0.7155
"6937",9,39,21,"EQW",2.74697282233832,3.38216081147189,0.5125
"6938",9,39,22,"EQW",2.61637263112436,3.37506965918959,0.5445
"6939",9,39,23,"EQW",2.93805366457998,3.42330400044976,0.6415
"6940",9,39,24,"EQW",2.64135450346611,3.31996557490243,0.4375
"6941",9,39,25,"EQW",2.69600955820523,3.21367622416581,0.658
"6942",9,39,26,"EQW",5.54709354386448,3.84151885266273,0.8345
"6943",9,39,27,"EQW",3.03948602302821,3.5733681307163,0.542
"6944",9,39,28,"EQW",3.26442680356818,3.41893994897708,0.676
"6945",9,39,29,"EQW",6.51663079382709,3.86372501001999,0.8255
"6946",9,39,30,"EQW",3.41670073222801,3.60199233758963,0.4285
"6947",9,39,31,"EQW",2.0937662555721,3.02843863984782,0.4585
"6948",9,39,32,"EQW",1.84394288198087,2.93895335685858,0.472
"6949",9,39,33,"EQW",2.48114805885419,3.00043674883097,0.2965
"6950",9,39,34,"EQW",3.07557563761339,3.21723874367957,0.25
"6951",9,39,35,"EQW",1.76378497283043,2.84654823398414,0.524
"6952",9,39,36,"EQW",2.25836655186772,2.99553581826423,0.275
"6953",9,39,37,"EQW",1.63128977158112,2.73523587109073,0.3835
"6954",9,39,38,"EQW",1.73659486046469,2.76227746001936,0.657
"6955",9,39,1,"SGP",9.15473192036549,4.35737561550047,0.898
"6956",9,39,2,"SGP",7.87167553948073,4.1087927778366,0.902
"6957",9,39,3,"SGP",2.47662792427218,3.19516821976502,0.5875
"6958",9,39,4,"SGP",3.766696382276,3.40438893185242,0.778
"6959",9,39,5,"SGP",6.60949449356766,3.81372696486708,0.92
"6960",9,39,6,"SGP",12.1940274802113,6.23914025213553,0.994
"6961",9,39,7,"SGP",9.65364194700693,4.99798895139927,0.047
"6962",9,39,8,"SGP",1.72515374480341,2.80598738164588,0.597
"6963",9,39,9,"SGP",1.4872636433549,2.83109003003933,0.5875
"6964",9,39,10,"SGP",2.11881421738023,2.82521839138194,0.7225
"6965",9,39,11,"SGP",1.97449523309633,2.73995830436252,0.689
"6966",9,39,12,"SGP",3.75549204890161,3.28636329391315,0.1515
"6967",9,39,13,"SGP",11.3356692715376,6.06430612314234,0.9935
"6968",9,39,14,"SGP",16.4306446190267,7.35318761408061,0.0095
"6969",9,39,15,"SGP",9.76902635007059,4.63144926780772,0.0295
"6970",9,39,16,"SGP",4.84226830224658,3.51415738344731,0.1465
"6971",9,39,17,"SGP",15.0499312134562,5.78984859434751,0.0105
"6972",9,39,18,"SGP",15.7946278183509,5.7672910481657,0.0055
"6973",9,39,19,"SGP",2.07676414053008,3.11240885872637,0.5185
"6974",9,39,20,"SGP",4.10302212172944,3.41092436132899,0.8115
"6975",9,39,21,"SGP",2.39643507858451,3.07007946174809,0.34
"6976",9,39,22,"SGP",2.01083789567889,3.05461661634227,0.448
"6977",9,39,23,"SGP",2.01670987579829,3.07957979513433,0.584
"6978",9,39,24,"SGP",3.28446272592939,3.26714555875749,0.2605
"6979",9,39,25,"SGP",2.65193535509562,3.20504574397152,0.712
"6980",9,39,26,"SGP",4.39661969139928,3.34068576385789,0.812
"6981",9,39,27,"SGP",3.60356546483886,3.32029285432435,0.2225
"6982",9,39,28,"SGP",1.97308840557622,3.04659069458164,0.598
"6983",9,39,29,"SGP",4.05376379015169,3.3427466534217,0.8215
"6984",9,39,30,"SGP",7.35840383935941,4.06356170527731,0.072
"6985",9,39,31,"SGP",1.83974394433227,2.87697437874044,0.4175
"6986",9,39,32,"SGP",1.71648089673805,2.8467992061218,0.576
"6987",9,39,33,"SGP",1.79033204442688,2.95753383345109,0.3965
"6988",9,39,34,"SGP",1.70828953678224,2.86847605113783,0.5325
"6989",9,39,35,"SGP",4.82512085066409,3.55482034351497,0.873
"6990",9,39,36,"SGP",1.81952920654498,2.94228640045863,0.416
"6991",9,39,37,"SGP",1.99327119916449,3.03423713962142,0.648
"6992",9,39,38,"SGP",3.21054631430497,3.20251651596665,0.79
"6993",9,39,1,"SGP50",9.15473192036549,4.25889832732671,0.8985
"6994",9,39,2,"SGP50",6.42670683978669,3.96589803399144,0.824
"6995",9,39,3,"SGP50",3.26353645526688,3.4942239864959,0.3705
"6996",9,39,4,"SGP50",2.44327509181182,3.24080699754146,0.553
"6997",9,39,5,"SGP50",4.92464861063358,3.6068112921532,0.8155
"6998",9,39,6,"SGP50",14.1935109701722,5.17105303206895,0.9585
"6999",9,39,7,"SGP50",4.69617274293671,3.96116839562983,0.5475
"7000",9,39,8,"SGP50",4.45275335862617,3.42102311329824,0.732
"7001",9,39,9,"SGP50",4.37729381334616,3.44918944560218,0.7515
"7002",9,39,10,"SGP50",5.7950906565493,3.51618340470427,0.832
"7003",9,39,11,"SGP50",6.01136283533059,3.57521183968629,0.843
"7004",9,39,12,"SGP50",3.513657751489,3.51592641065143,0.5375
"7005",9,39,13,"SGP50",15.5965016905815,5.47331217495662,0.9915
"7006",9,39,14,"SGP50",7.15276469304858,4.37412296284846,0.302
"7007",9,39,15,"SGP50",5.17537284131797,4.02151390043308,0.2625
"7008",9,39,16,"SGP50",3.22885533557976,3.5560094671005,0.392
"7009",9,39,17,"SGP50",8.93134592519866,4.33450355822449,0.1455
"7010",9,39,18,"SGP50",10.706976681567,4.37758857749222,0.078
"7011",9,39,19,"SGP50",2.75066360546717,3.34037841119793,0.4355
"7012",9,39,20,"SGP50",3.3775478420927,3.42800118729507,0.694
"7013",9,39,21,"SGP50",2.81188435352719,3.33868975623304,0.393
"7014",9,39,22,"SGP50",2.45880418653267,3.20855217345041,0.4525
"7015",9,39,23,"SGP50",2.38747821309931,3.24679535551029,0.5445
"7016",9,39,24,"SGP50",3.24620718382378,3.32948049844458,0.314
"7017",9,39,25,"SGP50",2.4971689579462,3.28102895202413,0.6325
"7018",9,39,26,"SGP50",4.41015587757107,3.55763557314754,0.7605
"7019",9,39,27,"SGP50",3.11853651070557,3.47582352086999,0.3585
"7020",9,39,28,"SGP50",2.45241907718047,3.15916751083694,0.597
"7021",9,39,29,"SGP50",4.72372168773034,3.61445816556947,0.7905
"7022",9,39,30,"SGP50",5.18981271877004,3.84726536611564,0.242
"7023",9,39,31,"SGP50",2.15918407694422,3.12165867590321,0.4165
"7024",9,39,32,"SGP50",1.84256346636249,2.92728201878908,0.4845
"7025",9,39,33,"SGP50",2.24249697372222,3.0177655423723,0.348
"7026",9,39,34,"SGP50",2.2674990360078,3.0773209405694,0.359
"7027",9,39,35,"SGP50",2.72198166789062,3.21711679184413,0.6945
"7028",9,39,36,"SGP50",2.11647987068612,2.90606838472833,0.3465
"7029",9,39,37,"SGP50",1.69284397740693,2.90032591132391,0.476
"7030",9,39,38,"SGP50",2.24254589432747,2.94024732824614,0.694
"7031",9,40,1,"BMA",7.19017705097528,3.95727064843824,0.767
"7032",9,40,2,"BMA",3.28774442297721,3.5347716831922,0.5945
"7033",9,40,3,"BMA",3.04550764741535,3.45572174725593,0.401
"7034",9,40,4,"BMA",7.01884443483839,4.08296381056538,0.8685
"7035",9,40,5,"BMA",3.02216852527402,3.43339255793566,0.416
"7036",9,40,6,"BMA",4.13347265507574,3.50789167084135,0.7445
"7037",9,40,7,"BMA",9.05071836932591,4.36372859142381,0.937
"7038",9,40,8,"BMA",4.46862816528082,3.54501471372786,0.247
"7039",9,40,9,"BMA",2.71643233221631,3.32395840070281,0.5985
"7040",9,40,10,"BMA",2.29188620579327,3.19060797753649,0.551
"7041",9,40,11,"BMA",8.55539681951464,4.20494298749095,0.084
"7042",9,40,12,"BMA",2.19664887442863,3.18525815050149,0.5015
"7043",9,40,13,"BMA",2.11963030482908,3.11060797358497,0.448
"7044",9,40,14,"BMA",3.25347178393751,3.18512378800541,0.279
"7045",9,40,15,"BMA",3.89600790377234,3.34993909288069,0.206
"7046",9,40,16,"BMA",2.08852418615202,3.11731567910827,0.403
"7047",9,40,17,"BMA",2.8932566698072,3.09648600507081,0.2935
"7048",9,40,18,"BMA",2.32339487966382,3.11977040955477,0.645
"7049",9,40,19,"BMA",4.48520997223195,3.43055529090479,0.188
"7050",9,40,20,"BMA",2.11240121876454,3.02836497788654,0.6955
"7051",9,40,21,"BMA",1.75500259141043,2.88007199842303,0.437
"7052",9,40,22,"BMA",1.37491788921389,2.58873051009237,0.4645
"7053",9,40,23,"BMA",1.34312112709734,2.59472512501933,0.3585
"7054",9,40,24,"BMA",1.88180611824747,2.55819874663449,0.2255
"7055",9,40,25,"BMA",3.86814058255983,3.49937701286789,0.0535
"7056",9,40,26,"BMA",1.00234695394369,2.26578326498745,0.6295
"7057",9,40,27,"BMA",3.40755940330289,3.33024328520275,0.049
"7058",9,40,28,"BMA",3.30658025006528,3.4282800354704,0.0435
"7059",9,40,29,"BMA",2.75857378161656,3.15318130910814,0.069
"7060",9,40,30,"BMA",2.38139405153483,2.90753179800685,0.083
"7061",9,40,31,"BMA",0.99479369373095,2.05944209650454,0.2415
"7062",9,40,32,"BMA",2.29606699230171,3.0262900322585,0.0495
"7063",9,40,33,"BMA",1.0796102258523,1.94624404764614,0.1565
"7064",9,40,34,"BMA",0.520162137351252,1.45396422200679,0.297
"7065",9,40,35,"BMA",1.39678910632191,2.31685959686995,0.042
"7066",9,40,36,"BMA",0.739200724867171,1.5070583936582,0.144
"7067",9,40,37,"BMA",0.421371761518091,1.06189604629068,0.2805
"7068",9,40,38,"BMA",1.76782954791322,5.63131324963261,0
"7069",9,40,1,"AVS",7.19017705097528,3.97212130675523,0.7825
"7070",9,40,2,"AVS",3.20615780215816,3.50593859309987,0.481
"7071",9,40,3,"AVS",3.53151498228246,3.61129087254063,0.3895
"7072",9,40,4,"AVS",8.15955414971273,4.13625483146316,0.8745
"7073",9,40,5,"AVS",3.61767573192663,3.51952291392446,0.6105
"7074",9,40,6,"AVS",4.82193208138858,3.53643249823026,0.7985
"7075",9,40,7,"AVS",9.82950853571403,4.61011317524467,0.954
"7076",9,40,8,"AVS",3.50335994164096,3.34095060948307,0.2645
"7077",9,40,9,"AVS",2.68467098699834,3.25063393808012,0.621
"7078",9,40,10,"AVS",2.05929264178894,3.14746156093604,0.564
"7079",9,40,11,"AVS",8.76917602517142,4.18588389050981,0.0535
"7080",9,40,12,"AVS",2.20334167641127,3.18418300709742,0.5045
"7081",9,40,13,"AVS",2.11484883968062,3.12653441082918,0.44
"7082",9,40,14,"AVS",3.40687993720659,3.19162591278428,0.2275
"7083",9,40,15,"AVS",3.90222106451248,3.40589565427432,0.214
"7084",9,40,16,"AVS",1.89258455564816,3.0489766121816,0.4615
"7085",9,40,17,"AVS",2.00187070994813,2.90597915869603,0.4
"7086",9,40,18,"AVS",3.55992008080676,3.21025049060891,0.799
"7087",9,40,19,"AVS",2.37118718239329,2.97712159609417,0.3085
"7088",9,40,20,"AVS",2.57174623781287,2.89206393503599,0.791
"7089",9,40,21,"AVS",1.20292746275636,2.51674257785983,0.6135
"7090",9,40,22,"AVS",1.14071521284344,2.4719687249281,0.5475
"7091",9,40,23,"AVS",1.06043917902442,2.3405378119483,0.3705
"7092",9,40,24,"AVS",1.81305897387454,2.49295678893794,0.223
"7093",9,40,25,"AVS",3.92361574369452,3.55343007453796,0.04
"7094",9,40,26,"AVS",0.929098280611375,2.21209635477762,0.652
"7095",9,40,27,"AVS",3.36623484503362,3.32601466045099,0.043
"7096",9,40,28,"AVS",3.39935548638361,3.52301706926481,0.0275
"7097",9,40,29,"AVS",2.91558067491734,3.14856839073351,0.0415
"7098",9,40,30,"AVS",2.56403762585632,3.13975204853835,0.0365
"7099",9,40,31,"AVS",1.04660705031884,2.02116863260724,0.2035
"7100",9,40,32,"AVS",2.38170916987483,2.94541242718199,0.0225
"7101",9,40,33,"AVS",1.13219320114703,1.95251816339926,0.113
"7102",9,40,34,"AVS",0.516760585875674,1.37236845700076,0.3065
"7103",9,40,35,"AVS",1.40498589218924,2.3370305162982,0.04
"7104",9,40,36,"AVS",0.74239146158602,1.37738937613663,0.1485
"7105",9,40,37,"AVS",0.421338039971794,0.997587378934413,0.2845
"7106",9,40,38,"AVS",1.76928597812263,5.77451575149927,0
"7107",9,40,1,"EQW",7.19017705097528,4.00026718813649,0.778
"7108",9,40,2,"EQW",3.3689660456392,3.50914722789787,0.6145
"7109",9,40,3,"EQW",3.41553194235231,3.40554951913706,0.3125
"7110",9,40,4,"EQW",5.08229409637527,3.6796464784688,0.7885
"7111",9,40,5,"EQW",3.49214826532017,3.60194427894319,0.34
"7112",9,40,6,"EQW",3.54192783909135,3.32796245784297,0.6985
"7113",9,40,7,"EQW",9.59446724009582,4.16077281296951,0.921
"7114",9,40,8,"EQW",4.05402860389464,3.80296765621376,0.407
"7115",9,40,9,"EQW",3.73198208510463,3.44059194864755,0.6165
"7116",9,40,10,"EQW",3.67461089333733,3.52282936607597,0.612
"7117",9,40,11,"EQW",5.93583534057855,4.10734088197326,0.291
"7118",9,40,12,"EQW",2.9110854619146,3.39097563860158,0.5365
"7119",9,40,13,"EQW",2.88683820948515,3.41942239185615,0.5095
"7120",9,40,14,"EQW",2.72381221167522,3.35249731728075,0.4445
"7121",9,40,15,"EQW",2.68698328960088,3.43943468033135,0.4285
"7122",9,40,16,"EQW",2.46241672229654,3.15469948878067,0.609
"7123",9,40,17,"EQW",2.15401422221966,3.13660729061077,0.5435
"7124",9,40,18,"EQW",4.1886663787555,3.46281856110831,0.796
"7125",9,40,19,"EQW",2.43804920969549,3.26316777318698,0.398
"7126",9,40,20,"EQW",3.18917502651511,3.14678392666158,0.748
"7127",9,40,21,"EQW",2.0414353196311,3.08529128399169,0.539
"7128",9,40,22,"EQW",1.94303977742134,2.98938346473563,0.499
"7129",9,40,23,"EQW",1.88901745812407,3.03206430848092,0.4135
"7130",9,40,24,"EQW",1.87163755854837,2.97287767300212,0.396
"7131",9,40,25,"EQW",2.53193944062921,3.0890283476118,0.272
"7132",9,40,26,"EQW",2.17764085245995,2.90744628515787,0.7415
"7133",9,40,27,"EQW",2.90971377864187,2.97144327947267,0.236
"7134",9,40,28,"EQW",1.64328760109274,2.70146597043166,0.3535
"7135",9,40,29,"EQW",1.44111784166868,2.67835613155161,0.342
"7136",9,40,30,"EQW",1.36820752788967,2.61146711610487,0.3345
"7137",9,40,31,"EQW",0.972623390137741,2.32768832912023,0.479
"7138",9,40,32,"EQW",1.50778792469124,2.5350973137566,0.2605
"7139",9,40,33,"EQW",0.902290879402902,2.14583808381936,0.3555
"7140",9,40,34,"EQW",0.719175713226897,1.94655992187975,0.4775
"7141",9,40,35,"EQW",1.11486047865622,2.20979945109294,0.2505
"7142",9,40,36,"EQW",0.72087504514715,1.91016717673583,0.3555
"7143",9,40,37,"EQW",0.586623604457743,1.75770897159032,0.4355
"7144",9,40,38,"EQW",1.28601069928961,1.63265379131187,0.2025
"7145",9,40,1,"SGP",7.19017705097528,3.98138493270182,0.772
"7146",9,40,2,"SGP",3.92758433509265,3.49038769827346,0.731
"7147",9,40,3,"SGP",2.20570426090611,3.18333563304574,0.5025
"7148",9,40,4,"SGP",8.1271264037565,4.16016664758265,0.931
"7149",9,40,5,"SGP",3.04765918425951,3.28990021485827,0.302
"7150",9,40,6,"SGP",2.79168808443704,3.10532961182065,0.6905
"7151",9,40,7,"SGP",5.08981116131469,3.62996495067457,0.905
"7152",9,40,8,"SGP",9.01961093699759,4.8032604405198,0.0225
"7153",9,40,9,"SGP",2.05121233468175,2.93292144769727,0.337
"7154",9,40,10,"SGP",2.80417561081369,3.10538813911182,0.2425
"7155",9,40,11,"SGP",14.1889648173078,6.16131225252592,0.006
"7156",9,40,12,"SGP",2.57536238376729,3.12301114793607,0.2815
"7157",9,40,13,"SGP",3.43048767855454,3.29825497481435,0.229
"7158",9,40,14,"SGP",3.09472850830193,3.18570632489014,0.251
"7159",9,40,15,"SGP",2.90620699306872,3.22186742959776,0.281
"7160",9,40,16,"SGP",1.82802896711493,2.94897046883943,0.5995
"7161",9,40,17,"SGP",1.5351726607078,2.89053360870717,0.4975
"7162",9,40,18,"SGP",3.64389581757162,3.25882026505896,0.805
"7163",9,40,19,"SGP",2.61073151234391,3.01263606320223,0.277
"7164",9,40,20,"SGP",2.09974213473422,2.92323403171068,0.681
"7165",9,40,21,"SGP",1.6087597315263,2.86221462781215,0.443
"7166",9,40,22,"SGP",2.24171343064329,3.11943953247155,0.3335
"7167",9,40,23,"SGP",2.81867825642707,3.22414328952952,0.2575
"7168",9,40,24,"SGP",2.78268673317055,3.09133467927658,0.2785
"7169",9,40,25,"SGP",3.34755218451293,3.20097993009447,0.2315
"7170",9,40,26,"SGP",2.21373556612962,2.95969550591144,0.6625
"7171",9,40,27,"SGP",4.7884892241769,3.57639225071745,0.142
"7172",9,40,28,"SGP",1.33987985169736,2.70151093703214,0.478
"7173",9,40,29,"SGP",1.4059491461234,2.69605715100956,0.5785
"7174",9,40,30,"SGP",1.41845810383634,2.68705004303252,0.622
"7175",9,40,31,"SGP",1.78504453055736,2.80321376267838,0.7085
"7176",9,40,32,"SGP",1.21167783093308,2.65753008507236,0.4985
"7177",9,40,33,"SGP",1.17072181599976,2.64490763633105,0.538
"7178",9,40,34,"SGP",1.15000419639621,2.54001073510903,0.5835
"7179",9,40,35,"SGP",1.0858491090817,2.44402882265269,0.399
"7180",9,40,36,"SGP",0.948883284510901,2.41118959206248,0.502
"7181",9,40,37,"SGP",0.85733888178228,2.46292018275579,0.5525
"7182",9,40,38,"SGP",0.983864637242332,1.43144789149844,0.377
"7183",9,40,1,"SGP50",7.19017705097528,3.98645244312152,0.778
"7184",9,40,2,"SGP50",3.37554840730344,3.441521033697,0.5905
"7185",9,40,3,"SGP50",3.35322095091681,3.44777688401222,0.338
"7186",9,40,4,"SGP50",5.16868116077619,3.78924026437258,0.821
"7187",9,40,5,"SGP50",3.48680048451154,3.57158254719489,0.344
"7188",9,40,6,"SGP50",3.36916144544921,3.32458337655775,0.675
"7189",9,40,7,"SGP50",8.97278630333371,4.13206885565047,0.9285
"7190",9,40,8,"SGP50",4.21825231356129,3.73151944088022,0.3265
"7191",9,40,9,"SGP50",3.03140083934739,3.43607821330783,0.573
"7192",9,40,10,"SGP50",2.84871056650049,3.39164199414561,0.541
"7193",9,40,11,"SGP50",7.5534713254546,4.30261747120485,0.196
"7194",9,40,12,"SGP50",2.45918030369944,3.22431500491963,0.4825
"7195",9,40,13,"SGP50",2.50071892059404,3.34542106367987,0.4245
"7196",9,40,14,"SGP50",2.76232516503086,3.28367947148369,0.35
"7197",9,40,15,"SGP50",2.91498635459747,3.30718956755732,0.3185
"7198",9,40,16,"SGP50",2.04212506372653,3.1037071875609,0.543
"7199",9,40,17,"SGP50",2.02754998690588,3.08717487620236,0.4615
"7200",9,40,18,"SGP50",3.3373543503545,3.25659906215571,0.7445
"7201",9,40,19,"SGP50",2.88652480083711,3.26923481380121,0.2835
"7202",9,40,20,"SGP50",2.45312478656915,3.06079638998099,0.675
"7203",9,40,21,"SGP50",1.85162909475604,2.97801219841275,0.463
"7204",9,40,22,"SGP50",1.90777846003235,2.939485437293,0.451
"7205",9,40,23,"SGP50",2.14003286759801,3.03439307322966,0.344
"7206",9,40,24,"SGP50",2.21012064325189,2.93244431823187,0.323
"7207",9,40,25,"SGP50",3.0475788731059,3.09736343576579,0.238
"7208",9,40,26,"SGP50",1.97484279163017,2.78610001866716,0.675
"7209",9,40,27,"SGP50",3.70508071895408,3.22374670276154,0.1535
"7210",9,40,28,"SGP50",1.76397713122854,2.85610288883883,0.3015
"7211",9,40,29,"SGP50",1.52697142017157,2.76709773455151,0.3695
"7212",9,40,30,"SGP50",1.43010355239199,2.74394195665446,0.3335
"7213",9,40,31,"SGP50",1.07861094764156,2.40208305375148,0.4785
"7214",9,40,32,"SGP50",1.53108231870369,2.70549703477912,0.2895
"7215",9,40,33,"SGP50",0.953333696910262,2.27853974505834,0.3955
"7216",9,40,34,"SGP50",0.780824827858594,2.06378495802248,0.4665
"7217",9,40,35,"SGP50",1.14508284753005,2.32408315100755,0.257
"7218",9,40,36,"SGP50",0.753862581991062,2.00621365222052,0.346
"7219",9,40,37,"SGP50",0.614340878422351,1.81305015355543,0.421
"7220",9,40,38,"SGP50",1.26751818531775,1.62838497460761,0.2225
"7221",9,41,1,"BMA",3.38529603219502,3.6571034435867,0.8725
"7222",9,41,2,"BMA",1.48881626044652,2.76786917478579,0.5005
"7223",9,41,3,"BMA",1.49868637641046,2.77267615012718,0.58
"7224",9,41,4,"BMA",1.62039984367208,2.77897421029714,0.3935
"7225",9,41,5,"BMA",1.47130030609627,2.69431463895781,0.376
"7226",9,41,6,"BMA",1.42774152464182,2.51154287148551,0.3585
"7227",9,41,7,"BMA",2.44047693589804,2.76200524081961,0.1915
"7228",9,41,8,"BMA",1.04421573431398,2.44751313664087,0.558
"7229",9,41,9,"BMA",1.51411041005699,2.62660301154364,0.7125
"7230",9,41,10,"BMA",1.15500273985824,2.50865170142463,0.616
"7231",9,41,11,"BMA",3.00049242024388,3.09578947820299,0.875
"7232",9,41,12,"BMA",2.74299409198009,2.89716017346569,0.8725
"7233",9,41,13,"BMA",5.55745642913051,4.05507773183488,0.9665
"7234",9,41,14,"BMA",1.71266432210235,2.68998683802096,0.7695
"7235",9,41,15,"BMA",4.50772453385822,3.67584374779927,0.9465
"7236",9,41,16,"BMA",8.02234655934234,4.85409415508349,0.988
"7237",9,41,17,"BMA",10.4129367875466,5.50442850247923,0.9895
"7238",9,41,18,"BMA",6.68261384833633,4.08354117376032,0.9475
"7239",9,41,19,"BMA",4.42798372894514,3.57247700354498,0.8835
"7240",9,41,20,"BMA",2.50350849084736,3.04757068799064,0.7625
"7241",9,41,21,"BMA",4.33502755494866,3.46798673984486,0.8735
"7242",9,41,22,"BMA",4.22330769840424,3.42586562722797,0.8665
"7243",9,41,23,"BMA",4.93495955356216,3.5667329428675,0.905
"7244",9,41,24,"BMA",4.51493991880937,3.51682110636071,0.885
"7245",9,41,25,"BMA",2.97502928541825,3.18126526569866,0.798
"7246",9,41,26,"BMA",1.81391624207339,2.86930235320746,0.3735
"7247",9,41,27,"BMA",1.47020556124399,2.78207875903288,0.4785
"7248",9,41,28,"BMA",1.61020353261067,2.81627637064332,0.6325
"7249",9,41,29,"BMA",1.5292832904857,2.76392952338275,0.386
"7250",9,41,30,"BMA",4.98487073184229,3.61051219542292,0.914
"7251",9,41,31,"BMA",1.47472886541369,2.76151475769558,0.402
"7252",9,41,32,"BMA",2.75586859015851,3.07381567384723,0.1955
"7253",9,41,33,"BMA",8.9062365896615,4.52431710684814,0.0235
"7254",9,41,34,"BMA",7.27113836794163,3.97210622134386,0.0455
"7255",9,41,35,"BMA",2.9927802754994,3.11533592495581,0.2225
"7256",9,41,36,"BMA",3.85022178578024,3.29707421868741,0.1495
"7257",9,41,37,"BMA",3.18973201255756,3.07502555973095,0.197
"7258",9,41,38,"BMA",3.21701831011047,3.16324935233419,0.1885
"7259",9,41,1,"AVS",3.38529603219502,3.68112203427732,0.8695
"7260",9,41,2,"AVS",1.62474120463108,2.73132845523705,0.4075
"7261",9,41,3,"AVS",1.30035904134773,2.6186001669142,0.4835
"7262",9,41,4,"AVS",1.77952422672109,2.69599929408276,0.3155
"7263",9,41,5,"AVS",1.35512340420942,2.58208194387002,0.406
"7264",9,41,6,"AVS",1.09711165581959,2.27726211639758,0.396
"7265",9,41,7,"AVS",2.06672003882763,2.66224526746389,0.1295
"7266",9,41,8,"AVS",1.06174748893745,2.1970816087279,0.7085
"7267",9,41,9,"AVS",0.994734665138017,2.07685258098714,0.692
"7268",9,41,10,"AVS",0.679950872386235,1.8964564419255,0.3975
"7269",9,41,11,"AVS",2.07566066252405,2.66363334237065,0.9085
"7270",9,41,12,"AVS",0.722246510800191,1.80916681312906,0.687
"7271",9,41,13,"AVS",2.91034342271356,3.42123118522346,0.9685
"7272",9,41,14,"AVS",2.02185695737645,2.69735832609556,0.0785
"7273",9,41,15,"AVS",2.85920875786825,3.24956271296141,0.9635
"7274",9,41,16,"AVS",3.6725369432876,3.67642436844392,0.974
"7275",9,41,17,"AVS",3.50727012638029,3.58371131747296,0.974
"7276",9,41,18,"AVS",0.699084326210005,1.96719457302787,0.4835
"7277",9,41,19,"AVS",0.749232541871078,2.01391253816739,0.634
"7278",9,41,20,"AVS",0.631165692926592,1.99519534244922,0.493
"7279",9,41,21,"AVS",3.40333075660178,3.39295912363731,0.967
"7280",9,41,22,"AVS",1.58502580120309,2.37983470852157,0.8305
"7281",9,41,23,"AVS",2.24154559991992,2.79037841919846,0.9195
"7282",9,41,24,"AVS",1.26689726018094,2.14929900074785,0.7855
"7283",9,41,25,"AVS",0.59404016407963,1.88196574444305,0.4595
"7284",9,41,26,"AVS",3.91302453106465,3.86498840229882,0.0235
"7285",9,41,27,"AVS",1.40608735801144,2.31852905035591,0.801
"7286",9,41,28,"AVS",1.87805797737137,2.49517098860958,0.8685
"7287",9,41,29,"AVS",2.02627890290848,2.59852604839013,0.11
"7288",9,41,30,"AVS",8.5914045741446,8.95278900477484,1
"7289",9,41,31,"AVS",5.79942623632423,5.11500388298591,0.004
"7290",9,41,32,"AVS",2.69769565891442,2.96497391815938,0.1515
"7291",9,41,33,"AVS",6.14717360974256,4.76584929907381,0.009
"7292",9,41,34,"AVS",1.00039097195613,2.29132041681696,0.3875
"7293",9,41,35,"AVS",1.75991757385067,2.54792994457333,0.7975
"7294",9,41,36,"AVS",1.70831409762294,2.53619195227404,0.213
"7295",9,41,37,"AVS",0.97039865398293,2.27663970134814,0.3845
"7296",9,41,38,"AVS",1.29073126068685,2.42250374859666,0.2895
"7297",9,41,1,"EQW",3.38529603219502,3.70530981742575,0.86
"7298",9,41,2,"EQW",1.42558203202872,2.61519136481919,0.656
"7299",9,41,3,"EQW",1.72185364496439,2.64420579074243,0.773
"7300",9,41,4,"EQW",0.909005906832291,2.25383333933637,0.4715
"7301",9,41,5,"EQW",0.895106485862681,2.18511635011213,0.523
"7302",9,41,6,"EQW",0.827897125353901,2.12140022334991,0.428
"7303",9,41,7,"EQW",2.13052938953313,2.73630862314607,0.1305
"7304",9,41,8,"EQW",0.996767704942016,2.26717082169566,0.678
"7305",9,41,9,"EQW",0.944860642661862,2.0456056928053,0.6565
"7306",9,41,10,"EQW",0.76084519760747,2.05355552967814,0.456
"7307",9,41,11,"EQW",2.29476482369555,2.82395258999515,0.893
"7308",9,41,12,"EQW",1.48030884651447,2.31470059799412,0.786
"7309",9,41,13,"EQW",4.02127924167457,3.73248162490637,0.9685
"7310",9,41,14,"EQW",1.29957176169531,2.7057758033105,0.402
"7311",9,41,15,"EQW",3.5617679617877,3.45001126089841,0.9515
"7312",9,41,16,"EQW",5.42732347722365,4.40222410622199,0.983
"7313",9,41,17,"EQW",5.3545938374688,3.62605627787933,0.9675
"7314",9,41,18,"EQW",2.26061644958776,2.67490303260824,0.6855
"7315",9,41,19,"EQW",1.96577613256757,2.54500819858017,0.727
"7316",9,41,20,"EQW",1.31291522798783,2.42827630274105,0.6125
"7317",9,41,21,"EQW",3.85359916790114,3.4845364144326,0.939
"7318",9,41,22,"EQW",2.86562122269823,2.72091044231556,0.852
"7319",9,41,23,"EQW",3.70075609434515,3.05891319168328,0.9185
"7320",9,41,24,"EQW",3.13095898145593,2.81699276330489,0.871
"7321",9,41,25,"EQW",1.95269998147363,2.4920357578719,0.6895
"7322",9,41,26,"EQW",2.02262458583391,3.11908323621349,0.3185
"7323",9,41,27,"EQW",1.75429123140519,2.62421404800127,0.741
"7324",9,41,28,"EQW",2.60585335429144,2.88723234515069,0.844
"7325",9,41,29,"EQW",1.36715145619878,2.66792819785337,0.397
"7326",9,41,30,"EQW",8.42195574397613,4.80229323062371,0.979
"7327",9,41,31,"EQW",2.53597575187576,3.40178860054586,0.3605
"7328",9,41,32,"EQW",1.98467806857712,3.04159083213496,0.337
"7329",9,41,33,"EQW",5.89204477675045,3.94652683767324,0.0775
"7330",9,41,34,"EQW",2.18984432956477,2.72179057155831,0.2385
"7331",9,41,35,"EQW",1.33910822789613,2.64440929041794,0.5645
"7332",9,41,36,"EQW",2.202299082711,2.87601618380511,0.194
"7333",9,41,37,"EQW",1.55237497400918,2.52407103437217,0.3215
"7334",9,41,38,"EQW",1.95306001897568,2.70540976170514,0.2445
"7335",9,41,1,"SGP",3.38529603219502,3.8855874685432,0.862
"7336",9,41,2,"SGP",1.61875027301639,2.61271409614826,0.7405
"7337",9,41,3,"SGP",1.93069878173049,2.56662955267382,0.87
"7338",9,41,4,"SGP",0.636557572296039,1.94469850837619,0.4905
"7339",9,41,5,"SGP",0.752631657826207,1.91472958958204,0.641
"7340",9,41,6,"SGP",0.563351930130273,1.77941285005822,0.4865
"7341",9,41,7,"SGP",1.97112787924711,2.6787845715103,0.0865
"7342",9,41,8,"SGP",1.16248135254028,2.07429744947939,0.7945
"7343",9,41,9,"SGP",0.696419494820105,1.82655220033893,0.662
"7344",9,41,10,"SGP",0.673928200973323,1.85347613822105,0.341
"7345",9,41,11,"SGP",1.96107394289943,2.61519010028224,0.9155
"7346",9,41,12,"SGP",0.72569669441067,1.84133354031904,0.687
"7347",9,41,13,"SGP",2.9681735672423,3.35274877969042,0.9755
"7348",9,41,14,"SGP",2.19416107775834,2.9906854280877,0.0765
"7349",9,41,15,"SGP",2.88238367462027,3.32139567421564,0.9595
"7350",9,41,16,"SGP",3.96795994091927,4.18898183619274,0.985
"7351",9,41,17,"SGP",3.20726931648483,3.27012212398273,0.9605
"7352",9,41,18,"SGP",0.70190241829623,1.97850216309034,0.419
"7353",9,41,19,"SGP",0.668808363280184,1.97658077437209,0.568
"7354",9,41,20,"SGP",0.697451839657761,1.94184900016523,0.4015
"7355",9,41,21,"SGP",2.87325253125431,3.21287748785778,0.95
"7356",9,41,22,"SGP",1.19657902530834,2.18862841806832,0.7965
"7357",9,41,23,"SGP",1.79545812440462,2.53586907013282,0.886
"7358",9,41,24,"SGP",1.07111015121253,2.10319878246479,0.7675
"7359",9,41,25,"SGP",0.587962798816044,1.86145436714162,0.447
"7360",9,41,26,"SGP",4.04607072501999,4.3699165225736,0.016
"7361",9,41,27,"SGP",1.08423188535806,2.13930555722193,0.7345
"7362",9,41,28,"SGP",1.65442865351415,2.34486625604344,0.8585
"7363",9,41,29,"SGP",2.09983789400532,2.71326738622641,0.104
"7364",9,41,30,"SGP",8.30945766044499,12.2334438298277,0.999
"7365",9,41,31,"SGP",5.87041433777562,4.7934819951169,0.011
"7366",9,41,32,"SGP",4.62816822592209,4.03416355748167,0.0345
"7367",9,41,33,"SGP",8.97409306496032,6.77856967476669,0.001
"7368",9,41,34,"SGP",1.28736731344198,2.32635613860734,0.288
"7369",9,41,35,"SGP",1.32802325471507,2.36814657464275,0.73
"7370",9,41,36,"SGP",2.42145068940489,2.79119831158582,0.1285
"7371",9,41,37,"SGP",1.21463572150438,2.3633544297579,0.2845
"7372",9,41,38,"SGP",1.66502800276733,2.49554685484332,0.221
"7373",9,41,1,"SGP50",3.38529603219502,3.70433876968579,0.868
"7374",9,41,2,"SGP50",1.43114511424128,2.62484757180351,0.6595
"7375",9,41,3,"SGP50",1.73905990045618,2.7109906977128,0.788
"7376",9,41,4,"SGP50",0.891287051429192,2.19662078888878,0.474
"7377",9,41,5,"SGP50",0.878388256039279,2.15463634176939,0.5475
"7378",9,41,6,"SGP50",0.798982413076762,2.02618143449792,0.4385
"7379",9,41,7,"SGP50",2.11195163180545,2.69250448498051,0.1415
"7380",9,41,8,"SGP50",1.00368923654817,2.2522143597653,0.669
"7381",9,41,9,"SGP50",0.907201595190837,2.10716410107492,0.662
"7382",9,41,10,"SGP50",0.739703223596463,2.05903476646017,0.441
"7383",9,41,11,"SGP50",2.22970672111162,2.8476875905293,0.892
"7384",9,41,12,"SGP50",1.33736701743701,2.23944716700876,0.7595
"7385",9,41,13,"SGP50",3.81827878122088,3.78166793222639,0.9755
"7386",9,41,14,"SGP50",1.34924135433906,2.71035315645848,0.381
"7387",9,41,15,"SGP50",3.41443173856162,3.37311438842365,0.9485
"7388",9,41,16,"SGP50",5.1142149258808,4.46122276877273,0.984
"7389",9,41,17,"SGP50",4.76154339199062,3.46527078965431,0.962
"7390",9,41,18,"SGP50",1.68481624777787,2.47779502311775,0.636
"7391",9,41,19,"SGP50",1.50276485495345,2.33929166935595,0.7
"7392",9,41,20,"SGP50",1.03660677318282,2.3293089907125,0.551
"7393",9,41,21,"SGP50",3.5334070125328,3.27047988357123,0.9395
"7394",9,41,22,"SGP50",2.27019193054174,2.4903348897926,0.856
"7395",9,41,23,"SGP50",3.01580958938886,2.85272833813748,0.9025
"7396",9,41,24,"SGP50",2.31628778161343,2.56828208280888,0.823
"7397",9,41,25,"SGP50",1.24955360753524,2.28526858743666,0.6265
"7398",9,41,26,"SGP50",2.42700120456025,3.21216044066671,0.205
"7399",9,41,27,"SGP50",1.53581884407377,2.47611952606182,0.761
"7400",9,41,28,"SGP50",2.27735915944923,2.71709939193802,0.8595
"7401",9,41,29,"SGP50",1.40156069069541,2.55464198731646,0.2915
"7402",9,41,30,"SGP50",8.4308407171473,5.43883918832442,0.9865
"7403",9,41,31,"SGP50",3.35833117273872,3.74086439315707,0.1915
"7404",9,41,32,"SGP50",2.27737217890262,3.01139604903478,0.2535
"7405",9,41,33,"SGP50",6.72054460761038,4.53300161229989,0.04
"7406",9,41,34,"SGP50",1.66519133659418,2.52552323872097,0.291
"7407",9,41,35,"SGP50",1.32245342891214,2.59310646806,0.662
"7408",9,41,36,"SGP50",2.16527394330466,2.71852961374985,0.1915
"7409",9,41,37,"SGP50",1.31728648220045,2.50016658418038,0.318
"7410",9,41,38,"SGP50",1.72582649682423,2.53928606213766,0.251
"7411",9,42,1,"BMA",0.412389868682066,1.26664975360302,0.478
"7412",9,42,2,"BMA",1.48584707011544,3.08871394113989,0.0345
"7413",9,42,3,"BMA",0.461368742616265,1.4708701595188,0.428
"7414",9,42,4,"BMA",0.369314544320059,1.24407642581923,0.3495
"7415",9,42,5,"BMA",0.427321155070338,1.29183125494667,0.7015
"7416",9,42,6,"BMA",0.393696667476606,1.12298471655671,0.2495
"7417",9,42,7,"BMA",0.364891967756985,0.990714969789661,0.7485
"7418",9,42,8,"BMA",0.283363713240919,0.903013619794206,0.6615
"7419",9,42,9,"BMA",0.272972260955248,0.851647016100497,0.637
"7420",9,42,10,"BMA",2.18957887108456,5.9228027358094,5e-04
"7421",9,42,11,"BMA",1.57630726020368,2.89892211946329,0.049
"7422",9,42,12,"BMA",0.760637701089426,1.70905163355749,0.248
"7423",9,42,13,"BMA",1.18990865525695,2.30079021709425,0.895
"7424",9,42,14,"BMA",2.35578367173841,3.77019479806599,0.9685
"7425",9,42,15,"BMA",1.98072715381424,2.46308622390628,0.0965
"7426",9,42,16,"BMA",0.956418704763802,1.90569052637473,0.2155
"7427",9,42,17,"BMA",1.37476956236203,2.23486036961078,0.112
"7428",9,42,18,"BMA",2.7113143055055,3.71450517616582,0.0135
"7429",9,42,19,"BMA",0.447950826458486,1.55695359316074,0.516
"7430",9,42,20,"BMA",0.528303811557183,1.53574682875688,0.34
"7431",9,42,21,"BMA",0.75296062425774,1.61599339461514,0.1925
"7432",9,42,22,"BMA",0.420862747173799,1.28989542910668,0.3385
"7433",9,42,23,"BMA",0.505763287926477,1.53236635284615,0.732
"7434",9,42,24,"BMA",0.543954904341843,1.54707714736777,0.742
"7435",9,42,25,"BMA",0.326096385291934,1.23416944583593,0.475
"7436",9,42,26,"BMA",0.542204232575798,1.30509420354258,0.202
"7437",9,42,27,"BMA",1.88728676945239,5.08420500990665,0
"7438",9,42,28,"BMA",0.564042112359107,0.886814455941268,0.0505
"7439",9,42,29,"BMA",0.284185631340117,0.113683131803892,0.153
"7440",9,42,30,"BMA",0.18825816242147,-0.324894725747004,0.238
"7441",9,42,31,"BMA",0.15455036801003,-0.533386435174244,0.225
"7442",9,42,32,"BMA",0.110725895921231,-0.844762933169585,0.1715
"7443",9,42,33,"BMA",0.0753153113647125,-1.27896120301555,0.0925
"7444",9,42,34,"BMA",0.0523994161048863,-1.83853649437909,0.0265
"7445",9,42,35,"BMA",0.028405268938516,-2.43353383684187,0.0045
"7446",9,42,36,"BMA",0.0243958375268808,-2.91098067132394,5e-04
"7447",9,42,37,"BMA",0.015919902626882,-3.20946000938133,0
"7448",9,42,38,"BMA",0.0141395147898651,-3.97214173964232,0
"7449",9,42,1,"AVS",0.412389868682066,1.3134501359276,0.4735
"7450",9,42,2,"AVS",1.46758214969941,3.06726040563132,0.046
"7451",9,42,3,"AVS",0.373772878960038,1.40360469089975,0.478
"7452",9,42,4,"AVS",0.335214240099116,1.1373470364245,0.348
"7453",9,42,5,"AVS",0.441213385552448,1.22897527057729,0.722
"7454",9,42,6,"AVS",0.42464696517275,1.20510050546985,0.2505
"7455",9,42,7,"AVS",0.378196492202632,1.18055918349543,0.733
"7456",9,42,8,"AVS",0.284041309313881,0.95966294226733,0.6395
"7457",9,42,9,"AVS",0.270522436965026,0.936533787477803,0.6405
"7458",9,42,10,"AVS",2.20896532498391,4.83566069673102,0.0035
"7459",9,42,11,"AVS",1.2677615121122,2.32158117935338,0.1285
"7460",9,42,12,"AVS",0.623114270073427,1.58471993302207,0.2935
"7461",9,42,13,"AVS",1.32319259571474,2.45772653744855,0.947
"7462",9,42,14,"AVS",2.34669639651413,4.109086468763,0.989
"7463",9,42,15,"AVS",3.4860338835318,4.02928335688514,0.016
"7464",9,42,16,"AVS",0.870842461658414,1.9520071030534,0.2105
"7465",9,42,17,"AVS",1.16874090388842,2.02774233347088,0.168
"7466",9,42,18,"AVS",1.86494701721728,2.67062670161377,0.0635
"7467",9,42,19,"AVS",1.00548654086021,2.01040515762405,0.8195
"7468",9,42,20,"AVS",0.629503931315976,1.5455616711343,0.2745
"7469",9,42,21,"AVS",0.69784041689907,1.68968092780425,0.248
"7470",9,42,22,"AVS",0.390233929060779,1.47858250713727,0.4595
"7471",9,42,23,"AVS",0.601818665607004,1.52454198666923,0.7105
"7472",9,42,24,"AVS",0.392606581427354,1.42883022777803,0.5475
"7473",9,42,25,"AVS",0.536106315373532,1.5326574750435,0.3145
"7474",9,42,26,"AVS",0.611290354046272,1.47611918433404,0.231
"7475",9,42,27,"AVS",1.49053547394457,2.05808848016502,0.058
"7476",9,42,28,"AVS",0.250472221549551,0.104786158798318,0.3775
"7477",9,42,29,"AVS",0.181452459144278,-0.248825109288964,0.446
"7478",9,42,30,"AVS",0.181579151788692,-0.292915598620699,0.4395
"7479",9,42,31,"AVS",0.171595456048387,-0.281817349359723,0.438
"7480",9,42,32,"AVS",0.145573532339844,-0.613407759144032,0.471
"7481",9,42,33,"AVS",0.154255431117979,-0.379100125351505,0.447
"7482",9,42,34,"AVS",0.154982691466765,-0.33083615237818,0.3905
"7483",9,42,35,"AVS",0.11984042061919,-0.758447820400972,0.423
"7484",9,42,36,"AVS",0.127928644572878,-0.587593727367606,0.3805
"7485",9,42,37,"AVS",0.105343930632101,-0.961345102497344,0.387
"7486",9,42,38,"AVS",0.0942136504859866,-0.991823092804674,0.366
"7487",9,42,1,"EQW",0.412389868682066,1.27162990682383,0.473
"7488",9,42,2,"EQW",1.58780998771772,3.02694003648475,0.061
"7489",9,42,3,"EQW",0.519943935626598,1.58886075092384,0.413
"7490",9,42,4,"EQW",0.481553602733396,1.3362913706197,0.371
"7491",9,42,5,"EQW",0.461082522111267,1.51267253408572,0.6425
"7492",9,42,6,"EQW",0.564805405192035,1.45211220351474,0.266
"7493",9,42,7,"EQW",0.416469454381081,1.39193215458223,0.6485
"7494",9,42,8,"EQW",0.347980197722859,1.21976506643317,0.571
"7495",9,42,9,"EQW",0.344716613250947,1.23994538267821,0.543
"7496",9,42,10,"EQW",2.16319960984651,3.32744970644716,0.0345
"7497",9,42,11,"EQW",0.948102787916749,1.88130604626443,0.208
"7498",9,42,12,"EQW",0.736477302495866,1.70794769274527,0.276
"7499",9,42,13,"EQW",1.10482693844917,2.34075102283276,0.853
"7500",9,42,14,"EQW",2.54844998493683,3.70184125329317,0.9765
"7501",9,42,15,"EQW",2.00696163745708,2.66008468990286,0.0965
"7502",9,42,16,"EQW",0.715548675627135,1.81098627236332,0.2855
"7503",9,42,17,"EQW",1.12375177291186,2.00426868877044,0.168
"7504",9,42,18,"EQW",2.23743550874548,2.83187650262281,0.0425
"7505",9,42,19,"EQW",0.685991353694536,1.77307289570165,0.701
"7506",9,42,20,"EQW",0.565502956266603,1.59431868383623,0.327
"7507",9,42,21,"EQW",0.696142951771354,1.63622773276577,0.2385
"7508",9,42,22,"EQW",0.396076663037408,1.36807163559092,0.404
"7509",9,42,23,"EQW",0.532616445245794,1.47314398656541,0.7205
"7510",9,42,24,"EQW",0.404416432094172,1.50863868828912,0.6175
"7511",9,42,25,"EQW",0.445666350231282,1.41365104767645,0.3625
"7512",9,42,26,"EQW",0.601908891794875,1.41915471556963,0.22
"7513",9,42,27,"EQW",1.77755577198426,2.61446789377558,0.0325
"7514",9,42,28,"EQW",0.388365539060341,0.55171767697188,0.252
"7515",9,42,29,"EQW",0.244085616319306,-0.0469711486337447,0.2645
"7516",9,42,30,"EQW",0.178421852660205,-0.272531130879525,0.2415
"7517",9,42,31,"EQW",0.153907271175064,-0.449836514797701,0.2425
"7518",9,42,32,"EQW",0.124383987437322,-0.726656812371855,0.2335
"7519",9,42,33,"EQW",0.10571735808203,-0.831439380257394,0.2615
"7520",9,42,34,"EQW",0.100430631393296,-0.933420050593694,0.236
"7521",9,42,35,"EQW",0.0811007259169013,-0.932622858192445,0.227
"7522",9,42,36,"EQW",0.078638435088876,-1.13608501882207,0.2515
"7523",9,42,37,"EQW",0.0726058113425082,-1.46302492389674,0.2585
"7524",9,42,38,"EQW",0.0685041115816397,-1.32745431638179,0.2445
"7525",9,42,1,"SGP",0.412389868682066,1.20057856826625,0.467
"7526",9,42,2,"SGP",1.48434465327144,2.83348928292112,0.035
"7527",9,42,3,"SGP",0.348211091545496,1.38225051484487,0.5005
"7528",9,42,4,"SGP",0.309418727913486,1.09251874078352,0.3685
"7529",9,42,5,"SGP",0.440325151394748,1.32392642231623,0.7495
"7530",9,42,6,"SGP",0.415749971532291,1.19434482089867,0.2385
"7531",9,42,7,"SGP",0.391611505148559,1.07430249388385,0.77
"7532",9,42,8,"SGP",0.274974660033178,0.943503710352903,0.6215
"7533",9,42,9,"SGP",0.264083754605653,0.838748734835511,0.64
"7534",9,42,10,"SGP",2.21384552648639,4.6900112617145,0.0035
"7535",9,42,11,"SGP",1.20052087788751,2.28291736319518,0.1315
"7536",9,42,12,"SGP",1.02532150811175,2.08531474322332,0.159
"7537",9,42,13,"SGP",1.34465722416464,2.67658819015228,0.951
"7538",9,42,14,"SGP",2.36084883684845,4.27541855087173,0.9935
"7539",9,42,15,"SGP",3.07806421911528,4.1852496835455,0.01
"7540",9,42,16,"SGP",1.03207391419485,2.05061991897931,0.1765
"7541",9,42,17,"SGP",1.63410511668999,2.45746281221196,0.099
"7542",9,42,18,"SGP",2.57968715593965,3.04198463998002,0.045
"7543",9,42,19,"SGP",1.17193787639036,2.02170810924743,0.8685
"7544",9,42,20,"SGP",0.642045611836574,1.68000154428923,0.2775
"7545",9,42,21,"SGP",0.644442456946505,1.67201924098106,0.2795
"7546",9,42,22,"SGP",0.38235475400287,1.45705979043928,0.501
"7547",9,42,23,"SGP",0.627837667367212,1.64957783728906,0.7385
"7548",9,42,24,"SGP",0.366769908630269,1.42628869242949,0.5105
"7549",9,42,25,"SGP",0.590303354509404,1.57983785568982,0.275
"7550",9,42,26,"SGP",0.60326499716784,1.53738328004005,0.2505
"7551",9,42,27,"SGP",1.44545363714757,1.90311007636011,0.0705
"7552",9,42,28,"SGP",0.209698292257947,0.0417134948027591,0.432
"7553",9,42,29,"SGP",0.177659305279215,-0.177591431646415,0.469
"7554",9,42,30,"SGP",0.173875460328833,-0.141468273524358,0.474
"7555",9,42,31,"SGP",0.179901420493936,-0.257286813445507,0.4785
"7556",9,42,32,"SGP",0.160036119675151,-0.436123378259819,0.4775
"7557",9,42,33,"SGP",0.169168456766847,-0.312159174000015,0.458
"7558",9,42,34,"SGP",0.172996356293777,-0.352127654336007,0.461
"7559",9,42,35,"SGP",0.145951816957761,-0.453837611196256,0.49
"7560",9,42,36,"SGP",0.157084938751487,-0.401316628165801,0.4595
"7561",9,42,37,"SGP",0.143779556014267,-0.553498674795552,0.4745
"7562",9,42,38,"SGP",0.142252755213482,-0.499238947528299,0.4635
"7563",9,42,1,"SGP50",0.412389868682066,1.22777632050748,0.484
"7564",9,42,2,"SGP50",1.58169160260416,2.872417627836,0.0585
"7565",9,42,3,"SGP50",0.508770246907047,1.54973305019395,0.4155
"7566",9,42,4,"SGP50",0.468462083233424,1.33926237627976,0.345
"7567",9,42,5,"SGP50",0.45770883196701,1.46588705650081,0.6525
"7568",9,42,6,"SGP50",0.553312075762416,1.40004187698246,0.256
"7569",9,42,7,"SGP50",0.41302143566668,1.37486636192822,0.654
"7570",9,42,8,"SGP50",0.339372790571465,1.18954431573844,0.556
"7571",9,42,9,"SGP50",0.333998224166899,1.24229691612245,0.56
"7572",9,42,10,"SGP50",2.17085741760225,3.56488155462108,0.028
"7573",9,42,11,"SGP50",0.936313361748016,1.87533668366901,0.225
"7574",9,42,12,"SGP50",0.740701022524907,1.72177977667541,0.257
"7575",9,42,13,"SGP50",1.12060783907355,2.20051541409737,0.853
"7576",9,42,14,"SGP50",2.51863180037148,3.75503667821118,0.975
"7577",9,42,15,"SGP50",2.11557795712444,2.69168785073542,0.0945
"7578",9,42,16,"SGP50",0.723861537776536,1.83150248985582,0.2675
"7579",9,42,17,"SGP50",1.14386217017039,2.11896221521086,0.159
"7580",9,42,18,"SGP50",2.25511356613964,2.8266956154575,0.042
"7581",9,42,19,"SGP50",0.717762245563573,1.80805441262045,0.7135
"7582",9,42,20,"SGP50",0.574029693347105,1.55436834944029,0.3085
"7583",9,42,21,"SGP50",0.694953948998497,1.62774789331025,0.238
"7584",9,42,22,"SGP50",0.393864133064072,1.36183938768057,0.4345
"7585",9,42,23,"SGP50",0.538167946379397,1.56756103883221,0.724
"7586",9,42,24,"SGP50",0.399337393829505,1.47142894648593,0.603
"7587",9,42,25,"SGP50",0.456383333862682,1.38602466111952,0.3355
"7588",9,42,26,"SGP50",0.604135923942446,1.40642161832154,0.2295
"7589",9,42,27,"SGP50",1.75806333469627,2.5220382403562,0.0355
"7590",9,42,28,"SGP50",0.374224968467703,0.506887716311024,0.254
"7591",9,42,29,"SGP50",0.239342588561678,-0.0211997488026756,0.267
"7592",9,42,30,"SGP50",0.177646446320118,-0.328972703508466,0.258
"7593",9,42,31,"SGP50",0.155843595107807,-0.416825674554193,0.265
"7594",9,42,32,"SGP50",0.12688982211202,-0.594407443426281,0.2675
"7595",9,42,33,"SGP50",0.109174991866495,-0.804684630835322,0.255
"7596",9,42,34,"SGP50",0.104368239349079,-0.90078786737496,0.2595
"7597",9,42,35,"SGP50",0.08439447062159,-1.05709491740201,0.283
"7598",9,42,36,"SGP50",0.0822337725954463,-0.967963877961157,0.2545
"7599",9,42,37,"SGP50",0.075833588613917,-1.37259353260767,0.2605
"7600",9,42,38,"SGP50",0.0717180812650881,-1.30865130236952,0.245
"7601",9,43,1,"BMA",2.35573525493037,3.17069680295327,0.47
"7602",9,43,2,"BMA",2.71087653084218,3.22019733641782,0.6905
"7603",9,43,3,"BMA",4.45549262549525,3.68627767334008,0.887
"7604",9,43,4,"BMA",4.46130180968132,3.55112756140858,0.184
"7605",9,43,5,"BMA",3.01098066783257,3.22123209336354,0.735
"7606",9,43,6,"BMA",2.6696999164672,3.10899452065074,0.6895
"7607",9,43,7,"BMA",3.68121886683094,3.1673269792872,0.7815
"7608",9,43,8,"BMA",2.8768714917,3.26308365214365,0.215
"7609",9,43,9,"BMA",1.99914273476747,3.14199445939078,0.432
"7610",9,43,10,"BMA",1.43849210480028,2.65724648171922,0.5035
"7611",9,43,11,"BMA",1.40832205403749,2.64865800716851,0.563
"7612",9,43,12,"BMA",4.0570001371615,3.34364632496569,0.128
"7613",9,43,13,"BMA",3.12964002479949,3.0364124406853,0.181
"7614",9,43,14,"BMA",3.69855361604285,3.30866912153903,0.882
"7615",9,43,15,"BMA",2.26741736024176,2.9409295143737,0.2405
"7616",9,43,16,"BMA",1.31756081574528,2.59761245036063,0.4225
"7617",9,43,17,"BMA",2.28059494984637,2.78609191731446,0.2245
"7618",9,43,18,"BMA",5.47635547861915,3.76920257017463,0.933
"7619",9,43,19,"BMA",1.2094698484829,2.65688332386812,0.5245
"7620",9,43,20,"BMA",1.83067047721183,2.70256594338504,0.697
"7621",9,43,21,"BMA",4.39422716471737,3.41067015776004,0.1135
"7622",9,43,22,"BMA",6.49643768047324,4.11556395844118,0.0385
"7623",9,43,23,"BMA",6.38876133026453,3.88180235230163,0.0455
"7624",9,43,24,"BMA",5.27639398731489,3.63722749330799,0.073
"7625",9,43,25,"BMA",1.92332379892975,2.85399765664513,0.3305
"7626",9,43,26,"BMA",1.89716057595815,2.78253192127766,0.31
"7627",9,43,27,"BMA",1.634564465612,2.7097191311223,0.637
"7628",9,43,28,"BMA",1.28256601239822,2.56752529661904,0.5715
"7629",9,43,29,"BMA",1.24667987086787,2.61769635178407,0.5075
"7630",9,43,30,"BMA",1.41914045051987,2.67516696800726,0.4145
"7631",9,43,31,"BMA",7.15527059655754,4.31193351845214,0.025
"7632",9,43,32,"BMA",1.32668259826238,2.61476225277679,0.5785
"7633",9,43,33,"BMA",1.50601717491325,2.59736258328671,0.3705
"7634",9,43,34,"BMA",1.26723368510861,2.68642599107726,0.4155
"7635",9,43,35,"BMA",3.60071175807085,3.1711455929254,0.1295
"7636",9,43,36,"BMA",1.5770032590916,2.67773014731083,0.345
"7637",9,43,37,"BMA",1.19647420049951,2.63380761642187,0.4905
"7638",9,43,38,"BMA",1.26697154612524,2.52763766144963,0.3955
"7639",9,43,1,"AVS",2.35573525493037,3.22307424790483,0.464
"7640",9,43,2,"AVS",3.50222775104903,3.25690519014731,0.8265
"7641",9,43,3,"AVS",5.08449636225855,3.82452064770466,0.9325
"7642",9,43,4,"AVS",6.21593619070638,4.14593309561057,0.074
"7643",9,43,5,"AVS",3.39200448792353,3.28731059863355,0.798
"7644",9,43,6,"AVS",2.0721123793679,2.96398909335493,0.583
"7645",9,43,7,"AVS",1.40427147069706,2.50530081205098,0.653
"7646",9,43,8,"AVS",4.49307721668469,3.71726440811401,0.045
"7647",9,43,9,"AVS",3.41299676416204,3.47334665770987,0.1455
"7648",9,43,10,"AVS",1.35571607583476,2.74361203400539,0.4995
"7649",9,43,11,"AVS",1.46359365474466,2.6881829041003,0.577
"7650",9,43,12,"AVS",3.75347064222083,3.28272346694004,0.1365
"7651",9,43,13,"AVS",2.92029640130297,3.00940002598689,0.189
"7652",9,43,14,"AVS",3.6591661760685,3.2044594740306,0.852
"7653",9,43,15,"AVS",2.30923612576304,2.9134714215865,0.2305
"7654",9,43,16,"AVS",1.31472717307516,2.61385029344548,0.428
"7655",9,43,17,"AVS",2.38917916811012,2.79248945280244,0.223
"7656",9,43,18,"AVS",5.46287489816583,3.75436814762866,0.9395
"7657",9,43,19,"AVS",1.16295987923498,2.56114755798196,0.507
"7658",9,43,20,"AVS",1.80203164157879,2.69294502488778,0.6835
"7659",9,43,21,"AVS",4.42228928684399,3.46463237798959,0.1065
"7660",9,43,22,"AVS",6.26164795979104,4.09711668829009,0.038
"7661",9,43,23,"AVS",6.17316813385733,3.81903420969973,0.046
"7662",9,43,24,"AVS",5.24194136368406,3.62337960442257,0.0915
"7663",9,43,25,"AVS",1.92275083579567,2.83882636019235,0.316
"7664",9,43,26,"AVS",1.89731285201889,2.85000100901117,0.333
"7665",9,43,27,"AVS",1.63437160769267,2.7138061908165,0.6545
"7666",9,43,28,"AVS",1.28247155408109,2.63179019411047,0.551
"7667",9,43,29,"AVS",1.24669737345055,2.59497936178166,0.5035
"7668",9,43,30,"AVS",1.41918993157583,2.70280978246459,0.434
"7669",9,43,31,"AVS",7.15554564520955,4.25246281190069,0.0265
"7670",9,43,32,"AVS",1.32652188138162,2.65461011972065,0.5795
"7671",9,43,33,"AVS",1.50639142831962,2.67573535683438,0.3725
"7672",9,43,34,"AVS",1.26738713996141,2.67200488515395,0.414
"7673",9,43,35,"AVS",3.60165312169745,3.19169868864512,0.1235
"7674",9,43,36,"AVS",1.57763094594681,2.60861832299762,0.3665
"7675",9,43,37,"AVS",1.19640702746037,2.61108680753691,0.486
"7676",9,43,38,"AVS",1.26757468469179,2.51990493097223,0.401
"7677",9,43,1,"EQW",2.35573525493037,3.17861942744009,0.465
"7678",9,43,2,"EQW",2.50153306960936,3.29715439444684,0.579
"7679",9,43,3,"EQW",3.87312245862024,3.4999833223598,0.8165
"7680",9,43,4,"EQW",4.18937225605165,3.57490731721874,0.181
"7681",9,43,5,"EQW",2.2932837694489,3.07346403336112,0.6505
"7682",9,43,6,"EQW",2.17130061091131,3.08033341003289,0.595
"7683",9,43,7,"EQW",3.89426449768448,3.24155638704234,0.787
"7684",9,43,8,"EQW",2.33489781402227,3.27050387283235,0.489
"7685",9,43,9,"EQW",2.69111877731807,3.34129587774532,0.579
"7686",9,43,10,"EQW",2.55438779784043,3.07928185996246,0.6075
"7687",9,43,11,"EQW",2.96725623515947,3.09083890152934,0.6895
"7688",9,43,12,"EQW",2.50031892479826,3.34234371593662,0.415
"7689",9,43,13,"EQW",2.41352583147952,3.27009027570571,0.328
"7690",9,43,14,"EQW",5.14698766111955,3.61863915245449,0.885
"7691",9,43,15,"EQW",2.15590824731283,3.10466354282472,0.4735
"7692",9,43,16,"EQW",1.9959048170065,2.91639769337524,0.53
"7693",9,43,17,"EQW",1.76496805312698,2.9136679400026,0.4585
"7694",9,43,18,"EQW",7.05577522995177,4.02446820925196,0.943
"7695",9,43,19,"EQW",3.50511161907027,3.06395828439555,0.7585
"7696",9,43,20,"EQW",4.26173897224463,3.1259872162462,0.7925
"7697",9,43,21,"EQW",2.97982128202538,3.4222745784447,0.3825
"7698",9,43,22,"EQW",5.33449101909941,4.21317138368757,0.237
"7699",9,43,23,"EQW",4.66017212935335,3.77160140601603,0.2105
"7700",9,43,24,"EQW",4.17313080893152,3.40325801364336,0.224
"7701",9,43,25,"EQW",2.38327246021049,3.14247774552781,0.406
"7702",9,43,26,"EQW",2.10599373228982,2.9756891717987,0.392
"7703",9,43,27,"EQW",2.05656665836566,2.94693218999879,0.65
"7704",9,43,28,"EQW",2.16602939743241,2.87562427868864,0.6905
"7705",9,43,29,"EQW",1.98909966564172,2.93946198682572,0.6715
"7706",9,43,30,"EQW",2.04907871882567,2.96201796391813,0.637
"7707",9,43,31,"EQW",3.60834644899682,3.35740349422426,0.2185
"7708",9,43,32,"EQW",1.60988503298199,2.71201478738892,0.625
"7709",9,43,33,"EQW",1.34439433477476,2.71324043864514,0.54
"7710",9,43,34,"EQW",1.31345661775303,2.64838973104408,0.5805
"7711",9,43,35,"EQW",2.33569281230836,2.82641550375323,0.225
"7712",9,43,36,"EQW",1.45344056655381,2.65613988413937,0.3615
"7713",9,43,37,"EQW",1.10365418432824,2.47978098590286,0.477
"7714",9,43,38,"EQW",1.04327069909649,2.38931994071565,0.4445
"7715",9,43,1,"SGP",2.35573525493037,3.21933586035277,0.4645
"7716",9,43,2,"SGP",3.12831118507631,3.2188839665499,0.7665
"7717",9,43,3,"SGP",5.08058828814096,3.81032935015959,0.9415
"7718",9,43,4,"SGP",6.21349726403559,4.59118825017911,0.042
"7719",9,43,5,"SGP",1.28982754634953,2.58659181112461,0.581
"7720",9,43,6,"SGP",1.35784766041068,2.63624986869259,0.347
"7721",9,43,7,"SGP",1.21405455705596,2.47942354505713,0.629
"7722",9,43,8,"SGP",4.29769449237186,3.62510056794865,0.0575
"7723",9,43,9,"SGP",4.18557460701262,3.68594906856739,0.07
"7724",9,43,10,"SGP",1.82422375719074,2.75682097391639,0.2205
"7725",9,43,11,"SGP",1.22553767438423,2.48133732889987,0.3195
"7726",9,43,12,"SGP",6.35507126675231,4.22999716681729,0.021
"7727",9,43,13,"SGP",5.30165039732493,3.78423216838714,0.054
"7728",9,43,14,"SGP",5.04234241855845,3.45644257075082,0.939
"7729",9,43,15,"SGP",2.88420528167134,2.95485799870984,0.1545
"7730",9,43,16,"SGP",1.44383809903018,2.57907108275932,0.328
"7731",9,43,17,"SGP",0.870682068169249,2.19377368598232,0.4595
"7732",9,43,18,"SGP",6.34099496164704,4.27555421148389,0.976
"7733",9,43,19,"SGP",1.7098563667146,2.59552075354182,0.75
"7734",9,43,20,"SGP",1.23891502191713,2.46520202734804,0.61
"7735",9,43,21,"SGP",5.42496369087508,3.92342364347067,0.058
"7736",9,43,22,"SGP",13.0735269976577,7.4850090933311,0.0025
"7737",9,43,23,"SGP",4.37741732555448,3.35005749086027,0.1045
"7738",9,43,24,"SGP",1.99335902229175,2.76399145036399,0.2695
"7739",9,43,25,"SGP",1.7680335916438,2.78919094598401,0.6985
"7740",9,43,26,"SGP",1.4786449158303,2.76354481644717,0.644
"7741",9,43,27,"SGP",3.862076693223,3.31236821367968,0.892
"7742",9,43,28,"SGP",2.24158413672217,2.8115867329685,0.75
"7743",9,43,29,"SGP",1.231009078286,2.59989700206223,0.479
"7744",9,43,30,"SGP",1.15713836990966,2.49395961349848,0.4455
"7745",9,43,31,"SGP",6.62419633684383,4.13219675374066,0.029
"7746",9,43,32,"SGP",2.15318700689986,2.7848234175366,0.767
"7747",9,43,33,"SGP",1.44112540413896,2.61767097459995,0.652
"7748",9,43,34,"SGP",1.28705426730746,2.54976526798655,0.586
"7749",9,43,35,"SGP",2.51639653480836,2.81451450412075,0.1945
"7750",9,43,36,"SGP",1.1606344937618,2.54120714518996,0.572
"7751",9,43,37,"SGP",1.63176557279548,2.59633147791654,0.672
"7752",9,43,38,"SGP",1.24692338247435,2.52743121790233,0.605
"7753",9,43,1,"SGP50",2.35573525493037,3.21542828619958,0.4715
"7754",9,43,2,"SGP50",2.50581498407036,3.2607362778643,0.614
"7755",9,43,3,"SGP50",3.94853212039581,3.51680124689271,0.8125
"7756",9,43,4,"SGP50",4.15334065446955,3.48888499609522,0.188
"7757",9,43,5,"SGP50",2.27436521333714,3.02392595872229,0.6535
"7758",9,43,6,"SGP50",2.08173257067779,2.97785410545939,0.5915
"7759",9,43,7,"SGP50",3.62501642538445,3.13956041025167,0.7715
"7760",9,43,8,"SGP50",2.3018452488669,3.26416960337623,0.427
"7761",9,43,9,"SGP50",2.4624101720582,3.34821024319543,0.5445
"7762",9,43,10,"SGP50",2.16355788981503,3.00100468450846,0.581
"7763",9,43,11,"SGP50",2.37327297357864,2.91873023030986,0.6025
"7764",9,43,12,"SGP50",2.83243142058937,3.44364548708186,0.336
"7765",9,43,13,"SGP50",2.75002454102033,3.29219812098511,0.2805
"7766",9,43,14,"SGP50",4.90304640148941,3.4712392664391,0.887
"7767",9,43,15,"SGP50",2.0595547910307,3.13271199427853,0.383
"7768",9,43,16,"SGP50",1.61861685259666,2.80793340936515,0.52
"7769",9,43,17,"SGP50",1.50948278016133,2.68366178106516,0.4285
"7770",9,43,18,"SGP50",6.40722780857435,3.98369341830087,0.9445
"7771",9,43,19,"SGP50",2.29448669255677,2.81870322123998,0.7145
"7772",9,43,20,"SGP50",2.60185954341737,2.8762668321198,0.7405
"7773",9,43,21,"SGP50",3.34810867019124,3.42412464353524,0.257
"7774",9,43,22,"SGP50",7.30493248326858,4.65136110637933,0.1045
"7775",9,43,23,"SGP50",5.32602754680283,3.74537348163876,0.126
"7776",9,43,24,"SGP50",4.03520349263487,3.32785045031243,0.161
"7777",9,43,25,"SGP50",1.95498690888166,3.03267222938481,0.4515
"7778",9,43,26,"SGP50",1.77520569990431,2.87379682223559,0.4245
"7779",9,43,27,"SGP50",2.206748506657,3.00653894378919,0.7005
"7780",9,43,28,"SGP50",1.82126593066826,2.74136996493057,0.693
"7781",9,43,29,"SGP50",1.43198775823257,2.70223189818492,0.5515
"7782",9,43,30,"SGP50",1.45309281843093,2.71122269658141,0.546
"7783",9,43,31,"SGP50",5.19318376474582,3.60767524461713,0.099
"7784",9,43,32,"SGP50",1.57291121085079,2.75493532785736,0.645
"7785",9,43,33,"SGP50",1.28540709759306,2.64730418834857,0.5355
"7786",9,43,34,"SGP50",1.22249767146564,2.51738341506171,0.527
"7787",9,43,35,"SGP50",2.73101674614329,2.90333600859037,0.171
"7788",9,43,36,"SGP50",1.37933449501593,2.63623126104317,0.399
"7789",9,43,37,"SGP50",1.17941511724117,2.65554941335012,0.519
"7790",9,43,38,"SGP50",1.095398402791,2.49326485144674,0.459
"7791",9,44,1,"BMA",5.72656416461262,3.80082025440105,0.7905
"7792",9,44,2,"BMA",2.3147356365298,3.16634994100659,0.534
"7793",9,44,3,"BMA",5.83457814004538,4.00301790954644,0.881
"7794",9,44,4,"BMA",13.6603379592842,4.98673406025974,0.9465
"7795",9,44,5,"BMA",8.92481696451685,4.09501026520012,0.8355
"7796",9,44,6,"BMA",3.42191971777556,3.61142073554245,0.4875
"7797",9,44,7,"BMA",4.25030252562487,3.68853159909308,0.372
"7798",9,44,8,"BMA",8.56853114893918,4.1285507378393,0.171
"7799",9,44,9,"BMA",5.33587167430831,3.91900416758823,0.391
"7800",9,44,10,"BMA",8.07693394982877,3.94203504859236,0.73
"7801",9,44,11,"BMA",3.85747729738451,3.5132679014418,0.647
"7802",9,44,12,"BMA",2.72007405019179,3.42678582299369,0.4475
"7803",9,44,13,"BMA",2.56152728297711,3.25205911580151,0.567
"7804",9,44,14,"BMA",13.2396103540932,4.72810352782007,0.0545
"7805",9,44,15,"BMA",3.92143321841359,3.54190649692054,0.3
"7806",9,44,16,"BMA",3.69151604361829,3.47194125104288,0.2815
"7807",9,44,17,"BMA",2.24792771127214,3.13364477247513,0.3905
"7808",9,44,18,"BMA",2.96502128884326,3.16548191748418,0.2495
"7809",9,44,19,"BMA",1.53480212979286,2.85191409665777,0.5175
"7810",9,44,20,"BMA",2.83418979890341,3.02692012007065,0.8015
"7811",9,44,21,"BMA",3.58222248500113,3.20063382394671,0.86
"7812",9,44,22,"BMA",6.64654615683296,3.96535191845113,0.947
"7813",9,44,23,"BMA",11.3652764618254,5.7080766773403,0.992
"7814",9,44,24,"BMA",4.31246544328421,3.83262310502746,0.819
"7815",9,44,25,"BMA",3.07837232341548,3.34697702698757,0.752
"7816",9,44,26,"BMA",1.58760446446245,2.82519393581361,0.4395
"7817",9,44,27,"BMA",4.60773037491136,3.55787829792825,0.909
"7818",9,44,28,"BMA",2.22076547582228,2.87040283953358,0.31
"7819",9,44,29,"BMA",2.1702289497094,2.63910211492731,0.2075
"7820",9,44,30,"BMA",4.82387010106797,3.93256449092605,0.0505
"7821",9,44,31,"BMA",2.91799637429252,3.33899949663373,0.222
"7822",9,44,32,"BMA",1.64583059609118,2.76989890239342,0.3375
"7823",9,44,33,"BMA",2.33259114971547,2.86683696407531,0.1575
"7824",9,44,34,"BMA",1.22238245886076,2.49782039383336,0.3525
"7825",9,44,35,"BMA",1.45202114338264,2.35296234944797,0.249
"7826",9,44,36,"BMA",1.74274681071239,2.45586300142883,0.1885
"7827",9,44,37,"BMA",1.02759544180731,2.23050620571626,0.6955
"7828",9,44,38,"BMA",0.864938016245282,2.01475788327803,0.3355
"7829",9,44,1,"AVS",5.72656416461262,3.83492792555619,0.797
"7830",9,44,2,"AVS",2.75266522837357,3.32502131393483,0.506
"7831",9,44,3,"AVS",7.74554279052453,4.04101927931102,0.8605
"7832",9,44,4,"AVS",16.8642837951357,5.0414428523417,0.9565
"7833",9,44,5,"AVS",7.39768712887027,4.09348395585289,0.8265
"7834",9,44,6,"AVS",3.40400536395533,3.58015590949548,0.42
"7835",9,44,7,"AVS",4.23068088077578,3.66941523124642,0.365
"7836",9,44,8,"AVS",8.60247252682089,4.16383112910469,0.1525
"7837",9,44,9,"AVS",5.10075489762893,3.93848365802902,0.372
"7838",9,44,10,"AVS",2.58801668629424,3.05398788601763,0.6145
"7839",9,44,11,"AVS",3.37903882640185,3.24216621276324,0.1775
"7840",9,44,12,"AVS",2.19394009936723,2.90914476782603,0.335
"7841",9,44,13,"AVS",2.45681310559815,2.91437920276022,0.7275
"7842",9,44,14,"AVS",17.3167138497308,8.93422549594805,0.001
"7843",9,44,15,"AVS",8.58840375453278,4.18075818493275,0.9275
"7844",9,44,16,"AVS",3.6335324356625,3.39714971343965,0.2755
"7845",9,44,17,"AVS",2.0913028015181,3.13757035846142,0.4595
"7846",9,44,18,"AVS",2.71278970909733,3.06391023311159,0.307
"7847",9,44,19,"AVS",2.0516972668021,2.9754814896168,0.6265
"7848",9,44,20,"AVS",2.92056022459136,3.12695803440809,0.783
"7849",9,44,21,"AVS",3.27564923004443,3.10969811712406,0.8
"7850",9,44,22,"AVS",4.54532493719952,3.49886032359913,0.837
"7851",9,44,23,"AVS",2.75295809082831,3.13049668871222,0.7225
"7852",9,44,24,"AVS",4.81812361491075,3.51224171299322,0.132
"7853",9,44,25,"AVS",1.98370771464529,2.78713513296338,0.325
"7854",9,44,26,"AVS",3.00803382103848,3.10623308267446,0.214
"7855",9,44,27,"AVS",3.58857719339712,3.26508517168883,0.813
"7856",9,44,28,"AVS",6.5231588264005,4.12756488000724,0.0495
"7857",9,44,29,"AVS",3.34107330445201,3.14642123556238,0.2045
"7858",9,44,30,"AVS",1.82625825837137,2.84187282811743,0.3715
"7859",9,44,31,"AVS",2.713428612331,3.2108670512019,0.756
"7860",9,44,32,"AVS",2.26909944604322,2.94040819747578,0.6905
"7861",9,44,33,"AVS",1.78088256175941,2.79345797530635,0.4005
"7862",9,44,34,"AVS",1.93554970103715,2.91931111915509,0.637
"7863",9,44,35,"AVS",1.5529688124512,2.71692890382386,0.438
"7864",9,44,36,"AVS",1.52411434802696,2.79494346980976,0.4675
"7865",9,44,37,"AVS",3.08989625687315,3.13302794874745,0.793
"7866",9,44,38,"AVS",2.31516200637109,3.02760578146179,0.26
"7867",9,44,1,"EQW",5.72656416461262,3.75775192436501,0.7885
"7868",9,44,2,"EQW",2.24758292745352,3.11949376203088,0.5355
"7869",9,44,3,"EQW",5.78785468097477,3.88744428894094,0.8195
"7870",9,44,4,"EQW",14.5379072010552,5.18291801722683,0.961
"7871",9,44,5,"EQW",10.6544991969402,4.01767601006613,0.833
"7872",9,44,6,"EQW",6.30429399490137,4.01046686237771,0.602
"7873",9,44,7,"EQW",5.47541031277082,3.75492732216088,0.639
"7874",9,44,8,"EQW",5.09978670077512,4.01476180448732,0.384
"7875",9,44,9,"EQW",3.38278145283908,3.53432264881521,0.496
"7876",9,44,10,"EQW",4.14580622036394,3.46285126920122,0.669
"7877",9,44,11,"EQW",3.18027341126451,3.5893912121112,0.495
"7878",9,44,12,"EQW",2.84194687511973,3.4078971557577,0.4695
"7879",9,44,13,"EQW",3.61056642663959,3.42109690884297,0.656
"7880",9,44,14,"EQW",9.60116351332113,4.3596018953938,0.165
"7881",9,44,15,"EQW",3.41711580598604,3.71057888416979,0.5535
"7882",9,44,16,"EQW",3.68808000646909,3.44049541747572,0.2995
"7883",9,44,17,"EQW",2.55041231889038,3.23377595463385,0.4415
"7884",9,44,18,"EQW",3.46474605329197,3.24388930553208,0.2785
"7885",9,44,19,"EQW",2.10272380563174,3.11927309348483,0.5335
"7886",9,44,20,"EQW",2.49857741494291,3.22528830159519,0.653
"7887",9,44,21,"EQW",2.40936717621137,3.20843037681201,0.624
"7888",9,44,22,"EQW",3.93558770794247,3.58735959375795,0.749
"7889",9,44,23,"EQW",6.09052565446089,3.87348196329936,0.8045
"7890",9,44,24,"EQW",3.6239539431293,3.81790376820383,0.587
"7891",9,44,25,"EQW",3.18328119927516,3.54190579465167,0.631
"7892",9,44,26,"EQW",2.26948390288498,3.28022893170963,0.494
"7893",9,44,27,"EQW",4.86517139115721,3.65531264694165,0.8095
"7894",9,44,28,"EQW",2.69161542365633,3.23841647173878,0.417
"7895",9,44,29,"EQW",2.15843919819206,3.04868433902139,0.4025
"7896",9,44,30,"EQW",2.48061034164296,3.00977849948611,0.3185
"7897",9,44,31,"EQW",1.85466682559022,3.01725008582791,0.4385
"7898",9,44,32,"EQW",1.62008905928134,2.86398752034947,0.535
"7899",9,44,33,"EQW",1.67325325121712,2.79769666171859,0.3855
"7900",9,44,34,"EQW",1.54625120499103,2.77780309468624,0.5645
"7901",9,44,35,"EQW",1.39563762968299,2.68848627751993,0.473
"7902",9,44,36,"EQW",1.40011429708833,2.67460438436956,0.47
"7903",9,44,37,"EQW",2.48118319238521,2.94247140888401,0.775
"7904",9,44,38,"EQW",1.4461086231463,2.78784627850549,0.495
"7905",9,44,1,"SGP",5.72656416461262,3.79986488987408,0.785
"7906",9,44,2,"SGP",2.12240484814736,2.98744029201647,0.6275
"7907",9,44,3,"SGP",5.8775233597285,4.27452959041119,0.9635
"7908",9,44,4,"SGP",14.3498052370219,7.2202920686621,0.9945
"7909",9,44,5,"SGP",1.86047670636432,2.99161302403267,0.5625
"7910",9,44,6,"SGP",5.54258904337454,3.67618645001371,0.1135
"7911",9,44,7,"SGP",1.93642815348405,2.97578941387777,0.4075
"7912",9,44,8,"SGP",9.33730965153784,4.55858937466811,0.035
"7913",9,44,9,"SGP",1.76603980986212,2.93819453299966,0.4505
"7914",9,44,10,"SGP",1.64015034490872,2.85932250545969,0.5465
"7915",9,44,11,"SGP",3.35305795419177,3.24761645269575,0.1955
"7916",9,44,12,"SGP",2.19755157890956,2.97659924542605,0.3155
"7917",9,44,13,"SGP",2.46066588620346,2.94671569068548,0.708
"7918",9,44,14,"SGP",17.2249208127712,8.00842092642147,0.0015
"7919",9,44,15,"SGP",8.71827843789008,4.20363891791417,0.939
"7920",9,44,16,"SGP",3.39241352272702,3.30354298058608,0.252
"7921",9,44,17,"SGP",2.30379265842851,3.11675465310995,0.622
"7922",9,44,18,"SGP",2.15503605675518,3.05849148544092,0.3695
"7923",9,44,19,"SGP",3.34409373904875,3.2045157877061,0.7705
"7924",9,44,20,"SGP",3.38610098799279,3.18386854512848,0.7725
"7925",9,44,21,"SGP",1.68071072962178,2.97106184659787,0.4865
"7926",9,44,22,"SGP",2.44162483004601,3.05918803324316,0.7015
"7927",9,44,23,"SGP",2.6912074148701,3.09507175204436,0.74
"7928",9,44,24,"SGP",4.76560159599983,3.40795319093246,0.1545
"7929",9,44,25,"SGP",1.97703017151482,2.86673383529243,0.328
"7930",9,44,26,"SGP",2.98900968984533,3.09870651523587,0.2035
"7931",9,44,27,"SGP",3.59962590538656,3.26168135678373,0.8255
"7932",9,44,28,"SGP",6.45775939256494,4.06510064107339,0.058
"7933",9,44,29,"SGP",3.32490480666298,3.16190383507896,0.191
"7934",9,44,30,"SGP",1.83394041267332,2.83043794535468,0.3405
"7935",9,44,31,"SGP",2.68983580689086,3.05711953739152,0.749
"7936",9,44,32,"SGP",2.25459478905957,2.90646225511164,0.7045
"7937",9,44,33,"SGP",1.78011121744863,2.82491505623868,0.383
"7938",9,44,34,"SGP",1.92724587928397,2.91398863841872,0.627
"7939",9,44,35,"SGP",1.54956118650102,2.76615897770225,0.462
"7940",9,44,36,"SGP",1.52186623287234,2.77362675987376,0.4485
"7941",9,44,37,"SGP",3.07597888349742,3.0962835369368,0.7785
"7942",9,44,38,"SGP",2.29574281795383,2.89451946115285,0.273
"7943",9,44,1,"SGP50",5.72656416461262,3.69044353135787,0.7925
"7944",9,44,2,"SGP50",2.23577979426792,3.08565085719289,0.552
"7945",9,44,3,"SGP50",5.88596577473374,4.00645722083137,0.8435
"7946",9,44,4,"SGP50",14.6867631453648,5.23780066470889,0.957
"7947",9,44,5,"SGP50",9.56519147842149,3.92637888323988,0.808
"7948",9,44,6,"SGP50",5.33251031798175,3.9472272214561,0.526
"7949",9,44,7,"SGP50",4.15700878895333,3.60046108936223,0.5785
"7950",9,44,8,"SGP50",5.72876033484168,4.18161597348313,0.2775
"7951",9,44,9,"SGP50",2.87842934578437,3.32635734836251,0.492
"7952",9,44,10,"SGP50",3.10829073591056,3.28184056180797,0.6065
"7953",9,44,11,"SGP50",2.82384702651365,3.45923207347786,0.368
"7954",9,44,12,"SGP50",2.51697615665276,3.27074821650225,0.4085
"7955",9,44,13,"SGP50",2.86370680877176,3.2190803522936,0.664
"7956",9,44,14,"SGP50",13.1456511876069,4.99035722265943,0.08
"7957",9,44,15,"SGP50",4.6676882352835,3.82888866452358,0.6935
"7958",9,44,16,"SGP50",3.7530327512987,3.39242115126112,0.2645
"7959",9,44,17,"SGP50",2.3133825264176,3.25374140277805,0.512
"7960",9,44,18,"SGP50",2.866977458534,3.19621304718526,0.31
"7961",9,44,19,"SGP50",2.38124165926751,3.16403296805434,0.6245
"7962",9,44,20,"SGP50",2.81553873054739,3.16869042657127,0.7095
"7963",9,44,21,"SGP50",2.05786296275568,3.10696859840481,0.5615
"7964",9,44,22,"SGP50",3.26850407005809,3.32976881508514,0.743
"7965",9,44,23,"SGP50",4.43896516666035,3.50152459049884,0.7725
"7966",9,44,24,"SGP50",3.32728073894137,3.6718449986639,0.393
"7967",9,44,25,"SGP50",2.19958312875994,3.20101326533918,0.5145
"7968",9,44,26,"SGP50",2.30957387220677,3.13820107935506,0.3905
"7969",9,44,27,"SGP50",4.22956210107457,3.56329873032957,0.844
"7970",9,44,28,"SGP50",3.8172853133686,3.42620681234285,0.255
"7971",9,44,29,"SGP50",2.58078022001147,3.05517406222854,0.2855
"7972",9,44,30,"SGP50",2.27349436592784,3.02132494488866,0.3055
"7973",9,44,31,"SGP50",1.94807158500492,3.07207364469425,0.555
"7974",9,44,32,"SGP50",1.72567045086141,2.86460303832068,0.589
"7975",9,44,33,"SGP50",1.72848578411653,2.86481246474302,0.3675
"7976",9,44,34,"SGP50",1.58304180560368,2.84003210903209,0.5815
"7977",9,44,35,"SGP50",1.39337711815713,2.72795749146884,0.4385
"7978",9,44,36,"SGP50",1.40481774737923,2.72646213983498,0.4215
"7979",9,44,37,"SGP50",2.49896459077596,2.88433236108877,0.7905
"7980",9,44,38,"SGP50",1.52002970411968,2.69277361558994,0.417
"7981",9,45,1,"BMA",4.14244766079117,3.68648838163375,0.6985
"7982",9,45,2,"BMA",2.78733575228929,3.36288354603611,0.3815
"7983",9,45,3,"BMA",4.52482149029068,3.49599599889513,0.8275
"7984",9,45,4,"BMA",3.69533052962543,3.51975960268592,0.235
"7985",9,45,5,"BMA",3.23661094668501,3.22889892813025,0.733
"7986",9,45,6,"BMA",2.82458829384091,3.33148236253892,0.278
"7987",9,45,7,"BMA",1.82742611238228,2.96829144700731,0.4045
"7988",9,45,8,"BMA",3.23704128797835,3.08421769912279,0.798
"7989",9,45,9,"BMA",6.42403247332076,3.91636692949066,0.96
"7990",9,45,10,"BMA",8.84269733214511,4.78937863368347,0.03
"7991",9,45,11,"BMA",3.47100081629856,3.39086388696767,0.2565
"7992",9,45,12,"BMA",2.49068393467386,3.03365824020997,0.3045
"7993",9,45,13,"BMA",1.90853228272578,2.87316348180246,0.6405
"7994",9,45,14,"BMA",2.5934029890073,3.04734160630153,0.735
"7995",9,45,15,"BMA",7.51280260735818,4.10537264589204,0.0565
"7996",9,45,16,"BMA",1.64731813268592,2.90443655141744,0.522
"7997",9,45,17,"BMA",1.62066722734197,2.84183338149995,0.4275
"7998",9,45,18,"BMA",1.76030611211536,2.92924702629772,0.452
"7999",9,45,19,"BMA",3.57551124862128,3.25246271929356,0.1755
"8000",9,45,20,"BMA",2.03559679140916,2.88554536108086,0.298
"8001",9,45,21,"BMA",2.3870344350119,2.98162814285227,0.271
"8002",9,45,22,"BMA",4.03682643251239,3.29841816790757,0.1485
"8003",9,45,23,"BMA",7.12515669064184,4.03560152628152,0.0465
"8004",9,45,24,"BMA",6.06190349626742,3.80663346430159,0.0785
"8005",9,45,25,"BMA",1.92587916747575,2.99854465754216,0.3775
"8006",9,45,26,"BMA",4.21328715214724,3.35089864182654,0.841
"8007",9,45,27,"BMA",1.96605406737651,2.85111805819572,0.3455
"8008",9,45,28,"BMA",1.78618609706614,2.94558005083987,0.345
"8009",9,45,29,"BMA",1.59788964914501,2.78883390353963,0.585
"8010",9,45,30,"BMA",1.568471385875,2.78281256450261,0.3885
"8011",9,45,31,"BMA",1.94177508352699,2.80799977039001,0.3605
"8012",9,45,32,"BMA",1.6119262213156,2.74526703430898,0.3845
"8013",9,45,33,"BMA",2.49598079822745,2.98476764504422,0.2595
"8014",9,45,34,"BMA",1.78226612975283,2.87218485998479,0.661
"8015",9,45,35,"BMA",1.42931069343253,2.74873781284883,0.437
"8016",9,45,36,"BMA",1.61087293092381,2.74079273535658,0.6385
"8017",9,45,37,"BMA",1.46528184867529,2.7889573361814,0.372
"8018",9,45,38,"BMA",1.50444294339854,2.64191317093034,0.6245
"8019",9,45,1,"AVS",4.14244766079117,3.65923490033835,0.6825
"8020",9,45,2,"AVS",3.6460641997577,3.40838638789071,0.322
"8021",9,45,3,"AVS",5.21397105712741,3.49936701865535,0.879
"8022",9,45,4,"AVS",5.24828069632078,3.8984130468595,0.0785
"8023",9,45,5,"AVS",3.78200697076821,3.27559295357599,0.766
"8024",9,45,6,"AVS",3.92712376272917,3.30293216254729,0.131
"8025",9,45,7,"AVS",1.8102120681929,2.88428976992482,0.3835
"8026",9,45,8,"AVS",3.47371933721848,3.21740022536943,0.813
"8027",9,45,9,"AVS",5.58048709753765,3.88202647154372,0.9565
"8028",9,45,10,"AVS",9.78368225682616,5.45216050376627,0.0085
"8029",9,45,11,"AVS",5.50420596090571,3.71191565439179,0.123
"8030",9,45,12,"AVS",2.19938183568459,2.96601480505177,0.343
"8031",9,45,13,"AVS",2.02803057822922,2.96050836530979,0.6785
"8032",9,45,14,"AVS",2.93959055403543,3.11260825437098,0.757
"8033",9,45,15,"AVS",6.67757718324433,3.86863763956343,0.0725
"8034",9,45,16,"AVS",1.65356042576046,2.85066248948156,0.5145
"8035",9,45,17,"AVS",1.58484999028228,2.80723053366597,0.4245
"8036",9,45,18,"AVS",1.77152417710344,2.90638065785804,0.4535
"8037",9,45,19,"AVS",3.58529834631387,3.27547605320823,0.1735
"8038",9,45,20,"AVS",2.05032322014209,2.79667572950115,0.304
"8039",9,45,21,"AVS",2.49759432337955,2.97522255838701,0.2645
"8040",9,45,22,"AVS",4.27878539570901,3.34740273053896,0.1335
"8041",9,45,23,"AVS",7.4599705471292,4.12957230137879,0.0445
"8042",9,45,24,"AVS",6.61165552468894,3.92042210283651,0.0755
"8043",9,45,25,"AVS",1.80265553838928,2.90941975954494,0.4155
"8044",9,45,26,"AVS",5.62007549517888,3.81981460244951,0.9105
"8045",9,45,27,"AVS",2.06390451180218,2.81851260567502,0.33
"8046",9,45,28,"AVS",1.79863491688924,2.88015909008659,0.377
"8047",9,45,29,"AVS",1.57284868342163,2.82254861932109,0.55
"8048",9,45,30,"AVS",1.5910101871595,2.79185158157489,0.382
"8049",9,45,31,"AVS",2.12674513656386,2.98799014875559,0.318
"8050",9,45,32,"AVS",1.72558374941859,2.81357943405327,0.325
"8051",9,45,33,"AVS",2.71388816732419,3.11790500626776,0.2215
"8052",9,45,34,"AVS",1.78042006619557,2.95644860227701,0.6475
"8053",9,45,35,"AVS",1.52283148147428,2.7679054946154,0.397
"8054",9,45,36,"AVS",1.54819537160115,2.75934422961146,0.6145
"8055",9,45,37,"AVS",1.58273864468729,2.77011523239307,0.3825
"8056",9,45,38,"AVS",1.45853649003077,2.71443932119386,0.6265
"8057",9,45,1,"EQW",4.14244766079117,3.61239955710545,0.6885
"8058",9,45,2,"EQW",2.8724944187719,3.3634876584182,0.3935
"8059",9,45,3,"EQW",3.95502984463189,3.46872540072424,0.738
"8060",9,45,4,"EQW",3.34002820718789,3.46353015762146,0.328
"8061",9,45,5,"EQW",3.34414786966014,3.3247635113209,0.6745
"8062",9,45,6,"EQW",2.69378039121588,3.39114185146796,0.4415
"8063",9,45,7,"EQW",2.67185840244354,3.23833410691159,0.5715
"8064",9,45,8,"EQW",6.1761713878481,3.56452565632448,0.8565
"8065",9,45,9,"EQW",12.0110660144375,4.54608022950873,0.968
"8066",9,45,10,"EQW",4.36852699056399,3.893494830475,0.437
"8067",9,45,11,"EQW",3.57221023157135,3.6628942680648,0.493
"8068",9,45,12,"EQW",3.00143256681559,3.38567050870766,0.483
"8069",9,45,13,"EQW",3.74178202078563,3.24646484853379,0.706
"8070",9,45,14,"EQW",5.30737125392361,3.403575863577,0.797
"8071",9,45,15,"EQW",4.27532785865728,3.80538375955313,0.3515
"8072",9,45,16,"EQW",2.82233595515145,3.20655769880413,0.5905
"8073",9,45,17,"EQW",2.69747338581452,3.21534334925842,0.535
"8074",9,45,18,"EQW",2.74220159492892,3.22566014101238,0.575
"8075",9,45,19,"EQW",3.01457012736444,3.41181526514208,0.372
"8076",9,45,20,"EQW",2.46728644091915,3.17383399631538,0.455
"8077",9,45,21,"EQW",2.40388129076945,3.22665073417629,0.441
"8078",9,45,22,"EQW",2.94567135099772,3.32197254124534,0.3375
"8079",9,45,23,"EQW",5.15001882658266,3.90978947617025,0.187
"8080",9,45,24,"EQW",5.50307620921391,3.83143379800776,0.1225
"8081",9,45,25,"EQW",2.8312618433002,3.18654822774052,0.315
"8082",9,45,26,"EQW",2.9371973916662,3.18472566748702,0.729
"8083",9,45,27,"EQW",1.60008930951189,2.9570742499098,0.522
"8084",9,45,28,"EQW",1.60130897623627,2.88310017557177,0.533
"8085",9,45,29,"EQW",2.62720272455423,3.07563684222603,0.744
"8086",9,45,30,"EQW",1.99899537328903,2.99515464953741,0.616
"8087",9,45,31,"EQW",1.74899541138038,2.92657559535977,0.596
"8088",9,45,32,"EQW",1.45384542861683,2.75872220760998,0.566
"8089",9,45,33,"EQW",1.58622533826889,2.79861965045592,0.3655
"8090",9,45,34,"EQW",1.70169820097454,2.6839883216914,0.666
"8091",9,45,35,"EQW",1.211363320522,2.63471513773587,0.5675
"8092",9,45,36,"EQW",1.90190184991239,2.74473076363592,0.732
"8093",9,45,37,"EQW",1.29225064442223,2.6725964995143,0.5785
"8094",9,45,38,"EQW",2.01663762546618,2.81182757719369,0.7325
"8095",9,45,1,"SGP",4.14244766079117,3.65475614110985,0.686
"8096",9,45,2,"SGP",2.02910758395931,3.14773419750155,0.5
"8097",9,45,3,"SGP",4.8128853135795,3.49174918398514,0.8815
"8098",9,45,4,"SGP",5.01981959596778,3.69367774041953,0.1075
"8099",9,45,5,"SGP",1.59846597371455,2.78790002719195,0.6195
"8100",9,45,6,"SGP",3.88206921317808,3.29965923410011,0.1265
"8101",9,45,7,"SGP",2.249283867618,2.84963882167918,0.27
"8102",9,45,8,"SGP",2.24879282686644,2.91658769905261,0.756
"8103",9,45,9,"SGP",5.53608285730419,3.84512699939152,0.9535
"8104",9,45,10,"SGP",9.4745977264575,5.26762487811573,0.016
"8105",9,45,11,"SGP",6.80233201085114,4.1677372497706,0.044
"8106",9,45,12,"SGP",4.22493032940508,3.31025225751311,0.137
"8107",9,45,13,"SGP",1.49078841794006,2.73058472267194,0.4515
"8108",9,45,14,"SGP",1.54983643674685,2.72310415673987,0.614
"8109",9,45,15,"SGP",10.3448375875071,5.65376339877141,0.0105
"8110",9,45,16,"SGP",1.84106032821122,2.88327814589737,0.3825
"8111",9,45,17,"SGP",2.27310011460555,2.90834059621446,0.2785
"8112",9,45,18,"SGP",1.70753706639261,2.86365462720964,0.425
"8113",9,45,19,"SGP",3.55604888410559,3.25507194796739,0.1765
"8114",9,45,20,"SGP",1.84223659263048,2.78651205754626,0.3295
"8115",9,45,21,"SGP",1.71845446967814,2.8058343011806,0.3625
"8116",9,45,22,"SGP",2.75800652453933,2.9747241783834,0.2235
"8117",9,45,23,"SGP",5.64224369539416,3.78420297737578,0.067
"8118",9,45,24,"SGP",4.27026619896353,3.42761640029862,0.11
"8119",9,45,25,"SGP",1.55526941885458,2.67728132639761,0.609
"8120",9,45,26,"SGP",6.97893577172143,4.29736236477354,0.9515
"8121",9,45,27,"SGP",1.58052233918738,2.8099868079547,0.3925
"8122",9,45,28,"SGP",1.77015553835216,2.81875002130775,0.3755
"8123",9,45,29,"SGP",1.91730558205804,2.84294580472479,0.6945
"8124",9,45,30,"SGP",1.42177689240019,2.76304210472008,0.426
"8125",9,45,31,"SGP",1.4234099616793,2.69503658094339,0.442
"8126",9,45,32,"SGP",1.33789806017428,2.69176867523216,0.482
"8127",9,45,33,"SGP",1.71102747686528,2.748015884128,0.338
"8128",9,45,34,"SGP",2.46227972616705,2.96268137750922,0.7635
"8129",9,45,35,"SGP",1.25984571015258,2.68881087288785,0.518
"8130",9,45,36,"SGP",1.93837908123541,2.85504976458562,0.7115
"8131",9,45,37,"SGP",1.31278961557875,2.66262852673575,0.455
"8132",9,45,38,"SGP",1.77872131672937,2.6844085479829,0.6575
"8133",9,45,1,"SGP50",4.14244766079117,3.69958262656092,0.6875
"8134",9,45,2,"SGP50",2.8181165944105,3.30103782161571,0.3955
"8135",9,45,3,"SGP50",4.01578182291507,3.50613603565908,0.7715
"8136",9,45,4,"SGP50",3.33086839820124,3.425959927004,0.297
"8137",9,45,5,"SGP50",3.24577141700713,3.20465203223468,0.7095
"8138",9,45,6,"SGP50",2.62091621667031,3.39413053472497,0.418
"8139",9,45,7,"SGP50",2.38629105513778,3.21449554388249,0.529
"8140",9,45,8,"SGP50",5.33656430140478,3.46906740487861,0.8585
"8141",9,45,9,"SGP50",10.2632080375739,4.42259005821636,0.9675
"8142",9,45,10,"SGP50",4.48295862724421,3.93849774654732,0.3255
"8143",9,45,11,"SGP50",3.1745431498299,3.50739706967538,0.392
"8144",9,45,12,"SGP50",2.68315857892164,3.33235981266456,0.3755
"8145",9,45,13,"SGP50",2.46525149801446,3.06945874339224,0.631
"8146",9,45,14,"SGP50",3.3035527902699,3.15923165821163,0.7555
"8147",9,45,15,"SGP50",5.82521567431821,3.97225894803465,0.181
"8148",9,45,16,"SGP50",1.93435195172687,2.99627766561027,0.507
"8149",9,45,17,"SGP50",1.9201368252465,3.02016823366685,0.458
"8150",9,45,18,"SGP50",1.86730814407433,2.96711637845758,0.477
"8151",9,45,19,"SGP50",3.16461008691133,3.25976306200014,0.2535
"8152",9,45,20,"SGP50",2.03346483662894,2.9327882243869,0.3555
"8153",9,45,21,"SGP50",2.09362814425273,2.98272945790361,0.332
"8154",9,45,22,"SGP50",3.28047588062343,3.23648245334737,0.2125
"8155",9,45,23,"SGP50",6.2722078515009,3.80676971056244,0.088
"8156",9,45,24,"SGP50",5.72730873703428,3.81303186084153,0.1065
"8157",9,45,25,"SGP50",2.19193849278845,3.08645543319865,0.377
"8158",9,45,26,"SGP50",3.64542951190292,3.26430591046435,0.7875
"8159",9,45,27,"SGP50",1.61982861249147,2.8640018393402,0.4155
"8160",9,45,28,"SGP50",1.58317514947917,2.81580172300738,0.434
"8161",9,45,29,"SGP50",2.00793875969773,2.97973482073315,0.677
"8162",9,45,30,"SGP50",1.53384305041793,2.87220224432691,0.5305
"8163",9,45,31,"SGP50",1.54061939221564,2.79018821027423,0.472
"8164",9,45,32,"SGP50",1.36627909365537,2.69472786455197,0.4925
"8165",9,45,33,"SGP50",1.91140396765569,2.760636057692,0.3125
"8166",9,45,34,"SGP50",1.70699050322178,2.76703707024794,0.6995
"8167",9,45,35,"SGP50",1.22214589452329,2.59361565763616,0.4995
"8168",9,45,36,"SGP50",1.66947439249899,2.72026534630482,0.6915
"8169",9,45,37,"SGP50",1.24278556935576,2.65705803981134,0.479
"8170",9,45,38,"SGP50",1.64913310891377,2.76841482925964,0.671
"8171",9,46,1,"BMA",3.11572803596279,3.42167009697616,0.526
"8172",9,46,2,"BMA",5.82238425087507,3.83488629131444,0.8065
"8173",9,46,3,"BMA",7.96544225714922,4.07247749582917,0.1065
"8174",9,46,4,"BMA",9.05144017219914,4.26588567050173,0.0775
"8175",9,46,5,"BMA",3.77324781098401,3.44249068705049,0.7565
"8176",9,46,6,"BMA",15.0612338258532,5.10853348424559,0.98
"8177",9,46,7,"BMA",2.37281070639405,3.321314584969,0.514
"8178",9,46,8,"BMA",3.04555693540832,3.31979910817039,0.321
"8179",9,46,9,"BMA",3.45029598313196,3.35004552015605,0.7185
"8180",9,46,10,"BMA",3.89710766045404,3.44246462043056,0.236
"8181",9,46,11,"BMA",2.1386093278619,3.14618196643668,0.468
"8182",9,46,12,"BMA",7.57096840875551,4.02031963534459,0.077
"8183",9,46,13,"BMA",4.26074727838762,3.41580157792556,0.7775
"8184",9,46,14,"BMA",2.01594260339911,3.071238411439,0.532
"8185",9,46,15,"BMA",6.37013084428696,3.71676836563068,0.1255
"8186",9,46,16,"BMA",3.92818773231968,3.4245355348404,0.217
"8187",9,46,17,"BMA",5.47347449536831,3.6419064397297,0.149
"8188",9,46,18,"BMA",2.12374087256278,3.15555308576946,0.4355
"8189",9,46,19,"BMA",3.0416017474736,3.17327833563391,0.304
"8190",9,46,20,"BMA",6.07402180148829,3.68217991919882,0.1155
"8191",9,46,21,"BMA",2.0062909391028,3.09467342754553,0.4175
"8192",9,46,22,"BMA",1.96205194814544,3.11008576795442,0.446
"8193",9,46,23,"BMA",2.10393622462037,2.93478767630277,0.3735
"8194",9,46,24,"BMA",1.84779458203593,3.0254688071003,0.4155
"8195",9,46,25,"BMA",1.84920419188222,2.87224028241638,0.5455
"8196",9,46,26,"BMA",2.05489802097776,3.0403430186583,0.6255
"8197",9,46,27,"BMA",1.86514979905459,2.9742045282344,0.446
"8198",9,46,28,"BMA",1.65704256219052,2.95914630018724,0.519
"8199",9,46,29,"BMA",1.70274568225763,2.8301832300692,0.4085
"8200",9,46,30,"BMA",1.47112365526837,2.79348052709877,0.522
"8201",9,46,31,"BMA",1.38451104997326,2.53202240291612,0.381
"8202",9,46,32,"BMA",0.959500636769772,2.28429993700414,0.4705
"8203",9,46,33,"BMA",0.94439350996702,2.09254130220712,0.3555
"8204",9,46,34,"BMA",0.765335243916421,1.93359829662804,0.384
"8205",9,46,35,"BMA",0.643478083660071,1.97446590782484,0.5995
"8206",9,46,36,"BMA",0.998547249858773,1.85616832437165,0.25
"8207",9,46,37,"BMA",0.850322078870109,1.82910773741698,0.283
"8208",9,46,38,"BMA",0.624906375919087,1.62184346000933,0.337
"8209",9,46,1,"AVS",3.11572803596279,3.54016925956091,0.5555
"8210",9,46,2,"AVS",6.22116099948754,3.77702517649629,0.8255
"8211",9,46,3,"AVS",8.03737917460588,3.97085639304985,0.095
"8212",9,46,4,"AVS",10.1481402599515,4.34760445415148,0.057
"8213",9,46,5,"AVS",3.61366125125669,3.37904736871244,0.738
"8214",9,46,6,"AVS",12.4442512799319,4.65166874670444,0.9735
"8215",9,46,7,"AVS",2.15293970020617,3.17388368549867,0.513
"8216",9,46,8,"AVS",2.87855960728415,3.23732952263552,0.3505
"8217",9,46,9,"AVS",3.45862412209964,3.30049314626533,0.713
"8218",9,46,10,"AVS",3.6753066337327,3.44804083906386,0.2455
"8219",9,46,11,"AVS",2.14242194577518,3.17622739497973,0.456
"8220",9,46,12,"AVS",7.55608366355295,4.05661161923167,0.0825
"8221",9,46,13,"AVS",4.29675420965271,3.46185759539798,0.782
"8222",9,46,14,"AVS",2.0082644271958,3.08786384647335,0.5505
"8223",9,46,15,"AVS",6.42634613097611,3.79108139082099,0.1165
"8224",9,46,16,"AVS",3.87632977978158,3.31844314672283,0.237
"8225",9,46,17,"AVS",5.45443270704528,3.62100667540686,0.1345
"8226",9,46,18,"AVS",2.15257196023868,3.14269971470648,0.426
"8227",9,46,19,"AVS",3.05818338656735,3.18207548854282,0.2995
"8228",9,46,20,"AVS",6.17684884546749,3.76337206996809,0.115
"8229",9,46,21,"AVS",1.96808088140003,3.03184269693605,0.4105
"8230",9,46,22,"AVS",1.95656782745806,3.11208546519895,0.464
"8231",9,46,23,"AVS",2.14594372759132,3.04160976361007,0.3665
"8232",9,46,24,"AVS",1.90491021384289,3.13474184663305,0.4315
"8233",9,46,25,"AVS",1.79793560573079,2.90189752083523,0.551
"8234",9,46,26,"AVS",1.9779644354833,3.07365474300908,0.614
"8235",9,46,27,"AVS",1.92142351592626,2.97882296314441,0.372
"8236",9,46,28,"AVS",1.67858826112637,2.92464398865895,0.5235
"8237",9,46,29,"AVS",1.85446536843696,3.02284188367376,0.392
"8238",9,46,30,"AVS",1.68518788491995,2.9040283660888,0.5135
"8239",9,46,31,"AVS",1.80591154785774,2.96587492985154,0.38
"8240",9,46,32,"AVS",1.52876151120247,2.83806863808063,0.468
"8241",9,46,33,"AVS",1.56915811223746,2.88542402456426,0.4595
"8242",9,46,34,"AVS",1.37401248103129,2.84942353664656,0.497
"8243",9,46,35,"AVS",1.43525961544438,2.78802676939545,0.5375
"8244",9,46,36,"AVS",1.74131771907841,2.81730383085529,0.3915
"8245",9,46,37,"AVS",1.24115577196507,2.80726203755408,0.507
"8246",9,46,38,"AVS",1.31932433972712,2.87368488997451,0.4845
"8247",9,46,1,"EQW",3.11572803596279,3.48607393959021,0.533
"8248",9,46,2,"EQW",5.45325561498422,3.81612116027105,0.7525
"8249",9,46,3,"EQW",8.53679806630256,4.13304646401003,0.109
"8250",9,46,4,"EQW",8.82779618511507,4.06649891377041,0.106
"8251",9,46,5,"EQW",4.36978174310112,3.58074016059361,0.764
"8252",9,46,6,"EQW",13.8295528127055,4.961380535249,0.9495
"8253",9,46,7,"EQW",4.72409557285585,3.71210650367219,0.63
"8254",9,46,8,"EQW",3.62873362637114,3.74451258485508,0.489
"8255",9,46,9,"EQW",5.68468283344596,3.72149397560689,0.782
"8256",9,46,10,"EQW",3.65476133099456,3.72380015665046,0.4265
"8257",9,46,11,"EQW",3.10191834335744,3.40957306461626,0.5965
"8258",9,46,12,"EQW",4.94859378845281,3.74374817446486,0.255
"8259",9,46,13,"EQW",4.78928856548997,3.58088335937228,0.768
"8260",9,46,14,"EQW",3.61338042584625,3.39841581590819,0.6615
"8261",9,46,15,"EQW",3.91462318637442,3.67363385576209,0.3345
"8262",9,46,16,"EQW",3.5846402134474,3.54896926195146,0.323
"8263",9,46,17,"EQW",4.74581815470951,3.63844318996612,0.237
"8264",9,46,18,"EQW",2.23281801160204,3.22092200203485,0.4715
"8265",9,46,19,"EQW",2.41970554361477,3.13965490248561,0.359
"8266",9,46,20,"EQW",5.11340580799797,3.55187996039207,0.13
"8267",9,46,21,"EQW",2.3096437836325,3.00853639007884,0.3025
"8268",9,46,22,"EQW",1.6802921881394,2.79409204746264,0.398
"8269",9,46,23,"EQW",1.59262850453466,2.67101046930837,0.368
"8270",9,46,24,"EQW",1.29106180527504,2.63436469341017,0.4535
"8271",9,46,25,"EQW",1.49924379360828,2.60840530899947,0.645
"8272",9,46,26,"EQW",2.48042436404815,3.07390303393167,0.773
"8273",9,46,27,"EQW",1.59536849435677,2.85836654115855,0.6335
"8274",9,46,28,"EQW",1.84202438854293,3.00054327205783,0.691
"8275",9,46,29,"EQW",1.32150411288363,2.67705610413666,0.5895
"8276",9,46,30,"EQW",1.49550100040974,2.72867150110001,0.641
"8277",9,46,31,"EQW",1.13636753342737,2.51930173644376,0.508
"8278",9,46,32,"EQW",1.14820879869391,2.60697160568061,0.59
"8279",9,46,33,"EQW",1.04071791792422,2.50574334078713,0.5195
"8280",9,46,34,"EQW",1.05619634151922,2.46100838328138,0.5925
"8281",9,46,35,"EQW",1.34580990374437,2.70126010627628,0.6835
"8282",9,46,36,"EQW",1.07071788176808,2.44348868182001,0.462
"8283",9,46,37,"EQW",0.93288562012944,2.46656888925186,0.559
"8284",9,46,38,"EQW",0.930188152740856,2.37390753927259,0.578
"8285",9,46,1,"SGP",3.11572803596279,3.46505379001616,0.526
"8286",9,46,2,"SGP",6.67073587166657,3.86061646842738,0.845
"8287",9,46,3,"SGP",7.68942399517489,4.00940467294376,0.108
"8288",9,46,4,"SGP",7.68225542236899,3.89555044635375,0.111
"8289",9,46,5,"SGP",3.66642540547162,3.34815063017058,0.7195
"8290",9,46,6,"SGP",11.8962969394054,4.62484177268814,0.9625
"8291",9,46,7,"SGP",2.58516967917862,3.2924149791469,0.4175
"8292",9,46,8,"SGP",4.23051263054724,3.54708683067464,0.238
"8293",9,46,9,"SGP",3.40150469420471,3.37625385306711,0.7055
"8294",9,46,10,"SGP",4.65041518299018,3.53243692387127,0.1965
"8295",9,46,11,"SGP",2.13346376424134,3.15407021328053,0.4615
"8296",9,46,12,"SGP",7.55483937382654,3.94013101493441,0.0895
"8297",9,46,13,"SGP",4.22790394982156,3.45497195798287,0.79
"8298",9,46,14,"SGP",2.04197236695265,3.14161378951297,0.545
"8299",9,46,15,"SGP",6.22024304464991,3.7053014416787,0.121
"8300",9,46,16,"SGP",3.97468233369827,3.3593490815482,0.211
"8301",9,46,17,"SGP",5.45271287328862,3.59358928052266,0.151
"8302",9,46,18,"SGP",2.10800289551445,3.09493138649305,0.47
"8303",9,46,19,"SGP",3.01347519667931,3.27776604866659,0.286
"8304",9,46,20,"SGP",5.97195167494335,3.67830489137529,0.1225
"8305",9,46,21,"SGP",2.02918303869556,3.08317265246527,0.407
"8306",9,46,22,"SGP",1.9563729378136,3.05819017462784,0.4635
"8307",9,46,23,"SGP",2.06317806070088,2.99595613356269,0.388
"8308",9,46,24,"SGP",1.79974424662106,3.01871448772663,0.451
"8309",9,46,25,"SGP",2.07138501410325,3.00908159571073,0.607
"8310",9,46,26,"SGP",2.24852842126391,3.03934256632493,0.6615
"8311",9,46,27,"SGP",1.92214667613999,2.9696979704967,0.4425
"8312",9,46,28,"SGP",1.74789960783825,2.92589405396437,0.5465
"8313",9,46,29,"SGP",1.75170214989291,2.95663908088265,0.4245
"8314",9,46,30,"SGP",1.64510112558041,2.95775930926259,0.5465
"8315",9,46,31,"SGP",1.64391467196385,2.88407498028313,0.421
"8316",9,46,32,"SGP",1.49171807849986,2.83394146106981,0.555
"8317",9,46,33,"SGP",1.3949095057753,2.89410033671471,0.492
"8318",9,46,34,"SGP",1.32553102325045,2.7504219123446,0.565
"8319",9,46,35,"SGP",1.45030919406116,2.85597285900189,0.6095
"8320",9,46,36,"SGP",1.33182025145279,2.77048532871359,0.8885
"8321",9,46,37,"SGP",1.25538046029354,2.79715734701876,0.4765
"8322",9,46,38,"SGP",1.22953153978987,2.76770029356394,0.5015
"8323",9,46,1,"SGP50",3.11572803596279,3.46053272863898,0.5415
"8324",9,46,2,"SGP50",5.51579018224901,3.77772744325274,0.754
"8325",9,46,3,"SGP50",8.27468963222456,4.05348687511289,0.1075
"8326",9,46,4,"SGP50",8.60667400935172,4.1661037338972,0.1125
"8327",9,46,5,"SGP50",4.15946687955474,3.47128214468971,0.7445
"8328",9,46,6,"SGP50",13.8670909478264,4.86023012350427,0.9675
"8329",9,46,7,"SGP50",4.38082849670756,3.68580258653277,0.6125
"8330",9,46,8,"SGP50",3.50465906371636,3.66200761198944,0.4565
"8331",9,46,9,"SGP50",5.17386921555594,3.57969191031297,0.7535
"8332",9,46,10,"SGP50",3.74054640423088,3.67453318538272,0.369
"8333",9,46,11,"SGP50",2.71522115547796,3.3523890019242,0.563
"8334",9,46,12,"SGP50",5.62781884685858,3.76443804906952,0.214
"8335",9,46,13,"SGP50",4.64727855478529,3.49960348735294,0.7955
"8336",9,46,14,"SGP50",2.97043909572812,3.33899199217634,0.622
"8337",9,46,15,"SGP50",4.54366416164078,3.73234317788787,0.2495
"8338",9,46,16,"SGP50",3.72366408789707,3.52937854199506,0.2875
"8339",9,46,17,"SGP50",5.03525063538345,3.67596958652391,0.213
"8340",9,46,18,"SGP50",2.19689661960065,3.25615811569681,0.522
"8341",9,46,19,"SGP50",2.61761153057095,3.18757071072848,0.3265
"8342",9,46,20,"SGP50",5.336378455199,3.56633434066455,0.1315
"8343",9,46,21,"SGP50",2.19108946835693,3.00826255391432,0.3615
"8344",9,46,22,"SGP50",1.7471929969586,2.86414239303731,0.4255
"8345",9,46,23,"SGP50",1.72117920823125,2.79082894951469,0.3705
"8346",9,46,24,"SGP50",1.42933152823943,2.75467230797674,0.4795
"8347",9,46,25,"SGP50",1.64927736675746,2.82058523295521,0.661
"8348",9,46,26,"SGP50",2.39039205052405,3.04985643068918,0.7285
"8349",9,46,27,"SGP50",1.62813423598427,2.93250993337129,0.562
"8350",9,46,28,"SGP50",1.7853159918287,2.9932294218566,0.6695
"8351",9,46,29,"SGP50",1.39266457516999,2.75990200497829,0.5485
"8352",9,46,30,"SGP50",1.51878358773898,2.82997259751483,0.634
"8353",9,46,31,"SGP50",1.22344203056923,2.58328518188667,0.5105
"8354",9,46,32,"SGP50",1.20358608429028,2.57601995017777,0.5975
"8355",9,46,33,"SGP50",1.09808367834296,2.47564909523846,0.548
"8356",9,46,34,"SGP50",1.10230938543913,2.53122562097309,0.582
"8357",9,46,35,"SGP50",1.36710578629027,2.76439862240946,0.666
"8358",9,46,36,"SGP50",1.13157456551762,2.47613742647286,0.4455
"8359",9,46,37,"SGP50",0.963703073090733,2.50894848256097,0.5595
"8360",9,46,38,"SGP50",0.961397884951639,2.50153160337226,0.5675
"8361",9,47,1,"BMA",3.10962357391086,3.48174969407821,0.6305
"8362",9,47,2,"BMA",4.33577553544974,3.6420529941088,0.8105
"8363",9,47,3,"BMA",2.32229946497983,2.98649352356253,0.6265
"8364",9,47,4,"BMA",1.45209484037698,2.58164306423209,0.537
"8365",9,47,5,"BMA",9.73675999186653,6.27425036335644,0.983
"8366",9,47,6,"BMA",4.94132738276146,3.57838232089633,0.7445
"8367",9,47,7,"BMA",12.2465759565246,4.62934508813888,0.9325
"8368",9,47,8,"BMA",8.9878791542089,4.13625623635598,0.8485
"8369",9,47,9,"BMA",3.34680630879327,3.56431270903247,0.5745
"8370",9,47,10,"BMA",13.6394204605691,4.67426846425553,0.062
"8371",9,47,11,"BMA",12.1684273824235,4.75673232412953,0.186
"8372",9,47,12,"BMA",11.1487029307147,4.25525623865938,0.723
"8373",9,47,13,"BMA",4.2953482829458,3.80321817241285,0.403
"8374",9,47,14,"BMA",4.27118766463311,3.79070424144641,0.634
"8375",9,47,15,"BMA",3.77279733375219,3.56383431493708,0.617
"8376",9,47,16,"BMA",4.65024637542315,3.56153334477005,0.282
"8377",9,47,17,"BMA",2.73545327680753,3.34246989012346,0.58
"8378",9,47,18,"BMA",2.49065470477136,3.32797495029817,0.554
"8379",9,47,19,"BMA",2.60913644968644,3.16125765367566,0.327
"8380",9,47,20,"BMA",4.84687160294102,3.54692286590846,0.1315
"8381",9,47,21,"BMA",4.61254288685178,3.42913716949518,0.1245
"8382",9,47,22,"BMA",2.2600844109804,2.95675395150651,0.324
"8383",9,47,23,"BMA",2.23518505679039,2.94699365893629,0.7295
"8384",9,47,24,"BMA",3.13461283677969,3.14615533576429,0.8395
"8385",9,47,25,"BMA",1.21247797466083,2.52337344821138,0.51
"8386",9,47,26,"BMA",4.09426780749459,3.35215513249881,0.9185
"8387",9,47,27,"BMA",2.83951226870475,3.06382702088234,0.8475
"8388",9,47,28,"BMA",1.13038808957685,2.33067373007807,0.3915
"8389",9,47,29,"BMA",0.954317043975206,2.34921500210982,0.5
"8390",9,47,30,"BMA",0.970173830974482,2.31475263694339,0.414
"8391",9,47,31,"BMA",0.937475320803019,2.21036571255329,0.5815
"8392",9,47,32,"BMA",1.65992682805343,2.43550314959197,0.2165
"8393",9,47,33,"BMA",1.68943787577294,2.54636081972403,0.18
"8394",9,47,34,"BMA",0.677181750585105,2.01130304347745,0.44
"8395",9,47,35,"BMA",0.784451287911483,2.07299429155831,0.565
"8396",9,47,36,"BMA",0.676033824927848,1.93019918016109,0.392
"8397",9,47,37,"BMA",0.800906535494904,2.07940418073729,0.6585
"8398",9,47,38,"BMA",0.957037578207016,1.9403717131776,0.2775
"8399",9,47,1,"AVS",3.10962357391086,3.39109357122901,0.6405
"8400",9,47,2,"AVS",4.84362324279149,3.82984948108724,0.898
"8401",9,47,3,"AVS",2.15345530812373,2.8634559481578,0.641
"8402",9,47,4,"AVS",0.904797129287989,2.25027985011018,0.473
"8403",9,47,5,"AVS",9.84453123712412,7.77076440542959,0.9985
"8404",9,47,6,"AVS",2.34322274030528,2.90361983388876,0.7415
"8405",9,47,7,"AVS",13.1188945063922,7.69156591142118,0.9965
"8406",9,47,8,"AVS",2.71807835164613,3.00516391234961,0.7335
"8407",9,47,9,"AVS",10.9733416548282,5.86738801064298,0.002
"8408",9,47,10,"AVS",17.7137154360924,5.5212740587741,0.0265
"8409",9,47,11,"AVS",12.2943569295788,4.87647376824656,0.186
"8410",9,47,12,"AVS",11.7699117721219,4.27877073551025,0.7345
"8411",9,47,13,"AVS",4.23917932076728,3.84389699575366,0.434
"8412",9,47,14,"AVS",4.56782800450261,3.83344138237613,0.654
"8413",9,47,15,"AVS",4.14656450690303,3.63946017257812,0.6495
"8414",9,47,16,"AVS",3.99332051880119,3.54085390931883,0.322
"8415",9,47,17,"AVS",2.7721045207539,3.28629110741145,0.5725
"8416",9,47,18,"AVS",2.47671774909715,3.27003931731034,0.578
"8417",9,47,19,"AVS",2.3701149018422,3.15108673725826,0.3455
"8418",9,47,20,"AVS",4.73251724954527,3.46857130831257,0.1655
"8419",9,47,21,"AVS",4.59428896360643,3.34764325125242,0.136
"8420",9,47,22,"AVS",2.24671473228834,2.92692567733165,0.3085
"8421",9,47,23,"AVS",2.23995009756259,2.91381563352002,0.7455
"8422",9,47,24,"AVS",3.14945293668132,3.11803994588901,0.8325
"8423",9,47,25,"AVS",1.20658087190497,2.55730992580038,0.525
"8424",9,47,26,"AVS",4.09364700492974,3.37081950240842,0.906
"8425",9,47,27,"AVS",2.83973358295644,3.02704846230221,0.8345
"8426",9,47,28,"AVS",1.12841704555675,2.38875055685977,0.386
"8427",9,47,29,"AVS",0.953379000593099,2.36521724102102,0.5
"8428",9,47,30,"AVS",0.970002600219841,2.27407613886214,0.4395
"8429",9,47,31,"AVS",0.93680352013683,2.2874090997933,0.608
"8430",9,47,32,"AVS",1.66017768004474,2.48864375592681,0.2015
"8431",9,47,33,"AVS",1.68973347990209,2.52878688094033,0.1825
"8432",9,47,34,"AVS",0.677132880052677,2.05803308304945,0.4445
"8433",9,47,35,"AVS",0.784419760011061,2.09705719402389,0.5685
"8434",9,47,36,"AVS",0.676031960012261,1.9459901201137,0.4355
"8435",9,47,37,"AVS",0.800905240005523,2.07918518673981,0.632
"8436",9,47,38,"AVS",0.957037280003002,1.97689802790943,0.2835
"8437",9,47,1,"EQW",3.10962357391086,3.48950468510007,0.6285
"8438",9,47,2,"EQW",4.1110449565557,3.55128647924229,0.7905
"8439",9,47,3,"EQW",2.42170545353233,3.01365273109137,0.619
"8440",9,47,4,"EQW",2.39501039212222,3.06994099291804,0.6165
"8441",9,47,5,"EQW",10.7639440096345,4.89802284861593,0.946
"8442",9,47,6,"EQW",6.04993285674316,3.56201326842933,0.8445
"8443",9,47,7,"EQW",16.6283394706214,5.4680390013672,0.974
"8444",9,47,8,"EQW",10.1256902851555,3.86717184860662,0.87
"8445",9,47,9,"EQW",5.47892710686858,4.14258736815686,0.5735
"8446",9,47,10,"EQW",8.83866448998393,4.3813289500193,0.216
"8447",9,47,11,"EQW",9.67989637820248,4.44219287073591,0.1725
"8448",9,47,12,"EQW",6.4775691708123,3.94371697290599,0.759
"8449",9,47,13,"EQW",5.56583437341848,3.94272966950476,0.304
"8450",9,47,14,"EQW",3.73460639157959,3.60183093070945,0.635
"8451",9,47,15,"EQW",3.28231607325619,3.49653750909579,0.546
"8452",9,47,16,"EQW",4.87531673059499,3.78892720870585,0.2885
"8453",9,47,17,"EQW",3.50332373169447,3.50642365678766,0.6525
"8454",9,47,18,"EQW",2.76174664524419,3.47172852966673,0.538
"8455",9,47,19,"EQW",3.13697624660104,3.37025890377209,0.3425
"8456",9,47,20,"EQW",4.27895025593222,3.37411128855301,0.2125
"8457",9,47,21,"EQW",3.34966494502714,3.29898404453452,0.2925
"8458",9,47,22,"EQW",2.24752038142586,3.14727378044623,0.43
"8459",9,47,23,"EQW",2.56164946238028,3.06656140905257,0.669
"8460",9,47,24,"EQW",2.38444452272916,3.17489391676053,0.63
"8461",9,47,25,"EQW",2.11637674573715,3.00966780301931,0.393
"8462",9,47,26,"EQW",4.01976133298142,3.46210330268764,0.8075
"8463",9,47,27,"EQW",2.39821181315453,3.23291459446261,0.5955
"8464",9,47,28,"EQW",1.9286869118163,2.9196438504312,0.4015
"8465",9,47,29,"EQW",1.75591863188482,2.89695621906993,0.618
"8466",9,47,30,"EQW",1.5528957806932,2.81808005317779,0.525
"8467",9,47,31,"EQW",1.9725831458655,2.96001261010742,0.6575
"8468",9,47,32,"EQW",1.72291044989824,2.86380586661185,0.3955
"8469",9,47,33,"EQW",1.47918627128088,2.78314632614315,0.49
"8470",9,47,34,"EQW",1.81053781127596,2.77375614450194,0.662
"8471",9,47,35,"EQW",1.8612352558203,2.89426625080113,0.6705
"8472",9,47,36,"EQW",1.60941343648088,2.77115361181711,0.561
"8473",9,47,37,"EQW",2.20594791091085,2.89687207684726,0.676
"8474",9,47,38,"EQW",1.61433971744656,2.86994538037823,0.5065
"8475",9,47,1,"SGP",3.10962357391086,3.44170028937485,0.634
"8476",9,47,2,"SGP",5.10877679111969,3.90944554349449,0.918
"8477",9,47,3,"SGP",1.07486078111616,2.40095010435698,0.6105
"8478",9,47,4,"SGP",0.875401642028471,2.20071565862475,0.4695
"8479",9,47,5,"SGP",9.85897668278412,7.89587609305788,0.996
"8480",9,47,6,"SGP",2.10632808787852,2.82950187733994,0.7555
"8481",9,47,7,"SGP",13.2543441281975,7.33564791101332,0.999
"8482",9,47,8,"SGP",2.1726852669121,2.88027154952724,0.731
"8483",9,47,9,"SGP",10.660735604171,5.37589059594293,0.0155
"8484",9,47,10,"SGP",20.1474910725457,8.19476409768756,0.004
"8485",9,47,11,"SGP",16.5021268307129,6.0037575282949,0.008
"8486",9,47,12,"SGP",9.53921337440282,4.36046008191371,0.953
"8487",9,47,13,"SGP",14.1068565476925,5.22107441378,0.019
"8488",9,47,14,"SGP",3.48201142743852,3.33042887841011,0.737
"8489",9,47,15,"SGP",2.56200609468013,3.19170508842274,0.3495
"8490",9,47,16,"SGP",8.12808952507363,3.99848708186103,0.085
"8491",9,47,17,"SGP",5.8465358367659,3.67570345078583,0.835
"8492",9,47,18,"SGP",2.2174835386213,3.18558656917803,0.4505
"8493",9,47,19,"SGP",3.2129211372464,3.29608361739943,0.2735
"8494",9,47,20,"SGP",2.86293927544895,3.26731031909592,0.3075
"8495",9,47,21,"SGP",2.2729098574448,3.08942642868951,0.6025
"8496",9,47,22,"SGP",3.48267116770675,3.27976405107295,0.727
"8497",9,47,23,"SGP",4.49707842834078,3.49418479697997,0.8265
"8498",9,47,24,"SGP",1.91844646970425,3.04505657407839,0.527
"8499",9,47,25,"SGP",3.39077279812089,3.2663909061058,0.2535
"8500",9,47,26,"SGP",5.06748708465968,3.58483645479619,0.8705
"8501",9,47,27,"SGP",2.96365666764144,3.19423605053642,0.2885
"8502",9,47,28,"SGP",2.94118543940557,3.28050795141339,0.2515
"8503",9,47,29,"SGP",2.64255016662232,3.19294028989702,0.7085
"8504",9,47,30,"SGP",1.90551852430971,2.99531299717741,0.432
"8505",9,47,31,"SGP",2.08063799178393,2.89987717471762,0.624
"8506",9,47,32,"SGP",2.49555215945392,3.00572807232444,0.3315
"8507",9,47,33,"SGP",1.95923716614989,2.93471885038751,0.562
"8508",9,47,34,"SGP",2.28380373821053,2.8988413449025,0.6895
"8509",9,47,35,"SGP",1.68889391273657,2.94123724323611,0.55
"8510",9,47,36,"SGP",1.86749870949053,2.96798639104592,0.4215
"8511",9,47,37,"SGP",2.01328828355189,2.98049050682419,0.643
"8512",9,47,38,"SGP",2.04029540565206,2.94261459017671,0.34
"8513",9,47,1,"SGP50",3.10962357391086,3.50622570449325,0.6375
"8514",9,47,2,"SGP50",4.15308481996241,3.63187850791761,0.7935
"8515",9,47,3,"SGP50",2.37657619476479,2.95515414094607,0.6365
"8516",9,47,4,"SGP50",2.28582325131651,2.95679362372317,0.6065
"8517",9,47,5,"SGP50",10.7156748743796,4.92658266797429,0.9395
"8518",9,47,6,"SGP50",5.40016697972626,3.44740604932724,0.8275
"8519",9,47,7,"SGP50",15.7945269472511,5.64481183068294,0.977
"8520",9,47,8,"SGP50",7.72427305696353,3.69973686609343,0.853
"8521",9,47,9,"SGP50",4.93456184087205,4.16938279575454,0.4175
"8522",9,47,10,"SGP50",11.5810321306966,4.6815214679992,0.1355
"8523",9,47,11,"SGP50",11.3622408062985,4.65402170015806,0.1145
"8524",9,47,12,"SGP50",6.96703853209854,4.08381120446721,0.8085
"8525",9,47,13,"SGP50",7.68920884972107,4.17074853675678,0.21
"8526",9,47,14,"SGP50",3.41101229666868,3.50804664157973,0.663
"8527",9,47,15,"SGP50",2.79022765036251,3.44041393012981,0.461
"8528",9,47,16,"SGP50",6.34660181191771,3.88605520137329,0.2005
"8529",9,47,17,"SGP50",3.75726506014213,3.63209823737843,0.653
"8530",9,47,18,"SGP50",2.59436709794635,3.37899836656346,0.4565
"8531",9,47,19,"SGP50",3.53233196301546,3.3624907437702,0.3145
"8532",9,47,20,"SGP50",4.10872823121004,3.3673553442471,0.236
"8533",9,47,21,"SGP50",2.73275840759635,3.24744355114272,0.3915
"8534",9,47,22,"SGP50",2.33233699052073,3.13902692756444,0.537
"8535",9,47,23,"SGP50",3.03427413393835,3.21496565381694,0.714
"8536",9,47,24,"SGP50",2.18856752916709,3.11740310911844,0.5985
"8537",9,47,25,"SGP50",2.55371429004352,3.05281309490315,0.346
"8538",9,47,26,"SGP50",4.19341939534904,3.53080804874091,0.834
"8539",9,47,27,"SGP50",2.26675432843592,3.34126023798043,0.5
"8540",9,47,28,"SGP50",2.22498603274348,2.97772864599692,0.3765
"8541",9,47,29,"SGP50",1.88228461329375,2.92903509445612,0.636
"8542",9,47,30,"SGP50",1.60916977723121,2.81521614587829,0.468
"8543",9,47,31,"SGP50",1.87420125410925,2.83320961285033,0.641
"8544",9,47,32,"SGP50",1.89145267549457,2.80006582698568,0.354
"8545",9,47,33,"SGP50",1.5206102241319,2.78247088282115,0.4925
"8546",9,47,34,"SGP50",1.7309352249737,2.74269678768818,0.663
"8547",9,47,35,"SGP50",1.65335844241804,2.79199316450276,0.614
"8548",9,47,36,"SGP50",1.47568370637013,2.78257038417777,0.5235
"8549",9,47,37,"SGP50",1.91467756831289,2.78670968802577,0.672
"8550",9,47,38,"SGP50",1.50083184104389,2.70549138018865,0.443
"8551",9,48,1,"BMA",1.38956524327483,2.5502419633903,0.3825
"8552",9,48,2,"BMA",1.00354936954525,2.24205692916145,0.3845
"8553",9,48,3,"BMA",1.02824346766231,2.26815089316612,0.7035
"8554",9,48,4,"BMA",0.702019195435942,2.01801738607128,0.5165
"8555",9,48,5,"BMA",0.699097827436926,1.93868451356952,0.3975
"8556",9,48,6,"BMA",0.936530340060056,2.08533491365444,0.255
"8557",9,48,7,"BMA",1.08745850066165,2.11741405545711,0.803
"8558",9,48,8,"BMA",4.993478506692,5.37095877334582,0.988
"8559",9,48,9,"BMA",1.81595869272734,2.72255262759211,0.7325
"8560",9,48,10,"BMA",1.17472316578912,2.317216701472,0.6615
"8561",9,48,11,"BMA",1.12530082409523,2.28725364472434,0.294
"8562",9,48,12,"BMA",0.841112549476999,2.16701772402768,0.63
"8563",9,48,13,"BMA",1.74228154324676,2.51910523052487,0.1715
"8564",9,48,14,"BMA",1.17934809126272,2.2466360109574,0.7445
"8565",9,48,15,"BMA",3.68054582184447,3.5391996070831,0.9655
"8566",9,48,16,"BMA",2.3646339740805,2.62933396595913,0.8725
"8567",9,48,17,"BMA",2.71256666015014,2.97563781388915,0.931
"8568",9,48,18,"BMA",2.5318183662324,2.86938766389422,0.091
"8569",9,48,19,"BMA",0.82558962101496,2.06400087206929,0.3405
"8570",9,48,20,"BMA",1.93244233645511,2.50265520541973,0.8525
"8571",9,48,21,"BMA",0.679298231366857,2.03431089639581,0.4975
"8572",9,48,22,"BMA",5.40749835837881,5.08206345701491,0.9915
"8573",9,48,23,"BMA",1.8836437813862,2.61837375634463,0.163
"8574",9,48,24,"BMA",1.26281119699337,2.27440560029893,0.26
"8575",9,48,25,"BMA",0.801631909448469,2.19327982255872,0.399
"8576",9,48,26,"BMA",0.863673907360459,2.09420207330074,0.6235
"8577",9,48,27,"BMA",1.79705337707502,2.64457725311087,0.164
"8578",9,48,28,"BMA",1.24713709957675,2.22352022768945,0.24
"8579",9,48,29,"BMA",0.85499190762454,2.08686074553076,0.3565
"8580",9,48,30,"BMA",0.668624897191545,1.95992452608108,0.5075
"8581",9,48,31,"BMA",3.57993463129796,3.48043407989776,0.0355
"8582",9,48,32,"BMA",1.19254081697959,2.24424438484542,0.251
"8583",9,48,33,"BMA",0.770799902608263,2.03231791322895,0.3625
"8584",9,48,34,"BMA",3.51598094477637,3.49698748398989,0.9515
"8585",9,48,35,"BMA",1.79902846857183,2.50834899196706,0.158
"8586",9,48,36,"BMA",4.34191899084722,4.08496366317993,0.0255
"8587",9,48,37,"BMA",2.46896960245411,2.74003511541048,0.101
"8588",9,48,38,"BMA",0.877732951644896,2.12476186513386,0.372
"8589",9,48,1,"AVS",1.38956524327483,2.56187457967205,0.3765
"8590",9,48,2,"AVS",0.833175013555667,2.16395223194657,0.413
"8591",9,48,3,"AVS",1.02651314400204,2.16542438449322,0.6995
"8592",9,48,4,"AVS",0.701991784042586,1.99819649090168,0.5235
"8593",9,48,5,"AVS",0.708958233443425,1.9321256764925,0.3765
"8594",9,48,6,"AVS",0.971593739228401,2.06026317037124,0.233
"8595",9,48,7,"AVS",1.04921010666144,2.11053930843794,0.792
"8596",9,48,8,"AVS",4.9289838244123,4.65074926966679,0.982
"8597",9,48,9,"AVS",2.56522679097478,3.09761974071007,0.824
"8598",9,48,10,"AVS",1.30170084608296,2.44311482049577,0.6875
"8599",9,48,11,"AVS",1.11842633521456,2.23380771641222,0.323
"8600",9,48,12,"AVS",0.863292656597851,2.14312153254161,0.625
"8601",9,48,13,"AVS",1.67356757533243,2.50334390629407,0.1685
"8602",9,48,14,"AVS",1.15430947849279,2.29599219075929,0.731
"8603",9,48,15,"AVS",3.81480377683395,3.63014654425399,0.966
"8604",9,48,16,"AVS",2.53059881141162,2.76532996608712,0.8905
"8605",9,48,17,"AVS",2.63933883198915,2.99797458596971,0.9245
"8606",9,48,18,"AVS",2.54445716989155,2.93571734946954,0.0805
"8607",9,48,19,"AVS",0.824732455468844,2.04372785716934,0.3525
"8608",9,48,20,"AVS",1.93611361388646,2.61992901269778,0.8585
"8609",9,48,21,"AVS",0.679047096113207,2.03328365503408,0.483
"8610",9,48,22,"AVS",5.40554411964698,5.06077241610155,0.993
"8611",9,48,23,"AVS",1.87292885297004,2.65151357891132,0.1635
"8612",9,48,24,"AVS",1.25405077394523,2.29025768368118,0.2635
"8613",9,48,25,"AVS",0.799407431716075,2.12156803425032,0.376
"8614",9,48,26,"AVS",0.866087129297147,2.10040969198231,0.621
"8615",9,48,27,"AVS",1.80478820848903,2.59512554185012,0.1655
"8616",9,48,28,"AVS",1.25231544444626,2.25558183236756,0.246
"8617",9,48,29,"AVS",0.858195781368319,2.03793112880777,0.373
"8618",9,48,30,"AVS",0.668600753571958,2.00465877835866,0.5305
"8619",9,48,31,"AVS",3.60008348647109,3.35269496360668,0.035
"8620",9,48,32,"AVS",1.19680520121387,2.23883249687168,0.2335
"8621",9,48,33,"AVS",0.768682649822447,2.06262351483007,0.3795
"8622",9,48,34,"AVS",3.5132111401105,3.51861420884796,0.961
"8623",9,48,35,"AVS",1.80194025151888,2.40013553207889,0.161
"8624",9,48,36,"AVS",4.33774469615927,4.04322516672662,0.021
"8625",9,48,37,"AVS",2.46202164706709,2.86354793608667,0.104
"8626",9,48,38,"AVS",0.873546827686735,2.17322592613992,0.371
"8627",9,48,1,"EQW",1.38956524327483,2.57437959847129,0.3725
"8628",9,48,2,"EQW",1.28849806513639,2.31707658724945,0.354
"8629",9,48,3,"EQW",1.01496648759388,2.39502564816079,0.584
"8630",9,48,4,"EQW",0.972102859579314,2.2157730334061,0.3975
"8631",9,48,5,"EQW",1.09744738739316,2.14436379767674,0.3135
"8632",9,48,6,"EQW",1.21159594382419,2.21364568583973,0.267
"8633",9,48,7,"EQW",1.18568173252226,2.32533882611244,0.7515
"8634",9,48,8,"EQW",4.22132897978602,3.94909393865161,0.9625
"8635",9,48,9,"EQW",2.09436064935754,2.84990340632217,0.767
"8636",9,48,10,"EQW",1.3055523861388,2.45413699577673,0.7
"8637",9,48,11,"EQW",1.05650193032632,2.34362167705866,0.337
"8638",9,48,12,"EQW",0.941761468689139,2.25348976615869,0.6315
"8639",9,48,13,"EQW",1.54564718440101,2.47000331003386,0.2235
"8640",9,48,14,"EQW",1.11355412431612,2.30390902270051,0.7005
"8641",9,48,15,"EQW",3.70649998532243,3.66006439216903,0.9545
"8642",9,48,16,"EQW",3.20848720961971,3.02728728517887,0.91
"8643",9,48,17,"EQW",4.40120118617906,3.51012284672204,0.9565
"8644",9,48,18,"EQW",1.49339245944001,2.9790450637151,0.4055
"8645",9,48,19,"EQW",0.973278556126088,2.35429437212378,0.496
"8646",9,48,20,"EQW",2.2187525751193,2.83148161293909,0.828
"8647",9,48,21,"EQW",1.10684762544747,2.34924003314462,0.6035
"8648",9,48,22,"EQW",5.81554657734865,4.41011870677826,0.9695
"8649",9,48,23,"EQW",1.41967600609702,2.73953124918338,0.451
"8650",9,48,24,"EQW",1.11809126205222,2.49456448826567,0.395
"8651",9,48,25,"EQW",0.976263033009292,2.36262260229897,0.428
"8652",9,48,26,"EQW",0.977289639369123,2.37554238639782,0.629
"8653",9,48,27,"EQW",1.68722504881346,2.50325289033343,0.225
"8654",9,48,28,"EQW",1.70831484841314,2.52073698060757,0.1985
"8655",9,48,29,"EQW",1.38640410614098,2.34442018701191,0.2915
"8656",9,48,30,"EQW",1.00272301307016,2.35464544967249,0.3885
"8657",9,48,31,"EQW",3.87956699338753,3.56356624183602,0.042
"8658",9,48,32,"EQW",2.29500329146335,2.64335079882474,0.168
"8659",9,48,33,"EQW",1.5943700723194,2.42990725807197,0.249
"8660",9,48,34,"EQW",2.35942172033127,2.96705791000033,0.837
"8661",9,48,35,"EQW",1.19755989817687,2.36754853278584,0.3265
"8662",9,48,36,"EQW",4.0427527157013,3.6901956705207,0.028
"8663",9,48,37,"EQW",3.9079586878984,3.41563553856511,0.0475
"8664",9,48,38,"EQW",2.29182454607597,2.72327579008687,0.1895
"8665",9,48,1,"SGP",1.38956524327483,2.52049288108058,0.372
"8666",9,48,2,"SGP",0.91394759343612,2.14003065989684,0.372
"8667",9,48,3,"SGP",1.04355661656373,2.21496017456367,0.714
"8668",9,48,4,"SGP",0.672993042364015,1.98101670159608,0.548
"8669",9,48,5,"SGP",0.653727870327464,1.86682042589741,0.3995
"8670",9,48,6,"SGP",0.913600899894295,2.01796822680585,0.2525
"8671",9,48,7,"SGP",1.07813948512294,2.04424761099669,0.814
"8672",9,48,8,"SGP",5.10282399385948,5.0193828174427,0.99
"8673",9,48,9,"SGP",3.83403765985659,3.74543776362633,0.9315
"8674",9,48,10,"SGP",0.893628115802977,2.24966714178912,0.6355
"8675",9,48,11,"SGP",1.15661088863767,2.2341923071984,0.2355
"8676",9,48,12,"SGP",0.786935274873843,2.07333936968574,0.646
"8677",9,48,13,"SGP",1.79530991938472,2.53223886407309,0.138
"8678",9,48,14,"SGP",1.20857507753929,2.16211558303273,0.758
"8679",9,48,15,"SGP",3.55099734638591,3.52043849327984,0.9745
"8680",9,48,16,"SGP",1.86071890265995,2.46782846704662,0.8285
"8681",9,48,17,"SGP",2.72295462015827,3.01139734221806,0.92
"8682",9,48,18,"SGP",2.44155142704258,2.95290544248099,0.116
"8683",9,48,19,"SGP",0.821367116941607,2.01734317412126,0.406
"8684",9,48,20,"SGP",1.84987216163406,2.52725104101454,0.8495
"8685",9,48,21,"SGP",0.696679755841744,2.0484770996183,0.5245
"8686",9,48,22,"SGP",5.47951950023964,4.96168783527399,0.9925
"8687",9,48,23,"SGP",2.28988682163488,2.77800140341276,0.116
"8688",9,48,24,"SGP",1.24582305824851,2.29071350864079,0.254
"8689",9,48,25,"SGP",0.838320542543268,2.10268877616278,0.3845
"8690",9,48,26,"SGP",0.868904959619084,2.04709077173036,0.631
"8691",9,48,27,"SGP",1.73133840284082,2.48823906121131,0.1475
"8692",9,48,28,"SGP",1.20217964671835,2.32960016959829,0.241
"8693",9,48,29,"SGP",0.84064081506204,2.16452703946236,0.367
"8694",9,48,30,"SGP",0.662988746256078,1.98692883881057,0.505
"8695",9,48,31,"SGP",3.44915088317566,3.4243894375414,0.044
"8696",9,48,32,"SGP",1.18191568649333,2.26161734204289,0.244
"8697",9,48,33,"SGP",0.798046117550097,2.08469369536355,0.3605
"8698",9,48,34,"SGP",3.49912448940517,3.47967969630453,0.9485
"8699",9,48,35,"SGP",1.74509187158172,2.42317228872467,0.1795
"8700",9,48,36,"SGP",4.37669541371379,4.06205519499172,0.0275
"8701",9,48,37,"SGP",2.5584169156157,2.81722618341182,0.089
"8702",9,48,38,"SGP",0.894711432236327,2.15599124535548,0.3765
"8703",9,48,1,"SGP50",1.38956524327483,2.57083294672227,0.36
"8704",9,48,2,"SGP50",1.27038786383326,2.38021105254148,0.328
"8705",9,48,3,"SGP50",1.01117176696353,2.32132990041396,0.586
"8706",9,48,4,"SGP50",0.94021022662661,2.16038059487043,0.407
"8707",9,48,5,"SGP50",1.0536007873609,2.10566611393196,0.3215
"8708",9,48,6,"SGP50",1.17100364060354,2.19809375031549,0.2575
"8709",9,48,7,"SGP50",1.18546882181369,2.32224480532362,0.7605
"8710",9,48,8,"SGP50",4.23702489902495,4.00474961377583,0.959
"8711",9,48,9,"SGP50",2.09503482461828,2.87083096664048,0.758
"8712",9,48,10,"SGP50",1.26397071330027,2.35214855199441,0.6875
"8713",9,48,11,"SGP50",1.05939805848431,2.36852881502711,0.355
"8714",9,48,12,"SGP50",0.921288085048164,2.24034032854811,0.623
"8715",9,48,13,"SGP50",1.5622074280096,2.49338875313266,0.2115
"8716",9,48,14,"SGP50",1.12391752997347,2.32388253073407,0.689
"8717",9,48,15,"SGP50",3.70217685861597,3.8220121753333,0.962
"8718",9,48,16,"SGP50",3.03116217577248,3.00245503304966,0.899
"8719",9,48,17,"SGP50",4.15563053619005,3.26486000112217,0.947
"8720",9,48,18,"SGP50",1.533710051226,2.86442689769526,0.39
"8721",9,48,19,"SGP50",0.936350891669916,2.32082989663488,0.4895
"8722",9,48,20,"SGP50",2.1880894251579,2.71864491750691,0.8365
"8723",9,48,21,"SGP50",1.02085336197427,2.28718170303001,0.6015
"8724",9,48,22,"SGP50",5.77070291572543,4.43386058636239,0.9785
"8725",9,48,23,"SGP50",1.42714496708002,2.77281758794956,0.396
"8726",9,48,24,"SGP50",1.1175865094072,2.4384621366785,0.3805
"8727",9,48,25,"SGP50",0.93298396500179,2.31336481968303,0.432
"8728",9,48,26,"SGP50",0.946942736597458,2.26079278367796,0.5905
"8729",9,48,27,"SGP50",1.68607702174954,2.51506806365645,0.216
"8730",9,48,28,"SGP50",1.57721434687411,2.39141799167273,0.225
"8731",9,48,29,"SGP50",1.23474931849715,2.32586950170389,0.3045
"8732",9,48,30,"SGP50",0.895977932228687,2.21183062385763,0.4115
"8733",9,48,31,"SGP50",3.78461237098832,3.62595758473251,0.0385
"8734",9,48,32,"SGP50",1.96848086030114,2.52241291898901,0.1675
"8735",9,48,33,"SGP50",1.33518621588156,2.23688092846155,0.2815
"8736",9,48,34,"SGP50",2.63288771735737,2.96575795864339,0.867
"8737",9,48,35,"SGP50",1.30746770788348,2.44513851349912,0.2975
"8738",9,48,36,"SGP50",4.11590018572903,3.77394111684752,0.0335
"8739",9,48,37,"SGP50",3.52073856189016,3.29885176569839,0.06
"8740",9,48,38,"SGP50",1.8412747191057,2.59140270740183,0.243
"8741",9,49,1,"BMA",2.83554381794267,3.3163059547495,0.654
"8742",9,49,2,"BMA",9.38118794335448,4.71335494865031,0.919
"8743",9,49,3,"BMA",3.30445056271624,3.42886264369165,0.3655
"8744",9,49,4,"BMA",3.77849962909536,3.59721551406769,0.6995
"8745",9,49,5,"BMA",2.5875059280968,3.25392515819952,0.5475
"8746",9,49,6,"BMA",2.1665105206192,3.05492363517902,0.53
"8747",9,49,7,"BMA",3.75816740261265,3.4690940653115,0.2395
"8748",9,49,8,"BMA",10.9005101943445,4.83161615125279,0.965
"8749",9,49,9,"BMA",3.03188121948567,3.26328998417896,0.6765
"8750",9,49,10,"BMA",2.05320396959415,3.04966299015416,0.5095
"8751",9,49,11,"BMA",3.42120692292306,3.66269624720477,0.375
"8752",9,49,12,"BMA",6.13776946748189,3.63421086877337,0.859
"8753",9,49,13,"BMA",4.80842875826848,3.63763363576879,0.242
"8754",9,49,14,"BMA",2.2717814381098,3.1693868073666,0.513
"8755",9,49,15,"BMA",1.98642013167003,3.08388766441647,0.5015
"8756",9,49,16,"BMA",1.89369077732141,3.04711675866258,0.464
"8757",9,49,17,"BMA",4.70721126280178,3.58876167763821,0.159
"8758",9,49,18,"BMA",2.02954464088953,3.04653516144192,0.382
"8759",9,49,19,"BMA",2.9715823651012,3.13353563862565,0.742
"8760",9,49,20,"BMA",2.54293631216293,3.14282670929504,0.6945
"8761",9,49,21,"BMA",1.73849388637711,3.00134983626523,0.4295
"8762",9,49,22,"BMA",1.84894364223321,2.92181611291664,0.6115
"8763",9,49,23,"BMA",2.22213701740557,2.94557188776619,0.2935
"8764",9,49,24,"BMA",1.6162601964892,2.775575086264,0.358
"8765",9,49,25,"BMA",1.89560474590719,2.7102150174965,0.2775
"8766",9,49,26,"BMA",3.8698851584661,3.41314433183092,0.8985
"8767",9,49,27,"BMA",1.68231013078744,2.62679513312464,0.311
"8768",9,49,28,"BMA",6.21997298650225,4.37855184253994,0.015
"8769",9,49,29,"BMA",7.9695836160444,4.93763820618099,0.022
"8770",9,49,30,"BMA",3.40638238032566,3.37654144690074,0.181
"8771",9,49,31,"BMA",1.52069278438596,2.81653022467635,0.4415
"8772",9,49,32,"BMA",2.89571229425466,3.106166738761,0.2135
"8773",9,49,33,"BMA",1.49399996750631,2.80205461947455,0.427
"8774",9,49,34,"BMA",1.5253888810285,2.72655190201228,0.4565
"8775",9,49,35,"BMA",1.6746691587136,2.82768263782709,0.3675
"8776",9,49,36,"BMA",1.27289466730526,2.61239919904433,0.4895
"8777",9,49,37,"BMA",1.35078735318084,2.46408649713558,0.3335
"8778",9,49,38,"BMA",1.01729679352048,2.26121685820408,0.3455
"8779",9,49,1,"AVS",2.83554381794267,3.36225523971392,0.676
"8780",9,49,2,"AVS",11.0871762923841,5.29016859821805,0.97
"8781",9,49,3,"AVS",3.75364693332595,3.49030762282024,0.3865
"8782",9,49,4,"AVS",4.45564087246964,3.74231162862703,0.6845
"8783",9,49,5,"AVS",4.88322973984678,3.72364220834235,0.714
"8784",9,49,6,"AVS",2.60260330033879,3.23395373694231,0.5855
"8785",9,49,7,"AVS",4.23472798126752,3.44519638707625,0.2075
"8786",9,49,8,"AVS",10.3593390558195,4.53885220312798,0.949
"8787",9,49,9,"AVS",3.30800568358033,3.30792818531488,0.7085
"8788",9,49,10,"AVS",2.07286679898234,3.04352324487046,0.487
"8789",9,49,11,"AVS",4.30558865914178,3.9704664974066,0.2845
"8790",9,49,12,"AVS",6.46096248357822,3.70860742541825,0.8705
"8791",9,49,13,"AVS",8.04273076540793,4.23005888072122,0.0725
"8792",9,49,14,"AVS",2.34950599102069,3.24120794248058,0.518
"8793",9,49,15,"AVS",2.00123853873253,2.97469615865612,0.4775
"8794",9,49,16,"AVS",1.8965929077077,2.97811634856379,0.4545
"8795",9,49,17,"AVS",4.61135912226447,3.39349173905207,0.172
"8796",9,49,18,"AVS",1.98233825601903,3.08904883123902,0.407
"8797",9,49,19,"AVS",3.43533203898971,3.27183699287703,0.798
"8798",9,49,20,"AVS",2.82343244438445,3.25554353595698,0.743
"8799",9,49,21,"AVS",2.19508301584291,3.01907700813396,0.3295
"8800",9,49,22,"AVS",1.81827601127308,2.97074448188905,0.603
"8801",9,49,23,"AVS",2.73731550191869,3.13562785733985,0.2435
"8802",9,49,24,"AVS",1.45301188822025,2.67431915477864,0.3835
"8803",9,49,25,"AVS",1.71403360550541,2.67107491731292,0.2955
"8804",9,49,26,"AVS",4.02324722495712,3.39318683633769,0.9075
"8805",9,49,27,"AVS",1.31772786549606,2.5005040290236,0.362
"8806",9,49,28,"AVS",6.20143076321555,4.49387490299737,0.017
"8807",9,49,29,"AVS",8.52688350476868,5.64941346982359,0.0045
"8808",9,49,30,"AVS",6.35749866408909,4.36600392785119,0.011
"8809",9,49,31,"AVS",1.86292974992347,2.84522315827633,0.289
"8810",9,49,32,"AVS",3.19755640148501,3.12466257249943,0.196
"8811",9,49,33,"AVS",1.50622269015585,2.83718321514347,0.4035
"8812",9,49,34,"AVS",1.55732518627165,2.76969223461821,0.4465
"8813",9,49,35,"AVS",1.74552646028971,2.86513169719253,0.3685
"8814",9,49,36,"AVS",1.39979130028358,2.71850647260031,0.496
"8815",9,49,37,"AVS",1.62630885876536,2.77472066419143,0.353
"8816",9,49,38,"AVS",1.34603148125766,2.62887821298604,0.399
"8817",9,49,1,"EQW",2.83554381794267,3.42552290728616,0.671
"8818",9,49,2,"EQW",8.45948008702766,4.48540407140815,0.884
"8819",9,49,3,"EQW",2.78489177367182,3.30613173499812,0.357
"8820",9,49,4,"EQW",4.07235084187435,3.54757501999609,0.752
"8821",9,49,5,"EQW",2.37431381774576,3.1700686968156,0.5635
"8822",9,49,6,"EQW",2.38305812997487,3.10233190915633,0.5915
"8823",9,49,7,"EQW",2.98808224474196,3.43034947247232,0.3215
"8824",9,49,8,"EQW",12.4516956543171,5.13773280511371,0.9755
"8825",9,49,9,"EQW",3.75367328263223,3.31216501571632,0.7195
"8826",9,49,10,"EQW",2.78778375599994,3.20080116112721,0.568
"8827",9,49,11,"EQW",3.64168577056795,3.6963215318485,0.525
"8828",9,49,12,"EQW",5.85710427491585,3.49195001719213,0.8165
"8829",9,49,13,"EQW",4.75254704938248,3.97055965657975,0.3215
"8830",9,49,14,"EQW",3.20134689469178,3.53624983064579,0.46
"8831",9,49,15,"EQW",2.45137599785581,3.22086061450613,0.492
"8832",9,49,16,"EQW",2.40811661161621,3.24337681743682,0.5005
"8833",9,49,17,"EQW",4.10420548990774,3.69002157592876,0.2825
"8834",9,49,18,"EQW",1.9915270505773,3.08784436170569,0.5025
"8835",9,49,19,"EQW",3.74345689060576,3.18210249482486,0.7875
"8836",9,49,20,"EQW",3.82402190952837,3.32526728446064,0.763
"8837",9,49,21,"EQW",2.24224111672275,3.15775782760253,0.5325
"8838",9,49,22,"EQW",2.48123410890359,3.089643669545,0.6285
"8839",9,49,23,"EQW",2.46445681350915,3.29033555831578,0.4005
"8840",9,49,24,"EQW",1.86788725501744,2.96907494339029,0.448
"8841",9,49,25,"EQW",1.74727678771737,2.87903143610962,0.4295
"8842",9,49,26,"EQW",5.44875926624517,3.64169501295048,0.9125
"8843",9,49,27,"EQW",2.07209047589401,3.06990528221949,0.434
"8844",9,49,28,"EQW",4.1155302656891,3.54561866231881,0.189
"8845",9,49,29,"EQW",4.17602408701879,3.44514174365337,0.1405
"8846",9,49,30,"EQW",2.6967265938478,3.04817455673037,0.2505
"8847",9,49,31,"EQW",1.47759422158618,2.68740943884751,0.4045
"8848",9,49,32,"EQW",2.08012294356651,2.96460174624622,0.302
"8849",9,49,33,"EQW",1.45332059945735,2.77927610359164,0.4015
"8850",9,49,34,"EQW",1.20276836424517,2.54946059458859,0.438
"8851",9,49,35,"EQW",1.26197361389176,2.48859558438003,0.373
"8852",9,49,36,"EQW",0.945125266714189,2.2995576757987,0.5265
"8853",9,49,37,"EQW",1.0508942815594,2.22558549374528,0.384
"8854",9,49,38,"EQW",0.956771995970774,2.24570562849091,0.382
"8855",9,49,1,"SGP",2.83554381794267,3.38888479214526,0.65
"8856",9,49,2,"SGP",11.1617465772667,5.52983938235186,0.977
"8857",9,49,3,"SGP",2.20575035461169,3.12079062777411,0.3955
"8858",9,49,4,"SGP",5.39647112709067,3.72185546547182,0.873
"8859",9,49,5,"SGP",1.91206680139666,2.98040481839874,0.5875
"8860",9,49,6,"SGP",1.46554366001646,2.79621264580787,0.514
"8861",9,49,7,"SGP",4.64478064448833,3.62469495237138,0.111
"8862",9,49,8,"SGP",10.1745151270389,5.34367882791027,0.9885
"8863",9,49,9,"SGP",1.88449983481166,2.91912931664412,0.689
"8864",9,49,10,"SGP",1.55202049895307,2.68004109223717,0.328
"8865",9,49,11,"SGP",8.08703137585311,4.90029044306763,0.045
"8866",9,49,12,"SGP",1.53890490336699,2.71374337883097,0.617
"8867",9,49,13,"SGP",12.0100763379561,6.93284418432262,0.0095
"8868",9,49,14,"SGP",9.84030923058902,5.00160885977088,0.027
"8869",9,49,15,"SGP",3.01868896936163,3.14751898764584,0.2215
"8870",9,49,16,"SGP",3.14277627741466,3.01102216493836,0.2185
"8871",9,49,17,"SGP",8.1317899039563,4.47139262187337,0.0375
"8872",9,49,18,"SGP",1.52405742494069,2.75167679369545,0.551
"8873",9,49,19,"SGP",2.93496963521923,3.02499735337838,0.821
"8874",9,49,20,"SGP",3.61479525076048,3.21573447851745,0.8335
"8875",9,49,21,"SGP",1.82504931232229,2.87749428269263,0.3485
"8876",9,49,22,"SGP",1.39905879146613,2.58694788578718,0.3955
"8877",9,49,23,"SGP",3.94578422630784,3.29117359193799,0.13
"8878",9,49,24,"SGP",1.71545430360868,2.76875394729544,0.308
"8879",9,49,25,"SGP",1.32640428810827,2.63362355285238,0.406
"8880",9,49,26,"SGP",5.96387861257713,3.67869812395893,0.933
"8881",9,49,27,"SGP",1.81072856618752,2.80303898688017,0.3485
"8882",9,49,28,"SGP",5.41261445346739,3.77408914289222,0.073
"8883",9,49,29,"SGP",3.49217822848471,3.19272161017049,0.173
"8884",9,49,30,"SGP",2.01592294976969,3.01685247720701,0.3435
"8885",9,49,31,"SGP",1.50721989677082,2.82133758456019,0.498
"8886",9,49,32,"SGP",1.85024009395064,2.74786119067832,0.6605
"8887",9,49,33,"SGP",2.4618855368854,2.89255462477862,0.7645
"8888",9,49,34,"SGP",1.97793348060298,2.76067500076906,0.7075
"8889",9,49,35,"SGP",1.39304925832818,2.64514435314462,0.5875
"8890",9,49,36,"SGP",1.57313877484151,2.70042156792556,0.648
"8891",9,49,37,"SGP",1.22304739890619,2.65944918502276,0.486
"8892",9,49,38,"SGP",1.25025402982596,2.64734242227735,0.511
"8893",9,49,1,"SGP50",2.83554381794267,3.39312038895459,0.665
"8894",9,49,2,"SGP50",8.63778372269707,4.56050401788044,0.8885
"8895",9,49,3,"SGP50",2.74119956385422,3.29664146956859,0.3905
"8896",9,49,4,"SGP50",4.13690869307086,3.61952901817984,0.7645
"8897",9,49,5,"SGP50",2.28130561101711,3.11589891803953,0.554
"8898",9,49,6,"SGP50",2.21887763893867,3.03285953954628,0.602
"8899",9,49,7,"SGP50",3.06542017593172,3.35592553131311,0.3115
"8900",9,49,8,"SGP50",12.0100333236914,5.30624443509788,0.9775
"8901",9,49,9,"SGP50",3.0778257780105,3.13287272199645,0.671
"8902",9,49,10,"SGP50",2.19672890174124,3.02651137337421,0.532
"8903",9,49,11,"SGP50",3.28603932804866,3.62774400712014,0.4625
"8904",9,49,12,"SGP50",4.31715222285743,3.20006239384147,0.7795
"8905",9,49,13,"SGP50",6.15654362699126,4.19072037297251,0.2015
"8906",9,49,14,"SGP50",3.51910040349719,3.54866412386849,0.3495
"8907",9,49,15,"SGP50",2.23051826914768,3.13740977173793,0.421
"8908",9,49,16,"SGP50",2.18035767863387,3.08284722686547,0.4125
"8909",9,49,17,"SGP50",5.31183482663591,3.82597960111836,0.1745
"8910",9,49,18,"SGP50",1.80321088344342,2.97803260183477,0.4675
"8911",9,49,19,"SGP50",2.92513369404643,3.08328961830686,0.736
"8912",9,49,20,"SGP50",2.8661183201545,3.23629964154083,0.723
"8913",9,49,21,"SGP50",1.93460864670173,3.04284964800495,0.4275
"8914",9,49,22,"SGP50",1.71656064257564,2.87379234286803,0.522
"8915",9,49,23,"SGP50",2.94228456234026,3.20130924117238,0.2765
"8916",9,49,24,"SGP50",1.80594191790822,2.8908415852159,0.3535
"8917",9,49,25,"SGP50",1.75931239839163,2.82275065883989,0.352
"8918",9,49,26,"SGP50",4.67679564871486,3.44264609679243,0.884
"8919",9,49,27,"SGP50",2.34496706449285,3.04288882542223,0.3025
"8920",9,49,28,"SGP50",5.3011187421025,3.75685558210846,0.096
"8921",9,49,29,"SGP50",4.51367231591195,3.36934292733212,0.134
"8922",9,49,30,"SGP50",2.65572576467184,3.07070381657877,0.2855
"8923",9,49,31,"SGP50",1.51759718434662,2.75252709806628,0.411
"8924",9,49,32,"SGP50",1.96867913584976,3.00062507864528,0.372
"8925",9,49,33,"SGP50",1.50201847917206,2.8009547400716,0.448
"8926",9,49,34,"SGP50",1.29414196982931,2.57646516829115,0.4615
"8927",9,49,35,"SGP50",1.30258291767877,2.6174052260266,0.3965
"8928",9,49,36,"SGP50",1.05988516923706,2.39224189405894,0.522
"8929",9,49,37,"SGP50",1.1294217551948,2.35141321087388,0.391
"8930",9,49,38,"SGP50",1.04072313274839,2.35407625538258,0.393
"8931",9,50,1,"BMA",1.88810098439593,2.96835202540153,0.795
"8932",9,50,2,"BMA",1.11618859624925,2.27458698762372,0.385
"8933",9,50,3,"BMA",1.08146637152343,2.25855168865043,0.702
"8934",9,50,4,"BMA",1.14636998828545,2.2520854523205,0.748
"8935",9,50,5,"BMA",0.764240362126377,1.89608991557732,0.3495
"8936",9,50,6,"BMA",0.519220236805002,1.72637861770398,0.4595
"8937",9,50,7,"BMA",1.22880675536487,2.11005041835707,0.1585
"8938",9,50,8,"BMA",1.13130713666978,2.0645709396726,0.8365
"8939",9,50,9,"BMA",5.85323446733375,7.25166686176459,0.001
"8940",9,50,10,"BMA",1.74320216531513,2.56849461754306,0.8105
"8941",9,50,11,"BMA",1.33833578388256,2.43920175617788,0.722
"8942",9,50,12,"BMA",3.17785174935561,2.99677960589766,0.916
"8943",9,50,13,"BMA",1.62885562196404,2.43995789030315,0.7575
"8944",9,50,14,"BMA",9.07534155892943,8.56976318995917,1
"8945",9,50,15,"BMA",5.09182670121326,3.2682363396967,0.8925
"8946",9,50,16,"BMA",7.27192645366067,5.17075094391234,0.9875
"8947",9,50,17,"BMA",1.41002045033954,2.64329177976133,0.3685
"8948",9,50,18,"BMA",1.01071956321779,2.40255797199942,0.497
"8949",9,50,19,"BMA",1.63842518507936,2.51307095341023,0.7465
"8950",9,50,20,"BMA",1.50256484474992,2.44801573313829,0.748
"8951",9,50,21,"BMA",1.09346239358861,2.30844630707205,0.643
"8952",9,50,22,"BMA",1.03837140467536,2.31921994823786,0.6395
"8953",9,50,23,"BMA",0.880033632429999,2.22463761910737,0.408
"8954",9,50,24,"BMA",1.95839450001892,2.55192601807986,0.825
"8955",9,50,25,"BMA",0.784736850108256,2.19668962674207,0.4955
"8956",9,50,26,"BMA",1.23141118566698,2.31758072780886,0.282
"8957",9,50,27,"BMA",9.03228178096963,7.22563603935862,0.9995
"8958",9,50,28,"BMA",1.41558497965202,2.44631856356705,0.7275
"8959",9,50,29,"BMA",0.969541213792953,2.34085066244214,0.632
"8960",9,50,30,"BMA",2.40442483441539,2.71415821667074,0.865
"8961",9,50,31,"BMA",8.07357119952558,6.31084091099124,5e-04
"8962",9,50,32,"BMA",12.6521369359285,8.6189311679765,0
"8963",9,50,33,"BMA",1.43307105246801,2.593638146854,0.3315
"8964",9,50,34,"BMA",1.17252594745178,2.44762372148629,0.405
"8965",9,50,35,"BMA",1.14174223690694,2.44388086723814,0.5855
"8966",9,50,36,"BMA",3.82228257749117,3.39714363710927,0.0905
"8967",9,50,37,"BMA",1.17094574151643,2.42221312707949,0.6225
"8968",9,50,38,"BMA",2.27872785779018,2.77750072533857,0.1855
"8969",9,50,1,"AVS",1.88810098439593,2.99420524077256,0.798
"8970",9,50,2,"AVS",1.35549796921568,2.39784585544083,0.2965
"8971",9,50,3,"AVS",1.11843204963121,2.25022323857261,0.7285
"8972",9,50,4,"AVS",1.18192889661358,2.28428351429962,0.7645
"8973",9,50,5,"AVS",0.752957187126055,1.89331834205966,0.365
"8974",9,50,6,"AVS",0.515279065576224,1.68522246943483,0.482
"8975",9,50,7,"AVS",1.22923896950622,2.13902358479764,0.155
"8976",9,50,8,"AVS",1.13355856384097,2.0216015675956,0.8385
"8977",9,50,9,"AVS",5.84523885314267,6.61018197870076,0.0015
"8978",9,50,10,"AVS",2.30085061448852,2.80759389682968,0.8875
"8979",9,50,11,"AVS",0.896034655841707,2.22577810720395,0.6155
"8980",9,50,12,"AVS",2.13129122320627,2.63701942794268,0.8825
"8981",9,50,13,"AVS",0.904293773504836,2.11847457761054,0.6665
"8982",9,50,14,"AVS",8.50943627894001,9.4308832318308,1
"8983",9,50,15,"AVS",1.81157129697555,2.55453977095119,0.8095
"8984",9,50,16,"AVS",7.0657890938785,5.17825777187794,0.995
"8985",9,50,17,"AVS",1.41813910946919,2.52136956763453,0.2935
"8986",9,50,18,"AVS",0.952022743397809,2.35890718223283,0.4875
"8987",9,50,19,"AVS",1.68484383995195,2.56533495431596,0.7565
"8988",9,50,20,"AVS",1.56456464416715,2.41947914923681,0.7505
"8989",9,50,21,"AVS",1.14691515617765,2.33648350448321,0.654
"8990",9,50,22,"AVS",1.07281183928706,2.31687773062122,0.6555
"8991",9,50,23,"AVS",0.877888091356798,2.16763238932101,0.4035
"8992",9,50,24,"AVS",1.99941946217581,2.64549572652056,0.823
"8993",9,50,25,"AVS",0.773913911222091,2.14561454026125,0.4875
"8994",9,50,26,"AVS",1.26362991237478,2.38789236746825,0.267
"8995",9,50,27,"AVS",9.05022030574542,7.44487756942238,1
"8996",9,50,28,"AVS",1.53084559885576,2.5056745057495,0.7505
"8997",9,50,29,"AVS",1.0053754985951,2.38920858057088,0.644
"8998",9,50,30,"AVS",2.43769306497758,2.88997635064451,0.883
"8999",9,50,31,"AVS",8.05433268916651,6.3893992871027,5e-04
"9000",9,50,32,"AVS",12.3282270433617,7.7224574781315,5e-04
"9001",9,50,33,"AVS",1.27317636414885,2.55075024308973,0.365
"9002",9,50,34,"AVS",1.09943682184861,2.55170438551622,0.4625
"9003",9,50,35,"AVS",1.30480758241853,2.50635832584602,0.642
"9004",9,50,36,"AVS",3.36284906902667,3.09217623619068,0.1265
"9005",9,50,37,"AVS",1.33747429355323,2.41589941639815,0.685
"9006",9,50,38,"AVS",2.00067125108483,2.71143158349788,0.225
"9007",9,50,1,"EQW",1.88810098439593,2.8706203857915,0.789
"9008",9,50,2,"EQW",0.971695638392013,2.17216369628079,0.366
"9009",9,50,3,"EQW",1.06087172765523,2.26615570762933,0.6875
"9010",9,50,4,"EQW",1.13763112637796,2.35770306398861,0.716
"9011",9,50,5,"EQW",0.918775997438117,2.18818403125724,0.337
"9012",9,50,6,"EQW",0.75187922112245,1.94072348943292,0.4335
"9013",9,50,7,"EQW",1.44384321009303,2.37099847445744,0.1885
"9014",9,50,8,"EQW",1.0183199523351,2.24719165669143,0.713
"9015",9,50,9,"EQW",4.89633919904257,4.11013138218353,0.0175
"9016",9,50,10,"EQW",2.00150499313107,2.74119619437841,0.8365
"9017",9,50,11,"EQW",0.912679564499266,2.26715351789804,0.6045
"9018",9,50,12,"EQW",2.57567871766726,2.82703196215314,0.892
"9019",9,50,13,"EQW",1.815133680909,2.57065616246802,0.778
"9020",9,50,14,"EQW",10.0268185834242,7.40952020453835,0.9995
"9021",9,50,15,"EQW",4.75472550273554,3.18972571175056,0.8875
"9022",9,50,16,"EQW",8.98416991683422,4.9446699814481,0.982
"9023",9,50,17,"EQW",2.08233263028164,2.97539579145108,0.53
"9024",9,50,18,"EQW",1.68550316855375,2.70106038586403,0.5955
"9025",9,50,19,"EQW",2.49641716551546,2.82012688309931,0.7635
"9026",9,50,20,"EQW",2.63796953445534,2.79216391941249,0.7865
"9027",9,50,21,"EQW",2.3826321055877,2.8047696087305,0.764
"9028",9,50,22,"EQW",2.28297314489587,2.82434110438158,0.7275
"9029",9,50,23,"EQW",1.5280157295688,2.6298502427046,0.5835
"9030",9,50,24,"EQW",3.06400857999242,3.04717154474327,0.834
"9031",9,50,25,"EQW",1.91652540770058,2.70585419606439,0.6275
"9032",9,50,26,"EQW",1.52682720852233,2.76683439644071,0.4835
"9033",9,50,27,"EQW",9.185473896506,4.91784026416715,0.963
"9034",9,50,28,"EQW",4.70383648931457,3.25716213346184,0.866
"9035",9,50,29,"EQW",4.0648734226586,3.07228425579268,0.7995
"9036",9,50,30,"EQW",6.13604111152957,3.49742755465034,0.9205
"9037",9,50,31,"EQW",3.63486979740541,3.94937193509252,0.377
"9038",9,50,32,"EQW",7.27220467181852,4.37251858562103,0.1755
"9039",9,50,33,"EQW",2.28121008824238,2.92737289464872,0.345
"9040",9,50,34,"EQW",1.96391122019953,2.83790431566901,0.4055
"9041",9,50,35,"EQW",1.70264478957271,2.81091473758479,0.519
"9042",9,50,36,"EQW",3.45583135639244,3.28111571391118,0.184
"9043",9,50,37,"EQW",1.56606922079309,2.72929486308044,0.531
"9044",9,50,38,"EQW",2.40340974685796,2.95922567939516,0.271
"9045",9,50,1,"SGP",1.88810098439593,2.93236669642209,0.7965
"9046",9,50,2,"SGP",0.79958034222465,2.13858044178835,0.3705
"9047",9,50,3,"SGP",1.14656276707883,2.17513452536013,0.786
"9048",9,50,4,"SGP",1.20403526680922,2.17606746803236,0.7995
"9049",9,50,5,"SGP",0.703550748501421,1.90073948478465,0.32
"9050",9,50,6,"SGP",0.516005967624638,1.68039266018929,0.4915
"9051",9,50,7,"SGP",1.22582904009625,2.08729945335576,0.167
"9052",9,50,8,"SGP",1.13051755227158,2.04049788201377,0.821
"9053",9,50,9,"SGP",5.83310382149785,6.26110386679069,0.003
"9054",9,50,10,"SGP",2.52033833544253,2.86872571697059,0.9125
"9055",9,50,11,"SGP",0.65061449069237,1.9884062973315,0.502
"9056",9,50,12,"SGP",1.87111237611278,2.49133598275032,0.8715
"9057",9,50,13,"SGP",0.855722740624705,2.09242339617273,0.6665
"9058",9,50,14,"SGP",8.55167642991298,9.85415441949905,1
"9059",9,50,15,"SGP",1.89249883579073,2.53093248235453,0.807
"9060",9,50,16,"SGP",7.11634115533147,5.38089900872259,0.9945
"9061",9,50,17,"SGP",1.55537167469957,2.55097599493775,0.267
"9062",9,50,18,"SGP",0.962305796815325,2.38790605555495,0.454
"9063",9,50,19,"SGP",1.50591045661105,2.48079176368036,0.7315
"9064",9,50,20,"SGP",1.38547887962681,2.4196524310216,0.7195
"9065",9,50,21,"SGP",1.01855742682888,2.22983915339109,0.6325
"9066",9,50,22,"SGP",0.976390093205449,2.29327092847483,0.601
"9067",9,50,23,"SGP",0.911893170386484,2.26726956198933,0.378
"9068",9,50,24,"SGP",1.80394549947512,2.49080829919587,0.7955
"9069",9,50,25,"SGP",0.765736451000639,2.15125157875741,0.482
"9070",9,50,26,"SGP",1.31044641064628,2.38182662052023,0.254
"9071",9,50,27,"SGP",8.78152588882545,6.52164641236654,0.9975
"9072",9,50,28,"SGP",1.54051149528024,2.56180234695099,0.7495
"9073",9,50,29,"SGP",1.04771035940695,2.33078098147062,0.625
"9074",9,50,30,"SGP",2.53253136028579,2.75419268846989,0.871
"9075",9,50,31,"SGP",7.71207738867311,5.56074552584622,0.0105
"9076",9,50,32,"SGP",12.5009688129933,7.83969116801426,0.001
"9077",9,50,33,"SGP",1.46711227503831,2.55292867034247,0.308
"9078",9,50,34,"SGP",1.1988121979069,2.4198709185736,0.392
"9079",9,50,35,"SGP",1.13116493505678,2.46826593101686,0.557
"9080",9,50,36,"SGP",3.91292738755744,3.26268217926937,0.095
"9081",9,50,37,"SGP",1.13390320685331,2.40481982244907,0.602
"9082",9,50,38,"SGP",2.35587395465618,2.80789524329062,0.166
"9083",9,50,1,"SGP50",1.88810098439593,2.88349598450078,0.784
"9084",9,50,2,"SGP50",0.964294699470882,2.2364216882519,0.371
"9085",9,50,3,"SGP50",1.06497302428472,2.31946796767421,0.6795
"9086",9,50,4,"SGP50",1.14441892657876,2.32998763851183,0.7255
"9087",9,50,5,"SGP50",0.900050810379221,2.10681563178019,0.3605
"9088",9,50,6,"SGP50",0.727714777254906,1.97503335231113,0.4415
"9089",9,50,7,"SGP50",1.42376385790302,2.35437684388111,0.172
"9090",9,50,8,"SGP50",1.02133970217071,2.15718452729106,0.715
"9091",9,50,9,"SGP50",4.99644439678899,4.207142269824,0.022
"9092",9,50,10,"SGP50",2.04826942373672,2.62460058097002,0.833
"9093",9,50,11,"SGP50",0.875678784927859,2.19613227841107,0.5955
"9094",9,50,12,"SGP50",2.48034638886566,2.74298521986242,0.895
"9095",9,50,13,"SGP50",1.66724413891396,2.39227076453669,0.7495
"9096",9,50,14,"SGP50",9.79481918755623,6.79161922584798,0.9995
"9097",9,50,15,"SGP50",4.21077366656964,3.05224616489618,0.869
"9098",9,50,16,"SGP50",8.53513878301014,4.98788172394884,0.9825
"9099",9,50,17,"SGP50",1.78827826831821,2.85196448847883,0.4575
"9100",9,50,18,"SGP50",1.41570386762715,2.62745639709845,0.5635
"9101",9,50,19,"SGP50",2.17232372273056,2.7084988049552,0.751
"9102",9,50,20,"SGP50",2.24545657744985,2.726371363071,0.755
"9103",9,50,21,"SGP50",1.9134272253394,2.64866053418207,0.7345
"9104",9,50,22,"SGP50",1.82598193993723,2.61156792381963,0.7155
"9105",9,50,23,"SGP50",1.23037225447518,2.45908364245197,0.5355
"9106",9,50,24,"SGP50",2.67087876217261,2.86570805226388,0.826
"9107",9,50,25,"SGP50",1.41941253620031,2.51417180755021,0.6265
"9108",9,50,26,"SGP50",1.27425185739459,2.55447297029982,0.4195
"9109",9,50,27,"SGP50",9.19528671342131,5.4401947075775,0.977
"9110",9,50,28,"SGP50",3.23935133706521,2.92763171068129,0.811
"9111",9,50,29,"SGP50",2.4932055804592,2.67112262773513,0.754
"9112",9,50,30,"SGP50",4.26106777099092,3.20973784864785,0.899
"9113",9,50,31,"SGP50",4.42879047872402,4.04047402886723,0.182
"9114",9,50,32,"SGP50",9.53687463755567,5.32690792280918,0.072
"9115",9,50,33,"SGP50",1.72361208841611,2.71732393305634,0.337
"9116",9,50,34,"SGP50",1.43617864032577,2.66184187988562,0.414
"9117",9,50,35,"SGP50",1.36007031234659,2.6265963413277,0.5855
"9118",9,50,36,"SGP50",3.49583129139885,3.21590044777432,0.152
"9119",9,50,37,"SGP50",1.31073407373186,2.56854464328528,0.611
"9120",9,50,38,"SGP50",2.24138689781976,2.74989781893416,0.2555
"9121",9,51,1,"BMA",1.68320740408907,2.83208414586781,0.4115
"9122",9,51,2,"BMA",1.34390315192768,2.59690537619891,0.5995
"9123",9,51,3,"BMA",2.10665833784512,2.85102296639454,0.795
"9124",9,51,4,"BMA",2.03852617940367,2.70830364084449,0.8365
"9125",9,51,5,"BMA",3.34415642055672,3.29201111517237,0.0995
"9126",9,51,6,"BMA",1.76388262975849,2.59124204899293,0.772
"9127",9,51,7,"BMA",1.21186655664465,2.39457889943599,0.6615
"9128",9,51,8,"BMA",5.54875427912756,4.44162145767975,0.9845
"9129",9,51,9,"BMA",1.69154949402934,2.48647107721911,0.783
"9130",9,51,10,"BMA",7.24257699103657,5.36917704539952,0.993
"9131",9,51,11,"BMA",16.2814412881518,11.5149727274673,1
"9132",9,51,12,"BMA",6.50034647972087,3.61711760213823,0.823
"9133",9,51,13,"BMA",6.14515377343799,3.67631977700772,0.8725
"9134",9,51,14,"BMA",4.58957390057622,3.46122414465595,0.1995
"9135",9,51,15,"BMA",2.32442829029044,3.16452607787286,0.366
"9136",9,51,16,"BMA",7.92105298294508,4.12893001756073,0.9265
"9137",9,51,17,"BMA",2.31952014554579,3.12572855257097,0.6015
"9138",9,51,18,"BMA",5.97299972733615,3.63891872427004,0.888
"9139",9,51,19,"BMA",5.31913272535329,3.57412688502912,0.844
"9140",9,51,20,"BMA",6.22366404459817,3.80912087532498,0.895
"9141",9,51,21,"BMA",3.72092538029225,3.25545377766365,0.796
"9142",9,51,22,"BMA",5.76663383819518,3.66827274847034,0.119
"9143",9,51,23,"BMA",2.86856704412768,3.15116227301773,0.284
"9144",9,51,24,"BMA",1.97051357531833,2.96926865733727,0.5605
"9145",9,51,25,"BMA",2.00217965533715,3.00547604207236,0.614
"9146",9,51,26,"BMA",1.70450888035181,2.96486224644629,0.452
"9147",9,51,27,"BMA",7.92134761498615,4.01763454496808,0.0645
"9148",9,51,28,"BMA",3.16393906866069,3.19208138631136,0.234
"9149",9,51,29,"BMA",5.74630275103398,3.5080463500923,0.1245
"9150",9,51,30,"BMA",2.57430488508831,3.02329218928347,0.717
"9151",9,51,31,"BMA",4.7090695198396,3.40644572165579,0.1415
"9152",9,51,32,"BMA",3.01191616060162,3.14500785296297,0.7525
"9153",9,51,33,"BMA",5.54276176404203,3.74280736047405,0.109
"9154",9,51,34,"BMA",2.50685775753195,3.00919499799801,0.3075
"9155",9,51,35,"BMA",5.49047753791688,3.57773085866372,0.1225
"9156",9,51,36,"BMA",4.88121279973688,3.49162554195519,0.149
"9157",9,51,37,"BMA",2.98751609500351,3.14098629313343,0.259
"9158",9,51,38,"BMA",5.41708011598757,3.70281797269798,0.1125
"9159",9,51,1,"AVS",1.68320740408907,2.8331881435916,0.4
"9160",9,51,2,"AVS",1.33039830669531,2.52018944970339,0.67
"9161",9,51,3,"AVS",2.31832842533617,2.87592511787035,0.8345
"9162",9,51,4,"AVS",2.05785051981916,2.66392056704015,0.8375
"9163",9,51,5,"AVS",3.93386222203821,3.67549686465715,0.0495
"9164",9,51,6,"AVS",1.7864869457207,2.58454266297119,0.7885
"9165",9,51,7,"AVS",1.01898818218499,2.25861659566961,0.6485
"9166",9,51,8,"AVS",5.13364370647341,4.59744989680282,0.988
"9167",9,51,9,"AVS",1.27014247075124,2.26656995542062,0.7415
"9168",9,51,10,"AVS",7.01929863217728,5.50813781106236,0.992
"9169",9,51,11,"AVS",15.9070213062306,30.8827117888305,1
"9170",9,51,12,"AVS",14.9455363512063,7.22866845930828,0.002
"9171",9,51,13,"AVS",4.35001409325059,3.32697249104252,0.7935
"9172",9,51,14,"AVS",13.4151972570763,6.35324400110759,0.0125
"9173",9,51,15,"AVS",2.03396696177622,3.06514382162227,0.3995
"9174",9,51,16,"AVS",8.02757616579757,4.07838311817055,0.9545
"9175",9,51,17,"AVS",1.99698170976107,3.04789425226225,0.551
"9176",9,51,18,"AVS",5.61398925448762,3.62239419645544,0.895
"9177",9,51,19,"AVS",4.79937201577417,3.48626995476003,0.8425
"9178",9,51,20,"AVS",4.09082395622679,3.31901014522144,0.8315
"9179",9,51,21,"AVS",1.60310173618287,2.77538675035072,0.567
"9180",9,51,22,"AVS",10.91993468561,5.58223470711426,0.007
"9181",9,51,23,"AVS",4.6143758863218,3.52082399912197,0.1605
"9182",9,51,24,"AVS",1.93325975588476,3.06109558715237,0.546
"9183",9,51,25,"AVS",1.96206858709039,2.94969336183923,0.6065
"9184",9,51,26,"AVS",1.7496575352045,2.95128390837129,0.436
"9185",9,51,27,"AVS",8.00527021146551,4.11106867022514,0.057
"9186",9,51,28,"AVS",3.16475667758061,3.12542313988324,0.245
"9187",9,51,29,"AVS",5.74704937312913,3.60089808113179,0.11
"9188",9,51,30,"AVS",2.57503900721188,3.03215537416347,0.695
"9189",9,51,31,"AVS",4.71298073387335,3.47238114078962,0.1495
"9190",9,51,32,"AVS",3.00866024196244,3.21019998384137,0.743
"9191",9,51,33,"AVS",5.54991757963944,3.68005348154308,0.121
"9192",9,51,34,"AVS",2.51008413209894,3.08801404735589,0.279
"9193",9,51,35,"AVS",5.50124892533288,3.58081427537748,0.117
"9194",9,51,36,"AVS",4.89476205050604,3.49783347810655,0.146
"9195",9,51,37,"AVS",2.99569090631682,3.13988200293359,0.252
"9196",9,51,38,"AVS",5.43082435890887,3.59017509936055,0.1215
"9197",9,51,1,"EQW",1.68320740408907,2.83428688171554,0.397
"9198",9,51,2,"EQW",1.52673875853947,2.72172547425736,0.5645
"9199",9,51,3,"EQW",1.78363050097758,2.85247225193783,0.642
"9200",9,51,4,"EQW",1.94237713094886,2.84911646294735,0.7475
"9201",9,51,5,"EQW",2.618470690026,2.97861535595056,0.199
"9202",9,51,6,"EQW",1.60548322750184,2.71789348198705,0.705
"9203",9,51,7,"EQW",1.68771417755914,2.67519455031602,0.692
"9204",9,51,8,"EQW",6.62313416405232,4.42776893526379,0.969
"9205",9,51,9,"EQW",3.93560136708283,3.04450892511563,0.8545
"9206",9,51,10,"EQW",10.0196546491171,5.37051109595649,0.988
"9207",9,51,11,"EQW",20.2735094841885,7.27399842833292,0.998
"9208",9,51,12,"EQW",5.8959333453672,4.16262934516427,0.6505
"9209",9,51,13,"EQW",5.46737901420328,3.57202693700921,0.771
"9210",9,51,14,"EQW",5.351157146632,3.81186710642265,0.255
"9211",9,51,15,"EQW",3.29931325048343,3.42101459551395,0.294
"9212",9,51,16,"EQW",6.00849468040912,3.76590600972803,0.8385
"9213",9,51,17,"EQW",2.76615313035855,3.29364092961025,0.573
"9214",9,51,18,"EQW",5.95248931030079,3.58117430285359,0.848
"9215",9,51,19,"EQW",6.61197476058761,3.72812004109868,0.8565
"9216",9,51,20,"EQW",8.95492109239716,4.01121372901184,0.9115
"9217",9,51,21,"EQW",7.04081566142311,3.66482075194112,0.827
"9218",9,51,22,"EQW",4.16487130991166,3.84841027956868,0.4065
"9219",9,51,23,"EQW",3.0666310146061,3.43644559479803,0.3765
"9220",9,51,24,"EQW",2.29596053985059,3.23130641388669,0.548
"9221",9,51,25,"EQW",2.59740572431788,3.19819802334235,0.606
"9222",9,51,26,"EQW",2.35374682011171,3.19518759690942,0.5095
"9223",9,51,27,"EQW",5.90629810100562,3.7947934525354,0.178
"9224",9,51,28,"EQW",3.80412723378422,3.35831955887561,0.213
"9225",9,51,29,"EQW",5.21233290575414,3.56406094400235,0.159
"9226",9,51,30,"EQW",2.91211035917222,3.2107914301771,0.6765
"9227",9,51,31,"EQW",3.61738886328104,3.44825551971091,0.268
"9228",9,51,32,"EQW",4.77862103992949,3.52330549789174,0.8195
"9229",9,51,33,"EQW",3.21673122186193,3.46545811993387,0.337
"9230",9,51,34,"EQW",1.945660776549,3.04673327158686,0.511
"9231",9,51,35,"EQW",2.96375328032832,3.19777684548518,0.316
"9232",9,51,36,"EQW",3.06192712123545,3.14875179831825,0.2455
"9233",9,51,37,"EQW",2.17384190697864,2.98972697828422,0.36
"9234",9,51,38,"EQW",4.01487452961928,3.38525900267308,0.161
"9235",9,51,1,"SGP",1.68320740408907,2.80533390382906,0.407
"9236",9,51,2,"SGP",1.30204579180149,2.52368341244941,0.649
"9237",9,51,3,"SGP",2.21425123188291,2.85137269362057,0.8095
"9238",9,51,4,"SGP",2.1622418217754,2.66549839565892,0.859
"9239",9,51,5,"SGP",3.46725128465215,3.2692941917223,0.0815
"9240",9,51,6,"SGP",1.44159203533029,2.29618054718586,0.728
"9241",9,51,7,"SGP",0.93309013259272,2.24004539537623,0.625
"9242",9,51,8,"SGP",5.16303104145164,4.47902067838588,0.989
"9243",9,51,9,"SGP",1.390132697173,2.35888082893439,0.736
"9244",9,51,10,"SGP",7.16149934487618,5.64496077293685,0.995
"9245",9,51,11,"SGP",16.0610987246277,27.0605476689717,1
"9246",9,51,12,"SGP",13.7019369856067,5.95196269391037,0.0395
"9247",9,51,13,"SGP",1.5346671783714,2.84500663811649,0.477
"9248",9,51,14,"SGP",13.8198210758195,6.37811227452871,0.0055
"9249",9,51,15,"SGP",3.92253521516631,3.36554134707878,0.159
"9250",9,51,16,"SGP",5.00604485097732,3.5169711983405,0.8915
"9251",9,51,17,"SGP",2.13796974663356,2.95991910322678,0.304
"9252",9,51,18,"SGP",2.87052024152412,3.0659578447135,0.76
"9253",9,51,19,"SGP",2.17338438159359,2.9830952188738,0.6985
"9254",9,51,20,"SGP",3.24414093804514,3.1258746102106,0.813
"9255",9,51,21,"SGP",1.6037545611373,2.8135246312445,0.566
"9256",9,51,22,"SGP",10.7926327950949,5.45782558728469,0.0115
"9257",9,51,23,"SGP",6.15730127176273,3.74300713088759,0.0735
"9258",9,51,24,"SGP",2.02784567988791,2.91694800619126,0.3345
"9259",9,51,25,"SGP",1.81291617294742,2.9074917466066,0.387
"9260",9,51,26,"SGP",2.8644990786921,3.10294466248709,0.2295
"9261",9,51,27,"SGP",12.1183202761444,5.58809361096384,0.0125
"9262",9,51,28,"SGP",5.01766768288669,3.44215754808247,0.12
"9263",9,51,29,"SGP",4.12966241216543,3.29840801501758,0.157
"9264",9,51,30,"SGP",4.96321091620985,3.48805812541323,0.8845
"9265",9,51,31,"SGP",6.34702089645589,3.90295816461581,0.079
"9266",9,51,32,"SGP",5.86081699907376,3.63831476914526,0.8935
"9267",9,51,33,"SGP",7.20189876737747,3.82230413708247,0.0705
"9268",9,51,34,"SGP",1.52327723801458,2.85110297128227,0.476
"9269",9,51,35,"SGP",3.32027984911932,3.18562593319108,0.2055
"9270",9,51,36,"SGP",2.08308858662912,2.9261620041411,0.3405
"9271",9,51,37,"SGP",1.6682947415925,2.86824255990198,0.5375
"9272",9,51,38,"SGP",2.22794704488906,2.93347200115464,0.3205
"9273",9,51,1,"SGP50",1.68320740408907,2.81577167871795,0.4135
"9274",9,51,2,"SGP50",1.51251490131703,2.73424466330545,0.5495
"9275",9,51,3,"SGP50",1.79609736526242,2.99547844876039,0.69
"9276",9,51,4,"SGP50",1.95232891887009,2.80531219372426,0.737
"9277",9,51,5,"SGP50",2.63781744013078,3.07325457948359,0.1855
"9278",9,51,6,"SGP50",1.60601684428174,2.70942790955048,0.6855
"9279",9,51,7,"SGP50",1.61768256877567,2.61727598836113,0.6895
"9280",9,51,8,"SGP50",6.49583274093025,4.2557010778228,0.967
"9281",9,51,9,"SGP50",3.56914565707662,2.99554505290488,0.8555
"9282",9,51,10,"SGP50",9.55515389501125,5.41655572887458,0.992
"9283",9,51,11,"SGP50",19.4459324198924,7.40835905538028,0.999
"9284",9,51,12,"SGP50",5.18922923011651,4.07394931920957,0.5465
"9285",9,51,13,"SGP50",4.58447495192322,3.42394310279798,0.765
"9286",9,51,14,"SGP50",6.15895668370618,3.96642919625635,0.201
"9287",9,51,15,"SGP50",3.0698593781231,3.31435903154907,0.295
"9288",9,51,16,"SGP50",6.14366405781454,3.83336918799515,0.8795
"9289",9,51,17,"SGP50",2.30381097342252,3.19243463541158,0.4965
"9290",9,51,18,"SGP50",5.08264675464229,3.48508611342407,0.8435
"9291",9,51,19,"SGP50",4.97058669052244,3.46927306338804,0.8325
"9292",9,51,20,"SGP50",6.48935914821078,3.71030818044617,0.8745
"9293",9,51,21,"SGP50",4.10779295305017,3.32777734361248,0.747
"9294",9,51,22,"SGP50",5.68986404012478,4.07051852756252,0.23
"9295",9,51,23,"SGP50",3.64219564818458,3.41843927320482,0.261
"9296",9,51,24,"SGP50",1.95216446210412,3.15037219476542,0.4765
"9297",9,51,25,"SGP50",2.00247018497252,3.08623204608349,0.5405
"9298",9,51,26,"SGP50",2.11894936636191,3.12388858172058,0.4235
"9299",9,51,27,"SGP50",8.0322210692551,4.20499185506645,0.101
"9300",9,51,28,"SGP50",3.87613253346909,3.33412880314773,0.2095
"9301",9,51,29,"SGP50",4.94586105348512,3.54942140330287,0.1415
"9302",9,51,30,"SGP50",3.2951840092096,3.26529992250253,0.759
"9303",9,51,31,"SGP50",4.54714623196434,3.51907574383371,0.1965
"9304",9,51,32,"SGP50",4.50941452460917,3.4041193398338,0.8215
"9305",9,51,33,"SGP50",4.59516647115742,3.62548478425249,0.2215
"9306",9,51,34,"SGP50",1.8844379208448,2.99524078269716,0.4515
"9307",9,51,35,"SGP50",3.56683985584924,3.22093883270256,0.23
"9308",9,51,36,"SGP50",3.07648579650774,3.15694141552029,0.2595
"9309",9,51,37,"SGP50",2.04237349134891,2.98449782605383,0.3805
"9310",9,51,38,"SGP50",3.6321921329392,3.17793642150412,0.2085
"9311",9,52,1,"BMA",2.7317146809331,3.37772412104012,0.517
"9312",9,52,2,"BMA",3.48650090061209,3.44118447309459,0.7045
"9313",9,52,3,"BMA",2.27698364243866,3.04514776597778,0.631
"9314",9,52,4,"BMA",3.4987050075032,3.19118811175706,0.8195
"9315",9,52,5,"BMA",2.80351715638769,2.96049737011565,0.8205
"9316",9,52,6,"BMA",2.22227513338522,2.77038967347342,0.802
"9317",9,52,7,"BMA",3.76369941141455,3.22710536280576,0.1025
"9318",9,52,8,"BMA",2.55770656502826,2.84142763064261,0.1725
"9319",9,52,9,"BMA",2.3345719528277,2.74795190344793,0.197
"9320",9,52,10,"BMA",1.08439955281298,2.44314174782542,0.4915
"9321",9,52,11,"BMA",12.4685990415579,7.82268293229542,0.0015
"9322",9,52,12,"BMA",2.46677522302871,3.20975280893838,0.296
"9323",9,52,13,"BMA",4.0508166778524,3.26160211703248,0.8305
"9324",9,52,14,"BMA",2.50786271481295,3.14236450208611,0.2925
"9325",9,52,15,"BMA",1.97487948434968,2.91507192489775,0.637
"9326",9,52,16,"BMA",3.55648905200592,3.38953121011208,0.186
"9327",9,52,17,"BMA",4.01184311492981,3.3023724879361,0.1575
"9328",9,52,18,"BMA",4.79761918825971,3.54911386393765,0.112
"9329",9,52,19,"BMA",1.65446676136348,2.9167464978659,0.5285
"9330",9,52,20,"BMA",1.96602281883869,2.93742442922356,0.3435
"9331",9,52,21,"BMA",1.67430087366173,2.81591624289224,0.414
"9332",9,52,22,"BMA",16.8589646853816,9.84652558947167,0
"9333",9,52,23,"BMA",4.45403306863847,3.50063280473702,0.187
"9334",9,52,24,"BMA",2.52862820097785,3.06945318126906,0.311
"9335",9,52,25,"BMA",2.02902458085083,3.00264992289554,0.635
"9336",9,52,26,"BMA",2.60593585143331,2.99104749194584,0.2905
"9337",9,52,27,"BMA",10.3453915233704,4.93340677606444,0.0185
"9338",9,52,28,"BMA",2.38336284132158,3.11566795963217,0.651
"9339",9,52,29,"BMA",2.61145347688159,3.08756939807094,0.302
"9340",9,52,30,"BMA",1.72358807534521,2.88353651949082,0.537
"9341",9,52,31,"BMA",2.40610671718233,2.99353210544231,0.31
"9342",9,52,32,"BMA",1.76346596964709,2.8685276199099,0.414
"9343",9,52,33,"BMA",1.4971882163098,2.8144806147521,0.4485
"9344",9,52,34,"BMA",1.44064396164064,2.75927229535604,0.411
"9345",9,52,35,"BMA",1.43288820096708,2.61924485469101,0.6445
"9346",9,52,36,"BMA",0.929377891516891,2.0999344780732,0.474
"9347",9,52,37,"BMA",0.629015565988179,1.90301828249089,0.479
"9348",9,52,38,"BMA",0.545307540537039,1.69430709610466,0.6045
"9349",9,52,1,"AVS",2.7317146809331,3.36365817802162,0.4765
"9350",9,52,2,"AVS",4.68396316214503,3.51202671129282,0.8515
"9351",9,52,3,"AVS",2.18064309468484,2.91473855328172,0.658
"9352",9,52,4,"AVS",2.65999676637105,2.99389814100612,0.83
"9353",9,52,5,"AVS",2.19137935545448,2.81443451979008,0.8065
"9354",9,52,6,"AVS",2.02880041152293,2.74268541873116,0.812
"9355",9,52,7,"AVS",3.91963145161939,3.41396607282379,0.0705
"9356",9,52,8,"AVS",2.6509014804257,2.9173218749247,0.157
"9357",9,52,9,"AVS",2.40560056475132,2.81747697358949,0.175
"9358",9,52,10,"AVS",1.05846101160456,2.42233680894769,0.4935
"9359",9,52,11,"AVS",12.6155034028201,8.85535179671235,5e-04
"9360",9,52,12,"AVS",3.33419504346533,3.34810977392858,0.193
"9361",9,52,13,"AVS",4.82136949070184,3.44674247324659,0.8265
"9362",9,52,14,"AVS",3.98589758705746,3.35866923008491,0.1305
"9363",9,52,15,"AVS",1.393696603377,2.71613922940876,0.5275
"9364",9,52,16,"AVS",5.73985740104363,3.96801088226389,0.06
"9365",9,52,17,"AVS",5.97226270767453,3.86867746661164,0.0785
"9366",9,52,18,"AVS",5.90440026352888,3.59003239801175,0.095
"9367",9,52,19,"AVS",1.79491649011536,2.96439777554902,0.536
"9368",9,52,20,"AVS",1.91805540923424,2.94868681099551,0.361
"9369",9,52,21,"AVS",1.56072814173669,2.84370759541229,0.452
"9370",9,52,22,"AVS",16.407389587537,9.82731260429137,0
"9371",9,52,23,"AVS",1.93338676379255,2.96255208003798,0.5405
"9372",9,52,24,"AVS",2.09863457267118,2.95508492165976,0.6815
"9373",9,52,25,"AVS",5.16504801692626,3.59552825466699,0.9015
"9374",9,52,26,"AVS",1.68561793189661,2.80087463191667,0.423
"9375",9,52,27,"AVS",7.0908422695761,4.04827694778743,0.047
"9376",9,52,28,"AVS",4.71575127950103,3.43406022594099,0.867
"9377",9,52,29,"AVS",2.44707903025254,3.04335582921816,0.304
"9378",9,52,30,"AVS",1.76336319013693,2.87969605397142,0.603
"9379",9,52,31,"AVS",2.2765395442508,2.94617727707231,0.283
"9380",9,52,32,"AVS",1.54581195147881,2.87256950923215,0.5615
"9381",9,52,33,"AVS",1.52253261190752,2.74829875828403,0.5815
"9382",9,52,34,"AVS",1.40555636894717,2.80961125003936,0.562
"9383",9,52,35,"AVS",2.26552452179384,2.90625606750864,0.7365
"9384",9,52,36,"AVS",1.3189546139371,2.72708321642939,0.4895
"9385",9,52,37,"AVS",1.41218175511331,2.67455661204065,0.5715
"9386",9,52,38,"AVS",1.51824808849262,2.75092911394472,0.5855
"9387",9,52,1,"EQW",2.7317146809331,3.33954310655406,0.51
"9388",9,52,2,"EQW",3.13406764843793,3.44951902842411,0.643
"9389",9,52,3,"EQW",2.32450761122552,3.08206022337971,0.613
"9390",9,52,4,"EQW",3.95429948668844,3.36905225736439,0.765
"9391",9,52,5,"EQW",4.51904752463802,3.48650055680993,0.795
"9392",9,52,6,"EQW",4.85901745099991,3.42521644245841,0.8205
"9393",9,52,7,"EQW",2.6049442388621,3.39591581350181,0.4605
"9394",9,52,8,"EQW",2.47549133746498,3.27739267262943,0.49
"9395",9,52,9,"EQW",2.63778445213073,3.19276546239357,0.55
"9396",9,52,10,"EQW",4.45596531076612,3.35250385285351,0.7735
"9397",9,52,11,"EQW",4.21350937368199,3.81003698852312,0.3635
"9398",9,52,12,"EQW",2.35625254305123,3.35353422816691,0.446
"9399",9,52,13,"EQW",6.08594528918134,3.54636994870314,0.8595
"9400",9,52,14,"EQW",3.16814133002814,3.3656404970283,0.543
"9401",9,52,15,"EQW",4.61000246873088,3.28232907509886,0.76
"9402",9,52,16,"EQW",3.23476299481761,3.52646014978346,0.495
"9403",9,52,17,"EQW",3.24653591917276,3.56903586212537,0.3675
"9404",9,52,18,"EQW",3.58311711822001,3.69678564669437,0.3055
"9405",9,52,19,"EQW",2.82844887022255,3.19156199130945,0.606
"9406",9,52,20,"EQW",2.49615135655175,3.18646240438499,0.514
"9407",9,52,21,"EQW",2.52912214812174,3.1631291058878,0.5595
"9408",9,52,22,"EQW",10.3338902193601,4.67055412459119,0.1445
"9409",9,52,23,"EQW",3.43038050051778,3.37911917488906,0.319
"9410",9,52,24,"EQW",2.58227728307003,3.1920897751424,0.383
"9411",9,52,25,"EQW",2.4249315371463,3.11696833392023,0.6395
"9412",9,52,26,"EQW",1.79043740489754,3.0554899778507,0.428
"9413",9,52,27,"EQW",7.60604827613756,4.15158017394715,0.051
"9414",9,52,28,"EQW",1.93294641274794,3.05074076653762,0.4485
"9415",9,52,29,"EQW",2.50342113811215,2.98505397784548,0.235
"9416",9,52,30,"EQW",1.33950298857428,2.69626311964204,0.497
"9417",9,52,31,"EQW",1.80218266802207,2.73103634337821,0.3175
"9418",9,52,32,"EQW",1.48326776176414,2.55402571363768,0.3395
"9419",9,52,33,"EQW",1.29496889849594,2.49567933268539,0.375
"9420",9,52,34,"EQW",1.30837489429458,2.47459775170021,0.329
"9421",9,52,35,"EQW",1.11156456678361,2.34039092515736,0.5925
"9422",9,52,36,"EQW",0.980333922316675,2.22186117217224,0.4385
"9423",9,52,37,"EQW",0.87939140692834,2.11876355176837,0.4955
"9424",9,52,38,"EQW",0.876943988765531,2.168949076471,0.5775
"9425",9,52,1,"SGP",2.7317146809331,3.39330674150539,0.5205
"9426",9,52,2,"SGP",4.33487065383741,3.50329472679363,0.8265
"9427",9,52,3,"SGP",2.22901898082851,2.86262026802623,0.709
"9428",9,52,4,"SGP",2.79062566283171,3.0277502358633,0.8455
"9429",9,52,5,"SGP",2.35340689261995,2.92225155148191,0.811
"9430",9,52,6,"SGP",2.12684416856717,2.72860555925895,0.7985
"9431",9,52,7,"SGP",3.77434019447174,3.29828230563771,0.089
"9432",9,52,8,"SGP",2.58927487258665,2.84016630159648,0.1855
"9433",9,52,9,"SGP",2.3576652039147,2.85048839280764,0.1765
"9434",9,52,10,"SGP",1.07675204378792,2.3888692428937,0.4975
"9435",9,52,11,"SGP",12.3408050101376,6.60645516467548,0.007
"9436",9,52,12,"SGP",4.13180954815156,3.46032487120904,0.1195
"9437",9,52,13,"SGP",2.1005623962497,2.85756059137983,0.7265
"9438",9,52,14,"SGP",4.07739813158628,3.27661449036413,0.1165
"9439",9,52,15,"SGP",1.30992758674346,2.65039776373431,0.4795
"9440",9,52,16,"SGP",5.66870767455632,3.80459490335973,0.0655
"9441",9,52,17,"SGP",6.82374351500018,4.21431753486901,0.046
"9442",9,52,18,"SGP",3.67503745982393,3.23753841313376,0.1345
"9443",9,52,19,"SGP",2.55488962919312,2.99128048757859,0.766
"9444",9,52,20,"SGP",1.39594875734877,2.73731988953581,0.505
"9445",9,52,21,"SGP",1.37660028355984,2.6452993141536,0.5505
"9446",9,52,22,"SGP",15.6616695388465,9.89230668696953,0.0015
"9447",9,52,23,"SGP",1.93148941064315,2.96435002859675,0.615
"9448",9,52,24,"SGP",2.10081606844591,2.9165814341385,0.6895
"9449",9,52,25,"SGP",5.12021597777675,3.5037211788786,0.889
"9450",9,52,26,"SGP",1.52886471648894,2.77468461366949,0.4515
"9451",9,52,27,"SGP",6.9317789595335,4.07593609598163,0.0575
"9452",9,52,28,"SGP",4.63677387160614,3.38268416665903,0.875
"9453",9,52,29,"SGP",2.44612567657175,3.01261412198364,0.281
"9454",9,52,30,"SGP",1.75903206890826,2.93464997124318,0.6105
"9455",9,52,31,"SGP",2.268034131259,2.87552526741784,0.291
"9456",9,52,32,"SGP",1.54063391863665,2.83907720869607,0.5565
"9457",9,52,33,"SGP",1.51557325117195,2.75917231719034,0.5985
"9458",9,52,34,"SGP",1.40008404448997,2.76003592676323,0.557
"9459",9,52,35,"SGP",2.24742660257332,2.82922011306055,0.7545
"9460",9,52,36,"SGP",1.3117885539947,2.65009614839972,0.495
"9461",9,52,37,"SGP",1.4026380709731,2.69340009221972,0.5575
"9462",9,52,38,"SGP",1.50793832382534,2.67983204138834,0.611
"9463",9,52,1,"SGP50",2.7317146809331,3.37372349231998,0.5045
"9464",9,52,2,"SGP50",3.16538194868134,3.44015710759302,0.6605
"9465",9,52,3,"SGP50",2.31018969993335,3.04851945780893,0.6125
"9466",9,52,4,"SGP50",3.96567464717493,3.43948415303515,0.7805
"9467",9,52,5,"SGP50",4.41016861085942,3.4189969389889,0.829
"9468",9,52,6,"SGP50",4.56543427501944,3.28992229854358,0.817
"9469",9,52,7,"SGP50",2.50064944654309,3.29752834478591,0.4535
"9470",9,52,8,"SGP50",2.2452428928277,3.18314698996215,0.449
"9471",9,52,9,"SGP50",2.2187688855218,3.08639914116897,0.4995
"9472",9,52,10,"SGP50",3.28697954559203,3.13194568941684,0.726
"9473",9,52,11,"SGP50",5.60724952054179,4.0575549282061,0.245
"9474",9,52,12,"SGP50",2.39850709346362,3.2780478281502,0.3825
"9475",9,52,13,"SGP50",4.62848254792532,3.35732728311245,0.842
"9476",9,52,14,"SGP50",2.55191083367367,3.2736297749209,0.4215
"9477",9,52,15,"SGP50",2.78441532616222,3.06271542782953,0.6865
"9478",9,52,16,"SGP50",2.99969332608505,3.42941414785196,0.3305
"9479",9,52,17,"SGP50",3.83835412285837,3.44108917830545,0.238
"9480",9,52,18,"SGP50",3.86333956629634,3.4481152393828,0.2115
"9481",9,52,19,"SGP50",2.13644625964075,3.0065064294821,0.61
"9482",9,52,20,"SGP50",1.83997017217321,3.05674962992197,0.4495
"9483",9,52,21,"SGP50",1.69334999595096,2.84731211707384,0.482
"9484",9,52,22,"SGP50",14.1867006275392,5.3902573576805,0.0565
"9485",9,52,23,"SGP50",2.80874679544809,3.2671020672895,0.3825
"9486",9,52,24,"SGP50",2.19200408540118,3.11485199698738,0.44
"9487",9,52,25,"SGP50",2.74108317048341,3.22794393264071,0.7
"9488",9,52,26,"SGP50",1.82894066550812,2.89574229650681,0.4075
"9489",9,52,27,"SGP50",8.17658801771842,4.2803098085011,0.0385
"9490",9,52,28,"SGP50",2.29797301503124,3.13978220185315,0.5975
"9491",9,52,29,"SGP50",2.54729361482518,3.0229517524473,0.2555
"9492",9,52,30,"SGP50",1.49558034863179,2.77328920445681,0.5295
"9493",9,52,31,"SGP50",2.06109865065987,2.82321503908432,0.307
"9494",9,52,32,"SGP50",1.49745396260124,2.74961131207888,0.394
"9495",9,52,33,"SGP50",1.32433098268939,2.58139433599002,0.435
"9496",9,52,34,"SGP50",1.32106692838752,2.59505034649931,0.402
"9497",9,52,35,"SGP50",1.41791371032746,2.56254806998777,0.6255
"9498",9,52,36,"SGP50",1.12107909309186,2.424829834158,0.444
"9499",9,52,37,"SGP50",1.03464925670584,2.31457948152126,0.4825
"9500",9,52,38,"SGP50",1.04888320658127,2.36818929876717,0.577
"9501",9,53,1,"BMA",4.29525738606831,4.00381658798288,0.959
"9502",9,53,2,"BMA",1.18695211693762,2.5275837829176,0.6425
"9503",9,53,3,"BMA",1.03285243302469,2.34979425478211,0.5935
"9504",9,53,4,"BMA",2.82149414697715,2.8959161265886,0.131
"9505",9,53,5,"BMA",3.30386503918982,3.08390940599755,0.083
"9506",9,53,6,"BMA",2.06704900041661,2.51612957514154,0.1835
"9507",9,53,7,"BMA",1.15140076830947,2.39962581591079,0.663
"9508",9,53,8,"BMA",1.21465068965346,2.43013166978754,0.3325
"9509",9,53,9,"BMA",1.85788792271045,2.5905508344256,0.187
"9510",9,53,10,"BMA",2.05223634252604,2.69958522058524,0.8095
"9511",9,53,11,"BMA",2.56346324710891,3.01029147531959,0.856
"9512",9,53,12,"BMA",1.17151261062858,2.45324109065214,0.6795
"9513",9,53,13,"BMA",0.961022509534775,2.3225645923016,0.5205
"9514",9,53,14,"BMA",0.904250447523854,2.2808427331622,0.521
"9515",9,53,15,"BMA",2.05760835714106,2.91054290910843,0.81
"9516",9,53,16,"BMA",1.03803864467175,2.35749785084269,0.605
"9517",9,53,17,"BMA",1.308787906584,2.34057452853314,0.718
"9518",9,53,18,"BMA",2.59075228851348,2.84655073121953,0.8665
"9519",9,53,19,"BMA",4.26817179964471,3.5597199099868,0.939
"9520",9,53,20,"BMA",0.959877813621881,2.33308124762296,0.582
"9521",9,53,21,"BMA",2.71201025943211,3.06011603497362,0.859
"9522",9,53,22,"BMA",1.84006889916129,2.63450612561933,0.773
"9523",9,53,23,"BMA",1.57701194662245,2.57250019918801,0.757
"9524",9,53,24,"BMA",0.97192830220172,2.34582197910077,0.453
"9525",9,53,25,"BMA",1.10502686797791,2.32187760613866,0.6255
"9526",9,53,26,"BMA",1.44626579792878,2.43186947622375,0.713
"9527",9,53,27,"BMA",1.08443571804902,2.39537755068378,0.643
"9528",9,53,28,"BMA",0.900569810938046,2.29697020117603,0.4665
"9529",9,53,29,"BMA",6.36687355877263,4.58338139560784,0.9775
"9530",9,53,30,"BMA",2.34092716740852,2.81406999449814,0.82
"9531",9,53,31,"BMA",1.02805068138662,2.38845972042603,0.477
"9532",9,53,32,"BMA",4.7500319217108,3.59214183065884,0.0345
"9533",9,53,33,"BMA",5.80158289354254,4.07682596369624,0.0255
"9534",9,53,34,"BMA",10.6967838700191,7.65942544525139,0
"9535",9,53,35,"BMA",6.703636053645,4.70407222141416,0.0155
"9536",9,53,36,"BMA",4.15870461547128,3.45210967600596,0.0515
"9537",9,53,37,"BMA",1.0607626557783,2.4483036520544,0.6195
"9538",9,53,38,"BMA",0.916988037959728,2.35886337773418,0.569
"9539",9,53,1,"AVS",4.29525738606831,4.28089757347792,0.9645
"9540",9,53,2,"AVS",1.00530911071074,2.41996915315859,0.599
"9541",9,53,3,"AVS",0.964443547612944,2.29447795184963,0.6285
"9542",9,53,4,"AVS",2.6726681293658,2.83750036116519,0.096
"9543",9,53,5,"AVS",2.19054904481701,2.52044727286306,0.165
"9544",9,53,6,"AVS",0.657064198541875,1.95350869784732,0.589
"9545",9,53,7,"AVS",2.74076245692472,3.31370492234402,0.9595
"9546",9,53,8,"AVS",1.19204777217538,2.23630490351403,0.2305
"9547",9,53,9,"AVS",1.29322909480249,2.29089911826757,0.1855
"9548",9,53,10,"AVS",3.58054009330474,3.75103072323171,0.97
"9549",9,53,11,"AVS",1.6086151371259,2.42275652839351,0.8075
"9550",9,53,12,"AVS",0.720064289189766,1.97286985752135,0.402
"9551",9,53,13,"AVS",0.721086699309341,1.98741355800905,0.3425
"9552",9,53,14,"AVS",0.595275732129604,1.88121987043483,0.5265
"9553",9,53,15,"AVS",1.91126725595231,2.55706369968707,0.8955
"9554",9,53,16,"AVS",0.686189263216674,1.93424310790136,0.353
"9555",9,53,17,"AVS",0.731513306165461,1.90585784413997,0.6645
"9556",9,53,18,"AVS",2.05074824824968,2.55545556640737,0.907
"9557",9,53,19,"AVS",1.9635251910508,2.70167834195632,0.903
"9558",9,53,20,"AVS",1.93170521013427,2.76793163389808,0.0835
"9559",9,53,21,"AVS",2.75973578327174,2.98924234853705,0.956
"9560",9,53,22,"AVS",0.590809959062398,1.89582708529096,0.4835
"9561",9,53,23,"AVS",0.713148900594251,1.86514123080759,0.652
"9562",9,53,24,"AVS",1.21975946405539,2.19340809181906,0.198
"9563",9,53,25,"AVS",1.14732429946343,2.107138925965,0.791
"9564",9,53,26,"AVS",1.15333239598446,2.14909671266155,0.783
"9565",9,53,27,"AVS",0.545562862605733,1.7008310131961,0.494
"9566",9,53,28,"AVS",0.742195187588024,1.98383133733783,0.338
"9567",9,53,29,"AVS",7.63066066716918,12.3501530691152,1
"9568",9,53,30,"AVS",1.24125916534259,2.19843222525542,0.224
"9569",9,53,31,"AVS",1.79368131816984,2.48743748989102,0.1435
"9570",9,53,32,"AVS",4.51860459807918,3.97768598658775,0.017
"9571",9,53,33,"AVS",1.86309372947101,2.66675545946124,0.139
"9572",9,53,34,"AVS",5.41438374272804,4.37978528761515,0.013
"9573",9,53,35,"AVS",0.71269622192791,2.05878924733414,0.5255
"9574",9,53,36,"AVS",0.708145775776911,2.09829753122723,0.475
"9575",9,53,37,"AVS",3.44191085629676,3.52080175469474,0.9535
"9576",9,53,38,"AVS",0.922015348359869,2.18748349723846,0.3735
"9577",9,53,1,"EQW",4.29525738606831,4.14524671169193,0.957
"9578",9,53,2,"EQW",1.66943814065434,2.55198553581859,0.7385
"9579",9,53,3,"EQW",1.32157914855178,2.31378419641463,0.741
"9580",9,53,4,"EQW",2.13667322568334,2.80043943384282,0.1295
"9581",9,53,5,"EQW",1.38705477527746,2.36210394321289,0.266
"9582",9,53,6,"EQW",0.842618864431461,2.1068114166092,0.4815
"9583",9,53,7,"EQW",2.02408381412297,2.87699276751404,0.8375
"9584",9,53,8,"EQW",1.08753994372965,2.32064870190323,0.303
"9585",9,53,9,"EQW",1.3556465788052,2.36368667845429,0.2025
"9586",9,53,10,"EQW",2.96533077975977,3.32629877821271,0.905
"9587",9,53,11,"EQW",1.84992008976035,2.53640862256328,0.817
"9588",9,53,12,"EQW",0.862443618736681,2.19582481467416,0.507
"9589",9,53,13,"EQW",0.775770645858607,2.14338944575581,0.4765
"9590",9,53,14,"EQW",0.729637138731482,2.07908019549752,0.5455
"9591",9,53,15,"EQW",2.11693168548856,2.72890118202212,0.87
"9592",9,53,16,"EQW",0.785331199946746,2.10776927929057,0.5105
"9593",9,53,17,"EQW",1.11643115184362,2.20580415229152,0.716
"9594",9,53,18,"EQW",2.51490366087441,2.74895056879943,0.893
"9595",9,53,19,"EQW",2.93990204805584,2.86307219848844,0.91
"9596",9,53,20,"EQW",1.21863350496985,2.63218340162008,0.4165
"9597",9,53,21,"EQW",3.22118276470128,3.38527645598268,0.9395
"9598",9,53,22,"EQW",1.28336402598127,2.36777908818061,0.649
"9599",9,53,23,"EQW",1.40544658089215,2.26964979256055,0.717
"9600",9,53,24,"EQW",1.07337745214398,2.51389260652297,0.387
"9601",9,53,25,"EQW",1.45269032006291,2.31830201296018,0.7505
"9602",9,53,26,"EQW",1.70329000903588,2.47191222913945,0.801
"9603",9,53,27,"EQW",1.08547654258656,2.2312856646832,0.613
"9604",9,53,28,"EQW",0.92375133474904,2.25132762111154,0.4525
"9605",9,53,29,"EQW",7.64519311397519,5.76366957310751,0.991
"9606",9,53,30,"EQW",1.68596792389759,2.7443857838505,0.5375
"9607",9,53,31,"EQW",1.17242662912778,2.46144924655594,0.4175
"9608",9,53,32,"EQW",3.32259251649864,3.40075420986774,0.1445
"9609",9,53,33,"EQW",2.40248833256478,2.7629037437315,0.162
"9610",9,53,34,"EQW",6.63862507030738,4.79491662147486,0.0095
"9611",9,53,35,"EQW",2.21751256195513,2.63218736401346,0.275
"9612",9,53,36,"EQW",1.75625695353498,2.56754811880643,0.2775
"9613",9,53,37,"EQW",1.87704666238594,2.82109635730513,0.7385
"9614",9,53,38,"EQW",0.934269678794969,2.23974305716973,0.434
"9615",9,53,1,"SGP",4.29525738606831,4.33901529157366,0.9645
"9616",9,53,2,"SGP",1.44378450627651,2.42159565372538,0.7105
"9617",9,53,3,"SGP",1.20733486850645,2.18160210158197,0.758
"9618",9,53,4,"SGP",2.06418555116361,2.72613823594795,0.093
"9619",9,53,5,"SGP",0.869306507035053,2.03168181237068,0.3115
"9620",9,53,6,"SGP",0.672254328136491,1.87862114067687,0.628
"9621",9,53,7,"SGP",2.7021226118884,3.15225196902707,0.945
"9622",9,53,8,"SGP",1.18921781616101,2.1455393265651,0.23
"9623",9,53,9,"SGP",1.21497505178951,2.23363410316657,0.1915
"9624",9,53,10,"SGP",3.67829866270741,3.74595004559349,0.9765
"9625",9,53,11,"SGP",1.22327135767539,2.19188738590759,0.776
"9626",9,53,12,"SGP",0.734875540594051,1.98353464446623,0.3705
"9627",9,53,13,"SGP",0.725690463332353,1.86412328911587,0.3715
"9628",9,53,14,"SGP",0.58285961105469,1.89759040975114,0.499
"9629",9,53,15,"SGP",1.91490381471626,2.65253323437179,0.896
"9630",9,53,16,"SGP",0.683165677209258,1.88186472884757,0.318
"9631",9,53,17,"SGP",0.738177868618548,1.90645668288742,0.684
"9632",9,53,18,"SGP",2.04071623457353,2.61385020350242,0.91
"9633",9,53,19,"SGP",1.89781396270688,2.6653434649297,0.8915
"9634",9,53,20,"SGP",1.94534998627301,2.61093524575824,0.102
"9635",9,53,21,"SGP",2.75801106854618,3.02625713142032,0.954
"9636",9,53,22,"SGP",0.612051909484812,1.91281393913682,0.508
"9637",9,53,23,"SGP",0.711570741339409,1.85240728614341,0.641
"9638",9,53,24,"SGP",1.26408585588498,2.22687672783328,0.1965
"9639",9,53,25,"SGP",1.10456959244609,1.9805745571162,0.7705
"9640",9,53,26,"SGP",1.11451165894572,2.09835805639359,0.7785
"9641",9,53,27,"SGP",0.550547697636335,1.79924635534684,0.474
"9642",9,53,28,"SGP",0.797397593811705,1.91564501933353,0.3245
"9643",9,53,29,"SGP",7.51012404478009,9.32436292324298,1
"9644",9,53,30,"SGP",1.31752204014007,2.32238205932926,0.2135
"9645",9,53,31,"SGP",1.56598765113733,2.35196311382146,0.1705
"9646",9,53,32,"SGP",4.69177264542343,4.22969192625212,0.0195
"9647",9,53,33,"SGP",1.87227264745899,2.62986238804143,0.1275
"9648",9,53,34,"SGP",5.42790443985336,4.51530007181608,0.007
"9649",9,53,35,"SGP",0.729292156489399,2.03377428522055,0.508
"9650",9,53,36,"SGP",0.717805578406261,2.09619361013494,0.4775
"9651",9,53,37,"SGP",3.39782338068379,3.44482958973083,0.9435
"9652",9,53,38,"SGP",0.900432691186038,2.12504984642497,0.37
"9653",9,53,1,"SGP50",4.29525738606831,4.16232712809084,0.96
"9654",9,53,2,"SGP50",1.66452351770734,2.53466536934864,0.7125
"9655",9,53,3,"SGP50",1.31800272735842,2.33453215184587,0.7455
"9656",9,53,4,"SGP50",2.13486143995966,2.6778499120794,0.144
"9657",9,53,5,"SGP50",1.36441105066704,2.31741983793461,0.2405
"9658",9,53,6,"SGP50",0.827001936411282,2.150088118671,0.488
"9659",9,53,7,"SGP50",2.05888824915531,2.88696049527221,0.8465
"9660",9,53,8,"SGP50",1.09341046918471,2.16626200612117,0.2975
"9661",9,53,9,"SGP50",1.34572489250235,2.32176488495726,0.1935
"9662",9,53,10,"SGP50",3.01643418644141,3.40763984524849,0.9175
"9663",9,53,11,"SGP50",1.78583292582131,2.55579569704762,0.834
"9664",9,53,12,"SGP50",0.836020947842885,2.131290229481,0.511
"9665",9,53,13,"SGP50",0.764259958777168,2.13967361499334,0.445
"9666",9,53,14,"SGP50",0.711127856840408,2.05468008305273,0.546
"9667",9,53,15,"SGP50",2.08712064982292,2.80034718890667,0.8865
"9668",9,53,16,"SGP50",0.755634623124851,2.04072751795883,0.4855
"9669",9,53,17,"SGP50",1.05907711316678,2.15494588445371,0.729
"9670",9,53,18,"SGP50",2.4257160832606,2.826579785121,0.902
"9671",9,53,19,"SGP50",2.71733445759563,2.85672735708927,0.915
"9672",9,53,20,"SGP50",1.27294555989602,2.60843755992376,0.338
"9673",9,53,21,"SGP50",3.10405384764517,3.18340669704019,0.925
"9674",9,53,22,"SGP50",1.09905016479663,2.23407857447204,0.6195
"9675",9,53,23,"SGP50",1.20231720475992,2.18739664844214,0.6875
"9676",9,53,24,"SGP50",1.08447882226768,2.38036157573453,0.3585
"9677",9,53,25,"SGP50",1.31056801268479,2.2880355922476,0.7645
"9678",9,53,26,"SGP50",1.4860727227384,2.35340546752198,0.77
"9679",9,53,27,"SGP50",0.881172775697477,2.07893467244942,0.5765
"9680",9,53,28,"SGP50",0.855495262408764,2.17192493307026,0.413
"9681",9,53,29,"SGP50",7.4573201467351,5.9571163919792,0.9935
"9682",9,53,30,"SGP50",1.34516857229561,2.66599896523114,0.4775
"9683",9,53,31,"SGP50",1.12728386632675,2.37171518818245,0.362
"9684",9,53,32,"SGP50",3.84783000331629,3.74419887819288,0.0975
"9685",9,53,33,"SGP50",2.33445434141935,2.73745113625459,0.1355
"9686",9,53,34,"SGP50",6.32071692972676,4.75468960731339,0.01
"9687",9,53,35,"SGP50",1.59492392523525,2.46735373499565,0.3365
"9688",9,53,36,"SGP50",1.29789999511675,2.39096077979755,0.3585
"9689",9,53,37,"SGP50",2.27607357248206,2.96486648969334,0.8115
"9690",9,53,38,"SGP50",0.906011974005255,2.22373764796558,0.4265
"9691",9,54,1,"BMA",3.4057969079217,3.8731988489718,0.8605
"9692",9,54,2,"BMA",1.96508871152739,3.05097460305345,0.655
"9693",9,54,3,"BMA",2.12074246916716,3.10856291166577,0.6605
"9694",9,54,4,"BMA",1.50826452627301,2.76498592471883,0.548
"9695",9,54,5,"BMA",1.70043068680269,2.70222344865808,0.3135
"9696",9,54,6,"BMA",1.4105061180249,2.45499599825099,0.3215
"9697",9,54,7,"BMA",1.13049817978674,2.34198250879709,0.6665
"9698",9,54,8,"BMA",1.83792427272247,2.62988151718356,0.837
"9699",9,54,9,"BMA",3.61083154879049,3.64074567324112,0.9475
"9700",9,54,10,"BMA",0.889058884438442,2.09005862730595,0.405
"9701",9,54,11,"BMA",5.42804856628975,4.6132832069186,0.9785
"9702",9,54,12,"BMA",0.941699834850649,2.2895241943562,0.427
"9703",9,54,13,"BMA",5.34067400040126,4.59131890631902,0.984
"9704",9,54,14,"BMA",1.17894371835762,2.40385596274355,0.3205
"9705",9,54,15,"BMA",1.20128312254621,2.28600024299453,0.6975
"9706",9,54,16,"BMA",3.28158125850068,3.26196473529154,0.9225
"9707",9,54,17,"BMA",1.76867394529456,2.56320397083669,0.2205
"9708",9,54,18,"BMA",12.9315102011155,9.9778391862949,0
"9709",9,54,19,"BMA",3.4409476583401,3.29485996891833,0.255
"9710",9,54,20,"BMA",1.47300357689889,2.77729993218034,0.5335
"9711",9,54,21,"BMA",1.43777000708149,2.74017897289598,0.39
"9712",9,54,22,"BMA",1.37947905592879,2.55903216673986,0.609
"9713",9,54,23,"BMA",4.22730922518713,3.3688538979719,0.9175
"9714",9,54,24,"BMA",1.66516298667774,2.73327089367537,0.3075
"9715",9,54,25,"BMA",1.12708932757674,2.45270612663119,0.432
"9716",9,54,26,"BMA",1.378802974932,2.55272259315921,0.6815
"9717",9,54,27,"BMA",1.4009919228341,2.51935555110337,0.293
"9718",9,54,28,"BMA",5.75054169963269,4.24601959827757,0.971
"9719",9,54,29,"BMA",3.02186855405442,2.94689702923022,0.863
"9720",9,54,30,"BMA",1.05203599436703,2.43645108516819,0.482
"9721",9,54,31,"BMA",1.79209112773571,2.6426770496288,0.2325
"9722",9,54,32,"BMA",1.35225519119851,2.45705440630678,0.681
"9723",9,54,33,"BMA",1.7965836300156,2.59915435615324,0.779
"9724",9,54,34,"BMA",0.970426676033636,2.31626390875917,0.4745
"9725",9,54,35,"BMA",0.980367742750115,2.35339252899593,0.5085
"9726",9,54,36,"BMA",4.79655076777272,3.86777745246625,0.0455
"9727",9,54,37,"BMA",1.39857784468167,2.48937949144063,0.3215
"9728",9,54,38,"BMA",0.991978647137874,2.40012075831266,0.464
"9729",9,54,1,"AVS",3.4057969079217,3.90445822067789,0.8805
"9730",9,54,2,"AVS",1.76183543639214,2.96686844067022,0.571
"9731",9,54,3,"AVS",1.81025176157183,2.93031115723923,0.594
"9732",9,54,4,"AVS",1.63130108612693,2.85841649105585,0.5095
"9733",9,54,5,"AVS",2.19790792373167,2.85924952646961,0.2955
"9734",9,54,6,"AVS",2.03851616011655,2.7028058846582,0.3025
"9735",9,54,7,"AVS",1.13523645855468,2.31892631488058,0.6575
"9736",9,54,8,"AVS",1.83906291569276,2.54330792857424,0.819
"9737",9,54,9,"AVS",3.64160323636121,3.52567301536168,0.9415
"9738",9,54,10,"AVS",0.873497140837059,2.13360191346345,0.409
"9739",9,54,11,"AVS",5.40305932263401,4.67310062377952,0.9885
"9740",9,54,12,"AVS",0.915828216623452,2.177417492695,0.387
"9741",9,54,13,"AVS",5.29395829139003,4.61449428121073,0.987
"9742",9,54,14,"AVS",1.2254166126041,2.35455890388825,0.296
"9743",9,54,15,"AVS",1.15474767916829,2.40818746438406,0.706
"9744",9,54,16,"AVS",3.25639930588934,3.14993256763885,0.93
"9745",9,54,17,"AVS",1.80500061973543,2.53006252103378,0.2125
"9746",9,54,18,"AVS",12.9845413619061,10.0026694309309,0
"9747",9,54,19,"AVS",1.87070980190985,2.6967584553821,0.2745
"9748",9,54,20,"AVS",1.07935924281404,2.48987184770785,0.502
"9749",9,54,21,"AVS",1.44136613345646,2.66943584048712,0.3255
"9750",9,54,22,"AVS",1.20639848912815,2.42662517411698,0.6155
"9751",9,54,23,"AVS",3.7893234992135,3.28273773170214,0.9085
"9752",9,54,24,"AVS",1.83419695919131,2.57329952004231,0.255
"9753",9,54,25,"AVS",1.11671132951747,2.44997280296092,0.3845
"9754",9,54,26,"AVS",1.33573557285926,2.44704762330853,0.666
"9755",9,54,27,"AVS",1.40510962546286,2.48916009866239,0.3245
"9756",9,54,28,"AVS",5.74513033720937,4.31576059188763,0.9815
"9757",9,54,29,"AVS",3.01964779365469,3.1159210521253,0.8775
"9758",9,54,30,"AVS",1.05185717711903,2.37801245485685,0.4785
"9759",9,54,31,"AVS",1.79182179225051,2.61185656272855,0.27
"9760",9,54,32,"AVS",1.35205130323903,2.46183042375867,0.675
"9761",9,54,33,"AVS",1.79626754576176,2.57689169167532,0.7525
"9762",9,54,34,"AVS",0.970665630745981,2.35104103070999,0.485
"9763",9,54,35,"AVS",0.980460618180073,2.36868597150583,0.4765
"9764",9,54,36,"AVS",4.79611555612561,3.79079248722403,0.047
"9765",9,54,37,"AVS",1.39818991273497,2.57700667701452,0.308
"9766",9,54,38,"AVS",0.991761312515859,2.45713077945461,0.479
"9767",9,54,1,"EQW",3.4057969079217,3.98531044595528,0.8635
"9768",9,54,2,"EQW",2.49276847540726,2.98877053542621,0.776
"9769",9,54,3,"EQW",3.62627937871557,3.30064704174461,0.83
"9770",9,54,4,"EQW",1.46887727680072,2.62528002135713,0.654
"9771",9,54,5,"EQW",1.36717829709212,2.39409130822612,0.3645
"9772",9,54,6,"EQW",1.40711887654885,2.40299211035481,0.354
"9773",9,54,7,"EQW",1.16229365557428,2.4364516492305,0.589
"9774",9,54,8,"EQW",1.77514336690173,2.68410361000636,0.758
"9775",9,54,9,"EQW",3.4035039545975,3.15321558498389,0.903
"9776",9,54,10,"EQW",1.22056458425059,2.59196224155315,0.505
"9777",9,54,11,"EQW",5.34293280483139,4.29060916526065,0.965
"9778",9,54,12,"EQW",1.44577217857072,2.63833728969189,0.516
"9779",9,54,13,"EQW",5.43715023569562,3.97620175592977,0.9545
"9780",9,54,14,"EQW",1.51290284877688,2.81397582559733,0.4615
"9781",9,54,15,"EQW",1.68020119184486,2.60392818541259,0.6765
"9782",9,54,16,"EQW",3.62198771147492,3.20488981697892,0.8845
"9783",9,54,17,"EQW",1.62879914804469,2.84725586754488,0.3765
"9784",9,54,18,"EQW",11.1305647172769,5.10576244854953,0.0295
"9785",9,54,19,"EQW",2.64579126135487,3.13018184377107,0.284
"9786",9,54,20,"EQW",1.47677861875135,2.76611323998844,0.498
"9787",9,54,21,"EQW",1.43558924420525,2.79284919298881,0.4415
"9788",9,54,22,"EQW",1.61038266182754,2.73130786978905,0.658
"9789",9,54,23,"EQW",5.46470754155196,3.75866226863598,0.944
"9790",9,54,24,"EQW",1.7997820031329,2.92660389196578,0.57
"9791",9,54,25,"EQW",1.69485076383186,2.80545700816633,0.6135
"9792",9,54,26,"EQW",2.89270967878853,3.03771836459801,0.7955
"9793",9,54,27,"EQW",1.73490702320829,2.76895281977605,0.5785
"9794",9,54,28,"EQW",7.74288193019058,4.40950808807009,0.974
"9795",9,54,29,"EQW",6.88364492606922,3.56725031001554,0.936
"9796",9,54,30,"EQW",4.0306121130687,3.1918034091609,0.7315
"9797",9,54,31,"EQW",2.69269507545487,3.12815731155563,0.586
"9798",9,54,32,"EQW",3.79578239824703,3.09040895022648,0.801
"9799",9,54,33,"EQW",4.68892373138966,3.21078689132889,0.8595
"9800",9,54,34,"EQW",3.44579530125621,3.05125216405763,0.7265
"9801",9,54,35,"EQW",3.25071406539458,2.97191539886858,0.7245
"9802",9,54,36,"EQW",2.55861103585461,3.44210696423496,0.3875
"9803",9,54,37,"EQW",1.60143725092312,2.78391093033574,0.4835
"9804",9,54,38,"EQW",1.53255517461964,2.77836060906602,0.5705
"9805",9,54,1,"SGP",3.4057969079217,3.97740345189802,0.8575
"9806",9,54,2,"SGP",3.06777169127358,3.1207123215913,0.8515
"9807",9,54,3,"SGP",3.74728453030481,3.26458406356982,0.898
"9808",9,54,4,"SGP",1.26747987800496,2.36567508506255,0.7065
"9809",9,54,5,"SGP",0.925401392702216,2.11546648868114,0.354
"9810",9,54,6,"SGP",0.842734215855951,2.12223690203933,0.386
"9811",9,54,7,"SGP",1.1679014694414,2.28941900430942,0.7485
"9812",9,54,8,"SGP",1.84862728743632,2.54695458007381,0.8545
"9813",9,54,9,"SGP",3.43251893149669,3.65162079334742,0.9585
"9814",9,54,10,"SGP",0.917302617837082,2.12196972818779,0.372
"9815",9,54,11,"SGP",5.24663401623866,4.65171764877877,0.9845
"9816",9,54,12,"SGP",1.00602122723912,2.21471903899009,0.356
"9817",9,54,13,"SGP",5.01376250908203,4.29725170416978,0.9795
"9818",9,54,14,"SGP",1.62720335172972,2.46675709283931,0.2235
"9819",9,54,15,"SGP",0.992430487946098,2.26056080881613,0.651
"9820",9,54,16,"SGP",2.61019044695188,2.84015296043612,0.8875
"9821",9,54,17,"SGP",2.95446561653312,3.05589550395405,0.093
"9822",9,54,18,"SGP",14.3052266521565,8.43055621547295,0.003
"9823",9,54,19,"SGP",1.86165015642486,2.66367670074042,0.271
"9824",9,54,20,"SGP",1.07181390993582,2.43900089052405,0.52
"9825",9,54,21,"SGP",1.39289914745151,2.56510280011241,0.328
"9826",9,54,22,"SGP",1.10889723703618,2.47582909253055,0.585
"9827",9,54,23,"SGP",3.94035860906501,3.40411245717487,0.9155
"9828",9,54,24,"SGP",1.69981479235643,2.61409049607407,0.271
"9829",9,54,25,"SGP",1.10832756025767,2.46583442021352,0.4195
"9830",9,54,26,"SGP",1.4069922909687,2.49739040656504,0.695
"9831",9,54,27,"SGP",1.34562504196768,2.4658227166591,0.3155
"9832",9,54,28,"SGP",5.65710700344844,4.2247921743103,0.968
"9833",9,54,29,"SGP",3.11710990529495,3.07167627012728,0.8765
"9834",9,54,30,"SGP",1.04960357375705,2.49648419094074,0.486
"9835",9,54,31,"SGP",1.76432705217612,2.6298292127112,0.268
"9836",9,54,32,"SGP",1.39758543329248,2.48244063778091,0.664
"9837",9,54,33,"SGP",1.77371220472448,2.60015217085076,0.759
"9838",9,54,34,"SGP",1.02124094934828,2.41104615737131,0.4935
"9839",9,54,35,"SGP",0.980553380382129,2.38912821087415,0.507
"9840",9,54,36,"SGP",4.72801410452711,3.74751865251927,0.048
"9841",9,54,37,"SGP",1.37139193937787,2.50567589374988,0.308
"9842",9,54,38,"SGP",1.023039652917,2.43132559696868,0.501
"9843",9,54,1,"SGP50",3.4057969079217,3.74654312429934,0.853
"9844",9,54,2,"SGP50",2.51183255461617,3.06691206697855,0.7755
"9845",9,54,3,"SGP50",3.67635073172388,3.43783680233334,0.8345
"9846",9,54,4,"SGP50",1.46498494295533,2.5643133752305,0.6605
"9847",9,54,5,"SGP50",1.32933257189582,2.45500261424342,0.364
"9848",9,54,6,"SGP50",1.33979216619028,2.43457027621658,0.315
"9849",9,54,7,"SGP50",1.14621385367913,2.44148469612089,0.632
"9850",9,54,8,"SGP50",1.76835673525096,2.62349033081384,0.7825
"9851",9,54,9,"SGP50",3.31926817692683,3.1166570041401,0.905
"9852",9,54,10,"SGP50",1.15236018368316,2.49324348909948,0.436
"9853",9,54,11,"SGP50",5.21295740876769,4.19347176711006,0.9645
"9854",9,54,12,"SGP50",1.30927934196538,2.64449798895073,0.479
"9855",9,54,13,"SGP50",5.22354732538005,3.87111632917406,0.9655
"9856",9,54,14,"SGP50",1.44423518727651,2.71115699384915,0.4175
"9857",9,54,15,"SGP50",1.46317669497407,2.46378176331922,0.6775
"9858",9,54,16,"SGP50",3.34967596195132,3.12306570164882,0.89
"9859",9,54,17,"SGP50",1.72991225812543,2.87270109741815,0.312
"9860",9,54,18,"SGP50",11.8143623934888,6.2180166696233,0.017
"9861",9,54,19,"SGP50",2.37499006167012,2.94707427271682,0.263
"9862",9,54,20,"SGP50",1.33985759722526,2.71711375779989,0.5025
"9863",9,54,21,"SGP50",1.39855838035994,2.65779734293777,0.407
"9864",9,54,22,"SGP50",1.4437405766474,2.61004059832575,0.62
"9865",9,54,23,"SGP50",4.92314754832082,3.63020577607032,0.9465
"9866",9,54,24,"SGP50",1.53849361817919,2.8424712919508,0.465
"9867",9,54,25,"SGP50",1.38160738034269,2.67326666643061,0.5555
"9868",9,54,26,"SGP50",2.28833817648976,2.78466995769689,0.7695
"9869",9,54,27,"SGP50",1.41757975615569,2.63076129464,0.503
"9870",9,54,28,"SGP50",6.8789043647389,4.37781431386403,0.9795
"9871",9,54,29,"SGP50",5.08804754455812,3.31638340386281,0.913
"9872",9,54,30,"SGP50",2.27702616627561,2.77429247956296,0.6455
"9873",9,54,31,"SGP50",1.79087988734916,2.93922976375749,0.442
"9874",9,54,32,"SGP50",2.3642833476112,2.78713470239427,0.7515
"9875",9,54,33,"SGP50",2.90767877427707,2.82873740154519,0.8005
"9876",9,54,34,"SGP50",1.74401738389812,2.68384481372685,0.615
"9877",9,54,35,"SGP50",1.63138006495319,2.57809790327421,0.601
"9878",9,54,36,"SGP50",3.34082546449461,3.57364113317047,0.188
"9879",9,54,37,"SGP50",1.37553741806452,2.6059295982587,0.39
"9880",9,54,38,"SGP50",1.16133125873733,2.56936725712741,0.524
"9881",9,55,1,"BMA",0.895808749924241,2.15000956348402,0.672
"9882",9,55,2,"BMA",2.87293051350616,3.84104317000745,0.9095
"9883",9,55,3,"BMA",2.90321169409354,3.13917708969042,0.8185
"9884",9,55,4,"BMA",1.88329173136778,2.84610776531432,0.7345
"9885",9,55,5,"BMA",2.02053789187196,2.92067925447051,0.7305
"9886",9,55,6,"BMA",1.42624074888519,2.64994432507348,0.582
"9887",9,55,7,"BMA",1.4690122716405,2.6962638789578,0.626
"9888",9,55,8,"BMA",2.3692350545842,2.90368159189551,0.7675
"9889",9,55,9,"BMA",1.73465778476143,2.66455553662842,0.648
"9890",9,55,10,"BMA",9.3575730671565,5.2753385981795,0.9785
"9891",9,55,11,"BMA",2.04343643129532,2.91114363897931,0.643
"9892",9,55,12,"BMA",1.70748328366823,2.88569104490097,0.4395
"9893",9,55,13,"BMA",1.70844083565119,2.83513135047726,0.455
"9894",9,55,14,"BMA",1.98875950131977,2.85912422183972,0.6565
"9895",9,55,15,"BMA",2.65128402407485,3.00808050174219,0.753
"9896",9,55,16,"BMA",3.65107764873605,3.29465911274848,0.8225
"9897",9,55,17,"BMA",2.32944265632124,3.10913161596981,0.685
"9898",9,55,18,"BMA",1.69447275105221,2.85529192471298,0.6275
"9899",9,55,19,"BMA",3.19122144136485,3.25507637864402,0.807
"9900",9,55,20,"BMA",7.88558672709974,4.24396946260219,0.9605
"9901",9,55,21,"BMA",10.0935530427739,4.7643026536581,0.982
"9902",9,55,22,"BMA",16.2723267856887,7.27511790391222,0.998
"9903",9,55,23,"BMA",14.1459154232606,5.34817310312789,0.985
"9904",9,55,24,"BMA",5.12279074954527,3.4037723344665,0.852
"9905",9,55,25,"BMA",1.62087042957036,2.60907065180601,0.693
"9906",9,55,26,"BMA",8.52959877266931,5.47969701730016,0.9885
"9907",9,55,27,"BMA",1.23760416962762,2.48558003249587,0.597
"9908",9,55,28,"BMA",1.20295740025293,2.52216839526027,0.4125
"9909",9,55,29,"BMA",1.20828202277259,2.5057122648006,0.4165
"9910",9,55,30,"BMA",1.84242230218659,2.61748444187479,0.7265
"9911",9,55,31,"BMA",1.84828457610526,2.69118736829406,0.2475
"9912",9,55,32,"BMA",1.02184392467456,2.38173298651957,0.5175
"9913",9,55,33,"BMA",14.346177742854,10.6513783819664,0
"9914",9,55,34,"BMA",1.61199951049754,2.67964926629859,0.3195
"9915",9,55,35,"BMA",4.66263333233632,3.56017624646656,0.0805
"9916",9,55,36,"BMA",6.33703878331009,4.19116312429496,0.042
"9917",9,55,37,"BMA",2.39290943255384,2.89437466055813,0.7815
"9918",9,55,38,"BMA",8.99906358655372,5.30868264483049,0.012
"9919",9,55,1,"AVS",0.895808749924241,2.1977817387339,0.6585
"9920",9,55,2,"AVS",3.04562293510654,3.88942349760468,0.9225
"9921",9,55,3,"AVS",2.67462850167866,3.10146823704455,0.8235
"9922",9,55,4,"AVS",1.75707520210169,2.76958385707834,0.703
"9923",9,55,5,"AVS",2.04033518885749,2.80633833362326,0.7215
"9924",9,55,6,"AVS",1.40680223907376,2.7280714029021,0.606
"9925",9,55,7,"AVS",1.42780860548431,2.57046718276459,0.6495
"9926",9,55,8,"AVS",2.14010197740919,2.75133637179849,0.7455
"9927",9,55,9,"AVS",1.28222385746152,2.57748552934996,0.511
"9928",9,55,10,"AVS",8.82820307586764,6.01285888892883,0.9845
"9929",9,55,11,"AVS",6.09289019764168,3.8932838960283,0.2395
"9930",9,55,12,"AVS",1.68338443465414,2.86304705112668,0.436
"9931",9,55,13,"AVS",1.70371876231312,2.82897854781576,0.453
"9932",9,55,14,"AVS",1.84252863298564,2.91782870277609,0.6695
"9933",9,55,15,"AVS",2.50064903463604,3.02970574496101,0.741
"9934",9,55,16,"AVS",3.53358995135713,3.24990534473091,0.7855
"9935",9,55,17,"AVS",2.12676161604306,2.93302338558453,0.6615
"9936",9,55,18,"AVS",1.45128109725186,2.63142426311871,0.5985
"9937",9,55,19,"AVS",2.49972322459697,2.9165383009544,0.778
"9938",9,55,20,"AVS",5.06671505777765,3.69866768459591,0.9535
"9939",9,55,21,"AVS",1.80800513234643,2.6850047194242,0.8065
"9940",9,55,22,"AVS",5.46074467967524,4.65541623380146,0.991
"9941",9,55,23,"AVS",0.944305735812792,2.24333410495627,0.601
"9942",9,55,24,"AVS",0.899634137685462,2.18341866884245,0.354
"9943",9,55,25,"AVS",0.938316278906623,2.15343229315027,0.338
"9944",9,55,26,"AVS",6.19243407991567,4.99452218768606,0.996
"9945",9,55,27,"AVS",1.37422226223554,2.45525835661426,0.2675
"9946",9,55,28,"AVS",2.58596937510331,2.90594576146023,0.1155
"9947",9,55,29,"AVS",2.5828987285065,2.85201520717599,0.128
"9948",9,55,30,"AVS",0.816094778625125,2.1576890470431,0.476
"9949",9,55,31,"AVS",4.21531997057815,3.66400552477964,0.0325
"9950",9,55,32,"AVS",1.70462308101978,2.57398811702997,0.2175
"9951",9,55,33,"AVS",17.6832111526216,27.7925201360177,0
"9952",9,55,34,"AVS",1.83986671283944,2.68673642876995,0.288
"9953",9,55,35,"AVS",4.9435508418478,3.67848871366518,0.0605
"9954",9,55,36,"AVS",6.24690449548396,3.91166232658042,0.046
"9955",9,55,37,"AVS",3.53873943534741,3.17157081902577,0.838
"9956",9,55,38,"AVS",8.99899249837047,5.19453460318292,0.015
"9957",9,55,1,"EQW",0.895808749924241,2.16183321733576,0.677
"9958",9,55,2,"EQW",2.64688079350589,3.36045403102856,0.8335
"9959",9,55,3,"EQW",3.42284212461415,3.67818600504776,0.91
"9960",9,55,4,"EQW",1.39065554477329,2.55979717726027,0.607
"9961",9,55,5,"EQW",1.5518404445662,2.58051995556523,0.7465
"9962",9,55,6,"EQW",1.05433594035473,2.38912257898178,0.5045
"9963",9,55,7,"EQW",1.20926815935588,2.3813080995169,0.6985
"9964",9,55,8,"EQW",2.0958490581767,2.7562579184306,0.8215
"9965",9,55,9,"EQW",1.34394427173052,2.50954610607558,0.594
"9966",9,55,10,"EQW",9.63792779491195,5.81221681415638,0.9915
"9967",9,55,11,"EQW",2.51217679751444,3.0985334923633,0.4045
"9968",9,55,12,"EQW",1.35602167503551,2.64548769099597,0.4025
"9969",9,55,13,"EQW",1.33767563886518,2.60124089487426,0.5515
"9970",9,55,14,"EQW",2.11391163952938,2.75000103142001,0.7495
"9971",9,55,15,"EQW",2.56073382957927,2.86079394038665,0.787
"9972",9,55,16,"EQW",2.93556915042934,2.85706839269184,0.81
"9973",9,55,17,"EQW",1.66938994638123,2.83141412851658,0.5555
"9974",9,55,18,"EQW",1.45384335140859,2.66551416145426,0.538
"9975",9,55,19,"EQW",2.26733155426159,2.72784712073484,0.769
"9976",9,55,20,"EQW",5.83042722345647,3.83874032465719,0.9645
"9977",9,55,21,"EQW",5.21062158196436,3.31663153223224,0.9115
"9978",9,55,22,"EQW",10.2226528772557,5.09195319620344,0.993
"9979",9,55,23,"EQW",6.15571569142597,3.25549330581158,0.841
"9980",9,55,24,"EQW",4.75519734532381,3.17593255711555,0.7615
"9981",9,55,25,"EQW",4.07761710945498,3.0692194610662,0.721
"9982",9,55,26,"EQW",11.0731647835918,4.97545922965859,0.9945
"9983",9,55,27,"EQW",4.77426151439046,3.24393807932697,0.712
"9984",9,55,28,"EQW",3.32489450396762,3.26430876280652,0.588
"9985",9,55,29,"EQW",2.54856834551183,3.09704856027053,0.557
"9986",9,55,30,"EQW",3.23154024041283,3.00434803148484,0.746
"9987",9,55,31,"EQW",2.24683587743902,3.18454407397434,0.454
"9988",9,55,32,"EQW",1.81101995384175,2.86790204105471,0.5425
"9989",9,55,33,"EQW",10.8192604678525,4.60714013251172,0.0495
"9990",9,55,34,"EQW",3.24229382213205,3.15055973452663,0.202
"9991",9,55,35,"EQW",6.13358113302199,3.91705407135029,0.0855
"9992",9,55,36,"EQW",6.76472751155917,3.77971197368906,0.0715
"9993",9,55,37,"EQW",3.26655709603535,3.47861022822445,0.6795
"9994",9,55,38,"EQW",6.36429357035353,3.92991948713646,0.0995
"9995",9,55,1,"SGP",0.895808749924241,2.14579679304977,0.6655
"9996",9,55,2,"SGP",3.37228836281332,4.51328683302486,0.944
"9997",9,55,3,"SGP",3.84456359294855,4.40827370424479,0.9765
"9998",9,55,4,"SGP",1.1720924720031,2.38612536469577,0.651
"9999",9,55,5,"SGP",1.54985892028857,2.34463519848825,0.8265
"10000",9,55,6,"SGP",0.90956803207932,2.15811526240997,0.32
"10001",9,55,7,"SGP",0.759744836712922,1.86320680372599,0.7345
"10002",9,55,8,"SGP",1.3121302807227,2.25167932574012,0.851
"10003",9,55,9,"SGP",1.12277107702066,2.33617160584516,0.175
"10004",9,55,10,"SGP",8.94936056552075,10.9872715508204,0.999
"10005",9,55,11,"SGP",12.114942897616,5.45711807741652,0.0315
"10006",9,55,12,"SGP",1.52248897637257,2.40173215804112,0.239
"10007",9,55,13,"SGP",0.846254883937136,2.24072073954207,0.4415
"10008",9,55,14,"SGP",1.07461700006684,2.22294244113196,0.67
"10009",9,55,15,"SGP",1.05657754596416,2.25263707983572,0.6735
"10010",9,55,16,"SGP",0.945717430344594,2.15811227928426,0.669
"10011",9,55,17,"SGP",1.73949681944267,2.6307662182484,0.1885
"10012",9,55,18,"SGP",1.56068010012896,2.45191673165179,0.2195
"10013",9,55,19,"SGP",0.745382474679831,2.14858283150944,0.543
"10014",9,55,20,"SGP",2.94028724156561,3.19848476675835,0.924
"10015",9,55,21,"SGP",1.34950123464914,2.29082336868308,0.7685
"10016",9,55,22,"SGP",5.36020551449555,4.66854090838111,0.9895
"10017",9,55,23,"SGP",0.961808164385969,2.23544954326398,0.6075
"10018",9,55,24,"SGP",0.898018612390179,2.14103420134553,0.362
"10019",9,55,25,"SGP",0.933957788970853,2.2658614047973,0.355
"10020",9,55,26,"SGP",6.22736693624776,5.37884584404536,0.9955
"10021",9,55,27,"SGP",1.35579674957767,2.45797980643663,0.271
"10022",9,55,28,"SGP",2.54265878881406,2.91946292639407,0.1205
"10023",9,55,29,"SGP",2.54320902049475,2.84699660544571,0.1245
"10024",9,55,30,"SGP",0.821274068458639,2.17037460615807,0.4915
"10025",9,55,31,"SGP",4.16144129934238,3.58560597400768,0.045
"10026",9,55,32,"SGP",1.71579306839846,2.48080309299431,0.2085
"10027",9,55,33,"SGP",17.7945697390036,9.11786066702331,0
"10028",9,55,34,"SGP",2.47431050995862,2.83977986560926,0.19
"10029",9,55,35,"SGP",6.41197978983747,4.38048317700777,0.028
"10030",9,55,36,"SGP",4.25055718136841,3.42948653693602,0.055
"10031",9,55,37,"SGP",10.6293654825187,7.05553508219148,0.9955
"10032",9,55,38,"SGP",6.46595309563381,4.10127870613366,0.0295
"10033",9,55,1,"SGP50",0.895808749924241,2.19951366849524,0.6695
"10034",9,55,2,"SGP50",2.68020894645592,3.57216110609696,0.845
"10035",9,55,3,"SGP50",3.46158655360419,3.59003315667216,0.913
"10036",9,55,4,"SGP50",1.37002249819516,2.58384770123933,0.6035
"10037",9,55,5,"SGP50",1.5426232327264,2.53960067153497,0.742
"10038",9,55,6,"SGP50",1.02979281843832,2.37378330581741,0.4855
"10039",9,55,7,"SGP50",1.19434369867828,2.29452317136948,0.688
"10040",9,55,8,"SGP50",2.07526342631908,2.69150774941052,0.833
"10041",9,55,9,"SGP50",1.26438696038606,2.56169450253186,0.5815
"10042",9,55,10,"SGP50",9.62718802553318,5.86110453279992,0.99
"10043",9,55,11,"SGP50",2.82378415142795,3.18212405792561,0.373
"10044",9,55,12,"SGP50",1.31944240642943,2.57793461070939,0.407
"10045",9,55,13,"SGP50",1.27586177808977,2.59844193554469,0.55
"10046",9,55,14,"SGP50",1.99799053030008,2.68455526409444,0.7435
"10047",9,55,15,"SGP50",2.31948770908503,2.78419325516903,0.7835
"10048",9,55,16,"SGP50",2.52392625124207,2.77527449879102,0.803
"10049",9,55,17,"SGP50",1.43227197816379,2.70906637502708,0.493
"10050",9,55,18,"SGP50",1.27691051049307,2.6097034831399,0.495
"10051",9,55,19,"SGP50",1.86211520179735,2.64908527961878,0.7285
"10052",9,55,20,"SGP50",5.08807122496794,3.66952540608646,0.955
"10053",9,55,21,"SGP50",3.9235394363717,3.00487394123743,0.8805
"10054",9,55,22,"SGP50",8.48235467275065,4.79871663811146,0.9945
"10055",9,55,23,"SGP50",3.68796081167526,2.95024237902202,0.793
"10056",9,55,24,"SGP50",2.47551162418991,2.79674981136301,0.661
"10057",9,55,25,"SGP50",2.01599606296779,2.65719344758616,0.6095
"10058",9,55,26,"SGP50",8.543259246744,5.30249060252645,0.994
"10059",9,55,27,"SGP50",1.97903122817621,2.7724259569195,0.5585
"10060",9,55,28,"SGP50",1.81107019509889,2.9174650820978,0.3905
"10061",9,55,29,"SGP50",1.67341278695697,2.77622880452174,0.3905
"10062",9,55,30,"SGP50",1.61360330828496,2.5797430327669,0.637
"10063",9,55,31,"SGP50",2.38351013222968,3.14562732686398,0.283
"10064",9,55,32,"SGP50",1.28793265548432,2.55103335245973,0.414
"10065",9,55,33,"SGP50",14.1242438448483,5.31080787787861,0.0215
"10066",9,55,34,"SGP50",2.44065304803139,2.9643495159404,0.2235
"10067",9,55,35,"SGP50",5.80833870003766,3.88603334394956,0.069
"10068",9,55,36,"SGP50",5.65471912484069,3.69419747863421,0.06
"10069",9,55,37,"SGP50",4.67369897257911,3.62914768675753,0.8165
"10070",9,55,38,"SGP50",7.20340354341779,4.34175236603743,0.0455
"10071",9,56,1,"BMA",3.59130254244336,3.40304683337657,0.0625
"10072",9,56,2,"BMA",1.01416755884922,2.18776629286666,0.384
"10073",9,56,3,"BMA",1.7839157405185,2.5788808492472,0.822
"10074",9,56,4,"BMA",1.22653926866324,2.36994366258064,0.7275
"10075",9,56,5,"BMA",0.759092416037946,2.04432262917448,0.5785
"10076",9,56,6,"BMA",0.730812861347229,2.04590923263524,0.6035
"10077",9,56,7,"BMA",0.878012127038393,1.92645549584535,0.293
"10078",9,56,8,"BMA",0.559676527431649,1.77320116735111,0.532
"10079",9,56,9,"BMA",1.12581888028551,2.05975778833319,0.2015
"10080",9,56,10,"BMA",1.66448397271885,2.45454701375952,0.1115
"10081",9,56,11,"BMA",3.73343530870743,3.85356872475099,0.0295
"10082",9,56,12,"BMA",1.08629105599592,2.37659509372656,0.6395
"10083",9,56,13,"BMA",0.734639944500159,2.03028524642828,0.404
"10084",9,56,14,"BMA",0.592202410953572,1.86116282545861,0.45
"10085",9,56,15,"BMA",0.56419929271246,1.70393063260222,0.4315
"10086",9,56,16,"BMA",1.37786974046084,2.19554266332618,0.1615
"10087",9,56,17,"BMA",0.545793085441971,1.80045246320489,0.463
"10088",9,56,18,"BMA",1.25670757447583,2.19919704986527,0.1645
"10089",9,56,19,"BMA",0.540963874866477,1.82742137211952,0.4585
"10090",9,56,20,"BMA",4.67126495939494,4.81373740377688,0.995
"10091",9,56,21,"BMA",1.77962244378648,2.48882335011786,0.8595
"10092",9,56,22,"BMA",1.11564242347664,2.20836012058479,0.237
"10093",9,56,23,"BMA",2.58842196373216,3.08156542707747,0.056
"10094",9,56,24,"BMA",1.78156852641673,2.65330793790097,0.8825
"10095",9,56,25,"BMA",0.705689829644262,1.92091069145667,0.3915
"10096",9,56,26,"BMA",0.773272499575093,1.87629026556652,0.6545
"10097",9,56,27,"BMA",1.96409457776582,2.51694685799893,0.897
"10098",9,56,28,"BMA",2.28681936187818,2.8076391154339,0.917
"10099",9,56,29,"BMA",3.88104278817956,3.78174147829772,0.9805
"10100",9,56,30,"BMA",0.746102290375818,1.96803421157827,0.352
"10101",9,56,31,"BMA",0.740964042738965,2.00870553631612,0.3255
"10102",9,56,32,"BMA",4.55522708257667,4.73112176471428,0.0065
"10103",9,56,33,"BMA",1.86283963990412,2.52548567831469,0.8715
"10104",9,56,34,"BMA",1.82272187234205,2.62621751295321,0.1355
"10105",9,56,35,"BMA",1.21834249198089,2.18813207848417,0.765
"10106",9,56,36,"BMA",2.65764143377201,3.1291496079273,0.053
"10107",9,56,37,"BMA",2.60077921798414,2.89323480735456,0.923
"10108",9,56,38,"BMA",3.43116402067597,3.43827411578475,0.966
"10109",9,56,1,"AVS",3.59130254244336,3.39379364769135,0.0575
"10110",9,56,2,"AVS",0.805521395125251,2.10148240673875,0.409
"10111",9,56,3,"AVS",1.86524731711696,2.6790176441838,0.862
"10112",9,56,4,"AVS",1.30901784053408,2.32766221202486,0.766
"10113",9,56,5,"AVS",0.768708174639688,2.10190339856597,0.574
"10114",9,56,6,"AVS",0.747771581621154,2.06450969539557,0.586
"10115",9,56,7,"AVS",0.987853227888139,2.00787465190886,0.2925
"10116",9,56,8,"AVS",0.597620473556883,1.83309668278627,0.5205
"10117",9,56,9,"AVS",1.20347624895923,2.1125938494689,0.2085
"10118",9,56,10,"AVS",1.65349154304647,2.45045544828879,0.1215
"10119",9,56,11,"AVS",3.40071273729455,3.53508292579834,0.0465
"10120",9,56,12,"AVS",1.39136133495575,2.4158807197879,0.78
"10121",9,56,13,"AVS",0.675618989556415,1.95977183362674,0.4175
"10122",9,56,14,"AVS",0.594357403432938,1.86952566498093,0.494
"10123",9,56,15,"AVS",0.553508746782144,1.82257331048491,0.4755
"10124",9,56,16,"AVS",1.26604001947986,2.12095862720874,0.1915
"10125",9,56,17,"AVS",0.544596884325447,1.76652066599891,0.477
"10126",9,56,18,"AVS",1.2686361836778,2.16956646583337,0.182
"10127",9,56,19,"AVS",0.52243820951511,1.73376898375997,0.474
"10128",9,56,20,"AVS",4.73449855090904,5.06988170952267,0.9935
"10129",9,56,21,"AVS",1.53334384159845,2.35509302887231,0.8255
"10130",9,56,22,"AVS",1.20198664024146,2.20562092307799,0.209
"10131",9,56,23,"AVS",2.66929018198416,3.04490866986743,0.053
"10132",9,56,24,"AVS",1.86383875343158,2.55938287012351,0.8915
"10133",9,56,25,"AVS",0.72471553731815,1.92803280915226,0.3645
"10134",9,56,26,"AVS",0.760761904765566,1.94855465110558,0.69
"10135",9,56,27,"AVS",1.9109120201256,2.53618599299995,0.8785
"10136",9,56,28,"AVS",2.07446632738688,2.73817129120925,0.9035
"10137",9,56,29,"AVS",3.7347143136921,3.83599366014663,0.9835
"10138",9,56,30,"AVS",0.750619395729204,2.04112749941069,0.35
"10139",9,56,31,"AVS",0.745690911844239,1.99368949324609,0.34
"10140",9,56,32,"AVS",4.57573537157852,4.64543920734656,0.007
"10141",9,56,33,"AVS",1.84717519229063,2.45771761619546,0.8705
"10142",9,56,34,"AVS",1.85321700810818,2.61676158971971,0.1315
"10143",9,56,35,"AVS",1.2062438299072,2.16388879933022,0.772
"10144",9,56,36,"AVS",2.66008549661994,3.1460850616964,0.0625
"10145",9,56,37,"AVS",2.59617613836819,2.89779348876038,0.9295
"10146",9,56,38,"AVS",3.42776789283746,3.43013665927876,0.962
"10147",9,56,1,"EQW",3.59130254244336,3.35763769772292,0.0635
"10148",9,56,2,"EQW",1.16666157257368,2.35753278505349,0.3985
"10149",9,56,3,"EQW",1.63283464433494,2.71097409368199,0.755
"10150",9,56,4,"EQW",1.11470512183847,2.41810983232153,0.6
"10151",9,56,5,"EQW",0.960981608102346,2.30620605477964,0.47
"10152",9,56,6,"EQW",0.870963235119103,2.207700848217,0.532
"10153",9,56,7,"EQW",1.18967720974552,2.18645877352594,0.2735
"10154",9,56,8,"EQW",0.776477277818159,2.1243774427059,0.5295
"10155",9,56,9,"EQW",1.15566816654001,2.26900582930827,0.259
"10156",9,56,10,"EQW",1.16694729148231,2.29866771338604,0.285
"10157",9,56,11,"EQW",2.46955002479943,2.85091128672729,0.145
"10158",9,56,12,"EQW",1.08389741552898,2.40199836494704,0.6035
"10159",9,56,13,"EQW",0.87373975241537,2.26804481988752,0.4915
"10160",9,56,14,"EQW",0.797752772491348,2.03834512659588,0.559
"10161",9,56,15,"EQW",0.802802462250515,2.05289135211201,0.56
"10162",9,56,16,"EQW",1.03121940907693,2.35862214407025,0.3215
"10163",9,56,17,"EQW",0.689838343898363,1.99804925983705,0.5335
"10164",9,56,18,"EQW",1.04020698052435,2.24244107280241,0.2845
"10165",9,56,19,"EQW",0.693326194464083,2.04894417757063,0.472
"10166",9,56,20,"EQW",4.53510503838417,4.5677862618614,0.9865
"10167",9,56,21,"EQW",2.78618638050485,2.77213915532329,0.882
"10168",9,56,22,"EQW",1.23181217318494,2.51770340595286,0.5675
"10169",9,56,23,"EQW",1.42152479125053,2.56944178698768,0.28
"10170",9,56,24,"EQW",1.94200907356659,2.5939006240157,0.8445
"10171",9,56,25,"EQW",0.806150812154247,2.11779534853058,0.5135
"10172",9,56,26,"EQW",1.18849697219194,2.14721799331578,0.744
"10173",9,56,27,"EQW",2.68831792814972,2.85638706653338,0.915
"10174",9,56,28,"EQW",3.93144970562284,3.47313681444067,0.962
"10175",9,56,29,"EQW",6.65451382049037,4.69451351674377,0.992
"10176",9,56,30,"EQW",2.69532614639429,2.71287245328328,0.751
"10177",9,56,31,"EQW",2.07376300887311,2.6333305844113,0.704
"10178",9,56,32,"EQW",1.84182749110816,2.96121419101739,0.3045
"10179",9,56,33,"EQW",2.21662605136935,2.84935423973318,0.8285
"10180",9,56,34,"EQW",1.12382401266792,2.47177384571059,0.382
"10181",9,56,35,"EQW",1.47186364065591,2.54508218866355,0.7585
"10182",9,56,36,"EQW",1.83935790454353,2.69767833323775,0.2315
"10183",9,56,37,"EQW",2.15079290191328,2.9802681457921,0.812
"10184",9,56,38,"EQW",4.04373278771285,3.56235182453941,0.9375
"10185",9,56,1,"SGP",3.59130254244336,3.46437008235837,0.06
"10186",9,56,2,"SGP",0.791472301235488,2.12727120113025,0.43
"10187",9,56,3,"SGP",1.94939078894936,2.62239657709723,0.8875
"10188",9,56,4,"SGP",1.28878729941093,2.28532193614204,0.7725
"10189",9,56,5,"SGP",0.755310364573736,1.9061191042761,0.672
"10190",9,56,6,"SGP",0.738230265786126,1.94981827474135,0.664
"10191",9,56,7,"SGP",0.716646403734947,1.79452317768443,0.306
"10192",9,56,8,"SGP",0.510902587847408,1.67888148848123,0.524
"10193",9,56,9,"SGP",1.06166470584308,2.04070155624353,0.194
"10194",9,56,10,"SGP",1.69712851057473,2.5193563591566,0.1
"10195",9,56,11,"SGP",4.0943784695407,4.33205784011209,0.016
"10196",9,56,12,"SGP",1.06146542665872,2.17344822120316,0.2405
"10197",9,56,13,"SGP",1.21200750839079,2.25731413143654,0.2095
"10198",9,56,14,"SGP",0.643753765757822,1.76496836886185,0.329
"10199",9,56,15,"SGP",0.637182399579293,1.77880451132313,0.3475
"10200",9,56,16,"SGP",1.77444493127045,2.59149703882477,0.086
"10201",9,56,17,"SGP",0.552220028298014,1.77116597773389,0.493
"10202",9,56,18,"SGP",1.14123892128384,2.15770169459091,0.1925
"10203",9,56,19,"SGP",0.530110607513961,1.79711064218696,0.489
"10204",9,56,20,"SGP",4.69782709807809,5.53080623008088,0.9975
"10205",9,56,21,"SGP",1.29110506719899,2.20895997038522,0.8035
"10206",9,56,22,"SGP",1.12718876848575,2.15821198830544,0.215
"10207",9,56,23,"SGP",2.66428720850597,3.0671950075933,0.079
"10208",9,56,24,"SGP",1.87182967963966,2.60270618578443,0.8875
"10209",9,56,25,"SGP",0.749488786013529,1.87079581800975,0.339
"10210",9,56,26,"SGP",0.741291898022429,1.95057055276379,0.685
"10211",9,56,27,"SGP",1.88271488310483,2.45707031971032,0.8945
"10212",9,56,28,"SGP",3.09327111675816,3.38398071881524,0.9685
"10213",9,56,29,"SGP",5.74228504639551,5.09167872511065,0.9965
"10214",9,56,30,"SGP",0.915980212330778,2.0626351796196,0.6895
"10215",9,56,31,"SGP",0.712194531437991,2.0350331297802,0.579
"10216",9,56,32,"SGP",3.13947692834489,3.43072458150581,0.0425
"10217",9,56,33,"SGP",2.19168289756444,2.75391524524852,0.903
"10218",9,56,34,"SGP",1.15077308971013,2.24211501143927,0.233
"10219",9,56,35,"SGP",1.43864049985794,2.32209935093586,0.812
"10220",9,56,36,"SGP",2.55910265824705,3.05988963270605,0.0695
"10221",9,56,37,"SGP",2.66506041351818,2.98616451796692,0.923
"10222",9,56,38,"SGP",3.56596757337064,3.50760056399865,0.968
"10223",9,56,1,"SGP50",3.59130254244336,3.36381889932437,0.0595
"10224",9,56,2,"SGP50",1.12743465044356,2.3496036488579,0.417
"10225",9,56,3,"SGP50",1.66071617450562,2.76265929685777,0.76
"10226",9,56,4,"SGP50",1.09316012989276,2.40254989891614,0.629
"10227",9,56,5,"SGP50",0.897411185504952,2.2356712692265,0.4925
"10228",9,56,6,"SGP50",0.822290011471351,2.14058965561928,0.543
"10229",9,56,7,"SGP50",1.12243131487899,2.17132673820989,0.287
"10230",9,56,8,"SGP50",0.733142511866222,2.02261165593594,0.5705
"10231",9,56,9,"SGP50",1.16513481563307,2.24201538660201,0.241
"10232",9,56,10,"SGP50",1.21388717625894,2.29853840827249,0.261
"10233",9,56,11,"SGP50",2.66535897244238,3.10757324493957,0.1115
"10234",9,56,12,"SGP50",1.0132993721402,2.37114273536051,0.5515
"10235",9,56,13,"SGP50",0.819364529246243,2.23471108186543,0.462
"10236",9,56,14,"SGP50",0.714016736083184,2.04174490708523,0.5335
"10237",9,56,15,"SGP50",0.706990858795782,1.94046781288124,0.538
"10238",9,56,16,"SGP50",1.11978424226467,2.26020892859008,0.2575
"10239",9,56,17,"SGP50",0.642836668957303,1.92926514502588,0.516
"10240",9,56,18,"SGP50",1.12164447489691,2.23772034624139,0.2565
"10241",9,56,19,"SGP50",0.669867542829298,1.98726662241285,0.4435
"10242",9,56,20,"SGP50",4.41811768637185,4.21867802068604,0.986
"10243",9,56,21,"SGP50",2.36984569675556,2.69981874599763,0.8905
"10244",9,56,22,"SGP50",1.03570672804408,2.4391987498709,0.4825
"10245",9,56,23,"SGP50",1.63314601565765,2.68336741358425,0.2165
"10246",9,56,24,"SGP50",1.80866499277175,2.48470485706493,0.844
"10247",9,56,25,"SGP50",0.722498526693858,2.04299836743881,0.4755
"10248",9,56,26,"SGP50",1.01108183079703,2.07903756819587,0.713
"10249",9,56,27,"SGP50",2.42071228679714,2.78042143255455,0.9135
"10250",9,56,28,"SGP50",3.54638145332588,3.34719800487149,0.9475
"10251",9,56,29,"SGP50",6.16234322502672,4.74173263695404,0.993
"10252",9,56,30,"SGP50",2.05693812125167,2.60181053876579,0.736
"10253",9,56,31,"SGP50",1.58719596648602,2.44553827909307,0.6735
"10254",9,56,32,"SGP50",2.12626531006677,3.14632060512737,0.249
"10255",9,56,33,"SGP50",2.24195440802101,2.74464867234884,0.8545
"10256",9,56,34,"SGP50",1.13152761747277,2.4544674142365,0.348
"10257",9,56,35,"SGP50",1.47946322414249,2.52709670634748,0.793
"10258",9,56,36,"SGP50",1.94266787924379,2.81194624221644,0.211
"10259",9,56,37,"SGP50",2.34782382699233,2.94959949283792,0.856
"10260",9,56,38,"SGP50",3.9747055227405,3.527237872553,0.9505
"10261",9,57,1,"BMA",4.46916849483762,3.8301077298856,0.6945
"10262",9,57,2,"BMA",6.6125051659217,4.13803995890923,0.851
"10263",9,57,3,"BMA",4.73498304406118,3.66956204425677,0.7235
"10264",9,57,4,"BMA",2.90839182104344,3.36727682956539,0.439
"10265",9,57,5,"BMA",4.30621028501562,3.47780797483536,0.808
"10266",9,57,6,"BMA",3.45735272864356,3.331913732693,0.214
"10267",9,57,7,"BMA",9.10618400550303,4.91635740475567,0.07
"10268",9,57,8,"BMA",3.35497205857892,3.44949726466182,0.4695
"10269",9,57,9,"BMA",3.20893643983,3.42866016375071,0.607
"10270",9,57,10,"BMA",2.45335216810182,3.25539369878437,0.53
"10271",9,57,11,"BMA",2.73009123728183,3.38139617470963,0.324
"10272",9,57,12,"BMA",8.69936493997095,4.35030849572999,0.0615
"10273",9,57,13,"BMA",3.73325002670359,3.60613937949118,0.346
"10274",9,57,14,"BMA",3.32629231882746,3.24286720430904,0.3035
"10275",9,57,15,"BMA",2.41191639815345,3.13152691091433,0.3315
"10276",9,57,16,"BMA",1.79818093849231,2.97991100875397,0.5155
"10277",9,57,17,"BMA",2.78413663817902,3.09369375073162,0.242
"10278",9,57,18,"BMA",11.7364511972381,5.20894700319544,0.975
"10279",9,57,19,"BMA",4.9911669022974,3.55841742421439,0.831
"10280",9,57,20,"BMA",4.41370420994191,3.65614112301627,0.1955
"10281",9,57,21,"BMA",5.25698049824841,3.72466373266466,0.869
"10282",9,57,22,"BMA",2.20156224948902,3.08588277226668,0.5135
"10283",9,57,23,"BMA",1.96360731879817,3.09273071793473,0.4285
"10284",9,57,24,"BMA",3.52757405798589,3.25584598177583,0.207
"10285",9,57,25,"BMA",1.64847771848185,2.91054951882106,0.4805
"10286",9,57,26,"BMA",1.80048980782012,2.92473903948735,0.362
"10287",9,57,27,"BMA",1.58042715098432,2.87802318508754,0.4495
"10288",9,57,28,"BMA",1.78836046431491,2.84791605580101,0.63
"10289",9,57,29,"BMA",2.0717005574657,2.86143126060301,0.674
"10290",9,57,30,"BMA",1.59516797674381,2.73455181339461,0.4065
"10291",9,57,31,"BMA",1.75913301933914,2.81031434521338,0.6725
"10292",9,57,32,"BMA",1.95872014750788,2.83391390502007,0.7375
"10293",9,57,33,"BMA",1.77451856223345,2.56694338268618,0.3135
"10294",9,57,34,"BMA",0.968271544699161,2.31092685930313,0.4705
"10295",9,57,35,"BMA",1.96028170379974,2.72043256233959,0.173
"10296",9,57,36,"BMA",2.04335191929565,2.84136975501849,0.185
"10297",9,57,37,"BMA",1.7028346591774,2.62859121019555,0.231
"10298",9,57,38,"BMA",0.875458175841924,2.21091909754884,0.4385
"10299",9,57,1,"AVS",4.46916849483762,3.78230248300862,0.6845
"10300",9,57,2,"AVS",5.68178503463952,3.91206126350405,0.766
"10301",9,57,3,"AVS",4.53803333271347,3.76499668132537,0.66
"10302",9,57,4,"AVS",4.23834516088932,3.63094194066253,0.266
"10303",9,57,5,"AVS",3.39447620486851,3.41605885597896,0.7395
"10304",9,57,6,"AVS",3.7668802416085,3.44606027865753,0.2655
"10305",9,57,7,"AVS",7.77009052844879,4.40576861955428,0.1405
"10306",9,57,8,"AVS",4.36407216828793,3.61448822996173,0.568
"10307",9,57,9,"AVS",5.9705072293407,3.6306385902613,0.7645
"10308",9,57,10,"AVS",2.97647115142904,3.36354467649296,0.5685
"10309",9,57,11,"AVS",3.83988584415037,3.36631973242603,0.176
"10310",9,57,12,"AVS",9.77851942474545,4.75226279409845,0.0305
"10311",9,57,13,"AVS",6.45154757815514,3.86942904306435,0.1395
"10312",9,57,14,"AVS",2.6087446170346,3.1281673999333,0.347
"10313",9,57,15,"AVS",1.66902324730003,2.9149908691355,0.4475
"10314",9,57,16,"AVS",1.70711617117815,2.83180738324031,0.555
"10315",9,57,17,"AVS",2.46168836588357,3.04637218090813,0.279
"10316",9,57,18,"AVS",13.2371628920299,6.04842993097558,0.992
"10317",9,57,19,"AVS",3.11772427040403,3.26913172502512,0.747
"10318",9,57,20,"AVS",5.7957104178073,3.94901225896479,0.078
"10319",9,57,21,"AVS",5.91226658280238,3.74040880246996,0.915
"10320",9,57,22,"AVS",1.82836058016762,3.01289284150583,0.432
"10321",9,57,23,"AVS",1.80306829928828,2.96127553076181,0.424
"10322",9,57,24,"AVS",3.34381250799652,3.2139431763893,0.2065
"10323",9,57,25,"AVS",1.51660950089731,2.82825643020338,0.5205
"10324",9,57,26,"AVS",1.54857878742504,2.76606888346031,0.417
"10325",9,57,27,"AVS",1.43434588375885,2.72158511269065,0.483
"10326",9,57,28,"AVS",1.92898600866981,2.81956598212637,0.667
"10327",9,57,29,"AVS",2.29401856251124,2.93841556140305,0.6895
"10328",9,57,30,"AVS",1.64012440265675,2.81673306656214,0.4305
"10329",9,57,31,"AVS",2.13421964693257,2.9439701998423,0.708
"10330",9,57,32,"AVS",1.97657628870218,2.82870621695658,0.689
"10331",9,57,33,"AVS",2.67040871771203,3.07226931125177,0.215
"10332",9,57,34,"AVS",1.34270688953196,2.67528393283499,0.533
"10333",9,57,35,"AVS",1.85849619441816,2.80080909911674,0.313
"10334",9,57,36,"AVS",1.38245938480638,2.7332619991311,0.537
"10335",9,57,37,"AVS",1.38834679187217,2.70078867801938,0.5675
"10336",9,57,38,"AVS",1.66310421462386,2.65825124157116,0.6635
"10337",9,57,1,"EQW",4.46916849483762,3.80695039175224,0.6925
"10338",9,57,2,"EQW",6.64371296535812,4.16865094237481,0.8315
"10339",9,57,3,"EQW",4.716249114127,3.59819642989519,0.76
"10340",9,57,4,"EQW",3.12345791843858,3.40510095535804,0.53
"10341",9,57,5,"EQW",6.89679852506038,3.8671018243688,0.8525
"10342",9,57,6,"EQW",3.71019786523488,3.62900417192318,0.5185
"10343",9,57,7,"EQW",4.7698397221321,3.95794345557388,0.357
"10344",9,57,8,"EQW",3.5974906269737,3.57701962738558,0.54
"10345",9,57,9,"EQW",4.40078856259696,3.54222859661883,0.6475
"10346",9,57,10,"EQW",4.51160620500654,3.55798981950689,0.662
"10347",9,57,11,"EQW",4.1273612556645,3.58702540432958,0.6
"10348",9,57,12,"EQW",5.4640445562121,4.14435511128233,0.2655
"10349",9,57,13,"EQW",3.49577965349,3.63503581516894,0.483
"10350",9,57,14,"EQW",3.18780122427795,3.4859215011796,0.4065
"10351",9,57,15,"EQW",2.87986849057266,3.30984297802479,0.3745
"10352",9,57,16,"EQW",2.383909223411,3.2296389331854,0.4345
"10353",9,57,17,"EQW",3.4234195082164,3.33029501684822,0.241
"10354",9,57,18,"EQW",6.53112153004009,4.07167850147196,0.8875
"10355",9,57,19,"EQW",5.05939570790907,3.59391436240663,0.774
"10356",9,57,20,"EQW",3.00953331810779,3.51246548968225,0.486
"10357",9,57,21,"EQW",6.01460739785659,3.82312187418852,0.866
"10358",9,57,22,"EQW",4.40578585038775,3.63178470302511,0.7125
"10359",9,57,23,"EQW",3.89888439705161,3.49060862514995,0.686
"10360",9,57,24,"EQW",2.6948526163036,3.37225083469455,0.509
"10361",9,57,25,"EQW",2.35660936867913,3.15345639072259,0.5785
"10362",9,57,26,"EQW",2.10185191544584,3.16435099776034,0.4615
"10363",9,57,27,"EQW",2.05485602908813,3.1076704616626,0.441
"10364",9,57,28,"EQW",1.87525202138215,3.00746568462583,0.5335
"10365",9,57,29,"EQW",2.0922629760973,2.92592588894383,0.6265
"10366",9,57,30,"EQW",1.70192358958647,2.93148729706971,0.5065
"10367",9,57,31,"EQW",2.27416506993498,2.8488421288437,0.6855
"10368",9,57,32,"EQW",3.0173182336031,3.06875527111718,0.774
"10369",9,57,33,"EQW",1.82482007224408,2.90111968547271,0.4955
"10370",9,57,34,"EQW",1.79257569712728,2.81029564310878,0.587
"10371",9,57,35,"EQW",1.73100687171632,2.90859152715726,0.4105
"10372",9,57,36,"EQW",1.58193830765267,2.92686171503876,0.477
"10373",9,57,37,"EQW",1.49543406577079,2.87498748733444,0.4815
"10374",9,57,38,"EQW",1.56840234805291,2.65672559019214,0.6135
"10375",9,57,1,"SGP",4.46916849483762,3.80351765136101,0.6785
"10376",9,57,2,"SGP",8.47873203079498,4.43258931383743,0.9565
"10377",9,57,3,"SGP",2.519077197218,2.89784836758007,0.7635
"10378",9,57,4,"SGP",1.74264389047979,2.75654736829872,0.323
"10379",9,57,5,"SGP",4.20233332965234,3.33293842506758,0.886
"10380",9,57,6,"SGP",3.62061274324192,3.20355392577886,0.149
"10381",9,57,7,"SGP",10.3498074230908,5.55186591404338,0.015
"10382",9,57,8,"SGP",3.86032150665321,3.29223435770059,0.171
"10383",9,57,9,"SGP",2.58043672276125,3.00424300124807,0.265
"10384",9,57,10,"SGP",2.63068133341696,3.0129763604379,0.2305
"10385",9,57,11,"SGP",4.1894310684313,3.35326340987913,0.133
"10386",9,57,12,"SGP",10.1694199734831,4.96123009654933,0.0205
"10387",9,57,13,"SGP",3.36235110312894,3.34932841260688,0.7625
"10388",9,57,14,"SGP",1.82896165746634,2.92576012637586,0.4505
"10389",9,57,15,"SGP",1.67735584978374,2.86624790531984,0.4435
"10390",9,57,16,"SGP",1.71117601674563,2.88644597025141,0.5365
"10391",9,57,17,"SGP",2.48282034151349,3.0812308422563,0.274
"10392",9,57,18,"SGP",13.0970044835473,5.87816138664586,0.991
"10393",9,57,19,"SGP",2.16930358144371,3.0053410644298,0.667
"10394",9,57,20,"SGP",5.74069284309395,3.76482633359339,0.0915
"10395",9,57,21,"SGP",5.8807251141157,3.77877492311687,0.9135
"10396",9,57,22,"SGP",1.83083857800463,3.01564115426653,0.428
"10397",9,57,23,"SGP",1.80634874582638,2.92806748408558,0.431
"10398",9,57,24,"SGP",3.32174014221758,3.16267151068918,0.1955
"10399",9,57,25,"SGP",1.52163189054837,2.89509361863007,0.5295
"10400",9,57,26,"SGP",1.55628981748354,2.82795199452268,0.404
"10401",9,57,27,"SGP",1.44227852524828,2.80582049775051,0.473
"10402",9,57,28,"SGP",1.91969064233089,2.84250253529687,0.663
"10403",9,57,29,"SGP",2.28234109988297,2.94461706233179,0.7005
"10404",9,57,30,"SGP",1.63993163618965,2.87750405799234,0.4175
"10405",9,57,31,"SGP",2.12710380989621,2.85068507380458,0.7065
"10406",9,57,32,"SGP",1.98127400387842,2.79578212501503,0.704
"10407",9,57,33,"SGP",2.64822866975952,3.06483325111694,0.217
"10408",9,57,34,"SGP",1.34362207266988,2.67745338124828,0.53
"10409",9,57,35,"SGP",1.85797915661787,2.89540173981213,0.3345
"10410",9,57,36,"SGP",1.38420374134616,2.72594531346885,0.5465
"10411",9,57,37,"SGP",1.38657781629475,2.732301824896,0.5785
"10412",9,57,38,"SGP",1.65388459120039,2.73777008000458,0.688
"10413",9,57,1,"SGP50",4.46916849483762,3.8043933419575,0.7025
"10414",9,57,2,"SGP50",6.7214842468037,4.1066608227994,0.8515
"10415",9,57,3,"SGP50",4.62808279966676,3.54042744405102,0.748
"10416",9,57,4,"SGP50",2.9368435340777,3.35160554740976,0.5325
"10417",9,57,5,"SGP50",6.47978614634155,3.80011608298998,0.8395
"10418",9,57,6,"SGP50",3.27639504225313,3.54689282329904,0.4445
"10419",9,57,7,"SGP50",5.40886992067578,4.13245433161614,0.2675
"10420",9,57,8,"SGP50",3.07093182111244,3.46181295761641,0.4785
"10421",9,57,9,"SGP50",3.08615033285112,3.39715364391394,0.538
"10422",9,57,10,"SGP50",2.92341719337998,3.4357929071342,0.545
"10423",9,57,11,"SGP50",2.89548785873564,3.47347288158704,0.4495
"10424",9,57,12,"SGP50",7.27370120311815,4.26524670728522,0.1425
"10425",9,57,13,"SGP50",2.97639358893408,3.48276243408971,0.5025
"10426",9,57,14,"SGP50",2.90655923673427,3.2988325098652,0.359
"10427",9,57,15,"SGP50",2.74219856768842,3.23350085341788,0.3695
"10428",9,57,16,"SGP50",2.22144804800675,3.12041112984626,0.422
"10429",9,57,17,"SGP50",3.5413689348333,3.21345510773992,0.222
"10430",9,57,18,"SGP50",7.89492318553273,4.17597169669973,0.89
"10431",9,57,19,"SGP50",3.43408594176949,3.34792711717238,0.729
"10432",9,57,20,"SGP50",3.66891490005278,3.55139517363198,0.316
"10433",9,57,21,"SGP50",5.23871670055509,3.66600038722804,0.8445
"10434",9,57,22,"SGP50",2.64809556115822,3.27740673589758,0.585
"10435",9,57,23,"SGP50",2.39095848678993,3.21450289073418,0.539
"10436",9,57,24,"SGP50",2.59007837141588,3.23657037411405,0.3715
"10437",9,57,25,"SGP50",1.77353693026005,2.95597736543201,0.524
"10438",9,57,26,"SGP50",1.89547959256345,2.99543464016784,0.401
"10439",9,57,27,"SGP50",1.88305402506348,2.95565354359798,0.404
"10440",9,57,28,"SGP50",1.70816525425887,2.90778902775399,0.536
"10441",9,57,29,"SGP50",1.86451075801217,2.85308847787808,0.618
"10442",9,57,30,"SGP50",1.62693273839965,2.82259799309275,0.41
"10443",9,57,31,"SGP50",1.87711939719772,2.82316356788058,0.6845
"10444",9,57,32,"SGP50",2.23656960758961,2.86107994620459,0.7285
"10445",9,57,33,"SGP50",1.83455233621731,2.82826706906288,0.358
"10446",9,57,34,"SGP50",1.37239749639859,2.73770962335874,0.519
"10447",9,57,35,"SGP50",1.836450167375,2.87725133514893,0.3075
"10448",9,57,36,"SGP50",1.54053696331842,2.84213227096017,0.4195
"10449",9,57,37,"SGP50",1.42929899905719,2.79265745882965,0.436
"10450",9,57,38,"SGP50",1.33425132916469,2.5745930192381,0.594
"10451",9,58,1,"BMA",6.51159526440597,4.2998614097593,0.913
"10452",9,58,2,"BMA",2.4461119150499,3.05185549692747,0.3175
"10453",9,58,3,"BMA",2.01143272108268,2.94578795427802,0.384
"10454",9,58,4,"BMA",7.31465260747552,3.94916305956409,0.0515
"10455",9,58,5,"BMA",1.76442092583855,2.84879285903597,0.418
"10456",9,58,6,"BMA",2.59988156117523,2.93659040919641,0.784
"10457",9,58,7,"BMA",2.41141517230758,3.09374291268175,0.2715
"10458",9,58,8,"BMA",6.79617753441535,4.23321134379538,0.9605
"10459",9,58,9,"BMA",1.94573973043791,2.99181988469953,0.596
"10460",9,58,10,"BMA",6.45667632792858,3.96886576148856,0.9575
"10461",9,58,11,"BMA",1.56332008187968,2.73693219813269,0.59
"10462",9,58,12,"BMA",2.23175062954136,2.97730883754883,0.23
"10463",9,58,13,"BMA",1.2138993333263,2.51308552016444,0.4535
"10464",9,58,14,"BMA",2.43354434851334,2.84870811776563,0.8325
"10465",9,58,15,"BMA",3.23805771639176,2.97934943923663,0.851
"10466",9,58,16,"BMA",1.52822471338763,2.54971471096977,0.6665
"10467",9,58,17,"BMA",5.59461725735548,4.00250750746974,0.9755
"10468",9,58,18,"BMA",3.71369109932271,3.20113625718691,0.8985
"10469",9,58,19,"BMA",2.32690428633954,2.81087886252222,0.193
"10470",9,58,20,"BMA",1.8255601704406,2.74875587054984,0.7315
"10471",9,58,21,"BMA",1.15304337273271,2.50762375473429,0.5905
"10472",9,58,22,"BMA",1.05451089481572,2.46275508124503,0.5035
"10473",9,58,23,"BMA",1.12262260985352,2.49509431958677,0.5865
"10474",9,58,24,"BMA",4.75601498538115,3.59506188802159,0.936
"10475",9,58,25,"BMA",1.08882742633907,2.50804832716445,0.4905
"10476",9,58,26,"BMA",1.37527367894617,2.50553553736624,0.656
"10477",9,58,27,"BMA",1.11969993547899,2.43413066052315,0.424
"10478",9,58,28,"BMA",1.0731321512583,2.3877900044419,0.4775
"10479",9,58,29,"BMA",1.70845886762799,2.49556235164582,0.258
"10480",9,58,30,"BMA",4.02123430443395,3.43433640190889,0.079
"10481",9,58,31,"BMA",1.80261986356577,2.55739635405147,0.7595
"10482",9,58,32,"BMA",1.4180839812402,2.53883829476502,0.3345
"10483",9,58,33,"BMA",1.80102844921881,2.59333022455891,0.255
"10484",9,58,34,"BMA",6.65740814828627,4.84826178674984,0.0155
"10485",9,58,35,"BMA",1.78554119524633,2.6639881820025,0.755
"10486",9,58,36,"BMA",5.51255370344507,3.98063073240855,0.0315
"10487",9,58,37,"BMA",2.47294556387863,2.87442185835816,0.166
"10488",9,58,38,"BMA",1.132241781636,2.39085957992089,0.4145
"10489",9,58,1,"AVS",6.51159526440597,4.2418153239454,0.8995
"10490",9,58,2,"AVS",2.75170375237414,3.01798048535147,0.2665
"10491",9,58,3,"AVS",2.14634830397478,2.96554862199652,0.342
"10492",9,58,4,"AVS",7.43227429004861,4.07905361121712,0.04
"10493",9,58,5,"AVS",1.32159455978444,2.64927102063101,0.6185
"10494",9,58,6,"AVS",2.39760532970791,2.82299461193973,0.8415
"10495",9,58,7,"AVS",3.77625401072233,3.37688429066366,0.0965
"10496",9,58,8,"AVS",6.45932778859753,4.26228251616044,0.9735
"10497",9,58,9,"AVS",1.39169244922612,2.66615481860643,0.3715
"10498",9,58,10,"AVS",5.5317798736452,3.89973552407315,0.966
"10499",9,58,11,"AVS",1.17491472683666,2.53579288539558,0.4995
"10500",9,58,12,"AVS",2.43159180117865,2.93305867064194,0.2135
"10501",9,58,13,"AVS",1.21473152714273,2.55337539052398,0.4105
"10502",9,58,14,"AVS",2.35366921094759,2.71401829359109,0.82
"10503",9,58,15,"AVS",3.10105965969762,2.97271677790259,0.8575
"10504",9,58,16,"AVS",1.48033039105622,2.58254159231475,0.668
"10505",9,58,17,"AVS",5.57739253662543,4.10331768814618,0.9655
"10506",9,58,18,"AVS",3.71013789039284,3.26657319071619,0.89
"10507",9,58,19,"AVS",2.32745857042799,2.84977191628622,0.203
"10508",9,58,20,"AVS",1.82560551591859,2.79016322415393,0.7515
"10509",9,58,21,"AVS",1.15304485387658,2.5268835653494,0.5985
"10510",9,58,22,"AVS",1.05450656844264,2.49488870670799,0.505
"10511",9,58,23,"AVS",1.122645496235,2.4730606361945,0.5825
"10512",9,58,24,"AVS",4.75636318452483,3.56783872518759,0.932
"10513",9,58,25,"AVS",1.08892659007311,2.47700049014605,0.5135
"10514",9,58,26,"AVS",1.37478456432372,2.54187245214091,0.663
"10515",9,58,27,"AVS",1.12059076041285,2.39352015502766,0.423
"10516",9,58,28,"AVS",1.07309683894201,2.50105685854076,0.492
"10517",9,58,29,"AVS",1.70850652413985,2.61458106865043,0.2465
"10518",9,58,30,"AVS",4.02026919469523,3.34855850293175,0.07
"10519",9,58,31,"AVS",1.80312674089374,2.65591871924923,0.7755
"10520",9,58,32,"AVS",1.41770009444909,2.47885218549512,0.3235
"10521",9,58,33,"AVS",1.8002534213915,2.62444179271204,0.255
"10522",9,58,34,"AVS",6.65635923496039,4.68211375065836,0.013
"10523",9,58,35,"AVS",1.78544348537574,2.65491196974063,0.7465
"10524",9,58,36,"AVS",5.5124323594767,3.96621145139329,0.027
"10525",9,58,37,"AVS",2.47413844379465,2.95306961721348,0.1735
"10526",9,58,38,"AVS",1.13264294524658,2.41039137419431,0.412
"10527",9,58,1,"EQW",6.51159526440597,4.0870502435754,0.8985
"10528",9,58,2,"EQW",2.37056632719113,3.16657902330809,0.3525
"10529",9,58,3,"EQW",1.54098543702558,2.74165006820179,0.5935
"10530",9,58,4,"EQW",7.10806276448049,4.36542471439295,0.0335
"10531",9,58,5,"EQW",1.52207662157872,2.77228524875983,0.4725
"10532",9,58,6,"EQW",2.28639974713301,2.93712554449934,0.7605
"10533",9,58,7,"EQW",2.81671467522341,3.1718848160618,0.207
"10534",9,58,8,"EQW",5.63714506433614,3.97091301550445,0.9305
"10535",9,58,9,"EQW",1.63185004683472,2.86260305079582,0.531
"10536",9,58,10,"EQW",6.93745902035002,4.07202691336444,0.958
"10537",9,58,11,"EQW",2.79398550916929,3.00862560202618,0.7095
"10538",9,58,12,"EQW",1.85817708588669,3.02395883008033,0.461
"10539",9,58,13,"EQW",1.4900150583652,2.79492190626318,0.531
"10540",9,58,14,"EQW",3.40878493370578,3.16192703352851,0.85
"10541",9,58,15,"EQW",5.0944040838023,3.4635819854548,0.9
"10542",9,58,16,"EQW",3.56689016300635,3.06323302289817,0.7835
"10543",9,58,17,"EQW",8.15405235883732,4.15620650751033,0.964
"10544",9,58,18,"EQW",7.4929821575372,3.62816160470524,0.9225
"10545",9,58,19,"EQW",3.35701391320065,3.43481043794747,0.527
"10546",9,58,20,"EQW",4.02113340698869,3.19229866956608,0.803
"10547",9,58,21,"EQW",3.10484491237077,3.04484954828386,0.6835
"10548",9,58,22,"EQW",2.51141564125115,3.00881182300067,0.6375
"10549",9,58,23,"EQW",2.41832880608677,2.95349803906378,0.658
"10550",9,58,24,"EQW",6.22170731278657,3.76076624974746,0.939
"10551",9,58,25,"EQW",2.88676496806976,3.07829763261401,0.663
"10552",9,58,26,"EQW",3.28597104113873,3.03092287814078,0.7225
"10553",9,58,27,"EQW",2.35021460149926,3.03423956710102,0.61
"10554",9,58,28,"EQW",2.11025369482864,2.89179472749088,0.5955
"10555",9,58,29,"EQW",1.87337739521631,3.0483332231475,0.4355
"10556",9,58,30,"EQW",3.14895018991414,3.32430239693689,0.2175
"10557",9,58,31,"EQW",1.75120270946305,2.78150383088803,0.6725
"10558",9,58,32,"EQW",1.62683048618495,2.77935180459678,0.4015
"10559",9,58,33,"EQW",1.97468585772264,2.90037484189807,0.2955
"10560",9,58,34,"EQW",6.61508796407798,4.17977014153349,0.0475
"10561",9,58,35,"EQW",1.60674814690158,2.85881996888282,0.5635
"10562",9,58,36,"EQW",5.42942722053358,3.85797812056806,0.0755
"10563",9,58,37,"EQW",3.18858544371677,3.05680346899219,0.1775
"10564",9,58,38,"EQW",1.64280472247689,2.72101443269283,0.388
"10565",9,58,1,"SGP",6.51159526440597,4.20884309903155,0.902
"10566",9,58,2,"SGP",1.54096614435697,2.73526504459734,0.441
"10567",9,58,3,"SGP",1.65605705704855,2.62177696046212,0.7115
"10568",9,58,4,"SGP",5.17091909796073,3.79694318127982,0.03
"10569",9,58,5,"SGP",1.36296149696336,2.50794839502212,0.659
"10570",9,58,6,"SGP",2.35573563820068,2.78141149136299,0.815
"10571",9,58,7,"SGP",3.8495576739215,3.31606059685937,0.0955
"10572",9,58,8,"SGP",5.76656674269103,4.19453814567677,0.9735
"10573",9,58,9,"SGP",1.40316551926264,2.58999558559601,0.3585
"10574",9,58,10,"SGP",5.58958435269517,3.87196516139857,0.962
"10575",9,58,11,"SGP",1.20695331744025,2.61651790782574,0.532
"10576",9,58,12,"SGP",2.37837463803656,2.89417307474017,0.224
"10577",9,58,13,"SGP",1.20935025199105,2.54083139333768,0.4225
"10578",9,58,14,"SGP",2.38738328442724,2.79616877892247,0.813
"10579",9,58,15,"SGP",3.15161822288271,3.02864688744458,0.8695
"10580",9,58,16,"SGP",1.48626256968529,2.54772372949719,0.6745
"10581",9,58,17,"SGP",5.52265241326957,3.85933758355871,0.964
"10582",9,58,18,"SGP",3.6369598875266,3.1589310613421,0.8825
"10583",9,58,19,"SGP",2.44779001519477,2.88482794906391,0.205
"10584",9,58,20,"SGP",1.76740287657576,2.6860177483856,0.714
"10585",9,58,21,"SGP",1.13820241815538,2.51145520905483,0.5645
"10586",9,58,22,"SGP",1.08588958557383,2.50389863363637,0.465
"10587",9,58,23,"SGP",1.10144815504432,2.46541256682331,0.5495
"10588",9,58,24,"SGP",4.32251409559226,3.48833120069298,0.921
"10589",9,58,25,"SGP",1.2119176985439,2.55982796296277,0.4085
"10590",9,58,26,"SGP",1.13913164137803,2.48253261612156,0.5795
"10591",9,58,27,"SGP",1.55739492555331,2.57758108910014,0.296
"10592",9,58,28,"SGP",1.12266249031297,2.4076194181971,0.3925
"10593",9,58,29,"SGP",2.53044212623142,2.84487968171678,0.174
"10594",9,58,30,"SGP",4.80879339550878,3.64228384421188,0.0545
"10595",9,58,31,"SGP",1.55249046161743,2.5416465510341,0.7025
"10596",9,58,32,"SGP",1.73797905901449,2.55458929984453,0.244
"10597",9,58,33,"SGP",2.20445339750191,2.67559599269843,0.2165
"10598",9,58,34,"SGP",7.14780899403892,4.84792454786943,0.0105
"10599",9,58,35,"SGP",1.81028642397445,2.62347484430796,0.7485
"10600",9,58,36,"SGP",5.55231519247125,4.00694411878826,0.0295
"10601",9,58,37,"SGP",2.07660274454585,2.71643907142677,0.215
"10602",9,58,38,"SGP",1.06619718105018,2.44956766758638,0.521
"10603",9,58,1,"SGP50",6.51159526440597,4.19321707541054,0.9065
"10604",9,58,2,"SGP50",2.34940098980408,3.10256188899714,0.3625
"10605",9,58,3,"SGP50",1.53606873201902,2.83390325710085,0.5785
"10606",9,58,4,"SGP50",7.03010222061216,4.19831322855078,0.037
"10607",9,58,5,"SGP50",1.48699391832023,2.75159389849672,0.4805
"10608",9,58,6,"SGP50",2.29794508710117,2.81215788533805,0.7585
"10609",9,58,7,"SGP50",2.89869951887914,3.17832324027984,0.206
"10610",9,58,8,"SGP50",5.67080931516751,3.93739113926567,0.942
"10611",9,58,9,"SGP50",1.56474685639641,2.78428570223736,0.546
"10612",9,58,10,"SGP50",6.74027288375256,4.05633021173165,0.961
"10613",9,58,11,"SGP50",2.43625446913981,2.96505668352062,0.6805
"10614",9,58,12,"SGP50",1.84452393589372,2.96189714731473,0.408
"10615",9,58,13,"SGP50",1.39512852926183,2.74123780901667,0.503
"10616",9,58,14,"SGP50",3.15274654838702,3.0230039398391,0.8425
"10617",9,58,15,"SGP50",4.57420215015497,3.33261685398177,0.9015
"10618",9,58,16,"SGP50",2.80670549643047,2.95587271572679,0.733
"10619",9,58,17,"SGP50",7.0595316906814,4.0370819470844,0.9595
"10620",9,58,18,"SGP50",5.73523820390364,3.45534031790253,0.9025
"10621",9,58,19,"SGP50",2.61292208037781,3.26681075166863,0.415
"10622",9,58,20,"SGP50",2.76623642743203,2.9746264478416,0.7745
"10623",9,58,21,"SGP50",1.95318878811742,2.90454990127149,0.6225
"10624",9,58,22,"SGP50",1.64244487115074,2.74781758571379,0.5455
"10625",9,58,23,"SGP50",1.58649959632617,2.66221800446935,0.6095
"10626",9,58,24,"SGP50",4.92527853349192,3.5426087887824,0.906
"10627",9,58,25,"SGP50",1.6594143655548,2.71822926765929,0.5315
"10628",9,58,26,"SGP50",1.89228002212445,2.74194612693124,0.6715
"10629",9,58,27,"SGP50",1.53444982188432,2.77502446535868,0.4405
"10630",9,58,28,"SGP50",1.34259143614262,2.66338318387357,0.4975
"10631",9,58,29,"SGP50",1.91120771873215,2.89259288765052,0.283
"10632",9,58,30,"SGP50",3.90730771268203,3.46177969572809,0.135
"10633",9,58,31,"SGP50",1.5862271043931,2.66480733137591,0.6755
"10634",9,58,32,"SGP50",1.61382184258895,2.70900133966803,0.2965
"10635",9,58,33,"SGP50",2.07674745990561,2.7564942166549,0.2505
"10636",9,58,34,"SGP50",6.95148731297868,4.55126355336575,0.0215
"10637",9,58,35,"SGP50",1.620627371948,2.72426641149806,0.681
"10638",9,58,36,"SGP50",5.50801740262114,3.85106847086071,0.0525
"10639",9,58,37,"SGP50",2.37706582366621,2.89009717719288,0.2225
"10640",9,58,38,"SGP50",1.2280855514465,2.54537603323061,0.4665
"10641",9,59,1,"BMA",12.7361694365492,4.6025390982655,0.7985
"10642",9,59,2,"BMA",7.92073426930516,4.51101253280604,0.415
"10643",9,59,3,"BMA",22.2554222140728,5.02562198258294,0.862
"10644",9,59,4,"BMA",11.3510217425288,4.50236678433723,0.7895
"10645",9,59,5,"BMA",6.97364398628663,4.14078815059366,0.6675
"10646",9,59,6,"BMA",18.3645076161224,4.77617559009463,0.8865
"10647",9,59,7,"BMA",7.92214111735193,4.20847415021866,0.713
"10648",9,59,8,"BMA",4.99676103163242,3.96590058397149,0.428
"10649",9,59,9,"BMA",6.54131503616459,4.06720609749121,0.354
"10650",9,59,10,"BMA",8.03306312231818,4.35714126649218,0.3725
"10651",9,59,11,"BMA",14.3012155343613,4.95003793222993,0.415
"10652",9,59,12,"BMA",17.2686816080135,4.9266887093254,0.7275
"10653",9,59,13,"BMA",12.6205977607764,4.66727562250032,0.7735
"10654",9,59,14,"BMA",11.5219340590346,4.42010572082801,0.819
"10655",9,59,15,"BMA",10.3372320324693,4.28480125159562,0.789
"10656",9,59,16,"BMA",21.1904243053931,5.345616322568,0.9525
"10657",9,59,17,"BMA",11.5404645525443,4.47577476339859,0.8385
"10658",9,59,18,"BMA",9.56920051066123,4.38337163866371,0.8255
"10659",9,59,19,"BMA",9.68695891996848,4.2601381438417,0.8505
"10660",9,59,20,"BMA",10.3272887523092,4.25362281415976,0.838
"10661",9,59,21,"BMA",6.21683114165559,3.97298464468777,0.7065
"10662",9,59,22,"BMA",6.75645720299056,3.8731955450579,0.7755
"10663",9,59,23,"BMA",3.53545908967852,3.58668015731096,0.466
"10664",9,59,24,"BMA",3.05511216926664,3.49753620314202,0.5585
"10665",9,59,25,"BMA",4.22818694630844,3.44171849309542,0.7135
"10666",9,59,26,"BMA",2.71679629977494,3.3609575488577,0.4935
"10667",9,59,27,"BMA",2.82939625789893,3.40381124587545,0.572
"10668",9,59,28,"BMA",5.11952360838526,3.60884228507441,0.219
"10669",9,59,29,"BMA",3.44090692320089,3.36408875982621,0.7005
"10670",9,59,30,"BMA",3.05067315695172,3.36781369644759,0.345
"10671",9,59,31,"BMA",2.13219218297185,3.17421392619067,0.585
"10672",9,59,32,"BMA",12.4650096647413,5.17099544938126,0.028
"10673",9,59,33,"BMA",4.69263546394749,3.56623699206941,0.2075
"10674",9,59,34,"BMA",2.5152461594125,3.27041610276573,0.5565
"10675",9,59,35,"BMA",2.28126646555741,3.26840385512573,0.498
"10676",9,59,36,"BMA",2.30199198023471,3.24387567163123,0.5345
"10677",9,59,37,"BMA",2.09655584394433,3.13583338122217,0.4815
"10678",9,59,38,"BMA",2.09021255540181,3.06920302916445,0.391
"10679",9,59,1,"AVS",12.7361694365492,4.636851667134,0.7955
"10680",9,59,2,"AVS",15.6032165110217,4.84607620313761,0.138
"10681",9,59,3,"AVS",10.108313344079,4.38085603546898,0.7375
"10682",9,59,4,"AVS",9.71342080039092,4.44631690300775,0.7465
"10683",9,59,5,"AVS",6.7308855999946,4.12345955346369,0.663
"10684",9,59,6,"AVS",18.2296379998899,4.81788247475358,0.884
"10685",9,59,7,"AVS",7.90564905750919,4.1887688982475,0.719
"10686",9,59,8,"AVS",4.98831760050902,3.97047813706878,0.435
"10687",9,59,9,"AVS",6.54543928,4.04399529248356,0.325
"10688",9,59,10,"AVS",8.0330528,4.43366399532174,0.34
"10689",9,59,11,"AVS",14.308692376,4.96520715102775,0.423
"10690",9,59,12,"AVS",17.2991004,4.85872909572572,0.7035
"10691",9,59,13,"AVS",12.6598472,4.60353549497915,0.779
"10692",9,59,14,"AVS",11.584562799999,4.38356388441714,0.8085
"10693",9,59,15,"AVS",10.4070667946488,4.29615626989629,0.8205
"10694",9,59,16,"AVS",21.3876742131338,5.360929572444,0.9575
"10695",9,59,17,"AVS",6.04603793254352,4.22222494846173,0.345
"10696",9,59,18,"AVS",3.31590471115329,3.571231010964,0.5805
"10697",9,59,19,"AVS",3.08128705648046,3.50068724309776,0.5765
"10698",9,59,20,"AVS",3.0221004766931,3.42746669002409,0.5435
"10699",9,59,21,"AVS",3.14959881768817,3.42393932035223,0.378
"10700",9,59,22,"AVS",3.86549640682304,3.51014471017067,0.677
"10701",9,59,23,"AVS",3.71971833457453,3.46859296877054,0.331
"10702",9,59,24,"AVS",2.79443309721095,3.52354580459359,0.516
"10703",9,59,25,"AVS",3.86144938507171,3.44517326499217,0.7165
"10704",9,59,26,"AVS",2.6612061721523,3.30160398355326,0.464
"10705",9,59,27,"AVS",2.72339958445734,3.35197061806308,0.5765
"10706",9,59,28,"AVS",5.26345645266194,3.61023094438926,0.214
"10707",9,59,29,"AVS",3.40157937456704,3.35540203462461,0.695
"10708",9,59,30,"AVS",3.11826428038952,3.33514503366048,0.338
"10709",9,59,31,"AVS",2.08180162981625,3.18606225100538,0.5785
"10710",9,59,32,"AVS",12.7175113933999,5.12657189671257,0.0275
"10711",9,59,33,"AVS",5.14235992660051,3.56281666434322,0.1815
"10712",9,59,34,"AVS",2.5992807074992,3.31270722438585,0.576
"10713",9,59,35,"AVS",2.39972584335841,3.29699939701387,0.525
"10714",9,59,36,"AVS",2.53044824493544,3.3066330287204,0.568
"10715",9,59,37,"AVS",2.44661779181102,3.26679392022561,0.531
"10716",9,59,38,"AVS",2.33242602874823,3.21856983430195,0.4205
"10717",9,59,1,"EQW",12.7361694365492,4.61902156454626,0.8085
"10718",9,59,2,"EQW",7.00914767661545,4.51199181807228,0.458
"10719",9,59,3,"EQW",21.799844993487,5.34046108529106,0.911
"10720",9,59,4,"EQW",23.0903365846517,5.03708661828716,0.9315
"10721",9,59,5,"EQW",15.0649124394578,4.47637491857321,0.7195
"10722",9,59,6,"EQW",29.4942973162735,5.16121156720847,0.9605
"10723",9,59,7,"EQW",16.6244036134619,4.7749060217032,0.6545
"10724",9,59,8,"EQW",12.9623284693218,4.8188116522497,0.524
"10725",9,59,9,"EQW",9.37156222683502,4.35087285135121,0.5345
"10726",9,59,10,"EQW",10.6275073074953,4.82143861115599,0.4425
"10727",9,59,11,"EQW",11.0301266162281,4.83097206883387,0.334
"10728",9,59,12,"EQW",8.0650733720353,4.27873584304209,0.613
"10729",9,59,13,"EQW",6.56477959838413,4.1936097311536,0.5825
"10730",9,59,14,"EQW",6.19435978177236,4.16838529172857,0.5785
"10731",9,59,15,"EQW",5.76116342865572,4.07802376748001,0.5675
"10732",9,59,16,"EQW",10.3820574672992,4.42757150248217,0.793
"10733",9,59,17,"EQW",6.73167528721838,4.43393356594902,0.5315
"10734",9,59,18,"EQW",6.24896780632895,4.08104487421038,0.651
"10735",9,59,19,"EQW",6.20250818696445,4.1101820748066,0.6605
"10736",9,59,20,"EQW",6.46224527002307,4.06517189680062,0.662
"10737",9,59,21,"EQW",5.55877844443319,4.06628454644867,0.6015
"10738",9,59,22,"EQW",6.78600905769754,4.06039825008766,0.714
"10739",9,59,23,"EQW",5.05136621414926,3.96921756067252,0.555
"10740",9,59,24,"EQW",4.3004582834974,3.76287101479963,0.548
"10741",9,59,25,"EQW",4.79436666369138,3.79135101327728,0.663
"10742",9,59,26,"EQW",4.06510731070541,3.70372284011404,0.6
"10743",9,59,27,"EQW",4.21405343062244,3.72724433944686,0.6215
"10744",9,59,28,"EQW",4.14858527742374,3.65774568471172,0.3555
"10745",9,59,29,"EQW",3.35590815187555,3.50409947120828,0.608
"10746",9,59,30,"EQW",3.1164962488361,3.48608465691738,0.504
"10747",9,59,31,"EQW",3.29513333143443,3.46028757767686,0.6095
"10748",9,59,32,"EQW",4.44488790130213,3.62314329461897,0.3435
"10749",9,59,33,"EQW",3.44507491897508,3.42807913699931,0.3285
"10750",9,59,34,"EQW",3.07029563733801,3.34433201099552,0.395
"10751",9,59,35,"EQW",3.185293317139,3.44233508100345,0.334
"10752",9,59,36,"EQW",3.08164603936484,3.37193733096757,0.382
"10753",9,59,37,"EQW",2.80026856557463,3.2547929030587,0.372
"10754",9,59,38,"EQW",3.17984799512577,3.3065655589408,0.3225
"10755",9,59,1,"SGP",12.7361694365492,4.6688856818459,0.81
"10756",9,59,2,"SGP",9.86696152257062,4.46570306551769,0.7685
"10757",9,59,3,"SGP",19.414736156875,7.58445938032833,0.9965
"10758",9,59,4,"SGP",15.2542561397091,5.49994132519684,0.981
"10759",9,59,5,"SGP",4.44865624571274,3.65686443146859,0.307
"10760",9,59,6,"SGP",11.7566873889699,4.27554587887705,0.923
"10761",9,59,7,"SGP",13.2367751925765,4.64275693264361,0.0625
"10762",9,59,8,"SGP",21.2781269255254,5.98446563817141,0.015
"10763",9,59,9,"SGP",5.40825231429056,3.70041015699453,0.282
"10764",9,59,10,"SGP",23.686687938418,5.95301955157213,0.012
"10765",9,59,11,"SGP",17.6286009233023,5.22009960482677,0.029
"10766",9,59,12,"SGP",5.33811785777947,3.7229377160737,0.737
"10767",9,59,13,"SGP",3.3122757072253,3.50628374074433,0.5085
"10768",9,59,14,"SGP",3.6113061129724,3.56493711893227,0.444
"10769",9,59,15,"SGP",3.04147066658207,3.51620167386838,0.4575
"10770",9,59,16,"SGP",6.99429093632395,3.80924404198775,0.806
"10771",9,59,17,"SGP",8.68546935136724,4.03432245385035,0.131
"10772",9,59,18,"SGP",3.28631242275437,3.53612174733382,0.5495
"10773",9,59,19,"SGP",3.08958558188293,3.41544050162251,0.5915
"10774",9,59,20,"SGP",3.03009099156095,3.50087229257595,0.551
"10775",9,59,21,"SGP",3.15266046708004,3.47583090697529,0.3845
"10776",9,59,22,"SGP",3.87291759985641,3.60222552836496,0.6825
"10777",9,59,23,"SGP",3.71818705650083,3.45519520323247,0.3305
"10778",9,59,24,"SGP",2.79909719373535,3.48086509596256,0.506
"10779",9,59,25,"SGP",3.86424775959441,3.42072395725488,0.6885
"10780",9,59,26,"SGP",2.66421976009523,3.30238390870166,0.471
"10781",9,59,27,"SGP",2.72832325024907,3.45319295944958,0.579
"10782",9,59,28,"SGP",5.2558023560533,3.63751469552726,0.2145
"10783",9,59,29,"SGP",3.40157604796438,3.34453487612857,0.6905
"10784",9,59,30,"SGP",3.11569379716777,3.29421961382353,0.36
"10785",9,59,31,"SGP",2.08686513287097,3.1395128090977,0.5515
"10786",9,59,32,"SGP",12.6662149923585,5.04477475987133,0.0265
"10787",9,59,33,"SGP",5.13117324927885,3.6478798653031,0.187
"10788",9,59,34,"SGP",2.59916616545559,3.26350089213573,0.5635
"10789",9,59,35,"SGP",2.39981971561341,3.34226907360504,0.538
"10790",9,59,36,"SGP",2.52913987710256,3.31131300681749,0.5635
"10791",9,59,37,"SGP",2.44565627640953,3.28237094163474,0.513
"10792",9,59,38,"SGP",2.33374614252293,3.22960529290013,0.409
"10793",9,59,1,"SGP50",12.7361694365492,4.64331702080853,0.8185
"10794",9,59,2,"SGP50",6.96140989872416,4.53900641966651,0.462
"10795",9,59,3,"SGP50",22.6898097650472,5.37308584911862,0.9135
"10796",9,59,4,"SGP50",22.2801947642559,5.1837016276693,0.929
"10797",9,59,5,"SGP50",9.97781845532907,4.23882110395823,0.6145
"10798",9,59,6,"SGP50",19.3366337249358,4.76913333635318,0.9355
"10799",9,59,7,"SGP50",8.6128256514835,4.55661564260096,0.3885
"10800",9,59,8,"SGP50",12.3013325004166,4.86886161663669,0.23
"10801",9,59,9,"SGP50",5.3651116904744,3.89558501667267,0.344
"10802",9,59,10,"SGP50",15.973537162506,5.24952503623224,0.1565
"10803",9,59,11,"SGP50",14.8109534029047,5.05224635353868,0.1295
"10804",9,59,12,"SGP50",5.85068409418662,3.89000803078809,0.681
"10805",9,59,13,"SGP50",3.85314725018794,3.68082967115714,0.515
"10806",9,59,14,"SGP50",4.01308055089136,3.72240249637678,0.4965
"10807",9,59,15,"SGP50",3.51898068158752,3.64947051255624,0.4815
"10808",9,59,16,"SGP50",7.48638840336967,4.02471085230187,0.8135
"10809",9,59,17,"SGP50",7.4682076854571,4.10947599574648,0.229
"10810",9,59,18,"SGP50",3.73765655699867,3.68151242073227,0.5665
"10811",9,59,19,"SGP50",3.55880076319825,3.62952246408847,0.586
"10812",9,59,20,"SGP50",3.49418225216899,3.5603331827272,0.5625
"10813",9,59,21,"SGP50",3.38072570811351,3.62165560533581,0.4205
"10814",9,59,22,"SGP50",4.28388974601074,3.7595076717274,0.6825
"10815",9,59,23,"SGP50",3.714069974021,3.62141740962087,0.3535
"10816",9,59,24,"SGP50",3.05084211460386,3.51137115770091,0.541
"10817",9,59,25,"SGP50",4.01900246442818,3.49046433650774,0.6835
"10818",9,59,26,"SGP50",2.84729710945106,3.42813945664997,0.5025
"10819",9,59,27,"SGP50",2.99871851106468,3.45062465580611,0.5785
"10820",9,59,28,"SGP50",4.90780962564268,3.68134710778557,0.237
"10821",9,59,29,"SGP50",3.40510965119094,3.47887245857179,0.697
"10822",9,59,30,"SGP50",3.01641215835869,3.37717450675964,0.386
"10823",9,59,31,"SGP50",2.35021911153596,3.20843717580982,0.5955
"10824",9,59,32,"SGP50",10.278691624051,4.51135630832571,0.1
"10825",9,59,33,"SGP50",4.60183125355366,3.52944485290745,0.22
"10826",9,59,34,"SGP50",2.60432507988504,3.26837153478675,0.5415
"10827",9,59,35,"SGP50",2.42549806391704,3.33425954948887,0.4935
"10828",9,59,36,"SGP50",2.48969493867395,3.36314809383268,0.5095
"10829",9,59,37,"SGP50",2.41144396575049,3.24182629787112,0.489
"10830",9,59,38,"SGP50",2.41115108519879,3.1859619992788,0.3905
"10831",9,60,1,"BMA",1.11904301842103,2.40520518180615,0.4965
"10832",9,60,2,"BMA",1.99938465860334,2.79098162632462,0.8345
"10833",9,60,3,"BMA",0.915900589354379,2.10043061027191,0.657
"10834",9,60,4,"BMA",0.973117463999554,2.05344034204034,0.7295
"10835",9,60,5,"BMA",5.19425768642119,4.65999074372569,0.015
"10836",9,60,6,"BMA",1.72323689471489,2.71006662620259,0.754
"10837",9,60,7,"BMA",0.96848626997285,2.27747644733366,0.4315
"10838",9,60,8,"BMA",1.2158136325762,2.32031136277665,0.7065
"10839",9,60,9,"BMA",2.02919392238847,2.68863371018664,0.828
"10840",9,60,10,"BMA",4.04573253556027,3.49776134506541,0.959
"10841",9,60,11,"BMA",3.44287699666744,3.49467533560586,0.1135
"10842",9,60,12,"BMA",1.23196027254864,2.40622845443045,0.3265
"10843",9,60,13,"BMA",2.42412427705385,2.75773867045484,0.154
"10844",9,60,14,"BMA",1.06861029874991,2.36572553287735,0.3665
"10845",9,60,15,"BMA",0.943149111127318,2.26359766410741,0.3825
"10846",9,60,16,"BMA",0.826344557549246,2.15199540061617,0.405
"10847",9,60,17,"BMA",0.83263664406547,2.08155997253084,0.413
"10848",9,60,18,"BMA",1.80413274359221,2.48175480861809,0.1685
"10849",9,60,19,"BMA",0.738856567242073,2.01192280574527,0.447
"10850",9,60,20,"BMA",0.849923685031231,2.02689538763597,0.351
"10851",9,60,21,"BMA",0.826178453136284,2.03672596236258,0.361
"10852",9,60,22,"BMA",0.743755920731088,2.05864795047838,0.62
"10853",9,60,23,"BMA",0.809386966738054,1.93533251081487,0.68
"10854",9,60,24,"BMA",0.970963524070353,2.1719405874466,0.73
"10855",9,60,25,"BMA",0.95029914683412,2.09585175719975,0.2765
"10856",9,60,26,"BMA",1.29628317942617,2.24471692599981,0.1755
"10857",9,60,27,"BMA",1.74574363650234,2.50311591169746,0.1395
"10858",9,60,28,"BMA",0.703088453188298,2.06373386286647,0.5365
"10859",9,60,29,"BMA",0.873132472178112,1.98881956405394,0.299
"10860",9,60,30,"BMA",1.43753658727395,2.32241379050015,0.1795
"10861",9,60,31,"BMA",1.23382508529303,2.14712900830823,0.2285
"10862",9,60,32,"BMA",1.11244534390839,2.12100242138015,0.763
"10863",9,60,33,"BMA",0.806683737727814,1.99434497380228,0.3155
"10864",9,60,34,"BMA",1.13966497871288,2.12554638790342,0.1995
"10865",9,60,35,"BMA",0.55961772947496,1.86984526631756,0.478
"10866",9,60,36,"BMA",0.568588056924623,1.85544505993471,0.518
"10867",9,60,37,"BMA",0.52998194714844,1.80720958548015,0.5075
"10868",9,60,38,"BMA",0.639451223572349,1.730692971879,0.344
"10869",9,60,1,"AVS",1.11904301842103,2.33076806162935,0.507
"10870",9,60,2,"AVS",2.1671709914114,2.80682384084582,0.8755
"10871",9,60,3,"AVS",0.978308070130989,2.1337140024567,0.6825
"10872",9,60,4,"AVS",1.09294063806095,2.065095303813,0.763
"10873",9,60,5,"AVS",4.9883908429219,5.0941475574284,0.0095
"10874",9,60,6,"AVS",2.11233283538099,2.75980688859434,0.837
"10875",9,60,7,"AVS",0.956185779619067,2.26456751354424,0.4025
"10876",9,60,8,"AVS",1.15864730779667,2.32139103028139,0.6895
"10877",9,60,9,"AVS",2.02307173375324,2.66820641078414,0.8195
"10878",9,60,10,"AVS",4.02407455317199,3.49840923320855,0.947
"10879",9,60,11,"AVS",4.13821893512134,3.67012428962782,0.0455
"10880",9,60,12,"AVS",1.25417244434003,2.41319203510581,0.3305
"10881",9,60,13,"AVS",2.43903987238908,2.85540743409425,0.153
"10882",9,60,14,"AVS",1.12037285011779,2.35688195042573,0.3705
"10883",9,60,15,"AVS",0.944883199293926,2.30575690014446,0.3795
"10884",9,60,16,"AVS",0.820972108563323,2.18244307470955,0.4245
"10885",9,60,17,"AVS",0.825189286927732,2.12552076440628,0.3815
"10886",9,60,18,"AVS",1.7802611371422,2.40172043388461,0.1735
"10887",9,60,19,"AVS",0.766828857023518,2.05172441871737,0.436
"10888",9,60,20,"AVS",0.868038882857586,2.05080683525323,0.349
"10889",9,60,21,"AVS",0.84926925664107,1.98511508484582,0.339
"10890",9,60,22,"AVS",0.725227218810041,2.00911658020814,0.605
"10891",9,60,23,"AVS",0.800147128330298,1.99372464835555,0.672
"10892",9,60,24,"AVS",0.982220565924879,2.09760321821455,0.732
"10893",9,60,25,"AVS",0.981006426373152,2.08154824610757,0.276
"10894",9,60,26,"AVS",1.29418846403219,2.29935748320913,0.2
"10895",9,60,27,"AVS",1.6747889766054,2.503419279207,0.146
"10896",9,60,28,"AVS",0.728552596849371,1.98323372243348,0.5605
"10897",9,60,29,"AVS",0.800939452039835,1.98749784751427,0.352
"10898",9,60,30,"AVS",1.2844367474904,2.27638587453164,0.195
"10899",9,60,31,"AVS",1.17514825703097,2.13348070764288,0.225
"10900",9,60,32,"AVS",1.12713891192853,2.07840364259473,0.7675
"10901",9,60,33,"AVS",0.805942353798728,1.97748212950874,0.333
"10902",9,60,34,"AVS",1.13482317278595,2.13508520520966,0.198
"10903",9,60,35,"AVS",0.559564789027502,1.92786621002539,0.5025
"10904",9,60,36,"AVS",0.571781749617901,1.96664795630733,0.5185
"10905",9,60,37,"AVS",0.538058516671865,1.74558857939938,0.4975
"10906",9,60,38,"AVS",0.654601643775231,1.93105249890424,0.3455
"10907",9,60,1,"EQW",1.11904301842103,2.44744873216915,0.5005
"10908",9,60,2,"EQW",1.73614175114488,2.84534780668357,0.7125
"10909",9,60,3,"EQW",1.00150957164825,2.2857974486145,0.5745
"10910",9,60,4,"EQW",0.978191687365676,2.17380067018561,0.6095
"10911",9,60,5,"EQW",4.77739407915804,4.08327415396919,0.0485
"10912",9,60,6,"EQW",1.75533957263249,2.76680308620332,0.761
"10913",9,60,7,"EQW",0.966933737099956,2.35563122986624,0.4345
"10914",9,60,8,"EQW",1.47772991175182,2.48456880498865,0.7455
"10915",9,60,9,"EQW",2.48142174937532,2.75460840349211,0.853
"10916",9,60,10,"EQW",4.73998852037525,3.8357405991411,0.961
"10917",9,60,11,"EQW",2.35808143707915,3.11996423905873,0.2715
"10918",9,60,12,"EQW",1.16456209929145,2.42643816891539,0.3675
"10919",9,60,13,"EQW",2.25770005993644,2.78587502159947,0.18
"10920",9,60,14,"EQW",1.05835796846325,2.36476618556098,0.385
"10921",9,60,15,"EQW",0.943413125959302,2.29620767344971,0.3995
"10922",9,60,16,"EQW",0.851534693866384,2.26152895456557,0.461
"10923",9,60,17,"EQW",0.82550559089069,2.11448651161782,0.4445
"10924",9,60,18,"EQW",1.53500130416897,2.39742332977517,0.2185
"10925",9,60,19,"EQW",0.74937096979161,2.11283731067701,0.458
"10926",9,60,20,"EQW",0.792754561704602,2.16981766447314,0.4025
"10927",9,60,21,"EQW",0.771806866309697,2.03681765705138,0.422
"10928",9,60,22,"EQW",0.86744812668064,2.10182054812073,0.6405
"10929",9,60,23,"EQW",1.14498037295909,2.18837471195686,0.7035
"10930",9,60,24,"EQW",1.50063329426189,2.36939813073038,0.7715
"10931",9,60,25,"EQW",0.882515963938263,2.27389310599681,0.4715
"10932",9,60,26,"EQW",0.933079448077994,2.27011311401736,0.388
"10933",9,60,27,"EQW",1.10058140261264,2.24401246537469,0.3015
"10934",9,60,28,"EQW",0.790128049296365,2.10475582706587,0.574
"10935",9,60,29,"EQW",0.768229893006742,2.17775906171046,0.4225
"10936",9,60,30,"EQW",1.15805598459754,2.15868465946897,0.266
"10937",9,60,31,"EQW",1.42815191649402,2.14524274928808,0.1785
"10938",9,60,32,"EQW",0.825239158331843,2.02780687293405,0.7005
"10939",9,60,33,"EQW",0.611189591894861,1.84890278139827,0.3765
"10940",9,60,34,"EQW",1.13497257548327,2.01368895727768,0.186
"10941",9,60,35,"EQW",0.57880223624838,1.62249983911018,0.357
"10942",9,60,36,"EQW",0.482337690461329,1.56148671590385,0.3815
"10943",9,60,37,"EQW",0.403343940038295,1.40479399389265,0.4205
"10944",9,60,38,"EQW",0.658745007940454,1.63012024962508,0.2345
"10945",9,60,1,"SGP",1.11904301842103,2.41688074159686,0.492
"10946",9,60,2,"SGP",2.12585765098504,2.80873686098098,0.864
"10947",9,60,3,"SGP",0.818567849300429,1.94244222274349,0.639
"10948",9,60,4,"SGP",0.932754452078078,1.97322946505901,0.7275
"10949",9,60,5,"SGP",5.21060271056423,4.77096887220234,0.0145
"10950",9,60,6,"SGP",2.4156800849458,2.8126997280945,0.8935
"10951",9,60,7,"SGP",0.838882161703649,2.08880370953141,0.3725
"10952",9,60,8,"SGP",1.20154487120616,2.3400342347544,0.7685
"10953",9,60,9,"SGP",1.85463537701507,2.62757636740298,0.8485
"10954",9,60,10,"SGP",3.55682964519146,3.44769008954252,0.955
"10955",9,60,11,"SGP",4.50559022790094,4.07210845096617,0.032
"10956",9,60,12,"SGP",1.1534239010093,2.22933464686923,0.2995
"10957",9,60,13,"SGP",2.45466138544779,2.72891262057021,0.1175
"10958",9,60,14,"SGP",0.902188460006877,2.21527418087473,0.35
"10959",9,60,15,"SGP",0.930902660767644,2.18958541797281,0.382
"10960",9,60,16,"SGP",0.876294029187589,2.11341939926521,0.357
"10961",9,60,17,"SGP",0.904867369322267,2.15428363829316,0.349
"10962",9,60,18,"SGP",1.95824262968622,2.53178082707931,0.1525
"10963",9,60,19,"SGP",0.727268921346676,2.06068196315603,0.4805
"10964",9,60,20,"SGP",0.873388037353742,2.17414516486065,0.375
"10965",9,60,21,"SGP",0.846034736558886,2.06222187119361,0.3665
"10966",9,60,22,"SGP",0.752978965150725,2.08532132916195,0.6535
"10967",9,60,23,"SGP",0.753349331431242,2.00209611565908,0.631
"10968",9,60,24,"SGP",0.820731907219046,2.05340800920965,0.651
"10969",9,60,25,"SGP",1.16957894229675,2.15886013525147,0.2495
"10970",9,60,26,"SGP",1.18771008703023,2.14657946875572,0.26
"10971",9,60,27,"SGP",1.20677187465787,2.19008661362647,0.2245
"10972",9,60,28,"SGP",0.779635919048751,2.03977743228375,0.634
"10973",9,60,29,"SGP",0.766873588189508,2.05121481371167,0.3655
"10974",9,60,30,"SGP",1.2630746658857,2.16506802318293,0.215
"10975",9,60,31,"SGP",1.20955276439166,2.20919279482409,0.2065
"10976",9,60,32,"SGP",1.22694838488564,2.19128556918264,0.797
"10977",9,60,33,"SGP",0.780675847616898,1.97915008553343,0.318
"10978",9,60,34,"SGP",1.14488738463653,2.08348860656919,0.23
"10979",9,60,35,"SGP",0.554540612944252,1.95900812540861,0.4805
"10980",9,60,36,"SGP",0.563978795411746,1.90357211411296,0.5005
"10981",9,60,37,"SGP",0.522703705663007,1.75356909658204,0.4865
"10982",9,60,38,"SGP",0.664228762218788,1.81955327553894,0.3365
"10983",9,60,1,"SGP50",1.11904301842103,2.37511908116434,0.5035
"10984",9,60,2,"SGP50",1.75335989181218,2.85044469667124,0.7355
"10985",9,60,3,"SGP50",0.986966732023792,2.31256518942274,0.584
"10986",9,60,4,"SGP50",0.965790533203857,2.20217876610929,0.6285
"10987",9,60,5,"SGP50",4.80841925698013,4.01803349692711,0.05
"10988",9,60,6,"SGP50",1.80902559470242,2.76411845011968,0.7695
"10989",9,60,7,"SGP50",0.949634807759887,2.27121958617529,0.4415
"10990",9,60,8,"SGP50",1.42029342846488,2.47072490294023,0.7195
"10991",9,60,9,"SGP50",2.35832391819767,2.87511705013414,0.854
"10992",9,60,10,"SGP50",4.52184206404064,3.6541119192216,0.963
"10993",9,60,11,"SGP50",2.63253411971184,3.1920545071666,0.2315
"10994",9,60,12,"SGP50",1.16861478752095,2.36667391584755,0.3645
"10995",9,60,13,"SGP50",2.3087973226933,2.79102781032443,0.161
"10996",9,60,14,"SGP50",1.03407603977894,2.29758829037537,0.362
"10997",9,60,15,"SGP50",0.939642450179857,2.29877612543034,0.41
"10998",9,60,16,"SGP50",0.854545872157111,2.23421023456398,0.4325
"10999",9,60,17,"SGP50",0.835838703284035,2.14249722516897,0.419
"11000",9,60,18,"SGP50",1.6330850866317,2.44804237822656,0.2015
"11001",9,60,19,"SGP50",0.753621034848196,2.11312104965483,0.4545
"11002",9,60,20,"SGP50",0.820580622391049,2.09602280816937,0.3835
"11003",9,60,21,"SGP50",0.801402461627166,2.08247654200743,0.3935
"11004",9,60,22,"SGP50",0.826314877258175,2.09164444724431,0.631
"11005",9,60,23,"SGP50",1.03988292725037,2.13635227848314,0.6965
"11006",9,60,24,"SGP50",1.33388685729264,2.25432297698145,0.7695
"11007",9,60,25,"SGP50",0.874828789692784,2.2075037873286,0.4285
"11008",9,60,26,"SGP50",0.98238644405857,2.22590125035813,0.3405
"11009",9,60,27,"SGP50",1.17355174704965,2.34326152669023,0.269
"11010",9,60,28,"SGP50",0.76431263051758,2.14145236644739,0.5825
"11011",9,60,29,"SGP50",0.78602791169708,2.06249319096858,0.384
"11012",9,60,30,"SGP50",1.23753487231153,2.20097946535913,0.2515
"11013",9,60,31,"SGP50",1.45406619790673,2.21543718377135,0.179
"11014",9,60,32,"SGP50",0.865034713165716,2.05608095906532,0.702
"11015",9,60,33,"SGP50",0.643913708429235,1.76254121406623,0.3715
"11016",9,60,34,"SGP50",1.16574974482442,2.03022558356384,0.156
"11017",9,60,35,"SGP50",0.581980039242607,1.76043085045847,0.3545
"11018",9,60,36,"SGP50",0.495555145560884,1.59693323726453,0.416
"11019",9,60,37,"SGP50",0.419145112977556,1.4105868486631,0.464
"11020",9,60,38,"SGP50",0.66803709861777,1.56995503555145,0.258
